method,seed,scenario_key,campaign_size,coordination_strength,tp,fp,tn,fn,precision,recall,f1,fpr,fnr,roc_auc,pr_auc,weak_malicious_recovered,weak_benign_promoted,vehicle_precision,vehicle_recall,vehicle_f1,attacked_vehicles_recovered,benign_vehicles_incorrectly_included,campaign_detection_rate,campaign_precision,campaign_recall,campaign_f1,false_campaign_alert_rate,n_detected_campaign_clusters,n_ground_truth_campaigns,incorrect_campaign_merging,coordinated_events,runtime_graph_construction_sec,runtime_gnn_inference_sec,runtime_clustering_sec,runtime_total_sec,run_id,unique_edges,pyg_stored_edges,average_degree,cross_vehicle_edge_percentage,graph_build_time,inference_time,scenario,similarity_threshold,max_neighbors,attack_strength
fcgnn,101,S3_strong_campaign,5,1.0,5,15,0,0,0.125,1.0,0.2222222222222222,1.0,0.0,0.8953142857142857,0.4488686057556883,0,112,0.25,1.0,0.4,5,15,1.0,1.0,1.0,1.0,1.0,1,2,0,32,0.0347449999535456,0.0530339580145664,0.0026853749877773,0.0993726250017061,edge_S3_seed101_tau0p75_k10,1311,2622,13.11,5.7208,0.034324,0.0530339580145664,S3,0.75,10,strong
fcgnn,101,S3_strong_campaign,5,1.0,5,15,0,0,0.125,1.0,0.2222222222222222,1.0,0.0,0.8953142857142857,0.4488686057556883,0,112,0.25,1.0,0.4,5,15,1.0,1.0,1.0,1.0,1.0,1,2,0,32,0.0338507909909822,0.0554429999901913,0.0028782919980585,0.1008989170077256,edge_S3_seed101_tau0p75_k25,1311,2622,13.11,5.7208,0.033161,0.0554429999901913,S3,0.75,25,strong
fcgnn,101,S3_strong_campaign,5,1.0,5,15,0,0,0.125,1.0,0.2222222222222222,1.0,0.0,0.8953142857142857,0.4488686057556883,0,112,0.25,1.0,0.4,5,15,1.0,0.5,1.0,0.6666666666666666,1.0,2,2,0,36,0.0296856660279445,0.0435330840409733,0.0027958339778706,0.084223749989178,edge_S3_seed101_tau0p75_k5,814,1628,8.14,2.457,0.029271,0.0435330840409733,S3,0.75,5,strong
fcgnn,101,S3_strong_campaign,5,1.0,5,15,0,0,0.125,1.0,0.2222222222222222,1.0,0.0,0.8953142857142857,0.4488686057556883,0,112,0.25,1.0,0.4,5,15,1.0,1.0,1.0,1.0,1.0,1,2,0,32,0.0337912919931113,0.055760083021596,0.0029993749922141,0.1012046669493429,edge_S3_seed101_tau0p75_k50,1311,2622,13.11,5.7208,0.033352,0.055760083021596,S3,0.75,50,strong
fcgnn,101,S3_strong_campaign,5,1.0,5,15,0,0,0.125,1.0,0.2222222222222222,1.0,0.0,0.8953142857142857,0.4488686057556883,0,112,0.25,1.0,0.4,5,15,1.0,1.0,1.0,1.0,1.0,1,2,0,33,0.0331750000477768,0.0579809159971773,0.0026468330179341,0.1024012500420212,edge_S3_seed101_tau0p80_k10,1259,2518,12.59,5.9571,0.032747,0.0579809159971773,S3,0.8,10,strong
fcgnn,101,S3_strong_campaign,5,1.0,5,15,0,0,0.125,1.0,0.2222222222222222,1.0,0.0,0.8953142857142857,0.4488686057556883,0,112,0.25,1.0,0.4,5,15,1.0,1.0,1.0,1.0,1.0,1,2,0,33,0.0343704170081764,0.0526379580260254,0.002529332996346,0.0987056670128367,edge_S3_seed101_tau0p80_k25,1259,2518,12.59,5.9571,0.033918,0.0526379580260254,S3,0.8,25,strong
fcgnn,101,S3_strong_campaign,5,1.0,5,15,0,0,0.125,1.0,0.2222222222222222,1.0,0.0,0.8953142857142857,0.4488686057556883,0,112,0.25,1.0,0.4,5,15,1.0,0.5,1.0,0.6666666666666666,1.0,2,2,0,39,0.0275239999755285,0.0436297090491279,0.0026542500127106,0.0829217920545488,edge_S3_seed101_tau0p80_k5,779,1558,7.79,2.5674,0.027116,0.0436297090491279,S3,0.8,5,strong
fcgnn,101,S3_strong_campaign,5,1.0,5,15,0,0,0.125,1.0,0.2222222222222222,1.0,0.0,0.8953142857142857,0.4488686057556883,0,112,0.25,1.0,0.4,5,15,1.0,1.0,1.0,1.0,1.0,1,2,0,33,0.0340227920096367,0.0536135000293143,0.0027802499826066,0.0992748329881578,edge_S3_seed101_tau0p80_k50,1259,2518,12.59,5.9571,0.033602,0.0536135000293143,S3,0.8,50,strong
fcgnn,101,S3_strong_campaign,5,1.0,5,15,0,0,0.125,1.0,0.2222222222222222,1.0,0.0,0.8953142857142857,0.4488686057556883,0,112,0.25,1.0,0.4,5,15,1.0,0.5,1.0,0.6666666666666666,1.0,2,2,0,47,0.0439566670102067,0.0598352090455591,0.0031632500467821,0.1184701250167563,edge_S3_seed101_tau0p85_k10,1187,2374,11.87,6.3184,0.043472,0.0598352090455591,S3,0.85,10,strong
fcgnn,101,S3_strong_campaign,5,1.0,5,15,0,0,0.125,1.0,0.2222222222222222,1.0,0.0,0.8953142857142857,0.4488686057556883,0,112,0.25,1.0,0.4,5,15,1.0,0.5,1.0,0.6666666666666666,1.0,2,2,0,47,0.0353259170078672,0.0596750829718075,0.0029048330034129,0.1075011669890955,edge_S3_seed101_tau0p85_k25,1187,2374,11.87,6.3184,0.034807,0.0596750829718075,S3,0.85,25,strong
fcgnn,101,S3_strong_campaign,5,1.0,5,15,0,0,0.125,1.0,0.2222222222222222,1.0,0.0,0.8953142857142857,0.4488686057556883,0,112,0.25,1.0,0.4,5,15,1.0,1.0,1.0,1.0,1.0,1,2,0,31,0.0300312080071307,0.0453238330082967,0.0031003329786472,0.093668500019703,edge_S3_seed101_tau0p85_k5,728,1456,7.28,2.7473,0.029424,0.0453238330082967,S3,0.85,5,strong
fcgnn,101,S3_strong_campaign,5,1.0,5,15,0,0,0.125,1.0,0.2222222222222222,1.0,0.0,0.8953142857142857,0.4488686057556883,0,112,0.25,1.0,0.4,5,15,1.0,0.5,1.0,0.6666666666666666,1.0,2,2,0,47,0.0333572090021334,0.0526236669975332,0.0029759590397588,0.0980589169776067,edge_S3_seed101_tau0p85_k50,1187,2374,11.87,6.3184,0.032935,0.0526236669975332,S3,0.85,50,strong
fcgnn,101,S3_strong_campaign,5,1.0,5,15,0,0,0.125,1.0,0.2222222222222222,1.0,0.0,0.8953142857142857,0.4488686057556883,0,112,0.25,1.0,0.4,5,15,1.0,0.5,1.0,0.6666666666666666,1.0,2,2,0,49,0.0375453329761512,0.056128374999389,0.0031880420283414,0.1066697080386802,edge_S3_seed101_tau0p90_k10,1066,2132,10.66,7.0356,0.03713,0.056128374999389,S3,0.9,10,strong
fcgnn,101,S3_strong_campaign,5,1.0,5,15,0,0,0.125,1.0,0.2222222222222222,1.0,0.0,0.8953142857142857,0.4488686057556883,0,112,0.25,1.0,0.4,5,15,1.0,0.5,1.0,0.6666666666666666,1.0,2,2,0,49,0.03464587504277,0.0562401670031249,0.0038186250021681,0.1086540829855948,edge_S3_seed101_tau0p90_k25,1066,2132,10.66,7.0356,0.034226,0.0562401670031249,S3,0.9,25,strong
fcgnn,101,S3_strong_campaign,5,1.0,5,15,0,0,0.125,1.0,0.2222222222222222,1.0,0.0,0.8953142857142857,0.4488686057556883,0,112,0.25,1.0,0.4,5,15,1.0,1.0,1.0,1.0,1.0,1,2,0,30,0.0306966659845784,0.0432361249695532,0.0024515420082025,0.0851148750516586,edge_S3_seed101_tau0p90_k5,652,1304,6.52,3.0675,0.030285,0.0432361249695532,S3,0.9,5,strong
fcgnn,101,S3_strong_campaign,5,1.0,5,15,0,0,0.125,1.0,0.2222222222222222,1.0,0.0,0.8953142857142857,0.4488686057556883,0,112,0.25,1.0,0.4,5,15,1.0,0.5,1.0,0.6666666666666666,1.0,2,2,0,49,0.0361661249771714,0.0624664580100216,0.003470291965641,0.112960333994124,edge_S3_seed101_tau0p90_k50,1066,2132,10.66,7.0356,0.035746,0.0624664580100216,S3,0.9,50,strong
fcgnn,101,S3_strong_campaign,5,1.0,5,15,0,0,0.125,1.0,0.2222222222222222,1.0,0.0,0.8953142857142857,0.4488686057556883,0,112,0.25,1.0,0.4,5,15,1.0,0.5,1.0,0.6666666666666666,1.0,2,2,0,49,0.035707667004317,0.0498354589799419,0.0027581249596551,0.0987580000073649,edge_S3_seed101_tau0p95_k10,763,1526,7.63,9.8296,0.035212,0.0498354589799419,S3,0.95,10,strong
fcgnn,101,S3_strong_campaign,5,1.0,5,15,0,0,0.125,1.0,0.2222222222222222,1.0,0.0,0.8953142857142857,0.4488686057556883,0,112,0.25,1.0,0.4,5,15,1.0,0.5,1.0,0.6666666666666666,1.0,2,2,0,49,0.0316672920016571,0.0441669999854639,0.0029800409683957,0.0878058749949559,edge_S3_seed101_tau0p95_k25,763,1526,7.63,9.8296,0.031241,0.0441669999854639,S3,0.95,25,strong
fcgnn,101,S3_strong_campaign,5,1.0,5,15,0,0,0.125,1.0,0.2222222222222222,1.0,0.0,0.8953142857142857,0.4488686057556883,0,112,0.25,1.0,0.4,5,15,1.0,1.0,1.0,1.0,1.0,1,2,0,31,0.0303827909519895,0.0378671669750474,0.0040153330191969,0.0821355000371113,edge_S3_seed101_tau0p95_k5,505,1010,5.05,3.9604,0.029971,0.0378671669750474,S3,0.95,5,strong
fcgnn,101,S3_strong_campaign,5,1.0,5,15,0,0,0.125,1.0,0.2222222222222222,1.0,0.0,0.8953142857142857,0.4488686057556883,0,112,0.25,1.0,0.4,5,15,1.0,0.5,1.0,0.6666666666666666,1.0,2,2,0,49,0.0327815419877879,0.0453616249724291,0.0030439580441452,0.0900958749698475,edge_S3_seed101_tau0p95_k50,763,1526,7.63,9.8296,0.032369,0.0453616249724291,S3,0.95,50,strong
fcgnn,11,S3_strong_campaign,5,1.0,5,15,0,0,0.125,1.0,0.2222222222222222,1.0,0.0,0.8749714285714286,0.4247126117425795,0,98,0.25,1.0,0.4,5,15,1.0,1.0,1.0,1.0,1.0,1,2,0,20,0.0335504160029813,0.0506415830459445,0.0028408339712768,0.0954595830407925,edge_S3_seed11_tau0p75_k10,1269,2538,12.69,11.0323,0.033136,0.0506415830459445,S3,0.75,10,strong
fcgnn,11,S3_strong_campaign,5,1.0,5,15,0,0,0.125,1.0,0.2222222222222222,1.0,0.0,0.8749714285714286,0.4247126117425795,0,98,0.25,1.0,0.4,5,15,1.0,1.0,1.0,1.0,1.0,1,2,0,20,0.0325447919894941,0.0478341659763827,0.0026445830008015,0.0909809580189175,edge_S3_seed11_tau0p75_k25,1269,2538,12.69,11.0323,0.032041,0.0478341659763827,S3,0.75,25,strong
fcgnn,11,S3_strong_campaign,5,1.0,5,15,0,0,0.125,1.0,0.2222222222222222,1.0,0.0,0.8749714285714286,0.4247126117425795,0,98,0.25,1.0,0.4,5,15,1.0,1.0,1.0,1.0,1.0,1,2,0,28,0.0296201250166632,0.0402041670167818,0.0030249999836087,0.0817691250122152,edge_S3_seed11_tau0p75_k5,817,1634,8.17,7.2215,0.028787,0.0402041670167818,S3,0.75,5,strong
fcgnn,11,S3_strong_campaign,5,1.0,5,15,0,0,0.125,1.0,0.2222222222222222,1.0,0.0,0.8749714285714286,0.4247126117425795,0,98,0.25,1.0,0.4,5,15,1.0,1.0,1.0,1.0,1.0,1,2,0,20,0.0316825420013628,0.0478971660486422,0.0027203749632462,0.0907981670461595,edge_S3_seed11_tau0p75_k50,1269,2538,12.69,11.0323,0.03128,0.0478971660486422,S3,0.75,50,strong
fcgnn,11,S3_strong_campaign,5,1.0,5,15,0,0,0.125,1.0,0.2222222222222222,1.0,0.0,0.8749714285714286,0.4247126117425795,0,98,0.25,1.0,0.4,5,15,1.0,0.5,1.0,0.6666666666666666,1.0,2,2,0,31,0.0328268749872222,0.0535238749580457,0.0032177499961107,0.0977661669603549,edge_S3_seed11_tau0p80_k10,1211,2422,12.11,11.5607,0.032421,0.0535238749580457,S3,0.8,10,strong
fcgnn,11,S3_strong_campaign,5,1.0,5,15,0,0,0.125,1.0,0.2222222222222222,1.0,0.0,0.8749714285714286,0.4247126117425795,0,98,0.25,1.0,0.4,5,15,1.0,0.5,1.0,0.6666666666666666,1.0,2,2,0,31,0.0329340420430526,0.0627336250036023,0.0033248750260099,0.1101011669961735,edge_S3_seed11_tau0p80_k25,1211,2422,12.11,11.5607,0.032528,0.0627336250036023,S3,0.8,25,strong
fcgnn,11,S3_strong_campaign,5,1.0,5,15,0,0,0.125,1.0,0.2222222222222222,1.0,0.0,0.8749714285714286,0.4247126117425795,0,98,0.25,1.0,0.4,5,15,1.0,0.5,1.0,0.6666666666666666,1.0,2,2,0,32,0.028003167011775,0.0401603329810313,0.0024604999925941,0.0785270420019514,edge_S3_seed11_tau0p80_k5,778,1556,7.78,7.5835,0.027624,0.0401603329810313,S3,0.8,5,strong
fcgnn,11,S3_strong_campaign,5,1.0,5,15,0,0,0.125,1.0,0.2222222222222222,1.0,0.0,0.8749714285714286,0.4247126117425795,0,98,0.25,1.0,0.4,5,15,1.0,0.5,1.0,0.6666666666666666,1.0,2,2,0,31,0.0339812919846735,0.0550803329679183,0.0032678330317139,0.1014737500227056,edge_S3_seed11_tau0p80_k50,1211,2422,12.11,11.5607,0.033468,0.0550803329679183,S3,0.8,50,strong
fcgnn,11,S3_strong_campaign,5,1.0,5,15,0,0,0.125,1.0,0.2222222222222222,1.0,0.0,0.8749714285714286,0.4247126117425795,0,98,0.25,1.0,0.4,5,15,1.0,1.0,1.0,1.0,1.0,1,2,0,13,0.0346799999824725,0.0542445830069482,0.003294416994322,0.1010508750332519,edge_S3_seed11_tau0p85_k10,1105,2210,11.05,12.6697,0.034175,0.0542445830069482,S3,0.85,10,strong
fcgnn,11,S3_strong_campaign,5,1.0,5,15,0,0,0.125,1.0,0.2222222222222222,1.0,0.0,0.8749714285714286,0.4247126117425795,0,98,0.25,1.0,0.4,5,15,1.0,1.0,1.0,1.0,1.0,1,2,0,13,0.0334436250268481,0.0569676660234108,0.0029334999853745,0.1021526660188101,edge_S3_seed11_tau0p85_k25,1105,2210,11.05,12.6697,0.033009,0.0569676660234108,S3,0.85,25,strong
fcgnn,11,S3_strong_campaign,5,1.0,5,15,0,0,0.125,1.0,0.2222222222222222,1.0,0.0,0.8749714285714286,0.4247126117425795,0,98,0.25,1.0,0.4,5,15,1.0,0.5,1.0,0.6666666666666666,1.0,2,2,0,37,0.0286259580170735,0.0389176669996231,0.002503625000827,0.0783179580466821,edge_S3_seed11_tau0p85_k5,706,1412,7.06,8.3569,0.028165,0.0389176669996231,S3,0.85,5,strong
fcgnn,11,S3_strong_campaign,5,1.0,5,15,0,0,0.125,1.0,0.2222222222222222,1.0,0.0,0.8749714285714286,0.4247126117425795,0,98,0.25,1.0,0.4,5,15,1.0,1.0,1.0,1.0,1.0,1,2,0,13,0.0321335829794406,0.0485915409517474,0.0028832500101998,0.0927080420078709,edge_S3_seed11_tau0p85_k50,1105,2210,11.05,12.6697,0.031731,0.0485915409517474,S3,0.85,50,strong
fcgnn,11,S3_strong_campaign,5,1.0,5,15,0,0,0.125,1.0,0.2222222222222222,1.0,0.0,0.8749714285714286,0.4247126117425795,0,98,0.25,1.0,0.4,5,15,1.0,0.5,1.0,0.6666666666666666,1.0,2,2,0,40,0.0313305830350145,0.0402923329966142,0.0033533329842612,0.0833412080537527,edge_S3_seed11_tau0p90_k10,969,1938,9.69,14.4479,0.030939,0.0402923329966142,S3,0.9,10,strong
fcgnn,11,S3_strong_campaign,5,1.0,5,15,0,0,0.125,1.0,0.2222222222222222,1.0,0.0,0.8749714285714286,0.4247126117425795,0,98,0.25,1.0,0.4,5,15,1.0,0.5,1.0,0.6666666666666666,1.0,2,2,0,40,0.0323835000162944,0.0446341670467518,0.0031474579591304,0.089381041994784,edge_S3_seed11_tau0p90_k25,969,1938,9.69,14.4479,0.031991,0.0446341670467518,S3,0.9,25,strong
fcgnn,11,S3_strong_campaign,5,1.0,5,15,0,0,0.125,1.0,0.2222222222222222,1.0,0.0,0.8749714285714286,0.4247126117425795,0,98,0.25,1.0,0.4,5,15,1.0,1.0,1.0,1.0,1.0,1,2,0,29,0.0278071250068023,0.0406597499968484,0.0025798329734243,0.0796380420215427,edge_S3_seed11_tau0p90_k5,620,1240,6.2,9.5161,0.027351,0.0406597499968484,S3,0.9,5,strong
fcgnn,11,S3_strong_campaign,5,1.0,5,15,0,0,0.125,1.0,0.2222222222222222,1.0,0.0,0.8749714285714286,0.4247126117425795,0,98,0.25,1.0,0.4,5,15,1.0,0.5,1.0,0.6666666666666666,1.0,2,2,0,40,0.0474724170053377,0.0427861249772831,0.0031509999535046,0.1023754169582389,edge_S3_seed11_tau0p90_k50,969,1938,9.69,14.4479,0.046864,0.0427861249772831,S3,0.9,50,strong
fcgnn,11,S3_strong_campaign,5,1.0,5,15,0,0,0.125,1.0,0.2222222222222222,1.0,0.0,0.8749714285714286,0.4247126117425795,0,98,0.25,1.0,0.4,5,15,1.0,0.0,1.0,0.0,1.0,3,2,0,48,0.0329861670034006,0.04939999995986,0.0034186249831691,0.0945473329629749,edge_S3_seed11_tau0p95_k10,672,1344,6.72,20.8333,0.032586,0.04939999995986,S3,0.95,10,strong
fcgnn,11,S3_strong_campaign,5,1.0,5,15,0,0,0.125,1.0,0.2222222222222222,1.0,0.0,0.8749714285714286,0.4247126117425795,0,98,0.25,1.0,0.4,5,15,1.0,0.0,1.0,0.0,1.0,3,2,0,48,0.0317658329731784,0.0392303749686107,0.0031586660188622,0.0828083750093355,edge_S3_seed11_tau0p95_k25,672,1344,6.72,20.8333,0.031369,0.0392303749686107,S3,0.95,25,strong
fcgnn,11,S3_strong_campaign,5,1.0,5,15,0,0,0.125,1.0,0.2222222222222222,1.0,0.0,0.8749714285714286,0.4247126117425795,0,98,0.25,1.0,0.4,5,15,1.0,1.0,1.0,1.0,1.0,1,2,0,30,0.031259458977729,0.0395003329613246,0.0025992500013671,0.0839439590345136,edge_S3_seed11_tau0p95_k5,460,920,4.6,12.8261,0.030666,0.0395003329613246,S3,0.95,5,strong
fcgnn,11,S3_strong_campaign,5,1.0,5,15,0,0,0.125,1.0,0.2222222222222222,1.0,0.0,0.8749714285714286,0.4247126117425795,0,98,0.25,1.0,0.4,5,15,1.0,0.0,1.0,0.0,1.0,3,2,0,48,0.0306950840167701,0.0455073330085724,0.0029574169893749,0.0886433329433202,edge_S3_seed11_tau0p95_k50,672,1344,6.72,20.8333,0.030271,0.0455073330085724,S3,0.95,50,strong
fcgnn,23,S3_strong_campaign,5,1.0,5,15,0,0,0.125,1.0,0.2222222222222222,1.0,0.0,0.8300571428571428,0.3896175445821414,0,93,0.25,1.0,0.4,5,15,1.0,1.0,1.0,1.0,1.0,1,2,0,37,0.0337802080321125,0.051942708028946,0.0033781249658204,0.0981182919931598,edge_S3_seed23_tau0p75_k10,1267,2534,12.67,5.6827,0.033351,0.051942708028946,S3,0.75,10,strong
fcgnn,23,S3_strong_campaign,5,1.0,5,15,0,0,0.125,1.0,0.2222222222222222,1.0,0.0,0.8300571428571428,0.3896175445821414,0,93,0.25,1.0,0.4,5,15,1.0,1.0,1.0,1.0,1.0,1,2,0,37,0.0322594169992953,0.0501579170231707,0.0031968330149538,0.0950601670192554,edge_S3_seed23_tau0p75_k25,1267,2534,12.67,5.6827,0.031847,0.0501579170231707,S3,0.75,25,strong
fcgnn,23,S3_strong_campaign,5,1.0,5,15,0,0,0.125,1.0,0.2222222222222222,1.0,0.0,0.8300571428571428,0.3896175445821414,0,93,0.25,1.0,0.4,5,15,1.0,1.0,1.0,1.0,1.0,1,2,0,30,0.028753750026226,0.0410552090033888,0.0027883750153705,0.0810346250073053,edge_S3_seed23_tau0p75_k5,775,1550,7.75,2.8387,0.028373,0.0410552090033888,S3,0.75,5,strong
fcgnn,23,S3_strong_campaign,5,1.0,5,15,0,0,0.125,1.0,0.2222222222222222,1.0,0.0,0.8300571428571428,0.3896175445821414,0,93,0.25,1.0,0.4,5,15,1.0,1.0,1.0,1.0,1.0,1,2,0,37,0.0357144579757005,0.0621301250066608,0.0038662500446662,0.1114492090418934,edge_S3_seed23_tau0p75_k50,1267,2534,12.67,5.6827,0.035238,0.0621301250066608,S3,0.75,50,strong
fcgnn,23,S3_strong_campaign,5,1.0,5,15,0,0,0.125,1.0,0.2222222222222222,1.0,0.0,0.8300571428571428,0.3896175445821414,0,93,0.25,1.0,0.4,5,15,1.0,0.0,1.0,0.0,1.0,4,2,0,74,0.0352332920301705,0.0575547500047832,0.0034927919623441,0.1052840409683995,edge_S3_seed23_tau0p80_k10,1219,2438,12.19,5.9065,0.034818,0.0575547500047832,S3,0.8,10,strong
fcgnn,23,S3_strong_campaign,5,1.0,5,15,0,0,0.125,1.0,0.2222222222222222,1.0,0.0,0.8300571428571428,0.3896175445821414,0,93,0.25,1.0,0.4,5,15,1.0,0.0,1.0,0.0,1.0,4,2,0,74,0.0335971660097129,0.0613308750325813,0.0040149170090444,0.1528409580350853,edge_S3_seed23_tau0p80_k25,1219,2438,12.19,5.9065,0.033151,0.0613308750325813,S3,0.8,25,strong
fcgnn,23,S3_strong_campaign,5,1.0,5,15,0,0,0.125,1.0,0.2222222222222222,1.0,0.0,0.8300571428571428,0.3896175445821414,0,93,0.25,1.0,0.4,5,15,1.0,1.0,1.0,1.0,1.0,1,2,0,30,0.0313128750422038,0.0610743329743854,0.0026584580191411,0.1049303330364637,edge_S3_seed23_tau0p80_k5,743,1486,7.43,2.961,0.030808,0.0610743329743854,S3,0.8,5,strong
fcgnn,23,S3_strong_campaign,5,1.0,5,15,0,0,0.125,1.0,0.2222222222222222,1.0,0.0,0.8300571428571428,0.3896175445821414,0,93,0.25,1.0,0.4,5,15,1.0,0.0,1.0,0.0,1.0,4,2,0,74,0.0870223329984583,0.1131972500006668,0.0041851249989122,0.2149939169757999,edge_S3_seed23_tau0p80_k50,1219,2438,12.19,5.9065,0.086238,0.1131972500006668,S3,0.8,50,strong
fcgnn,23,S3_strong_campaign,5,1.0,5,15,0,0,0.125,1.0,0.2222222222222222,1.0,0.0,0.8300571428571428,0.3896175445821414,0,93,0.25,1.0,0.4,5,15,1.0,0.0,1.0,0.0,1.0,3,2,0,62,0.0495980419800616,0.0564272080082446,0.0040215419721789,0.1216343750129453,edge_S3_seed23_tau0p85_k10,1133,2266,11.33,6.3548,0.049172,0.0564272080082446,S3,0.85,10,strong
fcgnn,23,S3_strong_campaign,5,1.0,5,15,0,0,0.125,1.0,0.2222222222222222,1.0,0.0,0.8300571428571428,0.3896175445821414,0,93,0.25,1.0,0.4,5,15,1.0,0.0,1.0,0.0,1.0,3,2,0,62,0.034110624983441,0.0519083749968558,0.0031427090289071,0.0978787919739261,edge_S3_seed23_tau0p85_k25,1133,2266,11.33,6.3548,0.033687,0.0519083749968558,S3,0.85,25,strong
fcgnn,23,S3_strong_campaign,5,1.0,5,15,0,0,0.125,1.0,0.2222222222222222,1.0,0.0,0.8300571428571428,0.3896175445821414,0,93,0.25,1.0,0.4,5,15,1.0,1.0,1.0,1.0,1.0,1,2,0,30,0.0435197080369107,0.0474258750327862,0.0026617089752107,0.1028273749980144,edge_S3_seed23_tau0p85_k5,699,1398,6.99,3.1474,0.043104,0.0474258750327862,S3,0.85,5,strong
fcgnn,23,S3_strong_campaign,5,1.0,5,15,0,0,0.125,1.0,0.2222222222222222,1.0,0.0,0.8300571428571428,0.3896175445821414,0,93,0.25,1.0,0.4,5,15,1.0,0.0,1.0,0.0,1.0,3,2,0,62,0.0327531250077299,0.0480188330402597,0.0032609580084681,0.09281333303079,edge_S3_seed23_tau0p85_k50,1133,2266,11.33,6.3548,0.032345,0.0480188330402597,S3,0.85,50,strong
fcgnn,23,S3_strong_campaign,5,1.0,5,15,0,0,0.125,1.0,0.2222222222222222,1.0,0.0,0.8300571428571428,0.3896175445821414,0,93,0.25,1.0,0.4,5,15,1.0,1.0,1.0,1.0,1.0,1,2,0,25,0.0365282919956371,0.0441165409865789,0.0026038339710794,0.091993750014808,edge_S3_seed23_tau0p90_k10,993,1986,9.93,7.2508,0.036002,0.0441165409865789,S3,0.9,10,strong
fcgnn,23,S3_strong_campaign,5,1.0,5,15,0,0,0.125,1.0,0.2222222222222222,1.0,0.0,0.8300571428571428,0.3896175445821414,0,93,0.25,1.0,0.4,5,15,1.0,1.0,1.0,1.0,1.0,1,2,0,25,0.0362247920129448,0.0502232080325484,0.0027026669704355,0.0976377500337548,edge_S3_seed23_tau0p90_k25,993,1986,9.93,7.2508,0.035764,0.0502232080325484,S3,0.9,25,strong
fcgnn,23,S3_strong_campaign,5,1.0,5,15,0,0,0.125,1.0,0.2222222222222222,1.0,0.0,0.8300571428571428,0.3896175445821414,0,93,0.25,1.0,0.4,5,15,1.0,1.0,1.0,1.0,1.0,1,2,0,30,0.0280364580103196,0.0382016669609583,0.0022032909910194,0.0768794169998727,edge_S3_seed23_tau0p90_k5,622,1244,6.22,3.537,0.027656,0.0382016669609583,S3,0.9,5,strong
fcgnn,23,S3_strong_campaign,5,1.0,5,15,0,0,0.125,1.0,0.2222222222222222,1.0,0.0,0.8300571428571428,0.3896175445821414,0,93,0.25,1.0,0.4,5,15,1.0,1.0,1.0,1.0,1.0,1,2,0,25,0.033638458000496,0.0439636660157702,0.0033077920088544,0.0898672919720411,edge_S3_seed23_tau0p90_k50,993,1986,9.93,7.2508,0.033202,0.0439636660157702,S3,0.9,50,strong
fcgnn,23,S3_strong_campaign,5,1.0,5,15,0,0,0.125,1.0,0.2222222222222222,1.0,0.0,0.8300571428571428,0.3896175445821414,0,93,0.25,1.0,0.4,5,15,1.0,0.0,1.0,0.0,1.0,3,2,0,48,0.0349805839941836,0.0424496670020744,0.0029678749851882,0.0892166669946163,edge_S3_seed23_tau0p95_k10,730,1460,7.3,9.863,0.034422,0.0424496670020744,S3,0.95,10,strong
fcgnn,23,S3_strong_campaign,5,1.0,5,15,0,0,0.125,1.0,0.2222222222222222,1.0,0.0,0.8300571428571428,0.3896175445821414,0,93,0.25,1.0,0.4,5,15,1.0,0.0,1.0,0.0,1.0,3,2,0,48,0.0328338330145925,0.0394129159976728,0.0036666669766418,0.0845361669780686,edge_S3_seed23_tau0p95_k25,730,1460,7.3,9.863,0.032423,0.0394129159976728,S3,0.95,25,strong
fcgnn,23,S3_strong_campaign,5,1.0,5,15,0,0,0.125,1.0,0.2222222222222222,1.0,0.0,0.8300571428571428,0.3896175445821414,0,93,0.25,1.0,0.4,5,15,1.0,1.0,1.0,1.0,1.0,1,2,0,30,0.0286964590195566,0.0332731660455465,0.0024394170031882,0.0724669579649344,edge_S3_seed23_tau0p95_k5,488,976,4.88,4.5082,0.028188,0.0332731660455465,S3,0.95,5,strong
fcgnn,23,S3_strong_campaign,5,1.0,5,15,0,0,0.125,1.0,0.2222222222222222,1.0,0.0,0.8300571428571428,0.3896175445821414,0,93,0.25,1.0,0.4,5,15,1.0,0.0,1.0,0.0,1.0,3,2,0,48,0.0307248750468716,0.0405257919919677,0.0028915829607285,0.0826013330370187,edge_S3_seed23_tau0p95_k50,730,1460,7.3,9.863,0.030333,0.0405257919919677,S3,0.95,50,strong
fcgnn,37,S3_strong_campaign,5,1.0,5,15,0,0,0.125,1.0,0.2222222222222222,1.0,0.0,0.8400000000000001,0.3815299419108788,0,85,0.25,1.0,0.4,5,15,1.0,1.0,1.0,1.0,1.0,1,2,0,43,0.0334662080276757,0.0521823749877512,0.0031419160077348,0.0973503339919261,edge_S3_seed37_tau0p75_k10,1209,2418,12.09,11.9934,0.032966,0.0521823749877512,S3,0.75,10,strong
fcgnn,37,S3_strong_campaign,5,1.0,5,15,0,0,0.125,1.0,0.2222222222222222,1.0,0.0,0.8400000000000001,0.3815299419108788,0,85,0.25,1.0,0.4,5,15,1.0,1.0,1.0,1.0,1.0,1,2,0,43,0.0341790000093169,0.0541979590198025,0.0029865829856134,0.1005823329905979,edge_S3_seed37_tau0p75_k25,1209,2418,12.09,11.9934,0.033771,0.0541979590198025,S3,0.75,25,strong
fcgnn,37,S3_strong_campaign,5,1.0,5,15,0,0,0.125,1.0,0.2222222222222222,1.0,0.0,0.8400000000000001,0.3815299419108788,0,85,0.25,1.0,0.4,5,15,1.0,1.0,1.0,1.0,1.0,1,2,0,39,0.0287757500191219,0.0400259590242058,0.0035006250254809,0.0815565410302952,edge_S3_seed37_tau0p75_k5,765,1530,7.65,8.1046,0.02839,0.0400259590242058,S3,0.75,5,strong
fcgnn,37,S3_strong_campaign,5,1.0,5,15,0,0,0.125,1.0,0.2222222222222222,1.0,0.0,0.8400000000000001,0.3815299419108788,0,85,0.25,1.0,0.4,5,15,1.0,1.0,1.0,1.0,1.0,1,2,0,43,0.0319948340184055,0.0536670830333605,0.0029147919849492,0.0974341660039499,edge_S3_seed37_tau0p75_k50,1209,2418,12.09,11.9934,0.031588,0.0536670830333605,S3,0.75,50,strong
fcgnn,37,S3_strong_campaign,5,1.0,5,15,0,0,0.125,1.0,0.2222222222222222,1.0,0.0,0.8400000000000001,0.3815299419108788,0,85,0.25,1.0,0.4,5,15,1.0,1.0,1.0,1.0,1.0,1,2,0,44,0.0415090420283377,0.0612486669560894,0.0029740000027231,0.1148830839665606,edge_S3_seed37_tau0p80_k10,1148,2296,11.48,12.6307,0.041063,0.0612486669560894,S3,0.8,10,strong
fcgnn,37,S3_strong_campaign,5,1.0,5,15,0,0,0.125,1.0,0.2222222222222222,1.0,0.0,0.8400000000000001,0.3815299419108788,0,85,0.25,1.0,0.4,5,15,1.0,1.0,1.0,1.0,1.0,1,2,0,44,0.0337072910042479,0.0591377500095404,0.0034451250103302,0.1064144999836571,edge_S3_seed37_tau0p80_k25,1148,2296,11.48,12.6307,0.033247,0.0591377500095404,S3,0.8,25,strong
fcgnn,37,S3_strong_campaign,5,1.0,5,15,0,0,0.125,1.0,0.2222222222222222,1.0,0.0,0.8400000000000001,0.3815299419108788,0,85,0.25,1.0,0.4,5,15,1.0,1.0,1.0,1.0,1.0,1,2,0,40,0.0346637079492211,0.0582567499950528,0.0039577499846927,0.1075117089785635,edge_S3_seed37_tau0p80_k5,730,1460,7.3,8.4932,0.034247,0.0582567499950528,S3,0.8,5,strong
fcgnn,37,S3_strong_campaign,5,1.0,5,15,0,0,0.125,1.0,0.2222222222222222,1.0,0.0,0.8400000000000001,0.3815299419108788,0,85,0.25,1.0,0.4,5,15,1.0,1.0,1.0,1.0,1.0,1,2,0,44,0.0354080419638194,0.0521404590108431,0.0027789589948952,0.0996851249947212,edge_S3_seed37_tau0p80_k50,1148,2296,11.48,12.6307,0.034993,0.0521404590108431,S3,0.8,50,strong
fcgnn,37,S3_strong_campaign,5,1.0,5,15,0,0,0.125,1.0,0.2222222222222222,1.0,0.0,0.8400000000000001,0.3815299419108788,0,85,0.25,1.0,0.4,5,15,1.0,1.0,1.0,1.0,1.0,1,2,0,44,0.0346014159731566,0.049271999974735,0.0026625840109772,0.0954537499928847,edge_S3_seed37_tau0p85_k10,1064,2128,10.64,13.6278,0.0342,0.049271999974735,S3,0.85,10,strong
fcgnn,37,S3_strong_campaign,5,1.0,5,15,0,0,0.125,1.0,0.2222222222222222,1.0,0.0,0.8400000000000001,0.3815299419108788,0,85,0.25,1.0,0.4,5,15,1.0,1.0,1.0,1.0,1.0,1,2,0,44,0.034162666008342,0.0533762910054065,0.0026699589798226,0.0989626250229775,edge_S3_seed37_tau0p85_k25,1064,2128,10.64,13.6278,0.033657,0.0533762910054065,S3,0.85,25,strong
fcgnn,37,S3_strong_campaign,5,1.0,5,15,0,0,0.125,1.0,0.2222222222222222,1.0,0.0,0.8400000000000001,0.3815299419108788,0,85,0.25,1.0,0.4,5,15,1.0,1.0,1.0,1.0,1.0,1,2,0,40,0.0298696660320274,0.0402649589814245,0.00266975001432,0.0813181250123307,edge_S3_seed37_tau0p85_k5,674,1348,6.74,9.1988,0.029482,0.0402649589814245,S3,0.85,5,strong
fcgnn,37,S3_strong_campaign,5,1.0,5,15,0,0,0.125,1.0,0.2222222222222222,1.0,0.0,0.8400000000000001,0.3815299419108788,0,85,0.25,1.0,0.4,5,15,1.0,1.0,1.0,1.0,1.0,1,2,0,44,0.0341205000295303,0.050419959006831,0.0028392500244081,0.0959469160297885,edge_S3_seed37_tau0p85_k50,1064,2128,10.64,13.6278,0.033676,0.050419959006831,S3,0.85,50,strong
fcgnn,37,S3_strong_campaign,5,1.0,5,15,0,0,0.125,1.0,0.2222222222222222,1.0,0.0,0.8400000000000001,0.3815299419108788,0,85,0.25,1.0,0.4,5,15,1.0,1.0,1.0,1.0,1.0,1,2,0,41,0.0324034160003066,0.0415461670490913,0.0033769590081647,0.0870812499779276,edge_S3_seed37_tau0p90_k10,899,1798,8.99,16.129,0.031994,0.0415461670490913,S3,0.9,10,strong
fcgnn,37,S3_strong_campaign,5,1.0,5,15,0,0,0.125,1.0,0.2222222222222222,1.0,0.0,0.8400000000000001,0.3815299419108788,0,85,0.25,1.0,0.4,5,15,1.0,1.0,1.0,1.0,1.0,1,2,0,41,0.0329529999871738,0.0426995420129969,0.0033288330305367,0.0881862500100396,edge_S3_seed37_tau0p90_k25,899,1798,8.99,16.129,0.032457,0.0426995420129969,S3,0.9,25,strong
fcgnn,37,S3_strong_campaign,5,1.0,5,15,0,0,0.125,1.0,0.2222222222222222,1.0,0.0,0.8400000000000001,0.3815299419108788,0,85,0.25,1.0,0.4,5,15,1.0,1.0,1.0,1.0,1.0,1,2,0,37,0.0273798329872079,0.0381018330226652,0.0035902080126106,0.0782171659520827,edge_S3_seed37_tau0p90_k5,566,1132,5.66,10.9541,0.027009,0.0381018330226652,S3,0.9,5,strong
fcgnn,37,S3_strong_campaign,5,1.0,5,15,0,0,0.125,1.0,0.2222222222222222,1.0,0.0,0.8400000000000001,0.3815299419108788,0,85,0.25,1.0,0.4,5,15,1.0,1.0,1.0,1.0,1.0,1,2,0,41,0.0338968329597264,0.0436766250059008,0.0035830840351991,0.0903983750031329,edge_S3_seed37_tau0p90_k50,899,1798,8.99,16.129,0.03343,0.0436766250059008,S3,0.9,50,strong
fcgnn,37,S3_strong_campaign,5,1.0,5,15,0,0,0.125,1.0,0.2222222222222222,1.0,0.0,0.8400000000000001,0.3815299419108788,0,85,0.25,1.0,0.4,5,15,1.0,1.0,1.0,1.0,1.0,1,2,0,41,0.0321836660150438,0.0407935000257566,0.0031892499537207,0.0847817080211825,edge_S3_seed37_tau0p95_k10,662,1324,6.62,21.9033,0.031625,0.0407935000257566,S3,0.95,10,strong
fcgnn,37,S3_strong_campaign,5,1.0,5,15,0,0,0.125,1.0,0.2222222222222222,1.0,0.0,0.8400000000000001,0.3815299419108788,0,85,0.25,1.0,0.4,5,15,1.0,1.0,1.0,1.0,1.0,1,2,0,41,0.031002499978058,0.0410754579934291,0.0031308750039897,0.0847799579496495,edge_S3_seed37_tau0p95_k25,662,1324,6.62,21.9033,0.0306,0.0410754579934291,S3,0.95,25,strong
fcgnn,37,S3_strong_campaign,5,1.0,5,15,0,0,0.125,1.0,0.2222222222222222,1.0,0.0,0.8400000000000001,0.3815299419108788,0,85,0.25,1.0,0.4,5,15,1.0,1.0,1.0,1.0,1.0,1,2,0,36,0.0297222919762134,0.0354619999998249,0.002916625002399,0.0778935410198755,edge_S3_seed37_tau0p95_k5,437,874,4.37,14.1876,0.029352,0.0354619999998249,S3,0.95,5,strong
fcgnn,37,S3_strong_campaign,5,1.0,5,15,0,0,0.125,1.0,0.2222222222222222,1.0,0.0,0.8400000000000001,0.3815299419108788,0,85,0.25,1.0,0.4,5,15,1.0,1.0,1.0,1.0,1.0,1,2,0,41,0.0304397500003688,0.0423517909948714,0.0029828749829903,0.0853415000019595,edge_S3_seed37_tau0p95_k50,662,1324,6.62,21.9033,0.030055,0.0423517909948714,S3,0.95,50,strong
fcgnn,41,S3_strong_campaign,5,1.0,5,15,0,0,0.125,1.0,0.2222222222222222,1.0,0.0,0.8584,0.4076445581490716,0,102,0.25,1.0,0.4,5,15,1.0,1.0,1.0,1.0,1.0,1,2,0,25,0.0317990000476129,0.0504850000143051,0.0029073749901726,0.0938720420235768,edge_S3_seed41_tau0p75_k10,1203,2406,12.03,11.5544,0.0314,0.0504850000143051,S3,0.75,10,strong
fcgnn,41,S3_strong_campaign,5,1.0,5,15,0,0,0.125,1.0,0.2222222222222222,1.0,0.0,0.8584,0.4076445581490716,0,102,0.25,1.0,0.4,5,15,1.0,1.0,1.0,1.0,1.0,1,2,0,25,0.0320003750384785,0.0531311659724451,0.003111291967798,0.0977510830271057,edge_S3_seed41_tau0p75_k25,1203,2406,12.03,11.5544,0.031563,0.0531311659724451,S3,0.75,25,strong
fcgnn,41,S3_strong_campaign,5,1.0,5,15,0,0,0.125,1.0,0.2222222222222222,1.0,0.0,0.8584,0.4076445581490716,0,102,0.25,1.0,0.4,5,15,1.0,1.0,1.0,1.0,1.0,1,2,0,15,0.0280907499836757,0.0449223750038072,0.0030477920081466,0.0847957090009003,edge_S3_seed41_tau0p75_k5,769,1538,7.69,8.3225,0.027717,0.0449223750038072,S3,0.75,5,strong
fcgnn,41,S3_strong_campaign,5,1.0,5,15,0,0,0.125,1.0,0.2222222222222222,1.0,0.0,0.8584,0.4076445581490716,0,102,0.25,1.0,0.4,5,15,1.0,1.0,1.0,1.0,1.0,1,2,0,25,0.0331102079944685,0.0536052499664947,0.0029342909692786,0.0987657909863628,edge_S3_seed41_tau0p75_k50,1203,2406,12.03,11.5544,0.032704,0.0536052499664947,S3,0.75,50,strong
fcgnn,41,S3_strong_campaign,5,1.0,5,15,0,0,0.125,1.0,0.2222222222222222,1.0,0.0,0.8584,0.4076445581490716,0,102,0.25,1.0,0.4,5,15,1.0,1.0,1.0,1.0,1.0,1,2,0,13,0.0340182920335792,0.0519541669636964,0.0033578330185264,0.0989599999738857,edge_S3_seed41_tau0p80_k10,1152,2304,11.52,12.066,0.033579,0.0519541669636964,S3,0.8,10,strong
fcgnn,41,S3_strong_campaign,5,1.0,5,15,0,0,0.125,1.0,0.2222222222222222,1.0,0.0,0.8584,0.4076445581490716,0,102,0.25,1.0,0.4,5,15,1.0,1.0,1.0,1.0,1.0,1,2,0,13,0.0328099580365233,0.05297833296936,0.0033377919462509,0.0987247499870136,edge_S3_seed41_tau0p80_k25,1152,2304,11.52,12.066,0.032378,0.05297833296936,S3,0.8,25,strong
fcgnn,41,S3_strong_campaign,5,1.0,5,15,0,0,0.125,1.0,0.2222222222222222,1.0,0.0,0.8584,0.4076445581490716,0,102,0.25,1.0,0.4,5,15,1.0,1.0,1.0,1.0,1.0,1,2,0,15,0.0281744170351885,0.0401422919821925,0.0030641250195913,0.0795475000049918,edge_S3_seed41_tau0p80_k5,734,1468,7.34,8.7193,0.027761,0.0401422919821925,S3,0.8,5,strong
fcgnn,41,S3_strong_campaign,5,1.0,5,15,0,0,0.125,1.0,0.2222222222222222,1.0,0.0,0.8584,0.4076445581490716,0,102,0.25,1.0,0.4,5,15,1.0,1.0,1.0,1.0,1.0,1,2,0,13,0.0362355420365929,0.0536199579946696,0.0037970829871483,0.1029004590236581,edge_S3_seed41_tau0p80_k50,1152,2304,11.52,12.066,0.035803,0.0536199579946696,S3,0.8,50,strong
fcgnn,41,S3_strong_campaign,5,1.0,5,15,0,0,0.125,1.0,0.2222222222222222,1.0,0.0,0.8584,0.4076445581490716,0,102,0.25,1.0,0.4,5,15,1.0,1.0,1.0,1.0,1.0,1,2,0,32,0.0316829580115154,0.0500208750017918,0.0028101660427637,0.093525708944071,edge_S3_seed41_tau0p85_k10,1091,2182,10.91,12.7406,0.031273,0.0500208750017918,S3,0.85,10,strong
fcgnn,41,S3_strong_campaign,5,1.0,5,15,0,0,0.125,1.0,0.2222222222222222,1.0,0.0,0.8584,0.4076445581490716,0,102,0.25,1.0,0.4,5,15,1.0,1.0,1.0,1.0,1.0,1,2,0,32,0.0344255830277688,0.0533149589900858,0.0027509159990586,0.0991208339692093,edge_S3_seed41_tau0p85_k25,1091,2182,10.91,12.7406,0.034009,0.0533149589900858,S3,0.85,25,strong
fcgnn,41,S3_strong_campaign,5,1.0,5,15,0,0,0.125,1.0,0.2222222222222222,1.0,0.0,0.8584,0.4076445581490716,0,102,0.25,1.0,0.4,5,15,1.0,0.5,1.0,0.6666666666666666,1.0,2,2,0,37,0.0293572079972364,0.0401477089617401,0.0034102909849025,0.082633167039603,edge_S3_seed41_tau0p85_k5,689,1378,6.89,9.2888,0.028977,0.0401477089617401,S3,0.85,5,strong
fcgnn,41,S3_strong_campaign,5,1.0,5,15,0,0,0.125,1.0,0.2222222222222222,1.0,0.0,0.8584,0.4076445581490716,0,102,0.25,1.0,0.4,5,15,1.0,1.0,1.0,1.0,1.0,1,2,0,32,0.0331842910381965,0.0528384170029312,0.0029745000065304,0.0985055000055581,edge_S3_seed41_tau0p85_k50,1091,2182,10.91,12.7406,0.032758,0.0528384170029312,S3,0.85,50,strong
fcgnn,41,S3_strong_campaign,5,1.0,5,15,0,0,0.125,1.0,0.2222222222222222,1.0,0.0,0.8584,0.4076445581490716,0,102,0.25,1.0,0.4,5,15,1.0,1.0,1.0,1.0,1.0,1,2,0,13,0.0319939579931087,0.0408491670386865,0.0027387499576434,0.0834455000003799,edge_S3_seed41_tau0p90_k10,973,1946,9.73,14.2857,0.03159,0.0408491670386865,S3,0.9,10,strong
fcgnn,41,S3_strong_campaign,5,1.0,5,15,0,0,0.125,1.0,0.2222222222222222,1.0,0.0,0.8584,0.4076445581490716,0,102,0.25,1.0,0.4,5,15,1.0,1.0,1.0,1.0,1.0,1,2,0,13,0.0356761669972911,0.043148041004315,0.002855124999769,0.0898790420033037,edge_S3_seed41_tau0p90_k25,973,1946,9.73,14.2857,0.035248,0.043148041004315,S3,0.9,25,strong
fcgnn,41,S3_strong_campaign,5,1.0,5,15,0,0,0.125,1.0,0.2222222222222222,1.0,0.0,0.8584,0.4076445581490716,0,102,0.25,1.0,0.4,5,15,1.0,1.0,1.0,1.0,1.0,1,2,0,15,0.0296179999713785,0.0406460420344956,0.0028578329947777,0.0822757920250296,edge_S3_seed41_tau0p90_k5,608,1216,6.08,10.5263,0.029233,0.0406460420344956,S3,0.9,5,strong
fcgnn,41,S3_strong_campaign,5,1.0,5,15,0,0,0.125,1.0,0.2222222222222222,1.0,0.0,0.8584,0.4076445581490716,0,102,0.25,1.0,0.4,5,15,1.0,1.0,1.0,1.0,1.0,1,2,0,13,0.0316379999858327,0.0426084169885143,0.0025793339591473,0.0850002089864574,edge_S3_seed41_tau0p90_k50,973,1946,9.73,14.2857,0.03123,0.0426084169885143,S3,0.9,50,strong
fcgnn,41,S3_strong_campaign,5,1.0,5,15,0,0,0.125,1.0,0.2222222222222222,1.0,0.0,0.8584,0.4076445581490716,0,102,0.25,1.0,0.4,5,15,1.0,1.0,1.0,1.0,1.0,1,2,0,13,0.0330835409695282,0.0401283749961294,0.0029048330034129,0.0848451659549027,edge_S3_seed41_tau0p95_k10,718,1436,7.18,19.3593,0.032702,0.0401283749961294,S3,0.95,10,strong
fcgnn,41,S3_strong_campaign,5,1.0,5,15,0,0,0.125,1.0,0.2222222222222222,1.0,0.0,0.8584,0.4076445581490716,0,102,0.25,1.0,0.4,5,15,1.0,1.0,1.0,1.0,1.0,1,2,0,13,0.0333060420234687,0.0463789590285159,0.0029626250034198,0.0914942079689353,edge_S3_seed41_tau0p95_k25,718,1436,7.18,19.3593,0.032894,0.0463789590285159,S3,0.95,25,strong
fcgnn,41,S3_strong_campaign,5,1.0,5,15,0,0,0.125,1.0,0.2222222222222222,1.0,0.0,0.8584,0.4076445581490716,0,102,0.25,1.0,0.4,5,15,1.0,1.0,1.0,1.0,1.0,1,2,0,16,0.0293618330033496,0.0358355829957872,0.0029698750004172,0.0776489590061828,edge_S3_seed41_tau0p95_k5,464,928,4.64,13.7931,0.028998,0.0358355829957872,S3,0.95,5,strong
fcgnn,41,S3_strong_campaign,5,1.0,5,15,0,0,0.125,1.0,0.2222222222222222,1.0,0.0,0.8584,0.4076445581490716,0,102,0.25,1.0,0.4,5,15,1.0,1.0,1.0,1.0,1.0,1,2,0,13,0.0338841670309193,0.0402145410189405,0.0029856670298613,0.0862079160287976,edge_S3_seed41_tau0p95_k50,718,1436,7.18,19.3593,0.033418,0.0402145410189405,S3,0.95,50,strong
fcgnn,53,S3_strong_campaign,5,1.0,5,15,0,0,0.125,1.0,0.2222222222222222,1.0,0.0,0.8452571428571428,0.3808633279074157,0,97,0.25,1.0,0.4,5,15,1.0,0.0,1.0,0.0,1.0,3,2,0,41,0.0376660000183619,0.0632069999701343,0.0033639160101301,0.1132364589720964,edge_S3_seed53_tau0p75_k10,1204,2408,12.04,11.8771,0.036745,0.0632069999701343,S3,0.75,10,strong
fcgnn,53,S3_strong_campaign,5,1.0,5,15,0,0,0.125,1.0,0.2222222222222222,1.0,0.0,0.8452571428571428,0.3808633279074157,0,97,0.25,1.0,0.4,5,15,1.0,0.0,1.0,0.0,1.0,3,2,0,41,0.0327186670037917,0.0562892910093069,0.0033436249941587,0.1012219589902088,edge_S3_seed53_tau0p75_k25,1204,2408,12.04,11.8771,0.032309,0.0562892910093069,S3,0.75,25,strong
fcgnn,53,S3_strong_campaign,5,1.0,5,15,0,0,0.125,1.0,0.2222222222222222,1.0,0.0,0.8452571428571428,0.3808633279074157,0,97,0.25,1.0,0.4,5,15,1.0,0.5,1.0,0.6666666666666666,1.0,2,2,0,29,0.0288407500484026,0.0547297919983975,0.0042007919983007,0.0986863750149495,edge_S3_seed53_tau0p75_k5,760,1520,7.6,8.4211,0.028394,0.0547297919983975,S3,0.75,5,strong
fcgnn,53,S3_strong_campaign,5,1.0,5,15,0,0,0.125,1.0,0.2222222222222222,1.0,0.0,0.8452571428571428,0.3808633279074157,0,97,0.25,1.0,0.4,5,15,1.0,0.0,1.0,0.0,1.0,3,2,0,41,0.1067540829535573,0.1586298329639248,0.0038420420023612,0.2803917080163955,edge_S3_seed53_tau0p75_k50,1204,2408,12.04,11.8771,0.105699,0.1586298329639248,S3,0.75,50,strong
fcgnn,53,S3_strong_campaign,5,1.0,5,15,0,0,0.125,1.0,0.2222222222222222,1.0,0.0,0.8452571428571428,0.3808633279074157,0,97,0.25,1.0,0.4,5,15,1.0,1.0,1.0,1.0,1.0,1,2,0,12,0.0341025409870781,0.0513177909888327,0.0027279999922029,0.0981847079819999,edge_S3_seed53_tau0p80_k10,1136,2272,11.36,12.588,0.033688,0.0513177909888327,S3,0.8,10,strong
fcgnn,53,S3_strong_campaign,5,1.0,5,15,0,0,0.125,1.0,0.2222222222222222,1.0,0.0,0.8452571428571428,0.3808633279074157,0,97,0.25,1.0,0.4,5,15,1.0,1.0,1.0,1.0,1.0,1,2,0,12,0.039065082964953,0.065380375017412,0.0025455419672653,0.1176902500446885,edge_S3_seed53_tau0p80_k25,1136,2272,11.36,12.588,0.038554,0.065380375017412,S3,0.8,25,strong
fcgnn,53,S3_strong_campaign,5,1.0,5,15,0,0,0.125,1.0,0.2222222222222222,1.0,0.0,0.8452571428571428,0.3808633279074157,0,97,0.25,1.0,0.4,5,15,1.0,0.5,1.0,0.6666666666666666,1.0,2,2,0,29,0.0290592500241473,0.0490508750081062,0.0026465840055607,0.0889052909915335,edge_S3_seed53_tau0p80_k5,708,1416,7.08,9.0395,0.028648,0.0490508750081062,S3,0.8,5,strong
fcgnn,53,S3_strong_campaign,5,1.0,5,15,0,0,0.125,1.0,0.2222222222222222,1.0,0.0,0.8452571428571428,0.3808633279074157,0,97,0.25,1.0,0.4,5,15,1.0,1.0,1.0,1.0,1.0,1,2,0,12,0.0323252080124802,0.0600997920264489,0.0030013750074431,0.1037036670022644,edge_S3_seed53_tau0p80_k50,1136,2272,11.36,12.588,0.03192,0.0600997920264489,S3,0.8,50,strong
fcgnn,53,S3_strong_campaign,5,1.0,5,15,0,0,0.125,1.0,0.2222222222222222,1.0,0.0,0.8452571428571428,0.3808633279074157,0,97,0.25,1.0,0.4,5,15,1.0,0.5,1.0,0.6666666666666666,1.0,2,2,0,36,0.0378317080321721,0.0547820409992709,0.0032701249583624,0.1049019579659216,edge_S3_seed53_tau0p85_k10,1070,2140,10.7,13.3645,0.037263,0.0547820409992709,S3,0.85,10,strong
fcgnn,53,S3_strong_campaign,5,1.0,5,15,0,0,0.125,1.0,0.2222222222222222,1.0,0.0,0.8452571428571428,0.3808633279074157,0,97,0.25,1.0,0.4,5,15,1.0,0.5,1.0,0.6666666666666666,1.0,2,2,0,36,0.0329627079772762,0.0514012909843586,0.0033824580023065,0.0969786659698002,edge_S3_seed53_tau0p85_k25,1070,2140,10.7,13.3645,0.032562,0.0514012909843586,S3,0.85,25,strong
fcgnn,53,S3_strong_campaign,5,1.0,5,15,0,0,0.125,1.0,0.2222222222222222,1.0,0.0,0.8452571428571428,0.3808633279074157,0,97,0.25,1.0,0.4,5,15,1.0,0.5,1.0,0.6666666666666666,1.0,2,2,0,29,0.032069832959678,0.0426247090217657,0.0025024579954333,0.0855291669722646,edge_S3_seed53_tau0p85_k5,674,1348,6.74,9.4955,0.031687,0.0426247090217657,S3,0.85,5,strong
fcgnn,53,S3_strong_campaign,5,1.0,5,15,0,0,0.125,1.0,0.2222222222222222,1.0,0.0,0.8452571428571428,0.3808633279074157,0,97,0.25,1.0,0.4,5,15,1.0,0.5,1.0,0.6666666666666666,1.0,2,2,0,36,0.0348815419711172,0.0541066249716095,0.0031224169651977,0.102121417003218,edge_S3_seed53_tau0p85_k50,1070,2140,10.7,13.3645,0.034437,0.0541066249716095,S3,0.85,50,strong
fcgnn,53,S3_strong_campaign,5,1.0,5,15,0,0,0.125,1.0,0.2222222222222222,1.0,0.0,0.8452571428571428,0.3808633279074157,0,97,0.25,1.0,0.4,5,15,1.0,0.0,1.0,0.0,1.0,3,2,0,40,0.0351375839672982,0.0411779580172151,0.0034575840109027,0.0882979590096511,edge_S3_seed53_tau0p90_k10,917,1834,9.17,15.5943,0.034718,0.0411779580172151,S3,0.9,10,strong
fcgnn,53,S3_strong_campaign,5,1.0,5,15,0,0,0.125,1.0,0.2222222222222222,1.0,0.0,0.8452571428571428,0.3808633279074157,0,97,0.25,1.0,0.4,5,15,1.0,0.0,1.0,0.0,1.0,3,2,0,40,0.0338357080472633,0.0440379999927245,0.0035791249829344,0.0909804169787094,edge_S3_seed53_tau0p90_k25,917,1834,9.17,15.5943,0.033424,0.0440379999927245,S3,0.9,25,strong
fcgnn,53,S3_strong_campaign,5,1.0,5,15,0,0,0.125,1.0,0.2222222222222222,1.0,0.0,0.8452571428571428,0.3808633279074157,0,97,0.25,1.0,0.4,5,15,1.0,0.5,1.0,0.6666666666666666,1.0,2,2,0,31,0.0299740419723093,0.0444947080104611,0.0025541659560985,0.0866382080130279,edge_S3_seed53_tau0p90_k5,584,1168,5.84,10.9589,0.029563,0.0444947080104611,S3,0.9,5,strong
fcgnn,53,S3_strong_campaign,5,1.0,5,15,0,0,0.125,1.0,0.2222222222222222,1.0,0.0,0.8452571428571428,0.3808633279074157,0,97,0.25,1.0,0.4,5,15,1.0,0.0,1.0,0.0,1.0,3,2,0,40,0.0333529170020483,0.0482783750048838,0.003432540979702,0.0945655409595929,edge_S3_seed53_tau0p90_k50,917,1834,9.17,15.5943,0.032943,0.0482783750048838,S3,0.9,50,strong
fcgnn,53,S3_strong_campaign,5,1.0,5,15,0,0,0.125,1.0,0.2222222222222222,1.0,0.0,0.8452571428571428,0.3808633279074157,0,97,0.25,1.0,0.4,5,15,1.0,0.5,1.0,0.6666666666666666,1.0,2,2,0,38,0.031096292019356,0.041119666013401,0.0034366670297458,0.0852844160399399,edge_S3_seed53_tau0p95_k10,658,1316,6.58,21.7325,0.030709,0.041119666013401,S3,0.95,10,strong
fcgnn,53,S3_strong_campaign,5,1.0,5,15,0,0,0.125,1.0,0.2222222222222222,1.0,0.0,0.8452571428571428,0.3808633279074157,0,97,0.25,1.0,0.4,5,15,1.0,0.5,1.0,0.6666666666666666,1.0,2,2,0,38,0.0325034589623101,0.0431218749727122,0.0034882079926319,0.088973916019313,edge_S3_seed53_tau0p95_k25,658,1316,6.58,21.7325,0.032115,0.0431218749727122,S3,0.95,25,strong
fcgnn,53,S3_strong_campaign,5,1.0,5,15,0,0,0.125,1.0,0.2222222222222222,1.0,0.0,0.8452571428571428,0.3808633279074157,0,97,0.25,1.0,0.4,5,15,1.0,0.5,1.0,0.6666666666666666,1.0,2,2,0,30,0.0287951250211335,0.033265708014369,0.0026483339606784,0.073710958007723,edge_S3_seed53_tau0p95_k5,435,870,4.35,14.7126,0.028416,0.033265708014369,S3,0.95,5,strong
fcgnn,53,S3_strong_campaign,5,1.0,5,15,0,0,0.125,1.0,0.2222222222222222,1.0,0.0,0.8452571428571428,0.3808633279074157,0,97,0.25,1.0,0.4,5,15,1.0,0.5,1.0,0.6666666666666666,1.0,2,2,0,38,0.0325889170053415,0.0428998749703168,0.0035571249900385,0.0886052910354919,edge_S3_seed53_tau0p95_k50,658,1316,6.58,21.7325,0.032081,0.0428998749703168,S3,0.95,50,strong
fcgnn,67,S3_strong_campaign,5,1.0,5,15,0,0,0.125,1.0,0.2222222222222222,1.0,0.0,0.7909714285714287,0.3345779998719629,0,80,0.25,1.0,0.4,5,15,1.0,1.0,1.0,1.0,1.0,1,2,0,17,0.0321675419691018,0.0518511250265874,0.0025760410353541,0.095205417019315,edge_S3_seed67_tau0p75_k10,1268,2536,12.68,9.9369,0.031764,0.0518511250265874,S3,0.75,10,strong
fcgnn,67,S3_strong_campaign,5,1.0,5,15,0,0,0.125,1.0,0.2222222222222222,1.0,0.0,0.7909714285714287,0.3345779998719629,0,80,0.25,1.0,0.4,5,15,1.0,1.0,1.0,1.0,1.0,1,2,0,17,0.0345759170013479,0.0529542079893872,0.0023213750100694,0.0986331249587237,edge_S3_seed67_tau0p75_k25,1268,2536,12.68,9.9369,0.034117,0.0529542079893872,S3,0.75,25,strong
fcgnn,67,S3_strong_campaign,5,1.0,5,15,0,0,0.125,1.0,0.2222222222222222,1.0,0.0,0.7909714285714287,0.3345779998719629,0,80,0.25,1.0,0.4,5,15,1.0,0.5,1.0,0.6666666666666666,1.0,2,2,0,31,0.0280540829990059,0.0412637499975971,0.0028083749930374,0.0809109580004587,edge_S3_seed67_tau0p75_k5,789,1578,7.89,6.7174,0.027663,0.0412637499975971,S3,0.75,5,strong
fcgnn,67,S3_strong_campaign,5,1.0,5,15,0,0,0.125,1.0,0.2222222222222222,1.0,0.0,0.7909714285714287,0.3345779998719629,0,80,0.25,1.0,0.4,5,15,1.0,1.0,1.0,1.0,1.0,1,2,0,17,0.03419291699538,0.0544154160306789,0.002211749961134,0.0985662500024773,edge_S3_seed67_tau0p75_k50,1268,2536,12.68,9.9369,0.033751,0.0544154160306789,S3,0.75,50,strong
fcgnn,67,S3_strong_campaign,5,1.0,5,15,0,0,0.125,1.0,0.2222222222222222,1.0,0.0,0.7909714285714287,0.3345779998719629,0,80,0.25,1.0,0.4,5,15,1.0,1.0,1.0,1.0,1.0,1,2,0,16,0.0326938750222325,0.0542930840165354,0.0023321249755099,0.0980526669882237,edge_S3_seed67_tau0p80_k10,1215,2430,12.15,10.3704,0.032264,0.0542930840165354,S3,0.8,10,strong
fcgnn,67,S3_strong_campaign,5,1.0,5,15,0,0,0.125,1.0,0.2222222222222222,1.0,0.0,0.7909714285714287,0.3345779998719629,0,80,0.25,1.0,0.4,5,15,1.0,1.0,1.0,1.0,1.0,1,2,0,16,0.0322158749913796,0.0544757499592378,0.0023887089919298,0.0970180829754099,edge_S3_seed67_tau0p80_k25,1215,2430,12.15,10.3704,0.03178,0.0544757499592378,S3,0.8,25,strong
fcgnn,67,S3_strong_campaign,5,1.0,5,15,0,0,0.125,1.0,0.2222222222222222,1.0,0.0,0.7909714285714287,0.3345779998719629,0,80,0.25,1.0,0.4,5,15,1.0,1.0,1.0,1.0,1.0,1,2,0,12,0.0290488329483196,0.0431750840507447,0.002744041965343,0.0841503330157138,edge_S3_seed67_tau0p80_k5,765,1530,7.65,6.9281,0.028667,0.0431750840507447,S3,0.8,5,strong
fcgnn,67,S3_strong_campaign,5,1.0,5,15,0,0,0.125,1.0,0.2222222222222222,1.0,0.0,0.7909714285714287,0.3345779998719629,0,80,0.25,1.0,0.4,5,15,1.0,1.0,1.0,1.0,1.0,1,2,0,16,0.0325658340007066,0.0548239999916404,0.0023119580000638,0.0984036659938283,edge_S3_seed67_tau0p80_k50,1215,2430,12.15,10.3704,0.032141,0.0548239999916404,S3,0.8,50,strong
fcgnn,67,S3_strong_campaign,5,1.0,5,15,0,0,0.125,1.0,0.2222222222222222,1.0,0.0,0.7909714285714287,0.3345779998719629,0,80,0.25,1.0,0.4,5,15,1.0,0.5,1.0,0.6666666666666666,1.0,2,2,0,36,0.0337045409833081,0.0575503750005736,0.0024833339848555,0.1026459170388989,edge_S3_seed67_tau0p85_k10,1134,2268,11.34,11.1111,0.033273,0.0575503750005736,S3,0.85,10,strong
fcgnn,67,S3_strong_campaign,5,1.0,5,15,0,0,0.125,1.0,0.2222222222222222,1.0,0.0,0.7909714285714287,0.3345779998719629,0,80,0.25,1.0,0.4,5,15,1.0,0.5,1.0,0.6666666666666666,1.0,2,2,0,36,0.0362592910532839,0.0518737499951384,0.0026149579789489,0.0989279999630525,edge_S3_seed67_tau0p85_k25,1134,2268,11.34,11.1111,0.03585,0.0518737499951384,S3,0.85,25,strong
fcgnn,67,S3_strong_campaign,5,1.0,5,15,0,0,0.125,1.0,0.2222222222222222,1.0,0.0,0.7909714285714287,0.3345779998719629,0,80,0.25,1.0,0.4,5,15,1.0,1.0,1.0,1.0,1.0,1,2,0,12,0.0269639999605715,0.0430462080403231,0.0021944590262137,0.0814188329968601,edge_S3_seed67_tau0p85_k5,714,1428,7.14,7.423,0.026581,0.0430462080403231,S3,0.85,5,strong
fcgnn,67,S3_strong_campaign,5,1.0,5,15,0,0,0.125,1.0,0.2222222222222222,1.0,0.0,0.7909714285714287,0.3345779998719629,0,80,0.25,1.0,0.4,5,15,1.0,0.5,1.0,0.6666666666666666,1.0,2,2,0,36,0.0349434580421075,0.0539984590141102,0.0026918329531326,0.1005172079894691,edge_S3_seed67_tau0p85_k50,1134,2268,11.34,11.1111,0.03454,0.0539984590141102,S3,0.85,50,strong
fcgnn,67,S3_strong_campaign,5,1.0,5,15,0,0,0.125,1.0,0.2222222222222222,1.0,0.0,0.7909714285714287,0.3345779998719629,0,80,0.25,1.0,0.4,5,15,1.0,1.0,1.0,1.0,1.0,1,2,0,16,0.0328732089838013,0.0511109170038253,0.0031022090115584,0.0970160830183886,edge_S3_seed67_tau0p90_k10,970,1940,9.7,12.9897,0.032471,0.0511109170038253,S3,0.9,10,strong
fcgnn,67,S3_strong_campaign,5,1.0,5,15,0,0,0.125,1.0,0.2222222222222222,1.0,0.0,0.7909714285714287,0.3345779998719629,0,80,0.25,1.0,0.4,5,15,1.0,1.0,1.0,1.0,1.0,1,2,0,16,0.0338820840115658,0.0463002090109512,0.0028334999806247,0.0929702499997802,edge_S3_seed67_tau0p90_k25,970,1940,9.7,12.9897,0.033216,0.0463002090109512,S3,0.9,25,strong
fcgnn,67,S3_strong_campaign,5,1.0,5,15,0,0,0.125,1.0,0.2222222222222222,1.0,0.0,0.7909714285714287,0.3345779998719629,0,80,0.25,1.0,0.4,5,15,1.0,0.5,1.0,0.6666666666666666,1.0,2,2,0,26,0.0282740410184487,0.0442552909953519,0.0032347079832106,0.0846976250177249,edge_S3_seed67_tau0p90_k5,609,1218,6.09,8.7028,0.027897,0.0442552909953519,S3,0.9,5,strong
fcgnn,67,S3_strong_campaign,5,1.0,5,15,0,0,0.125,1.0,0.2222222222222222,1.0,0.0,0.7909714285714287,0.3345779998719629,0,80,0.25,1.0,0.4,5,15,1.0,1.0,1.0,1.0,1.0,1,2,0,16,0.0323355419677682,0.0438805419835262,0.00286079099169,0.0874194580246694,edge_S3_seed67_tau0p90_k50,970,1940,9.7,12.9897,0.03174,0.0438805419835262,S3,0.9,50,strong
fcgnn,67,S3_strong_campaign,5,1.0,5,15,0,0,0.125,1.0,0.2222222222222222,1.0,0.0,0.7909714285714287,0.3345779998719629,0,80,0.25,1.0,0.4,5,15,1.0,1.0,1.0,1.0,1.0,1,2,0,17,0.0332731659873388,0.0425998750142753,0.0023509169695898,0.0864029999938793,edge_S3_seed67_tau0p95_k10,713,1426,7.13,17.6718,0.032887,0.0425998750142753,S3,0.95,10,strong
fcgnn,67,S3_strong_campaign,5,1.0,5,15,0,0,0.125,1.0,0.2222222222222222,1.0,0.0,0.7909714285714287,0.3345779998719629,0,80,0.25,1.0,0.4,5,15,1.0,1.0,1.0,1.0,1.0,1,2,0,17,0.0307497910107485,0.0407086670165881,0.002357417019084,0.0821736670332029,edge_S3_seed67_tau0p95_k25,713,1426,7.13,17.6718,0.030356,0.0407086670165881,S3,0.95,25,strong
fcgnn,67,S3_strong_campaign,5,1.0,5,15,0,0,0.125,1.0,0.2222222222222222,1.0,0.0,0.7909714285714287,0.3345779998719629,0,80,0.25,1.0,0.4,5,15,1.0,0.5,1.0,0.6666666666666666,1.0,2,2,0,32,0.0289975840132683,0.0358465000172145,0.002680292003788,0.0770742089953273,edge_S3_seed67_tau0p95_k5,472,944,4.72,11.2288,0.02863,0.0358465000172145,S3,0.95,5,strong
fcgnn,67,S3_strong_campaign,5,1.0,5,15,0,0,0.125,1.0,0.2222222222222222,1.0,0.0,0.7909714285714287,0.3345779998719629,0,80,0.25,1.0,0.4,5,15,1.0,1.0,1.0,1.0,1.0,1,2,0,17,0.0326280409935861,0.0412042909883894,0.0023971250047907,0.0849462909973226,edge_S3_seed67_tau0p95_k50,713,1426,7.13,17.6718,0.032248,0.0412042909883894,S3,0.95,50,strong
fcgnn,71,S3_strong_campaign,5,1.0,5,15,0,0,0.125,1.0,0.2222222222222222,1.0,0.0,0.84,0.3614170976272448,0,100,0.25,1.0,0.4,5,15,1.0,0.0,1.0,0.0,1.0,3,2,0,55,0.0330149579676799,0.0504961669794283,0.0030334590119309,0.0961872499901801,edge_S3_seed71_tau0p75_k10,1254,2508,12.54,9.6491,0.032496,0.0504961669794283,S3,0.75,10,strong
fcgnn,71,S3_strong_campaign,5,1.0,5,15,0,0,0.125,1.0,0.2222222222222222,1.0,0.0,0.84,0.3614170976272448,0,100,0.25,1.0,0.4,5,15,1.0,0.0,1.0,0.0,1.0,3,2,0,55,0.0341095000039786,0.0530204590177163,0.0028101669740863,0.0983263339730911,edge_S3_seed71_tau0p75_k25,1254,2508,12.54,9.6491,0.03361,0.0530204590177163,S3,0.75,25,strong
fcgnn,71,S3_strong_campaign,5,1.0,5,15,0,0,0.125,1.0,0.2222222222222222,1.0,0.0,0.84,0.3614170976272448,0,100,0.25,1.0,0.4,5,15,1.0,0.0,1.0,0.0,1.0,3,2,0,49,0.0287537499680183,0.0402159999939613,0.0031376249971799,0.081456333049573,edge_S3_seed71_tau0p75_k5,787,1574,7.87,6.9886,0.028209,0.0402159999939613,S3,0.75,5,strong
fcgnn,71,S3_strong_campaign,5,1.0,5,15,0,0,0.125,1.0,0.2222222222222222,1.0,0.0,0.84,0.3614170976272448,0,100,0.25,1.0,0.4,5,15,1.0,0.0,1.0,0.0,1.0,3,2,0,55,0.0322141249780543,0.0504993749782443,0.0032387090031988,0.0952246249653399,edge_S3_seed71_tau0p75_k50,1254,2508,12.54,9.6491,0.031766,0.0504993749782443,S3,0.75,50,strong
fcgnn,71,S3_strong_campaign,5,1.0,5,15,0,0,0.125,1.0,0.2222222222222222,1.0,0.0,0.84,0.3614170976272448,0,100,0.25,1.0,0.4,5,15,1.0,0.0,1.0,0.0,1.0,4,2,0,65,0.0336496250238269,0.0501220839796587,0.0029403750086203,0.0968805829761549,edge_S3_seed71_tau0p80_k10,1197,2394,11.97,10.1086,0.033224,0.0501220839796587,S3,0.8,10,strong
fcgnn,71,S3_strong_campaign,5,1.0,5,15,0,0,0.125,1.0,0.2222222222222222,1.0,0.0,0.84,0.3614170976272448,0,100,0.25,1.0,0.4,5,15,1.0,0.0,1.0,0.0,1.0,4,2,0,65,0.0349830000195652,0.0506023749476298,0.0032108749728649,0.097225832985714,edge_S3_seed71_tau0p80_k25,1197,2394,11.97,10.1086,0.034412,0.0506023749476298,S3,0.8,25,strong
fcgnn,71,S3_strong_campaign,5,1.0,5,15,0,0,0.125,1.0,0.2222222222222222,1.0,0.0,0.84,0.3614170976272448,0,100,0.25,1.0,0.4,5,15,1.0,0.5,1.0,0.6666666666666666,1.0,2,2,0,33,0.0269313749740831,0.0413512919913046,0.0030537499696947,0.0804110419703647,edge_S3_seed71_tau0p80_k5,749,1498,7.49,7.3431,0.026554,0.0413512919913046,S3,0.8,5,strong
fcgnn,71,S3_strong_campaign,5,1.0,5,15,0,0,0.125,1.0,0.2222222222222222,1.0,0.0,0.84,0.3614170976272448,0,100,0.25,1.0,0.4,5,15,1.0,0.0,1.0,0.0,1.0,4,2,0,65,0.0424089169828221,0.0607473329873755,0.0034670419991016,0.1169362919754348,edge_S3_seed71_tau0p80_k50,1197,2394,11.97,10.1086,0.041893,0.0607473329873755,S3,0.8,50,strong
fcgnn,71,S3_strong_campaign,5,1.0,5,15,0,0,0.125,1.0,0.2222222222222222,1.0,0.0,0.84,0.3614170976272448,0,100,0.25,1.0,0.4,5,15,1.0,0.0,1.0,0.0,1.0,4,2,0,66,0.0345721670310013,0.0544471250032074,0.0031043750350363,0.101653333986178,edge_S3_seed71_tau0p85_k10,1118,2236,11.18,10.8229,0.034166,0.0544471250032074,S3,0.85,10,strong
fcgnn,71,S3_strong_campaign,5,1.0,5,15,0,0,0.125,1.0,0.2222222222222222,1.0,0.0,0.84,0.3614170976272448,0,100,0.25,1.0,0.4,5,15,1.0,0.0,1.0,0.0,1.0,4,2,0,66,0.0317737080040387,0.0651557499659247,0.0030023329891264,0.1120467080036178,edge_S3_seed71_tau0p85_k25,1118,2236,11.18,10.8229,0.031364,0.0651557499659247,S3,0.85,25,strong
fcgnn,71,S3_strong_campaign,5,1.0,5,15,0,0,0.125,1.0,0.2222222222222222,1.0,0.0,0.84,0.3614170976272448,0,100,0.25,1.0,0.4,5,15,1.0,0.5,1.0,0.6666666666666666,1.0,2,2,0,36,0.030521459004376,0.0440824999823235,0.0024880830314941,0.0862657080288045,edge_S3_seed71_tau0p85_k5,694,1388,6.94,7.9251,0.030002,0.0440824999823235,S3,0.85,5,strong
fcgnn,71,S3_strong_campaign,5,1.0,5,15,0,0,0.125,1.0,0.2222222222222222,1.0,0.0,0.84,0.3614170976272448,0,100,0.25,1.0,0.4,5,15,1.0,0.0,1.0,0.0,1.0,4,2,0,66,0.0333980839932337,0.0593685000203549,0.0033322909730486,0.1049927079584449,edge_S3_seed71_tau0p85_k50,1118,2236,11.18,10.8229,0.03297,0.0593685000203549,S3,0.85,50,strong
fcgnn,71,S3_strong_campaign,5,1.0,5,15,0,0,0.125,1.0,0.2222222222222222,1.0,0.0,0.84,0.3614170976272448,0,100,0.25,1.0,0.4,5,15,1.0,0.5,1.0,0.6666666666666666,1.0,2,2,0,36,0.0386217079940252,0.043172332982067,0.0024703330127522,0.0926500000059604,edge_S3_seed71_tau0p90_k10,979,1958,9.79,12.3596,0.037999,0.043172332982067,S3,0.9,10,strong
fcgnn,71,S3_strong_campaign,5,1.0,5,15,0,0,0.125,1.0,0.2222222222222222,1.0,0.0,0.84,0.3614170976272448,0,100,0.25,1.0,0.4,5,15,1.0,0.5,1.0,0.6666666666666666,1.0,2,2,0,36,0.0352401250274851,0.0436046670074574,0.002439834002871,0.0895829579676501,edge_S3_seed71_tau0p90_k25,979,1958,9.79,12.3596,0.034814,0.0436046670074574,S3,0.9,25,strong
fcgnn,71,S3_strong_campaign,5,1.0,5,15,0,0,0.125,1.0,0.2222222222222222,1.0,0.0,0.84,0.3614170976272448,0,100,0.25,1.0,0.4,5,15,1.0,0.0,1.0,0.0,1.0,3,2,0,45,0.0328837090055458,0.045100207964424,0.0036512080114334,0.0908695409889333,edge_S3_seed71_tau0p90_k5,609,1218,6.09,9.0312,0.032422,0.045100207964424,S3,0.9,5,strong
fcgnn,71,S3_strong_campaign,5,1.0,5,15,0,0,0.125,1.0,0.2222222222222222,1.0,0.0,0.84,0.3614170976272448,0,100,0.25,1.0,0.4,5,15,1.0,0.5,1.0,0.6666666666666666,1.0,2,2,0,36,0.0329099170048721,0.0420060000033117,0.0024727080017328,0.0853936669882386,edge_S3_seed71_tau0p90_k50,979,1958,9.79,12.3596,0.032509,0.0420060000033117,S3,0.9,50,strong
fcgnn,71,S3_strong_campaign,5,1.0,5,15,0,0,0.125,1.0,0.2222222222222222,1.0,0.0,0.84,0.3614170976272448,0,100,0.25,1.0,0.4,5,15,1.0,0.5,1.0,0.6666666666666666,1.0,2,2,0,34,0.03148158401018,0.0399435409926809,0.002549541008193,0.0826274580322206,edge_S3_seed71_tau0p95_k10,689,1378,6.89,17.5617,0.031096,0.0399435409926809,S3,0.95,10,strong
fcgnn,71,S3_strong_campaign,5,1.0,5,15,0,0,0.125,1.0,0.2222222222222222,1.0,0.0,0.84,0.3614170976272448,0,100,0.25,1.0,0.4,5,15,1.0,0.5,1.0,0.6666666666666666,1.0,2,2,0,34,0.0307190409512259,0.0396822500042617,0.0026827499968931,0.081302750040777,edge_S3_seed71_tau0p95_k25,689,1378,6.89,17.5617,0.030335,0.0396822500042617,S3,0.95,25,strong
fcgnn,71,S3_strong_campaign,5,1.0,5,15,0,0,0.125,1.0,0.2222222222222222,1.0,0.0,0.84,0.3614170976272448,0,100,0.25,1.0,0.4,5,15,1.0,0.0,1.0,0.0,1.0,3,2,0,44,0.0277745840139687,0.0364986659842543,0.0030125839984975,0.0764730829978361,edge_S3_seed71_tau0p95_k5,467,934,4.67,11.7773,0.027399,0.0364986659842543,S3,0.95,5,strong
fcgnn,71,S3_strong_campaign,5,1.0,5,15,0,0,0.125,1.0,0.2222222222222222,1.0,0.0,0.84,0.3614170976272448,0,100,0.25,1.0,0.4,5,15,1.0,0.5,1.0,0.6666666666666666,1.0,2,2,0,34,0.0315564580378122,0.0393446250236593,0.0023931660107336,0.0823678330052644,edge_S3_seed71_tau0p95_k50,689,1378,6.89,17.5617,0.031166,0.0393446250236593,S3,0.95,50,strong
fcgnn,83,S3_strong_campaign,5,1.0,5,15,0,0,0.125,1.0,0.2222222222222222,1.0,0.0,0.8670857142857142,0.4103823791529119,0,102,0.25,1.0,0.4,5,15,1.0,1.0,1.0,1.0,1.0,1,2,0,35,0.0338174580247141,0.0539220409700647,0.0030063329613767,0.10081849998096,edge_S3_seed83_tau0p75_k10,1291,2582,12.91,6.739,0.033348,0.0539220409700647,S3,0.75,10,strong
fcgnn,83,S3_strong_campaign,5,1.0,5,15,0,0,0.125,1.0,0.2222222222222222,1.0,0.0,0.8670857142857142,0.4103823791529119,0,102,0.25,1.0,0.4,5,15,1.0,1.0,1.0,1.0,1.0,1,2,0,35,0.034167708014138,0.0531984170083887,0.0027411250048317,0.1000311669777147,edge_S3_seed83_tau0p75_k25,1291,2582,12.91,6.739,0.033771,0.0531984170083887,S3,0.75,25,strong
fcgnn,83,S3_strong_campaign,5,1.0,5,15,0,0,0.125,1.0,0.2222222222222222,1.0,0.0,0.8670857142857142,0.4103823791529119,0,102,0.25,1.0,0.4,5,15,1.0,1.0,1.0,1.0,1.0,1,2,0,25,0.0287254579598084,0.0443850000156089,0.0027419999823905,0.0844285419443622,edge_S3_seed83_tau0p75_k5,802,1604,8.02,3.616,0.028343,0.0443850000156089,S3,0.75,5,strong
fcgnn,83,S3_strong_campaign,5,1.0,5,15,0,0,0.125,1.0,0.2222222222222222,1.0,0.0,0.8670857142857142,0.4103823791529119,0,102,0.25,1.0,0.4,5,15,1.0,1.0,1.0,1.0,1.0,1,2,0,35,0.0353913330473005,0.0529702090425416,0.0027223340002819,0.0998281670035794,edge_S3_seed83_tau0p75_k50,1291,2582,12.91,6.739,0.034998,0.0529702090425416,S3,0.75,50,strong
fcgnn,83,S3_strong_campaign,5,1.0,5,15,0,0,0.125,1.0,0.2222222222222222,1.0,0.0,0.8670857142857142,0.4103823791529119,0,102,0.25,1.0,0.4,5,15,1.0,1.0,1.0,1.0,1.0,1,2,0,35,0.0321694999583996,0.0520068330224603,0.0029256250127218,0.095743375015445,edge_S3_seed83_tau0p80_k10,1219,2438,12.19,7.137,0.031715,0.0520068330224603,S3,0.8,10,strong
fcgnn,83,S3_strong_campaign,5,1.0,5,15,0,0,0.125,1.0,0.2222222222222222,1.0,0.0,0.8670857142857142,0.4103823791529119,0,102,0.25,1.0,0.4,5,15,1.0,1.0,1.0,1.0,1.0,1,2,0,35,0.0333964580204337,0.057282458001282,0.0027765830163843,0.102729374950286,edge_S3_seed83_tau0p80_k25,1219,2438,12.19,7.137,0.033002,0.057282458001282,S3,0.8,25,strong
fcgnn,83,S3_strong_campaign,5,1.0,5,15,0,0,0.125,1.0,0.2222222222222222,1.0,0.0,0.8670857142857142,0.4103823791529119,0,102,0.25,1.0,0.4,5,15,1.0,0.5,1.0,0.6666666666666666,1.0,2,2,0,36,0.0283024999662302,0.0437759580090642,0.0033234580187126,0.0843363750027492,edge_S3_seed83_tau0p80_k5,757,1514,7.57,3.8309,0.027863,0.0437759580090642,S3,0.8,5,strong
fcgnn,83,S3_strong_campaign,5,1.0,5,15,0,0,0.125,1.0,0.2222222222222222,1.0,0.0,0.8670857142857142,0.4103823791529119,0,102,0.25,1.0,0.4,5,15,1.0,1.0,1.0,1.0,1.0,1,2,0,35,0.0332448339904658,0.0517577920109033,0.0027403749991208,0.0966601249529048,edge_S3_seed83_tau0p80_k50,1219,2438,12.19,7.137,0.032827,0.0517577920109033,S3,0.8,50,strong
fcgnn,83,S3_strong_campaign,5,1.0,5,15,0,0,0.125,1.0,0.2222222222222222,1.0,0.0,0.8670857142857142,0.4103823791529119,0,102,0.25,1.0,0.4,5,15,1.0,1.0,1.0,1.0,1.0,1,2,0,34,0.033201124984771,0.053178249974735,0.0030180409667082,0.0994334170245565,edge_S3_seed83_tau0p85_k10,1124,2248,11.24,7.7402,0.032792,0.053178249974735,S3,0.85,10,strong
fcgnn,83,S3_strong_campaign,5,1.0,5,15,0,0,0.125,1.0,0.2222222222222222,1.0,0.0,0.8670857142857142,0.4103823791529119,0,102,0.25,1.0,0.4,5,15,1.0,1.0,1.0,1.0,1.0,1,2,0,34,0.0328577079926617,0.0560906250029802,0.0028746250318363,0.1019971669884398,edge_S3_seed83_tau0p85_k25,1124,2248,11.24,7.7402,0.032458,0.0560906250029802,S3,0.85,25,strong
fcgnn,83,S3_strong_campaign,5,1.0,5,15,0,0,0.125,1.0,0.2222222222222222,1.0,0.0,0.8670857142857142,0.4103823791529119,0,102,0.25,1.0,0.4,5,15,1.0,1.0,1.0,1.0,1.0,1,2,0,28,0.0276810830109752,0.0422940840362571,0.0036715409951284,0.0829390420112758,edge_S3_seed83_tau0p85_k5,702,1404,7.02,4.1311,0.027304,0.0422940840362571,S3,0.85,5,strong
fcgnn,83,S3_strong_campaign,5,1.0,5,15,0,0,0.125,1.0,0.2222222222222222,1.0,0.0,0.8670857142857142,0.4103823791529119,0,102,0.25,1.0,0.4,5,15,1.0,1.0,1.0,1.0,1.0,1,2,0,34,0.0330157919670455,0.0559784169890917,0.0029647920164279,0.1008112499839626,edge_S3_seed83_tau0p85_k50,1124,2248,11.24,7.7402,0.032612,0.0559784169890917,S3,0.85,50,strong
fcgnn,83,S3_strong_campaign,5,1.0,5,15,0,0,0.125,1.0,0.2222222222222222,1.0,0.0,0.8670857142857142,0.4103823791529119,0,102,0.25,1.0,0.4,5,15,1.0,0.5,1.0,0.6666666666666666,1.0,2,2,0,47,0.0835610420326702,0.165641792002134,0.0030063340091146,0.2659869999624789,edge_S3_seed83_tau0p90_k10,965,1930,9.65,9.0155,0.083089,0.165641792002134,S3,0.9,10,strong
fcgnn,83,S3_strong_campaign,5,1.0,5,15,0,0,0.125,1.0,0.2222222222222222,1.0,0.0,0.8670857142857142,0.4103823791529119,0,102,0.25,1.0,0.4,5,15,1.0,0.5,1.0,0.6666666666666666,1.0,2,2,0,47,0.0318521669832989,0.0439107909915037,0.0031374999671243,0.0890192079823464,edge_S3_seed83_tau0p90_k25,965,1930,9.65,9.0155,0.031449,0.0439107909915037,S3,0.9,25,strong
fcgnn,83,S3_strong_campaign,5,1.0,5,15,0,0,0.125,1.0,0.2222222222222222,1.0,0.0,0.8670857142857142,0.4103823791529119,0,102,0.25,1.0,0.4,5,15,1.0,1.0,1.0,1.0,1.0,1,2,0,26,0.0310191659955307,0.0451910000410862,0.002804666000884,0.0881371250143274,edge_S3_seed83_tau0p90_k5,612,1224,6.12,4.7386,0.030635,0.0451910000410862,S3,0.9,5,strong
fcgnn,83,S3_strong_campaign,5,1.0,5,15,0,0,0.125,1.0,0.2222222222222222,1.0,0.0,0.8670857142857142,0.4103823791529119,0,102,0.25,1.0,0.4,5,15,1.0,0.5,1.0,0.6666666666666666,1.0,2,2,0,47,0.038629500020761,0.0500974170281551,0.0033047089818865,0.1019806250114925,edge_S3_seed83_tau0p90_k50,965,1930,9.65,9.0155,0.03772,0.0500974170281551,S3,0.9,50,strong
fcgnn,83,S3_strong_campaign,5,1.0,5,15,0,0,0.125,1.0,0.2222222222222222,1.0,0.0,0.8670857142857142,0.4103823791529119,0,102,0.25,1.0,0.4,5,15,1.0,1.0,1.0,1.0,1.0,1,2,0,30,0.0349489170475862,0.0428875409997999,0.003065290977247,0.0891677920008078,edge_S3_seed83_tau0p95_k10,676,1352,6.76,12.8698,0.034549,0.0428875409997999,S3,0.95,10,strong
fcgnn,83,S3_strong_campaign,5,1.0,5,15,0,0,0.125,1.0,0.2222222222222222,1.0,0.0,0.8670857142857142,0.4103823791529119,0,102,0.25,1.0,0.4,5,15,1.0,1.0,1.0,1.0,1.0,1,2,0,30,0.0319959999760612,0.0423335839877836,0.0028885409701615,0.085946416016668,edge_S3_seed83_tau0p95_k25,676,1352,6.76,12.8698,0.031579,0.0423335839877836,S3,0.95,25,strong
fcgnn,83,S3_strong_campaign,5,1.0,5,15,0,0,0.125,1.0,0.2222222222222222,1.0,0.0,0.8670857142857142,0.4103823791529119,0,102,0.25,1.0,0.4,5,15,1.0,0.5,1.0,0.6666666666666666,1.0,2,2,0,40,0.0287685830262489,0.0351962919812649,0.0032672910019755,0.0766442499589175,edge_S3_seed83_tau0p95_k5,444,888,4.44,6.5315,0.028384,0.0351962919812649,S3,0.95,5,strong
fcgnn,83,S3_strong_campaign,5,1.0,5,15,0,0,0.125,1.0,0.2222222222222222,1.0,0.0,0.8670857142857142,0.4103823791529119,0,102,0.25,1.0,0.4,5,15,1.0,1.0,1.0,1.0,1.0,1,2,0,30,0.0322540830238722,0.0430382920312695,0.0029146250453777,0.0869790830183774,edge_S3_seed83_tau0p95_k50,676,1352,6.76,12.8698,0.031835,0.0430382920312695,S3,0.95,50,strong
fcgnn,97,S3_strong_campaign,5,1.0,5,15,0,0,0.125,1.0,0.2222222222222222,1.0,0.0,0.8853714285714286,0.4926133899281171,0,103,0.25,1.0,0.4,5,15,1.0,0.5,1.0,0.6666666666666666,1.0,2,2,0,54,0.035149875038769,0.058858208998572,0.0034008750226348,0.1071090000332333,edge_S3_seed97_tau0p75_k10,1282,2564,12.82,6.4743,0.034729,0.058858208998572,S3,0.75,10,strong
fcgnn,97,S3_strong_campaign,5,1.0,5,15,0,0,0.125,1.0,0.2222222222222222,1.0,0.0,0.8853714285714286,0.4926133899281171,0,103,0.25,1.0,0.4,5,15,1.0,0.5,1.0,0.6666666666666666,1.0,2,2,0,54,0.0336351249716244,0.0585089579690247,0.0029070830205455,0.1053754169843159,edge_S3_seed97_tau0p75_k25,1282,2564,12.82,6.4743,0.033193,0.0585089579690247,S3,0.75,25,strong
fcgnn,97,S3_strong_campaign,5,1.0,5,15,0,0,0.125,1.0,0.2222222222222222,1.0,0.0,0.8853714285714286,0.4926133899281171,0,103,0.25,1.0,0.4,5,15,1.0,1.0,1.0,1.0,1.0,1,2,0,34,0.0448001669719815,0.0583245000452734,0.0038007919793017,0.117241624975577,edge_S3_seed97_tau0p75_k5,795,1590,7.95,3.0189,0.044344,0.0583245000452734,S3,0.75,5,strong
fcgnn,97,S3_strong_campaign,5,1.0,5,15,0,0,0.125,1.0,0.2222222222222222,1.0,0.0,0.8853714285714286,0.4926133899281171,0,103,0.25,1.0,0.4,5,15,1.0,0.5,1.0,0.6666666666666666,1.0,2,2,0,54,0.0334647499839775,0.0554897080291993,0.0028150409925729,0.1004681249614805,edge_S3_seed97_tau0p75_k50,1282,2564,12.82,6.4743,0.033044,0.0554897080291993,S3,0.75,50,strong
fcgnn,97,S3_strong_campaign,5,1.0,5,15,0,0,0.125,1.0,0.2222222222222222,1.0,0.0,0.8853714285714286,0.4926133899281171,0,103,0.25,1.0,0.4,5,15,1.0,0.0,1.0,0.0,1.0,3,2,0,64,0.0319329579942859,0.0544454170158132,0.003170957963448,0.099186000006739,edge_S3_seed97_tau0p80_k10,1224,2448,12.24,6.781,0.031527,0.0544454170158132,S3,0.8,10,strong
fcgnn,97,S3_strong_campaign,5,1.0,5,15,0,0,0.125,1.0,0.2222222222222222,1.0,0.0,0.8853714285714286,0.4926133899281171,0,103,0.25,1.0,0.4,5,15,1.0,0.0,1.0,0.0,1.0,3,2,0,64,0.0337996250018477,0.0548127089859917,0.0032739589805714,0.1018758330028504,edge_S3_seed97_tau0p80_k25,1224,2448,12.24,6.781,0.033385,0.0548127089859917,S3,0.8,25,strong
fcgnn,97,S3_strong_campaign,5,1.0,5,15,0,0,0.125,1.0,0.2222222222222222,1.0,0.0,0.8853714285714286,0.4926133899281171,0,103,0.25,1.0,0.4,5,15,1.0,1.0,1.0,1.0,1.0,1,2,0,33,0.0299353750306181,0.0426477500004693,0.0024915840476751,0.0847074590274132,edge_S3_seed97_tau0p80_k5,750,1500,7.5,3.2,0.029395,0.0426477500004693,S3,0.8,5,strong
fcgnn,97,S3_strong_campaign,5,1.0,5,15,0,0,0.125,1.0,0.2222222222222222,1.0,0.0,0.8853714285714286,0.4926133899281171,0,103,0.25,1.0,0.4,5,15,1.0,0.0,1.0,0.0,1.0,3,2,0,64,0.0324459580006077,0.0621849999879486,0.0033848750172182,0.1078272919985465,edge_S3_seed97_tau0p80_k50,1224,2448,12.24,6.781,0.032003,0.0621849999879486,S3,0.8,50,strong
fcgnn,97,S3_strong_campaign,5,1.0,5,15,0,0,0.125,1.0,0.2222222222222222,1.0,0.0,0.8853714285714286,0.4926133899281171,0,103,0.25,1.0,0.4,5,15,1.0,0.0,1.0,0.0,1.0,3,2,0,59,0.0352144580101594,0.0557755839545279,0.0029420829960145,0.1031107080052606,edge_S3_seed97_tau0p85_k10,1142,2284,11.42,7.268,0.034777,0.0557755839545279,S3,0.85,10,strong
fcgnn,97,S3_strong_campaign,5,1.0,5,15,0,0,0.125,1.0,0.2222222222222222,1.0,0.0,0.8853714285714286,0.4926133899281171,0,103,0.25,1.0,0.4,5,15,1.0,0.0,1.0,0.0,1.0,3,2,0,59,0.0408200829988345,0.2686411250033416,0.003198958991561,0.3234599590068683,edge_S3_seed97_tau0p85_k25,1142,2284,11.42,7.268,0.035519,0.2686411250033416,S3,0.85,25,strong
fcgnn,97,S3_strong_campaign,5,1.0,5,15,0,0,0.125,1.0,0.2222222222222222,1.0,0.0,0.8853714285714286,0.4926133899281171,0,103,0.25,1.0,0.4,5,15,1.0,1.0,1.0,1.0,1.0,1,2,0,33,0.0321999579900875,0.0439639579853974,0.0027512499946169,0.0886844999622553,edge_S3_seed97_tau0p85_k5,684,1368,6.84,3.5088,0.031731,0.0439639579853974,S3,0.85,5,strong
fcgnn,97,S3_strong_campaign,5,1.0,5,15,0,0,0.125,1.0,0.2222222222222222,1.0,0.0,0.8853714285714286,0.4926133899281171,0,103,0.25,1.0,0.4,5,15,1.0,0.0,1.0,0.0,1.0,3,2,0,59,0.0334608340053819,0.0525907080154866,0.003099417022895,0.0979975830414332,edge_S3_seed97_tau0p85_k50,1142,2284,11.42,7.268,0.033058,0.0525907080154866,S3,0.85,50,strong
fcgnn,97,S3_strong_campaign,5,1.0,5,15,0,0,0.125,1.0,0.2222222222222222,1.0,0.0,0.8853714285714286,0.4926133899281171,0,103,0.25,1.0,0.4,5,15,1.0,1.0,1.0,1.0,1.0,1,2,0,33,0.0312702090013772,0.04394045897061,0.0036277499748393,0.0885277499910444,edge_S3_seed97_tau0p90_k10,1014,2028,10.14,8.1854,0.030868,0.04394045897061,S3,0.9,10,strong
fcgnn,97,S3_strong_campaign,5,1.0,5,15,0,0,0.125,1.0,0.2222222222222222,1.0,0.0,0.8853714285714286,0.4926133899281171,0,103,0.25,1.0,0.4,5,15,1.0,1.0,1.0,1.0,1.0,1,2,0,33,0.0339456669753417,0.0468445000005885,0.0031079580076038,0.0925249999854713,edge_S3_seed97_tau0p90_k25,1014,2028,10.14,8.1854,0.033549,0.0468445000005885,S3,0.9,25,strong
fcgnn,97,S3_strong_campaign,5,1.0,5,15,0,0,0.125,1.0,0.2222222222222222,1.0,0.0,0.8853714285714286,0.4926133899281171,0,103,0.25,1.0,0.4,5,15,1.0,1.0,1.0,1.0,1.0,1,2,0,33,0.030197334010154,0.0411943750223144,0.0030677079921588,0.0837532499572262,edge_S3_seed97_tau0p90_k5,612,1224,6.12,3.9216,0.029762,0.0411943750223144,S3,0.9,5,strong
fcgnn,97,S3_strong_campaign,5,1.0,5,15,0,0,0.125,1.0,0.2222222222222222,1.0,0.0,0.8853714285714286,0.4926133899281171,0,103,0.25,1.0,0.4,5,15,1.0,1.0,1.0,1.0,1.0,1,2,0,33,0.0332902080263011,0.0447520409943535,0.0030431249761022,0.0899400420021265,edge_S3_seed97_tau0p90_k50,1014,2028,10.14,8.1854,0.032885,0.0447520409943535,S3,0.9,50,strong
fcgnn,97,S3_strong_campaign,5,1.0,5,15,0,0,0.125,1.0,0.2222222222222222,1.0,0.0,0.8853714285714286,0.4926133899281171,0,103,0.25,1.0,0.4,5,15,1.0,1.0,1.0,1.0,1.0,1,2,0,32,0.0310592080350033,0.0419970420189201,0.0028857919969595,0.0846833339892327,edge_S3_seed97_tau0p95_k10,721,1442,7.21,11.5118,0.030655,0.0419970420189201,S3,0.95,10,strong
fcgnn,97,S3_strong_campaign,5,1.0,5,15,0,0,0.125,1.0,0.2222222222222222,1.0,0.0,0.8853714285714286,0.4926133899281171,0,103,0.25,1.0,0.4,5,15,1.0,1.0,1.0,1.0,1.0,1,2,0,32,0.0319998750346712,0.0450761250103823,0.0027007920434698,0.0884633749956265,edge_S3_seed97_tau0p95_k25,721,1442,7.21,11.5118,0.031478,0.0450761250103823,S3,0.95,25,strong
fcgnn,97,S3_strong_campaign,5,1.0,5,15,0,0,0.125,1.0,0.2222222222222222,1.0,0.0,0.8853714285714286,0.4926133899281171,0,103,0.25,1.0,0.4,5,15,1.0,0.5,1.0,0.6666666666666666,1.0,2,2,0,43,0.0301477499888278,0.0353856249712407,0.0035317920264787,0.0792979580000974,edge_S3_seed97_tau0p95_k5,478,956,4.78,5.0209,0.029777,0.0353856249712407,S3,0.95,5,strong
fcgnn,97,S3_strong_campaign,5,1.0,5,15,0,0,0.125,1.0,0.2222222222222222,1.0,0.0,0.8853714285714286,0.4926133899281171,0,103,0.25,1.0,0.4,5,15,1.0,1.0,1.0,1.0,1.0,1,2,0,32,0.0313890409888699,0.0408594159525819,0.0027779169613495,0.0834096660255454,edge_S3_seed97_tau0p95_k50,721,1442,7.21,11.5118,0.030997,0.0408594159525819,S3,0.95,50,strong
fcgnn,101,S4_weak_campaign,5,1.0,5,15,0,0,0.125,1.0,0.2222222222222222,1.0,0.0,0.3212571428571428,0.0907830361663849,25,89,0.25,1.0,0.4,5,15,1.0,0.5,1.0,0.6666666666666666,1.0,2,2,0,36,0.0329511249437928,0.0575838750228285,0.002723166020587,0.1021173329791054,edge_S4_seed101_tau0p75_k10,1306,2612,13.06,7.121,0.032486,0.0575838750228285,S4,0.75,10,weak
fcgnn,101,S4_weak_campaign,5,1.0,5,15,0,0,0.125,1.0,0.2222222222222222,1.0,0.0,0.3212571428571428,0.0907830361663849,25,89,0.25,1.0,0.4,5,15,1.0,0.5,1.0,0.6666666666666666,1.0,2,2,0,36,0.0350425000069662,0.0538700000033713,0.0027982919709756,0.1010853750049136,edge_S4_seed101_tau0p75_k25,1306,2612,13.06,7.121,0.034516,0.0538700000033713,S4,0.75,25,weak
fcgnn,101,S4_weak_campaign,5,1.0,5,15,0,0,0.125,1.0,0.2222222222222222,1.0,0.0,0.3212571428571428,0.0907830361663849,25,89,0.25,1.0,0.4,5,15,1.0,0.5,1.0,0.6666666666666666,1.0,2,2,0,39,0.031830166990403,0.0498615829856134,0.0024471660144627,0.0930923339910805,edge_S4_seed101_tau0p75_k5,786,1572,7.86,4.7074,0.031407,0.0498615829856134,S4,0.75,5,weak
fcgnn,101,S4_weak_campaign,5,1.0,5,15,0,0,0.125,1.0,0.2222222222222222,1.0,0.0,0.3212571428571428,0.0907830361663849,25,89,0.25,1.0,0.4,5,15,1.0,0.5,1.0,0.6666666666666666,1.0,2,2,0,36,0.0357807080144993,0.0544518329552374,0.0036322089727036,0.1029444999876432,edge_S4_seed101_tau0p75_k50,1306,2612,13.06,7.121,0.035164,0.0544518329552374,S4,0.75,50,weak
fcgnn,101,S4_weak_campaign,5,1.0,5,15,0,0,0.125,1.0,0.2222222222222222,1.0,0.0,0.3212571428571428,0.0907830361663849,25,89,0.25,1.0,0.4,5,15,1.0,0.5,1.0,0.6666666666666666,1.0,2,2,0,35,0.033028416975867,0.0517738339840434,0.0026304999482817,0.0954447080148384,edge_S4_seed101_tau0p80_k10,1234,2468,12.34,7.5365,0.032589,0.0517738339840434,S4,0.8,10,weak
fcgnn,101,S4_weak_campaign,5,1.0,5,15,0,0,0.125,1.0,0.2222222222222222,1.0,0.0,0.3212571428571428,0.0907830361663849,25,89,0.25,1.0,0.4,5,15,1.0,0.5,1.0,0.6666666666666666,1.0,2,2,0,35,0.035252041008789,0.0610148750129155,0.0026027919957414,0.1079761250293813,edge_S4_seed101_tau0p80_k25,1234,2468,12.34,7.5365,0.034799,0.0610148750129155,S4,0.8,25,weak
fcgnn,101,S4_weak_campaign,5,1.0,5,15,0,0,0.125,1.0,0.2222222222222222,1.0,0.0,0.3212571428571428,0.0907830361663849,25,89,0.25,1.0,0.4,5,15,1.0,0.5,1.0,0.6666666666666666,1.0,2,2,0,37,0.0298043750226497,0.0439784590271301,0.0024362080148421,0.0859292500535957,edge_S4_seed101_tau0p80_k5,753,1506,7.53,4.9137,0.029356,0.0439784590271301,S4,0.8,5,weak
fcgnn,101,S4_weak_campaign,5,1.0,5,15,0,0,0.125,1.0,0.2222222222222222,1.0,0.0,0.3212571428571428,0.0907830361663849,25,89,0.25,1.0,0.4,5,15,1.0,0.5,1.0,0.6666666666666666,1.0,2,2,0,35,0.0345982500002719,0.0542607500101439,0.0027485419996082,0.0997539579984732,edge_S4_seed101_tau0p80_k50,1234,2468,12.34,7.5365,0.034025,0.0542607500101439,S4,0.8,50,weak
fcgnn,101,S4_weak_campaign,5,1.0,5,15,0,0,0.125,1.0,0.2222222222222222,1.0,0.0,0.3212571428571428,0.0907830361663849,25,89,0.25,1.0,0.4,5,15,1.0,0.5,1.0,0.6666666666666666,1.0,2,2,0,39,0.0332517499919049,0.0523314170422963,0.002591791038867,0.0975972499581985,edge_S4_seed101_tau0p85_k10,1142,2284,11.42,8.1436,0.032847,0.0523314170422963,S4,0.85,10,weak
fcgnn,101,S4_weak_campaign,5,1.0,5,15,0,0,0.125,1.0,0.2222222222222222,1.0,0.0,0.3212571428571428,0.0907830361663849,25,89,0.25,1.0,0.4,5,15,1.0,0.5,1.0,0.6666666666666666,1.0,2,2,0,39,0.0394550830242224,0.0969941670191474,0.0040021670283749,0.1498662910307757,edge_S4_seed101_tau0p85_k25,1142,2284,11.42,8.1436,0.038856,0.0969941670191474,S4,0.85,25,weak
fcgnn,101,S4_weak_campaign,5,1.0,5,15,0,0,0.125,1.0,0.2222222222222222,1.0,0.0,0.3212571428571428,0.0907830361663849,25,89,0.25,1.0,0.4,5,15,1.0,0.5,1.0,0.6666666666666666,1.0,2,2,0,40,0.0299780000350438,0.044070667005144,0.0025765420286916,0.0854415420326404,edge_S4_seed101_tau0p85_k5,705,1410,7.05,5.2482,0.029594,0.044070667005144,S4,0.85,5,weak
fcgnn,101,S4_weak_campaign,5,1.0,5,15,0,0,0.125,1.0,0.2222222222222222,1.0,0.0,0.3212571428571428,0.0907830361663849,25,89,0.25,1.0,0.4,5,15,1.0,0.5,1.0,0.6666666666666666,1.0,2,2,0,39,0.0353261660202406,0.0579391249921172,0.0025304590235464,0.104760583024472,edge_S4_seed101_tau0p85_k50,1142,2284,11.42,8.1436,0.034889,0.0579391249921172,S4,0.85,50,weak
fcgnn,101,S4_weak_campaign,5,1.0,5,15,0,0,0.125,1.0,0.2222222222222222,1.0,0.0,0.3212571428571428,0.0907830361663849,25,89,0.25,1.0,0.4,5,15,1.0,0.5,1.0,0.6666666666666666,1.0,2,2,0,42,0.0430707919877022,0.0520924160373397,0.0030631250119768,0.1070154170156456,edge_S4_seed101_tau0p90_k10,1000,2000,10.0,9.3,0.042639,0.0520924160373397,S4,0.9,10,weak
fcgnn,101,S4_weak_campaign,5,1.0,5,15,0,0,0.125,1.0,0.2222222222222222,1.0,0.0,0.3212571428571428,0.0907830361663849,25,89,0.25,1.0,0.4,5,15,1.0,0.5,1.0,0.6666666666666666,1.0,2,2,0,42,0.0343896669801324,0.0456747090211138,0.0027020000270567,0.0914011670392938,edge_S4_seed101_tau0p90_k25,1000,2000,10.0,9.3,0.033904,0.0456747090211138,S4,0.9,25,weak
fcgnn,101,S4_weak_campaign,5,1.0,5,15,0,0,0.125,1.0,0.2222222222222222,1.0,0.0,0.3212571428571428,0.0907830361663849,25,89,0.25,1.0,0.4,5,15,1.0,0.5,1.0,0.6666666666666666,1.0,2,2,0,40,0.0275660420302301,0.2175652500009164,0.0099493339657783,0.272531374997925,edge_S4_seed101_tau0p90_k5,621,1242,6.21,5.9581,0.027184,0.2175652500009164,S4,0.9,5,weak
fcgnn,101,S4_weak_campaign,5,1.0,5,15,0,0,0.125,1.0,0.2222222222222222,1.0,0.0,0.3212571428571428,0.0907830361663849,25,89,0.25,1.0,0.4,5,15,1.0,0.5,1.0,0.6666666666666666,1.0,2,2,0,42,0.0332272500381805,0.0516610409831628,0.0029488329892046,0.0965981659828685,edge_S4_seed101_tau0p90_k50,1000,2000,10.0,9.3,0.032831,0.0516610409831628,S4,0.9,50,weak
fcgnn,101,S4_weak_campaign,5,1.0,5,15,0,0,0.125,1.0,0.2222222222222222,1.0,0.0,0.3212571428571428,0.0907830361663849,25,89,0.25,1.0,0.4,5,15,1.0,0.0,1.0,0.0,1.0,3,2,0,47,0.0333172919927164,0.0405524999951012,0.0027767920400947,0.0850102920085191,edge_S4_seed101_tau0p95_k10,674,1348,6.74,13.7982,0.032933,0.0405524999951012,S4,0.95,10,weak
fcgnn,101,S4_weak_campaign,5,1.0,5,15,0,0,0.125,1.0,0.2222222222222222,1.0,0.0,0.3212571428571428,0.0907830361663849,25,89,0.25,1.0,0.4,5,15,1.0,0.0,1.0,0.0,1.0,3,2,0,47,0.034487250028178,0.0425549580249935,0.0027056250255554,0.0882284159888513,edge_S4_seed101_tau0p95_k25,674,1348,6.74,13.7982,0.034105,0.0425549580249935,S4,0.95,25,weak
fcgnn,101,S4_weak_campaign,5,1.0,5,15,0,0,0.125,1.0,0.2222222222222222,1.0,0.0,0.3212571428571428,0.0907830361663849,25,89,0.25,1.0,0.4,5,15,1.0,0.5,1.0,0.6666666666666666,1.0,2,2,0,36,0.0281891250051558,0.0335790829849429,0.0031259999959729,0.0741656249738298,edge_S4_seed101_tau0p95_k5,457,914,4.57,8.0963,0.027802,0.0335790829849429,S4,0.95,5,weak
fcgnn,101,S4_weak_campaign,5,1.0,5,15,0,0,0.125,1.0,0.2222222222222222,1.0,0.0,0.3212571428571428,0.0907830361663849,25,89,0.25,1.0,0.4,5,15,1.0,0.0,1.0,0.0,1.0,3,2,0,47,0.0329665419994853,0.0403034590417519,0.0027286249678581,0.0846933330176398,edge_S4_seed101_tau0p95_k50,674,1348,6.74,13.7982,0.032553,0.0403034590417519,S4,0.95,50,weak
fcgnn,11,S4_weak_campaign,5,1.0,5,15,0,0,0.125,1.0,0.2222222222222222,1.0,0.0,0.2553142857142857,0.0840237284465641,25,96,0.25,1.0,0.4,5,15,1.0,0.5,1.0,0.6666666666666666,1.0,2,2,0,32,0.0342472909833304,0.0569192920229397,0.0029044580296613,0.1033807499916292,edge_S4_seed11_tau0p75_k10,1193,2386,11.93,7.8793,0.033814,0.0569192920229397,S4,0.75,10,weak
fcgnn,11,S4_weak_campaign,5,1.0,5,15,0,0,0.125,1.0,0.2222222222222222,1.0,0.0,0.2553142857142857,0.0840237284465641,25,96,0.25,1.0,0.4,5,15,1.0,0.5,1.0,0.6666666666666666,1.0,2,2,0,32,0.0326420000055804,0.0544272499973885,0.0028580839862115,0.0983375419746153,edge_S4_seed11_tau0p75_k25,1193,2386,11.93,7.8793,0.032003,0.0544272499973885,S4,0.75,25,weak
fcgnn,11,S4_weak_campaign,5,1.0,5,15,0,0,0.125,1.0,0.2222222222222222,1.0,0.0,0.2553142857142857,0.0840237284465641,25,96,0.25,1.0,0.4,5,15,1.0,1.0,1.0,1.0,1.0,1,2,0,20,0.0300789159955456,0.0416814580094069,0.0023852080339565,0.0818497919826768,edge_S4_seed11_tau0p75_k5,751,1502,7.51,5.4594,0.02966,0.0416814580094069,S4,0.75,5,weak
fcgnn,11,S4_weak_campaign,5,1.0,5,15,0,0,0.125,1.0,0.2222222222222222,1.0,0.0,0.2553142857142857,0.0840237284465641,25,96,0.25,1.0,0.4,5,15,1.0,0.5,1.0,0.6666666666666666,1.0,2,2,0,32,0.0333472079946659,0.0543932089931331,0.0028120420174673,0.1000997079536318,edge_S4_seed11_tau0p75_k50,1193,2386,11.93,7.8793,0.032933,0.0543932089931331,S4,0.75,50,weak
fcgnn,11,S4_weak_campaign,5,1.0,5,15,0,0,0.125,1.0,0.2222222222222222,1.0,0.0,0.2553142857142857,0.0840237284465641,25,96,0.25,1.0,0.4,5,15,1.0,0.5,1.0,0.6666666666666666,1.0,2,2,0,31,0.0338457089965231,0.0557175410212948,0.0027008330216631,0.1024244159925729,edge_S4_seed11_tau0p80_k10,1115,2230,11.15,8.4305,0.033435,0.0557175410212948,S4,0.8,10,weak
fcgnn,11,S4_weak_campaign,5,1.0,5,15,0,0,0.125,1.0,0.2222222222222222,1.0,0.0,0.2553142857142857,0.0840237284465641,25,96,0.25,1.0,0.4,5,15,1.0,0.5,1.0,0.6666666666666666,1.0,2,2,0,31,0.1201019170111976,0.2098294169991277,0.0031615419429726,0.3436124589643441,edge_S4_seed11_tau0p80_k25,1115,2230,11.15,8.4305,0.117591,0.2098294169991277,S4,0.8,25,weak
fcgnn,11,S4_weak_campaign,5,1.0,5,15,0,0,0.125,1.0,0.2222222222222222,1.0,0.0,0.2553142857142857,0.0840237284465641,25,96,0.25,1.0,0.4,5,15,1.0,1.0,1.0,1.0,1.0,1,2,0,19,0.0284098330303095,0.0445869999821297,0.0024447500472888,0.0847466250415891,edge_S4_seed11_tau0p80_k5,713,1426,7.13,5.7504,0.028028,0.0445869999821297,S4,0.8,5,weak
fcgnn,11,S4_weak_campaign,5,1.0,5,15,0,0,0.125,1.0,0.2222222222222222,1.0,0.0,0.2553142857142857,0.0840237284465641,25,96,0.25,1.0,0.4,5,15,1.0,0.5,1.0,0.6666666666666666,1.0,2,2,0,31,0.03680975001771,0.0648889159783721,0.0035259579890407,0.1148440410033799,edge_S4_seed11_tau0p80_k50,1115,2230,11.15,8.4305,0.036229,0.0648889159783721,S4,0.8,50,weak
fcgnn,11,S4_weak_campaign,5,1.0,5,15,0,0,0.125,1.0,0.2222222222222222,1.0,0.0,0.2553142857142857,0.0840237284465641,25,96,0.25,1.0,0.4,5,15,1.0,1.0,1.0,1.0,1.0,1,2,0,21,0.0347063340013846,0.0440912499907426,0.0023152090143412,0.0892774160020053,edge_S4_seed11_tau0p85_k10,1002,2004,10.02,9.3812,0.034301,0.0440912499907426,S4,0.85,10,weak
fcgnn,11,S4_weak_campaign,5,1.0,5,15,0,0,0.125,1.0,0.2222222222222222,1.0,0.0,0.2553142857142857,0.0840237284465641,25,96,0.25,1.0,0.4,5,15,1.0,1.0,1.0,1.0,1.0,1,2,0,21,0.0326277090352959,0.0460373750538565,0.0025388340000063,0.0895860000164248,edge_S4_seed11_tau0p85_k25,1002,2004,10.02,9.3812,0.032169,0.0460373750538565,S4,0.85,25,weak
fcgnn,11,S4_weak_campaign,5,1.0,5,15,0,0,0.125,1.0,0.2222222222222222,1.0,0.0,0.2553142857142857,0.0840237284465641,25,96,0.25,1.0,0.4,5,15,1.0,1.0,1.0,1.0,1.0,1,2,0,19,0.0313523749937303,0.0437661670148372,0.0021910829818807,0.0859588750172406,edge_S4_seed11_tau0p85_k5,645,1290,6.45,6.3566,0.030726,0.0437661670148372,S4,0.85,5,weak
fcgnn,11,S4_weak_campaign,5,1.0,5,15,0,0,0.125,1.0,0.2222222222222222,1.0,0.0,0.2553142857142857,0.0840237284465641,25,96,0.25,1.0,0.4,5,15,1.0,1.0,1.0,1.0,1.0,1,2,0,21,0.0372733330004848,0.056018374976702,0.002535292005632,0.1041506250039674,edge_S4_seed11_tau0p85_k50,1002,2004,10.02,9.3812,0.036855,0.056018374976702,S4,0.85,50,weak
fcgnn,11,S4_weak_campaign,5,1.0,5,15,0,0,0.125,1.0,0.2222222222222222,1.0,0.0,0.2553142857142857,0.0840237284465641,25,96,0.25,1.0,0.4,5,15,1.0,1.0,1.0,1.0,1.0,1,2,0,22,0.0319427080103196,0.042158207972534,0.0025181249948218,0.0846643330296501,edge_S4_seed11_tau0p90_k10,849,1698,8.49,11.0718,0.031548,0.042158207972534,S4,0.9,10,weak
fcgnn,11,S4_weak_campaign,5,1.0,5,15,0,0,0.125,1.0,0.2222222222222222,1.0,0.0,0.2553142857142857,0.0840237284465641,25,96,0.25,1.0,0.4,5,15,1.0,1.0,1.0,1.0,1.0,1,2,0,22,0.0354027079883962,0.0423082920024171,0.0025339999701827,0.0890551670454442,edge_S4_seed11_tau0p90_k25,849,1698,8.49,11.0718,0.035005,0.0423082920024171,S4,0.9,25,weak
fcgnn,11,S4_weak_campaign,5,1.0,5,15,0,0,0.125,1.0,0.2222222222222222,1.0,0.0,0.2553142857142857,0.0840237284465641,25,96,0.25,1.0,0.4,5,15,1.0,1.0,1.0,1.0,1.0,1,2,0,20,0.0295299159479327,0.0429252089816145,0.0022397499997168,0.083111124986317,edge_S4_seed11_tau0p90_k5,537,1074,5.37,7.635,0.029146,0.0429252089816145,S4,0.9,5,weak
fcgnn,11,S4_weak_campaign,5,1.0,5,15,0,0,0.125,1.0,0.2222222222222222,1.0,0.0,0.2553142857142857,0.0840237284465641,25,96,0.25,1.0,0.4,5,15,1.0,1.0,1.0,1.0,1.0,1,2,0,22,0.034763167030178,0.0423390000360086,0.0026167909963987,0.088118374987971,edge_S4_seed11_tau0p90_k50,849,1698,8.49,11.0718,0.034352,0.0423390000360086,S4,0.9,50,weak
fcgnn,11,S4_weak_campaign,5,1.0,5,15,0,0,0.125,1.0,0.2222222222222222,1.0,0.0,0.2553142857142857,0.0840237284465641,25,96,0.25,1.0,0.4,5,15,1.0,1.0,1.0,1.0,1.0,1,2,0,27,0.0322811660007573,0.0422077920520678,0.0028370000072754,0.0857995419646613,edge_S4_seed11_tau0p95_k10,562,1124,5.62,16.726,0.031885,0.0422077920520678,S4,0.95,10,weak
fcgnn,11,S4_weak_campaign,5,1.0,5,15,0,0,0.125,1.0,0.2222222222222222,1.0,0.0,0.2553142857142857,0.0840237284465641,25,96,0.25,1.0,0.4,5,15,1.0,1.0,1.0,1.0,1.0,1,2,0,27,0.0326232920051552,0.0422700840281322,0.0022052499698475,0.0852515840088017,edge_S4_seed11_tau0p95_k25,562,1124,5.62,16.726,0.032241,0.0422700840281322,S4,0.95,25,weak
fcgnn,11,S4_weak_campaign,5,1.0,5,15,0,0,0.125,1.0,0.2222222222222222,1.0,0.0,0.2553142857142857,0.0840237284465641,25,96,0.25,1.0,0.4,5,15,1.0,1.0,1.0,1.0,1.0,1,2,0,27,0.029003209026996,0.0324338750215247,0.0024734580074436,0.0726165000232867,edge_S4_seed11_tau0p95_k5,381,762,3.81,10.7612,0.028616,0.0324338750215247,S4,0.95,5,weak
fcgnn,11,S4_weak_campaign,5,1.0,5,15,0,0,0.125,1.0,0.2222222222222222,1.0,0.0,0.2553142857142857,0.0840237284465641,25,96,0.25,1.0,0.4,5,15,1.0,1.0,1.0,1.0,1.0,1,2,0,27,0.0324410409666597,0.0536425000173039,0.0022579579963348,0.097994124982506,edge_S4_seed11_tau0p95_k50,562,1124,5.62,16.726,0.032054,0.0536425000173039,S4,0.95,50,weak
fcgnn,23,S4_weak_campaign,5,1.0,5,15,0,0,0.125,1.0,0.2222222222222222,1.0,0.0,0.2436571428571428,0.0827801187040071,25,86,0.25,1.0,0.4,5,15,1.0,1.0,1.0,1.0,1.0,1,2,0,15,0.0344942079973407,0.057293165998999,0.0022812079987488,0.1028760409681126,edge_S4_seed23_tau0p75_k10,1220,2440,12.2,7.377,0.034082,0.057293165998999,S4,0.75,10,weak
fcgnn,23,S4_weak_campaign,5,1.0,5,15,0,0,0.125,1.0,0.2222222222222222,1.0,0.0,0.2436571428571428,0.0827801187040071,25,86,0.25,1.0,0.4,5,15,1.0,1.0,1.0,1.0,1.0,1,2,0,15,0.0337537919986061,0.053437125054188,0.0034988340339623,0.0988905829726718,edge_S4_seed23_tau0p75_k25,1220,2440,12.2,7.377,0.033336,0.053437125054188,S4,0.75,25,weak
fcgnn,23,S4_weak_campaign,5,1.0,5,15,0,0,0.125,1.0,0.2222222222222222,1.0,0.0,0.2436571428571428,0.0827801187040071,25,86,0.25,1.0,0.4,5,15,1.0,1.0,1.0,1.0,1.0,1,2,0,15,0.0285404170281253,0.0473715419648215,0.002650459005963,0.086531167034991,edge_S4_seed23_tau0p75_k5,754,1508,7.54,4.6419,0.028152,0.0473715419648215,S4,0.75,5,weak
fcgnn,23,S4_weak_campaign,5,1.0,5,15,0,0,0.125,1.0,0.2222222222222222,1.0,0.0,0.2436571428571428,0.0827801187040071,25,86,0.25,1.0,0.4,5,15,1.0,1.0,1.0,1.0,1.0,1,2,0,15,0.0369567499728873,0.0529926249873824,0.0022244169958867,0.1000212919898331,edge_S4_seed23_tau0p75_k50,1220,2440,12.2,7.377,0.036563,0.0529926249873824,S4,0.75,50,weak
fcgnn,23,S4_weak_campaign,5,1.0,5,15,0,0,0.125,1.0,0.2222222222222222,1.0,0.0,0.2436571428571428,0.0827801187040071,25,86,0.25,1.0,0.4,5,15,1.0,1.0,1.0,1.0,1.0,1,2,0,15,0.0322430839878506,0.053293292003218,0.0022277910029515,0.0961730419658124,edge_S4_seed23_tau0p80_k10,1144,2288,11.44,7.8671,0.03183,0.053293292003218,S4,0.8,10,weak
fcgnn,23,S4_weak_campaign,5,1.0,5,15,0,0,0.125,1.0,0.2222222222222222,1.0,0.0,0.2436571428571428,0.0827801187040071,25,86,0.25,1.0,0.4,5,15,1.0,1.0,1.0,1.0,1.0,1,2,0,15,0.0327619580202735,0.0571268749772571,0.0023561669513583,0.1017763339914381,edge_S4_seed23_tau0p80_k25,1144,2288,11.44,7.8671,0.032341,0.0571268749772571,S4,0.8,25,weak
fcgnn,23,S4_weak_campaign,5,1.0,5,15,0,0,0.125,1.0,0.2222222222222222,1.0,0.0,0.2436571428571428,0.0827801187040071,25,86,0.25,1.0,0.4,5,15,1.0,1.0,1.0,1.0,1.0,1,2,0,14,0.0294239170034416,0.0432632089941762,0.0022270409972406,0.08253324998077,edge_S4_seed23_tau0p80_k5,703,1406,7.03,4.9787,0.029037,0.0432632089941762,S4,0.8,5,weak
fcgnn,23,S4_weak_campaign,5,1.0,5,15,0,0,0.125,1.0,0.2222222222222222,1.0,0.0,0.2436571428571428,0.0827801187040071,25,86,0.25,1.0,0.4,5,15,1.0,1.0,1.0,1.0,1.0,1,2,0,15,0.0343499999726191,0.0550611250218935,0.0027634580037556,0.1003104170085862,edge_S4_seed23_tau0p80_k50,1144,2288,11.44,7.8671,0.03394,0.0550611250218935,S4,0.8,50,weak
fcgnn,23,S4_weak_campaign,5,1.0,5,15,0,0,0.125,1.0,0.2222222222222222,1.0,0.0,0.2436571428571428,0.0827801187040071,25,86,0.25,1.0,0.4,5,15,1.0,1.0,1.0,1.0,1.0,1,2,0,14,0.0341326250345446,0.0481660419609397,0.0022122910013422,0.0921595830004662,edge_S4_seed23_tau0p85_k10,1032,2064,10.32,8.7209,0.033516,0.0481660419609397,S4,0.85,10,weak
fcgnn,23,S4_weak_campaign,5,1.0,5,15,0,0,0.125,1.0,0.2222222222222222,1.0,0.0,0.2436571428571428,0.0827801187040071,25,86,0.25,1.0,0.4,5,15,1.0,1.0,1.0,1.0,1.0,1,2,0,14,0.0329504170222207,0.0506085840170271,0.0022239999962039,0.0941725840093568,edge_S4_seed23_tau0p85_k25,1032,2064,10.32,8.7209,0.032552,0.0506085840170271,S4,0.85,25,weak
fcgnn,23,S4_weak_campaign,5,1.0,5,15,0,0,0.125,1.0,0.2222222222222222,1.0,0.0,0.2436571428571428,0.0827801187040071,25,86,0.25,1.0,0.4,5,15,1.0,1.0,1.0,1.0,1.0,1,2,0,14,0.0295618750387802,0.0413467500475235,0.0030754159670323,0.0820164579781703,edge_S4_seed23_tau0p85_k5,638,1276,6.38,5.4859,0.029154,0.0413467500475235,S4,0.85,5,weak
fcgnn,23,S4_weak_campaign,5,1.0,5,15,0,0,0.125,1.0,0.2222222222222222,1.0,0.0,0.2436571428571428,0.0827801187040071,25,86,0.25,1.0,0.4,5,15,1.0,1.0,1.0,1.0,1.0,1,2,0,14,0.0329922090168111,0.0519917090423405,0.0022841659956611,0.0952663750504143,edge_S4_seed23_tau0p85_k50,1032,2064,10.32,8.7209,0.032579,0.0519917090423405,S4,0.85,50,weak
fcgnn,23,S4_weak_campaign,5,1.0,5,15,0,0,0.125,1.0,0.2222222222222222,1.0,0.0,0.2436571428571428,0.0827801187040071,25,86,0.25,1.0,0.4,5,15,1.0,1.0,1.0,1.0,1.0,1,2,0,16,0.032199417008087,0.0420071670087054,0.0023349589901044,0.0847166670137085,edge_S4_seed23_tau0p90_k10,894,1788,8.94,10.0671,0.031794,0.0420071670087054,S4,0.9,10,weak
fcgnn,23,S4_weak_campaign,5,1.0,5,15,0,0,0.125,1.0,0.2222222222222222,1.0,0.0,0.2436571428571428,0.0827801187040071,25,86,0.25,1.0,0.4,5,15,1.0,1.0,1.0,1.0,1.0,1,2,0,16,0.0320952089969068,0.0414506249944679,0.0021474999957717,0.0841567500028759,edge_S4_seed23_tau0p90_k25,894,1788,8.94,10.0671,0.031702,0.0414506249944679,S4,0.9,25,weak
fcgnn,23,S4_weak_campaign,5,1.0,5,15,0,0,0.125,1.0,0.2222222222222222,1.0,0.0,0.2436571428571428,0.0827801187040071,25,86,0.25,1.0,0.4,5,15,1.0,1.0,1.0,1.0,1.0,1,2,0,15,0.0270610000006854,0.0439848749665543,0.0022796250414103,0.0819992079632356,edge_S4_seed23_tau0p90_k5,560,1120,5.6,6.25,0.026668,0.0439848749665543,S4,0.9,5,weak
fcgnn,23,S4_weak_campaign,5,1.0,5,15,0,0,0.125,1.0,0.2222222222222222,1.0,0.0,0.2436571428571428,0.0827801187040071,25,86,0.25,1.0,0.4,5,15,1.0,1.0,1.0,1.0,1.0,1,2,0,16,0.0347180829849094,0.0442120420048013,0.0023234580294229,0.089973124966491,edge_S4_seed23_tau0p90_k50,894,1788,8.94,10.0671,0.034313,0.0442120420048013,S4,0.9,50,weak
fcgnn,23,S4_weak_campaign,5,1.0,5,15,0,0,0.125,1.0,0.2222222222222222,1.0,0.0,0.2436571428571428,0.0827801187040071,25,86,0.25,1.0,0.4,5,15,1.0,1.0,1.0,1.0,1.0,1,2,0,18,0.032677709008567,0.0400538329849951,0.0024551660171709,0.0835943330312147,edge_S4_seed23_tau0p95_k10,550,1100,5.5,16.3636,0.032305,0.0400538329849951,S4,0.95,10,weak
fcgnn,23,S4_weak_campaign,5,1.0,5,15,0,0,0.125,1.0,0.2222222222222222,1.0,0.0,0.2436571428571428,0.0827801187040071,25,86,0.25,1.0,0.4,5,15,1.0,1.0,1.0,1.0,1.0,1,2,0,18,0.0686057079583406,0.1776144580217078,0.010734167008195,0.2660420419997535,edge_S4_seed23_tau0p95_k25,550,1100,5.5,16.3636,0.066466,0.1776144580217078,S4,0.95,25,weak
fcgnn,23,S4_weak_campaign,5,1.0,5,15,0,0,0.125,1.0,0.2222222222222222,1.0,0.0,0.2436571428571428,0.0827801187040071,25,86,0.25,1.0,0.4,5,15,1.0,1.0,1.0,1.0,1.0,1,2,0,18,0.0280224999878555,0.0337301659747026,0.0022884589852765,0.0739200420212,edge_S4_seed23_tau0p95_k5,390,780,3.9,8.9744,0.027658,0.0337301659747026,S4,0.95,5,weak
fcgnn,23,S4_weak_campaign,5,1.0,5,15,0,0,0.125,1.0,0.2222222222222222,1.0,0.0,0.2436571428571428,0.0827801187040071,25,86,0.25,1.0,0.4,5,15,1.0,1.0,1.0,1.0,1.0,1,2,0,18,0.0342762080254033,0.0423683339613489,0.0026250419905409,0.0881207499769516,edge_S4_seed23_tau0p95_k50,550,1100,5.5,16.3636,0.033898,0.0423683339613489,S4,0.95,50,weak
fcgnn,37,S4_weak_campaign,5,1.0,5,15,0,0,0.125,1.0,0.2222222222222222,1.0,0.0,0.2020571428571428,0.0783426232845703,25,83,0.25,1.0,0.4,5,15,1.0,1.0,1.0,1.0,1.0,1,2,0,20,0.0324489590129815,0.0508601670153439,0.0022546660038642,0.0935125420219264,edge_S4_seed37_tau0p75_k10,1239,2478,12.39,6.8604,0.032059,0.0508601670153439,S4,0.75,10,weak
fcgnn,37,S4_weak_campaign,5,1.0,5,15,0,0,0.125,1.0,0.2222222222222222,1.0,0.0,0.2020571428571428,0.0783426232845703,25,83,0.25,1.0,0.4,5,15,1.0,1.0,1.0,1.0,1.0,1,2,0,20,0.033779457968194,0.0537811669637449,0.002349792048335,0.0990390420192852,edge_S4_seed37_tau0p75_k25,1239,2478,12.39,6.8604,0.033238,0.0537811669637449,S4,0.75,25,weak
fcgnn,37,S4_weak_campaign,5,1.0,5,15,0,0,0.125,1.0,0.2222222222222222,1.0,0.0,0.2020571428571428,0.0783426232845703,25,83,0.25,1.0,0.4,5,15,1.0,1.0,1.0,1.0,1.0,1,2,0,16,0.0284357920172624,0.040141042030882,0.0023667500354349,0.0786604589666239,edge_S4_seed37_tau0p75_k5,754,1508,7.54,5.1724,0.028063,0.040141042030882,S4,0.75,5,weak
fcgnn,37,S4_weak_campaign,5,1.0,5,15,0,0,0.125,1.0,0.2222222222222222,1.0,0.0,0.2020571428571428,0.0783426232845703,25,83,0.25,1.0,0.4,5,15,1.0,1.0,1.0,1.0,1.0,1,2,0,20,0.0325237500364892,0.0524460829910822,0.0022119579953141,0.0963902919902466,edge_S4_seed37_tau0p75_k50,1239,2478,12.39,6.8604,0.03213,0.0524460829910822,S4,0.75,50,weak
fcgnn,37,S4_weak_campaign,5,1.0,5,15,0,0,0.125,1.0,0.2222222222222222,1.0,0.0,0.2020571428571428,0.0783426232845703,25,83,0.25,1.0,0.4,5,15,1.0,1.0,1.0,1.0,1.0,1,2,0,20,0.038105749990791,0.0582347919698804,0.0023064589477144,0.106529832992237,edge_S4_seed37_tau0p80_k10,1177,2354,11.77,7.2218,0.03751,0.0582347919698804,S4,0.8,10,weak
fcgnn,37,S4_weak_campaign,5,1.0,5,15,0,0,0.125,1.0,0.2222222222222222,1.0,0.0,0.2020571428571428,0.0783426232845703,25,83,0.25,1.0,0.4,5,15,1.0,1.0,1.0,1.0,1.0,1,2,0,20,0.0339056670200079,0.0572972500231117,0.0032397500472143,0.103129583003465,edge_S4_seed37_tau0p80_k25,1177,2354,11.77,7.2218,0.033462,0.0572972500231117,S4,0.8,25,weak
fcgnn,37,S4_weak_campaign,5,1.0,5,15,0,0,0.125,1.0,0.2222222222222222,1.0,0.0,0.2020571428571428,0.0783426232845703,25,83,0.25,1.0,0.4,5,15,1.0,1.0,1.0,1.0,1.0,1,2,0,17,0.0296777499606832,0.0429134580190293,0.0021875840029679,0.0829019999946467,edge_S4_seed37_tau0p80_k5,722,1444,7.22,5.4017,0.029223,0.0429134580190293,S4,0.8,5,weak
fcgnn,37,S4_weak_campaign,5,1.0,5,15,0,0,0.125,1.0,0.2222222222222222,1.0,0.0,0.2020571428571428,0.0783426232845703,25,83,0.25,1.0,0.4,5,15,1.0,1.0,1.0,1.0,1.0,1,2,0,20,0.0338336249697022,0.0561137089971452,0.0022701250272803,0.1004071250208653,edge_S4_seed37_tau0p80_k50,1177,2354,11.77,7.2218,0.033404,0.0561137089971452,S4,0.8,50,weak
fcgnn,37,S4_weak_campaign,5,1.0,5,15,0,0,0.125,1.0,0.2222222222222222,1.0,0.0,0.2020571428571428,0.0783426232845703,25,83,0.25,1.0,0.4,5,15,1.0,1.0,1.0,1.0,1.0,1,2,0,21,0.0361258329940028,0.0610955829615704,0.0028615000192075,0.1095183750148862,edge_S4_seed37_tau0p85_k10,1078,2156,10.78,7.885,0.035672,0.0610955829615704,S4,0.85,10,weak
fcgnn,37,S4_weak_campaign,5,1.0,5,15,0,0,0.125,1.0,0.2222222222222222,1.0,0.0,0.2020571428571428,0.0783426232845703,25,83,0.25,1.0,0.4,5,15,1.0,1.0,1.0,1.0,1.0,1,2,0,21,0.0389312090119347,0.0578907079761847,0.002265624993015,0.1083907500142231,edge_S4_seed37_tau0p85_k25,1078,2156,10.78,7.885,0.038509,0.0578907079761847,S4,0.85,25,weak
fcgnn,37,S4_weak_campaign,5,1.0,5,15,0,0,0.125,1.0,0.2222222222222222,1.0,0.0,0.2020571428571428,0.0783426232845703,25,83,0.25,1.0,0.4,5,15,1.0,1.0,1.0,1.0,1.0,1,2,0,17,0.0311033329926431,0.042458500014618,0.002475792018231,0.0850496669881977,edge_S4_seed37_tau0p85_k5,675,1350,6.75,5.7778,0.030721,0.042458500014618,S4,0.85,5,weak
fcgnn,37,S4_weak_campaign,5,1.0,5,15,0,0,0.125,1.0,0.2222222222222222,1.0,0.0,0.2020571428571428,0.0783426232845703,25,83,0.25,1.0,0.4,5,15,1.0,1.0,1.0,1.0,1.0,1,2,0,21,0.0326797500019893,0.0696475840522907,0.0025168750435113,0.1141416249447502,edge_S4_seed37_tau0p85_k50,1078,2156,10.78,7.885,0.032257,0.0696475840522907,S4,0.85,50,weak
fcgnn,37,S4_weak_campaign,5,1.0,5,15,0,0,0.125,1.0,0.2222222222222222,1.0,0.0,0.2020571428571428,0.0783426232845703,25,83,0.25,1.0,0.4,5,15,1.0,1.0,1.0,1.0,1.0,1,2,0,18,0.0368107079993933,0.051552667049691,0.0034624580293893,0.1022432910394854,edge_S4_seed37_tau0p90_k10,909,1818,9.09,9.3509,0.036405,0.051552667049691,S4,0.9,10,weak
fcgnn,37,S4_weak_campaign,5,1.0,5,15,0,0,0.125,1.0,0.2222222222222222,1.0,0.0,0.2020571428571428,0.0783426232845703,25,83,0.25,1.0,0.4,5,15,1.0,1.0,1.0,1.0,1.0,1,2,0,18,0.0350497500039637,0.0451926660025492,0.0025682079722173,0.0911097499774769,edge_S4_seed37_tau0p90_k25,909,1818,9.09,9.3509,0.034603,0.0451926660025492,S4,0.9,25,weak
fcgnn,37,S4_weak_campaign,5,1.0,5,15,0,0,0.125,1.0,0.2222222222222222,1.0,0.0,0.2020571428571428,0.0783426232845703,25,83,0.25,1.0,0.4,5,15,1.0,1.0,1.0,1.0,1.0,1,2,0,15,0.029361541965045,0.0628228749847039,0.0027356669888831,0.1054995830054394,edge_S4_seed37_tau0p90_k5,594,1188,5.94,6.5657,0.028935,0.0628228749847039,S4,0.9,5,weak
fcgnn,37,S4_weak_campaign,5,1.0,5,15,0,0,0.125,1.0,0.2222222222222222,1.0,0.0,0.2020571428571428,0.0783426232845703,25,83,0.25,1.0,0.4,5,15,1.0,1.0,1.0,1.0,1.0,1,2,0,18,0.036280333995819,0.0473814170109108,0.002651207963936,0.0949035410303622,edge_S4_seed37_tau0p90_k50,909,1818,9.09,9.3509,0.035807,0.0473814170109108,S4,0.9,50,weak
fcgnn,37,S4_weak_campaign,5,1.0,5,15,0,0,0.125,1.0,0.2222222222222222,1.0,0.0,0.2020571428571428,0.0783426232845703,25,83,0.25,1.0,0.4,5,15,1.0,1.0,1.0,1.0,1.0,1,2,0,15,0.0333314589806832,0.043173249985557,0.0022160829976201,0.0871475409949198,edge_S4_seed37_tau0p95_k10,563,1126,5.63,15.0977,0.032814,0.043173249985557,S4,0.95,10,weak
fcgnn,37,S4_weak_campaign,5,1.0,5,15,0,0,0.125,1.0,0.2222222222222222,1.0,0.0,0.2020571428571428,0.0783426232845703,25,83,0.25,1.0,0.4,5,15,1.0,1.0,1.0,1.0,1.0,1,2,0,15,0.0302795420284383,0.0418080830131657,0.0021785410353913,0.0832997500547207,edge_S4_seed37_tau0p95_k25,563,1126,5.63,15.0977,0.02988,0.0418080830131657,S4,0.95,25,weak
fcgnn,37,S4_weak_campaign,5,1.0,5,15,0,0,0.125,1.0,0.2222222222222222,1.0,0.0,0.2020571428571428,0.0783426232845703,25,83,0.25,1.0,0.4,5,15,1.0,1.0,1.0,1.0,1.0,1,2,0,13,0.0284706249949522,0.0393108749995008,0.0022467909730039,0.0779429999529384,edge_S4_seed37_tau0p95_k5,420,840,4.2,9.2857,0.028081,0.0393108749995008,S4,0.95,5,weak
fcgnn,37,S4_weak_campaign,5,1.0,5,15,0,0,0.125,1.0,0.2222222222222222,1.0,0.0,0.2020571428571428,0.0783426232845703,25,83,0.25,1.0,0.4,5,15,1.0,1.0,1.0,1.0,1.0,1,2,0,15,0.034322332998272,0.0418681250303052,0.0025789159699343,0.0870696660131216,edge_S4_seed37_tau0p95_k50,563,1126,5.63,15.0977,0.033889,0.0418681250303052,S4,0.95,50,weak
fcgnn,41,S4_weak_campaign,5,1.0,5,15,0,0,0.125,1.0,0.2222222222222222,1.0,0.0,0.2229714285714286,0.0800098036781481,25,89,0.25,1.0,0.4,5,15,1.0,0.5,1.0,0.6666666666666666,1.0,2,2,0,29,0.0335905840038321,0.0516397909959778,0.0027022500289604,0.0958294169977307,edge_S4_seed41_tau0p75_k10,1263,2526,12.63,7.2842,0.03306,0.0516397909959778,S4,0.75,10,weak
fcgnn,41,S4_weak_campaign,5,1.0,5,15,0,0,0.125,1.0,0.2222222222222222,1.0,0.0,0.2229714285714286,0.0800098036781481,25,89,0.25,1.0,0.4,5,15,1.0,0.5,1.0,0.6666666666666666,1.0,2,2,0,29,0.0337761670234613,0.0538828339776955,0.0026164170121774,0.0991443750099279,edge_S4_seed41_tau0p75_k25,1263,2526,12.63,7.2842,0.033387,0.0538828339776955,S4,0.75,25,weak
fcgnn,41,S4_weak_campaign,5,1.0,5,15,0,0,0.125,1.0,0.2222222222222222,1.0,0.0,0.2229714285714286,0.0800098036781481,25,89,0.25,1.0,0.4,5,15,1.0,0.5,1.0,0.6666666666666666,1.0,2,2,0,30,0.0300924160401336,0.0421636250102892,0.0025074580335058,0.0831576249911449,edge_S4_seed41_tau0p75_k5,793,1586,7.93,5.2963,0.029705,0.0421636250102892,S4,0.75,5,weak
fcgnn,41,S4_weak_campaign,5,1.0,5,15,0,0,0.125,1.0,0.2222222222222222,1.0,0.0,0.2229714285714286,0.0800098036781481,25,89,0.25,1.0,0.4,5,15,1.0,0.5,1.0,0.6666666666666666,1.0,2,2,0,29,0.0327608750085346,0.0531662909779697,0.0025723330327309,0.0970442080288194,edge_S4_seed41_tau0p75_k50,1263,2526,12.63,7.2842,0.032358,0.0531662909779697,S4,0.75,50,weak
fcgnn,41,S4_weak_campaign,5,1.0,5,15,0,0,0.125,1.0,0.2222222222222222,1.0,0.0,0.2229714285714286,0.0800098036781481,25,89,0.25,1.0,0.4,5,15,1.0,0.5,1.0,0.6666666666666666,1.0,2,2,0,28,0.0363056249916553,0.0546488330001011,0.0031506660161539,0.1027561670052819,edge_S4_seed41_tau0p80_k10,1203,2406,12.03,7.6475,0.035794,0.0546488330001011,S4,0.8,10,weak
fcgnn,41,S4_weak_campaign,5,1.0,5,15,0,0,0.125,1.0,0.2222222222222222,1.0,0.0,0.2229714285714286,0.0800098036781481,25,89,0.25,1.0,0.4,5,15,1.0,0.5,1.0,0.6666666666666666,1.0,2,2,0,28,0.033729291986674,0.0561271670158021,0.0024499999708496,0.1002287499723024,edge_S4_seed41_tau0p80_k25,1203,2406,12.03,7.6475,0.033306,0.0561271670158021,S4,0.8,25,weak
fcgnn,41,S4_weak_campaign,5,1.0,5,15,0,0,0.125,1.0,0.2222222222222222,1.0,0.0,0.2229714285714286,0.0800098036781481,25,89,0.25,1.0,0.4,5,15,1.0,0.5,1.0,0.6666666666666666,1.0,2,2,0,33,0.0275828330195508,0.0456954999826848,0.003010583051946,0.0853245420148596,edge_S4_seed41_tau0p80_k5,752,1504,7.52,5.5851,0.0272,0.0456954999826848,S4,0.8,5,weak
fcgnn,41,S4_weak_campaign,5,1.0,5,15,0,0,0.125,1.0,0.2222222222222222,1.0,0.0,0.2229714285714286,0.0800098036781481,25,89,0.25,1.0,0.4,5,15,1.0,0.5,1.0,0.6666666666666666,1.0,2,2,0,28,0.035733374999836,0.0519117919611744,0.0026436670450493,0.0983680830104276,edge_S4_seed41_tau0p80_k50,1203,2406,12.03,7.6475,0.035253,0.0519117919611744,S4,0.8,50,weak
fcgnn,41,S4_weak_campaign,5,1.0,5,15,0,0,0.125,1.0,0.2222222222222222,1.0,0.0,0.2229714285714286,0.0800098036781481,25,89,0.25,1.0,0.4,5,15,1.0,0.5,1.0,0.6666666666666666,1.0,2,2,0,31,0.0329614160000346,0.178997416049242,0.0129078750032931,0.2490545830223709,edge_S4_seed41_tau0p85_k10,1113,2226,11.13,8.2659,0.032551,0.178997416049242,S4,0.85,10,weak
fcgnn,41,S4_weak_campaign,5,1.0,5,15,0,0,0.125,1.0,0.2222222222222222,1.0,0.0,0.2229714285714286,0.0800098036781481,25,89,0.25,1.0,0.4,5,15,1.0,0.5,1.0,0.6666666666666666,1.0,2,2,0,31,0.03920899995137,0.0921957500395365,0.0027975420234724,0.1430425839498639,edge_S4_seed41_tau0p85_k25,1113,2226,11.13,8.2659,0.038663,0.0921957500395365,S4,0.85,25,weak
fcgnn,41,S4_weak_campaign,5,1.0,5,15,0,0,0.125,1.0,0.2222222222222222,1.0,0.0,0.2229714285714286,0.0800098036781481,25,89,0.25,1.0,0.4,5,15,1.0,0.5,1.0,0.6666666666666666,1.0,2,2,0,31,0.0307738750125281,0.0423390000360086,0.0026842919760383,0.0838037090143188,edge_S4_seed41_tau0p85_k5,704,1408,7.04,5.9659,0.030384,0.0423390000360086,S4,0.85,5,weak
fcgnn,41,S4_weak_campaign,5,1.0,5,15,0,0,0.125,1.0,0.2222222222222222,1.0,0.0,0.2229714285714286,0.0800098036781481,25,89,0.25,1.0,0.4,5,15,1.0,0.5,1.0,0.6666666666666666,1.0,2,2,0,31,0.0356722080032341,0.0522124579874798,0.0030491250217892,0.1005344999721273,edge_S4_seed41_tau0p85_k50,1113,2226,11.13,8.2659,0.035136,0.0522124579874798,S4,0.85,50,weak
fcgnn,41,S4_weak_campaign,5,1.0,5,15,0,0,0.125,1.0,0.2222222222222222,1.0,0.0,0.2229714285714286,0.0800098036781481,25,89,0.25,1.0,0.4,5,15,1.0,0.5,1.0,0.6666666666666666,1.0,2,2,0,33,0.0343669169815257,0.0454737080144695,0.0024412500206381,0.0904231669846922,edge_S4_seed41_tau0p90_k10,930,1860,9.3,9.8925,0.033801,0.0454737080144695,S4,0.9,10,weak
fcgnn,41,S4_weak_campaign,5,1.0,5,15,0,0,0.125,1.0,0.2222222222222222,1.0,0.0,0.2229714285714286,0.0800098036781481,25,89,0.25,1.0,0.4,5,15,1.0,0.5,1.0,0.6666666666666666,1.0,2,2,0,33,0.0348021250101737,0.0526674999855458,0.0031541250064037,0.0991412500152364,edge_S4_seed41_tau0p90_k25,930,1860,9.3,9.8925,0.034238,0.0526674999855458,S4,0.9,25,weak
fcgnn,41,S4_weak_campaign,5,1.0,5,15,0,0,0.125,1.0,0.2222222222222222,1.0,0.0,0.2229714285714286,0.0800098036781481,25,89,0.25,1.0,0.4,5,15,1.0,0.5,1.0,0.6666666666666666,1.0,2,2,0,33,0.0284072909853421,0.0420642920071259,0.0025043750065378,0.0813552499748766,edge_S4_seed41_tau0p90_k5,626,1252,6.26,6.7093,0.027891,0.0420642920071259,S4,0.9,5,weak
fcgnn,41,S4_weak_campaign,5,1.0,5,15,0,0,0.125,1.0,0.2222222222222222,1.0,0.0,0.2229714285714286,0.0800098036781481,25,89,0.25,1.0,0.4,5,15,1.0,0.5,1.0,0.6666666666666666,1.0,2,2,0,33,0.0331047920044511,0.0442080840002745,0.0024289999855682,0.0889021249604411,edge_S4_seed41_tau0p90_k50,930,1860,9.3,9.8925,0.032565,0.0442080840002745,S4,0.9,50,weak
fcgnn,41,S4_weak_campaign,5,1.0,5,15,0,0,0.125,1.0,0.2222222222222222,1.0,0.0,0.2229714285714286,0.0800098036781481,25,89,0.25,1.0,0.4,5,15,1.0,0.5,1.0,0.6666666666666666,1.0,2,2,0,25,0.032563290966209,0.0411742080468684,0.0026379590271972,0.084351958008483,edge_S4_seed41_tau0p95_k10,597,1194,5.97,15.4104,0.032184,0.0411742080468684,S4,0.95,10,weak
fcgnn,41,S4_weak_campaign,5,1.0,5,15,0,0,0.125,1.0,0.2222222222222222,1.0,0.0,0.2229714285714286,0.0800098036781481,25,89,0.25,1.0,0.4,5,15,1.0,0.5,1.0,0.6666666666666666,1.0,2,2,0,25,0.032124624995049,0.0399831249960698,0.0026474160258658,0.0837085410021245,edge_S4_seed41_tau0p95_k25,597,1194,5.97,15.4104,0.031735,0.0399831249960698,S4,0.95,25,weak
fcgnn,41,S4_weak_campaign,5,1.0,5,15,0,0,0.125,1.0,0.2222222222222222,1.0,0.0,0.2229714285714286,0.0800098036781481,25,89,0.25,1.0,0.4,5,15,1.0,1.0,1.0,1.0,1.0,1,2,0,16,0.0273238339577801,0.0340567919774912,0.0024550830130465,0.072974290989805,edge_S4_seed41_tau0p95_k5,431,862,4.31,9.7448,0.026949,0.0340567919774912,S4,0.95,5,weak
fcgnn,41,S4_weak_campaign,5,1.0,5,15,0,0,0.125,1.0,0.2222222222222222,1.0,0.0,0.2229714285714286,0.0800098036781481,25,89,0.25,1.0,0.4,5,15,1.0,0.5,1.0,0.6666666666666666,1.0,2,2,0,25,0.0338397090090438,0.0463009160012006,0.0030029159970581,0.0919325000140816,edge_S4_seed41_tau0p95_k50,597,1194,5.97,15.4104,0.033447,0.0463009160012006,S4,0.95,50,weak
fcgnn,53,S4_weak_campaign,5,1.0,5,15,0,0,0.125,1.0,0.2222222222222222,1.0,0.0,0.2454857142857143,0.0819944654740873,25,94,0.25,1.0,0.4,5,15,1.0,1.0,1.0,1.0,1.0,1,2,0,14,0.031909082958009,0.0522113339975476,0.0026179580017924,0.0955999160069041,edge_S4_seed53_tau0p75_k10,1181,2362,11.81,6.7739,0.031512,0.0522113339975476,S4,0.75,10,weak
fcgnn,53,S4_weak_campaign,5,1.0,5,15,0,0,0.125,1.0,0.2222222222222222,1.0,0.0,0.2454857142857143,0.0819944654740873,25,94,0.25,1.0,0.4,5,15,1.0,1.0,1.0,1.0,1.0,1,2,0,14,0.0335092500317841,0.053100999968592,0.0022350000217556,0.0970599590218626,edge_S4_seed53_tau0p75_k25,1181,2362,11.81,6.7739,0.033089,0.053100999968592,S4,0.75,25,weak
fcgnn,53,S4_weak_campaign,5,1.0,5,15,0,0,0.125,1.0,0.2222222222222222,1.0,0.0,0.2454857142857143,0.0819944654740873,25,94,0.25,1.0,0.4,5,15,1.0,1.0,1.0,1.0,1.0,1,2,0,13,0.0286399169708602,0.0415099999518133,0.0022511249990202,0.0816232090000994,edge_S4_seed53_tau0p75_k5,734,1468,7.34,5.3134,0.02825,0.0415099999518133,S4,0.75,5,weak
fcgnn,53,S4_weak_campaign,5,1.0,5,15,0,0,0.125,1.0,0.2222222222222222,1.0,0.0,0.2454857142857143,0.0819944654740873,25,94,0.25,1.0,0.4,5,15,1.0,1.0,1.0,1.0,1.0,1,2,0,14,0.0347368749789893,0.0561144580133259,0.0023205420002341,0.101956375001464,edge_S4_seed53_tau0p75_k50,1181,2362,11.81,6.7739,0.034338,0.0561144580133259,S4,0.75,50,weak
fcgnn,53,S4_weak_campaign,5,1.0,5,15,0,0,0.125,1.0,0.2222222222222222,1.0,0.0,0.2454857142857143,0.0819944654740873,25,94,0.25,1.0,0.4,5,15,1.0,1.0,1.0,1.0,1.0,1,2,0,14,0.0327274589799344,0.0560510409995913,0.0026668749633245,0.1000577499507926,edge_S4_seed53_tau0p80_k10,1130,2260,11.3,7.0796,0.032308,0.0560510409995913,S4,0.8,10,weak
fcgnn,53,S4_weak_campaign,5,1.0,5,15,0,0,0.125,1.0,0.2222222222222222,1.0,0.0,0.2454857142857143,0.0819944654740873,25,94,0.25,1.0,0.4,5,15,1.0,1.0,1.0,1.0,1.0,1,2,0,14,0.0515215839841403,0.0737931669573299,0.0023807500256225,0.1379069999675266,edge_S4_seed53_tau0p80_k25,1130,2260,11.3,7.0796,0.050875,0.0737931669573299,S4,0.8,25,weak
fcgnn,53,S4_weak_campaign,5,1.0,5,15,0,0,0.125,1.0,0.2222222222222222,1.0,0.0,0.2454857142857143,0.0819944654740873,25,94,0.25,1.0,0.4,5,15,1.0,1.0,1.0,1.0,1.0,1,2,0,13,0.0275829580496065,0.0427760420134291,0.0023185409954749,0.0810655829845927,edge_S4_seed53_tau0p80_k5,709,1418,7.09,5.5007,0.0272,0.0427760420134291,S4,0.8,5,weak
fcgnn,53,S4_weak_campaign,5,1.0,5,15,0,0,0.125,1.0,0.2222222222222222,1.0,0.0,0.2454857142857143,0.0819944654740873,25,94,0.25,1.0,0.4,5,15,1.0,1.0,1.0,1.0,1.0,1,2,0,14,0.0342300829943269,0.057036624988541,0.0023849590215831,0.101582542003598,edge_S4_seed53_tau0p80_k50,1130,2260,11.3,7.0796,0.03381,0.057036624988541,S4,0.8,50,weak
fcgnn,53,S4_weak_campaign,5,1.0,5,15,0,0,0.125,1.0,0.2222222222222222,1.0,0.0,0.2454857142857143,0.0819944654740873,25,94,0.25,1.0,0.4,5,15,1.0,1.0,1.0,1.0,1.0,1,2,0,17,0.0363851250149309,0.0465780000085942,0.0022173749748617,0.0930387920234352,edge_S4_seed53_tau0p85_k10,1007,2014,10.07,7.9444,0.035978,0.0465780000085942,S4,0.85,10,weak
fcgnn,53,S4_weak_campaign,5,1.0,5,15,0,0,0.125,1.0,0.2222222222222222,1.0,0.0,0.2454857142857143,0.0819944654740873,25,94,0.25,1.0,0.4,5,15,1.0,1.0,1.0,1.0,1.0,1,2,0,17,0.03402374999132,0.0466811250080354,0.0026103749987669,0.0913166660466231,edge_S4_seed53_tau0p85_k25,1007,2014,10.07,7.9444,0.03358,0.0466811250080354,S4,0.85,25,weak
fcgnn,53,S4_weak_campaign,5,1.0,5,15,0,0,0.125,1.0,0.2222222222222222,1.0,0.0,0.2454857142857143,0.0819944654740873,25,94,0.25,1.0,0.4,5,15,1.0,1.0,1.0,1.0,1.0,1,2,0,13,0.0313990419963374,0.0675735410186462,0.003455749945715,0.1117023340193554,edge_S4_seed53_tau0p85_k5,640,1280,6.4,6.0938,0.030213,0.0675735410186462,S4,0.85,5,weak
fcgnn,53,S4_weak_campaign,5,1.0,5,15,0,0,0.125,1.0,0.2222222222222222,1.0,0.0,0.2454857142857143,0.0819944654740873,25,94,0.25,1.0,0.4,5,15,1.0,1.0,1.0,1.0,1.0,1,2,0,17,0.0349178750184364,0.0447864170419052,0.0024965000338852,0.0905868340050801,edge_S4_seed53_tau0p85_k50,1007,2014,10.07,7.9444,0.034476,0.0447864170419052,S4,0.85,50,weak
fcgnn,53,S4_weak_campaign,5,1.0,5,15,0,0,0.125,1.0,0.2222222222222222,1.0,0.0,0.2454857142857143,0.0819944654740873,25,94,0.25,1.0,0.4,5,15,1.0,0.5,1.0,0.6666666666666666,1.0,2,2,0,30,0.0330126250046305,0.0431439999956637,0.0027468749904073,0.086967084032949,edge_S4_seed53_tau0p90_k10,837,1674,8.37,9.5579,0.032614,0.0431439999956637,S4,0.9,10,weak
fcgnn,53,S4_weak_campaign,5,1.0,5,15,0,0,0.125,1.0,0.2222222222222222,1.0,0.0,0.2454857142857143,0.0819944654740873,25,94,0.25,1.0,0.4,5,15,1.0,0.5,1.0,0.6666666666666666,1.0,2,2,0,30,0.0342416249914094,0.0441558339516632,0.0025574170285835,0.0893399579799734,edge_S4_seed53_tau0p90_k25,837,1674,8.37,9.5579,0.033808,0.0441558339516632,S4,0.9,25,weak
fcgnn,53,S4_weak_campaign,5,1.0,5,15,0,0,0.125,1.0,0.2222222222222222,1.0,0.0,0.2454857142857143,0.0819944654740873,25,94,0.25,1.0,0.4,5,15,1.0,1.0,1.0,1.0,1.0,1,2,0,16,0.0283035419997759,0.0422094159875996,0.002356375043746,0.0805739589850418,edge_S4_seed53_tau0p90_k5,534,1068,5.34,7.3034,0.027858,0.0422094159875996,S4,0.9,5,weak
fcgnn,53,S4_weak_campaign,5,1.0,5,15,0,0,0.125,1.0,0.2222222222222222,1.0,0.0,0.2454857142857143,0.0819944654740873,25,94,0.25,1.0,0.4,5,15,1.0,0.5,1.0,0.6666666666666666,1.0,2,2,0,30,0.0318899159901775,0.0421703750034794,0.002617415972054,0.085511667013634,edge_S4_seed53_tau0p90_k50,837,1674,8.37,9.5579,0.031499,0.0421703750034794,S4,0.9,50,weak
fcgnn,53,S4_weak_campaign,5,1.0,5,15,0,0,0.125,1.0,0.2222222222222222,1.0,0.0,0.2454857142857143,0.0819944654740873,25,94,0.25,1.0,0.4,5,15,1.0,1.0,1.0,1.0,1.0,1,2,0,18,0.0333430410246364,0.0426451659877784,0.0023847499978728,0.0868496670154854,edge_S4_seed53_tau0p95_k10,539,1078,5.39,14.8423,0.032975,0.0426451659877784,S4,0.95,10,weak
fcgnn,53,S4_weak_campaign,5,1.0,5,15,0,0,0.125,1.0,0.2222222222222222,1.0,0.0,0.2454857142857143,0.0819944654740873,25,94,0.25,1.0,0.4,5,15,1.0,1.0,1.0,1.0,1.0,1,2,0,18,0.0319305830053053,0.0380431250086985,0.0022026670048944,0.0821540000033564,edge_S4_seed53_tau0p95_k25,539,1078,5.39,14.8423,0.031562,0.0380431250086985,S4,0.95,25,weak
fcgnn,53,S4_weak_campaign,5,1.0,5,15,0,0,0.125,1.0,0.2222222222222222,1.0,0.0,0.2454857142857143,0.0819944654740873,25,94,0.25,1.0,0.4,5,15,1.0,1.0,1.0,1.0,1.0,1,2,0,16,0.0266379999811761,0.0332983750267885,0.0022502909996546,0.0699933340074494,edge_S4_seed53_tau0p95_k5,388,776,3.88,10.0515,0.026244,0.0332983750267885,S4,0.95,5,weak
fcgnn,53,S4_weak_campaign,5,1.0,5,15,0,0,0.125,1.0,0.2222222222222222,1.0,0.0,0.2454857142857143,0.0819944654740873,25,94,0.25,1.0,0.4,5,15,1.0,1.0,1.0,1.0,1.0,1,2,0,18,0.0338730419753119,0.0417339170235209,0.002230874961242,0.0879014999954961,edge_S4_seed53_tau0p95_k50,539,1078,5.39,14.8423,0.033412,0.0417339170235209,S4,0.95,50,weak
fcgnn,67,S4_weak_campaign,5,1.0,5,15,0,0,0.125,1.0,0.2222222222222222,1.0,0.0,0.2608,0.083354060538911,25,95,0.25,1.0,0.4,5,15,1.0,1.0,1.0,1.0,1.0,1,2,0,24,0.0849508329993113,0.2083436669781804,0.0024085420300252,0.3046513749868609,edge_S4_seed67_tau0p75_k10,1202,2404,12.02,7.0715,0.084446,0.2083436669781804,S4,0.75,10,weak
fcgnn,67,S4_weak_campaign,5,1.0,5,15,0,0,0.125,1.0,0.2222222222222222,1.0,0.0,0.2608,0.083354060538911,25,95,0.25,1.0,0.4,5,15,1.0,1.0,1.0,1.0,1.0,1,2,0,24,0.035672792000696,0.0538962919963523,0.0022384999901987,0.0997693330282345,edge_S4_seed67_tau0p75_k25,1202,2404,12.02,7.0715,0.035107,0.0538962919963523,S4,0.75,25,weak
fcgnn,67,S4_weak_campaign,5,1.0,5,15,0,0,0.125,1.0,0.2222222222222222,1.0,0.0,0.2608,0.083354060538911,25,95,0.25,1.0,0.4,5,15,1.0,1.0,1.0,1.0,1.0,1,2,0,20,0.0282088330131955,0.0418195420061238,0.0023263749899342,0.0814647920196875,edge_S4_seed67_tau0p75_k5,737,1474,7.37,4.6133,0.027821,0.0418195420061238,S4,0.75,5,weak
fcgnn,67,S4_weak_campaign,5,1.0,5,15,0,0,0.125,1.0,0.2222222222222222,1.0,0.0,0.2608,0.083354060538911,25,95,0.25,1.0,0.4,5,15,1.0,1.0,1.0,1.0,1.0,1,2,0,24,0.0327354170149192,0.0529145409818738,0.002355083997827,0.0966133750043809,edge_S4_seed67_tau0p75_k50,1202,2404,12.02,7.0715,0.0323,0.0529145409818738,S4,0.75,50,weak
fcgnn,67,S4_weak_campaign,5,1.0,5,15,0,0,0.125,1.0,0.2222222222222222,1.0,0.0,0.2608,0.083354060538911,25,95,0.25,1.0,0.4,5,15,1.0,1.0,1.0,1.0,1.0,1,2,0,24,0.0346224579843692,0.0522501249797642,0.0022257909877225,0.097089540970046,edge_S4_seed67_tau0p80_k10,1135,2270,11.35,7.489,0.034199,0.0522501249797642,S4,0.8,10,weak
fcgnn,67,S4_weak_campaign,5,1.0,5,15,0,0,0.125,1.0,0.2222222222222222,1.0,0.0,0.2608,0.083354060538911,25,95,0.25,1.0,0.4,5,15,1.0,1.0,1.0,1.0,1.0,1,2,0,24,0.0364645419758744,0.0554241249919869,0.0022291670320555,0.1022119999979622,edge_S4_seed67_tau0p80_k25,1135,2270,11.35,7.489,0.036023,0.0554241249919869,S4,0.8,25,weak
fcgnn,67,S4_weak_campaign,5,1.0,5,15,0,0,0.125,1.0,0.2222222222222222,1.0,0.0,0.2608,0.083354060538911,25,95,0.25,1.0,0.4,5,15,1.0,1.0,1.0,1.0,1.0,1,2,0,20,0.0290448330342769,0.0430400000186637,0.0026657080161385,0.0827710829908028,edge_S4_seed67_tau0p80_k5,699,1398,6.99,4.8641,0.028667,0.0430400000186637,S4,0.8,5,weak
fcgnn,67,S4_weak_campaign,5,1.0,5,15,0,0,0.125,1.0,0.2222222222222222,1.0,0.0,0.2608,0.083354060538911,25,95,0.25,1.0,0.4,5,15,1.0,1.0,1.0,1.0,1.0,1,2,0,24,0.0336698329774662,0.0545201249769888,0.0028612079913727,0.1000310840317979,edge_S4_seed67_tau0p80_k50,1135,2270,11.35,7.489,0.033267,0.0545201249769888,S4,0.8,50,weak
fcgnn,67,S4_weak_campaign,5,1.0,5,15,0,0,0.125,1.0,0.2222222222222222,1.0,0.0,0.2608,0.083354060538911,25,95,0.25,1.0,0.4,5,15,1.0,1.0,1.0,1.0,1.0,1,2,0,22,0.0338474579621106,0.0519716249546036,0.0023542920243926,0.0971028339699842,edge_S4_seed67_tau0p85_k10,1027,2054,10.27,8.2765,0.033383,0.0519716249546036,S4,0.85,10,weak
fcgnn,67,S4_weak_campaign,5,1.0,5,15,0,0,0.125,1.0,0.2222222222222222,1.0,0.0,0.2608,0.083354060538911,25,95,0.25,1.0,0.4,5,15,1.0,1.0,1.0,1.0,1.0,1,2,0,22,0.0343349580070935,0.05490866699256,0.0021844160510227,0.099430082947947,edge_S4_seed67_tau0p85_k25,1027,2054,10.27,8.2765,0.033857,0.05490866699256,S4,0.85,25,weak
fcgnn,67,S4_weak_campaign,5,1.0,5,15,0,0,0.125,1.0,0.2222222222222222,1.0,0.0,0.2608,0.083354060538911,25,95,0.25,1.0,0.4,5,15,1.0,1.0,1.0,1.0,1.0,1,2,0,20,0.0282729580067098,0.0426649170112796,0.0024072499945759,0.0811304579838179,edge_S4_seed67_tau0p85_k5,641,1282,6.41,5.3042,0.027895,0.0426649170112796,S4,0.85,5,weak
fcgnn,67,S4_weak_campaign,5,1.0,5,15,0,0,0.125,1.0,0.2222222222222222,1.0,0.0,0.2608,0.083354060538911,25,95,0.25,1.0,0.4,5,15,1.0,1.0,1.0,1.0,1.0,1,2,0,22,0.0323379170149564,0.0526446250150911,0.0021731249871663,0.095484416000545,edge_S4_seed67_tau0p85_k50,1027,2054,10.27,8.2765,0.031934,0.0526446250150911,S4,0.85,50,weak
fcgnn,67,S4_weak_campaign,5,1.0,5,15,0,0,0.125,1.0,0.2222222222222222,1.0,0.0,0.2608,0.083354060538911,25,95,0.25,1.0,0.4,5,15,1.0,1.0,1.0,1.0,1.0,1,2,0,20,0.0331460000015795,0.0430750829982571,0.0023975000367499,0.0870634160237386,edge_S4_seed67_tau0p90_k10,879,1758,8.79,9.6701,0.032752,0.0430750829982571,S4,0.9,10,weak
fcgnn,67,S4_weak_campaign,5,1.0,5,15,0,0,0.125,1.0,0.2222222222222222,1.0,0.0,0.2608,0.083354060538911,25,95,0.25,1.0,0.4,5,15,1.0,1.0,1.0,1.0,1.0,1,2,0,20,0.0329383749631233,0.0459876660024747,0.002322708023712,0.0894730000291019,edge_S4_seed67_tau0p90_k25,879,1758,8.79,9.6701,0.032543,0.0459876660024747,S4,0.9,25,weak
fcgnn,67,S4_weak_campaign,5,1.0,5,15,0,0,0.125,1.0,0.2222222222222222,1.0,0.0,0.2608,0.083354060538911,25,95,0.25,1.0,0.4,5,15,1.0,1.0,1.0,1.0,1.0,1,2,0,21,0.0278649170068092,0.0430097500211559,0.0022995409672148,0.0813454169547185,edge_S4_seed67_tau0p90_k5,559,1118,5.59,6.0823,0.027482,0.0430097500211559,S4,0.9,5,weak
fcgnn,67,S4_weak_campaign,5,1.0,5,15,0,0,0.125,1.0,0.2222222222222222,1.0,0.0,0.2608,0.083354060538911,25,95,0.25,1.0,0.4,5,15,1.0,1.0,1.0,1.0,1.0,1,2,0,20,0.0327970000216737,0.0451250420301221,0.0028090829728171,0.0886166669661179,edge_S4_seed67_tau0p90_k50,879,1758,8.79,9.6701,0.032377,0.0451250420301221,S4,0.9,50,weak
fcgnn,67,S4_weak_campaign,5,1.0,5,15,0,0,0.125,1.0,0.2222222222222222,1.0,0.0,0.2608,0.083354060538911,25,95,0.25,1.0,0.4,5,15,1.0,1.0,1.0,1.0,1.0,1,2,0,21,0.0318614999996498,0.0433146249852143,0.002201082999818,0.0852284589782357,edge_S4_seed67_tau0p95_k10,565,1130,5.65,15.0442,0.031479,0.0433146249852143,S4,0.95,10,weak
fcgnn,67,S4_weak_campaign,5,1.0,5,15,0,0,0.125,1.0,0.2222222222222222,1.0,0.0,0.2608,0.083354060538911,25,95,0.25,1.0,0.4,5,15,1.0,1.0,1.0,1.0,1.0,1,2,0,21,0.0384298330172896,0.0526893330388702,0.0023667499772273,0.1049987080041319,edge_S4_seed67_tau0p95_k25,565,1130,5.65,15.0442,0.0379,0.0526893330388702,S4,0.95,25,weak
fcgnn,67,S4_weak_campaign,5,1.0,5,15,0,0,0.125,1.0,0.2222222222222222,1.0,0.0,0.2608,0.083354060538911,25,95,0.25,1.0,0.4,5,15,1.0,1.0,1.0,1.0,1.0,1,2,0,20,0.0306799170211888,0.0361306249978952,0.0023073329939506,0.0772368329926393,edge_S4_seed67_tau0p95_k5,396,792,3.96,8.5859,0.030309,0.0361306249978952,S4,0.95,5,weak
fcgnn,67,S4_weak_campaign,5,1.0,5,15,0,0,0.125,1.0,0.2222222222222222,1.0,0.0,0.2608,0.083354060538911,25,95,0.25,1.0,0.4,5,15,1.0,1.0,1.0,1.0,1.0,1,2,0,21,0.0339075420051813,0.0452527910238131,0.0022796670091338,0.0942674999823793,edge_S4_seed67_tau0p95_k50,565,1130,5.65,15.0442,0.033523,0.0452527910238131,S4,0.95,50,weak
fcgnn,71,S4_weak_campaign,5,1.0,5,15,0,0,0.125,1.0,0.2222222222222222,1.0,0.0,0.2505142857142857,0.0827910976804808,25,86,0.25,1.0,0.4,5,15,1.0,0.5,1.0,0.6666666666666666,1.0,2,2,0,26,0.0341933750314638,0.054221166006755,0.00250150001375,0.098833458032459,edge_S4_seed71_tau0p75_k10,1177,2354,11.77,8.3263,0.033788,0.054221166006755,S4,0.75,10,weak
fcgnn,71,S4_weak_campaign,5,1.0,5,15,0,0,0.125,1.0,0.2222222222222222,1.0,0.0,0.2505142857142857,0.0827910976804808,25,86,0.25,1.0,0.4,5,15,1.0,0.5,1.0,0.6666666666666666,1.0,2,2,0,26,0.0373543329769745,0.0556650829967111,0.0025649999734014,0.1036630409653298,edge_S4_seed71_tau0p75_k25,1177,2354,11.77,8.3263,0.036933,0.0556650829967111,S4,0.75,25,weak
fcgnn,71,S4_weak_campaign,5,1.0,5,15,0,0,0.125,1.0,0.2222222222222222,1.0,0.0,0.2505142857142857,0.0827910976804808,25,86,0.25,1.0,0.4,5,15,1.0,1.0,1.0,1.0,1.0,1,2,0,12,0.0353856669971719,0.0586362080066464,0.0030972919776104,0.1061805000063031,edge_S4_seed71_tau0p75_k5,721,1442,7.21,5.5479,0.034919,0.0586362080066464,S4,0.75,5,weak
fcgnn,71,S4_weak_campaign,5,1.0,5,15,0,0,0.125,1.0,0.2222222222222222,1.0,0.0,0.2505142857142857,0.0827910976804808,25,86,0.25,1.0,0.4,5,15,1.0,0.5,1.0,0.6666666666666666,1.0,2,2,0,26,0.0328801249852404,0.0565282080206088,0.0025081249768845,0.1008845419855788,edge_S4_seed71_tau0p75_k50,1177,2354,11.77,8.3263,0.032278,0.0565282080206088,S4,0.75,50,weak
fcgnn,71,S4_weak_campaign,5,1.0,5,15,0,0,0.125,1.0,0.2222222222222222,1.0,0.0,0.2505142857142857,0.0827910976804808,25,86,0.25,1.0,0.4,5,15,1.0,0.5,1.0,0.6666666666666666,1.0,2,2,0,20,0.0326297910069115,0.0491303749731741,0.0026551670162007,0.093018084007781,edge_S4_seed71_tau0p80_k10,1101,2202,11.01,8.901,0.032227,0.0491303749731741,S4,0.8,10,weak
fcgnn,71,S4_weak_campaign,5,1.0,5,15,0,0,0.125,1.0,0.2222222222222222,1.0,0.0,0.2505142857142857,0.0827910976804808,25,86,0.25,1.0,0.4,5,15,1.0,0.5,1.0,0.6666666666666666,1.0,2,2,0,20,0.035853459034115,0.0505438750260509,0.0028467499651014,0.0973037920193746,edge_S4_seed71_tau0p80_k25,1101,2202,11.01,8.901,0.035376,0.0505438750260509,S4,0.8,25,weak
fcgnn,71,S4_weak_campaign,5,1.0,5,15,0,0,0.125,1.0,0.2222222222222222,1.0,0.0,0.2505142857142857,0.0827910976804808,25,86,0.25,1.0,0.4,5,15,1.0,0.5,1.0,0.6666666666666666,1.0,2,2,0,23,0.0296119169797748,0.0406077500083483,0.0030704169766977,0.0817265000077895,edge_S4_seed71_tau0p80_k5,683,1366,6.83,5.8565,0.029236,0.0406077500083483,S4,0.8,5,weak
fcgnn,71,S4_weak_campaign,5,1.0,5,15,0,0,0.125,1.0,0.2222222222222222,1.0,0.0,0.2505142857142857,0.0827910976804808,25,86,0.25,1.0,0.4,5,15,1.0,0.5,1.0,0.6666666666666666,1.0,2,2,0,20,0.0411487080273218,0.066400000010617,0.0034190420410595,0.1198528339737095,edge_S4_seed71_tau0p80_k50,1101,2202,11.01,8.901,0.040608,0.066400000010617,S4,0.8,50,weak
fcgnn,71,S4_weak_campaign,5,1.0,5,15,0,0,0.125,1.0,0.2222222222222222,1.0,0.0,0.2505142857142857,0.0827910976804808,25,86,0.25,1.0,0.4,5,15,1.0,0.5,1.0,0.6666666666666666,1.0,2,2,0,26,0.034354000003077,0.0468558329739607,0.0026241669547744,0.0930289999814704,edge_S4_seed71_tau0p85_k10,1010,2020,10.1,9.703,0.033907,0.0468558329739607,S4,0.85,10,weak
fcgnn,71,S4_weak_campaign,5,1.0,5,15,0,0,0.125,1.0,0.2222222222222222,1.0,0.0,0.2505142857142857,0.0827910976804808,25,86,0.25,1.0,0.4,5,15,1.0,0.5,1.0,0.6666666666666666,1.0,2,2,0,26,0.0333944999729283,0.0445493329898454,0.002438333001919,0.0883262080023996,edge_S4_seed71_tau0p85_k25,1010,2020,10.1,9.703,0.032799,0.0445493329898454,S4,0.85,25,weak
fcgnn,71,S4_weak_campaign,5,1.0,5,15,0,0,0.125,1.0,0.2222222222222222,1.0,0.0,0.2505142857142857,0.0827910976804808,25,86,0.25,1.0,0.4,5,15,1.0,0.0,1.0,0.0,1.0,3,2,0,36,0.0305882910033687,0.0438084169873036,0.0026699160225689,0.0856244580354541,edge_S4_seed71_tau0p85_k5,630,1260,6.3,6.3492,0.030204,0.0438084169873036,S4,0.85,5,weak
fcgnn,71,S4_weak_campaign,5,1.0,5,15,0,0,0.125,1.0,0.2222222222222222,1.0,0.0,0.2505142857142857,0.0827910976804808,25,86,0.25,1.0,0.4,5,15,1.0,0.5,1.0,0.6666666666666666,1.0,2,2,0,26,0.1040655000251717,0.1175878329668194,0.0032443750533275,0.2353999170009046,edge_S4_seed71_tau0p85_k50,1010,2020,10.1,9.703,0.103032,0.1175878329668194,S4,0.85,50,weak
fcgnn,71,S4_weak_campaign,5,1.0,5,15,0,0,0.125,1.0,0.2222222222222222,1.0,0.0,0.2505142857142857,0.0827910976804808,25,86,0.25,1.0,0.4,5,15,1.0,1.0,1.0,1.0,1.0,1,2,0,10,0.0339916250086389,0.040566082985606,0.0026571250054985,0.0848407499724999,edge_S4_seed71_tau0p90_k10,829,1658,8.29,11.8215,0.033581,0.040566082985606,S4,0.9,10,weak
fcgnn,71,S4_weak_campaign,5,1.0,5,15,0,0,0.125,1.0,0.2222222222222222,1.0,0.0,0.2505142857142857,0.0827910976804808,25,86,0.25,1.0,0.4,5,15,1.0,1.0,1.0,1.0,1.0,1,2,0,10,0.0358028750051744,0.0427157920203171,0.0022705419687554,0.0885540000163018,edge_S4_seed71_tau0p90_k25,829,1658,8.29,11.8215,0.035408,0.0427157920203171,S4,0.9,25,weak
fcgnn,71,S4_weak_campaign,5,1.0,5,15,0,0,0.125,1.0,0.2222222222222222,1.0,0.0,0.2505142857142857,0.0827910976804808,25,86,0.25,1.0,0.4,5,15,1.0,0.5,1.0,0.6666666666666666,1.0,2,2,0,23,0.0302177080302499,0.0435100410250015,0.0030302500235848,0.0854496670071967,edge_S4_seed71_tau0p90_k5,526,1052,5.26,7.6046,0.029838,0.0435100410250015,S4,0.9,5,weak
fcgnn,71,S4_weak_campaign,5,1.0,5,15,0,0,0.125,1.0,0.2222222222222222,1.0,0.0,0.2505142857142857,0.0827910976804808,25,86,0.25,1.0,0.4,5,15,1.0,1.0,1.0,1.0,1.0,1,2,0,10,0.0321428340394049,0.0433056660112924,0.0023959170212037,0.0856551659526303,edge_S4_seed71_tau0p90_k50,829,1658,8.29,11.8215,0.031637,0.0433056660112924,S4,0.9,50,weak
fcgnn,71,S4_weak_campaign,5,1.0,5,15,0,0,0.125,1.0,0.2222222222222222,1.0,0.0,0.2505142857142857,0.0827910976804808,25,86,0.25,1.0,0.4,5,15,1.0,1.0,1.0,1.0,1.0,1,2,0,13,0.0315076669794507,0.0394911670009605,0.00218379200669,0.081838666985277,edge_S4_seed71_tau0p95_k10,519,1038,5.19,18.8825,0.031109,0.0394911670009605,S4,0.95,10,weak
fcgnn,71,S4_weak_campaign,5,1.0,5,15,0,0,0.125,1.0,0.2222222222222222,1.0,0.0,0.2505142857142857,0.0827910976804808,25,86,0.25,1.0,0.4,5,15,1.0,1.0,1.0,1.0,1.0,1,2,0,13,0.031620749970898,0.0397071249899454,0.0023951670154929,0.0820870419847779,edge_S4_seed71_tau0p95_k25,519,1038,5.19,18.8825,0.031248,0.0397071249899454,S4,0.95,25,weak
fcgnn,71,S4_weak_campaign,5,1.0,5,15,0,0,0.125,1.0,0.2222222222222222,1.0,0.0,0.2505142857142857,0.0827910976804808,25,86,0.25,1.0,0.4,5,15,1.0,1.0,1.0,1.0,1.0,1,2,0,12,0.0275358749786391,0.0352218329790048,0.0022142080124467,0.0730222499696537,edge_S4_seed71_tau0p95_k5,370,740,3.7,10.8108,0.027171,0.0352218329790048,S4,0.95,5,weak
fcgnn,71,S4_weak_campaign,5,1.0,5,15,0,0,0.125,1.0,0.2222222222222222,1.0,0.0,0.2505142857142857,0.0827910976804808,25,86,0.25,1.0,0.4,5,15,1.0,1.0,1.0,1.0,1.0,1,2,0,13,0.0315288749989122,0.0380098749883472,0.0022932920255698,0.0793450420023873,edge_S4_seed71_tau0p95_k50,519,1038,5.19,18.8825,0.031151,0.0380098749883472,S4,0.95,50,weak
fcgnn,83,S4_weak_campaign,5,1.0,5,15,0,0,0.125,1.0,0.2222222222222222,1.0,0.0,0.2187428571428571,0.0797369465209327,25,85,0.25,1.0,0.4,5,15,1.0,0.5,1.0,0.6666666666666666,1.0,2,2,0,29,0.0353031670092605,0.0527870420482941,0.0027008330216631,0.0994401249918155,edge_S4_seed83_tau0p75_k10,1261,2522,12.61,7.7716,0.034799,0.0527870420482941,S4,0.75,10,weak
fcgnn,83,S4_weak_campaign,5,1.0,5,15,0,0,0.125,1.0,0.2222222222222222,1.0,0.0,0.2187428571428571,0.0797369465209327,25,85,0.25,1.0,0.4,5,15,1.0,0.5,1.0,0.6666666666666666,1.0,2,2,0,29,0.0343343749991618,0.0541063750279136,0.0024532499955967,0.0995844579883851,edge_S4_seed83_tau0p75_k25,1261,2522,12.61,7.7716,0.033851,0.0541063750279136,S4,0.75,25,weak
fcgnn,83,S4_weak_campaign,5,1.0,5,15,0,0,0.125,1.0,0.2222222222222222,1.0,0.0,0.2187428571428571,0.0797369465209327,25,85,0.25,1.0,0.4,5,15,1.0,0.5,1.0,0.6666666666666666,1.0,2,2,0,28,0.0282027079956606,0.0410032919608056,0.0024740000371821,0.0819167080335319,edge_S4_seed83_tau0p75_k5,789,1578,7.89,5.1965,0.027822,0.0410032919608056,S4,0.75,5,weak
fcgnn,83,S4_weak_campaign,5,1.0,5,15,0,0,0.125,1.0,0.2222222222222222,1.0,0.0,0.2187428571428571,0.0797369465209327,25,85,0.25,1.0,0.4,5,15,1.0,0.5,1.0,0.6666666666666666,1.0,2,2,0,29,0.0338743329630233,0.051496916974429,0.0024573330301791,0.0966067080153152,edge_S4_seed83_tau0p75_k50,1261,2522,12.61,7.7716,0.033474,0.051496916974429,S4,0.75,50,weak
fcgnn,83,S4_weak_campaign,5,1.0,5,15,0,0,0.125,1.0,0.2222222222222222,1.0,0.0,0.2187428571428571,0.0797369465209327,25,85,0.25,1.0,0.4,5,15,1.0,1.0,1.0,1.0,1.0,1,2,0,17,0.0404158749734051,0.0610966670210473,0.0035292080137878,0.1138400419731624,edge_S4_seed83_tau0p80_k10,1168,2336,11.68,8.3904,0.039816,0.0610966670210473,S4,0.8,10,weak
fcgnn,83,S4_weak_campaign,5,1.0,5,15,0,0,0.125,1.0,0.2222222222222222,1.0,0.0,0.2187428571428571,0.0797369465209327,25,85,0.25,1.0,0.4,5,15,1.0,1.0,1.0,1.0,1.0,1,2,0,17,0.0336111250217072,0.0579482080065645,0.0026659579598344,0.1036690829787403,edge_S4_seed83_tau0p80_k25,1168,2336,11.68,8.3904,0.033227,0.0579482080065645,S4,0.8,25,weak
fcgnn,83,S4_weak_campaign,5,1.0,5,15,0,0,0.125,1.0,0.2222222222222222,1.0,0.0,0.2187428571428571,0.0797369465209327,25,85,0.25,1.0,0.4,5,15,1.0,0.5,1.0,0.6666666666666666,1.0,2,2,0,29,0.0303990000393241,0.0436319169821217,0.0026151250349357,0.0854975410038605,edge_S4_seed83_tau0p80_k5,747,1494,7.47,5.4886,0.03,0.0436319169821217,S4,0.8,5,weak
fcgnn,83,S4_weak_campaign,5,1.0,5,15,0,0,0.125,1.0,0.2222222222222222,1.0,0.0,0.2187428571428571,0.0797369465209327,25,85,0.25,1.0,0.4,5,15,1.0,1.0,1.0,1.0,1.0,1,2,0,17,0.0329918749630451,0.0548790839966386,0.0025368750211782,0.0990578330238349,edge_S4_seed83_tau0p80_k50,1168,2336,11.68,8.3904,0.032614,0.0548790839966386,S4,0.8,50,weak
fcgnn,83,S4_weak_campaign,5,1.0,5,15,0,0,0.125,1.0,0.2222222222222222,1.0,0.0,0.2187428571428571,0.0797369465209327,25,85,0.25,1.0,0.4,5,15,1.0,0.5,1.0,0.6666666666666666,1.0,2,2,0,28,0.0339020829997025,0.0542642920045182,0.0026268750079907,0.0992348750005476,edge_S4_seed83_tau0p85_k10,1047,2094,10.47,9.3601,0.03349,0.0542642920045182,S4,0.85,10,weak
fcgnn,83,S4_weak_campaign,5,1.0,5,15,0,0,0.125,1.0,0.2222222222222222,1.0,0.0,0.2187428571428571,0.0797369465209327,25,85,0.25,1.0,0.4,5,15,1.0,0.5,1.0,0.6666666666666666,1.0,2,2,0,28,0.0365018330048769,0.0639779160264879,0.0025054169818758,0.1115329579915851,edge_S4_seed83_tau0p85_k25,1047,2094,10.47,9.3601,0.036072,0.0639779160264879,S4,0.85,25,weak
fcgnn,83,S4_weak_campaign,5,1.0,5,15,0,0,0.125,1.0,0.2222222222222222,1.0,0.0,0.2187428571428571,0.0797369465209327,25,85,0.25,1.0,0.4,5,15,1.0,0.5,1.0,0.6666666666666666,1.0,2,2,0,28,0.0315196660230867,0.0426900830352678,0.0025721659767441,0.0848963329917751,edge_S4_seed83_tau0p85_k5,682,1364,6.82,6.0117,0.031112,0.0426900830352678,S4,0.85,5,weak
fcgnn,83,S4_weak_campaign,5,1.0,5,15,0,0,0.125,1.0,0.2222222222222222,1.0,0.0,0.2187428571428571,0.0797369465209327,25,85,0.25,1.0,0.4,5,15,1.0,0.5,1.0,0.6666666666666666,1.0,2,2,0,28,0.0332596250227652,0.05310499999905,0.0027251249994151,0.0972524999524466,edge_S4_seed83_tau0p85_k50,1047,2094,10.47,9.3601,0.032862,0.05310499999905,S4,0.85,50,weak
fcgnn,83,S4_weak_campaign,5,1.0,5,15,0,0,0.125,1.0,0.2222222222222222,1.0,0.0,0.2187428571428571,0.0797369465209327,25,85,0.25,1.0,0.4,5,15,1.0,1.0,1.0,1.0,1.0,1,2,0,20,0.0342703750357031,0.051679249969311,0.0022324579767882,0.096396624983754,edge_S4_seed83_tau0p90_k10,894,1788,8.94,10.962,0.033873,0.051679249969311,S4,0.9,10,weak
fcgnn,83,S4_weak_campaign,5,1.0,5,15,0,0,0.125,1.0,0.2222222222222222,1.0,0.0,0.2187428571428571,0.0797369465209327,25,85,0.25,1.0,0.4,5,15,1.0,1.0,1.0,1.0,1.0,1,2,0,20,0.0375722909811884,0.0432969580288045,0.0024062080192379,0.0927631660015322,edge_S4_seed83_tau0p90_k25,894,1788,8.94,10.962,0.037058,0.0432969580288045,S4,0.9,25,weak
fcgnn,83,S4_weak_campaign,5,1.0,5,15,0,0,0.125,1.0,0.2222222222222222,1.0,0.0,0.2187428571428571,0.0797369465209327,25,85,0.25,1.0,0.4,5,15,1.0,0.5,1.0,0.6666666666666666,1.0,2,2,0,30,0.0282379160053096,0.06816762505332,0.0026460830122232,0.1089210000354796,edge_S4_seed83_tau0p90_k5,582,1164,5.82,7.0447,0.027866,0.06816762505332,S4,0.9,5,weak
fcgnn,83,S4_weak_campaign,5,1.0,5,15,0,0,0.125,1.0,0.2222222222222222,1.0,0.0,0.2187428571428571,0.0797369465209327,25,85,0.25,1.0,0.4,5,15,1.0,1.0,1.0,1.0,1.0,1,2,0,20,0.0336578330025076,0.0444333330378867,0.0023024999536573,0.0883884580107405,edge_S4_seed83_tau0p90_k50,894,1788,8.94,10.962,0.033178,0.0444333330378867,S4,0.9,50,weak
fcgnn,83,S4_weak_campaign,5,1.0,5,15,0,0,0.125,1.0,0.2222222222222222,1.0,0.0,0.2187428571428571,0.0797369465209327,25,85,0.25,1.0,0.4,5,15,1.0,1.0,1.0,1.0,1.0,1,2,0,21,0.0426477089640684,0.0565192500362172,0.0025508340331725,0.1113991670426912,edge_S4_seed83_tau0p95_k10,614,1228,6.14,15.9609,0.041883,0.0565192500362172,S4,0.95,10,weak
fcgnn,83,S4_weak_campaign,5,1.0,5,15,0,0,0.125,1.0,0.2222222222222222,1.0,0.0,0.2187428571428571,0.0797369465209327,25,85,0.25,1.0,0.4,5,15,1.0,1.0,1.0,1.0,1.0,1,2,0,21,0.0349137500161305,0.0453248330159112,0.0024902920122258,0.0915470000472851,edge_S4_seed83_tau0p95_k25,614,1228,6.14,15.9609,0.034346,0.0453248330159112,S4,0.95,25,weak
fcgnn,83,S4_weak_campaign,5,1.0,5,15,0,0,0.125,1.0,0.2222222222222222,1.0,0.0,0.2187428571428571,0.0797369465209327,25,85,0.25,1.0,0.4,5,15,1.0,1.0,1.0,1.0,1.0,1,2,0,21,0.0274290840025059,0.0330937500111758,0.0022425419883802,0.0710665420047007,edge_S4_seed83_tau0p95_k5,425,850,4.25,9.6471,0.027056,0.0330937500111758,S4,0.95,5,weak
fcgnn,83,S4_weak_campaign,5,1.0,5,15,0,0,0.125,1.0,0.2222222222222222,1.0,0.0,0.2187428571428571,0.0797369465209327,25,85,0.25,1.0,0.4,5,15,1.0,1.0,1.0,1.0,1.0,1,2,0,21,0.0330967089976184,0.1812904170365072,0.0086674999911338,0.2517752919811755,edge_S4_seed83_tau0p95_k50,614,1228,6.14,15.9609,0.032678,0.1812904170365072,S4,0.95,50,weak
fcgnn,97,S4_weak_campaign,5,1.0,5,15,0,0,0.125,1.0,0.2222222222222222,1.0,0.0,0.2269714285714285,0.0807123414715392,25,85,0.25,1.0,0.4,5,15,1.0,1.0,1.0,1.0,1.0,1,2,0,17,0.0341726670158095,0.0557696660398505,0.0024227499961853,0.1018859999603591,edge_S4_seed97_tau0p75_k10,1201,2402,12.01,7.3272,0.033735,0.0557696660398505,S4,0.75,10,weak
fcgnn,97,S4_weak_campaign,5,1.0,5,15,0,0,0.125,1.0,0.2222222222222222,1.0,0.0,0.2269714285714285,0.0807123414715392,25,85,0.25,1.0,0.4,5,15,1.0,1.0,1.0,1.0,1.0,1,2,0,17,0.0335068749845959,0.0553255419945344,0.0023649579961784,0.0995832909829914,edge_S4_seed97_tau0p75_k25,1201,2402,12.01,7.3272,0.033107,0.0553255419945344,S4,0.75,25,weak
fcgnn,97,S4_weak_campaign,5,1.0,5,15,0,0,0.125,1.0,0.2222222222222222,1.0,0.0,0.2269714285714285,0.0807123414715392,25,85,0.25,1.0,0.4,5,15,1.0,1.0,1.0,1.0,1.0,1,2,0,16,0.0326903329696506,0.0857117910054512,0.0022961660288274,0.1298219169839285,edge_S4_seed97_tau0p75_k5,739,1478,7.39,5.2774,0.03224,0.0857117910054512,S4,0.75,5,weak
fcgnn,97,S4_weak_campaign,5,1.0,5,15,0,0,0.125,1.0,0.2222222222222222,1.0,0.0,0.2269714285714285,0.0807123414715392,25,85,0.25,1.0,0.4,5,15,1.0,1.0,1.0,1.0,1.0,1,2,0,17,0.0356290830532088,0.0558099590125493,0.002372707996983,0.1026253750314936,edge_S4_seed97_tau0p75_k50,1201,2402,12.01,7.3272,0.035218,0.0558099590125493,S4,0.75,50,weak
fcgnn,97,S4_weak_campaign,5,1.0,5,15,0,0,0.125,1.0,0.2222222222222222,1.0,0.0,0.2269714285714285,0.0807123414715392,25,85,0.25,1.0,0.4,5,15,1.0,1.0,1.0,1.0,1.0,1,2,0,16,0.0327765840338543,0.0690184580162167,0.0024940419825725,0.1126098340027965,edge_S4_seed97_tau0p80_k10,1143,2286,11.43,7.699,0.031969,0.0690184580162167,S4,0.8,10,weak
fcgnn,97,S4_weak_campaign,5,1.0,5,15,0,0,0.125,1.0,0.2222222222222222,1.0,0.0,0.2269714285714285,0.0807123414715392,25,85,0.25,1.0,0.4,5,15,1.0,1.0,1.0,1.0,1.0,1,2,0,16,0.035974874976091,0.0549588750000111,0.0022687920136377,0.1009358749724924,edge_S4_seed97_tau0p80_k25,1143,2286,11.43,7.699,0.035552,0.0549588750000111,S4,0.8,25,weak
fcgnn,97,S4_weak_campaign,5,1.0,5,15,0,0,0.125,1.0,0.2222222222222222,1.0,0.0,0.2269714285714285,0.0807123414715392,25,85,0.25,1.0,0.4,5,15,1.0,1.0,1.0,1.0,1.0,1,2,0,18,0.0316042500198818,0.0443555840174667,0.0022220000391826,0.0869047919986769,edge_S4_seed97_tau0p80_k5,706,1412,7.06,5.5241,0.031207,0.0443555840174667,S4,0.8,5,weak
fcgnn,97,S4_weak_campaign,5,1.0,5,15,0,0,0.125,1.0,0.2222222222222222,1.0,0.0,0.2269714285714285,0.0807123414715392,25,85,0.25,1.0,0.4,5,15,1.0,1.0,1.0,1.0,1.0,1,2,0,16,0.0345346669782884,0.052624583011493,0.0022000829922035,0.097203042008914,edge_S4_seed97_tau0p80_k50,1143,2286,11.43,7.699,0.034121,0.052624583011493,S4,0.8,50,weak
fcgnn,97,S4_weak_campaign,5,1.0,5,15,0,0,0.125,1.0,0.2222222222222222,1.0,0.0,0.2269714285714285,0.0807123414715392,25,85,0.25,1.0,0.4,5,15,1.0,1.0,1.0,1.0,1.0,1,2,0,17,0.0336645420175045,0.0492570410133339,0.0021980000310577,0.0929085410316474,edge_S4_seed97_tau0p85_k10,1050,2100,10.5,8.381,0.033267,0.0492570410133339,S4,0.85,10,weak
fcgnn,97,S4_weak_campaign,5,1.0,5,15,0,0,0.125,1.0,0.2222222222222222,1.0,0.0,0.2269714285714285,0.0807123414715392,25,85,0.25,1.0,0.4,5,15,1.0,1.0,1.0,1.0,1.0,1,2,0,17,0.0353243749705143,0.0579635829781182,0.0025287080206908,0.1045905840001069,edge_S4_seed97_tau0p85_k25,1050,2100,10.5,8.381,0.034757,0.0579635829781182,S4,0.85,25,weak
fcgnn,97,S4_weak_campaign,5,1.0,5,15,0,0,0.125,1.0,0.2222222222222222,1.0,0.0,0.2269714285714285,0.0807123414715392,25,85,0.25,1.0,0.4,5,15,1.0,1.0,1.0,1.0,1.0,1,2,0,18,0.0279626669944264,0.0423383329762145,0.0024916660040616,0.0815601660287939,edge_S4_seed97_tau0p85_k5,661,1322,6.61,5.9002,0.02758,0.0423383329762145,S4,0.85,5,weak
fcgnn,97,S4_weak_campaign,5,1.0,5,15,0,0,0.125,1.0,0.2222222222222222,1.0,0.0,0.2269714285714285,0.0807123414715392,25,85,0.25,1.0,0.4,5,15,1.0,1.0,1.0,1.0,1.0,1,2,0,17,0.0355093750404194,0.0520351660088636,0.0022226250148378,0.0985832089791074,edge_S4_seed97_tau0p85_k50,1050,2100,10.5,8.381,0.035064,0.0520351660088636,S4,0.85,50,weak
fcgnn,97,S4_weak_campaign,5,1.0,5,15,0,0,0.125,1.0,0.2222222222222222,1.0,0.0,0.2269714285714285,0.0807123414715392,25,85,0.25,1.0,0.4,5,15,1.0,1.0,1.0,1.0,1.0,1,2,0,17,0.0328445420018397,0.0429271660395897,0.0021667089895345,0.0859635410015471,edge_S4_seed97_tau0p90_k10,894,1788,8.94,9.8434,0.032434,0.0429271660395897,S4,0.9,10,weak
fcgnn,97,S4_weak_campaign,5,1.0,5,15,0,0,0.125,1.0,0.2222222222222222,1.0,0.0,0.2269714285714285,0.0807123414715392,25,85,0.25,1.0,0.4,5,15,1.0,1.0,1.0,1.0,1.0,1,2,0,17,0.0353584580007009,0.0453760419622994,0.0023161249700933,0.0918498749961145,edge_S4_seed97_tau0p90_k25,894,1788,8.94,9.8434,0.03491,0.0453760419622994,S4,0.9,25,weak
fcgnn,97,S4_weak_campaign,5,1.0,5,15,0,0,0.125,1.0,0.2222222222222222,1.0,0.0,0.2269714285714285,0.0807123414715392,25,85,0.25,1.0,0.4,5,15,1.0,1.0,1.0,1.0,1.0,1,2,0,17,0.0275548339704982,0.0413454590016044,0.0025527910329401,0.0795039579970762,edge_S4_seed97_tau0p90_k5,586,1172,5.86,6.6553,0.027185,0.0413454590016044,S4,0.9,5,weak
fcgnn,97,S4_weak_campaign,5,1.0,5,15,0,0,0.125,1.0,0.2222222222222222,1.0,0.0,0.2269714285714285,0.0807123414715392,25,85,0.25,1.0,0.4,5,15,1.0,1.0,1.0,1.0,1.0,1,2,0,17,0.0339715410373173,0.0427344580530189,0.0023247500066645,0.087730916973669,edge_S4_seed97_tau0p90_k50,894,1788,8.94,9.8434,0.033517,0.0427344580530189,S4,0.9,50,weak
fcgnn,97,S4_weak_campaign,5,1.0,5,15,0,0,0.125,1.0,0.2222222222222222,1.0,0.0,0.2269714285714285,0.0807123414715392,25,85,0.25,1.0,0.4,5,15,1.0,1.0,1.0,1.0,1.0,1,2,0,16,0.0345379170030355,0.0437367079430259,0.0030177499866113,0.0889825420454144,edge_S4_seed97_tau0p95_k10,610,1220,6.1,14.4262,0.034158,0.0437367079430259,S4,0.95,10,weak
fcgnn,97,S4_weak_campaign,5,1.0,5,15,0,0,0.125,1.0,0.2222222222222222,1.0,0.0,0.2269714285714285,0.0807123414715392,25,85,0.25,1.0,0.4,5,15,1.0,1.0,1.0,1.0,1.0,1,2,0,16,0.0318641669582575,0.0437798329512588,0.0023569170152768,0.086243082943838,edge_S4_seed97_tau0p95_k25,610,1220,6.1,14.4262,0.03148,0.0437798329512588,S4,0.95,25,weak
fcgnn,97,S4_weak_campaign,5,1.0,5,15,0,0,0.125,1.0,0.2222222222222222,1.0,0.0,0.2269714285714285,0.0807123414715392,25,85,0.25,1.0,0.4,5,15,1.0,1.0,1.0,1.0,1.0,1,2,0,15,0.0286087919957935,0.034647041989956,0.0030786669813096,0.0760993330040946,edge_S4_seed97_tau0p95_k5,425,850,4.25,9.1765,0.028189,0.034647041989956,S4,0.95,5,weak
fcgnn,97,S4_weak_campaign,5,1.0,5,15,0,0,0.125,1.0,0.2222222222222222,1.0,0.0,0.2269714285714285,0.0807123414715392,25,85,0.25,1.0,0.4,5,15,1.0,1.0,1.0,1.0,1.0,1,2,0,16,0.0321037920075468,0.0432585419621318,0.002237457956653,0.0870011250372044,edge_S4_seed97_tau0p95_k50,610,1220,6.1,14.4262,0.031719,0.0432585419621318,S4,0.95,50,weak
