seed,scenario,event_id,vehicle_id,source_window_uid,gt_campaign_id,is_attack,physical_vehicle,source_trace
11,strong_campaign,atk_Hyundai_0-w00,atk_Hyundai_0,Hyundai::Fuzzy_HYUNDAI_Sonata_train.csv::Hyundai::Fuzzy_HYUNDAI_Sonata_train.csv::full_trace::878,0,1,Hyundai,Fuzzy_HYUNDAI_Sonata_train.csv
11,strong_campaign,atk_Hyundai_0-w01,atk_Hyundai_0,Hyundai::Fuzzy_HYUNDAI_Sonata_train.csv::Hyundai::Fuzzy_HYUNDAI_Sonata_train.csv::full_trace::1335,0,1,Hyundai,Fuzzy_HYUNDAI_Sonata_train.csv
11,strong_campaign,atk_Hyundai_0-w02,atk_Hyundai_0,Hyundai::Fuzzy_HYUNDAI_Sonata_train.csv::Hyundai::Fuzzy_HYUNDAI_Sonata_train.csv::full_trace::881,0,1,Hyundai,Fuzzy_HYUNDAI_Sonata_train.csv
11,strong_campaign,atk_Hyundai_0-w03,atk_Hyundai_0,Hyundai::Fuzzy_HYUNDAI_Sonata_train.csv::Hyundai::Fuzzy_HYUNDAI_Sonata_train.csv::full_trace::1446,0,1,Hyundai,Fuzzy_HYUNDAI_Sonata_train.csv
11,strong_campaign,atk_Hyundai_0-w04,atk_Hyundai_0,Hyundai::Fuzzy_HYUNDAI_Sonata_train.csv::Hyundai::Fuzzy_HYUNDAI_Sonata_train.csv::full_trace::1285,0,1,Hyundai,Fuzzy_HYUNDAI_Sonata_train.csv
11,strong_campaign,atk_Hyundai_0-w05,atk_Hyundai_0,Hyundai::Fuzzy_HYUNDAI_Sonata_train.csv::Hyundai::Fuzzy_HYUNDAI_Sonata_train.csv::full_trace::79,0,0,Hyundai,Fuzzy_HYUNDAI_Sonata_train.csv
11,strong_campaign,atk_Hyundai_0-w06,atk_Hyundai_0,Hyundai::Attack_free_HY_Sonata_train.csv::Hyundai::Attack_free_HY_Sonata_train.csv::seg_test::1003,0,0,Hyundai,Attack_free_HY_Sonata_train.csv
11,strong_campaign,atk_Hyundai_0-w07,atk_Hyundai_0,Hyundai::Attack_free_HY_Sonata_train.csv::Hyundai::Attack_free_HY_Sonata_train.csv::seg_test::176,0,0,Hyundai,Attack_free_HY_Sonata_train.csv
11,strong_campaign,atk_Hyundai_0-w08,atk_Hyundai_0,Hyundai::Attack_free_HY_Sonata_train.csv::Hyundai::Attack_free_HY_Sonata_train.csv::seg_test::369,0,0,Hyundai,Attack_free_HY_Sonata_train.csv
11,strong_campaign,atk_Hyundai_0-w09,atk_Hyundai_0,Hyundai::Fuzzy_HYUNDAI_Sonata_train.csv::Hyundai::Fuzzy_HYUNDAI_Sonata_train.csv::full_trace::1571,0,0,Hyundai,Fuzzy_HYUNDAI_Sonata_train.csv
11,strong_campaign,atk_Hyundai_1-w00,atk_Hyundai_1,Hyundai::Fuzzy_HYUNDAI_Sonata_train.csv::Hyundai::Fuzzy_HYUNDAI_Sonata_train.csv::full_trace::1543,0,1,Hyundai,Fuzzy_HYUNDAI_Sonata_train.csv
11,strong_campaign,atk_Hyundai_1-w01,atk_Hyundai_1,Hyundai::Fuzzy_HYUNDAI_Sonata_train.csv::Hyundai::Fuzzy_HYUNDAI_Sonata_train.csv::full_trace::889,0,1,Hyundai,Fuzzy_HYUNDAI_Sonata_train.csv
11,strong_campaign,atk_Hyundai_1-w02,atk_Hyundai_1,Hyundai::Fuzzy_HYUNDAI_Sonata_train.csv::Hyundai::Fuzzy_HYUNDAI_Sonata_train.csv::full_trace::1009,0,1,Hyundai,Fuzzy_HYUNDAI_Sonata_train.csv
11,strong_campaign,atk_Hyundai_1-w03,atk_Hyundai_1,Hyundai::Fuzzy_HYUNDAI_Sonata_train.csv::Hyundai::Fuzzy_HYUNDAI_Sonata_train.csv::full_trace::1351,0,1,Hyundai,Fuzzy_HYUNDAI_Sonata_train.csv
11,strong_campaign,atk_Hyundai_1-w04,atk_Hyundai_1,Hyundai::Fuzzy_HYUNDAI_Sonata_train.csv::Hyundai::Fuzzy_HYUNDAI_Sonata_train.csv::full_trace::1486,0,1,Hyundai,Fuzzy_HYUNDAI_Sonata_train.csv
11,strong_campaign,atk_Hyundai_1-w05,atk_Hyundai_1,Hyundai::Attack_free_HY_Sonata_train.csv::Hyundai::Attack_free_HY_Sonata_train.csv::seg_test::688,0,0,Hyundai,Attack_free_HY_Sonata_train.csv
11,strong_campaign,atk_Hyundai_1-w06,atk_Hyundai_1,Hyundai::Attack_free_HY_Sonata_train.csv::Hyundai::Attack_free_HY_Sonata_train.csv::seg_test::869,0,0,Hyundai,Attack_free_HY_Sonata_train.csv
11,strong_campaign,atk_Hyundai_1-w07,atk_Hyundai_1,Hyundai::Fuzzy_HYUNDAI_Sonata_train.csv::Hyundai::Fuzzy_HYUNDAI_Sonata_train.csv::full_trace::681,0,0,Hyundai,Fuzzy_HYUNDAI_Sonata_train.csv
11,strong_campaign,atk_Hyundai_1-w08,atk_Hyundai_1,Hyundai::Attack_free_HY_Sonata_train.csv::Hyundai::Attack_free_HY_Sonata_train.csv::seg_test::345,0,0,Hyundai,Attack_free_HY_Sonata_train.csv
11,strong_campaign,atk_Hyundai_1-w09,atk_Hyundai_1,Hyundai::Fuzzy_HYUNDAI_Sonata_train.csv::Hyundai::Fuzzy_HYUNDAI_Sonata_train.csv::full_trace::1113,0,0,Hyundai,Fuzzy_HYUNDAI_Sonata_train.csv
11,strong_campaign,atk_Kia_2-w00,atk_Kia_2,Kia::Fuzzy_dataset_KIA_Soul_train.csv::Kia::Fuzzy_dataset_KIA_Soul_train.csv::full_trace::7333,0,1,Kia,Fuzzy_dataset_KIA_Soul_train.csv
11,strong_campaign,atk_Kia_2-w01,atk_Kia_2,Kia::Fuzzy_dataset_KIA_Soul_train.csv::Kia::Fuzzy_dataset_KIA_Soul_train.csv::full_trace::7460,0,1,Kia,Fuzzy_dataset_KIA_Soul_train.csv
11,strong_campaign,atk_Kia_2-w02,atk_Kia_2,Kia::Fuzzy_dataset_KIA_Soul_train.csv::Kia::Fuzzy_dataset_KIA_Soul_train.csv::full_trace::4998,0,1,Kia,Fuzzy_dataset_KIA_Soul_train.csv
11,strong_campaign,atk_Kia_2-w03,atk_Kia_2,Kia::Fuzzy_dataset_KIA_Soul_train.csv::Kia::Fuzzy_dataset_KIA_Soul_train.csv::full_trace::8449,0,1,Kia,Fuzzy_dataset_KIA_Soul_train.csv
11,strong_campaign,atk_Kia_2-w04,atk_Kia_2,Kia::Fuzzy_dataset_KIA_Soul_train.csv::Kia::Fuzzy_dataset_KIA_Soul_train.csv::full_trace::8683,0,1,Kia,Fuzzy_dataset_KIA_Soul_train.csv
11,strong_campaign,atk_Kia_2-w05,atk_Kia_2,Kia::Fuzzy_dataset_KIA_Soul_train.csv::Kia::Fuzzy_dataset_KIA_Soul_train.csv::full_trace::7003,0,0,Kia,Fuzzy_dataset_KIA_Soul_train.csv
11,strong_campaign,atk_Kia_2-w06,atk_Kia_2,Kia::Fuzzy_dataset_KIA_Soul_train.csv::Kia::Fuzzy_dataset_KIA_Soul_train.csv::full_trace::3499,0,0,Kia,Fuzzy_dataset_KIA_Soul_train.csv
11,strong_campaign,atk_Kia_2-w07,atk_Kia_2,Kia::Fuzzy_dataset_KIA_Soul_train.csv::Kia::Fuzzy_dataset_KIA_Soul_train.csv::full_trace::9114,0,0,Kia,Fuzzy_dataset_KIA_Soul_train.csv
11,strong_campaign,atk_Kia_2-w08,atk_Kia_2,Kia::Fuzzy_dataset_KIA_Soul_train.csv::Kia::Fuzzy_dataset_KIA_Soul_train.csv::full_trace::2432,0,0,Kia,Fuzzy_dataset_KIA_Soul_train.csv
11,strong_campaign,atk_Kia_2-w09,atk_Kia_2,Kia::Fuzzy_dataset_KIA_Soul_train.csv::Kia::Fuzzy_dataset_KIA_Soul_train.csv::full_trace::1064,0,0,Kia,Fuzzy_dataset_KIA_Soul_train.csv
11,strong_campaign,atk_Kia_3-w00,atk_Kia_3,Kia::Fuzzy_dataset_KIA_Soul_train.csv::Kia::Fuzzy_dataset_KIA_Soul_train.csv::full_trace::8598,0,1,Kia,Fuzzy_dataset_KIA_Soul_train.csv
11,strong_campaign,atk_Kia_3-w01,atk_Kia_3,Kia::Fuzzy_dataset_KIA_Soul_train.csv::Kia::Fuzzy_dataset_KIA_Soul_train.csv::full_trace::7726,0,1,Kia,Fuzzy_dataset_KIA_Soul_train.csv
11,strong_campaign,atk_Kia_3-w02,atk_Kia_3,Kia::Fuzzy_dataset_KIA_Soul_train.csv::Kia::Fuzzy_dataset_KIA_Soul_train.csv::full_trace::7249,0,1,Kia,Fuzzy_dataset_KIA_Soul_train.csv
11,strong_campaign,atk_Kia_3-w03,atk_Kia_3,Kia::Fuzzy_dataset_KIA_Soul_train.csv::Kia::Fuzzy_dataset_KIA_Soul_train.csv::full_trace::7618,0,1,Kia,Fuzzy_dataset_KIA_Soul_train.csv
11,strong_campaign,atk_Kia_3-w04,atk_Kia_3,Kia::Fuzzy_dataset_KIA_Soul_train.csv::Kia::Fuzzy_dataset_KIA_Soul_train.csv::full_trace::5236,0,1,Kia,Fuzzy_dataset_KIA_Soul_train.csv
11,strong_campaign,atk_Kia_3-w05,atk_Kia_3,Kia::Fuzzy_dataset_KIA_Soul_train.csv::Kia::Fuzzy_dataset_KIA_Soul_train.csv::full_trace::9058,0,0,Kia,Fuzzy_dataset_KIA_Soul_train.csv
11,strong_campaign,atk_Kia_3-w06,atk_Kia_3,Kia::Attack_free_KIA_Soul_train.csv::Kia::Attack_free_KIA_Soul_train.csv::seg_test::414,0,0,Kia,Attack_free_KIA_Soul_train.csv
11,strong_campaign,atk_Kia_3-w07,atk_Kia_3,Kia::Attack_free_KIA_Soul_train.csv::Kia::Attack_free_KIA_Soul_train.csv::seg_test::1381,0,0,Kia,Attack_free_KIA_Soul_train.csv
11,strong_campaign,atk_Kia_3-w08,atk_Kia_3,Kia::Fuzzy_dataset_KIA_Soul_train.csv::Kia::Fuzzy_dataset_KIA_Soul_train.csv::full_trace::8084,0,0,Kia,Fuzzy_dataset_KIA_Soul_train.csv
11,strong_campaign,atk_Kia_3-w09,atk_Kia_3,Kia::Attack_free_KIA_Soul_train.csv::Kia::Attack_free_KIA_Soul_train.csv::seg_test::72,0,0,Kia,Attack_free_KIA_Soul_train.csv
11,strong_campaign,atk_Chevrolet_4-w00,atk_Chevrolet_4,Chevrolet::Fuzzy_CHEVROLET_Spark_train.csv::Chevrolet::Fuzzy_CHEVROLET_Spark_train.csv::seg_test::9,0,1,Chevrolet,Fuzzy_CHEVROLET_Spark_train.csv
11,strong_campaign,atk_Chevrolet_4-w01,atk_Chevrolet_4,Chevrolet::Fuzzy_CHEVROLET_Spark_train.csv::Chevrolet::Fuzzy_CHEVROLET_Spark_train.csv::seg_test::78,0,1,Chevrolet,Fuzzy_CHEVROLET_Spark_train.csv
11,strong_campaign,atk_Chevrolet_4-w02,atk_Chevrolet_4,Chevrolet::Fuzzy_CHEVROLET_Spark_train.csv::Chevrolet::Fuzzy_CHEVROLET_Spark_train.csv::seg_test::99,0,1,Chevrolet,Fuzzy_CHEVROLET_Spark_train.csv
11,strong_campaign,atk_Chevrolet_4-w03,atk_Chevrolet_4,Chevrolet::Fuzzy_CHEVROLET_Spark_train.csv::Chevrolet::Fuzzy_CHEVROLET_Spark_train.csv::seg_test::24,0,1,Chevrolet,Fuzzy_CHEVROLET_Spark_train.csv
11,strong_campaign,atk_Chevrolet_4-w04,atk_Chevrolet_4,Chevrolet::Fuzzy_CHEVROLET_Spark_train.csv::Chevrolet::Fuzzy_CHEVROLET_Spark_train.csv::seg_test::67,0,1,Chevrolet,Fuzzy_CHEVROLET_Spark_train.csv
11,strong_campaign,atk_Chevrolet_4-w05,atk_Chevrolet_4,Chevrolet::Attack_free_CHEVROLET_Spark_train.csv::Chevrolet::Attack_free_CHEVROLET_Spark_train.csv::seg_test::20,0,0,Chevrolet,Attack_free_CHEVROLET_Spark_train.csv
11,strong_campaign,atk_Chevrolet_4-w06,atk_Chevrolet_4,Chevrolet::Attack_free_CHEVROLET_Spark_train.csv::Chevrolet::Attack_free_CHEVROLET_Spark_train.csv::seg_test::122,0,0,Chevrolet,Attack_free_CHEVROLET_Spark_train.csv
11,strong_campaign,atk_Chevrolet_4-w07,atk_Chevrolet_4,Chevrolet::Attack_free_CHEVROLET_Spark_train.csv::Chevrolet::Attack_free_CHEVROLET_Spark_train.csv::seg_test::211,0,0,Chevrolet,Attack_free_CHEVROLET_Spark_train.csv
11,strong_campaign,atk_Chevrolet_4-w08,atk_Chevrolet_4,Chevrolet::Attack_free_CHEVROLET_Spark_train.csv::Chevrolet::Attack_free_CHEVROLET_Spark_train.csv::seg_test::106,0,0,Chevrolet,Attack_free_CHEVROLET_Spark_train.csv
11,strong_campaign,atk_Chevrolet_4-w09,atk_Chevrolet_4,Chevrolet::Attack_free_CHEVROLET_Spark_train.csv::Chevrolet::Attack_free_CHEVROLET_Spark_train.csv::seg_test::270,0,0,Chevrolet,Attack_free_CHEVROLET_Spark_train.csv
11,strong_campaign,ben_00-w00,ben_00,Kia::Attack_free_KIA_Soul_train.csv::Kia::Attack_free_KIA_Soul_train.csv::seg_test::250,-1,0,Kia,Attack_free_KIA_Soul_train.csv
11,strong_campaign,ben_00-w01,ben_00,Kia::Fuzzy_dataset_KIA_Soul_train.csv::Kia::Fuzzy_dataset_KIA_Soul_train.csv::full_trace::5713,-1,0,Kia,Fuzzy_dataset_KIA_Soul_train.csv
11,strong_campaign,ben_00-w02,ben_00,Hyundai::Fuzzy_HYUNDAI_Sonata_train.csv::Hyundai::Fuzzy_HYUNDAI_Sonata_train.csv::full_trace::7,-1,0,Hyundai,Fuzzy_HYUNDAI_Sonata_train.csv
11,strong_campaign,ben_00-w03,ben_00,Kia::Fuzzy_dataset_KIA_Soul_train.csv::Kia::Fuzzy_dataset_KIA_Soul_train.csv::full_trace::4599,-1,0,Kia,Fuzzy_dataset_KIA_Soul_train.csv
11,strong_campaign,ben_00-w04,ben_00,Chevrolet::Malfunction_CHEVROLET_Spark_train.csv::Chevrolet::Malfunction_CHEVROLET_Spark_train.csv::seg_test::121,-1,0,Chevrolet,Malfunction_CHEVROLET_Spark_train.csv
11,strong_campaign,ben_00-w05,ben_00,Hyundai::Attack_free_HY_Sonata_train.csv::Hyundai::Attack_free_HY_Sonata_train.csv::seg_test::136,-1,0,Hyundai,Attack_free_HY_Sonata_train.csv
11,strong_campaign,ben_00-w06,ben_00,Hyundai::Attack_free_HY_Sonata_train.csv::Hyundai::Attack_free_HY_Sonata_train.csv::seg_test::32,-1,0,Hyundai,Attack_free_HY_Sonata_train.csv
11,strong_campaign,ben_00-w07,ben_00,Hyundai::Fuzzy_HYUNDAI_Sonata_train.csv::Hyundai::Fuzzy_HYUNDAI_Sonata_train.csv::full_trace::1740,-1,0,Hyundai,Fuzzy_HYUNDAI_Sonata_train.csv
11,strong_campaign,ben_00-w08,ben_00,Kia::Fuzzy_dataset_KIA_Soul_train.csv::Kia::Fuzzy_dataset_KIA_Soul_train.csv::full_trace::8919,-1,0,Kia,Fuzzy_dataset_KIA_Soul_train.csv
11,strong_campaign,ben_00-w09,ben_00,Kia::Fuzzy_dataset_KIA_Soul_train.csv::Kia::Fuzzy_dataset_KIA_Soul_train.csv::full_trace::3299,-1,0,Kia,Fuzzy_dataset_KIA_Soul_train.csv
11,strong_campaign,ben_01-w00,ben_01,Kia::Fuzzy_dataset_KIA_Soul_train.csv::Kia::Fuzzy_dataset_KIA_Soul_train.csv::full_trace::2278,-1,0,Kia,Fuzzy_dataset_KIA_Soul_train.csv
11,strong_campaign,ben_01-w01,ben_01,Hyundai::Attack_free_HY_Sonata_train.csv::Hyundai::Attack_free_HY_Sonata_train.csv::seg_test::726,-1,0,Hyundai,Attack_free_HY_Sonata_train.csv
11,strong_campaign,ben_01-w02,ben_01,Hyundai::Attack_free_HY_Sonata_train.csv::Hyundai::Attack_free_HY_Sonata_train.csv::seg_test::164,-1,0,Hyundai,Attack_free_HY_Sonata_train.csv
11,strong_campaign,ben_01-w03,ben_01,Kia::Fuzzy_dataset_KIA_Soul_train.csv::Kia::Fuzzy_dataset_KIA_Soul_train.csv::full_trace::6668,-1,0,Kia,Fuzzy_dataset_KIA_Soul_train.csv
11,strong_campaign,ben_01-w04,ben_01,Kia::Attack_free_KIA_Soul_train.csv::Kia::Attack_free_KIA_Soul_train.csv::seg_test::74,-1,0,Kia,Attack_free_KIA_Soul_train.csv
11,strong_campaign,ben_01-w05,ben_01,Chevrolet::Attack_free_CHEVROLET_Spark_train.csv::Chevrolet::Attack_free_CHEVROLET_Spark_train.csv::seg_test::61,-1,0,Chevrolet,Attack_free_CHEVROLET_Spark_train.csv
11,strong_campaign,ben_01-w06,ben_01,Kia::Attack_free_KIA_Soul_train.csv::Kia::Attack_free_KIA_Soul_train.csv::seg_test::7,-1,0,Kia,Attack_free_KIA_Soul_train.csv
11,strong_campaign,ben_01-w07,ben_01,Kia::Fuzzy_dataset_KIA_Soul_train.csv::Kia::Fuzzy_dataset_KIA_Soul_train.csv::full_trace::7955,-1,0,Kia,Fuzzy_dataset_KIA_Soul_train.csv
11,strong_campaign,ben_01-w08,ben_01,Kia::Attack_free_KIA_Soul_train.csv::Kia::Attack_free_KIA_Soul_train.csv::seg_test::3,-1,0,Kia,Attack_free_KIA_Soul_train.csv
11,strong_campaign,ben_01-w09,ben_01,Hyundai::Attack_free_HY_Sonata_train.csv::Hyundai::Attack_free_HY_Sonata_train.csv::seg_test::595,-1,0,Hyundai,Attack_free_HY_Sonata_train.csv
11,strong_campaign,ben_02-w00,ben_02,Hyundai::Attack_free_HY_Sonata_train.csv::Hyundai::Attack_free_HY_Sonata_train.csv::seg_test::1149,-1,0,Hyundai,Attack_free_HY_Sonata_train.csv
11,strong_campaign,ben_02-w01,ben_02,Kia::Fuzzy_dataset_KIA_Soul_train.csv::Kia::Fuzzy_dataset_KIA_Soul_train.csv::full_trace::5658,-1,0,Kia,Fuzzy_dataset_KIA_Soul_train.csv
11,strong_campaign,ben_02-w02,ben_02,Kia::Fuzzy_dataset_KIA_Soul_train.csv::Kia::Fuzzy_dataset_KIA_Soul_train.csv::full_trace::9179,-1,0,Kia,Fuzzy_dataset_KIA_Soul_train.csv
11,strong_campaign,ben_02-w03,ben_02,Chevrolet::Malfunction_CHEVROLET_Spark_train.csv::Chevrolet::Malfunction_CHEVROLET_Spark_train.csv::seg_test::21,-1,0,Chevrolet,Malfunction_CHEVROLET_Spark_train.csv
11,strong_campaign,ben_02-w04,ben_02,Kia::Fuzzy_dataset_KIA_Soul_train.csv::Kia::Fuzzy_dataset_KIA_Soul_train.csv::full_trace::8136,-1,0,Kia,Fuzzy_dataset_KIA_Soul_train.csv
11,strong_campaign,ben_02-w05,ben_02,Kia::Fuzzy_dataset_KIA_Soul_train.csv::Kia::Fuzzy_dataset_KIA_Soul_train.csv::full_trace::8960,-1,0,Kia,Fuzzy_dataset_KIA_Soul_train.csv
11,strong_campaign,ben_02-w06,ben_02,Hyundai::Attack_free_HY_Sonata_train.csv::Hyundai::Attack_free_HY_Sonata_train.csv::seg_test::505,-1,0,Hyundai,Attack_free_HY_Sonata_train.csv
11,strong_campaign,ben_02-w07,ben_02,Hyundai::Fuzzy_HYUNDAI_Sonata_train.csv::Hyundai::Fuzzy_HYUNDAI_Sonata_train.csv::full_trace::299,-1,0,Hyundai,Fuzzy_HYUNDAI_Sonata_train.csv
11,strong_campaign,ben_02-w08,ben_02,Kia::Fuzzy_dataset_KIA_Soul_train.csv::Kia::Fuzzy_dataset_KIA_Soul_train.csv::full_trace::3457,-1,0,Kia,Fuzzy_dataset_KIA_Soul_train.csv
11,strong_campaign,ben_02-w09,ben_02,Kia::Fuzzy_dataset_KIA_Soul_train.csv::Kia::Fuzzy_dataset_KIA_Soul_train.csv::full_trace::2366,-1,0,Kia,Fuzzy_dataset_KIA_Soul_train.csv
11,strong_campaign,ben_03-w00,ben_03,Hyundai::Attack_free_HY_Sonata_train.csv::Hyundai::Attack_free_HY_Sonata_train.csv::seg_test::146,-1,0,Hyundai,Attack_free_HY_Sonata_train.csv
11,strong_campaign,ben_03-w01,ben_03,Kia::Fuzzy_dataset_KIA_Soul_train.csv::Kia::Fuzzy_dataset_KIA_Soul_train.csv::full_trace::5560,-1,0,Kia,Fuzzy_dataset_KIA_Soul_train.csv
11,strong_campaign,ben_03-w02,ben_03,Kia::Fuzzy_dataset_KIA_Soul_train.csv::Kia::Fuzzy_dataset_KIA_Soul_train.csv::full_trace::3545,-1,0,Kia,Fuzzy_dataset_KIA_Soul_train.csv
11,strong_campaign,ben_03-w03,ben_03,Kia::Fuzzy_dataset_KIA_Soul_train.csv::Kia::Fuzzy_dataset_KIA_Soul_train.csv::full_trace::80,-1,0,Kia,Fuzzy_dataset_KIA_Soul_train.csv
11,strong_campaign,ben_03-w04,ben_03,Hyundai::Fuzzy_HYUNDAI_Sonata_train.csv::Hyundai::Fuzzy_HYUNDAI_Sonata_train.csv::full_trace::1578,-1,0,Hyundai,Fuzzy_HYUNDAI_Sonata_train.csv
11,strong_campaign,ben_03-w05,ben_03,Kia::Attack_free_KIA_Soul_train.csv::Kia::Attack_free_KIA_Soul_train.csv::seg_test::423,-1,0,Kia,Attack_free_KIA_Soul_train.csv
11,strong_campaign,ben_03-w06,ben_03,Chevrolet::Attack_free_CHEVROLET_Spark_train.csv::Chevrolet::Attack_free_CHEVROLET_Spark_train.csv::seg_test::117,-1,0,Chevrolet,Attack_free_CHEVROLET_Spark_train.csv
11,strong_campaign,ben_03-w07,ben_03,Kia::Fuzzy_dataset_KIA_Soul_train.csv::Kia::Fuzzy_dataset_KIA_Soul_train.csv::full_trace::8017,-1,0,Kia,Fuzzy_dataset_KIA_Soul_train.csv
11,strong_campaign,ben_03-w08,ben_03,Chevrolet::Attack_free_CHEVROLET_Spark_train.csv::Chevrolet::Attack_free_CHEVROLET_Spark_train.csv::seg_test::176,-1,0,Chevrolet,Attack_free_CHEVROLET_Spark_train.csv
11,strong_campaign,ben_03-w09,ben_03,Hyundai::Fuzzy_HYUNDAI_Sonata_train.csv::Hyundai::Fuzzy_HYUNDAI_Sonata_train.csv::full_trace::1627,-1,0,Hyundai,Fuzzy_HYUNDAI_Sonata_train.csv
11,strong_campaign,ben_04-w00,ben_04,Kia::Fuzzy_dataset_KIA_Soul_train.csv::Kia::Fuzzy_dataset_KIA_Soul_train.csv::full_trace::5720,-1,0,Kia,Fuzzy_dataset_KIA_Soul_train.csv
11,strong_campaign,ben_04-w01,ben_04,Kia::Attack_free_KIA_Soul_train.csv::Kia::Attack_free_KIA_Soul_train.csv::seg_test::1033,-1,0,Kia,Attack_free_KIA_Soul_train.csv
11,strong_campaign,ben_04-w02,ben_04,Chevrolet::Malfunction_CHEVROLET_Spark_train.csv::Chevrolet::Malfunction_CHEVROLET_Spark_train.csv::seg_test::139,-1,0,Chevrolet,Malfunction_CHEVROLET_Spark_train.csv
11,strong_campaign,ben_04-w03,ben_04,Kia::Fuzzy_dataset_KIA_Soul_train.csv::Kia::Fuzzy_dataset_KIA_Soul_train.csv::full_trace::8808,-1,0,Kia,Fuzzy_dataset_KIA_Soul_train.csv
11,strong_campaign,ben_04-w04,ben_04,Hyundai::Attack_free_HY_Sonata_train.csv::Hyundai::Attack_free_HY_Sonata_train.csv::seg_test::326,-1,0,Hyundai,Attack_free_HY_Sonata_train.csv
11,strong_campaign,ben_04-w05,ben_04,Kia::Attack_free_KIA_Soul_train.csv::Kia::Attack_free_KIA_Soul_train.csv::seg_test::50,-1,0,Kia,Attack_free_KIA_Soul_train.csv
11,strong_campaign,ben_04-w06,ben_04,Chevrolet::Attack_free_CHEVROLET_Spark_train.csv::Chevrolet::Attack_free_CHEVROLET_Spark_train.csv::seg_test::82,-1,0,Chevrolet,Attack_free_CHEVROLET_Spark_train.csv
11,strong_campaign,ben_04-w07,ben_04,Kia::Fuzzy_dataset_KIA_Soul_train.csv::Kia::Fuzzy_dataset_KIA_Soul_train.csv::full_trace::6655,-1,0,Kia,Fuzzy_dataset_KIA_Soul_train.csv
11,strong_campaign,ben_04-w08,ben_04,Kia::Fuzzy_dataset_KIA_Soul_train.csv::Kia::Fuzzy_dataset_KIA_Soul_train.csv::full_trace::156,-1,0,Kia,Fuzzy_dataset_KIA_Soul_train.csv
11,strong_campaign,ben_04-w09,ben_04,Kia::Attack_free_KIA_Soul_train.csv::Kia::Attack_free_KIA_Soul_train.csv::seg_test::264,-1,0,Kia,Attack_free_KIA_Soul_train.csv
11,strong_campaign,ben_05-w00,ben_05,Kia::Fuzzy_dataset_KIA_Soul_train.csv::Kia::Fuzzy_dataset_KIA_Soul_train.csv::full_trace::1217,-1,0,Kia,Fuzzy_dataset_KIA_Soul_train.csv
11,strong_campaign,ben_05-w01,ben_05,Kia::Fuzzy_dataset_KIA_Soul_train.csv::Kia::Fuzzy_dataset_KIA_Soul_train.csv::full_trace::9117,-1,0,Kia,Fuzzy_dataset_KIA_Soul_train.csv
11,strong_campaign,ben_05-w02,ben_05,Kia::Fuzzy_dataset_KIA_Soul_train.csv::Kia::Fuzzy_dataset_KIA_Soul_train.csv::full_trace::8818,-1,0,Kia,Fuzzy_dataset_KIA_Soul_train.csv
11,strong_campaign,ben_05-w03,ben_05,Kia::Fuzzy_dataset_KIA_Soul_train.csv::Kia::Fuzzy_dataset_KIA_Soul_train.csv::full_trace::6715,-1,0,Kia,Fuzzy_dataset_KIA_Soul_train.csv
11,strong_campaign,ben_05-w04,ben_05,Kia::Fuzzy_dataset_KIA_Soul_train.csv::Kia::Fuzzy_dataset_KIA_Soul_train.csv::full_trace::5673,-1,0,Kia,Fuzzy_dataset_KIA_Soul_train.csv
11,strong_campaign,ben_05-w05,ben_05,Kia::Fuzzy_dataset_KIA_Soul_train.csv::Kia::Fuzzy_dataset_KIA_Soul_train.csv::full_trace::4556,-1,0,Kia,Fuzzy_dataset_KIA_Soul_train.csv
11,strong_campaign,ben_05-w06,ben_05,Hyundai::Attack_free_HY_Sonata_train.csv::Hyundai::Attack_free_HY_Sonata_train.csv::seg_test::662,-1,0,Hyundai,Attack_free_HY_Sonata_train.csv
11,strong_campaign,ben_05-w07,ben_05,Hyundai::Fuzzy_HYUNDAI_Sonata_train.csv::Hyundai::Fuzzy_HYUNDAI_Sonata_train.csv::full_trace::1598,-1,0,Hyundai,Fuzzy_HYUNDAI_Sonata_train.csv
11,strong_campaign,ben_05-w08,ben_05,Kia::Fuzzy_dataset_KIA_Soul_train.csv::Kia::Fuzzy_dataset_KIA_Soul_train.csv::full_trace::3590,-1,0,Kia,Fuzzy_dataset_KIA_Soul_train.csv
11,strong_campaign,ben_05-w09,ben_05,Kia::Fuzzy_dataset_KIA_Soul_train.csv::Kia::Fuzzy_dataset_KIA_Soul_train.csv::full_trace::2109,-1,0,Kia,Fuzzy_dataset_KIA_Soul_train.csv
11,strong_campaign,ben_06-w00,ben_06,Kia::Fuzzy_dataset_KIA_Soul_train.csv::Kia::Fuzzy_dataset_KIA_Soul_train.csv::full_trace::4496,-1,0,Kia,Fuzzy_dataset_KIA_Soul_train.csv
11,strong_campaign,ben_06-w01,ben_06,Hyundai::Attack_free_HY_Sonata_train.csv::Hyundai::Attack_free_HY_Sonata_train.csv::seg_test::574,-1,0,Hyundai,Attack_free_HY_Sonata_train.csv
11,strong_campaign,ben_06-w02,ben_06,Hyundai::Attack_free_HY_Sonata_train.csv::Hyundai::Attack_free_HY_Sonata_train.csv::seg_test::289,-1,0,Hyundai,Attack_free_HY_Sonata_train.csv
11,strong_campaign,ben_06-w03,ben_06,Kia::Fuzzy_dataset_KIA_Soul_train.csv::Kia::Fuzzy_dataset_KIA_Soul_train.csv::full_trace::8942,-1,0,Kia,Fuzzy_dataset_KIA_Soul_train.csv
11,strong_campaign,ben_06-w04,ben_06,Kia::Fuzzy_dataset_KIA_Soul_train.csv::Kia::Fuzzy_dataset_KIA_Soul_train.csv::full_trace::5818,-1,0,Kia,Fuzzy_dataset_KIA_Soul_train.csv
11,strong_campaign,ben_06-w05,ben_06,Kia::Attack_free_KIA_Soul_train.csv::Kia::Attack_free_KIA_Soul_train.csv::seg_test::1392,-1,0,Kia,Attack_free_KIA_Soul_train.csv
11,strong_campaign,ben_06-w06,ben_06,Kia::Attack_free_KIA_Soul_train.csv::Kia::Attack_free_KIA_Soul_train.csv::seg_test::416,-1,0,Kia,Attack_free_KIA_Soul_train.csv
11,strong_campaign,ben_06-w07,ben_06,Hyundai::Fuzzy_HYUNDAI_Sonata_train.csv::Hyundai::Fuzzy_HYUNDAI_Sonata_train.csv::full_trace::68,-1,0,Hyundai,Fuzzy_HYUNDAI_Sonata_train.csv
11,strong_campaign,ben_06-w08,ben_06,Kia::Fuzzy_dataset_KIA_Soul_train.csv::Kia::Fuzzy_dataset_KIA_Soul_train.csv::full_trace::6752,-1,0,Kia,Fuzzy_dataset_KIA_Soul_train.csv
11,strong_campaign,ben_06-w09,ben_06,Kia::Fuzzy_dataset_KIA_Soul_train.csv::Kia::Fuzzy_dataset_KIA_Soul_train.csv::full_trace::1174,-1,0,Kia,Fuzzy_dataset_KIA_Soul_train.csv
11,strong_campaign,ben_07-w00,ben_07,Hyundai::Fuzzy_HYUNDAI_Sonata_train.csv::Hyundai::Fuzzy_HYUNDAI_Sonata_train.csv::full_trace::9,-1,0,Hyundai,Fuzzy_HYUNDAI_Sonata_train.csv
11,strong_campaign,ben_07-w01,ben_07,Hyundai::Attack_free_HY_Sonata_train.csv::Hyundai::Attack_free_HY_Sonata_train.csv::seg_test::496,-1,0,Hyundai,Attack_free_HY_Sonata_train.csv
11,strong_campaign,ben_07-w02,ben_07,Kia::Attack_free_KIA_Soul_train.csv::Kia::Attack_free_KIA_Soul_train.csv::seg_test::241,-1,0,Kia,Attack_free_KIA_Soul_train.csv
11,strong_campaign,ben_07-w03,ben_07,Hyundai::Fuzzy_HYUNDAI_Sonata_train.csv::Hyundai::Fuzzy_HYUNDAI_Sonata_train.csv::full_trace::454,-1,0,Hyundai,Fuzzy_HYUNDAI_Sonata_train.csv
11,strong_campaign,ben_07-w04,ben_07,Kia::Fuzzy_dataset_KIA_Soul_train.csv::Kia::Fuzzy_dataset_KIA_Soul_train.csv::full_trace::3384,-1,0,Kia,Fuzzy_dataset_KIA_Soul_train.csv
11,strong_campaign,ben_07-w05,ben_07,Kia::Fuzzy_dataset_KIA_Soul_train.csv::Kia::Fuzzy_dataset_KIA_Soul_train.csv::full_trace::3354,-1,0,Kia,Fuzzy_dataset_KIA_Soul_train.csv
11,strong_campaign,ben_07-w06,ben_07,Kia::Fuzzy_dataset_KIA_Soul_train.csv::Kia::Fuzzy_dataset_KIA_Soul_train.csv::full_trace::5791,-1,0,Kia,Fuzzy_dataset_KIA_Soul_train.csv
11,strong_campaign,ben_07-w07,ben_07,Kia::Attack_free_KIA_Soul_train.csv::Kia::Attack_free_KIA_Soul_train.csv::seg_test::393,-1,0,Kia,Attack_free_KIA_Soul_train.csv
11,strong_campaign,ben_07-w08,ben_07,Hyundai::Attack_free_HY_Sonata_train.csv::Hyundai::Attack_free_HY_Sonata_train.csv::seg_test::3,-1,0,Hyundai,Attack_free_HY_Sonata_train.csv
11,strong_campaign,ben_07-w09,ben_07,Kia::Fuzzy_dataset_KIA_Soul_train.csv::Kia::Fuzzy_dataset_KIA_Soul_train.csv::full_trace::8153,-1,0,Kia,Fuzzy_dataset_KIA_Soul_train.csv
11,strong_campaign,ben_08-w00,ben_08,Kia::Fuzzy_dataset_KIA_Soul_train.csv::Kia::Fuzzy_dataset_KIA_Soul_train.csv::full_trace::7945,-1,0,Kia,Fuzzy_dataset_KIA_Soul_train.csv
11,strong_campaign,ben_08-w01,ben_08,Hyundai::Fuzzy_HYUNDAI_Sonata_train.csv::Hyundai::Fuzzy_HYUNDAI_Sonata_train.csv::full_trace::20,-1,0,Hyundai,Fuzzy_HYUNDAI_Sonata_train.csv
11,strong_campaign,ben_08-w02,ben_08,Hyundai::Fuzzy_HYUNDAI_Sonata_train.csv::Hyundai::Fuzzy_HYUNDAI_Sonata_train.csv::full_trace::748,-1,0,Hyundai,Fuzzy_HYUNDAI_Sonata_train.csv
11,strong_campaign,ben_08-w03,ben_08,Kia::Fuzzy_dataset_KIA_Soul_train.csv::Kia::Fuzzy_dataset_KIA_Soul_train.csv::full_trace::105,-1,0,Kia,Fuzzy_dataset_KIA_Soul_train.csv
11,strong_campaign,ben_08-w04,ben_08,Kia::Fuzzy_dataset_KIA_Soul_train.csv::Kia::Fuzzy_dataset_KIA_Soul_train.csv::full_trace::3390,-1,0,Kia,Fuzzy_dataset_KIA_Soul_train.csv
11,strong_campaign,ben_08-w05,ben_08,Kia::Fuzzy_dataset_KIA_Soul_train.csv::Kia::Fuzzy_dataset_KIA_Soul_train.csv::full_trace::3444,-1,0,Kia,Fuzzy_dataset_KIA_Soul_train.csv
11,strong_campaign,ben_08-w06,ben_08,Kia::Attack_free_KIA_Soul_train.csv::Kia::Attack_free_KIA_Soul_train.csv::seg_test::135,-1,0,Kia,Attack_free_KIA_Soul_train.csv
11,strong_campaign,ben_08-w07,ben_08,Kia::Fuzzy_dataset_KIA_Soul_train.csv::Kia::Fuzzy_dataset_KIA_Soul_train.csv::full_trace::3395,-1,0,Kia,Fuzzy_dataset_KIA_Soul_train.csv
11,strong_campaign,ben_08-w08,ben_08,Kia::Fuzzy_dataset_KIA_Soul_train.csv::Kia::Fuzzy_dataset_KIA_Soul_train.csv::full_trace::1292,-1,0,Kia,Fuzzy_dataset_KIA_Soul_train.csv
11,strong_campaign,ben_08-w09,ben_08,Hyundai::Attack_free_HY_Sonata_train.csv::Hyundai::Attack_free_HY_Sonata_train.csv::seg_test::939,-1,0,Hyundai,Attack_free_HY_Sonata_train.csv
11,strong_campaign,ben_09-w00,ben_09,Kia::Fuzzy_dataset_KIA_Soul_train.csv::Kia::Fuzzy_dataset_KIA_Soul_train.csv::full_trace::1344,-1,0,Kia,Fuzzy_dataset_KIA_Soul_train.csv
11,strong_campaign,ben_09-w01,ben_09,Kia::Fuzzy_dataset_KIA_Soul_train.csv::Kia::Fuzzy_dataset_KIA_Soul_train.csv::full_trace::2124,-1,0,Kia,Fuzzy_dataset_KIA_Soul_train.csv
11,strong_campaign,ben_09-w02,ben_09,Hyundai::Attack_free_HY_Sonata_train.csv::Hyundai::Attack_free_HY_Sonata_train.csv::seg_test::942,-1,0,Hyundai,Attack_free_HY_Sonata_train.csv
11,strong_campaign,ben_09-w03,ben_09,Hyundai::Attack_free_HY_Sonata_train.csv::Hyundai::Attack_free_HY_Sonata_train.csv::seg_test::704,-1,0,Hyundai,Attack_free_HY_Sonata_train.csv
11,strong_campaign,ben_09-w04,ben_09,Chevrolet::Attack_free_CHEVROLET_Spark_train.csv::Chevrolet::Attack_free_CHEVROLET_Spark_train.csv::seg_test::316,-1,0,Chevrolet,Attack_free_CHEVROLET_Spark_train.csv
11,strong_campaign,ben_09-w05,ben_09,Kia::Fuzzy_dataset_KIA_Soul_train.csv::Kia::Fuzzy_dataset_KIA_Soul_train.csv::full_trace::9088,-1,0,Kia,Fuzzy_dataset_KIA_Soul_train.csv
11,strong_campaign,ben_09-w06,ben_09,Kia::Fuzzy_dataset_KIA_Soul_train.csv::Kia::Fuzzy_dataset_KIA_Soul_train.csv::full_trace::4460,-1,0,Kia,Fuzzy_dataset_KIA_Soul_train.csv
11,strong_campaign,ben_09-w07,ben_09,Kia::Fuzzy_dataset_KIA_Soul_train.csv::Kia::Fuzzy_dataset_KIA_Soul_train.csv::full_trace::9077,-1,0,Kia,Fuzzy_dataset_KIA_Soul_train.csv
11,strong_campaign,ben_09-w08,ben_09,Hyundai::Attack_free_HY_Sonata_train.csv::Hyundai::Attack_free_HY_Sonata_train.csv::seg_test::673,-1,0,Hyundai,Attack_free_HY_Sonata_train.csv
11,strong_campaign,ben_09-w09,ben_09,Kia::Attack_free_KIA_Soul_train.csv::Kia::Attack_free_KIA_Soul_train.csv::seg_test::755,-1,0,Kia,Attack_free_KIA_Soul_train.csv
11,strong_campaign,ben_10-w00,ben_10,Kia::Fuzzy_dataset_KIA_Soul_train.csv::Kia::Fuzzy_dataset_KIA_Soul_train.csv::full_trace::6922,-1,0,Kia,Fuzzy_dataset_KIA_Soul_train.csv
11,strong_campaign,ben_10-w01,ben_10,Kia::Fuzzy_dataset_KIA_Soul_train.csv::Kia::Fuzzy_dataset_KIA_Soul_train.csv::full_trace::2457,-1,0,Kia,Fuzzy_dataset_KIA_Soul_train.csv
11,strong_campaign,ben_10-w02,ben_10,Kia::Fuzzy_dataset_KIA_Soul_train.csv::Kia::Fuzzy_dataset_KIA_Soul_train.csv::full_trace::5888,-1,0,Kia,Fuzzy_dataset_KIA_Soul_train.csv
11,strong_campaign,ben_10-w03,ben_10,Kia::Fuzzy_dataset_KIA_Soul_train.csv::Kia::Fuzzy_dataset_KIA_Soul_train.csv::full_trace::31,-1,0,Kia,Fuzzy_dataset_KIA_Soul_train.csv
11,strong_campaign,ben_10-w04,ben_10,Hyundai::Attack_free_HY_Sonata_train.csv::Hyundai::Attack_free_HY_Sonata_train.csv::seg_test::1172,-1,0,Hyundai,Attack_free_HY_Sonata_train.csv
11,strong_campaign,ben_10-w05,ben_10,Kia::Attack_free_KIA_Soul_train.csv::Kia::Attack_free_KIA_Soul_train.csv::seg_test::1261,-1,0,Kia,Attack_free_KIA_Soul_train.csv
11,strong_campaign,ben_10-w06,ben_10,Kia::Fuzzy_dataset_KIA_Soul_train.csv::Kia::Fuzzy_dataset_KIA_Soul_train.csv::full_trace::4772,-1,0,Kia,Fuzzy_dataset_KIA_Soul_train.csv
11,strong_campaign,ben_10-w07,ben_10,Kia::Attack_free_KIA_Soul_train.csv::Kia::Attack_free_KIA_Soul_train.csv::seg_test::307,-1,0,Kia,Attack_free_KIA_Soul_train.csv
11,strong_campaign,ben_10-w08,ben_10,Kia::Fuzzy_dataset_KIA_Soul_train.csv::Kia::Fuzzy_dataset_KIA_Soul_train.csv::full_trace::6884,-1,0,Kia,Fuzzy_dataset_KIA_Soul_train.csv
11,strong_campaign,ben_10-w09,ben_10,Hyundai::Attack_free_HY_Sonata_train.csv::Hyundai::Attack_free_HY_Sonata_train.csv::seg_test::403,-1,0,Hyundai,Attack_free_HY_Sonata_train.csv
11,strong_campaign,ben_11-w00,ben_11,Hyundai::Fuzzy_HYUNDAI_Sonata_train.csv::Hyundai::Fuzzy_HYUNDAI_Sonata_train.csv::full_trace::1650,-1,0,Hyundai,Fuzzy_HYUNDAI_Sonata_train.csv
11,strong_campaign,ben_11-w01,ben_11,Kia::Fuzzy_dataset_KIA_Soul_train.csv::Kia::Fuzzy_dataset_KIA_Soul_train.csv::full_trace::2157,-1,0,Kia,Fuzzy_dataset_KIA_Soul_train.csv
11,strong_campaign,ben_11-w02,ben_11,Hyundai::Fuzzy_HYUNDAI_Sonata_train.csv::Hyundai::Fuzzy_HYUNDAI_Sonata_train.csv::full_trace::1566,-1,0,Hyundai,Fuzzy_HYUNDAI_Sonata_train.csv
11,strong_campaign,ben_11-w03,ben_11,Hyundai::Attack_free_HY_Sonata_train.csv::Hyundai::Attack_free_HY_Sonata_train.csv::seg_test::1122,-1,0,Hyundai,Attack_free_HY_Sonata_train.csv
11,strong_campaign,ben_11-w04,ben_11,Hyundai::Attack_free_HY_Sonata_train.csv::Hyundai::Attack_free_HY_Sonata_train.csv::seg_test::290,-1,0,Hyundai,Attack_free_HY_Sonata_train.csv
11,strong_campaign,ben_11-w05,ben_11,Hyundai::Attack_free_HY_Sonata_train.csv::Hyundai::Attack_free_HY_Sonata_train.csv::seg_test::25,-1,0,Hyundai,Attack_free_HY_Sonata_train.csv
11,strong_campaign,ben_11-w06,ben_11,Hyundai::Fuzzy_HYUNDAI_Sonata_train.csv::Hyundai::Fuzzy_HYUNDAI_Sonata_train.csv::full_trace::728,-1,0,Hyundai,Fuzzy_HYUNDAI_Sonata_train.csv
11,strong_campaign,ben_11-w07,ben_11,Kia::Attack_free_KIA_Soul_train.csv::Kia::Attack_free_KIA_Soul_train.csv::seg_test::664,-1,0,Kia,Attack_free_KIA_Soul_train.csv
11,strong_campaign,ben_11-w08,ben_11,Kia::Fuzzy_dataset_KIA_Soul_train.csv::Kia::Fuzzy_dataset_KIA_Soul_train.csv::full_trace::1129,-1,0,Kia,Fuzzy_dataset_KIA_Soul_train.csv
11,strong_campaign,ben_11-w09,ben_11,Kia::Fuzzy_dataset_KIA_Soul_train.csv::Kia::Fuzzy_dataset_KIA_Soul_train.csv::full_trace::113,-1,0,Kia,Fuzzy_dataset_KIA_Soul_train.csv
11,strong_campaign,ben_12-w00,ben_12,Kia::Attack_free_KIA_Soul_train.csv::Kia::Attack_free_KIA_Soul_train.csv::seg_test::866,-1,0,Kia,Attack_free_KIA_Soul_train.csv
11,strong_campaign,ben_12-w01,ben_12,Chevrolet::Attack_free_CHEVROLET_Spark_train.csv::Chevrolet::Attack_free_CHEVROLET_Spark_train.csv::seg_test::28,-1,0,Chevrolet,Attack_free_CHEVROLET_Spark_train.csv
11,strong_campaign,ben_12-w02,ben_12,Kia::Fuzzy_dataset_KIA_Soul_train.csv::Kia::Fuzzy_dataset_KIA_Soul_train.csv::full_trace::1280,-1,0,Kia,Fuzzy_dataset_KIA_Soul_train.csv
11,strong_campaign,ben_12-w03,ben_12,Hyundai::Attack_free_HY_Sonata_train.csv::Hyundai::Attack_free_HY_Sonata_train.csv::seg_test::1053,-1,0,Hyundai,Attack_free_HY_Sonata_train.csv
11,strong_campaign,ben_12-w04,ben_12,Kia::Fuzzy_dataset_KIA_Soul_train.csv::Kia::Fuzzy_dataset_KIA_Soul_train.csv::full_trace::5618,-1,0,Kia,Fuzzy_dataset_KIA_Soul_train.csv
11,strong_campaign,ben_12-w05,ben_12,Kia::Attack_free_KIA_Soul_train.csv::Kia::Attack_free_KIA_Soul_train.csv::seg_test::539,-1,0,Kia,Attack_free_KIA_Soul_train.csv
11,strong_campaign,ben_12-w06,ben_12,Hyundai::Fuzzy_HYUNDAI_Sonata_train.csv::Hyundai::Fuzzy_HYUNDAI_Sonata_train.csv::full_trace::1606,-1,0,Hyundai,Fuzzy_HYUNDAI_Sonata_train.csv
11,strong_campaign,ben_12-w07,ben_12,Kia::Fuzzy_dataset_KIA_Soul_train.csv::Kia::Fuzzy_dataset_KIA_Soul_train.csv::full_trace::4565,-1,0,Kia,Fuzzy_dataset_KIA_Soul_train.csv
11,strong_campaign,ben_12-w08,ben_12,Kia::Fuzzy_dataset_KIA_Soul_train.csv::Kia::Fuzzy_dataset_KIA_Soul_train.csv::full_trace::3333,-1,0,Kia,Fuzzy_dataset_KIA_Soul_train.csv
11,strong_campaign,ben_12-w09,ben_12,Kia::Fuzzy_dataset_KIA_Soul_train.csv::Kia::Fuzzy_dataset_KIA_Soul_train.csv::full_trace::6860,-1,0,Kia,Fuzzy_dataset_KIA_Soul_train.csv
11,strong_campaign,ben_13-w00,ben_13,Hyundai::Attack_free_HY_Sonata_train.csv::Hyundai::Attack_free_HY_Sonata_train.csv::seg_test::785,-1,0,Hyundai,Attack_free_HY_Sonata_train.csv
11,strong_campaign,ben_13-w01,ben_13,Kia::Fuzzy_dataset_KIA_Soul_train.csv::Kia::Fuzzy_dataset_KIA_Soul_train.csv::full_trace::2506,-1,0,Kia,Fuzzy_dataset_KIA_Soul_train.csv
11,strong_campaign,ben_13-w02,ben_13,Hyundai::Attack_free_HY_Sonata_train.csv::Hyundai::Attack_free_HY_Sonata_train.csv::seg_test::1262,-1,0,Hyundai,Attack_free_HY_Sonata_train.csv
11,strong_campaign,ben_13-w03,ben_13,Kia::Fuzzy_dataset_KIA_Soul_train.csv::Kia::Fuzzy_dataset_KIA_Soul_train.csv::full_trace::1243,-1,0,Kia,Fuzzy_dataset_KIA_Soul_train.csv
11,strong_campaign,ben_13-w04,ben_13,Kia::Fuzzy_dataset_KIA_Soul_train.csv::Kia::Fuzzy_dataset_KIA_Soul_train.csv::full_trace::5741,-1,0,Kia,Fuzzy_dataset_KIA_Soul_train.csv
11,strong_campaign,ben_13-w05,ben_13,Hyundai::Attack_free_HY_Sonata_train.csv::Hyundai::Attack_free_HY_Sonata_train.csv::seg_test::780,-1,0,Hyundai,Attack_free_HY_Sonata_train.csv
11,strong_campaign,ben_13-w06,ben_13,Kia::Attack_free_KIA_Soul_train.csv::Kia::Attack_free_KIA_Soul_train.csv::seg_test::134,-1,0,Kia,Attack_free_KIA_Soul_train.csv
11,strong_campaign,ben_13-w07,ben_13,Hyundai::Attack_free_HY_Sonata_train.csv::Hyundai::Attack_free_HY_Sonata_train.csv::seg_test::235,-1,0,Hyundai,Attack_free_HY_Sonata_train.csv
11,strong_campaign,ben_13-w08,ben_13,Kia::Fuzzy_dataset_KIA_Soul_train.csv::Kia::Fuzzy_dataset_KIA_Soul_train.csv::full_trace::2169,-1,0,Kia,Fuzzy_dataset_KIA_Soul_train.csv
11,strong_campaign,ben_13-w09,ben_13,Kia::Fuzzy_dataset_KIA_Soul_train.csv::Kia::Fuzzy_dataset_KIA_Soul_train.csv::full_trace::32,-1,0,Kia,Fuzzy_dataset_KIA_Soul_train.csv
11,strong_campaign,ben_14-w00,ben_14,Kia::Fuzzy_dataset_KIA_Soul_train.csv::Kia::Fuzzy_dataset_KIA_Soul_train.csv::full_trace::5751,-1,0,Kia,Fuzzy_dataset_KIA_Soul_train.csv
11,strong_campaign,ben_14-w01,ben_14,Hyundai::Fuzzy_HYUNDAI_Sonata_train.csv::Hyundai::Fuzzy_HYUNDAI_Sonata_train.csv::full_trace::286,-1,0,Hyundai,Fuzzy_HYUNDAI_Sonata_train.csv
11,strong_campaign,ben_14-w02,ben_14,Kia::Fuzzy_dataset_KIA_Soul_train.csv::Kia::Fuzzy_dataset_KIA_Soul_train.csv::full_trace::8147,-1,0,Kia,Fuzzy_dataset_KIA_Soul_train.csv
11,strong_campaign,ben_14-w03,ben_14,Kia::Attack_free_KIA_Soul_train.csv::Kia::Attack_free_KIA_Soul_train.csv::seg_test::490,-1,0,Kia,Attack_free_KIA_Soul_train.csv
11,strong_campaign,ben_14-w04,ben_14,Kia::Fuzzy_dataset_KIA_Soul_train.csv::Kia::Fuzzy_dataset_KIA_Soul_train.csv::full_trace::3460,-1,0,Kia,Fuzzy_dataset_KIA_Soul_train.csv
11,strong_campaign,ben_14-w05,ben_14,Hyundai::Attack_free_HY_Sonata_train.csv::Hyundai::Attack_free_HY_Sonata_train.csv::seg_test::805,-1,0,Hyundai,Attack_free_HY_Sonata_train.csv
11,strong_campaign,ben_14-w06,ben_14,Kia::Fuzzy_dataset_KIA_Soul_train.csv::Kia::Fuzzy_dataset_KIA_Soul_train.csv::full_trace::109,-1,0,Kia,Fuzzy_dataset_KIA_Soul_train.csv
11,strong_campaign,ben_14-w07,ben_14,Kia::Attack_free_KIA_Soul_train.csv::Kia::Attack_free_KIA_Soul_train.csv::seg_test::260,-1,0,Kia,Attack_free_KIA_Soul_train.csv
11,strong_campaign,ben_14-w08,ben_14,Kia::Attack_free_KIA_Soul_train.csv::Kia::Attack_free_KIA_Soul_train.csv::seg_test::624,-1,0,Kia,Attack_free_KIA_Soul_train.csv
11,strong_campaign,ben_14-w09,ben_14,Hyundai::Fuzzy_HYUNDAI_Sonata_train.csv::Hyundai::Fuzzy_HYUNDAI_Sonata_train.csv::full_trace::1674,-1,0,Hyundai,Fuzzy_HYUNDAI_Sonata_train.csv
11,unrelated_incidents,ind_00-w00,ind_00,Kia::Fuzzy_dataset_KIA_Soul_train.csv::Kia::Fuzzy_dataset_KIA_Soul_train.csv::full_trace::505,0,1,Kia,Fuzzy_dataset_KIA_Soul_train.csv
11,unrelated_incidents,ind_00-w01,ind_00,Kia::Fuzzy_dataset_KIA_Soul_train.csv::Kia::Fuzzy_dataset_KIA_Soul_train.csv::full_trace::5075,0,1,Kia,Fuzzy_dataset_KIA_Soul_train.csv
11,unrelated_incidents,ind_00-w02,ind_00,Kia::Fuzzy_dataset_KIA_Soul_train.csv::Kia::Fuzzy_dataset_KIA_Soul_train.csv::full_trace::538,0,1,Kia,Fuzzy_dataset_KIA_Soul_train.csv
11,unrelated_incidents,ind_00-w03,ind_00,Kia::Fuzzy_dataset_KIA_Soul_train.csv::Kia::Fuzzy_dataset_KIA_Soul_train.csv::full_trace::7208,0,1,Kia,Fuzzy_dataset_KIA_Soul_train.csv
11,unrelated_incidents,ind_00-w04,ind_00,Kia::Fuzzy_dataset_KIA_Soul_train.csv::Kia::Fuzzy_dataset_KIA_Soul_train.csv::full_trace::4088,0,1,Kia,Fuzzy_dataset_KIA_Soul_train.csv
11,unrelated_incidents,ind_00-w05,ind_00,Kia::Fuzzy_dataset_KIA_Soul_train.csv::Kia::Fuzzy_dataset_KIA_Soul_train.csv::full_trace::1239,-1,0,Kia,Fuzzy_dataset_KIA_Soul_train.csv
11,unrelated_incidents,ind_00-w06,ind_00,Kia::Attack_free_KIA_Soul_train.csv::Kia::Attack_free_KIA_Soul_train.csv::seg_test::752,-1,0,Kia,Attack_free_KIA_Soul_train.csv
11,unrelated_incidents,ind_00-w07,ind_00,Hyundai::Attack_free_HY_Sonata_train.csv::Hyundai::Attack_free_HY_Sonata_train.csv::seg_test::571,-1,0,Hyundai,Attack_free_HY_Sonata_train.csv
11,unrelated_incidents,ind_00-w08,ind_00,Hyundai::Attack_free_HY_Sonata_train.csv::Hyundai::Attack_free_HY_Sonata_train.csv::seg_test::1199,-1,0,Hyundai,Attack_free_HY_Sonata_train.csv
11,unrelated_incidents,ind_00-w09,ind_00,Chevrolet::Attack_free_CHEVROLET_Spark_train.csv::Chevrolet::Attack_free_CHEVROLET_Spark_train.csv::seg_test::28,-1,0,Chevrolet,Attack_free_CHEVROLET_Spark_train.csv
11,unrelated_incidents,ind_01-w00,ind_01,Chevrolet::Flooding_CHEVROLET_Spark_train.csv::Chevrolet::Flooding_CHEVROLET_Spark_train.csv::seg_test::189,1,1,Chevrolet,Flooding_CHEVROLET_Spark_train.csv
11,unrelated_incidents,ind_01-w01,ind_01,Chevrolet::Flooding_CHEVROLET_Spark_train.csv::Chevrolet::Flooding_CHEVROLET_Spark_train.csv::seg_test::28,1,1,Chevrolet,Flooding_CHEVROLET_Spark_train.csv
11,unrelated_incidents,ind_01-w02,ind_01,Chevrolet::Flooding_CHEVROLET_Spark_train.csv::Chevrolet::Flooding_CHEVROLET_Spark_train.csv::seg_test::72,1,1,Chevrolet,Flooding_CHEVROLET_Spark_train.csv
11,unrelated_incidents,ind_01-w03,ind_01,Chevrolet::Flooding_CHEVROLET_Spark_train.csv::Chevrolet::Flooding_CHEVROLET_Spark_train.csv::seg_test::120,1,1,Chevrolet,Flooding_CHEVROLET_Spark_train.csv
11,unrelated_incidents,ind_01-w04,ind_01,Chevrolet::Flooding_CHEVROLET_Spark_train.csv::Chevrolet::Flooding_CHEVROLET_Spark_train.csv::seg_test::169,1,1,Chevrolet,Flooding_CHEVROLET_Spark_train.csv
11,unrelated_incidents,ind_01-w05,ind_01,Hyundai::Fuzzy_HYUNDAI_Sonata_train.csv::Hyundai::Fuzzy_HYUNDAI_Sonata_train.csv::full_trace::1207,-1,0,Hyundai,Fuzzy_HYUNDAI_Sonata_train.csv
11,unrelated_incidents,ind_01-w06,ind_01,Kia::Attack_free_KIA_Soul_train.csv::Kia::Attack_free_KIA_Soul_train.csv::seg_test::318,-1,0,Kia,Attack_free_KIA_Soul_train.csv
11,unrelated_incidents,ind_01-w07,ind_01,Kia::Fuzzy_dataset_KIA_Soul_train.csv::Kia::Fuzzy_dataset_KIA_Soul_train.csv::full_trace::6780,-1,0,Kia,Fuzzy_dataset_KIA_Soul_train.csv
11,unrelated_incidents,ind_01-w08,ind_01,Hyundai::Attack_free_HY_Sonata_train.csv::Hyundai::Attack_free_HY_Sonata_train.csv::seg_test::1118,-1,0,Hyundai,Attack_free_HY_Sonata_train.csv
11,unrelated_incidents,ind_01-w09,ind_01,Kia::Fuzzy_dataset_KIA_Soul_train.csv::Kia::Fuzzy_dataset_KIA_Soul_train.csv::full_trace::8045,-1,0,Kia,Fuzzy_dataset_KIA_Soul_train.csv
11,unrelated_incidents,ind_02-w00,ind_02,Kia::Fuzzy_dataset_KIA_Soul_train.csv::Kia::Fuzzy_dataset_KIA_Soul_train.csv::full_trace::7332,2,1,Kia,Fuzzy_dataset_KIA_Soul_train.csv
11,unrelated_incidents,ind_02-w01,ind_02,Kia::Fuzzy_dataset_KIA_Soul_train.csv::Kia::Fuzzy_dataset_KIA_Soul_train.csv::full_trace::7473,2,1,Kia,Fuzzy_dataset_KIA_Soul_train.csv
11,unrelated_incidents,ind_02-w02,ind_02,Kia::Fuzzy_dataset_KIA_Soul_train.csv::Kia::Fuzzy_dataset_KIA_Soul_train.csv::full_trace::4817,2,1,Kia,Fuzzy_dataset_KIA_Soul_train.csv
11,unrelated_incidents,ind_02-w03,ind_02,Kia::Fuzzy_dataset_KIA_Soul_train.csv::Kia::Fuzzy_dataset_KIA_Soul_train.csv::full_trace::8530,2,1,Kia,Fuzzy_dataset_KIA_Soul_train.csv
11,unrelated_incidents,ind_02-w04,ind_02,Chevrolet::Fuzzy_CHEVROLET_Spark_train.csv::Chevrolet::Fuzzy_CHEVROLET_Spark_train.csv::seg_test::8,2,1,Chevrolet,Fuzzy_CHEVROLET_Spark_train.csv
11,unrelated_incidents,ind_02-w05,ind_02,Kia::Fuzzy_dataset_KIA_Soul_train.csv::Kia::Fuzzy_dataset_KIA_Soul_train.csv::full_trace::7786,-1,0,Kia,Fuzzy_dataset_KIA_Soul_train.csv
11,unrelated_incidents,ind_02-w06,ind_02,Kia::Fuzzy_dataset_KIA_Soul_train.csv::Kia::Fuzzy_dataset_KIA_Soul_train.csv::full_trace::1288,-1,0,Kia,Fuzzy_dataset_KIA_Soul_train.csv
11,unrelated_incidents,ind_02-w07,ind_02,Chevrolet::Malfunction_CHEVROLET_Spark_train.csv::Chevrolet::Malfunction_CHEVROLET_Spark_train.csv::seg_test::17,-1,0,Chevrolet,Malfunction_CHEVROLET_Spark_train.csv
11,unrelated_incidents,ind_02-w08,ind_02,Kia::Fuzzy_dataset_KIA_Soul_train.csv::Kia::Fuzzy_dataset_KIA_Soul_train.csv::full_trace::4,-1,0,Kia,Fuzzy_dataset_KIA_Soul_train.csv
11,unrelated_incidents,ind_02-w09,ind_02,Kia::Attack_free_KIA_Soul_train.csv::Kia::Attack_free_KIA_Soul_train.csv::seg_test::364,-1,0,Kia,Attack_free_KIA_Soul_train.csv
11,unrelated_incidents,ind_03-w00,ind_03,Chevrolet::Flooding_CHEVROLET_Spark_train.csv::Chevrolet::Flooding_CHEVROLET_Spark_train.csv::seg_test::190,3,1,Chevrolet,Flooding_CHEVROLET_Spark_train.csv
11,unrelated_incidents,ind_03-w01,ind_03,Chevrolet::Flooding_CHEVROLET_Spark_train.csv::Chevrolet::Flooding_CHEVROLET_Spark_train.csv::seg_test::172,3,1,Chevrolet,Flooding_CHEVROLET_Spark_train.csv
11,unrelated_incidents,ind_03-w02,ind_03,Chevrolet::Flooding_CHEVROLET_Spark_train.csv::Chevrolet::Flooding_CHEVROLET_Spark_train.csv::seg_test::154,3,1,Chevrolet,Flooding_CHEVROLET_Spark_train.csv
11,unrelated_incidents,ind_03-w03,ind_03,Chevrolet::Flooding_CHEVROLET_Spark_train.csv::Chevrolet::Flooding_CHEVROLET_Spark_train.csv::seg_test::168,3,1,Chevrolet,Flooding_CHEVROLET_Spark_train.csv
11,unrelated_incidents,ind_03-w04,ind_03,Chevrolet::Flooding_CHEVROLET_Spark_train.csv::Chevrolet::Flooding_CHEVROLET_Spark_train.csv::seg_test::113,3,1,Chevrolet,Flooding_CHEVROLET_Spark_train.csv
11,unrelated_incidents,ind_03-w05,ind_03,Chevrolet::Attack_free_CHEVROLET_Spark_train.csv::Chevrolet::Attack_free_CHEVROLET_Spark_train.csv::seg_test::389,-1,0,Chevrolet,Attack_free_CHEVROLET_Spark_train.csv
11,unrelated_incidents,ind_03-w06,ind_03,Hyundai::Attack_free_HY_Sonata_train.csv::Hyundai::Attack_free_HY_Sonata_train.csv::seg_test::673,-1,0,Hyundai,Attack_free_HY_Sonata_train.csv
11,unrelated_incidents,ind_03-w07,ind_03,Hyundai::Fuzzy_HYUNDAI_Sonata_train.csv::Hyundai::Fuzzy_HYUNDAI_Sonata_train.csv::full_trace::1221,-1,0,Hyundai,Fuzzy_HYUNDAI_Sonata_train.csv
11,unrelated_incidents,ind_03-w08,ind_03,Kia::Fuzzy_dataset_KIA_Soul_train.csv::Kia::Fuzzy_dataset_KIA_Soul_train.csv::full_trace::8965,-1,0,Kia,Fuzzy_dataset_KIA_Soul_train.csv
11,unrelated_incidents,ind_03-w09,ind_03,Hyundai::Attack_free_HY_Sonata_train.csv::Hyundai::Attack_free_HY_Sonata_train.csv::seg_test::117,-1,0,Hyundai,Attack_free_HY_Sonata_train.csv
11,unrelated_incidents,ind_04-w00,ind_04,Hyundai::Fuzzy_HYUNDAI_Sonata_train.csv::Hyundai::Fuzzy_HYUNDAI_Sonata_train.csv::full_trace::1493,4,1,Hyundai,Fuzzy_HYUNDAI_Sonata_train.csv
11,unrelated_incidents,ind_04-w01,ind_04,Kia::Fuzzy_dataset_KIA_Soul_train.csv::Kia::Fuzzy_dataset_KIA_Soul_train.csv::full_trace::6011,4,1,Kia,Fuzzy_dataset_KIA_Soul_train.csv
11,unrelated_incidents,ind_04-w02,ind_04,Kia::Fuzzy_dataset_KIA_Soul_train.csv::Kia::Fuzzy_dataset_KIA_Soul_train.csv::full_trace::7586,4,1,Kia,Fuzzy_dataset_KIA_Soul_train.csv
11,unrelated_incidents,ind_04-w03,ind_04,Kia::Fuzzy_dataset_KIA_Soul_train.csv::Kia::Fuzzy_dataset_KIA_Soul_train.csv::full_trace::1387,4,1,Kia,Fuzzy_dataset_KIA_Soul_train.csv
11,unrelated_incidents,ind_04-w04,ind_04,Kia::Fuzzy_dataset_KIA_Soul_train.csv::Kia::Fuzzy_dataset_KIA_Soul_train.csv::full_trace::4908,4,1,Kia,Fuzzy_dataset_KIA_Soul_train.csv
11,unrelated_incidents,ind_04-w05,ind_04,Hyundai::Attack_free_HY_Sonata_train.csv::Hyundai::Attack_free_HY_Sonata_train.csv::seg_test::268,-1,0,Hyundai,Attack_free_HY_Sonata_train.csv
11,unrelated_incidents,ind_04-w06,ind_04,Hyundai::Fuzzy_HYUNDAI_Sonata_train.csv::Hyundai::Fuzzy_HYUNDAI_Sonata_train.csv::full_trace::338,-1,0,Hyundai,Fuzzy_HYUNDAI_Sonata_train.csv
11,unrelated_incidents,ind_04-w07,ind_04,Kia::Attack_free_KIA_Soul_train.csv::Kia::Attack_free_KIA_Soul_train.csv::seg_test::302,-1,0,Kia,Attack_free_KIA_Soul_train.csv
11,unrelated_incidents,ind_04-w08,ind_04,Hyundai::Fuzzy_HYUNDAI_Sonata_train.csv::Hyundai::Fuzzy_HYUNDAI_Sonata_train.csv::full_trace::126,-1,0,Hyundai,Fuzzy_HYUNDAI_Sonata_train.csv
11,unrelated_incidents,ind_04-w09,ind_04,Kia::Attack_free_KIA_Soul_train.csv::Kia::Attack_free_KIA_Soul_train.csv::seg_test::1083,-1,0,Kia,Attack_free_KIA_Soul_train.csv
11,unrelated_incidents,ben_00-w00,ben_00,Kia::Attack_free_KIA_Soul_train.csv::Kia::Attack_free_KIA_Soul_train.csv::seg_test::249,-1,0,Kia,Attack_free_KIA_Soul_train.csv
11,unrelated_incidents,ben_00-w01,ben_00,Kia::Fuzzy_dataset_KIA_Soul_train.csv::Kia::Fuzzy_dataset_KIA_Soul_train.csv::full_trace::5715,-1,0,Kia,Fuzzy_dataset_KIA_Soul_train.csv
11,unrelated_incidents,ben_00-w02,ben_00,Hyundai::Fuzzy_HYUNDAI_Sonata_train.csv::Hyundai::Fuzzy_HYUNDAI_Sonata_train.csv::full_trace::7,-1,0,Hyundai,Fuzzy_HYUNDAI_Sonata_train.csv
11,unrelated_incidents,ben_00-w03,ben_00,Kia::Fuzzy_dataset_KIA_Soul_train.csv::Kia::Fuzzy_dataset_KIA_Soul_train.csv::full_trace::4601,-1,0,Kia,Fuzzy_dataset_KIA_Soul_train.csv
11,unrelated_incidents,ben_00-w04,ben_00,Chevrolet::Malfunction_CHEVROLET_Spark_train.csv::Chevrolet::Malfunction_CHEVROLET_Spark_train.csv::seg_test::121,-1,0,Chevrolet,Malfunction_CHEVROLET_Spark_train.csv
11,unrelated_incidents,ben_00-w05,ben_00,Hyundai::Attack_free_HY_Sonata_train.csv::Hyundai::Attack_free_HY_Sonata_train.csv::seg_test::137,-1,0,Hyundai,Attack_free_HY_Sonata_train.csv
11,unrelated_incidents,ben_00-w06,ben_00,Hyundai::Attack_free_HY_Sonata_train.csv::Hyundai::Attack_free_HY_Sonata_train.csv::seg_test::32,-1,0,Hyundai,Attack_free_HY_Sonata_train.csv
11,unrelated_incidents,ben_00-w07,ben_00,Hyundai::Fuzzy_HYUNDAI_Sonata_train.csv::Hyundai::Fuzzy_HYUNDAI_Sonata_train.csv::full_trace::1740,-1,0,Hyundai,Fuzzy_HYUNDAI_Sonata_train.csv
11,unrelated_incidents,ben_00-w08,ben_00,Kia::Fuzzy_dataset_KIA_Soul_train.csv::Kia::Fuzzy_dataset_KIA_Soul_train.csv::full_trace::8922,-1,0,Kia,Fuzzy_dataset_KIA_Soul_train.csv
11,unrelated_incidents,ben_00-w09,ben_00,Kia::Fuzzy_dataset_KIA_Soul_train.csv::Kia::Fuzzy_dataset_KIA_Soul_train.csv::full_trace::3302,-1,0,Kia,Fuzzy_dataset_KIA_Soul_train.csv
11,unrelated_incidents,ben_01-w00,ben_01,Kia::Fuzzy_dataset_KIA_Soul_train.csv::Kia::Fuzzy_dataset_KIA_Soul_train.csv::full_trace::2282,-1,0,Kia,Fuzzy_dataset_KIA_Soul_train.csv
11,unrelated_incidents,ben_01-w01,ben_01,Hyundai::Attack_free_HY_Sonata_train.csv::Hyundai::Attack_free_HY_Sonata_train.csv::seg_test::726,-1,0,Hyundai,Attack_free_HY_Sonata_train.csv
11,unrelated_incidents,ben_01-w02,ben_01,Hyundai::Attack_free_HY_Sonata_train.csv::Hyundai::Attack_free_HY_Sonata_train.csv::seg_test::165,-1,0,Hyundai,Attack_free_HY_Sonata_train.csv
11,unrelated_incidents,ben_01-w03,ben_01,Kia::Fuzzy_dataset_KIA_Soul_train.csv::Kia::Fuzzy_dataset_KIA_Soul_train.csv::full_trace::6670,-1,0,Kia,Fuzzy_dataset_KIA_Soul_train.csv
11,unrelated_incidents,ben_01-w04,ben_01,Kia::Attack_free_KIA_Soul_train.csv::Kia::Attack_free_KIA_Soul_train.csv::seg_test::73,-1,0,Kia,Attack_free_KIA_Soul_train.csv
11,unrelated_incidents,ben_01-w05,ben_01,Chevrolet::Attack_free_CHEVROLET_Spark_train.csv::Chevrolet::Attack_free_CHEVROLET_Spark_train.csv::seg_test::63,-1,0,Chevrolet,Attack_free_CHEVROLET_Spark_train.csv
11,unrelated_incidents,ben_01-w06,ben_01,Kia::Attack_free_KIA_Soul_train.csv::Kia::Attack_free_KIA_Soul_train.csv::seg_test::7,-1,0,Kia,Attack_free_KIA_Soul_train.csv
11,unrelated_incidents,ben_01-w07,ben_01,Kia::Fuzzy_dataset_KIA_Soul_train.csv::Kia::Fuzzy_dataset_KIA_Soul_train.csv::full_trace::7958,-1,0,Kia,Fuzzy_dataset_KIA_Soul_train.csv
11,unrelated_incidents,ben_01-w08,ben_01,Kia::Attack_free_KIA_Soul_train.csv::Kia::Attack_free_KIA_Soul_train.csv::seg_test::3,-1,0,Kia,Attack_free_KIA_Soul_train.csv
11,unrelated_incidents,ben_01-w09,ben_01,Hyundai::Attack_free_HY_Sonata_train.csv::Hyundai::Attack_free_HY_Sonata_train.csv::seg_test::595,-1,0,Hyundai,Attack_free_HY_Sonata_train.csv
11,unrelated_incidents,ben_02-w00,ben_02,Hyundai::Attack_free_HY_Sonata_train.csv::Hyundai::Attack_free_HY_Sonata_train.csv::seg_test::1148,-1,0,Hyundai,Attack_free_HY_Sonata_train.csv
11,unrelated_incidents,ben_02-w01,ben_02,Kia::Fuzzy_dataset_KIA_Soul_train.csv::Kia::Fuzzy_dataset_KIA_Soul_train.csv::full_trace::5660,-1,0,Kia,Fuzzy_dataset_KIA_Soul_train.csv
11,unrelated_incidents,ben_02-w02,ben_02,Kia::Fuzzy_dataset_KIA_Soul_train.csv::Kia::Fuzzy_dataset_KIA_Soul_train.csv::full_trace::9181,-1,0,Kia,Fuzzy_dataset_KIA_Soul_train.csv
11,unrelated_incidents,ben_02-w03,ben_02,Chevrolet::Malfunction_CHEVROLET_Spark_train.csv::Chevrolet::Malfunction_CHEVROLET_Spark_train.csv::seg_test::21,-1,0,Chevrolet,Malfunction_CHEVROLET_Spark_train.csv
11,unrelated_incidents,ben_02-w04,ben_02,Kia::Fuzzy_dataset_KIA_Soul_train.csv::Kia::Fuzzy_dataset_KIA_Soul_train.csv::full_trace::8139,-1,0,Kia,Fuzzy_dataset_KIA_Soul_train.csv
11,unrelated_incidents,ben_02-w05,ben_02,Kia::Fuzzy_dataset_KIA_Soul_train.csv::Kia::Fuzzy_dataset_KIA_Soul_train.csv::full_trace::8963,-1,0,Kia,Fuzzy_dataset_KIA_Soul_train.csv
11,unrelated_incidents,ben_02-w06,ben_02,Hyundai::Attack_free_HY_Sonata_train.csv::Hyundai::Attack_free_HY_Sonata_train.csv::seg_test::504,-1,0,Hyundai,Attack_free_HY_Sonata_train.csv
11,unrelated_incidents,ben_02-w07,ben_02,Hyundai::Fuzzy_HYUNDAI_Sonata_train.csv::Hyundai::Fuzzy_HYUNDAI_Sonata_train.csv::full_trace::299,-1,0,Hyundai,Fuzzy_HYUNDAI_Sonata_train.csv
11,unrelated_incidents,ben_02-w08,ben_02,Kia::Fuzzy_dataset_KIA_Soul_train.csv::Kia::Fuzzy_dataset_KIA_Soul_train.csv::full_trace::3460,-1,0,Kia,Fuzzy_dataset_KIA_Soul_train.csv
11,unrelated_incidents,ben_02-w09,ben_02,Kia::Fuzzy_dataset_KIA_Soul_train.csv::Kia::Fuzzy_dataset_KIA_Soul_train.csv::full_trace::2370,-1,0,Kia,Fuzzy_dataset_KIA_Soul_train.csv
11,unrelated_incidents,ben_03-w00,ben_03,Hyundai::Attack_free_HY_Sonata_train.csv::Hyundai::Attack_free_HY_Sonata_train.csv::seg_test::147,-1,0,Hyundai,Attack_free_HY_Sonata_train.csv
11,unrelated_incidents,ben_03-w01,ben_03,Kia::Fuzzy_dataset_KIA_Soul_train.csv::Kia::Fuzzy_dataset_KIA_Soul_train.csv::full_trace::5562,-1,0,Kia,Fuzzy_dataset_KIA_Soul_train.csv
11,unrelated_incidents,ben_03-w02,ben_03,Kia::Fuzzy_dataset_KIA_Soul_train.csv::Kia::Fuzzy_dataset_KIA_Soul_train.csv::full_trace::3547,-1,0,Kia,Fuzzy_dataset_KIA_Soul_train.csv
11,unrelated_incidents,ben_03-w03,ben_03,Kia::Fuzzy_dataset_KIA_Soul_train.csv::Kia::Fuzzy_dataset_KIA_Soul_train.csv::full_trace::83,-1,0,Kia,Fuzzy_dataset_KIA_Soul_train.csv
11,unrelated_incidents,ben_03-w04,ben_03,Hyundai::Fuzzy_HYUNDAI_Sonata_train.csv::Hyundai::Fuzzy_HYUNDAI_Sonata_train.csv::full_trace::1578,-1,0,Hyundai,Fuzzy_HYUNDAI_Sonata_train.csv
11,unrelated_incidents,ben_03-w05,ben_03,Kia::Attack_free_KIA_Soul_train.csv::Kia::Attack_free_KIA_Soul_train.csv::seg_test::424,-1,0,Kia,Attack_free_KIA_Soul_train.csv
11,unrelated_incidents,ben_03-w06,ben_03,Chevrolet::Attack_free_CHEVROLET_Spark_train.csv::Chevrolet::Attack_free_CHEVROLET_Spark_train.csv::seg_test::118,-1,0,Chevrolet,Attack_free_CHEVROLET_Spark_train.csv
11,unrelated_incidents,ben_03-w07,ben_03,Kia::Fuzzy_dataset_KIA_Soul_train.csv::Kia::Fuzzy_dataset_KIA_Soul_train.csv::full_trace::8020,-1,0,Kia,Fuzzy_dataset_KIA_Soul_train.csv
11,unrelated_incidents,ben_03-w08,ben_03,Chevrolet::Attack_free_CHEVROLET_Spark_train.csv::Chevrolet::Attack_free_CHEVROLET_Spark_train.csv::seg_test::176,-1,0,Chevrolet,Attack_free_CHEVROLET_Spark_train.csv
11,unrelated_incidents,ben_03-w09,ben_03,Hyundai::Fuzzy_HYUNDAI_Sonata_train.csv::Hyundai::Fuzzy_HYUNDAI_Sonata_train.csv::full_trace::1627,-1,0,Hyundai,Fuzzy_HYUNDAI_Sonata_train.csv
11,unrelated_incidents,ben_04-w00,ben_04,Kia::Fuzzy_dataset_KIA_Soul_train.csv::Kia::Fuzzy_dataset_KIA_Soul_train.csv::full_trace::5722,-1,0,Kia,Fuzzy_dataset_KIA_Soul_train.csv
11,unrelated_incidents,ben_04-w01,ben_04,Kia::Attack_free_KIA_Soul_train.csv::Kia::Attack_free_KIA_Soul_train.csv::seg_test::1035,-1,0,Kia,Attack_free_KIA_Soul_train.csv
11,unrelated_incidents,ben_04-w02,ben_04,Chevrolet::Malfunction_CHEVROLET_Spark_train.csv::Chevrolet::Malfunction_CHEVROLET_Spark_train.csv::seg_test::139,-1,0,Chevrolet,Malfunction_CHEVROLET_Spark_train.csv
11,unrelated_incidents,ben_04-w03,ben_04,Kia::Fuzzy_dataset_KIA_Soul_train.csv::Kia::Fuzzy_dataset_KIA_Soul_train.csv::full_trace::8811,-1,0,Kia,Fuzzy_dataset_KIA_Soul_train.csv
11,unrelated_incidents,ben_04-w04,ben_04,Hyundai::Attack_free_HY_Sonata_train.csv::Hyundai::Attack_free_HY_Sonata_train.csv::seg_test::327,-1,0,Hyundai,Attack_free_HY_Sonata_train.csv
11,unrelated_incidents,ben_04-w05,ben_04,Kia::Attack_free_KIA_Soul_train.csv::Kia::Attack_free_KIA_Soul_train.csv::seg_test::50,-1,0,Kia,Attack_free_KIA_Soul_train.csv
11,unrelated_incidents,ben_04-w06,ben_04,Chevrolet::Attack_free_CHEVROLET_Spark_train.csv::Chevrolet::Attack_free_CHEVROLET_Spark_train.csv::seg_test::84,-1,0,Chevrolet,Attack_free_CHEVROLET_Spark_train.csv
11,unrelated_incidents,ben_04-w07,ben_04,Kia::Fuzzy_dataset_KIA_Soul_train.csv::Kia::Fuzzy_dataset_KIA_Soul_train.csv::full_trace::6657,-1,0,Kia,Fuzzy_dataset_KIA_Soul_train.csv
11,unrelated_incidents,ben_04-w08,ben_04,Kia::Fuzzy_dataset_KIA_Soul_train.csv::Kia::Fuzzy_dataset_KIA_Soul_train.csv::full_trace::159,-1,0,Kia,Fuzzy_dataset_KIA_Soul_train.csv
11,unrelated_incidents,ben_04-w09,ben_04,Kia::Attack_free_KIA_Soul_train.csv::Kia::Attack_free_KIA_Soul_train.csv::seg_test::263,-1,0,Kia,Attack_free_KIA_Soul_train.csv
11,unrelated_incidents,ben_05-w00,ben_05,Kia::Fuzzy_dataset_KIA_Soul_train.csv::Kia::Fuzzy_dataset_KIA_Soul_train.csv::full_trace::1219,-1,0,Kia,Fuzzy_dataset_KIA_Soul_train.csv
11,unrelated_incidents,ben_05-w01,ben_05,Kia::Fuzzy_dataset_KIA_Soul_train.csv::Kia::Fuzzy_dataset_KIA_Soul_train.csv::full_trace::9119,-1,0,Kia,Fuzzy_dataset_KIA_Soul_train.csv
11,unrelated_incidents,ben_05-w02,ben_05,Kia::Fuzzy_dataset_KIA_Soul_train.csv::Kia::Fuzzy_dataset_KIA_Soul_train.csv::full_trace::8821,-1,0,Kia,Fuzzy_dataset_KIA_Soul_train.csv
11,unrelated_incidents,ben_05-w03,ben_05,Kia::Fuzzy_dataset_KIA_Soul_train.csv::Kia::Fuzzy_dataset_KIA_Soul_train.csv::full_trace::6717,-1,0,Kia,Fuzzy_dataset_KIA_Soul_train.csv
11,unrelated_incidents,ben_05-w04,ben_05,Kia::Fuzzy_dataset_KIA_Soul_train.csv::Kia::Fuzzy_dataset_KIA_Soul_train.csv::full_trace::5675,-1,0,Kia,Fuzzy_dataset_KIA_Soul_train.csv
11,unrelated_incidents,ben_05-w05,ben_05,Kia::Fuzzy_dataset_KIA_Soul_train.csv::Kia::Fuzzy_dataset_KIA_Soul_train.csv::full_trace::4558,-1,0,Kia,Fuzzy_dataset_KIA_Soul_train.csv
11,unrelated_incidents,ben_05-w06,ben_05,Hyundai::Attack_free_HY_Sonata_train.csv::Hyundai::Attack_free_HY_Sonata_train.csv::seg_test::662,-1,0,Hyundai,Attack_free_HY_Sonata_train.csv
11,unrelated_incidents,ben_05-w07,ben_05,Hyundai::Fuzzy_HYUNDAI_Sonata_train.csv::Hyundai::Fuzzy_HYUNDAI_Sonata_train.csv::full_trace::1598,-1,0,Hyundai,Fuzzy_HYUNDAI_Sonata_train.csv
11,unrelated_incidents,ben_05-w08,ben_05,Kia::Fuzzy_dataset_KIA_Soul_train.csv::Kia::Fuzzy_dataset_KIA_Soul_train.csv::full_trace::3592,-1,0,Kia,Fuzzy_dataset_KIA_Soul_train.csv
11,unrelated_incidents,ben_05-w09,ben_05,Kia::Fuzzy_dataset_KIA_Soul_train.csv::Kia::Fuzzy_dataset_KIA_Soul_train.csv::full_trace::2113,-1,0,Kia,Fuzzy_dataset_KIA_Soul_train.csv
11,unrelated_incidents,ben_06-w00,ben_06,Kia::Fuzzy_dataset_KIA_Soul_train.csv::Kia::Fuzzy_dataset_KIA_Soul_train.csv::full_trace::4498,-1,0,Kia,Fuzzy_dataset_KIA_Soul_train.csv
11,unrelated_incidents,ben_06-w01,ben_06,Hyundai::Attack_free_HY_Sonata_train.csv::Hyundai::Attack_free_HY_Sonata_train.csv::seg_test::574,-1,0,Hyundai,Attack_free_HY_Sonata_train.csv
11,unrelated_incidents,ben_06-w02,ben_06,Hyundai::Attack_free_HY_Sonata_train.csv::Hyundai::Attack_free_HY_Sonata_train.csv::seg_test::290,-1,0,Hyundai,Attack_free_HY_Sonata_train.csv
11,unrelated_incidents,ben_06-w03,ben_06,Kia::Fuzzy_dataset_KIA_Soul_train.csv::Kia::Fuzzy_dataset_KIA_Soul_train.csv::full_trace::8945,-1,0,Kia,Fuzzy_dataset_KIA_Soul_train.csv
11,unrelated_incidents,ben_06-w04,ben_06,Kia::Fuzzy_dataset_KIA_Soul_train.csv::Kia::Fuzzy_dataset_KIA_Soul_train.csv::full_trace::5820,-1,0,Kia,Fuzzy_dataset_KIA_Soul_train.csv
11,unrelated_incidents,ben_06-w05,ben_06,Kia::Attack_free_KIA_Soul_train.csv::Kia::Attack_free_KIA_Soul_train.csv::seg_test::1394,-1,0,Kia,Attack_free_KIA_Soul_train.csv
11,unrelated_incidents,ben_06-w06,ben_06,Kia::Attack_free_KIA_Soul_train.csv::Kia::Attack_free_KIA_Soul_train.csv::seg_test::417,-1,0,Kia,Attack_free_KIA_Soul_train.csv
11,unrelated_incidents,ben_06-w07,ben_06,Hyundai::Fuzzy_HYUNDAI_Sonata_train.csv::Hyundai::Fuzzy_HYUNDAI_Sonata_train.csv::full_trace::68,-1,0,Hyundai,Fuzzy_HYUNDAI_Sonata_train.csv
11,unrelated_incidents,ben_06-w08,ben_06,Kia::Fuzzy_dataset_KIA_Soul_train.csv::Kia::Fuzzy_dataset_KIA_Soul_train.csv::full_trace::6754,-1,0,Kia,Fuzzy_dataset_KIA_Soul_train.csv
11,unrelated_incidents,ben_06-w09,ben_06,Kia::Fuzzy_dataset_KIA_Soul_train.csv::Kia::Fuzzy_dataset_KIA_Soul_train.csv::full_trace::1176,-1,0,Kia,Fuzzy_dataset_KIA_Soul_train.csv
11,unrelated_incidents,ben_07-w00,ben_07,Hyundai::Fuzzy_HYUNDAI_Sonata_train.csv::Hyundai::Fuzzy_HYUNDAI_Sonata_train.csv::full_trace::9,-1,0,Hyundai,Fuzzy_HYUNDAI_Sonata_train.csv
11,unrelated_incidents,ben_07-w01,ben_07,Hyundai::Attack_free_HY_Sonata_train.csv::Hyundai::Attack_free_HY_Sonata_train.csv::seg_test::495,-1,0,Hyundai,Attack_free_HY_Sonata_train.csv
11,unrelated_incidents,ben_07-w02,ben_07,Kia::Attack_free_KIA_Soul_train.csv::Kia::Attack_free_KIA_Soul_train.csv::seg_test::240,-1,0,Kia,Attack_free_KIA_Soul_train.csv
11,unrelated_incidents,ben_07-w03,ben_07,Hyundai::Fuzzy_HYUNDAI_Sonata_train.csv::Hyundai::Fuzzy_HYUNDAI_Sonata_train.csv::full_trace::455,-1,0,Hyundai,Fuzzy_HYUNDAI_Sonata_train.csv
11,unrelated_incidents,ben_07-w04,ben_07,Kia::Fuzzy_dataset_KIA_Soul_train.csv::Kia::Fuzzy_dataset_KIA_Soul_train.csv::full_trace::3387,-1,0,Kia,Fuzzy_dataset_KIA_Soul_train.csv
11,unrelated_incidents,ben_07-w05,ben_07,Kia::Fuzzy_dataset_KIA_Soul_train.csv::Kia::Fuzzy_dataset_KIA_Soul_train.csv::full_trace::3357,-1,0,Kia,Fuzzy_dataset_KIA_Soul_train.csv
11,unrelated_incidents,ben_07-w06,ben_07,Kia::Fuzzy_dataset_KIA_Soul_train.csv::Kia::Fuzzy_dataset_KIA_Soul_train.csv::full_trace::5793,-1,0,Kia,Fuzzy_dataset_KIA_Soul_train.csv
11,unrelated_incidents,ben_07-w07,ben_07,Kia::Attack_free_KIA_Soul_train.csv::Kia::Attack_free_KIA_Soul_train.csv::seg_test::395,-1,0,Kia,Attack_free_KIA_Soul_train.csv
11,unrelated_incidents,ben_07-w08,ben_07,Hyundai::Attack_free_HY_Sonata_train.csv::Hyundai::Attack_free_HY_Sonata_train.csv::seg_test::3,-1,0,Hyundai,Attack_free_HY_Sonata_train.csv
11,unrelated_incidents,ben_07-w09,ben_07,Kia::Fuzzy_dataset_KIA_Soul_train.csv::Kia::Fuzzy_dataset_KIA_Soul_train.csv::full_trace::8156,-1,0,Kia,Fuzzy_dataset_KIA_Soul_train.csv
11,unrelated_incidents,ben_08-w00,ben_08,Kia::Fuzzy_dataset_KIA_Soul_train.csv::Kia::Fuzzy_dataset_KIA_Soul_train.csv::full_trace::7948,-1,0,Kia,Fuzzy_dataset_KIA_Soul_train.csv
11,unrelated_incidents,ben_08-w01,ben_08,Hyundai::Fuzzy_HYUNDAI_Sonata_train.csv::Hyundai::Fuzzy_HYUNDAI_Sonata_train.csv::full_trace::20,-1,0,Hyundai,Fuzzy_HYUNDAI_Sonata_train.csv
11,unrelated_incidents,ben_08-w02,ben_08,Hyundai::Fuzzy_HYUNDAI_Sonata_train.csv::Hyundai::Fuzzy_HYUNDAI_Sonata_train.csv::full_trace::748,-1,0,Hyundai,Fuzzy_HYUNDAI_Sonata_train.csv
11,unrelated_incidents,ben_08-w03,ben_08,Kia::Fuzzy_dataset_KIA_Soul_train.csv::Kia::Fuzzy_dataset_KIA_Soul_train.csv::full_trace::108,-1,0,Kia,Fuzzy_dataset_KIA_Soul_train.csv
11,unrelated_incidents,ben_08-w04,ben_08,Kia::Fuzzy_dataset_KIA_Soul_train.csv::Kia::Fuzzy_dataset_KIA_Soul_train.csv::full_trace::3393,-1,0,Kia,Fuzzy_dataset_KIA_Soul_train.csv
11,unrelated_incidents,ben_08-w05,ben_08,Kia::Fuzzy_dataset_KIA_Soul_train.csv::Kia::Fuzzy_dataset_KIA_Soul_train.csv::full_trace::3447,-1,0,Kia,Fuzzy_dataset_KIA_Soul_train.csv
11,unrelated_incidents,ben_08-w06,ben_08,Kia::Attack_free_KIA_Soul_train.csv::Kia::Attack_free_KIA_Soul_train.csv::seg_test::134,-1,0,Kia,Attack_free_KIA_Soul_train.csv
11,unrelated_incidents,ben_08-w07,ben_08,Kia::Fuzzy_dataset_KIA_Soul_train.csv::Kia::Fuzzy_dataset_KIA_Soul_train.csv::full_trace::3398,-1,0,Kia,Fuzzy_dataset_KIA_Soul_train.csv
11,unrelated_incidents,ben_08-w08,ben_08,Kia::Fuzzy_dataset_KIA_Soul_train.csv::Kia::Fuzzy_dataset_KIA_Soul_train.csv::full_trace::1296,-1,0,Kia,Fuzzy_dataset_KIA_Soul_train.csv
11,unrelated_incidents,ben_08-w09,ben_08,Hyundai::Attack_free_HY_Sonata_train.csv::Hyundai::Attack_free_HY_Sonata_train.csv::seg_test::938,-1,0,Hyundai,Attack_free_HY_Sonata_train.csv
11,unrelated_incidents,ben_09-w00,ben_09,Kia::Fuzzy_dataset_KIA_Soul_train.csv::Kia::Fuzzy_dataset_KIA_Soul_train.csv::full_trace::1348,-1,0,Kia,Fuzzy_dataset_KIA_Soul_train.csv
11,unrelated_incidents,ben_09-w01,ben_09,Kia::Fuzzy_dataset_KIA_Soul_train.csv::Kia::Fuzzy_dataset_KIA_Soul_train.csv::full_trace::2128,-1,0,Kia,Fuzzy_dataset_KIA_Soul_train.csv
11,unrelated_incidents,ben_09-w02,ben_09,Hyundai::Attack_free_HY_Sonata_train.csv::Hyundai::Attack_free_HY_Sonata_train.csv::seg_test::941,-1,0,Hyundai,Attack_free_HY_Sonata_train.csv
11,unrelated_incidents,ben_09-w03,ben_09,Hyundai::Attack_free_HY_Sonata_train.csv::Hyundai::Attack_free_HY_Sonata_train.csv::seg_test::704,-1,0,Hyundai,Attack_free_HY_Sonata_train.csv
11,unrelated_incidents,ben_09-w04,ben_09,Chevrolet::Attack_free_CHEVROLET_Spark_train.csv::Chevrolet::Attack_free_CHEVROLET_Spark_train.csv::seg_test::314,-1,0,Chevrolet,Attack_free_CHEVROLET_Spark_train.csv
11,unrelated_incidents,ben_09-w05,ben_09,Kia::Fuzzy_dataset_KIA_Soul_train.csv::Kia::Fuzzy_dataset_KIA_Soul_train.csv::full_trace::9091,-1,0,Kia,Fuzzy_dataset_KIA_Soul_train.csv
11,unrelated_incidents,ben_09-w06,ben_09,Kia::Fuzzy_dataset_KIA_Soul_train.csv::Kia::Fuzzy_dataset_KIA_Soul_train.csv::full_trace::4462,-1,0,Kia,Fuzzy_dataset_KIA_Soul_train.csv
11,unrelated_incidents,ben_09-w07,ben_09,Kia::Fuzzy_dataset_KIA_Soul_train.csv::Kia::Fuzzy_dataset_KIA_Soul_train.csv::full_trace::9080,-1,0,Kia,Fuzzy_dataset_KIA_Soul_train.csv
11,unrelated_incidents,ben_09-w08,ben_09,Hyundai::Attack_free_HY_Sonata_train.csv::Hyundai::Attack_free_HY_Sonata_train.csv::seg_test::674,-1,0,Hyundai,Attack_free_HY_Sonata_train.csv
11,unrelated_incidents,ben_09-w09,ben_09,Kia::Attack_free_KIA_Soul_train.csv::Kia::Attack_free_KIA_Soul_train.csv::seg_test::757,-1,0,Kia,Attack_free_KIA_Soul_train.csv
11,unrelated_incidents,ben_10-w00,ben_10,Kia::Fuzzy_dataset_KIA_Soul_train.csv::Kia::Fuzzy_dataset_KIA_Soul_train.csv::full_trace::6925,-1,0,Kia,Fuzzy_dataset_KIA_Soul_train.csv
11,unrelated_incidents,ben_10-w01,ben_10,Kia::Fuzzy_dataset_KIA_Soul_train.csv::Kia::Fuzzy_dataset_KIA_Soul_train.csv::full_trace::2460,-1,0,Kia,Fuzzy_dataset_KIA_Soul_train.csv
11,unrelated_incidents,ben_10-w02,ben_10,Kia::Fuzzy_dataset_KIA_Soul_train.csv::Kia::Fuzzy_dataset_KIA_Soul_train.csv::full_trace::5890,-1,0,Kia,Fuzzy_dataset_KIA_Soul_train.csv
11,unrelated_incidents,ben_10-w03,ben_10,Kia::Fuzzy_dataset_KIA_Soul_train.csv::Kia::Fuzzy_dataset_KIA_Soul_train.csv::full_trace::34,-1,0,Kia,Fuzzy_dataset_KIA_Soul_train.csv
11,unrelated_incidents,ben_10-w04,ben_10,Hyundai::Attack_free_HY_Sonata_train.csv::Hyundai::Attack_free_HY_Sonata_train.csv::seg_test::1171,-1,0,Hyundai,Attack_free_HY_Sonata_train.csv
11,unrelated_incidents,ben_10-w05,ben_10,Kia::Attack_free_KIA_Soul_train.csv::Kia::Attack_free_KIA_Soul_train.csv::seg_test::1264,-1,0,Kia,Attack_free_KIA_Soul_train.csv
11,unrelated_incidents,ben_10-w06,ben_10,Kia::Fuzzy_dataset_KIA_Soul_train.csv::Kia::Fuzzy_dataset_KIA_Soul_train.csv::full_trace::4774,-1,0,Kia,Fuzzy_dataset_KIA_Soul_train.csv
11,unrelated_incidents,ben_10-w07,ben_10,Kia::Attack_free_KIA_Soul_train.csv::Kia::Attack_free_KIA_Soul_train.csv::seg_test::307,-1,0,Kia,Attack_free_KIA_Soul_train.csv
11,unrelated_incidents,ben_10-w08,ben_10,Kia::Fuzzy_dataset_KIA_Soul_train.csv::Kia::Fuzzy_dataset_KIA_Soul_train.csv::full_trace::6887,-1,0,Kia,Fuzzy_dataset_KIA_Soul_train.csv
11,unrelated_incidents,ben_10-w09,ben_10,Hyundai::Attack_free_HY_Sonata_train.csv::Hyundai::Attack_free_HY_Sonata_train.csv::seg_test::402,-1,0,Hyundai,Attack_free_HY_Sonata_train.csv
11,unrelated_incidents,ben_11-w00,ben_11,Hyundai::Fuzzy_HYUNDAI_Sonata_train.csv::Hyundai::Fuzzy_HYUNDAI_Sonata_train.csv::full_trace::1650,-1,0,Hyundai,Fuzzy_HYUNDAI_Sonata_train.csv
11,unrelated_incidents,ben_11-w01,ben_11,Kia::Fuzzy_dataset_KIA_Soul_train.csv::Kia::Fuzzy_dataset_KIA_Soul_train.csv::full_trace::2161,-1,0,Kia,Fuzzy_dataset_KIA_Soul_train.csv
11,unrelated_incidents,ben_11-w02,ben_11,Hyundai::Fuzzy_HYUNDAI_Sonata_train.csv::Hyundai::Fuzzy_HYUNDAI_Sonata_train.csv::full_trace::1567,-1,0,Hyundai,Fuzzy_HYUNDAI_Sonata_train.csv
11,unrelated_incidents,ben_11-w03,ben_11,Hyundai::Attack_free_HY_Sonata_train.csv::Hyundai::Attack_free_HY_Sonata_train.csv::seg_test::1121,-1,0,Hyundai,Attack_free_HY_Sonata_train.csv
11,unrelated_incidents,ben_11-w04,ben_11,Hyundai::Attack_free_HY_Sonata_train.csv::Hyundai::Attack_free_HY_Sonata_train.csv::seg_test::291,-1,0,Hyundai,Attack_free_HY_Sonata_train.csv
11,unrelated_incidents,ben_11-w05,ben_11,Hyundai::Attack_free_HY_Sonata_train.csv::Hyundai::Attack_free_HY_Sonata_train.csv::seg_test::25,-1,0,Hyundai,Attack_free_HY_Sonata_train.csv
11,unrelated_incidents,ben_11-w06,ben_11,Hyundai::Fuzzy_HYUNDAI_Sonata_train.csv::Hyundai::Fuzzy_HYUNDAI_Sonata_train.csv::full_trace::728,-1,0,Hyundai,Fuzzy_HYUNDAI_Sonata_train.csv
11,unrelated_incidents,ben_11-w07,ben_11,Kia::Attack_free_KIA_Soul_train.csv::Kia::Attack_free_KIA_Soul_train.csv::seg_test::665,-1,0,Kia,Attack_free_KIA_Soul_train.csv
11,unrelated_incidents,ben_11-w08,ben_11,Kia::Fuzzy_dataset_KIA_Soul_train.csv::Kia::Fuzzy_dataset_KIA_Soul_train.csv::full_trace::1131,-1,0,Kia,Fuzzy_dataset_KIA_Soul_train.csv
11,unrelated_incidents,ben_11-w09,ben_11,Kia::Fuzzy_dataset_KIA_Soul_train.csv::Kia::Fuzzy_dataset_KIA_Soul_train.csv::full_trace::116,-1,0,Kia,Fuzzy_dataset_KIA_Soul_train.csv
11,unrelated_incidents,ben_12-w00,ben_12,Kia::Attack_free_KIA_Soul_train.csv::Kia::Attack_free_KIA_Soul_train.csv::seg_test::868,-1,0,Kia,Attack_free_KIA_Soul_train.csv
11,unrelated_incidents,ben_12-w01,ben_12,Chevrolet::Attack_free_CHEVROLET_Spark_train.csv::Chevrolet::Attack_free_CHEVROLET_Spark_train.csv::seg_test::30,-1,0,Chevrolet,Attack_free_CHEVROLET_Spark_train.csv
11,unrelated_incidents,ben_12-w02,ben_12,Kia::Fuzzy_dataset_KIA_Soul_train.csv::Kia::Fuzzy_dataset_KIA_Soul_train.csv::full_trace::1283,-1,0,Kia,Fuzzy_dataset_KIA_Soul_train.csv
11,unrelated_incidents,ben_12-w03,ben_12,Hyundai::Attack_free_HY_Sonata_train.csv::Hyundai::Attack_free_HY_Sonata_train.csv::seg_test::1051,-1,0,Hyundai,Attack_free_HY_Sonata_train.csv
11,unrelated_incidents,ben_12-w04,ben_12,Kia::Fuzzy_dataset_KIA_Soul_train.csv::Kia::Fuzzy_dataset_KIA_Soul_train.csv::full_trace::5620,-1,0,Kia,Fuzzy_dataset_KIA_Soul_train.csv
11,unrelated_incidents,ben_12-w05,ben_12,Kia::Attack_free_KIA_Soul_train.csv::Kia::Attack_free_KIA_Soul_train.csv::seg_test::540,-1,0,Kia,Attack_free_KIA_Soul_train.csv
11,unrelated_incidents,ben_12-w06,ben_12,Hyundai::Fuzzy_HYUNDAI_Sonata_train.csv::Hyundai::Fuzzy_HYUNDAI_Sonata_train.csv::full_trace::1606,-1,0,Hyundai,Fuzzy_HYUNDAI_Sonata_train.csv
11,unrelated_incidents,ben_12-w07,ben_12,Kia::Fuzzy_dataset_KIA_Soul_train.csv::Kia::Fuzzy_dataset_KIA_Soul_train.csv::full_trace::4567,-1,0,Kia,Fuzzy_dataset_KIA_Soul_train.csv
11,unrelated_incidents,ben_12-w08,ben_12,Kia::Fuzzy_dataset_KIA_Soul_train.csv::Kia::Fuzzy_dataset_KIA_Soul_train.csv::full_trace::3336,-1,0,Kia,Fuzzy_dataset_KIA_Soul_train.csv
11,unrelated_incidents,ben_12-w09,ben_12,Kia::Fuzzy_dataset_KIA_Soul_train.csv::Kia::Fuzzy_dataset_KIA_Soul_train.csv::full_trace::6863,-1,0,Kia,Fuzzy_dataset_KIA_Soul_train.csv
11,unrelated_incidents,ben_13-w00,ben_13,Hyundai::Attack_free_HY_Sonata_train.csv::Hyundai::Attack_free_HY_Sonata_train.csv::seg_test::785,-1,0,Hyundai,Attack_free_HY_Sonata_train.csv
11,unrelated_incidents,ben_13-w01,ben_13,Kia::Fuzzy_dataset_KIA_Soul_train.csv::Kia::Fuzzy_dataset_KIA_Soul_train.csv::full_trace::2509,-1,0,Kia,Fuzzy_dataset_KIA_Soul_train.csv
11,unrelated_incidents,ben_13-w02,ben_13,Hyundai::Attack_free_HY_Sonata_train.csv::Hyundai::Attack_free_HY_Sonata_train.csv::seg_test::1262,-1,0,Hyundai,Attack_free_HY_Sonata_train.csv
11,unrelated_incidents,ben_13-w03,ben_13,Kia::Fuzzy_dataset_KIA_Soul_train.csv::Kia::Fuzzy_dataset_KIA_Soul_train.csv::full_trace::1246,-1,0,Kia,Fuzzy_dataset_KIA_Soul_train.csv
11,unrelated_incidents,ben_13-w04,ben_13,Kia::Fuzzy_dataset_KIA_Soul_train.csv::Kia::Fuzzy_dataset_KIA_Soul_train.csv::full_trace::5743,-1,0,Kia,Fuzzy_dataset_KIA_Soul_train.csv
11,unrelated_incidents,ben_13-w05,ben_13,Hyundai::Attack_free_HY_Sonata_train.csv::Hyundai::Attack_free_HY_Sonata_train.csv::seg_test::780,-1,0,Hyundai,Attack_free_HY_Sonata_train.csv
11,unrelated_incidents,ben_13-w06,ben_13,Kia::Attack_free_KIA_Soul_train.csv::Kia::Attack_free_KIA_Soul_train.csv::seg_test::133,-1,0,Kia,Attack_free_KIA_Soul_train.csv
11,unrelated_incidents,ben_13-w07,ben_13,Hyundai::Attack_free_HY_Sonata_train.csv::Hyundai::Attack_free_HY_Sonata_train.csv::seg_test::235,-1,0,Hyundai,Attack_free_HY_Sonata_train.csv
11,unrelated_incidents,ben_13-w08,ben_13,Kia::Fuzzy_dataset_KIA_Soul_train.csv::Kia::Fuzzy_dataset_KIA_Soul_train.csv::full_trace::2173,-1,0,Kia,Fuzzy_dataset_KIA_Soul_train.csv
11,unrelated_incidents,ben_13-w09,ben_13,Kia::Fuzzy_dataset_KIA_Soul_train.csv::Kia::Fuzzy_dataset_KIA_Soul_train.csv::full_trace::35,-1,0,Kia,Fuzzy_dataset_KIA_Soul_train.csv
11,unrelated_incidents,ben_14-w00,ben_14,Kia::Fuzzy_dataset_KIA_Soul_train.csv::Kia::Fuzzy_dataset_KIA_Soul_train.csv::full_trace::5753,-1,0,Kia,Fuzzy_dataset_KIA_Soul_train.csv
11,unrelated_incidents,ben_14-w01,ben_14,Hyundai::Fuzzy_HYUNDAI_Sonata_train.csv::Hyundai::Fuzzy_HYUNDAI_Sonata_train.csv::full_trace::286,-1,0,Hyundai,Fuzzy_HYUNDAI_Sonata_train.csv
11,unrelated_incidents,ben_14-w02,ben_14,Kia::Fuzzy_dataset_KIA_Soul_train.csv::Kia::Fuzzy_dataset_KIA_Soul_train.csv::full_trace::8150,-1,0,Kia,Fuzzy_dataset_KIA_Soul_train.csv
11,unrelated_incidents,ben_14-w03,ben_14,Kia::Attack_free_KIA_Soul_train.csv::Kia::Attack_free_KIA_Soul_train.csv::seg_test::491,-1,0,Kia,Attack_free_KIA_Soul_train.csv
11,unrelated_incidents,ben_14-w04,ben_14,Kia::Fuzzy_dataset_KIA_Soul_train.csv::Kia::Fuzzy_dataset_KIA_Soul_train.csv::full_trace::3463,-1,0,Kia,Fuzzy_dataset_KIA_Soul_train.csv
11,unrelated_incidents,ben_14-w05,ben_14,Hyundai::Attack_free_HY_Sonata_train.csv::Hyundai::Attack_free_HY_Sonata_train.csv::seg_test::805,-1,0,Hyundai,Attack_free_HY_Sonata_train.csv
11,unrelated_incidents,ben_14-w06,ben_14,Kia::Fuzzy_dataset_KIA_Soul_train.csv::Kia::Fuzzy_dataset_KIA_Soul_train.csv::full_trace::112,-1,0,Kia,Fuzzy_dataset_KIA_Soul_train.csv
11,unrelated_incidents,ben_14-w07,ben_14,Kia::Attack_free_KIA_Soul_train.csv::Kia::Attack_free_KIA_Soul_train.csv::seg_test::259,-1,0,Kia,Attack_free_KIA_Soul_train.csv
11,unrelated_incidents,ben_14-w08,ben_14,Kia::Attack_free_KIA_Soul_train.csv::Kia::Attack_free_KIA_Soul_train.csv::seg_test::625,-1,0,Kia,Attack_free_KIA_Soul_train.csv
11,unrelated_incidents,ben_14-w09,ben_14,Hyundai::Fuzzy_HYUNDAI_Sonata_train.csv::Hyundai::Fuzzy_HYUNDAI_Sonata_train.csv::full_trace::1674,-1,0,Hyundai,Fuzzy_HYUNDAI_Sonata_train.csv
23,strong_campaign,atk_Hyundai_0-w00,atk_Hyundai_0,Hyundai::Fuzzy_HYUNDAI_Sonata_train.csv::Hyundai::Fuzzy_HYUNDAI_Sonata_train.csv::full_trace::1390,0,1,Hyundai,Fuzzy_HYUNDAI_Sonata_train.csv
23,strong_campaign,atk_Hyundai_0-w01,atk_Hyundai_0,Hyundai::Fuzzy_HYUNDAI_Sonata_train.csv::Hyundai::Fuzzy_HYUNDAI_Sonata_train.csv::full_trace::1362,0,1,Hyundai,Fuzzy_HYUNDAI_Sonata_train.csv
23,strong_campaign,atk_Hyundai_0-w02,atk_Hyundai_0,Hyundai::Fuzzy_HYUNDAI_Sonata_train.csv::Hyundai::Fuzzy_HYUNDAI_Sonata_train.csv::full_trace::952,0,1,Hyundai,Fuzzy_HYUNDAI_Sonata_train.csv
23,strong_campaign,atk_Hyundai_0-w03,atk_Hyundai_0,Hyundai::Fuzzy_HYUNDAI_Sonata_train.csv::Hyundai::Fuzzy_HYUNDAI_Sonata_train.csv::full_trace::1038,0,1,Hyundai,Fuzzy_HYUNDAI_Sonata_train.csv
23,strong_campaign,atk_Hyundai_0-w04,atk_Hyundai_0,Hyundai::Fuzzy_HYUNDAI_Sonata_train.csv::Hyundai::Fuzzy_HYUNDAI_Sonata_train.csv::full_trace::828,0,1,Hyundai,Fuzzy_HYUNDAI_Sonata_train.csv
23,strong_campaign,atk_Hyundai_0-w05,atk_Hyundai_0,Hyundai::Fuzzy_HYUNDAI_Sonata_train.csv::Hyundai::Fuzzy_HYUNDAI_Sonata_train.csv::full_trace::1108,0,0,Hyundai,Fuzzy_HYUNDAI_Sonata_train.csv
23,strong_campaign,atk_Hyundai_0-w06,atk_Hyundai_0,Hyundai::Attack_free_HY_Sonata_train.csv::Hyundai::Attack_free_HY_Sonata_train.csv::seg_test::504,0,0,Hyundai,Attack_free_HY_Sonata_train.csv
23,strong_campaign,atk_Hyundai_0-w07,atk_Hyundai_0,Hyundai::Attack_free_HY_Sonata_train.csv::Hyundai::Attack_free_HY_Sonata_train.csv::seg_test::1092,0,0,Hyundai,Attack_free_HY_Sonata_train.csv
23,strong_campaign,atk_Hyundai_0-w08,atk_Hyundai_0,Hyundai::Fuzzy_HYUNDAI_Sonata_train.csv::Hyundai::Fuzzy_HYUNDAI_Sonata_train.csv::full_trace::342,0,0,Hyundai,Fuzzy_HYUNDAI_Sonata_train.csv
23,strong_campaign,atk_Hyundai_0-w09,atk_Hyundai_0,Hyundai::Fuzzy_HYUNDAI_Sonata_train.csv::Hyundai::Fuzzy_HYUNDAI_Sonata_train.csv::full_trace::357,0,0,Hyundai,Fuzzy_HYUNDAI_Sonata_train.csv
23,strong_campaign,atk_Hyundai_1-w00,atk_Hyundai_1,Hyundai::Fuzzy_HYUNDAI_Sonata_train.csv::Hyundai::Fuzzy_HYUNDAI_Sonata_train.csv::full_trace::1034,0,1,Hyundai,Fuzzy_HYUNDAI_Sonata_train.csv
23,strong_campaign,atk_Hyundai_1-w01,atk_Hyundai_1,Hyundai::Fuzzy_HYUNDAI_Sonata_train.csv::Hyundai::Fuzzy_HYUNDAI_Sonata_train.csv::full_trace::1385,0,1,Hyundai,Fuzzy_HYUNDAI_Sonata_train.csv
23,strong_campaign,atk_Hyundai_1-w02,atk_Hyundai_1,Hyundai::Fuzzy_HYUNDAI_Sonata_train.csv::Hyundai::Fuzzy_HYUNDAI_Sonata_train.csv::full_trace::1427,0,1,Hyundai,Fuzzy_HYUNDAI_Sonata_train.csv
23,strong_campaign,atk_Hyundai_1-w03,atk_Hyundai_1,Hyundai::Fuzzy_HYUNDAI_Sonata_train.csv::Hyundai::Fuzzy_HYUNDAI_Sonata_train.csv::full_trace::1414,0,1,Hyundai,Fuzzy_HYUNDAI_Sonata_train.csv
23,strong_campaign,atk_Hyundai_1-w04,atk_Hyundai_1,Hyundai::Fuzzy_HYUNDAI_Sonata_train.csv::Hyundai::Fuzzy_HYUNDAI_Sonata_train.csv::full_trace::1064,0,1,Hyundai,Fuzzy_HYUNDAI_Sonata_train.csv
23,strong_campaign,atk_Hyundai_1-w05,atk_Hyundai_1,Hyundai::Attack_free_HY_Sonata_train.csv::Hyundai::Attack_free_HY_Sonata_train.csv::seg_test::42,0,0,Hyundai,Attack_free_HY_Sonata_train.csv
23,strong_campaign,atk_Hyundai_1-w06,atk_Hyundai_1,Hyundai::Attack_free_HY_Sonata_train.csv::Hyundai::Attack_free_HY_Sonata_train.csv::seg_test::380,0,0,Hyundai,Attack_free_HY_Sonata_train.csv
23,strong_campaign,atk_Hyundai_1-w07,atk_Hyundai_1,Hyundai::Attack_free_HY_Sonata_train.csv::Hyundai::Attack_free_HY_Sonata_train.csv::seg_test::972,0,0,Hyundai,Attack_free_HY_Sonata_train.csv
23,strong_campaign,atk_Hyundai_1-w08,atk_Hyundai_1,Hyundai::Attack_free_HY_Sonata_train.csv::Hyundai::Attack_free_HY_Sonata_train.csv::seg_test::753,0,0,Hyundai,Attack_free_HY_Sonata_train.csv
23,strong_campaign,atk_Hyundai_1-w09,atk_Hyundai_1,Hyundai::Attack_free_HY_Sonata_train.csv::Hyundai::Attack_free_HY_Sonata_train.csv::seg_test::1135,0,0,Hyundai,Attack_free_HY_Sonata_train.csv
23,strong_campaign,atk_Kia_2-w00,atk_Kia_2,Kia::Fuzzy_dataset_KIA_Soul_train.csv::Kia::Fuzzy_dataset_KIA_Soul_train.csv::full_trace::498,0,1,Kia,Fuzzy_dataset_KIA_Soul_train.csv
23,strong_campaign,atk_Kia_2-w01,atk_Kia_2,Kia::Fuzzy_dataset_KIA_Soul_train.csv::Kia::Fuzzy_dataset_KIA_Soul_train.csv::full_trace::2706,0,1,Kia,Fuzzy_dataset_KIA_Soul_train.csv
23,strong_campaign,atk_Kia_2-w02,atk_Kia_2,Kia::Fuzzy_dataset_KIA_Soul_train.csv::Kia::Fuzzy_dataset_KIA_Soul_train.csv::full_trace::6502,0,1,Kia,Fuzzy_dataset_KIA_Soul_train.csv
23,strong_campaign,atk_Kia_2-w03,atk_Kia_2,Kia::Fuzzy_dataset_KIA_Soul_train.csv::Kia::Fuzzy_dataset_KIA_Soul_train.csv::full_trace::5422,0,1,Kia,Fuzzy_dataset_KIA_Soul_train.csv
23,strong_campaign,atk_Kia_2-w04,atk_Kia_2,Kia::Fuzzy_dataset_KIA_Soul_train.csv::Kia::Fuzzy_dataset_KIA_Soul_train.csv::full_trace::688,0,1,Kia,Fuzzy_dataset_KIA_Soul_train.csv
23,strong_campaign,atk_Kia_2-w05,atk_Kia_2,Kia::Fuzzy_dataset_KIA_Soul_train.csv::Kia::Fuzzy_dataset_KIA_Soul_train.csv::full_trace::8892,0,0,Kia,Fuzzy_dataset_KIA_Soul_train.csv
23,strong_campaign,atk_Kia_2-w06,atk_Kia_2,Kia::Fuzzy_dataset_KIA_Soul_train.csv::Kia::Fuzzy_dataset_KIA_Soul_train.csv::full_trace::8937,0,0,Kia,Fuzzy_dataset_KIA_Soul_train.csv
23,strong_campaign,atk_Kia_2-w07,atk_Kia_2,Kia::Attack_free_KIA_Soul_train.csv::Kia::Attack_free_KIA_Soul_train.csv::seg_test::554,0,0,Kia,Attack_free_KIA_Soul_train.csv
23,strong_campaign,atk_Kia_2-w08,atk_Kia_2,Kia::Fuzzy_dataset_KIA_Soul_train.csv::Kia::Fuzzy_dataset_KIA_Soul_train.csv::full_trace::3441,0,0,Kia,Fuzzy_dataset_KIA_Soul_train.csv
23,strong_campaign,atk_Kia_2-w09,atk_Kia_2,Kia::Fuzzy_dataset_KIA_Soul_train.csv::Kia::Fuzzy_dataset_KIA_Soul_train.csv::full_trace::7860,0,0,Kia,Fuzzy_dataset_KIA_Soul_train.csv
23,strong_campaign,atk_Kia_3-w00,atk_Kia_3,Kia::Fuzzy_dataset_KIA_Soul_train.csv::Kia::Fuzzy_dataset_KIA_Soul_train.csv::full_trace::4062,0,1,Kia,Fuzzy_dataset_KIA_Soul_train.csv
23,strong_campaign,atk_Kia_3-w01,atk_Kia_3,Kia::Fuzzy_dataset_KIA_Soul_train.csv::Kia::Fuzzy_dataset_KIA_Soul_train.csv::full_trace::2087,0,1,Kia,Fuzzy_dataset_KIA_Soul_train.csv
23,strong_campaign,atk_Kia_3-w02,atk_Kia_3,Kia::Fuzzy_dataset_KIA_Soul_train.csv::Kia::Fuzzy_dataset_KIA_Soul_train.csv::full_trace::1640,0,1,Kia,Fuzzy_dataset_KIA_Soul_train.csv
23,strong_campaign,atk_Kia_3-w03,atk_Kia_3,Kia::Fuzzy_dataset_KIA_Soul_train.csv::Kia::Fuzzy_dataset_KIA_Soul_train.csv::full_trace::7115,0,1,Kia,Fuzzy_dataset_KIA_Soul_train.csv
23,strong_campaign,atk_Kia_3-w04,atk_Kia_3,Kia::Fuzzy_dataset_KIA_Soul_train.csv::Kia::Fuzzy_dataset_KIA_Soul_train.csv::full_trace::5424,0,1,Kia,Fuzzy_dataset_KIA_Soul_train.csv
23,strong_campaign,atk_Kia_3-w05,atk_Kia_3,Kia::Attack_free_KIA_Soul_train.csv::Kia::Attack_free_KIA_Soul_train.csv::seg_test::469,0,0,Kia,Attack_free_KIA_Soul_train.csv
23,strong_campaign,atk_Kia_3-w06,atk_Kia_3,Kia::Fuzzy_dataset_KIA_Soul_train.csv::Kia::Fuzzy_dataset_KIA_Soul_train.csv::full_trace::4620,0,0,Kia,Fuzzy_dataset_KIA_Soul_train.csv
23,strong_campaign,atk_Kia_3-w07,atk_Kia_3,Kia::Fuzzy_dataset_KIA_Soul_train.csv::Kia::Fuzzy_dataset_KIA_Soul_train.csv::full_trace::8895,0,0,Kia,Fuzzy_dataset_KIA_Soul_train.csv
23,strong_campaign,atk_Kia_3-w08,atk_Kia_3,Kia::Attack_free_KIA_Soul_train.csv::Kia::Attack_free_KIA_Soul_train.csv::seg_test::203,0,0,Kia,Attack_free_KIA_Soul_train.csv
23,strong_campaign,atk_Kia_3-w09,atk_Kia_3,Kia::Fuzzy_dataset_KIA_Soul_train.csv::Kia::Fuzzy_dataset_KIA_Soul_train.csv::full_trace::7900,0,0,Kia,Fuzzy_dataset_KIA_Soul_train.csv
23,strong_campaign,atk_Chevrolet_4-w00,atk_Chevrolet_4,Chevrolet::Fuzzy_CHEVROLET_Spark_train.csv::Chevrolet::Fuzzy_CHEVROLET_Spark_train.csv::seg_test::65,0,1,Chevrolet,Fuzzy_CHEVROLET_Spark_train.csv
23,strong_campaign,atk_Chevrolet_4-w01,atk_Chevrolet_4,Chevrolet::Fuzzy_CHEVROLET_Spark_train.csv::Chevrolet::Fuzzy_CHEVROLET_Spark_train.csv::seg_test::66,0,1,Chevrolet,Fuzzy_CHEVROLET_Spark_train.csv
23,strong_campaign,atk_Chevrolet_4-w02,atk_Chevrolet_4,Chevrolet::Fuzzy_CHEVROLET_Spark_train.csv::Chevrolet::Fuzzy_CHEVROLET_Spark_train.csv::seg_test::18,0,1,Chevrolet,Fuzzy_CHEVROLET_Spark_train.csv
23,strong_campaign,atk_Chevrolet_4-w03,atk_Chevrolet_4,Chevrolet::Fuzzy_CHEVROLET_Spark_train.csv::Chevrolet::Fuzzy_CHEVROLET_Spark_train.csv::seg_test::94,0,1,Chevrolet,Fuzzy_CHEVROLET_Spark_train.csv
23,strong_campaign,atk_Chevrolet_4-w04,atk_Chevrolet_4,Chevrolet::Fuzzy_CHEVROLET_Spark_train.csv::Chevrolet::Fuzzy_CHEVROLET_Spark_train.csv::seg_test::59,0,1,Chevrolet,Fuzzy_CHEVROLET_Spark_train.csv
23,strong_campaign,atk_Chevrolet_4-w05,atk_Chevrolet_4,Chevrolet::Flooding_CHEVROLET_Spark_train.csv::Chevrolet::Flooding_CHEVROLET_Spark_train.csv::seg_test::203,0,0,Chevrolet,Flooding_CHEVROLET_Spark_train.csv
23,strong_campaign,atk_Chevrolet_4-w06,atk_Chevrolet_4,Chevrolet::Attack_free_CHEVROLET_Spark_train.csv::Chevrolet::Attack_free_CHEVROLET_Spark_train.csv::seg_test::212,0,0,Chevrolet,Attack_free_CHEVROLET_Spark_train.csv
23,strong_campaign,atk_Chevrolet_4-w07,atk_Chevrolet_4,Chevrolet::Attack_free_CHEVROLET_Spark_train.csv::Chevrolet::Attack_free_CHEVROLET_Spark_train.csv::seg_test::76,0,0,Chevrolet,Attack_free_CHEVROLET_Spark_train.csv
23,strong_campaign,atk_Chevrolet_4-w08,atk_Chevrolet_4,Chevrolet::Attack_free_CHEVROLET_Spark_train.csv::Chevrolet::Attack_free_CHEVROLET_Spark_train.csv::seg_test::160,0,0,Chevrolet,Attack_free_CHEVROLET_Spark_train.csv
23,strong_campaign,atk_Chevrolet_4-w09,atk_Chevrolet_4,Chevrolet::Malfunction_CHEVROLET_Spark_train.csv::Chevrolet::Malfunction_CHEVROLET_Spark_train.csv::seg_test::132,0,0,Chevrolet,Malfunction_CHEVROLET_Spark_train.csv
23,strong_campaign,ben_00-w00,ben_00,Kia::Fuzzy_dataset_KIA_Soul_train.csv::Kia::Fuzzy_dataset_KIA_Soul_train.csv::full_trace::6711,-1,0,Kia,Fuzzy_dataset_KIA_Soul_train.csv
23,strong_campaign,ben_00-w01,ben_00,Chevrolet::Attack_free_CHEVROLET_Spark_train.csv::Chevrolet::Attack_free_CHEVROLET_Spark_train.csv::seg_test::334,-1,0,Chevrolet,Attack_free_CHEVROLET_Spark_train.csv
23,strong_campaign,ben_00-w02,ben_00,Hyundai::Attack_free_HY_Sonata_train.csv::Hyundai::Attack_free_HY_Sonata_train.csv::seg_test::393,-1,0,Hyundai,Attack_free_HY_Sonata_train.csv
23,strong_campaign,ben_00-w03,ben_00,Kia::Attack_free_KIA_Soul_train.csv::Kia::Attack_free_KIA_Soul_train.csv::seg_test::1192,-1,0,Kia,Attack_free_KIA_Soul_train.csv
23,strong_campaign,ben_00-w04,ben_00,Hyundai::Attack_free_HY_Sonata_train.csv::Hyundai::Attack_free_HY_Sonata_train.csv::seg_test::790,-1,0,Hyundai,Attack_free_HY_Sonata_train.csv
23,strong_campaign,ben_00-w05,ben_00,Kia::Fuzzy_dataset_KIA_Soul_train.csv::Kia::Fuzzy_dataset_KIA_Soul_train.csv::full_trace::5574,-1,0,Kia,Fuzzy_dataset_KIA_Soul_train.csv
23,strong_campaign,ben_00-w06,ben_00,Hyundai::Attack_free_HY_Sonata_train.csv::Hyundai::Attack_free_HY_Sonata_train.csv::seg_test::897,-1,0,Hyundai,Attack_free_HY_Sonata_train.csv
23,strong_campaign,ben_00-w07,ben_00,Hyundai::Attack_free_HY_Sonata_train.csv::Hyundai::Attack_free_HY_Sonata_train.csv::seg_test::539,-1,0,Hyundai,Attack_free_HY_Sonata_train.csv
23,strong_campaign,ben_00-w08,ben_00,Hyundai::Attack_free_HY_Sonata_train.csv::Hyundai::Attack_free_HY_Sonata_train.csv::seg_test::266,-1,0,Hyundai,Attack_free_HY_Sonata_train.csv
23,strong_campaign,ben_00-w09,ben_00,Kia::Attack_free_KIA_Soul_train.csv::Kia::Attack_free_KIA_Soul_train.csv::seg_test::608,-1,0,Kia,Attack_free_KIA_Soul_train.csv
23,strong_campaign,ben_01-w00,ben_01,Kia::Fuzzy_dataset_KIA_Soul_train.csv::Kia::Fuzzy_dataset_KIA_Soul_train.csv::full_trace::6724,-1,0,Kia,Fuzzy_dataset_KIA_Soul_train.csv
23,strong_campaign,ben_01-w01,ben_01,Kia::Fuzzy_dataset_KIA_Soul_train.csv::Kia::Fuzzy_dataset_KIA_Soul_train.csv::full_trace::2327,-1,0,Kia,Fuzzy_dataset_KIA_Soul_train.csv
23,strong_campaign,ben_01-w02,ben_01,Kia::Attack_free_KIA_Soul_train.csv::Kia::Attack_free_KIA_Soul_train.csv::seg_test::312,-1,0,Kia,Attack_free_KIA_Soul_train.csv
23,strong_campaign,ben_01-w03,ben_01,Hyundai::Fuzzy_HYUNDAI_Sonata_train.csv::Hyundai::Fuzzy_HYUNDAI_Sonata_train.csv::full_trace::64,-1,0,Hyundai,Fuzzy_HYUNDAI_Sonata_train.csv
23,strong_campaign,ben_01-w04,ben_01,Kia::Fuzzy_dataset_KIA_Soul_train.csv::Kia::Fuzzy_dataset_KIA_Soul_train.csv::full_trace::1247,-1,0,Kia,Fuzzy_dataset_KIA_Soul_train.csv
23,strong_campaign,ben_01-w05,ben_01,Hyundai::Fuzzy_HYUNDAI_Sonata_train.csv::Hyundai::Fuzzy_HYUNDAI_Sonata_train.csv::full_trace::680,-1,0,Hyundai,Fuzzy_HYUNDAI_Sonata_train.csv
23,strong_campaign,ben_01-w06,ben_01,Kia::Fuzzy_dataset_KIA_Soul_train.csv::Kia::Fuzzy_dataset_KIA_Soul_train.csv::full_trace::4714,-1,0,Kia,Fuzzy_dataset_KIA_Soul_train.csv
23,strong_campaign,ben_01-w07,ben_01,Hyundai::Attack_free_HY_Sonata_train.csv::Hyundai::Attack_free_HY_Sonata_train.csv::seg_test::700,-1,0,Hyundai,Attack_free_HY_Sonata_train.csv
23,strong_campaign,ben_01-w08,ben_01,Hyundai::Attack_free_HY_Sonata_train.csv::Hyundai::Attack_free_HY_Sonata_train.csv::seg_test::279,-1,0,Hyundai,Attack_free_HY_Sonata_train.csv
23,strong_campaign,ben_01-w09,ben_01,Kia::Fuzzy_dataset_KIA_Soul_train.csv::Kia::Fuzzy_dataset_KIA_Soul_train.csv::full_trace::8803,-1,0,Kia,Fuzzy_dataset_KIA_Soul_train.csv
23,strong_campaign,ben_02-w00,ben_02,Kia::Fuzzy_dataset_KIA_Soul_train.csv::Kia::Fuzzy_dataset_KIA_Soul_train.csv::full_trace::4773,-1,0,Kia,Fuzzy_dataset_KIA_Soul_train.csv
23,strong_campaign,ben_02-w01,ben_02,Hyundai::Attack_free_HY_Sonata_train.csv::Hyundai::Attack_free_HY_Sonata_train.csv::seg_test::918,-1,0,Hyundai,Attack_free_HY_Sonata_train.csv
23,strong_campaign,ben_02-w02,ben_02,Hyundai::Attack_free_HY_Sonata_train.csv::Hyundai::Attack_free_HY_Sonata_train.csv::seg_test::1069,-1,0,Hyundai,Attack_free_HY_Sonata_train.csv
23,strong_campaign,ben_02-w03,ben_02,Kia::Fuzzy_dataset_KIA_Soul_train.csv::Kia::Fuzzy_dataset_KIA_Soul_train.csv::full_trace::8963,-1,0,Kia,Fuzzy_dataset_KIA_Soul_train.csv
23,strong_campaign,ben_02-w04,ben_02,Kia::Attack_free_KIA_Soul_train.csv::Kia::Attack_free_KIA_Soul_train.csv::seg_test::1287,-1,0,Kia,Attack_free_KIA_Soul_train.csv
23,strong_campaign,ben_02-w05,ben_02,Kia::Attack_free_KIA_Soul_train.csv::Kia::Attack_free_KIA_Soul_train.csv::seg_test::423,-1,0,Kia,Attack_free_KIA_Soul_train.csv
23,strong_campaign,ben_02-w06,ben_02,Kia::Attack_free_KIA_Soul_train.csv::Kia::Attack_free_KIA_Soul_train.csv::seg_test::1298,-1,0,Kia,Attack_free_KIA_Soul_train.csv
23,strong_campaign,ben_02-w07,ben_02,Kia::Attack_free_KIA_Soul_train.csv::Kia::Attack_free_KIA_Soul_train.csv::seg_test::664,-1,0,Kia,Attack_free_KIA_Soul_train.csv
23,strong_campaign,ben_02-w08,ben_02,Kia::Fuzzy_dataset_KIA_Soul_train.csv::Kia::Fuzzy_dataset_KIA_Soul_train.csv::full_trace::165,-1,0,Kia,Fuzzy_dataset_KIA_Soul_train.csv
23,strong_campaign,ben_02-w09,ben_02,Kia::Fuzzy_dataset_KIA_Soul_train.csv::Kia::Fuzzy_dataset_KIA_Soul_train.csv::full_trace::8093,-1,0,Kia,Fuzzy_dataset_KIA_Soul_train.csv
23,strong_campaign,ben_03-w00,ben_03,Kia::Fuzzy_dataset_KIA_Soul_train.csv::Kia::Fuzzy_dataset_KIA_Soul_train.csv::full_trace::1299,-1,0,Kia,Fuzzy_dataset_KIA_Soul_train.csv
23,strong_campaign,ben_03-w01,ben_03,Kia::Attack_free_KIA_Soul_train.csv::Kia::Attack_free_KIA_Soul_train.csv::seg_test::68,-1,0,Kia,Attack_free_KIA_Soul_train.csv
23,strong_campaign,ben_03-w02,ben_03,Kia::Fuzzy_dataset_KIA_Soul_train.csv::Kia::Fuzzy_dataset_KIA_Soul_train.csv::full_trace::5835,-1,0,Kia,Fuzzy_dataset_KIA_Soul_train.csv
23,strong_campaign,ben_03-w03,ben_03,Kia::Fuzzy_dataset_KIA_Soul_train.csv::Kia::Fuzzy_dataset_KIA_Soul_train.csv::full_trace::4729,-1,0,Kia,Fuzzy_dataset_KIA_Soul_train.csv
23,strong_campaign,ben_03-w04,ben_03,Kia::Fuzzy_dataset_KIA_Soul_train.csv::Kia::Fuzzy_dataset_KIA_Soul_train.csv::full_trace::8942,-1,0,Kia,Fuzzy_dataset_KIA_Soul_train.csv
23,strong_campaign,ben_03-w05,ben_03,Kia::Fuzzy_dataset_KIA_Soul_train.csv::Kia::Fuzzy_dataset_KIA_Soul_train.csv::full_trace::1075,-1,0,Kia,Fuzzy_dataset_KIA_Soul_train.csv
23,strong_campaign,ben_03-w06,ben_03,Hyundai::Attack_free_HY_Sonata_train.csv::Hyundai::Attack_free_HY_Sonata_train.csv::seg_test::296,-1,0,Hyundai,Attack_free_HY_Sonata_train.csv
23,strong_campaign,ben_03-w07,ben_03,Kia::Attack_free_KIA_Soul_train.csv::Kia::Attack_free_KIA_Soul_train.csv::seg_test::1018,-1,0,Kia,Attack_free_KIA_Soul_train.csv
23,strong_campaign,ben_03-w08,ben_03,Hyundai::Attack_free_HY_Sonata_train.csv::Hyundai::Attack_free_HY_Sonata_train.csv::seg_test::812,-1,0,Hyundai,Attack_free_HY_Sonata_train.csv
23,strong_campaign,ben_03-w09,ben_03,Kia::Fuzzy_dataset_KIA_Soul_train.csv::Kia::Fuzzy_dataset_KIA_Soul_train.csv::full_trace::5716,-1,0,Kia,Fuzzy_dataset_KIA_Soul_train.csv
23,strong_campaign,ben_04-w00,ben_04,Hyundai::Attack_free_HY_Sonata_train.csv::Hyundai::Attack_free_HY_Sonata_train.csv::seg_test::75,-1,0,Hyundai,Attack_free_HY_Sonata_train.csv
23,strong_campaign,ben_04-w01,ben_04,Chevrolet::Malfunction_CHEVROLET_Spark_train.csv::Chevrolet::Malfunction_CHEVROLET_Spark_train.csv::seg_test::100,-1,0,Chevrolet,Malfunction_CHEVROLET_Spark_train.csv
23,strong_campaign,ben_04-w02,ben_04,Kia::Fuzzy_dataset_KIA_Soul_train.csv::Kia::Fuzzy_dataset_KIA_Soul_train.csv::full_trace::6932,-1,0,Kia,Fuzzy_dataset_KIA_Soul_train.csv
23,strong_campaign,ben_04-w03,ben_04,Hyundai::Attack_free_HY_Sonata_train.csv::Hyundai::Attack_free_HY_Sonata_train.csv::seg_test::1187,-1,0,Hyundai,Attack_free_HY_Sonata_train.csv
23,strong_campaign,ben_04-w04,ben_04,Hyundai::Fuzzy_HYUNDAI_Sonata_train.csv::Hyundai::Fuzzy_HYUNDAI_Sonata_train.csv::full_trace::6,-1,0,Hyundai,Fuzzy_HYUNDAI_Sonata_train.csv
23,strong_campaign,ben_04-w05,ben_04,Kia::Fuzzy_dataset_KIA_Soul_train.csv::Kia::Fuzzy_dataset_KIA_Soul_train.csv::full_trace::21,-1,0,Kia,Fuzzy_dataset_KIA_Soul_train.csv
23,strong_campaign,ben_04-w06,ben_04,Kia::Fuzzy_dataset_KIA_Soul_train.csv::Kia::Fuzzy_dataset_KIA_Soul_train.csv::full_trace::6736,-1,0,Kia,Fuzzy_dataset_KIA_Soul_train.csv
23,strong_campaign,ben_04-w07,ben_04,Hyundai::Attack_free_HY_Sonata_train.csv::Hyundai::Attack_free_HY_Sonata_train.csv::seg_test::122,-1,0,Hyundai,Attack_free_HY_Sonata_train.csv
23,strong_campaign,ben_04-w08,ben_04,Kia::Fuzzy_dataset_KIA_Soul_train.csv::Kia::Fuzzy_dataset_KIA_Soul_train.csv::full_trace::4395,-1,0,Kia,Fuzzy_dataset_KIA_Soul_train.csv
23,strong_campaign,ben_04-w09,ben_04,Kia::Fuzzy_dataset_KIA_Soul_train.csv::Kia::Fuzzy_dataset_KIA_Soul_train.csv::full_trace::3632,-1,0,Kia,Fuzzy_dataset_KIA_Soul_train.csv
23,strong_campaign,ben_05-w00,ben_05,Hyundai::Attack_free_HY_Sonata_train.csv::Hyundai::Attack_free_HY_Sonata_train.csv::seg_test::573,-1,0,Hyundai,Attack_free_HY_Sonata_train.csv
23,strong_campaign,ben_05-w01,ben_05,Kia::Fuzzy_dataset_KIA_Soul_train.csv::Kia::Fuzzy_dataset_KIA_Soul_train.csv::full_trace::1001,-1,0,Kia,Fuzzy_dataset_KIA_Soul_train.csv
23,strong_campaign,ben_05-w02,ben_05,Kia::Fuzzy_dataset_KIA_Soul_train.csv::Kia::Fuzzy_dataset_KIA_Soul_train.csv::full_trace::8182,-1,0,Kia,Fuzzy_dataset_KIA_Soul_train.csv
23,strong_campaign,ben_05-w03,ben_05,Kia::Attack_free_KIA_Soul_train.csv::Kia::Attack_free_KIA_Soul_train.csv::seg_test::931,-1,0,Kia,Attack_free_KIA_Soul_train.csv
23,strong_campaign,ben_05-w04,ben_05,Hyundai::Attack_free_HY_Sonata_train.csv::Hyundai::Attack_free_HY_Sonata_train.csv::seg_test::542,-1,0,Hyundai,Attack_free_HY_Sonata_train.csv
23,strong_campaign,ben_05-w05,ben_05,Hyundai::Attack_free_HY_Sonata_train.csv::Hyundai::Attack_free_HY_Sonata_train.csv::seg_test::785,-1,0,Hyundai,Attack_free_HY_Sonata_train.csv
23,strong_campaign,ben_05-w06,ben_05,Kia::Fuzzy_dataset_KIA_Soul_train.csv::Kia::Fuzzy_dataset_KIA_Soul_train.csv::full_trace::5744,-1,0,Kia,Fuzzy_dataset_KIA_Soul_train.csv
23,strong_campaign,ben_05-w07,ben_05,Hyundai::Fuzzy_HYUNDAI_Sonata_train.csv::Hyundai::Fuzzy_HYUNDAI_Sonata_train.csv::full_trace::1259,-1,0,Hyundai,Fuzzy_HYUNDAI_Sonata_train.csv
23,strong_campaign,ben_05-w08,ben_05,Hyundai::Attack_free_HY_Sonata_train.csv::Hyundai::Attack_free_HY_Sonata_train.csv::seg_test::569,-1,0,Hyundai,Attack_free_HY_Sonata_train.csv
23,strong_campaign,ben_05-w09,ben_05,Hyundai::Fuzzy_HYUNDAI_Sonata_train.csv::Hyundai::Fuzzy_HYUNDAI_Sonata_train.csv::full_trace::3,-1,0,Hyundai,Fuzzy_HYUNDAI_Sonata_train.csv
23,strong_campaign,ben_06-w00,ben_06,Chevrolet::Flooding_CHEVROLET_Spark_train.csv::Chevrolet::Flooding_CHEVROLET_Spark_train.csv::seg_test::218,-1,0,Chevrolet,Flooding_CHEVROLET_Spark_train.csv
23,strong_campaign,ben_06-w01,ben_06,Kia::Attack_free_KIA_Soul_train.csv::Kia::Attack_free_KIA_Soul_train.csv::seg_test::666,-1,0,Kia,Attack_free_KIA_Soul_train.csv
23,strong_campaign,ben_06-w02,ben_06,Kia::Fuzzy_dataset_KIA_Soul_train.csv::Kia::Fuzzy_dataset_KIA_Soul_train.csv::full_trace::6803,-1,0,Kia,Fuzzy_dataset_KIA_Soul_train.csv
23,strong_campaign,ben_06-w03,ben_06,Kia::Fuzzy_dataset_KIA_Soul_train.csv::Kia::Fuzzy_dataset_KIA_Soul_train.csv::full_trace::2197,-1,0,Kia,Fuzzy_dataset_KIA_Soul_train.csv
23,strong_campaign,ben_06-w04,ben_06,Kia::Fuzzy_dataset_KIA_Soul_train.csv::Kia::Fuzzy_dataset_KIA_Soul_train.csv::full_trace::7830,-1,0,Kia,Fuzzy_dataset_KIA_Soul_train.csv
23,strong_campaign,ben_06-w05,ben_06,Kia::Fuzzy_dataset_KIA_Soul_train.csv::Kia::Fuzzy_dataset_KIA_Soul_train.csv::full_trace::7843,-1,0,Kia,Fuzzy_dataset_KIA_Soul_train.csv
23,strong_campaign,ben_06-w06,ben_06,Hyundai::Attack_free_HY_Sonata_train.csv::Hyundai::Attack_free_HY_Sonata_train.csv::seg_test::267,-1,0,Hyundai,Attack_free_HY_Sonata_train.csv
23,strong_campaign,ben_06-w07,ben_06,Hyundai::Fuzzy_HYUNDAI_Sonata_train.csv::Hyundai::Fuzzy_HYUNDAI_Sonata_train.csv::full_trace::1697,-1,0,Hyundai,Fuzzy_HYUNDAI_Sonata_train.csv
23,strong_campaign,ben_06-w08,ben_06,Hyundai::Attack_free_HY_Sonata_train.csv::Hyundai::Attack_free_HY_Sonata_train.csv::seg_test::461,-1,0,Hyundai,Attack_free_HY_Sonata_train.csv
23,strong_campaign,ben_06-w09,ben_06,Kia::Attack_free_KIA_Soul_train.csv::Kia::Attack_free_KIA_Soul_train.csv::seg_test::235,-1,0,Kia,Attack_free_KIA_Soul_train.csv
23,strong_campaign,ben_07-w00,ben_07,Hyundai::Attack_free_HY_Sonata_train.csv::Hyundai::Attack_free_HY_Sonata_train.csv::seg_test::575,-1,0,Hyundai,Attack_free_HY_Sonata_train.csv
23,strong_campaign,ben_07-w01,ben_07,Kia::Fuzzy_dataset_KIA_Soul_train.csv::Kia::Fuzzy_dataset_KIA_Soul_train.csv::full_trace::7805,-1,0,Kia,Fuzzy_dataset_KIA_Soul_train.csv
23,strong_campaign,ben_07-w02,ben_07,Kia::Fuzzy_dataset_KIA_Soul_train.csv::Kia::Fuzzy_dataset_KIA_Soul_train.csv::full_trace::19,-1,0,Kia,Fuzzy_dataset_KIA_Soul_train.csv
23,strong_campaign,ben_07-w03,ben_07,Kia::Fuzzy_dataset_KIA_Soul_train.csv::Kia::Fuzzy_dataset_KIA_Soul_train.csv::full_trace::1356,-1,0,Kia,Fuzzy_dataset_KIA_Soul_train.csv
23,strong_campaign,ben_07-w04,ben_07,Kia::Attack_free_KIA_Soul_train.csv::Kia::Attack_free_KIA_Soul_train.csv::seg_test::1034,-1,0,Kia,Attack_free_KIA_Soul_train.csv
23,strong_campaign,ben_07-w05,ben_07,Hyundai::Attack_free_HY_Sonata_train.csv::Hyundai::Attack_free_HY_Sonata_train.csv::seg_test::1199,-1,0,Hyundai,Attack_free_HY_Sonata_train.csv
23,strong_campaign,ben_07-w06,ben_07,Hyundai::Fuzzy_HYUNDAI_Sonata_train.csv::Hyundai::Fuzzy_HYUNDAI_Sonata_train.csv::full_trace::1608,-1,0,Hyundai,Fuzzy_HYUNDAI_Sonata_train.csv
23,strong_campaign,ben_07-w07,ben_07,Kia::Attack_free_KIA_Soul_train.csv::Kia::Attack_free_KIA_Soul_train.csv::seg_test::53,-1,0,Kia,Attack_free_KIA_Soul_train.csv
23,strong_campaign,ben_07-w08,ben_07,Hyundai::Attack_free_HY_Sonata_train.csv::Hyundai::Attack_free_HY_Sonata_train.csv::seg_test::280,-1,0,Hyundai,Attack_free_HY_Sonata_train.csv
23,strong_campaign,ben_07-w09,ben_07,Kia::Fuzzy_dataset_KIA_Soul_train.csv::Kia::Fuzzy_dataset_KIA_Soul_train.csv::full_trace::5777,-1,0,Kia,Fuzzy_dataset_KIA_Soul_train.csv
23,strong_campaign,ben_08-w00,ben_08,Hyundai::Attack_free_HY_Sonata_train.csv::Hyundai::Attack_free_HY_Sonata_train.csv::seg_test::123,-1,0,Hyundai,Attack_free_HY_Sonata_train.csv
23,strong_campaign,ben_08-w01,ben_08,Kia::Fuzzy_dataset_KIA_Soul_train.csv::Kia::Fuzzy_dataset_KIA_Soul_train.csv::full_trace::5893,-1,0,Kia,Fuzzy_dataset_KIA_Soul_train.csv
23,strong_campaign,ben_08-w02,ben_08,Kia::Attack_free_KIA_Soul_train.csv::Kia::Attack_free_KIA_Soul_train.csv::seg_test::7,-1,0,Kia,Attack_free_KIA_Soul_train.csv
23,strong_campaign,ben_08-w03,ben_08,Chevrolet::Flooding_CHEVROLET_Spark_train.csv::Chevrolet::Flooding_CHEVROLET_Spark_train.csv::seg_test::199,-1,0,Chevrolet,Flooding_CHEVROLET_Spark_train.csv
23,strong_campaign,ben_08-w04,ben_08,Chevrolet::Attack_free_CHEVROLET_Spark_train.csv::Chevrolet::Attack_free_CHEVROLET_Spark_train.csv::seg_test::147,-1,0,Chevrolet,Attack_free_CHEVROLET_Spark_train.csv
23,strong_campaign,ben_08-w05,ben_08,Kia::Fuzzy_dataset_KIA_Soul_train.csv::Kia::Fuzzy_dataset_KIA_Soul_train.csv::full_trace::2110,-1,0,Kia,Fuzzy_dataset_KIA_Soul_train.csv
23,strong_campaign,ben_08-w06,ben_08,Kia::Attack_free_KIA_Soul_train.csv::Kia::Attack_free_KIA_Soul_train.csv::seg_test::1159,-1,0,Kia,Attack_free_KIA_Soul_train.csv
23,strong_campaign,ben_08-w07,ben_08,Kia::Fuzzy_dataset_KIA_Soul_train.csv::Kia::Fuzzy_dataset_KIA_Soul_train.csv::full_trace::9053,-1,0,Kia,Fuzzy_dataset_KIA_Soul_train.csv
23,strong_campaign,ben_08-w08,ben_08,Hyundai::Attack_free_HY_Sonata_train.csv::Hyundai::Attack_free_HY_Sonata_train.csv::seg_test::1120,-1,0,Hyundai,Attack_free_HY_Sonata_train.csv
23,strong_campaign,ben_08-w09,ben_08,Hyundai::Attack_free_HY_Sonata_train.csv::Hyundai::Attack_free_HY_Sonata_train.csv::seg_test::343,-1,0,Hyundai,Attack_free_HY_Sonata_train.csv
23,strong_campaign,ben_09-w00,ben_09,Kia::Fuzzy_dataset_KIA_Soul_train.csv::Kia::Fuzzy_dataset_KIA_Soul_train.csv::full_trace::2385,-1,0,Kia,Fuzzy_dataset_KIA_Soul_train.csv
23,strong_campaign,ben_09-w01,ben_09,Kia::Fuzzy_dataset_KIA_Soul_train.csv::Kia::Fuzzy_dataset_KIA_Soul_train.csv::full_trace::8149,-1,0,Kia,Fuzzy_dataset_KIA_Soul_train.csv
23,strong_campaign,ben_09-w02,ben_09,Kia::Attack_free_KIA_Soul_train.csv::Kia::Attack_free_KIA_Soul_train.csv::seg_test::10,-1,0,Kia,Attack_free_KIA_Soul_train.csv
23,strong_campaign,ben_09-w03,ben_09,Kia::Fuzzy_dataset_KIA_Soul_train.csv::Kia::Fuzzy_dataset_KIA_Soul_train.csv::full_trace::8781,-1,0,Kia,Fuzzy_dataset_KIA_Soul_train.csv
23,strong_campaign,ben_09-w04,ben_09,Hyundai::Attack_free_HY_Sonata_train.csv::Hyundai::Attack_free_HY_Sonata_train.csv::seg_test::690,-1,0,Hyundai,Attack_free_HY_Sonata_train.csv
23,strong_campaign,ben_09-w05,ben_09,Hyundai::Fuzzy_HYUNDAI_Sonata_train.csv::Hyundai::Fuzzy_HYUNDAI_Sonata_train.csv::full_trace::24,-1,0,Hyundai,Fuzzy_HYUNDAI_Sonata_train.csv
23,strong_campaign,ben_09-w06,ben_09,Kia::Attack_free_KIA_Soul_train.csv::Kia::Attack_free_KIA_Soul_train.csv::seg_test::728,-1,0,Kia,Attack_free_KIA_Soul_train.csv
23,strong_campaign,ben_09-w07,ben_09,Kia::Attack_free_KIA_Soul_train.csv::Kia::Attack_free_KIA_Soul_train.csv::seg_test::233,-1,0,Kia,Attack_free_KIA_Soul_train.csv
23,strong_campaign,ben_09-w08,ben_09,Kia::Fuzzy_dataset_KIA_Soul_train.csv::Kia::Fuzzy_dataset_KIA_Soul_train.csv::full_trace::4,-1,0,Kia,Fuzzy_dataset_KIA_Soul_train.csv
23,strong_campaign,ben_09-w09,ben_09,Kia::Fuzzy_dataset_KIA_Soul_train.csv::Kia::Fuzzy_dataset_KIA_Soul_train.csv::full_trace::8893,-1,0,Kia,Fuzzy_dataset_KIA_Soul_train.csv
23,strong_campaign,ben_10-w00,ben_10,Kia::Fuzzy_dataset_KIA_Soul_train.csv::Kia::Fuzzy_dataset_KIA_Soul_train.csv::full_trace::4569,-1,0,Kia,Fuzzy_dataset_KIA_Soul_train.csv
23,strong_campaign,ben_10-w01,ben_10,Kia::Fuzzy_dataset_KIA_Soul_train.csv::Kia::Fuzzy_dataset_KIA_Soul_train.csv::full_trace::8865,-1,0,Kia,Fuzzy_dataset_KIA_Soul_train.csv
23,strong_campaign,ben_10-w02,ben_10,Hyundai::Attack_free_HY_Sonata_train.csv::Hyundai::Attack_free_HY_Sonata_train.csv::seg_test::128,-1,0,Hyundai,Attack_free_HY_Sonata_train.csv
23,strong_campaign,ben_10-w03,ben_10,Kia::Attack_free_KIA_Soul_train.csv::Kia::Attack_free_KIA_Soul_train.csv::seg_test::385,-1,0,Kia,Attack_free_KIA_Soul_train.csv
23,strong_campaign,ben_10-w04,ben_10,Kia::Fuzzy_dataset_KIA_Soul_train.csv::Kia::Fuzzy_dataset_KIA_Soul_train.csv::full_trace::5765,-1,0,Kia,Fuzzy_dataset_KIA_Soul_train.csv
23,strong_campaign,ben_10-w05,ben_10,Kia::Fuzzy_dataset_KIA_Soul_train.csv::Kia::Fuzzy_dataset_KIA_Soul_train.csv::full_trace::5785,-1,0,Kia,Fuzzy_dataset_KIA_Soul_train.csv
23,strong_campaign,ben_10-w06,ben_10,Hyundai::Fuzzy_HYUNDAI_Sonata_train.csv::Hyundai::Fuzzy_HYUNDAI_Sonata_train.csv::full_trace::1182,-1,0,Hyundai,Fuzzy_HYUNDAI_Sonata_train.csv
23,strong_campaign,ben_10-w07,ben_10,Kia::Fuzzy_dataset_KIA_Soul_train.csv::Kia::Fuzzy_dataset_KIA_Soul_train.csv::full_trace::9096,-1,0,Kia,Fuzzy_dataset_KIA_Soul_train.csv
23,strong_campaign,ben_10-w08,ben_10,Kia::Fuzzy_dataset_KIA_Soul_train.csv::Kia::Fuzzy_dataset_KIA_Soul_train.csv::full_trace::2359,-1,0,Kia,Fuzzy_dataset_KIA_Soul_train.csv
23,strong_campaign,ben_10-w09,ben_10,Chevrolet::Malfunction_CHEVROLET_Spark_train.csv::Chevrolet::Malfunction_CHEVROLET_Spark_train.csv::seg_test::119,-1,0,Chevrolet,Malfunction_CHEVROLET_Spark_train.csv
23,strong_campaign,ben_11-w00,ben_11,Hyundai::Fuzzy_HYUNDAI_Sonata_train.csv::Hyundai::Fuzzy_HYUNDAI_Sonata_train.csv::full_trace::136,-1,0,Hyundai,Fuzzy_HYUNDAI_Sonata_train.csv
23,strong_campaign,ben_11-w01,ben_11,Kia::Fuzzy_dataset_KIA_Soul_train.csv::Kia::Fuzzy_dataset_KIA_Soul_train.csv::full_trace::3289,-1,0,Kia,Fuzzy_dataset_KIA_Soul_train.csv
23,strong_campaign,ben_11-w02,ben_11,Kia::Fuzzy_dataset_KIA_Soul_train.csv::Kia::Fuzzy_dataset_KIA_Soul_train.csv::full_trace::9010,-1,0,Kia,Fuzzy_dataset_KIA_Soul_train.csv
23,strong_campaign,ben_11-w03,ben_11,Hyundai::Attack_free_HY_Sonata_train.csv::Hyundai::Attack_free_HY_Sonata_train.csv::seg_test::943,-1,0,Hyundai,Attack_free_HY_Sonata_train.csv
23,strong_campaign,ben_11-w04,ben_11,Kia::Fuzzy_dataset_KIA_Soul_train.csv::Kia::Fuzzy_dataset_KIA_Soul_train.csv::full_trace::1354,-1,0,Kia,Fuzzy_dataset_KIA_Soul_train.csv
23,strong_campaign,ben_11-w05,ben_11,Kia::Fuzzy_dataset_KIA_Soul_train.csv::Kia::Fuzzy_dataset_KIA_Soul_train.csv::full_trace::3339,-1,0,Kia,Fuzzy_dataset_KIA_Soul_train.csv
23,strong_campaign,ben_11-w06,ben_11,Hyundai::Fuzzy_HYUNDAI_Sonata_train.csv::Hyundai::Fuzzy_HYUNDAI_Sonata_train.csv::full_trace::1630,-1,0,Hyundai,Fuzzy_HYUNDAI_Sonata_train.csv
23,strong_campaign,ben_11-w07,ben_11,Hyundai::Attack_free_HY_Sonata_train.csv::Hyundai::Attack_free_HY_Sonata_train.csv::seg_test::149,-1,0,Hyundai,Attack_free_HY_Sonata_train.csv
23,strong_campaign,ben_11-w08,ben_11,Kia::Fuzzy_dataset_KIA_Soul_train.csv::Kia::Fuzzy_dataset_KIA_Soul_train.csv::full_trace::9193,-1,0,Kia,Fuzzy_dataset_KIA_Soul_train.csv
23,strong_campaign,ben_11-w09,ben_11,Kia::Fuzzy_dataset_KIA_Soul_train.csv::Kia::Fuzzy_dataset_KIA_Soul_train.csv::full_trace::5657,-1,0,Kia,Fuzzy_dataset_KIA_Soul_train.csv
23,strong_campaign,ben_12-w00,ben_12,Hyundai::Attack_free_HY_Sonata_train.csv::Hyundai::Attack_free_HY_Sonata_train.csv::seg_test::525,-1,0,Hyundai,Attack_free_HY_Sonata_train.csv
23,strong_campaign,ben_12-w01,ben_12,Hyundai::Fuzzy_HYUNDAI_Sonata_train.csv::Hyundai::Fuzzy_HYUNDAI_Sonata_train.csv::full_trace::179,-1,0,Hyundai,Fuzzy_HYUNDAI_Sonata_train.csv
23,strong_campaign,ben_12-w02,ben_12,Hyundai::Attack_free_HY_Sonata_train.csv::Hyundai::Attack_free_HY_Sonata_train.csv::seg_test::1252,-1,0,Hyundai,Attack_free_HY_Sonata_train.csv
23,strong_campaign,ben_12-w03,ben_12,Kia::Attack_free_KIA_Soul_train.csv::Kia::Attack_free_KIA_Soul_train.csv::seg_test::1309,-1,0,Kia,Attack_free_KIA_Soul_train.csv
23,strong_campaign,ben_12-w04,ben_12,Hyundai::Attack_free_HY_Sonata_train.csv::Hyundai::Attack_free_HY_Sonata_train.csv::seg_test::166,-1,0,Hyundai,Attack_free_HY_Sonata_train.csv
23,strong_campaign,ben_12-w05,ben_12,Chevrolet::Attack_free_CHEVROLET_Spark_train.csv::Chevrolet::Attack_free_CHEVROLET_Spark_train.csv::seg_test::246,-1,0,Chevrolet,Attack_free_CHEVROLET_Spark_train.csv
23,strong_campaign,ben_12-w06,ben_12,Kia::Fuzzy_dataset_KIA_Soul_train.csv::Kia::Fuzzy_dataset_KIA_Soul_train.csv::full_trace::4608,-1,0,Kia,Fuzzy_dataset_KIA_Soul_train.csv
23,strong_campaign,ben_12-w07,ben_12,Kia::Fuzzy_dataset_KIA_Soul_train.csv::Kia::Fuzzy_dataset_KIA_Soul_train.csv::full_trace::1089,-1,0,Kia,Fuzzy_dataset_KIA_Soul_train.csv
23,strong_campaign,ben_12-w08,ben_12,Kia::Fuzzy_dataset_KIA_Soul_train.csv::Kia::Fuzzy_dataset_KIA_Soul_train.csv::full_trace::2230,-1,0,Kia,Fuzzy_dataset_KIA_Soul_train.csv
23,strong_campaign,ben_12-w09,ben_12,Hyundai::Attack_free_HY_Sonata_train.csv::Hyundai::Attack_free_HY_Sonata_train.csv::seg_test::845,-1,0,Hyundai,Attack_free_HY_Sonata_train.csv
23,strong_campaign,ben_13-w00,ben_13,Kia::Fuzzy_dataset_KIA_Soul_train.csv::Kia::Fuzzy_dataset_KIA_Soul_train.csv::full_trace::3448,-1,0,Kia,Fuzzy_dataset_KIA_Soul_train.csv
23,strong_campaign,ben_13-w01,ben_13,Kia::Fuzzy_dataset_KIA_Soul_train.csv::Kia::Fuzzy_dataset_KIA_Soul_train.csv::full_trace::4374,-1,0,Kia,Fuzzy_dataset_KIA_Soul_train.csv
23,strong_campaign,ben_13-w02,ben_13,Kia::Fuzzy_dataset_KIA_Soul_train.csv::Kia::Fuzzy_dataset_KIA_Soul_train.csv::full_trace::9130,-1,0,Kia,Fuzzy_dataset_KIA_Soul_train.csv
23,strong_campaign,ben_13-w03,ben_13,Hyundai::Fuzzy_HYUNDAI_Sonata_train.csv::Hyundai::Fuzzy_HYUNDAI_Sonata_train.csv::full_trace::1203,-1,0,Hyundai,Fuzzy_HYUNDAI_Sonata_train.csv
23,strong_campaign,ben_13-w04,ben_13,Kia::Fuzzy_dataset_KIA_Soul_train.csv::Kia::Fuzzy_dataset_KIA_Soul_train.csv::full_trace::211,-1,0,Kia,Fuzzy_dataset_KIA_Soul_train.csv
23,strong_campaign,ben_13-w05,ben_13,Hyundai::Attack_free_HY_Sonata_train.csv::Hyundai::Attack_free_HY_Sonata_train.csv::seg_test::223,-1,0,Hyundai,Attack_free_HY_Sonata_train.csv
23,strong_campaign,ben_13-w06,ben_13,Hyundai::Fuzzy_HYUNDAI_Sonata_train.csv::Hyundai::Fuzzy_HYUNDAI_Sonata_train.csv::full_trace::184,-1,0,Hyundai,Fuzzy_HYUNDAI_Sonata_train.csv
23,strong_campaign,ben_13-w07,ben_13,Kia::Attack_free_KIA_Soul_train.csv::Kia::Attack_free_KIA_Soul_train.csv::seg_test::274,-1,0,Kia,Attack_free_KIA_Soul_train.csv
23,strong_campaign,ben_13-w08,ben_13,Kia::Attack_free_KIA_Soul_train.csv::Kia::Attack_free_KIA_Soul_train.csv::seg_test::752,-1,0,Kia,Attack_free_KIA_Soul_train.csv
23,strong_campaign,ben_13-w09,ben_13,Hyundai::Fuzzy_HYUNDAI_Sonata_train.csv::Hyundai::Fuzzy_HYUNDAI_Sonata_train.csv::full_trace::177,-1,0,Hyundai,Fuzzy_HYUNDAI_Sonata_train.csv
23,strong_campaign,ben_14-w00,ben_14,Kia::Attack_free_KIA_Soul_train.csv::Kia::Attack_free_KIA_Soul_train.csv::seg_test::485,-1,0,Kia,Attack_free_KIA_Soul_train.csv
23,strong_campaign,ben_14-w01,ben_14,Kia::Fuzzy_dataset_KIA_Soul_train.csv::Kia::Fuzzy_dataset_KIA_Soul_train.csv::full_trace::4376,-1,0,Kia,Fuzzy_dataset_KIA_Soul_train.csv
23,strong_campaign,ben_14-w02,ben_14,Hyundai::Attack_free_HY_Sonata_train.csv::Hyundai::Attack_free_HY_Sonata_train.csv::seg_test::219,-1,0,Hyundai,Attack_free_HY_Sonata_train.csv
23,strong_campaign,ben_14-w03,ben_14,Chevrolet::Flooding_CHEVROLET_Spark_train.csv::Chevrolet::Flooding_CHEVROLET_Spark_train.csv::seg_test::234,-1,0,Chevrolet,Flooding_CHEVROLET_Spark_train.csv
23,strong_campaign,ben_14-w04,ben_14,Kia::Fuzzy_dataset_KIA_Soul_train.csv::Kia::Fuzzy_dataset_KIA_Soul_train.csv::full_trace::3254,-1,0,Kia,Fuzzy_dataset_KIA_Soul_train.csv
23,strong_campaign,ben_14-w05,ben_14,Kia::Fuzzy_dataset_KIA_Soul_train.csv::Kia::Fuzzy_dataset_KIA_Soul_train.csv::full_trace::8062,-1,0,Kia,Fuzzy_dataset_KIA_Soul_train.csv
23,strong_campaign,ben_14-w06,ben_14,Kia::Fuzzy_dataset_KIA_Soul_train.csv::Kia::Fuzzy_dataset_KIA_Soul_train.csv::full_trace::6754,-1,0,Kia,Fuzzy_dataset_KIA_Soul_train.csv
23,strong_campaign,ben_14-w07,ben_14,Kia::Fuzzy_dataset_KIA_Soul_train.csv::Kia::Fuzzy_dataset_KIA_Soul_train.csv::full_trace::2188,-1,0,Kia,Fuzzy_dataset_KIA_Soul_train.csv
23,strong_campaign,ben_14-w08,ben_14,Kia::Fuzzy_dataset_KIA_Soul_train.csv::Kia::Fuzzy_dataset_KIA_Soul_train.csv::full_trace::6775,-1,0,Kia,Fuzzy_dataset_KIA_Soul_train.csv
23,strong_campaign,ben_14-w09,ben_14,Kia::Fuzzy_dataset_KIA_Soul_train.csv::Kia::Fuzzy_dataset_KIA_Soul_train.csv::full_trace::7980,-1,0,Kia,Fuzzy_dataset_KIA_Soul_train.csv
23,unrelated_incidents,ind_00-w00,ind_00,Kia::Fuzzy_dataset_KIA_Soul_train.csv::Kia::Fuzzy_dataset_KIA_Soul_train.csv::full_trace::6142,0,1,Kia,Fuzzy_dataset_KIA_Soul_train.csv
23,unrelated_incidents,ind_00-w01,ind_00,Kia::Fuzzy_dataset_KIA_Soul_train.csv::Kia::Fuzzy_dataset_KIA_Soul_train.csv::full_trace::5398,0,1,Kia,Fuzzy_dataset_KIA_Soul_train.csv
23,unrelated_incidents,ind_00-w02,ind_00,Kia::Fuzzy_dataset_KIA_Soul_train.csv::Kia::Fuzzy_dataset_KIA_Soul_train.csv::full_trace::1772,0,1,Kia,Fuzzy_dataset_KIA_Soul_train.csv
23,unrelated_incidents,ind_00-w03,ind_00,Kia::Fuzzy_dataset_KIA_Soul_train.csv::Kia::Fuzzy_dataset_KIA_Soul_train.csv::full_trace::3187,0,1,Kia,Fuzzy_dataset_KIA_Soul_train.csv
23,unrelated_incidents,ind_00-w04,ind_00,Hyundai::Fuzzy_HYUNDAI_Sonata_train.csv::Hyundai::Fuzzy_HYUNDAI_Sonata_train.csv::full_trace::1033,0,1,Hyundai,Fuzzy_HYUNDAI_Sonata_train.csv
23,unrelated_incidents,ind_00-w05,ind_00,Kia::Fuzzy_dataset_KIA_Soul_train.csv::Kia::Fuzzy_dataset_KIA_Soul_train.csv::full_trace::8027,-1,0,Kia,Fuzzy_dataset_KIA_Soul_train.csv
23,unrelated_incidents,ind_00-w06,ind_00,Hyundai::Fuzzy_HYUNDAI_Sonata_train.csv::Hyundai::Fuzzy_HYUNDAI_Sonata_train.csv::full_trace::346,-1,0,Hyundai,Fuzzy_HYUNDAI_Sonata_train.csv
23,unrelated_incidents,ind_00-w07,ind_00,Kia::Attack_free_KIA_Soul_train.csv::Kia::Attack_free_KIA_Soul_train.csv::seg_test::1039,-1,0,Kia,Attack_free_KIA_Soul_train.csv
23,unrelated_incidents,ind_00-w08,ind_00,Kia::Fuzzy_dataset_KIA_Soul_train.csv::Kia::Fuzzy_dataset_KIA_Soul_train.csv::full_trace::3530,-1,0,Kia,Fuzzy_dataset_KIA_Soul_train.csv
23,unrelated_incidents,ind_00-w09,ind_00,Kia::Fuzzy_dataset_KIA_Soul_train.csv::Kia::Fuzzy_dataset_KIA_Soul_train.csv::full_trace::3577,-1,0,Kia,Fuzzy_dataset_KIA_Soul_train.csv
23,unrelated_incidents,ind_01-w00,ind_01,Chevrolet::Flooding_CHEVROLET_Spark_train.csv::Chevrolet::Flooding_CHEVROLET_Spark_train.csv::seg_test::81,1,1,Chevrolet,Flooding_CHEVROLET_Spark_train.csv
23,unrelated_incidents,ind_01-w01,ind_01,Chevrolet::Flooding_CHEVROLET_Spark_train.csv::Chevrolet::Flooding_CHEVROLET_Spark_train.csv::seg_test::133,1,1,Chevrolet,Flooding_CHEVROLET_Spark_train.csv
23,unrelated_incidents,ind_01-w02,ind_01,Chevrolet::Flooding_CHEVROLET_Spark_train.csv::Chevrolet::Flooding_CHEVROLET_Spark_train.csv::seg_test::147,1,1,Chevrolet,Flooding_CHEVROLET_Spark_train.csv
23,unrelated_incidents,ind_01-w03,ind_01,Chevrolet::Flooding_CHEVROLET_Spark_train.csv::Chevrolet::Flooding_CHEVROLET_Spark_train.csv::seg_test::144,1,1,Chevrolet,Flooding_CHEVROLET_Spark_train.csv
23,unrelated_incidents,ind_01-w04,ind_01,Chevrolet::Flooding_CHEVROLET_Spark_train.csv::Chevrolet::Flooding_CHEVROLET_Spark_train.csv::seg_test::91,1,1,Chevrolet,Flooding_CHEVROLET_Spark_train.csv
23,unrelated_incidents,ind_01-w05,ind_01,Hyundai::Attack_free_HY_Sonata_train.csv::Hyundai::Attack_free_HY_Sonata_train.csv::seg_test::137,-1,0,Hyundai,Attack_free_HY_Sonata_train.csv
23,unrelated_incidents,ind_01-w06,ind_01,Hyundai::Attack_free_HY_Sonata_train.csv::Hyundai::Attack_free_HY_Sonata_train.csv::seg_test::1236,-1,0,Hyundai,Attack_free_HY_Sonata_train.csv
23,unrelated_incidents,ind_01-w07,ind_01,Kia::Attack_free_KIA_Soul_train.csv::Kia::Attack_free_KIA_Soul_train.csv::seg_test::652,-1,0,Kia,Attack_free_KIA_Soul_train.csv
23,unrelated_incidents,ind_01-w08,ind_01,Hyundai::Fuzzy_HYUNDAI_Sonata_train.csv::Hyundai::Fuzzy_HYUNDAI_Sonata_train.csv::full_trace::1694,-1,0,Hyundai,Fuzzy_HYUNDAI_Sonata_train.csv
23,unrelated_incidents,ind_01-w09,ind_01,Kia::Attack_free_KIA_Soul_train.csv::Kia::Attack_free_KIA_Soul_train.csv::seg_test::1183,-1,0,Kia,Attack_free_KIA_Soul_train.csv
23,unrelated_incidents,ind_02-w00,ind_02,Hyundai::Fuzzy_HYUNDAI_Sonata_train.csv::Hyundai::Fuzzy_HYUNDAI_Sonata_train.csv::full_trace::1296,2,1,Hyundai,Fuzzy_HYUNDAI_Sonata_train.csv
23,unrelated_incidents,ind_02-w01,ind_02,Kia::Fuzzy_dataset_KIA_Soul_train.csv::Kia::Fuzzy_dataset_KIA_Soul_train.csv::full_trace::1935,2,1,Kia,Fuzzy_dataset_KIA_Soul_train.csv
23,unrelated_incidents,ind_02-w02,ind_02,Kia::Fuzzy_dataset_KIA_Soul_train.csv::Kia::Fuzzy_dataset_KIA_Soul_train.csv::full_trace::6451,2,1,Kia,Fuzzy_dataset_KIA_Soul_train.csv
23,unrelated_incidents,ind_02-w03,ind_02,Kia::Fuzzy_dataset_KIA_Soul_train.csv::Kia::Fuzzy_dataset_KIA_Soul_train.csv::full_trace::5291,2,1,Kia,Fuzzy_dataset_KIA_Soul_train.csv
23,unrelated_incidents,ind_02-w04,ind_02,Hyundai::Fuzzy_HYUNDAI_Sonata_train.csv::Hyundai::Fuzzy_HYUNDAI_Sonata_train.csv::full_trace::1508,2,1,Hyundai,Fuzzy_HYUNDAI_Sonata_train.csv
23,unrelated_incidents,ind_02-w05,ind_02,Chevrolet::Attack_free_CHEVROLET_Spark_train.csv::Chevrolet::Attack_free_CHEVROLET_Spark_train.csv::seg_test::119,-1,0,Chevrolet,Attack_free_CHEVROLET_Spark_train.csv
23,unrelated_incidents,ind_02-w06,ind_02,Chevrolet::Attack_free_CHEVROLET_Spark_train.csv::Chevrolet::Attack_free_CHEVROLET_Spark_train.csv::seg_test::194,-1,0,Chevrolet,Attack_free_CHEVROLET_Spark_train.csv
23,unrelated_incidents,ind_02-w07,ind_02,Hyundai::Attack_free_HY_Sonata_train.csv::Hyundai::Attack_free_HY_Sonata_train.csv::seg_test::899,-1,0,Hyundai,Attack_free_HY_Sonata_train.csv
23,unrelated_incidents,ind_02-w08,ind_02,Kia::Fuzzy_dataset_KIA_Soul_train.csv::Kia::Fuzzy_dataset_KIA_Soul_train.csv::full_trace::1193,-1,0,Kia,Fuzzy_dataset_KIA_Soul_train.csv
23,unrelated_incidents,ind_02-w09,ind_02,Kia::Fuzzy_dataset_KIA_Soul_train.csv::Kia::Fuzzy_dataset_KIA_Soul_train.csv::full_trace::8011,-1,0,Kia,Fuzzy_dataset_KIA_Soul_train.csv
23,unrelated_incidents,ind_03-w00,ind_03,Chevrolet::Flooding_CHEVROLET_Spark_train.csv::Chevrolet::Flooding_CHEVROLET_Spark_train.csv::seg_test::88,3,1,Chevrolet,Flooding_CHEVROLET_Spark_train.csv
23,unrelated_incidents,ind_03-w01,ind_03,Chevrolet::Flooding_CHEVROLET_Spark_train.csv::Chevrolet::Flooding_CHEVROLET_Spark_train.csv::seg_test::47,3,1,Chevrolet,Flooding_CHEVROLET_Spark_train.csv
23,unrelated_incidents,ind_03-w02,ind_03,Chevrolet::Flooding_CHEVROLET_Spark_train.csv::Chevrolet::Flooding_CHEVROLET_Spark_train.csv::seg_test::33,3,1,Chevrolet,Flooding_CHEVROLET_Spark_train.csv
23,unrelated_incidents,ind_03-w03,ind_03,Chevrolet::Flooding_CHEVROLET_Spark_train.csv::Chevrolet::Flooding_CHEVROLET_Spark_train.csv::seg_test::151,3,1,Chevrolet,Flooding_CHEVROLET_Spark_train.csv
23,unrelated_incidents,ind_03-w04,ind_03,Chevrolet::Flooding_CHEVROLET_Spark_train.csv::Chevrolet::Flooding_CHEVROLET_Spark_train.csv::seg_test::121,3,1,Chevrolet,Flooding_CHEVROLET_Spark_train.csv
23,unrelated_incidents,ind_03-w05,ind_03,Hyundai::Attack_free_HY_Sonata_train.csv::Hyundai::Attack_free_HY_Sonata_train.csv::seg_test::763,-1,0,Hyundai,Attack_free_HY_Sonata_train.csv
23,unrelated_incidents,ind_03-w06,ind_03,Kia::Fuzzy_dataset_KIA_Soul_train.csv::Kia::Fuzzy_dataset_KIA_Soul_train.csv::full_trace::3379,-1,0,Kia,Fuzzy_dataset_KIA_Soul_train.csv
23,unrelated_incidents,ind_03-w07,ind_03,Chevrolet::Attack_free_CHEVROLET_Spark_train.csv::Chevrolet::Attack_free_CHEVROLET_Spark_train.csv::seg_test::127,-1,0,Chevrolet,Attack_free_CHEVROLET_Spark_train.csv
23,unrelated_incidents,ind_03-w08,ind_03,Hyundai::Attack_free_HY_Sonata_train.csv::Hyundai::Attack_free_HY_Sonata_train.csv::seg_test::330,-1,0,Hyundai,Attack_free_HY_Sonata_train.csv
23,unrelated_incidents,ind_03-w09,ind_03,Kia::Fuzzy_dataset_KIA_Soul_train.csv::Kia::Fuzzy_dataset_KIA_Soul_train.csv::full_trace::8076,-1,0,Kia,Fuzzy_dataset_KIA_Soul_train.csv
23,unrelated_incidents,ind_04-w00,ind_04,Kia::Fuzzy_dataset_KIA_Soul_train.csv::Kia::Fuzzy_dataset_KIA_Soul_train.csv::full_trace::4868,4,1,Kia,Fuzzy_dataset_KIA_Soul_train.csv
23,unrelated_incidents,ind_04-w01,ind_04,Kia::Fuzzy_dataset_KIA_Soul_train.csv::Kia::Fuzzy_dataset_KIA_Soul_train.csv::full_trace::4948,4,1,Kia,Fuzzy_dataset_KIA_Soul_train.csv
23,unrelated_incidents,ind_04-w02,ind_04,Kia::Fuzzy_dataset_KIA_Soul_train.csv::Kia::Fuzzy_dataset_KIA_Soul_train.csv::full_trace::705,4,1,Kia,Fuzzy_dataset_KIA_Soul_train.csv
23,unrelated_incidents,ind_04-w03,ind_04,Kia::Fuzzy_dataset_KIA_Soul_train.csv::Kia::Fuzzy_dataset_KIA_Soul_train.csv::full_trace::7159,4,1,Kia,Fuzzy_dataset_KIA_Soul_train.csv
23,unrelated_incidents,ind_04-w04,ind_04,Kia::Fuzzy_dataset_KIA_Soul_train.csv::Kia::Fuzzy_dataset_KIA_Soul_train.csv::full_trace::4080,4,1,Kia,Fuzzy_dataset_KIA_Soul_train.csv
23,unrelated_incidents,ind_04-w05,ind_04,Kia::Fuzzy_dataset_KIA_Soul_train.csv::Kia::Fuzzy_dataset_KIA_Soul_train.csv::full_trace::4473,-1,0,Kia,Fuzzy_dataset_KIA_Soul_train.csv
23,unrelated_incidents,ind_04-w06,ind_04,Kia::Attack_free_KIA_Soul_train.csv::Kia::Attack_free_KIA_Soul_train.csv::seg_test::307,-1,0,Kia,Attack_free_KIA_Soul_train.csv
23,unrelated_incidents,ind_04-w07,ind_04,Hyundai::Attack_free_HY_Sonata_train.csv::Hyundai::Attack_free_HY_Sonata_train.csv::seg_test::1017,-1,0,Hyundai,Attack_free_HY_Sonata_train.csv
23,unrelated_incidents,ind_04-w08,ind_04,Hyundai::Fuzzy_HYUNDAI_Sonata_train.csv::Hyundai::Fuzzy_HYUNDAI_Sonata_train.csv::full_trace::1102,-1,0,Hyundai,Fuzzy_HYUNDAI_Sonata_train.csv
23,unrelated_incidents,ind_04-w09,ind_04,Chevrolet::Attack_free_CHEVROLET_Spark_train.csv::Chevrolet::Attack_free_CHEVROLET_Spark_train.csv::seg_test::384,-1,0,Chevrolet,Attack_free_CHEVROLET_Spark_train.csv
23,unrelated_incidents,ben_00-w00,ben_00,Kia::Fuzzy_dataset_KIA_Soul_train.csv::Kia::Fuzzy_dataset_KIA_Soul_train.csv::full_trace::6714,-1,0,Kia,Fuzzy_dataset_KIA_Soul_train.csv
23,unrelated_incidents,ben_00-w01,ben_00,Chevrolet::Attack_free_CHEVROLET_Spark_train.csv::Chevrolet::Attack_free_CHEVROLET_Spark_train.csv::seg_test::335,-1,0,Chevrolet,Attack_free_CHEVROLET_Spark_train.csv
23,unrelated_incidents,ben_00-w02,ben_00,Hyundai::Attack_free_HY_Sonata_train.csv::Hyundai::Attack_free_HY_Sonata_train.csv::seg_test::393,-1,0,Hyundai,Attack_free_HY_Sonata_train.csv
23,unrelated_incidents,ben_00-w03,ben_00,Kia::Attack_free_KIA_Soul_train.csv::Kia::Attack_free_KIA_Soul_train.csv::seg_test::1192,-1,0,Kia,Attack_free_KIA_Soul_train.csv
23,unrelated_incidents,ben_00-w04,ben_00,Hyundai::Attack_free_HY_Sonata_train.csv::Hyundai::Attack_free_HY_Sonata_train.csv::seg_test::789,-1,0,Hyundai,Attack_free_HY_Sonata_train.csv
23,unrelated_incidents,ben_00-w05,ben_00,Kia::Fuzzy_dataset_KIA_Soul_train.csv::Kia::Fuzzy_dataset_KIA_Soul_train.csv::full_trace::5577,-1,0,Kia,Fuzzy_dataset_KIA_Soul_train.csv
23,unrelated_incidents,ben_00-w06,ben_00,Hyundai::Attack_free_HY_Sonata_train.csv::Hyundai::Attack_free_HY_Sonata_train.csv::seg_test::896,-1,0,Hyundai,Attack_free_HY_Sonata_train.csv
23,unrelated_incidents,ben_00-w07,ben_00,Hyundai::Attack_free_HY_Sonata_train.csv::Hyundai::Attack_free_HY_Sonata_train.csv::seg_test::538,-1,0,Hyundai,Attack_free_HY_Sonata_train.csv
23,unrelated_incidents,ben_00-w08,ben_00,Hyundai::Attack_free_HY_Sonata_train.csv::Hyundai::Attack_free_HY_Sonata_train.csv::seg_test::266,-1,0,Hyundai,Attack_free_HY_Sonata_train.csv
23,unrelated_incidents,ben_00-w09,ben_00,Kia::Attack_free_KIA_Soul_train.csv::Kia::Attack_free_KIA_Soul_train.csv::seg_test::605,-1,0,Kia,Attack_free_KIA_Soul_train.csv
23,unrelated_incidents,ben_01-w00,ben_01,Kia::Fuzzy_dataset_KIA_Soul_train.csv::Kia::Fuzzy_dataset_KIA_Soul_train.csv::full_trace::6727,-1,0,Kia,Fuzzy_dataset_KIA_Soul_train.csv
23,unrelated_incidents,ben_01-w01,ben_01,Kia::Fuzzy_dataset_KIA_Soul_train.csv::Kia::Fuzzy_dataset_KIA_Soul_train.csv::full_trace::2328,-1,0,Kia,Fuzzy_dataset_KIA_Soul_train.csv
23,unrelated_incidents,ben_01-w02,ben_01,Kia::Attack_free_KIA_Soul_train.csv::Kia::Attack_free_KIA_Soul_train.csv::seg_test::311,-1,0,Kia,Attack_free_KIA_Soul_train.csv
23,unrelated_incidents,ben_01-w03,ben_01,Hyundai::Fuzzy_HYUNDAI_Sonata_train.csv::Hyundai::Fuzzy_HYUNDAI_Sonata_train.csv::full_trace::63,-1,0,Hyundai,Fuzzy_HYUNDAI_Sonata_train.csv
23,unrelated_incidents,ben_01-w04,ben_01,Kia::Fuzzy_dataset_KIA_Soul_train.csv::Kia::Fuzzy_dataset_KIA_Soul_train.csv::full_trace::1248,-1,0,Kia,Fuzzy_dataset_KIA_Soul_train.csv
23,unrelated_incidents,ben_01-w05,ben_01,Hyundai::Fuzzy_HYUNDAI_Sonata_train.csv::Hyundai::Fuzzy_HYUNDAI_Sonata_train.csv::full_trace::678,-1,0,Hyundai,Fuzzy_HYUNDAI_Sonata_train.csv
23,unrelated_incidents,ben_01-w06,ben_01,Kia::Fuzzy_dataset_KIA_Soul_train.csv::Kia::Fuzzy_dataset_KIA_Soul_train.csv::full_trace::4717,-1,0,Kia,Fuzzy_dataset_KIA_Soul_train.csv
23,unrelated_incidents,ben_01-w07,ben_01,Hyundai::Attack_free_HY_Sonata_train.csv::Hyundai::Attack_free_HY_Sonata_train.csv::seg_test::699,-1,0,Hyundai,Attack_free_HY_Sonata_train.csv
23,unrelated_incidents,ben_01-w08,ben_01,Hyundai::Attack_free_HY_Sonata_train.csv::Hyundai::Attack_free_HY_Sonata_train.csv::seg_test::279,-1,0,Hyundai,Attack_free_HY_Sonata_train.csv
23,unrelated_incidents,ben_01-w09,ben_01,Kia::Fuzzy_dataset_KIA_Soul_train.csv::Kia::Fuzzy_dataset_KIA_Soul_train.csv::full_trace::8807,-1,0,Kia,Fuzzy_dataset_KIA_Soul_train.csv
23,unrelated_incidents,ben_02-w00,ben_02,Kia::Fuzzy_dataset_KIA_Soul_train.csv::Kia::Fuzzy_dataset_KIA_Soul_train.csv::full_trace::4776,-1,0,Kia,Fuzzy_dataset_KIA_Soul_train.csv
23,unrelated_incidents,ben_02-w01,ben_02,Hyundai::Attack_free_HY_Sonata_train.csv::Hyundai::Attack_free_HY_Sonata_train.csv::seg_test::918,-1,0,Hyundai,Attack_free_HY_Sonata_train.csv
23,unrelated_incidents,ben_02-w02,ben_02,Hyundai::Attack_free_HY_Sonata_train.csv::Hyundai::Attack_free_HY_Sonata_train.csv::seg_test::1069,-1,0,Hyundai,Attack_free_HY_Sonata_train.csv
23,unrelated_incidents,ben_02-w03,ben_02,Kia::Fuzzy_dataset_KIA_Soul_train.csv::Kia::Fuzzy_dataset_KIA_Soul_train.csv::full_trace::8964,-1,0,Kia,Fuzzy_dataset_KIA_Soul_train.csv
23,unrelated_incidents,ben_02-w04,ben_02,Kia::Attack_free_KIA_Soul_train.csv::Kia::Attack_free_KIA_Soul_train.csv::seg_test::1287,-1,0,Kia,Attack_free_KIA_Soul_train.csv
23,unrelated_incidents,ben_02-w05,ben_02,Kia::Attack_free_KIA_Soul_train.csv::Kia::Attack_free_KIA_Soul_train.csv::seg_test::422,-1,0,Kia,Attack_free_KIA_Soul_train.csv
23,unrelated_incidents,ben_02-w06,ben_02,Kia::Attack_free_KIA_Soul_train.csv::Kia::Attack_free_KIA_Soul_train.csv::seg_test::1298,-1,0,Kia,Attack_free_KIA_Soul_train.csv
23,unrelated_incidents,ben_02-w07,ben_02,Kia::Attack_free_KIA_Soul_train.csv::Kia::Attack_free_KIA_Soul_train.csv::seg_test::662,-1,0,Kia,Attack_free_KIA_Soul_train.csv
23,unrelated_incidents,ben_02-w08,ben_02,Kia::Fuzzy_dataset_KIA_Soul_train.csv::Kia::Fuzzy_dataset_KIA_Soul_train.csv::full_trace::165,-1,0,Kia,Fuzzy_dataset_KIA_Soul_train.csv
23,unrelated_incidents,ben_02-w09,ben_02,Kia::Fuzzy_dataset_KIA_Soul_train.csv::Kia::Fuzzy_dataset_KIA_Soul_train.csv::full_trace::8097,-1,0,Kia,Fuzzy_dataset_KIA_Soul_train.csv
23,unrelated_incidents,ben_03-w00,ben_03,Kia::Fuzzy_dataset_KIA_Soul_train.csv::Kia::Fuzzy_dataset_KIA_Soul_train.csv::full_trace::1300,-1,0,Kia,Fuzzy_dataset_KIA_Soul_train.csv
23,unrelated_incidents,ben_03-w01,ben_03,Kia::Attack_free_KIA_Soul_train.csv::Kia::Attack_free_KIA_Soul_train.csv::seg_test::67,-1,0,Kia,Attack_free_KIA_Soul_train.csv
23,unrelated_incidents,ben_03-w02,ben_03,Kia::Fuzzy_dataset_KIA_Soul_train.csv::Kia::Fuzzy_dataset_KIA_Soul_train.csv::full_trace::5838,-1,0,Kia,Fuzzy_dataset_KIA_Soul_train.csv
23,unrelated_incidents,ben_03-w03,ben_03,Kia::Fuzzy_dataset_KIA_Soul_train.csv::Kia::Fuzzy_dataset_KIA_Soul_train.csv::full_trace::4732,-1,0,Kia,Fuzzy_dataset_KIA_Soul_train.csv
23,unrelated_incidents,ben_03-w04,ben_03,Kia::Fuzzy_dataset_KIA_Soul_train.csv::Kia::Fuzzy_dataset_KIA_Soul_train.csv::full_trace::8943,-1,0,Kia,Fuzzy_dataset_KIA_Soul_train.csv
23,unrelated_incidents,ben_03-w05,ben_03,Kia::Fuzzy_dataset_KIA_Soul_train.csv::Kia::Fuzzy_dataset_KIA_Soul_train.csv::full_trace::1075,-1,0,Kia,Fuzzy_dataset_KIA_Soul_train.csv
23,unrelated_incidents,ben_03-w06,ben_03,Hyundai::Attack_free_HY_Sonata_train.csv::Hyundai::Attack_free_HY_Sonata_train.csv::seg_test::296,-1,0,Hyundai,Attack_free_HY_Sonata_train.csv
23,unrelated_incidents,ben_03-w07,ben_03,Kia::Attack_free_KIA_Soul_train.csv::Kia::Attack_free_KIA_Soul_train.csv::seg_test::1016,-1,0,Kia,Attack_free_KIA_Soul_train.csv
23,unrelated_incidents,ben_03-w08,ben_03,Hyundai::Attack_free_HY_Sonata_train.csv::Hyundai::Attack_free_HY_Sonata_train.csv::seg_test::811,-1,0,Hyundai,Attack_free_HY_Sonata_train.csv
23,unrelated_incidents,ben_03-w09,ben_03,Kia::Fuzzy_dataset_KIA_Soul_train.csv::Kia::Fuzzy_dataset_KIA_Soul_train.csv::full_trace::5719,-1,0,Kia,Fuzzy_dataset_KIA_Soul_train.csv
23,unrelated_incidents,ben_04-w00,ben_04,Hyundai::Attack_free_HY_Sonata_train.csv::Hyundai::Attack_free_HY_Sonata_train.csv::seg_test::74,-1,0,Hyundai,Attack_free_HY_Sonata_train.csv
23,unrelated_incidents,ben_04-w01,ben_04,Chevrolet::Malfunction_CHEVROLET_Spark_train.csv::Chevrolet::Malfunction_CHEVROLET_Spark_train.csv::seg_test::101,-1,0,Chevrolet,Malfunction_CHEVROLET_Spark_train.csv
23,unrelated_incidents,ben_04-w02,ben_04,Kia::Fuzzy_dataset_KIA_Soul_train.csv::Kia::Fuzzy_dataset_KIA_Soul_train.csv::full_trace::6935,-1,0,Kia,Fuzzy_dataset_KIA_Soul_train.csv
23,unrelated_incidents,ben_04-w03,ben_04,Hyundai::Attack_free_HY_Sonata_train.csv::Hyundai::Attack_free_HY_Sonata_train.csv::seg_test::1185,-1,0,Hyundai,Attack_free_HY_Sonata_train.csv
23,unrelated_incidents,ben_04-w04,ben_04,Hyundai::Fuzzy_HYUNDAI_Sonata_train.csv::Hyundai::Fuzzy_HYUNDAI_Sonata_train.csv::full_trace::5,-1,0,Hyundai,Fuzzy_HYUNDAI_Sonata_train.csv
23,unrelated_incidents,ben_04-w05,ben_04,Kia::Fuzzy_dataset_KIA_Soul_train.csv::Kia::Fuzzy_dataset_KIA_Soul_train.csv::full_trace::21,-1,0,Kia,Fuzzy_dataset_KIA_Soul_train.csv
23,unrelated_incidents,ben_04-w06,ben_04,Kia::Fuzzy_dataset_KIA_Soul_train.csv::Kia::Fuzzy_dataset_KIA_Soul_train.csv::full_trace::6739,-1,0,Kia,Fuzzy_dataset_KIA_Soul_train.csv
23,unrelated_incidents,ben_04-w07,ben_04,Hyundai::Attack_free_HY_Sonata_train.csv::Hyundai::Attack_free_HY_Sonata_train.csv::seg_test::121,-1,0,Hyundai,Attack_free_HY_Sonata_train.csv
23,unrelated_incidents,ben_04-w08,ben_04,Kia::Fuzzy_dataset_KIA_Soul_train.csv::Kia::Fuzzy_dataset_KIA_Soul_train.csv::full_trace::4398,-1,0,Kia,Fuzzy_dataset_KIA_Soul_train.csv
23,unrelated_incidents,ben_04-w09,ben_04,Kia::Fuzzy_dataset_KIA_Soul_train.csv::Kia::Fuzzy_dataset_KIA_Soul_train.csv::full_trace::3635,-1,0,Kia,Fuzzy_dataset_KIA_Soul_train.csv
23,unrelated_incidents,ben_05-w00,ben_05,Hyundai::Attack_free_HY_Sonata_train.csv::Hyundai::Attack_free_HY_Sonata_train.csv::seg_test::572,-1,0,Hyundai,Attack_free_HY_Sonata_train.csv
23,unrelated_incidents,ben_05-w01,ben_05,Kia::Fuzzy_dataset_KIA_Soul_train.csv::Kia::Fuzzy_dataset_KIA_Soul_train.csv::full_trace::1001,-1,0,Kia,Fuzzy_dataset_KIA_Soul_train.csv
23,unrelated_incidents,ben_05-w02,ben_05,Kia::Fuzzy_dataset_KIA_Soul_train.csv::Kia::Fuzzy_dataset_KIA_Soul_train.csv::full_trace::8186,-1,0,Kia,Fuzzy_dataset_KIA_Soul_train.csv
23,unrelated_incidents,ben_05-w03,ben_05,Kia::Attack_free_KIA_Soul_train.csv::Kia::Attack_free_KIA_Soul_train.csv::seg_test::929,-1,0,Kia,Attack_free_KIA_Soul_train.csv
23,unrelated_incidents,ben_05-w04,ben_05,Hyundai::Attack_free_HY_Sonata_train.csv::Hyundai::Attack_free_HY_Sonata_train.csv::seg_test::541,-1,0,Hyundai,Attack_free_HY_Sonata_train.csv
23,unrelated_incidents,ben_05-w05,ben_05,Hyundai::Attack_free_HY_Sonata_train.csv::Hyundai::Attack_free_HY_Sonata_train.csv::seg_test::784,-1,0,Hyundai,Attack_free_HY_Sonata_train.csv
23,unrelated_incidents,ben_05-w06,ben_05,Kia::Fuzzy_dataset_KIA_Soul_train.csv::Kia::Fuzzy_dataset_KIA_Soul_train.csv::full_trace::5747,-1,0,Kia,Fuzzy_dataset_KIA_Soul_train.csv
23,unrelated_incidents,ben_05-w07,ben_05,Hyundai::Fuzzy_HYUNDAI_Sonata_train.csv::Hyundai::Fuzzy_HYUNDAI_Sonata_train.csv::full_trace::1257,-1,0,Hyundai,Fuzzy_HYUNDAI_Sonata_train.csv
23,unrelated_incidents,ben_05-w08,ben_05,Hyundai::Attack_free_HY_Sonata_train.csv::Hyundai::Attack_free_HY_Sonata_train.csv::seg_test::568,-1,0,Hyundai,Attack_free_HY_Sonata_train.csv
23,unrelated_incidents,ben_05-w09,ben_05,Hyundai::Fuzzy_HYUNDAI_Sonata_train.csv::Hyundai::Fuzzy_HYUNDAI_Sonata_train.csv::full_trace::2,-1,0,Hyundai,Fuzzy_HYUNDAI_Sonata_train.csv
23,unrelated_incidents,ben_06-w00,ben_06,Chevrolet::Flooding_CHEVROLET_Spark_train.csv::Chevrolet::Flooding_CHEVROLET_Spark_train.csv::seg_test::219,-1,0,Chevrolet,Flooding_CHEVROLET_Spark_train.csv
23,unrelated_incidents,ben_06-w01,ben_06,Kia::Attack_free_KIA_Soul_train.csv::Kia::Attack_free_KIA_Soul_train.csv::seg_test::664,-1,0,Kia,Attack_free_KIA_Soul_train.csv
23,unrelated_incidents,ben_06-w02,ben_06,Kia::Fuzzy_dataset_KIA_Soul_train.csv::Kia::Fuzzy_dataset_KIA_Soul_train.csv::full_trace::6806,-1,0,Kia,Fuzzy_dataset_KIA_Soul_train.csv
23,unrelated_incidents,ben_06-w03,ben_06,Kia::Fuzzy_dataset_KIA_Soul_train.csv::Kia::Fuzzy_dataset_KIA_Soul_train.csv::full_trace::2198,-1,0,Kia,Fuzzy_dataset_KIA_Soul_train.csv
23,unrelated_incidents,ben_06-w04,ben_06,Kia::Fuzzy_dataset_KIA_Soul_train.csv::Kia::Fuzzy_dataset_KIA_Soul_train.csv::full_trace::7833,-1,0,Kia,Fuzzy_dataset_KIA_Soul_train.csv
23,unrelated_incidents,ben_06-w05,ben_06,Kia::Fuzzy_dataset_KIA_Soul_train.csv::Kia::Fuzzy_dataset_KIA_Soul_train.csv::full_trace::7846,-1,0,Kia,Fuzzy_dataset_KIA_Soul_train.csv
23,unrelated_incidents,ben_06-w06,ben_06,Hyundai::Attack_free_HY_Sonata_train.csv::Hyundai::Attack_free_HY_Sonata_train.csv::seg_test::267,-1,0,Hyundai,Attack_free_HY_Sonata_train.csv
23,unrelated_incidents,ben_06-w07,ben_06,Hyundai::Fuzzy_HYUNDAI_Sonata_train.csv::Hyundai::Fuzzy_HYUNDAI_Sonata_train.csv::full_trace::1696,-1,0,Hyundai,Fuzzy_HYUNDAI_Sonata_train.csv
23,unrelated_incidents,ben_06-w08,ben_06,Hyundai::Attack_free_HY_Sonata_train.csv::Hyundai::Attack_free_HY_Sonata_train.csv::seg_test::461,-1,0,Hyundai,Attack_free_HY_Sonata_train.csv
23,unrelated_incidents,ben_06-w09,ben_06,Kia::Attack_free_KIA_Soul_train.csv::Kia::Attack_free_KIA_Soul_train.csv::seg_test::233,-1,0,Kia,Attack_free_KIA_Soul_train.csv
23,unrelated_incidents,ben_07-w00,ben_07,Hyundai::Attack_free_HY_Sonata_train.csv::Hyundai::Attack_free_HY_Sonata_train.csv::seg_test::574,-1,0,Hyundai,Attack_free_HY_Sonata_train.csv
23,unrelated_incidents,ben_07-w01,ben_07,Kia::Fuzzy_dataset_KIA_Soul_train.csv::Kia::Fuzzy_dataset_KIA_Soul_train.csv::full_trace::7808,-1,0,Kia,Fuzzy_dataset_KIA_Soul_train.csv
23,unrelated_incidents,ben_07-w02,ben_07,Kia::Fuzzy_dataset_KIA_Soul_train.csv::Kia::Fuzzy_dataset_KIA_Soul_train.csv::full_trace::19,-1,0,Kia,Fuzzy_dataset_KIA_Soul_train.csv
23,unrelated_incidents,ben_07-w03,ben_07,Kia::Fuzzy_dataset_KIA_Soul_train.csv::Kia::Fuzzy_dataset_KIA_Soul_train.csv::full_trace::1357,-1,0,Kia,Fuzzy_dataset_KIA_Soul_train.csv
23,unrelated_incidents,ben_07-w04,ben_07,Kia::Attack_free_KIA_Soul_train.csv::Kia::Attack_free_KIA_Soul_train.csv::seg_test::1032,-1,0,Kia,Attack_free_KIA_Soul_train.csv
23,unrelated_incidents,ben_07-w05,ben_07,Hyundai::Attack_free_HY_Sonata_train.csv::Hyundai::Attack_free_HY_Sonata_train.csv::seg_test::1197,-1,0,Hyundai,Attack_free_HY_Sonata_train.csv
23,unrelated_incidents,ben_07-w06,ben_07,Hyundai::Fuzzy_HYUNDAI_Sonata_train.csv::Hyundai::Fuzzy_HYUNDAI_Sonata_train.csv::full_trace::1606,-1,0,Hyundai,Fuzzy_HYUNDAI_Sonata_train.csv
23,unrelated_incidents,ben_07-w07,ben_07,Kia::Attack_free_KIA_Soul_train.csv::Kia::Attack_free_KIA_Soul_train.csv::seg_test::52,-1,0,Kia,Attack_free_KIA_Soul_train.csv
23,unrelated_incidents,ben_07-w08,ben_07,Hyundai::Attack_free_HY_Sonata_train.csv::Hyundai::Attack_free_HY_Sonata_train.csv::seg_test::280,-1,0,Hyundai,Attack_free_HY_Sonata_train.csv
23,unrelated_incidents,ben_07-w09,ben_07,Kia::Fuzzy_dataset_KIA_Soul_train.csv::Kia::Fuzzy_dataset_KIA_Soul_train.csv::full_trace::5780,-1,0,Kia,Fuzzy_dataset_KIA_Soul_train.csv
23,unrelated_incidents,ben_08-w00,ben_08,Hyundai::Attack_free_HY_Sonata_train.csv::Hyundai::Attack_free_HY_Sonata_train.csv::seg_test::122,-1,0,Hyundai,Attack_free_HY_Sonata_train.csv
23,unrelated_incidents,ben_08-w01,ben_08,Kia::Fuzzy_dataset_KIA_Soul_train.csv::Kia::Fuzzy_dataset_KIA_Soul_train.csv::full_trace::5896,-1,0,Kia,Fuzzy_dataset_KIA_Soul_train.csv
23,unrelated_incidents,ben_08-w02,ben_08,Kia::Attack_free_KIA_Soul_train.csv::Kia::Attack_free_KIA_Soul_train.csv::seg_test::6,-1,0,Kia,Attack_free_KIA_Soul_train.csv
23,unrelated_incidents,ben_08-w03,ben_08,Chevrolet::Flooding_CHEVROLET_Spark_train.csv::Chevrolet::Flooding_CHEVROLET_Spark_train.csv::seg_test::201,-1,0,Chevrolet,Flooding_CHEVROLET_Spark_train.csv
23,unrelated_incidents,ben_08-w04,ben_08,Chevrolet::Attack_free_CHEVROLET_Spark_train.csv::Chevrolet::Attack_free_CHEVROLET_Spark_train.csv::seg_test::149,-1,0,Chevrolet,Attack_free_CHEVROLET_Spark_train.csv
23,unrelated_incidents,ben_08-w05,ben_08,Kia::Fuzzy_dataset_KIA_Soul_train.csv::Kia::Fuzzy_dataset_KIA_Soul_train.csv::full_trace::2111,-1,0,Kia,Fuzzy_dataset_KIA_Soul_train.csv
23,unrelated_incidents,ben_08-w06,ben_08,Kia::Attack_free_KIA_Soul_train.csv::Kia::Attack_free_KIA_Soul_train.csv::seg_test::1158,-1,0,Kia,Attack_free_KIA_Soul_train.csv
23,unrelated_incidents,ben_08-w07,ben_08,Kia::Fuzzy_dataset_KIA_Soul_train.csv::Kia::Fuzzy_dataset_KIA_Soul_train.csv::full_trace::9054,-1,0,Kia,Fuzzy_dataset_KIA_Soul_train.csv
23,unrelated_incidents,ben_08-w08,ben_08,Hyundai::Attack_free_HY_Sonata_train.csv::Hyundai::Attack_free_HY_Sonata_train.csv::seg_test::1119,-1,0,Hyundai,Attack_free_HY_Sonata_train.csv
23,unrelated_incidents,ben_08-w09,ben_08,Hyundai::Attack_free_HY_Sonata_train.csv::Hyundai::Attack_free_HY_Sonata_train.csv::seg_test::344,-1,0,Hyundai,Attack_free_HY_Sonata_train.csv
23,unrelated_incidents,ben_09-w00,ben_09,Kia::Fuzzy_dataset_KIA_Soul_train.csv::Kia::Fuzzy_dataset_KIA_Soul_train.csv::full_trace::2386,-1,0,Kia,Fuzzy_dataset_KIA_Soul_train.csv
23,unrelated_incidents,ben_09-w01,ben_09,Kia::Fuzzy_dataset_KIA_Soul_train.csv::Kia::Fuzzy_dataset_KIA_Soul_train.csv::full_trace::8153,-1,0,Kia,Fuzzy_dataset_KIA_Soul_train.csv
23,unrelated_incidents,ben_09-w02,ben_09,Kia::Attack_free_KIA_Soul_train.csv::Kia::Attack_free_KIA_Soul_train.csv::seg_test::9,-1,0,Kia,Attack_free_KIA_Soul_train.csv
23,unrelated_incidents,ben_09-w03,ben_09,Kia::Fuzzy_dataset_KIA_Soul_train.csv::Kia::Fuzzy_dataset_KIA_Soul_train.csv::full_trace::8785,-1,0,Kia,Fuzzy_dataset_KIA_Soul_train.csv
23,unrelated_incidents,ben_09-w04,ben_09,Hyundai::Attack_free_HY_Sonata_train.csv::Hyundai::Attack_free_HY_Sonata_train.csv::seg_test::689,-1,0,Hyundai,Attack_free_HY_Sonata_train.csv
23,unrelated_incidents,ben_09-w05,ben_09,Hyundai::Fuzzy_HYUNDAI_Sonata_train.csv::Hyundai::Fuzzy_HYUNDAI_Sonata_train.csv::full_trace::23,-1,0,Hyundai,Fuzzy_HYUNDAI_Sonata_train.csv
23,unrelated_incidents,ben_09-w06,ben_09,Kia::Attack_free_KIA_Soul_train.csv::Kia::Attack_free_KIA_Soul_train.csv::seg_test::726,-1,0,Kia,Attack_free_KIA_Soul_train.csv
23,unrelated_incidents,ben_09-w07,ben_09,Kia::Attack_free_KIA_Soul_train.csv::Kia::Attack_free_KIA_Soul_train.csv::seg_test::231,-1,0,Kia,Attack_free_KIA_Soul_train.csv
23,unrelated_incidents,ben_09-w08,ben_09,Kia::Fuzzy_dataset_KIA_Soul_train.csv::Kia::Fuzzy_dataset_KIA_Soul_train.csv::full_trace::4,-1,0,Kia,Fuzzy_dataset_KIA_Soul_train.csv
23,unrelated_incidents,ben_09-w09,ben_09,Kia::Fuzzy_dataset_KIA_Soul_train.csv::Kia::Fuzzy_dataset_KIA_Soul_train.csv::full_trace::8896,-1,0,Kia,Fuzzy_dataset_KIA_Soul_train.csv
23,unrelated_incidents,ben_10-w00,ben_10,Kia::Fuzzy_dataset_KIA_Soul_train.csv::Kia::Fuzzy_dataset_KIA_Soul_train.csv::full_trace::4573,-1,0,Kia,Fuzzy_dataset_KIA_Soul_train.csv
23,unrelated_incidents,ben_10-w01,ben_10,Kia::Fuzzy_dataset_KIA_Soul_train.csv::Kia::Fuzzy_dataset_KIA_Soul_train.csv::full_trace::8869,-1,0,Kia,Fuzzy_dataset_KIA_Soul_train.csv
23,unrelated_incidents,ben_10-w02,ben_10,Hyundai::Attack_free_HY_Sonata_train.csv::Hyundai::Attack_free_HY_Sonata_train.csv::seg_test::127,-1,0,Hyundai,Attack_free_HY_Sonata_train.csv
23,unrelated_incidents,ben_10-w03,ben_10,Kia::Attack_free_KIA_Soul_train.csv::Kia::Attack_free_KIA_Soul_train.csv::seg_test::384,-1,0,Kia,Attack_free_KIA_Soul_train.csv
23,unrelated_incidents,ben_10-w04,ben_10,Kia::Fuzzy_dataset_KIA_Soul_train.csv::Kia::Fuzzy_dataset_KIA_Soul_train.csv::full_trace::5768,-1,0,Kia,Fuzzy_dataset_KIA_Soul_train.csv
23,unrelated_incidents,ben_10-w05,ben_10,Kia::Fuzzy_dataset_KIA_Soul_train.csv::Kia::Fuzzy_dataset_KIA_Soul_train.csv::full_trace::5788,-1,0,Kia,Fuzzy_dataset_KIA_Soul_train.csv
23,unrelated_incidents,ben_10-w06,ben_10,Hyundai::Fuzzy_HYUNDAI_Sonata_train.csv::Hyundai::Fuzzy_HYUNDAI_Sonata_train.csv::full_trace::1180,-1,0,Hyundai,Fuzzy_HYUNDAI_Sonata_train.csv
23,unrelated_incidents,ben_10-w07,ben_10,Kia::Fuzzy_dataset_KIA_Soul_train.csv::Kia::Fuzzy_dataset_KIA_Soul_train.csv::full_trace::9097,-1,0,Kia,Fuzzy_dataset_KIA_Soul_train.csv
23,unrelated_incidents,ben_10-w08,ben_10,Kia::Fuzzy_dataset_KIA_Soul_train.csv::Kia::Fuzzy_dataset_KIA_Soul_train.csv::full_trace::2360,-1,0,Kia,Fuzzy_dataset_KIA_Soul_train.csv
23,unrelated_incidents,ben_10-w09,ben_10,Chevrolet::Malfunction_CHEVROLET_Spark_train.csv::Chevrolet::Malfunction_CHEVROLET_Spark_train.csv::seg_test::120,-1,0,Chevrolet,Malfunction_CHEVROLET_Spark_train.csv
23,unrelated_incidents,ben_11-w00,ben_11,Hyundai::Fuzzy_HYUNDAI_Sonata_train.csv::Hyundai::Fuzzy_HYUNDAI_Sonata_train.csv::full_trace::135,-1,0,Hyundai,Fuzzy_HYUNDAI_Sonata_train.csv
23,unrelated_incidents,ben_11-w01,ben_11,Kia::Fuzzy_dataset_KIA_Soul_train.csv::Kia::Fuzzy_dataset_KIA_Soul_train.csv::full_trace::3290,-1,0,Kia,Fuzzy_dataset_KIA_Soul_train.csv
23,unrelated_incidents,ben_11-w02,ben_11,Kia::Fuzzy_dataset_KIA_Soul_train.csv::Kia::Fuzzy_dataset_KIA_Soul_train.csv::full_trace::9011,-1,0,Kia,Fuzzy_dataset_KIA_Soul_train.csv
23,unrelated_incidents,ben_11-w03,ben_11,Hyundai::Attack_free_HY_Sonata_train.csv::Hyundai::Attack_free_HY_Sonata_train.csv::seg_test::943,-1,0,Hyundai,Attack_free_HY_Sonata_train.csv
23,unrelated_incidents,ben_11-w04,ben_11,Kia::Fuzzy_dataset_KIA_Soul_train.csv::Kia::Fuzzy_dataset_KIA_Soul_train.csv::full_trace::1355,-1,0,Kia,Fuzzy_dataset_KIA_Soul_train.csv
23,unrelated_incidents,ben_11-w05,ben_11,Kia::Fuzzy_dataset_KIA_Soul_train.csv::Kia::Fuzzy_dataset_KIA_Soul_train.csv::full_trace::3340,-1,0,Kia,Fuzzy_dataset_KIA_Soul_train.csv
23,unrelated_incidents,ben_11-w06,ben_11,Hyundai::Fuzzy_HYUNDAI_Sonata_train.csv::Hyundai::Fuzzy_HYUNDAI_Sonata_train.csv::full_trace::1628,-1,0,Hyundai,Fuzzy_HYUNDAI_Sonata_train.csv
23,unrelated_incidents,ben_11-w07,ben_11,Hyundai::Attack_free_HY_Sonata_train.csv::Hyundai::Attack_free_HY_Sonata_train.csv::seg_test::149,-1,0,Hyundai,Attack_free_HY_Sonata_train.csv
23,unrelated_incidents,ben_11-w08,ben_11,Kia::Fuzzy_dataset_KIA_Soul_train.csv::Kia::Fuzzy_dataset_KIA_Soul_train.csv::full_trace::9194,-1,0,Kia,Fuzzy_dataset_KIA_Soul_train.csv
23,unrelated_incidents,ben_11-w09,ben_11,Kia::Fuzzy_dataset_KIA_Soul_train.csv::Kia::Fuzzy_dataset_KIA_Soul_train.csv::full_trace::5660,-1,0,Kia,Fuzzy_dataset_KIA_Soul_train.csv
23,unrelated_incidents,ben_12-w00,ben_12,Hyundai::Attack_free_HY_Sonata_train.csv::Hyundai::Attack_free_HY_Sonata_train.csv::seg_test::524,-1,0,Hyundai,Attack_free_HY_Sonata_train.csv
23,unrelated_incidents,ben_12-w01,ben_12,Hyundai::Fuzzy_HYUNDAI_Sonata_train.csv::Hyundai::Fuzzy_HYUNDAI_Sonata_train.csv::full_trace::178,-1,0,Hyundai,Fuzzy_HYUNDAI_Sonata_train.csv
23,unrelated_incidents,ben_12-w02,ben_12,Hyundai::Attack_free_HY_Sonata_train.csv::Hyundai::Attack_free_HY_Sonata_train.csv::seg_test::1251,-1,0,Hyundai,Attack_free_HY_Sonata_train.csv
23,unrelated_incidents,ben_12-w03,ben_12,Kia::Attack_free_KIA_Soul_train.csv::Kia::Attack_free_KIA_Soul_train.csv::seg_test::1309,-1,0,Kia,Attack_free_KIA_Soul_train.csv
23,unrelated_incidents,ben_12-w04,ben_12,Hyundai::Attack_free_HY_Sonata_train.csv::Hyundai::Attack_free_HY_Sonata_train.csv::seg_test::166,-1,0,Hyundai,Attack_free_HY_Sonata_train.csv
23,unrelated_incidents,ben_12-w05,ben_12,Chevrolet::Attack_free_CHEVROLET_Spark_train.csv::Chevrolet::Attack_free_CHEVROLET_Spark_train.csv::seg_test::247,-1,0,Chevrolet,Attack_free_CHEVROLET_Spark_train.csv
23,unrelated_incidents,ben_12-w06,ben_12,Kia::Fuzzy_dataset_KIA_Soul_train.csv::Kia::Fuzzy_dataset_KIA_Soul_train.csv::full_trace::4612,-1,0,Kia,Fuzzy_dataset_KIA_Soul_train.csv
23,unrelated_incidents,ben_12-w07,ben_12,Kia::Fuzzy_dataset_KIA_Soul_train.csv::Kia::Fuzzy_dataset_KIA_Soul_train.csv::full_trace::1089,-1,0,Kia,Fuzzy_dataset_KIA_Soul_train.csv
23,unrelated_incidents,ben_12-w08,ben_12,Kia::Fuzzy_dataset_KIA_Soul_train.csv::Kia::Fuzzy_dataset_KIA_Soul_train.csv::full_trace::2231,-1,0,Kia,Fuzzy_dataset_KIA_Soul_train.csv
23,unrelated_incidents,ben_12-w09,ben_12,Hyundai::Attack_free_HY_Sonata_train.csv::Hyundai::Attack_free_HY_Sonata_train.csv::seg_test::844,-1,0,Hyundai,Attack_free_HY_Sonata_train.csv
23,unrelated_incidents,ben_13-w00,ben_13,Kia::Fuzzy_dataset_KIA_Soul_train.csv::Kia::Fuzzy_dataset_KIA_Soul_train.csv::full_trace::3449,-1,0,Kia,Fuzzy_dataset_KIA_Soul_train.csv
23,unrelated_incidents,ben_13-w01,ben_13,Kia::Fuzzy_dataset_KIA_Soul_train.csv::Kia::Fuzzy_dataset_KIA_Soul_train.csv::full_trace::4377,-1,0,Kia,Fuzzy_dataset_KIA_Soul_train.csv
23,unrelated_incidents,ben_13-w02,ben_13,Kia::Fuzzy_dataset_KIA_Soul_train.csv::Kia::Fuzzy_dataset_KIA_Soul_train.csv::full_trace::9131,-1,0,Kia,Fuzzy_dataset_KIA_Soul_train.csv
23,unrelated_incidents,ben_13-w03,ben_13,Hyundai::Fuzzy_HYUNDAI_Sonata_train.csv::Hyundai::Fuzzy_HYUNDAI_Sonata_train.csv::full_trace::1201,-1,0,Hyundai,Fuzzy_HYUNDAI_Sonata_train.csv
23,unrelated_incidents,ben_13-w04,ben_13,Kia::Fuzzy_dataset_KIA_Soul_train.csv::Kia::Fuzzy_dataset_KIA_Soul_train.csv::full_trace::211,-1,0,Kia,Fuzzy_dataset_KIA_Soul_train.csv
23,unrelated_incidents,ben_13-w05,ben_13,Hyundai::Attack_free_HY_Sonata_train.csv::Hyundai::Attack_free_HY_Sonata_train.csv::seg_test::223,-1,0,Hyundai,Attack_free_HY_Sonata_train.csv
23,unrelated_incidents,ben_13-w06,ben_13,Hyundai::Fuzzy_HYUNDAI_Sonata_train.csv::Hyundai::Fuzzy_HYUNDAI_Sonata_train.csv::full_trace::183,-1,0,Hyundai,Fuzzy_HYUNDAI_Sonata_train.csv
23,unrelated_incidents,ben_13-w07,ben_13,Kia::Attack_free_KIA_Soul_train.csv::Kia::Attack_free_KIA_Soul_train.csv::seg_test::272,-1,0,Kia,Attack_free_KIA_Soul_train.csv
23,unrelated_incidents,ben_13-w08,ben_13,Kia::Attack_free_KIA_Soul_train.csv::Kia::Attack_free_KIA_Soul_train.csv::seg_test::750,-1,0,Kia,Attack_free_KIA_Soul_train.csv
23,unrelated_incidents,ben_13-w09,ben_13,Hyundai::Fuzzy_HYUNDAI_Sonata_train.csv::Hyundai::Fuzzy_HYUNDAI_Sonata_train.csv::full_trace::176,-1,0,Hyundai,Fuzzy_HYUNDAI_Sonata_train.csv
23,unrelated_incidents,ben_14-w00,ben_14,Kia::Attack_free_KIA_Soul_train.csv::Kia::Attack_free_KIA_Soul_train.csv::seg_test::483,-1,0,Kia,Attack_free_KIA_Soul_train.csv
23,unrelated_incidents,ben_14-w01,ben_14,Kia::Fuzzy_dataset_KIA_Soul_train.csv::Kia::Fuzzy_dataset_KIA_Soul_train.csv::full_trace::4379,-1,0,Kia,Fuzzy_dataset_KIA_Soul_train.csv
23,unrelated_incidents,ben_14-w02,ben_14,Hyundai::Attack_free_HY_Sonata_train.csv::Hyundai::Attack_free_HY_Sonata_train.csv::seg_test::219,-1,0,Hyundai,Attack_free_HY_Sonata_train.csv
23,unrelated_incidents,ben_14-w03,ben_14,Chevrolet::Flooding_CHEVROLET_Spark_train.csv::Chevrolet::Flooding_CHEVROLET_Spark_train.csv::seg_test::235,-1,0,Chevrolet,Flooding_CHEVROLET_Spark_train.csv
23,unrelated_incidents,ben_14-w04,ben_14,Kia::Fuzzy_dataset_KIA_Soul_train.csv::Kia::Fuzzy_dataset_KIA_Soul_train.csv::full_trace::3255,-1,0,Kia,Fuzzy_dataset_KIA_Soul_train.csv
23,unrelated_incidents,ben_14-w05,ben_14,Kia::Fuzzy_dataset_KIA_Soul_train.csv::Kia::Fuzzy_dataset_KIA_Soul_train.csv::full_trace::8065,-1,0,Kia,Fuzzy_dataset_KIA_Soul_train.csv
23,unrelated_incidents,ben_14-w06,ben_14,Kia::Fuzzy_dataset_KIA_Soul_train.csv::Kia::Fuzzy_dataset_KIA_Soul_train.csv::full_trace::6757,-1,0,Kia,Fuzzy_dataset_KIA_Soul_train.csv
23,unrelated_incidents,ben_14-w07,ben_14,Kia::Fuzzy_dataset_KIA_Soul_train.csv::Kia::Fuzzy_dataset_KIA_Soul_train.csv::full_trace::2189,-1,0,Kia,Fuzzy_dataset_KIA_Soul_train.csv
23,unrelated_incidents,ben_14-w08,ben_14,Kia::Fuzzy_dataset_KIA_Soul_train.csv::Kia::Fuzzy_dataset_KIA_Soul_train.csv::full_trace::6778,-1,0,Kia,Fuzzy_dataset_KIA_Soul_train.csv
23,unrelated_incidents,ben_14-w09,ben_14,Kia::Fuzzy_dataset_KIA_Soul_train.csv::Kia::Fuzzy_dataset_KIA_Soul_train.csv::full_trace::7981,-1,0,Kia,Fuzzy_dataset_KIA_Soul_train.csv
37,strong_campaign,atk_Hyundai_0-w00,atk_Hyundai_0,Hyundai::Fuzzy_HYUNDAI_Sonata_train.csv::Hyundai::Fuzzy_HYUNDAI_Sonata_train.csv::full_trace::1395,0,1,Hyundai,Fuzzy_HYUNDAI_Sonata_train.csv
37,strong_campaign,atk_Hyundai_0-w01,atk_Hyundai_0,Hyundai::Fuzzy_HYUNDAI_Sonata_train.csv::Hyundai::Fuzzy_HYUNDAI_Sonata_train.csv::full_trace::951,0,1,Hyundai,Fuzzy_HYUNDAI_Sonata_train.csv
37,strong_campaign,atk_Hyundai_0-w02,atk_Hyundai_0,Hyundai::Fuzzy_HYUNDAI_Sonata_train.csv::Hyundai::Fuzzy_HYUNDAI_Sonata_train.csv::full_trace::1357,0,1,Hyundai,Fuzzy_HYUNDAI_Sonata_train.csv
37,strong_campaign,atk_Hyundai_0-w03,atk_Hyundai_0,Hyundai::Fuzzy_HYUNDAI_Sonata_train.csv::Hyundai::Fuzzy_HYUNDAI_Sonata_train.csv::full_trace::1373,0,1,Hyundai,Fuzzy_HYUNDAI_Sonata_train.csv
37,strong_campaign,atk_Hyundai_0-w04,atk_Hyundai_0,Hyundai::Fuzzy_HYUNDAI_Sonata_train.csv::Hyundai::Fuzzy_HYUNDAI_Sonata_train.csv::full_trace::895,0,1,Hyundai,Fuzzy_HYUNDAI_Sonata_train.csv
37,strong_campaign,atk_Hyundai_0-w05,atk_Hyundai_0,Hyundai::Fuzzy_HYUNDAI_Sonata_train.csv::Hyundai::Fuzzy_HYUNDAI_Sonata_train.csv::full_trace::1704,0,0,Hyundai,Fuzzy_HYUNDAI_Sonata_train.csv
37,strong_campaign,atk_Hyundai_0-w06,atk_Hyundai_0,Hyundai::Attack_free_HY_Sonata_train.csv::Hyundai::Attack_free_HY_Sonata_train.csv::seg_test::1125,0,0,Hyundai,Attack_free_HY_Sonata_train.csv
37,strong_campaign,atk_Hyundai_0-w07,atk_Hyundai_0,Hyundai::Fuzzy_HYUNDAI_Sonata_train.csv::Hyundai::Fuzzy_HYUNDAI_Sonata_train.csv::full_trace::1616,0,0,Hyundai,Fuzzy_HYUNDAI_Sonata_train.csv
37,strong_campaign,atk_Hyundai_0-w08,atk_Hyundai_0,Hyundai::Attack_free_HY_Sonata_train.csv::Hyundai::Attack_free_HY_Sonata_train.csv::seg_test::796,0,0,Hyundai,Attack_free_HY_Sonata_train.csv
37,strong_campaign,atk_Hyundai_0-w09,atk_Hyundai_0,Hyundai::Fuzzy_HYUNDAI_Sonata_train.csv::Hyundai::Fuzzy_HYUNDAI_Sonata_train.csv::full_trace::720,0,0,Hyundai,Fuzzy_HYUNDAI_Sonata_train.csv
37,strong_campaign,atk_Hyundai_1-w00,atk_Hyundai_1,Hyundai::Fuzzy_HYUNDAI_Sonata_train.csv::Hyundai::Fuzzy_HYUNDAI_Sonata_train.csv::full_trace::867,0,1,Hyundai,Fuzzy_HYUNDAI_Sonata_train.csv
37,strong_campaign,atk_Hyundai_1-w01,atk_Hyundai_1,Hyundai::Fuzzy_HYUNDAI_Sonata_train.csv::Hyundai::Fuzzy_HYUNDAI_Sonata_train.csv::full_trace::1476,0,1,Hyundai,Fuzzy_HYUNDAI_Sonata_train.csv
37,strong_campaign,atk_Hyundai_1-w02,atk_Hyundai_1,Hyundai::Fuzzy_HYUNDAI_Sonata_train.csv::Hyundai::Fuzzy_HYUNDAI_Sonata_train.csv::full_trace::1316,0,1,Hyundai,Fuzzy_HYUNDAI_Sonata_train.csv
37,strong_campaign,atk_Hyundai_1-w03,atk_Hyundai_1,Hyundai::Fuzzy_HYUNDAI_Sonata_train.csv::Hyundai::Fuzzy_HYUNDAI_Sonata_train.csv::full_trace::1397,0,1,Hyundai,Fuzzy_HYUNDAI_Sonata_train.csv
37,strong_campaign,atk_Hyundai_1-w04,atk_Hyundai_1,Hyundai::Fuzzy_HYUNDAI_Sonata_train.csv::Hyundai::Fuzzy_HYUNDAI_Sonata_train.csv::full_trace::1757,0,1,Hyundai,Fuzzy_HYUNDAI_Sonata_train.csv
37,strong_campaign,atk_Hyundai_1-w05,atk_Hyundai_1,Hyundai::Attack_free_HY_Sonata_train.csv::Hyundai::Attack_free_HY_Sonata_train.csv::seg_test::481,0,0,Hyundai,Attack_free_HY_Sonata_train.csv
37,strong_campaign,atk_Hyundai_1-w06,atk_Hyundai_1,Hyundai::Fuzzy_HYUNDAI_Sonata_train.csv::Hyundai::Fuzzy_HYUNDAI_Sonata_train.csv::full_trace::781,0,0,Hyundai,Fuzzy_HYUNDAI_Sonata_train.csv
37,strong_campaign,atk_Hyundai_1-w07,atk_Hyundai_1,Hyundai::Attack_free_HY_Sonata_train.csv::Hyundai::Attack_free_HY_Sonata_train.csv::seg_test::322,0,0,Hyundai,Attack_free_HY_Sonata_train.csv
37,strong_campaign,atk_Hyundai_1-w08,atk_Hyundai_1,Hyundai::Fuzzy_HYUNDAI_Sonata_train.csv::Hyundai::Fuzzy_HYUNDAI_Sonata_train.csv::full_trace::454,0,0,Hyundai,Fuzzy_HYUNDAI_Sonata_train.csv
37,strong_campaign,atk_Hyundai_1-w09,atk_Hyundai_1,Hyundai::Fuzzy_HYUNDAI_Sonata_train.csv::Hyundai::Fuzzy_HYUNDAI_Sonata_train.csv::full_trace::478,0,0,Hyundai,Fuzzy_HYUNDAI_Sonata_train.csv
37,strong_campaign,atk_Kia_2-w00,atk_Kia_2,Kia::Fuzzy_dataset_KIA_Soul_train.csv::Kia::Fuzzy_dataset_KIA_Soul_train.csv::full_trace::2529,0,1,Kia,Fuzzy_dataset_KIA_Soul_train.csv
37,strong_campaign,atk_Kia_2-w01,atk_Kia_2,Kia::Fuzzy_dataset_KIA_Soul_train.csv::Kia::Fuzzy_dataset_KIA_Soul_train.csv::full_trace::2819,0,1,Kia,Fuzzy_dataset_KIA_Soul_train.csv
37,strong_campaign,atk_Kia_2-w02,atk_Kia_2,Kia::Fuzzy_dataset_KIA_Soul_train.csv::Kia::Fuzzy_dataset_KIA_Soul_train.csv::full_trace::612,0,1,Kia,Fuzzy_dataset_KIA_Soul_train.csv
37,strong_campaign,atk_Kia_2-w03,atk_Kia_2,Kia::Fuzzy_dataset_KIA_Soul_train.csv::Kia::Fuzzy_dataset_KIA_Soul_train.csv::full_trace::4974,0,1,Kia,Fuzzy_dataset_KIA_Soul_train.csv
37,strong_campaign,atk_Kia_2-w04,atk_Kia_2,Kia::Fuzzy_dataset_KIA_Soul_train.csv::Kia::Fuzzy_dataset_KIA_Soul_train.csv::full_trace::1805,0,1,Kia,Fuzzy_dataset_KIA_Soul_train.csv
37,strong_campaign,atk_Kia_2-w05,atk_Kia_2,Kia::Fuzzy_dataset_KIA_Soul_train.csv::Kia::Fuzzy_dataset_KIA_Soul_train.csv::full_trace::20,0,0,Kia,Fuzzy_dataset_KIA_Soul_train.csv
37,strong_campaign,atk_Kia_2-w06,atk_Kia_2,Kia::Fuzzy_dataset_KIA_Soul_train.csv::Kia::Fuzzy_dataset_KIA_Soul_train.csv::full_trace::4545,0,0,Kia,Fuzzy_dataset_KIA_Soul_train.csv
37,strong_campaign,atk_Kia_2-w07,atk_Kia_2,Kia::Fuzzy_dataset_KIA_Soul_train.csv::Kia::Fuzzy_dataset_KIA_Soul_train.csv::full_trace::6727,0,0,Kia,Fuzzy_dataset_KIA_Soul_train.csv
37,strong_campaign,atk_Kia_2-w08,atk_Kia_2,Kia::Fuzzy_dataset_KIA_Soul_train.csv::Kia::Fuzzy_dataset_KIA_Soul_train.csv::full_trace::1291,0,0,Kia,Fuzzy_dataset_KIA_Soul_train.csv
37,strong_campaign,atk_Kia_2-w09,atk_Kia_2,Kia::Fuzzy_dataset_KIA_Soul_train.csv::Kia::Fuzzy_dataset_KIA_Soul_train.csv::full_trace::9159,0,0,Kia,Fuzzy_dataset_KIA_Soul_train.csv
37,strong_campaign,atk_Kia_3-w00,atk_Kia_3,Kia::Fuzzy_dataset_KIA_Soul_train.csv::Kia::Fuzzy_dataset_KIA_Soul_train.csv::full_trace::1985,0,1,Kia,Fuzzy_dataset_KIA_Soul_train.csv
37,strong_campaign,atk_Kia_3-w01,atk_Kia_3,Kia::Fuzzy_dataset_KIA_Soul_train.csv::Kia::Fuzzy_dataset_KIA_Soul_train.csv::full_trace::7479,0,1,Kia,Fuzzy_dataset_KIA_Soul_train.csv
37,strong_campaign,atk_Kia_3-w02,atk_Kia_3,Kia::Fuzzy_dataset_KIA_Soul_train.csv::Kia::Fuzzy_dataset_KIA_Soul_train.csv::full_trace::358,0,1,Kia,Fuzzy_dataset_KIA_Soul_train.csv
37,strong_campaign,atk_Kia_3-w03,atk_Kia_3,Kia::Fuzzy_dataset_KIA_Soul_train.csv::Kia::Fuzzy_dataset_KIA_Soul_train.csv::full_trace::2783,0,1,Kia,Fuzzy_dataset_KIA_Soul_train.csv
37,strong_campaign,atk_Kia_3-w04,atk_Kia_3,Kia::Fuzzy_dataset_KIA_Soul_train.csv::Kia::Fuzzy_dataset_KIA_Soul_train.csv::full_trace::3220,0,1,Kia,Fuzzy_dataset_KIA_Soul_train.csv
37,strong_campaign,atk_Kia_3-w05,atk_Kia_3,Kia::Fuzzy_dataset_KIA_Soul_train.csv::Kia::Fuzzy_dataset_KIA_Soul_train.csv::full_trace::2334,0,0,Kia,Fuzzy_dataset_KIA_Soul_train.csv
37,strong_campaign,atk_Kia_3-w06,atk_Kia_3,Kia::Attack_free_KIA_Soul_train.csv::Kia::Attack_free_KIA_Soul_train.csv::seg_test::132,0,0,Kia,Attack_free_KIA_Soul_train.csv
37,strong_campaign,atk_Kia_3-w07,atk_Kia_3,Kia::Fuzzy_dataset_KIA_Soul_train.csv::Kia::Fuzzy_dataset_KIA_Soul_train.csv::full_trace::1215,0,0,Kia,Fuzzy_dataset_KIA_Soul_train.csv
37,strong_campaign,atk_Kia_3-w08,atk_Kia_3,Kia::Fuzzy_dataset_KIA_Soul_train.csv::Kia::Fuzzy_dataset_KIA_Soul_train.csv::full_trace::7038,0,0,Kia,Fuzzy_dataset_KIA_Soul_train.csv
37,strong_campaign,atk_Kia_3-w09,atk_Kia_3,Kia::Fuzzy_dataset_KIA_Soul_train.csv::Kia::Fuzzy_dataset_KIA_Soul_train.csv::full_trace::6856,0,0,Kia,Fuzzy_dataset_KIA_Soul_train.csv
37,strong_campaign,atk_Chevrolet_4-w00,atk_Chevrolet_4,Chevrolet::Fuzzy_CHEVROLET_Spark_train.csv::Chevrolet::Fuzzy_CHEVROLET_Spark_train.csv::seg_test::91,0,1,Chevrolet,Fuzzy_CHEVROLET_Spark_train.csv
37,strong_campaign,atk_Chevrolet_4-w01,atk_Chevrolet_4,Chevrolet::Fuzzy_CHEVROLET_Spark_train.csv::Chevrolet::Fuzzy_CHEVROLET_Spark_train.csv::seg_test::107,0,1,Chevrolet,Fuzzy_CHEVROLET_Spark_train.csv
37,strong_campaign,atk_Chevrolet_4-w02,atk_Chevrolet_4,Chevrolet::Fuzzy_CHEVROLET_Spark_train.csv::Chevrolet::Fuzzy_CHEVROLET_Spark_train.csv::seg_test::97,0,1,Chevrolet,Fuzzy_CHEVROLET_Spark_train.csv
37,strong_campaign,atk_Chevrolet_4-w03,atk_Chevrolet_4,Chevrolet::Fuzzy_CHEVROLET_Spark_train.csv::Chevrolet::Fuzzy_CHEVROLET_Spark_train.csv::seg_test::66,0,1,Chevrolet,Fuzzy_CHEVROLET_Spark_train.csv
37,strong_campaign,atk_Chevrolet_4-w04,atk_Chevrolet_4,Chevrolet::Fuzzy_CHEVROLET_Spark_train.csv::Chevrolet::Fuzzy_CHEVROLET_Spark_train.csv::seg_test::53,0,1,Chevrolet,Fuzzy_CHEVROLET_Spark_train.csv
37,strong_campaign,atk_Chevrolet_4-w05,atk_Chevrolet_4,Chevrolet::Malfunction_CHEVROLET_Spark_train.csv::Chevrolet::Malfunction_CHEVROLET_Spark_train.csv::seg_test::1,0,0,Chevrolet,Malfunction_CHEVROLET_Spark_train.csv
37,strong_campaign,atk_Chevrolet_4-w06,atk_Chevrolet_4,Chevrolet::Malfunction_CHEVROLET_Spark_train.csv::Chevrolet::Malfunction_CHEVROLET_Spark_train.csv::seg_test::107,0,0,Chevrolet,Malfunction_CHEVROLET_Spark_train.csv
37,strong_campaign,atk_Chevrolet_4-w07,atk_Chevrolet_4,Chevrolet::Attack_free_CHEVROLET_Spark_train.csv::Chevrolet::Attack_free_CHEVROLET_Spark_train.csv::seg_test::250,0,0,Chevrolet,Attack_free_CHEVROLET_Spark_train.csv
37,strong_campaign,atk_Chevrolet_4-w08,atk_Chevrolet_4,Chevrolet::Malfunction_CHEVROLET_Spark_train.csv::Chevrolet::Malfunction_CHEVROLET_Spark_train.csv::seg_test::53,0,0,Chevrolet,Malfunction_CHEVROLET_Spark_train.csv
37,strong_campaign,atk_Chevrolet_4-w09,atk_Chevrolet_4,Chevrolet::Flooding_CHEVROLET_Spark_train.csv::Chevrolet::Flooding_CHEVROLET_Spark_train.csv::seg_test::235,0,0,Chevrolet,Flooding_CHEVROLET_Spark_train.csv
37,strong_campaign,ben_00-w00,ben_00,Kia::Fuzzy_dataset_KIA_Soul_train.csv::Kia::Fuzzy_dataset_KIA_Soul_train.csv::full_trace::6935,-1,0,Kia,Fuzzy_dataset_KIA_Soul_train.csv
37,strong_campaign,ben_00-w01,ben_00,Kia::Fuzzy_dataset_KIA_Soul_train.csv::Kia::Fuzzy_dataset_KIA_Soul_train.csv::full_trace::6776,-1,0,Kia,Fuzzy_dataset_KIA_Soul_train.csv
37,strong_campaign,ben_00-w02,ben_00,Kia::Fuzzy_dataset_KIA_Soul_train.csv::Kia::Fuzzy_dataset_KIA_Soul_train.csv::full_trace::3419,-1,0,Kia,Fuzzy_dataset_KIA_Soul_train.csv
37,strong_campaign,ben_00-w03,ben_00,Hyundai::Attack_free_HY_Sonata_train.csv::Hyundai::Attack_free_HY_Sonata_train.csv::seg_test::1245,-1,0,Hyundai,Attack_free_HY_Sonata_train.csv
37,strong_campaign,ben_00-w04,ben_00,Chevrolet::Attack_free_CHEVROLET_Spark_train.csv::Chevrolet::Attack_free_CHEVROLET_Spark_train.csv::seg_test::323,-1,0,Chevrolet,Attack_free_CHEVROLET_Spark_train.csv
37,strong_campaign,ben_00-w05,ben_00,Kia::Attack_free_KIA_Soul_train.csv::Kia::Attack_free_KIA_Soul_train.csv::seg_test::392,-1,0,Kia,Attack_free_KIA_Soul_train.csv
37,strong_campaign,ben_00-w06,ben_00,Kia::Attack_free_KIA_Soul_train.csv::Kia::Attack_free_KIA_Soul_train.csv::seg_test::5,-1,0,Kia,Attack_free_KIA_Soul_train.csv
37,strong_campaign,ben_00-w07,ben_00,Kia::Fuzzy_dataset_KIA_Soul_train.csv::Kia::Fuzzy_dataset_KIA_Soul_train.csv::full_trace::8877,-1,0,Kia,Fuzzy_dataset_KIA_Soul_train.csv
37,strong_campaign,ben_00-w08,ben_00,Kia::Attack_free_KIA_Soul_train.csv::Kia::Attack_free_KIA_Soul_train.csv::seg_test::960,-1,0,Kia,Attack_free_KIA_Soul_train.csv
37,strong_campaign,ben_00-w09,ben_00,Kia::Fuzzy_dataset_KIA_Soul_train.csv::Kia::Fuzzy_dataset_KIA_Soul_train.csv::full_trace::1271,-1,0,Kia,Fuzzy_dataset_KIA_Soul_train.csv
37,strong_campaign,ben_01-w00,ben_01,Kia::Fuzzy_dataset_KIA_Soul_train.csv::Kia::Fuzzy_dataset_KIA_Soul_train.csv::full_trace::5594,-1,0,Kia,Fuzzy_dataset_KIA_Soul_train.csv
37,strong_campaign,ben_01-w01,ben_01,Kia::Fuzzy_dataset_KIA_Soul_train.csv::Kia::Fuzzy_dataset_KIA_Soul_train.csv::full_trace::4751,-1,0,Kia,Fuzzy_dataset_KIA_Soul_train.csv
37,strong_campaign,ben_01-w02,ben_01,Kia::Attack_free_KIA_Soul_train.csv::Kia::Attack_free_KIA_Soul_train.csv::seg_test::772,-1,0,Kia,Attack_free_KIA_Soul_train.csv
37,strong_campaign,ben_01-w03,ben_01,Hyundai::Attack_free_HY_Sonata_train.csv::Hyundai::Attack_free_HY_Sonata_train.csv::seg_test::902,-1,0,Hyundai,Attack_free_HY_Sonata_train.csv
37,strong_campaign,ben_01-w04,ben_01,Kia::Fuzzy_dataset_KIA_Soul_train.csv::Kia::Fuzzy_dataset_KIA_Soul_train.csv::full_trace::5691,-1,0,Kia,Fuzzy_dataset_KIA_Soul_train.csv
37,strong_campaign,ben_01-w05,ben_01,Kia::Fuzzy_dataset_KIA_Soul_train.csv::Kia::Fuzzy_dataset_KIA_Soul_train.csv::full_trace::48,-1,0,Kia,Fuzzy_dataset_KIA_Soul_train.csv
37,strong_campaign,ben_01-w06,ben_01,Hyundai::Fuzzy_HYUNDAI_Sonata_train.csv::Hyundai::Fuzzy_HYUNDAI_Sonata_train.csv::full_trace::391,-1,0,Hyundai,Fuzzy_HYUNDAI_Sonata_train.csv
37,strong_campaign,ben_01-w07,ben_01,Kia::Fuzzy_dataset_KIA_Soul_train.csv::Kia::Fuzzy_dataset_KIA_Soul_train.csv::full_trace::8933,-1,0,Kia,Fuzzy_dataset_KIA_Soul_train.csv
37,strong_campaign,ben_01-w08,ben_01,Kia::Attack_free_KIA_Soul_train.csv::Kia::Attack_free_KIA_Soul_train.csv::seg_test::438,-1,0,Kia,Attack_free_KIA_Soul_train.csv
37,strong_campaign,ben_01-w09,ben_01,Hyundai::Attack_free_HY_Sonata_train.csv::Hyundai::Attack_free_HY_Sonata_train.csv::seg_test::95,-1,0,Hyundai,Attack_free_HY_Sonata_train.csv
37,strong_campaign,ben_02-w00,ben_02,Hyundai::Attack_free_HY_Sonata_train.csv::Hyundai::Attack_free_HY_Sonata_train.csv::seg_test::402,-1,0,Hyundai,Attack_free_HY_Sonata_train.csv
37,strong_campaign,ben_02-w01,ben_02,Kia::Fuzzy_dataset_KIA_Soul_train.csv::Kia::Fuzzy_dataset_KIA_Soul_train.csv::full_trace::1147,-1,0,Kia,Fuzzy_dataset_KIA_Soul_train.csv
37,strong_campaign,ben_02-w02,ben_02,Kia::Fuzzy_dataset_KIA_Soul_train.csv::Kia::Fuzzy_dataset_KIA_Soul_train.csv::full_trace::6970,-1,0,Kia,Fuzzy_dataset_KIA_Soul_train.csv
37,strong_campaign,ben_02-w03,ben_02,Hyundai::Fuzzy_HYUNDAI_Sonata_train.csv::Hyundai::Fuzzy_HYUNDAI_Sonata_train.csv::full_trace::1181,-1,0,Hyundai,Fuzzy_HYUNDAI_Sonata_train.csv
37,strong_campaign,ben_02-w04,ben_02,Kia::Fuzzy_dataset_KIA_Soul_train.csv::Kia::Fuzzy_dataset_KIA_Soul_train.csv::full_trace::2475,-1,0,Kia,Fuzzy_dataset_KIA_Soul_train.csv
37,strong_campaign,ben_02-w05,ben_02,Hyundai::Fuzzy_HYUNDAI_Sonata_train.csv::Hyundai::Fuzzy_HYUNDAI_Sonata_train.csv::full_trace::1266,-1,0,Hyundai,Fuzzy_HYUNDAI_Sonata_train.csv
37,strong_campaign,ben_02-w06,ben_02,Kia::Fuzzy_dataset_KIA_Soul_train.csv::Kia::Fuzzy_dataset_KIA_Soul_train.csv::full_trace::1191,-1,0,Kia,Fuzzy_dataset_KIA_Soul_train.csv
37,strong_campaign,ben_02-w07,ben_02,Kia::Fuzzy_dataset_KIA_Soul_train.csv::Kia::Fuzzy_dataset_KIA_Soul_train.csv::full_trace::1063,-1,0,Kia,Fuzzy_dataset_KIA_Soul_train.csv
37,strong_campaign,ben_02-w08,ben_02,Kia::Fuzzy_dataset_KIA_Soul_train.csv::Kia::Fuzzy_dataset_KIA_Soul_train.csv::full_trace::8186,-1,0,Kia,Fuzzy_dataset_KIA_Soul_train.csv
37,strong_campaign,ben_02-w09,ben_02,Hyundai::Fuzzy_HYUNDAI_Sonata_train.csv::Hyundai::Fuzzy_HYUNDAI_Sonata_train.csv::full_trace::283,-1,0,Hyundai,Fuzzy_HYUNDAI_Sonata_train.csv
37,strong_campaign,ben_03-w00,ben_03,Kia::Attack_free_KIA_Soul_train.csv::Kia::Attack_free_KIA_Soul_train.csv::seg_test::878,-1,0,Kia,Attack_free_KIA_Soul_train.csv
37,strong_campaign,ben_03-w01,ben_03,Kia::Attack_free_KIA_Soul_train.csv::Kia::Attack_free_KIA_Soul_train.csv::seg_test::1141,-1,0,Kia,Attack_free_KIA_Soul_train.csv
37,strong_campaign,ben_03-w02,ben_03,Kia::Fuzzy_dataset_KIA_Soul_train.csv::Kia::Fuzzy_dataset_KIA_Soul_train.csv::full_trace::7032,-1,0,Kia,Fuzzy_dataset_KIA_Soul_train.csv
37,strong_campaign,ben_03-w03,ben_03,Kia::Fuzzy_dataset_KIA_Soul_train.csv::Kia::Fuzzy_dataset_KIA_Soul_train.csv::full_trace::6964,-1,0,Kia,Fuzzy_dataset_KIA_Soul_train.csv
37,strong_campaign,ben_03-w04,ben_03,Kia::Attack_free_KIA_Soul_train.csv::Kia::Attack_free_KIA_Soul_train.csv::seg_test::760,-1,0,Kia,Attack_free_KIA_Soul_train.csv
37,strong_campaign,ben_03-w05,ben_03,Hyundai::Fuzzy_HYUNDAI_Sonata_train.csv::Hyundai::Fuzzy_HYUNDAI_Sonata_train.csv::full_trace::752,-1,0,Hyundai,Fuzzy_HYUNDAI_Sonata_train.csv
37,strong_campaign,ben_03-w06,ben_03,Kia::Fuzzy_dataset_KIA_Soul_train.csv::Kia::Fuzzy_dataset_KIA_Soul_train.csv::full_trace::2136,-1,0,Kia,Fuzzy_dataset_KIA_Soul_train.csv
37,strong_campaign,ben_03-w07,ben_03,Hyundai::Fuzzy_HYUNDAI_Sonata_train.csv::Hyundai::Fuzzy_HYUNDAI_Sonata_train.csv::full_trace::1271,-1,0,Hyundai,Fuzzy_HYUNDAI_Sonata_train.csv
37,strong_campaign,ben_03-w08,ben_03,Kia::Attack_free_KIA_Soul_train.csv::Kia::Attack_free_KIA_Soul_train.csv::seg_test::1360,-1,0,Kia,Attack_free_KIA_Soul_train.csv
37,strong_campaign,ben_03-w09,ben_03,Kia::Attack_free_KIA_Soul_train.csv::Kia::Attack_free_KIA_Soul_train.csv::seg_test::1095,-1,0,Kia,Attack_free_KIA_Soul_train.csv
37,strong_campaign,ben_04-w00,ben_04,Kia::Fuzzy_dataset_KIA_Soul_train.csv::Kia::Fuzzy_dataset_KIA_Soul_train.csv::full_trace::3243,-1,0,Kia,Fuzzy_dataset_KIA_Soul_train.csv
37,strong_campaign,ben_04-w01,ben_04,Kia::Attack_free_KIA_Soul_train.csv::Kia::Attack_free_KIA_Soul_train.csv::seg_test::986,-1,0,Kia,Attack_free_KIA_Soul_train.csv
37,strong_campaign,ben_04-w02,ben_04,Kia::Fuzzy_dataset_KIA_Soul_train.csv::Kia::Fuzzy_dataset_KIA_Soul_train.csv::full_trace::3481,-1,0,Kia,Fuzzy_dataset_KIA_Soul_train.csv
37,strong_campaign,ben_04-w03,ben_04,Kia::Attack_free_KIA_Soul_train.csv::Kia::Attack_free_KIA_Soul_train.csv::seg_test::380,-1,0,Kia,Attack_free_KIA_Soul_train.csv
37,strong_campaign,ben_04-w04,ben_04,Hyundai::Attack_free_HY_Sonata_train.csv::Hyundai::Attack_free_HY_Sonata_train.csv::seg_test::166,-1,0,Hyundai,Attack_free_HY_Sonata_train.csv
37,strong_campaign,ben_04-w05,ben_04,Kia::Fuzzy_dataset_KIA_Soul_train.csv::Kia::Fuzzy_dataset_KIA_Soul_train.csv::full_trace::8101,-1,0,Kia,Fuzzy_dataset_KIA_Soul_train.csv
37,strong_campaign,ben_04-w06,ben_04,Kia::Fuzzy_dataset_KIA_Soul_train.csv::Kia::Fuzzy_dataset_KIA_Soul_train.csv::full_trace::7929,-1,0,Kia,Fuzzy_dataset_KIA_Soul_train.csv
37,strong_campaign,ben_04-w07,ben_04,Kia::Fuzzy_dataset_KIA_Soul_train.csv::Kia::Fuzzy_dataset_KIA_Soul_train.csv::full_trace::2259,-1,0,Kia,Fuzzy_dataset_KIA_Soul_train.csv
37,strong_campaign,ben_04-w08,ben_04,Hyundai::Attack_free_HY_Sonata_train.csv::Hyundai::Attack_free_HY_Sonata_train.csv::seg_test::1126,-1,0,Hyundai,Attack_free_HY_Sonata_train.csv
37,strong_campaign,ben_04-w09,ben_04,Kia::Attack_free_KIA_Soul_train.csv::Kia::Attack_free_KIA_Soul_train.csv::seg_test::1387,-1,0,Kia,Attack_free_KIA_Soul_train.csv
37,strong_campaign,ben_05-w00,ben_05,Hyundai::Attack_free_HY_Sonata_train.csv::Hyundai::Attack_free_HY_Sonata_train.csv::seg_test::454,-1,0,Hyundai,Attack_free_HY_Sonata_train.csv
37,strong_campaign,ben_05-w01,ben_05,Hyundai::Fuzzy_HYUNDAI_Sonata_train.csv::Hyundai::Fuzzy_HYUNDAI_Sonata_train.csv::full_trace::1138,-1,0,Hyundai,Fuzzy_HYUNDAI_Sonata_train.csv
37,strong_campaign,ben_05-w02,ben_05,Chevrolet::Attack_free_CHEVROLET_Spark_train.csv::Chevrolet::Attack_free_CHEVROLET_Spark_train.csv::seg_test::245,-1,0,Chevrolet,Attack_free_CHEVROLET_Spark_train.csv
37,strong_campaign,ben_05-w03,ben_05,Kia::Attack_free_KIA_Soul_train.csv::Kia::Attack_free_KIA_Soul_train.csv::seg_test::350,-1,0,Kia,Attack_free_KIA_Soul_train.csv
37,strong_campaign,ben_05-w04,ben_05,Kia::Fuzzy_dataset_KIA_Soul_train.csv::Kia::Fuzzy_dataset_KIA_Soul_train.csv::full_trace::4664,-1,0,Kia,Fuzzy_dataset_KIA_Soul_train.csv
37,strong_campaign,ben_05-w05,ben_05,Chevrolet::Malfunction_CHEVROLET_Spark_train.csv::Chevrolet::Malfunction_CHEVROLET_Spark_train.csv::seg_test::11,-1,0,Chevrolet,Malfunction_CHEVROLET_Spark_train.csv
37,strong_campaign,ben_05-w06,ben_05,Kia::Attack_free_KIA_Soul_train.csv::Kia::Attack_free_KIA_Soul_train.csv::seg_test::1288,-1,0,Kia,Attack_free_KIA_Soul_train.csv
37,strong_campaign,ben_05-w07,ben_05,Kia::Fuzzy_dataset_KIA_Soul_train.csv::Kia::Fuzzy_dataset_KIA_Soul_train.csv::full_trace::2284,-1,0,Kia,Fuzzy_dataset_KIA_Soul_train.csv
37,strong_campaign,ben_05-w08,ben_05,Hyundai::Fuzzy_HYUNDAI_Sonata_train.csv::Hyundai::Fuzzy_HYUNDAI_Sonata_train.csv::full_trace::1113,-1,0,Hyundai,Fuzzy_HYUNDAI_Sonata_train.csv
37,strong_campaign,ben_05-w09,ben_05,Kia::Fuzzy_dataset_KIA_Soul_train.csv::Kia::Fuzzy_dataset_KIA_Soul_train.csv::full_trace::4393,-1,0,Kia,Fuzzy_dataset_KIA_Soul_train.csv
37,strong_campaign,ben_06-w00,ben_06,Hyundai::Fuzzy_HYUNDAI_Sonata_train.csv::Hyundai::Fuzzy_HYUNDAI_Sonata_train.csv::full_trace::1718,-1,0,Hyundai,Fuzzy_HYUNDAI_Sonata_train.csv
37,strong_campaign,ben_06-w01,ben_06,Hyundai::Fuzzy_HYUNDAI_Sonata_train.csv::Hyundai::Fuzzy_HYUNDAI_Sonata_train.csv::full_trace::288,-1,0,Hyundai,Fuzzy_HYUNDAI_Sonata_train.csv
37,strong_campaign,ben_06-w02,ben_06,Hyundai::Attack_free_HY_Sonata_train.csv::Hyundai::Attack_free_HY_Sonata_train.csv::seg_test::1207,-1,0,Hyundai,Attack_free_HY_Sonata_train.csv
37,strong_campaign,ben_06-w03,ben_06,Kia::Fuzzy_dataset_KIA_Soul_train.csv::Kia::Fuzzy_dataset_KIA_Soul_train.csv::full_trace::2423,-1,0,Kia,Fuzzy_dataset_KIA_Soul_train.csv
37,strong_campaign,ben_06-w04,ben_06,Kia::Attack_free_KIA_Soul_train.csv::Kia::Attack_free_KIA_Soul_train.csv::seg_test::613,-1,0,Kia,Attack_free_KIA_Soul_train.csv
37,strong_campaign,ben_06-w05,ben_06,Kia::Fuzzy_dataset_KIA_Soul_train.csv::Kia::Fuzzy_dataset_KIA_Soul_train.csv::full_trace::4519,-1,0,Kia,Fuzzy_dataset_KIA_Soul_train.csv
37,strong_campaign,ben_06-w06,ben_06,Kia::Fuzzy_dataset_KIA_Soul_train.csv::Kia::Fuzzy_dataset_KIA_Soul_train.csv::full_trace::1032,-1,0,Kia,Fuzzy_dataset_KIA_Soul_train.csv
37,strong_campaign,ben_06-w07,ben_06,Hyundai::Attack_free_HY_Sonata_train.csv::Hyundai::Attack_free_HY_Sonata_train.csv::seg_test::477,-1,0,Hyundai,Attack_free_HY_Sonata_train.csv
37,strong_campaign,ben_06-w08,ben_06,Kia::Fuzzy_dataset_KIA_Soul_train.csv::Kia::Fuzzy_dataset_KIA_Soul_train.csv::full_trace::7030,-1,0,Kia,Fuzzy_dataset_KIA_Soul_train.csv
37,strong_campaign,ben_06-w09,ben_06,Kia::Attack_free_KIA_Soul_train.csv::Kia::Attack_free_KIA_Soul_train.csv::seg_test::1210,-1,0,Kia,Attack_free_KIA_Soul_train.csv
37,strong_campaign,ben_07-w00,ben_07,Hyundai::Attack_free_HY_Sonata_train.csv::Hyundai::Attack_free_HY_Sonata_train.csv::seg_test::786,-1,0,Hyundai,Attack_free_HY_Sonata_train.csv
37,strong_campaign,ben_07-w01,ben_07,Hyundai::Fuzzy_HYUNDAI_Sonata_train.csv::Hyundai::Fuzzy_HYUNDAI_Sonata_train.csv::full_trace::714,-1,0,Hyundai,Fuzzy_HYUNDAI_Sonata_train.csv
37,strong_campaign,ben_07-w02,ben_07,Kia::Attack_free_KIA_Soul_train.csv::Kia::Attack_free_KIA_Soul_train.csv::seg_test::362,-1,0,Kia,Attack_free_KIA_Soul_train.csv
37,strong_campaign,ben_07-w03,ben_07,Hyundai::Fuzzy_HYUNDAI_Sonata_train.csv::Hyundai::Fuzzy_HYUNDAI_Sonata_train.csv::full_trace::426,-1,0,Hyundai,Fuzzy_HYUNDAI_Sonata_train.csv
37,strong_campaign,ben_07-w04,ben_07,Chevrolet::Flooding_CHEVROLET_Spark_train.csv::Chevrolet::Flooding_CHEVROLET_Spark_train.csv::seg_test::240,-1,0,Chevrolet,Flooding_CHEVROLET_Spark_train.csv
37,strong_campaign,ben_07-w05,ben_07,Chevrolet::Flooding_CHEVROLET_Spark_train.csv::Chevrolet::Flooding_CHEVROLET_Spark_train.csv::seg_test::222,-1,0,Chevrolet,Flooding_CHEVROLET_Spark_train.csv
37,strong_campaign,ben_07-w06,ben_07,Kia::Fuzzy_dataset_KIA_Soul_train.csv::Kia::Fuzzy_dataset_KIA_Soul_train.csv::full_trace::6833,-1,0,Kia,Fuzzy_dataset_KIA_Soul_train.csv
37,strong_campaign,ben_07-w07,ben_07,Chevrolet::Malfunction_CHEVROLET_Spark_train.csv::Chevrolet::Malfunction_CHEVROLET_Spark_train.csv::seg_test::123,-1,0,Chevrolet,Malfunction_CHEVROLET_Spark_train.csv
37,strong_campaign,ben_07-w08,ben_07,Kia::Fuzzy_dataset_KIA_Soul_train.csv::Kia::Fuzzy_dataset_KIA_Soul_train.csv::full_trace::8936,-1,0,Kia,Fuzzy_dataset_KIA_Soul_train.csv
37,strong_campaign,ben_07-w09,ben_07,Kia::Fuzzy_dataset_KIA_Soul_train.csv::Kia::Fuzzy_dataset_KIA_Soul_train.csv::full_trace::8050,-1,0,Kia,Fuzzy_dataset_KIA_Soul_train.csv
37,strong_campaign,ben_08-w00,ben_08,Kia::Fuzzy_dataset_KIA_Soul_train.csv::Kia::Fuzzy_dataset_KIA_Soul_train.csv::full_trace::3278,-1,0,Kia,Fuzzy_dataset_KIA_Soul_train.csv
37,strong_campaign,ben_08-w01,ben_08,Hyundai::Attack_free_HY_Sonata_train.csv::Hyundai::Attack_free_HY_Sonata_train.csv::seg_test::1266,-1,0,Hyundai,Attack_free_HY_Sonata_train.csv
37,strong_campaign,ben_08-w02,ben_08,Kia::Fuzzy_dataset_KIA_Soul_train.csv::Kia::Fuzzy_dataset_KIA_Soul_train.csv::full_trace::3250,-1,0,Kia,Fuzzy_dataset_KIA_Soul_train.csv
37,strong_campaign,ben_08-w03,ben_08,Hyundai::Fuzzy_HYUNDAI_Sonata_train.csv::Hyundai::Fuzzy_HYUNDAI_Sonata_train.csv::full_trace::86,-1,0,Hyundai,Fuzzy_HYUNDAI_Sonata_train.csv
37,strong_campaign,ben_08-w04,ben_08,Hyundai::Attack_free_HY_Sonata_train.csv::Hyundai::Attack_free_HY_Sonata_train.csv::seg_test::139,-1,0,Hyundai,Attack_free_HY_Sonata_train.csv
37,strong_campaign,ben_08-w05,ben_08,Kia::Attack_free_KIA_Soul_train.csv::Kia::Attack_free_KIA_Soul_train.csv::seg_test::1406,-1,0,Kia,Attack_free_KIA_Soul_train.csv
37,strong_campaign,ben_08-w06,ben_08,Kia::Fuzzy_dataset_KIA_Soul_train.csv::Kia::Fuzzy_dataset_KIA_Soul_train.csv::full_trace::7848,-1,0,Kia,Fuzzy_dataset_KIA_Soul_train.csv
37,strong_campaign,ben_08-w07,ben_08,Kia::Fuzzy_dataset_KIA_Soul_train.csv::Kia::Fuzzy_dataset_KIA_Soul_train.csv::full_trace::6670,-1,0,Kia,Fuzzy_dataset_KIA_Soul_train.csv
37,strong_campaign,ben_08-w08,ben_08,Hyundai::Fuzzy_HYUNDAI_Sonata_train.csv::Hyundai::Fuzzy_HYUNDAI_Sonata_train.csv::full_trace::346,-1,0,Hyundai,Fuzzy_HYUNDAI_Sonata_train.csv
37,strong_campaign,ben_08-w09,ben_08,Kia::Fuzzy_dataset_KIA_Soul_train.csv::Kia::Fuzzy_dataset_KIA_Soul_train.csv::full_trace::8806,-1,0,Kia,Fuzzy_dataset_KIA_Soul_train.csv
37,strong_campaign,ben_09-w00,ben_09,Chevrolet::Attack_free_CHEVROLET_Spark_train.csv::Chevrolet::Attack_free_CHEVROLET_Spark_train.csv::seg_test::300,-1,0,Chevrolet,Attack_free_CHEVROLET_Spark_train.csv
37,strong_campaign,ben_09-w01,ben_09,Kia::Attack_free_KIA_Soul_train.csv::Kia::Attack_free_KIA_Soul_train.csv::seg_test::1107,-1,0,Kia,Attack_free_KIA_Soul_train.csv
37,strong_campaign,ben_09-w02,ben_09,Kia::Fuzzy_dataset_KIA_Soul_train.csv::Kia::Fuzzy_dataset_KIA_Soul_train.csv::full_trace::4736,-1,0,Kia,Fuzzy_dataset_KIA_Soul_train.csv
37,strong_campaign,ben_09-w03,ben_09,Kia::Attack_free_KIA_Soul_train.csv::Kia::Attack_free_KIA_Soul_train.csv::seg_test::220,-1,0,Kia,Attack_free_KIA_Soul_train.csv
37,strong_campaign,ben_09-w04,ben_09,Kia::Attack_free_KIA_Soul_train.csv::Kia::Attack_free_KIA_Soul_train.csv::seg_test::1011,-1,0,Kia,Attack_free_KIA_Soul_train.csv
37,strong_campaign,ben_09-w05,ben_09,Chevrolet::Attack_free_CHEVROLET_Spark_train.csv::Chevrolet::Attack_free_CHEVROLET_Spark_train.csv::seg_test::215,-1,0,Chevrolet,Attack_free_CHEVROLET_Spark_train.csv
37,strong_campaign,ben_09-w06,ben_09,Kia::Attack_free_KIA_Soul_train.csv::Kia::Attack_free_KIA_Soul_train.csv::seg_test::1036,-1,0,Kia,Attack_free_KIA_Soul_train.csv
37,strong_campaign,ben_09-w07,ben_09,Kia::Attack_free_KIA_Soul_train.csv::Kia::Attack_free_KIA_Soul_train.csv::seg_test::23,-1,0,Kia,Attack_free_KIA_Soul_train.csv
37,strong_campaign,ben_09-w08,ben_09,Kia::Attack_free_KIA_Soul_train.csv::Kia::Attack_free_KIA_Soul_train.csv::seg_test::1052,-1,0,Kia,Attack_free_KIA_Soul_train.csv
37,strong_campaign,ben_09-w09,ben_09,Kia::Attack_free_KIA_Soul_train.csv::Kia::Attack_free_KIA_Soul_train.csv::seg_test::920,-1,0,Kia,Attack_free_KIA_Soul_train.csv
37,strong_campaign,ben_10-w00,ben_10,Hyundai::Attack_free_HY_Sonata_train.csv::Hyundai::Attack_free_HY_Sonata_train.csv::seg_test::365,-1,0,Hyundai,Attack_free_HY_Sonata_train.csv
37,strong_campaign,ben_10-w01,ben_10,Kia::Fuzzy_dataset_KIA_Soul_train.csv::Kia::Fuzzy_dataset_KIA_Soul_train.csv::full_trace::8038,-1,0,Kia,Fuzzy_dataset_KIA_Soul_train.csv
37,strong_campaign,ben_10-w02,ben_10,Kia::Fuzzy_dataset_KIA_Soul_train.csv::Kia::Fuzzy_dataset_KIA_Soul_train.csv::full_trace::8974,-1,0,Kia,Fuzzy_dataset_KIA_Soul_train.csv
37,strong_campaign,ben_10-w03,ben_10,Hyundai::Attack_free_HY_Sonata_train.csv::Hyundai::Attack_free_HY_Sonata_train.csv::seg_test::987,-1,0,Hyundai,Attack_free_HY_Sonata_train.csv
37,strong_campaign,ben_10-w04,ben_10,Kia::Fuzzy_dataset_KIA_Soul_train.csv::Kia::Fuzzy_dataset_KIA_Soul_train.csv::full_trace::4610,-1,0,Kia,Fuzzy_dataset_KIA_Soul_train.csv
37,strong_campaign,ben_10-w05,ben_10,Kia::Attack_free_KIA_Soul_train.csv::Kia::Attack_free_KIA_Soul_train.csv::seg_test::309,-1,0,Kia,Attack_free_KIA_Soul_train.csv
37,strong_campaign,ben_10-w06,ben_10,Hyundai::Fuzzy_HYUNDAI_Sonata_train.csv::Hyundai::Fuzzy_HYUNDAI_Sonata_train.csv::full_trace::621,-1,0,Hyundai,Fuzzy_HYUNDAI_Sonata_train.csv
37,strong_campaign,ben_10-w07,ben_10,Hyundai::Fuzzy_HYUNDAI_Sonata_train.csv::Hyundai::Fuzzy_HYUNDAI_Sonata_train.csv::full_trace::535,-1,0,Hyundai,Fuzzy_HYUNDAI_Sonata_train.csv
37,strong_campaign,ben_10-w08,ben_10,Kia::Fuzzy_dataset_KIA_Soul_train.csv::Kia::Fuzzy_dataset_KIA_Soul_train.csv::full_trace::1061,-1,0,Kia,Fuzzy_dataset_KIA_Soul_train.csv
37,strong_campaign,ben_10-w09,ben_10,Hyundai::Fuzzy_HYUNDAI_Sonata_train.csv::Hyundai::Fuzzy_HYUNDAI_Sonata_train.csv::full_trace::1568,-1,0,Hyundai,Fuzzy_HYUNDAI_Sonata_train.csv
37,strong_campaign,ben_11-w00,ben_11,Kia::Attack_free_KIA_Soul_train.csv::Kia::Attack_free_KIA_Soul_train.csv::seg_test::232,-1,0,Kia,Attack_free_KIA_Soul_train.csv
37,strong_campaign,ben_11-w01,ben_11,Kia::Fuzzy_dataset_KIA_Soul_train.csv::Kia::Fuzzy_dataset_KIA_Soul_train.csv::full_trace::9038,-1,0,Kia,Fuzzy_dataset_KIA_Soul_train.csv
37,strong_campaign,ben_11-w02,ben_11,Kia::Fuzzy_dataset_KIA_Soul_train.csv::Kia::Fuzzy_dataset_KIA_Soul_train.csv::full_trace::1098,-1,0,Kia,Fuzzy_dataset_KIA_Soul_train.csv
37,strong_campaign,ben_11-w03,ben_11,Kia::Fuzzy_dataset_KIA_Soul_train.csv::Kia::Fuzzy_dataset_KIA_Soul_train.csv::full_trace::3523,-1,0,Kia,Fuzzy_dataset_KIA_Soul_train.csv
37,strong_campaign,ben_11-w04,ben_11,Kia::Fuzzy_dataset_KIA_Soul_train.csv::Kia::Fuzzy_dataset_KIA_Soul_train.csv::full_trace::5571,-1,0,Kia,Fuzzy_dataset_KIA_Soul_train.csv
37,strong_campaign,ben_11-w05,ben_11,Kia::Attack_free_KIA_Soul_train.csv::Kia::Attack_free_KIA_Soul_train.csv::seg_test::1096,-1,0,Kia,Attack_free_KIA_Soul_train.csv
37,strong_campaign,ben_11-w06,ben_11,Kia::Fuzzy_dataset_KIA_Soul_train.csv::Kia::Fuzzy_dataset_KIA_Soul_train.csv::full_trace::9065,-1,0,Kia,Fuzzy_dataset_KIA_Soul_train.csv
37,strong_campaign,ben_11-w07,ben_11,Hyundai::Fuzzy_HYUNDAI_Sonata_train.csv::Hyundai::Fuzzy_HYUNDAI_Sonata_train.csv::full_trace::1694,-1,0,Hyundai,Fuzzy_HYUNDAI_Sonata_train.csv
37,strong_campaign,ben_11-w08,ben_11,Hyundai::Fuzzy_HYUNDAI_Sonata_train.csv::Hyundai::Fuzzy_HYUNDAI_Sonata_train.csv::full_trace::233,-1,0,Hyundai,Fuzzy_HYUNDAI_Sonata_train.csv
37,strong_campaign,ben_11-w09,ben_11,Kia::Fuzzy_dataset_KIA_Soul_train.csv::Kia::Fuzzy_dataset_KIA_Soul_train.csv::full_trace::2140,-1,0,Kia,Fuzzy_dataset_KIA_Soul_train.csv
37,strong_campaign,ben_12-w00,ben_12,Hyundai::Fuzzy_HYUNDAI_Sonata_train.csv::Hyundai::Fuzzy_HYUNDAI_Sonata_train.csv::full_trace::1191,-1,0,Hyundai,Fuzzy_HYUNDAI_Sonata_train.csv
37,strong_campaign,ben_12-w01,ben_12,Kia::Fuzzy_dataset_KIA_Soul_train.csv::Kia::Fuzzy_dataset_KIA_Soul_train.csv::full_trace::5825,-1,0,Kia,Fuzzy_dataset_KIA_Soul_train.csv
37,strong_campaign,ben_12-w02,ben_12,Hyundai::Attack_free_HY_Sonata_train.csv::Hyundai::Attack_free_HY_Sonata_train.csv::seg_test::1191,-1,0,Hyundai,Attack_free_HY_Sonata_train.csv
37,strong_campaign,ben_12-w03,ben_12,Hyundai::Fuzzy_HYUNDAI_Sonata_train.csv::Hyundai::Fuzzy_HYUNDAI_Sonata_train.csv::full_trace::754,-1,0,Hyundai,Fuzzy_HYUNDAI_Sonata_train.csv
37,strong_campaign,ben_12-w04,ben_12,Kia::Attack_free_KIA_Soul_train.csv::Kia::Attack_free_KIA_Soul_train.csv::seg_test::265,-1,0,Kia,Attack_free_KIA_Soul_train.csv
37,strong_campaign,ben_12-w05,ben_12,Kia::Attack_free_KIA_Soul_train.csv::Kia::Attack_free_KIA_Soul_train.csv::seg_test::516,-1,0,Kia,Attack_free_KIA_Soul_train.csv
37,strong_campaign,ben_12-w06,ben_12,Kia::Fuzzy_dataset_KIA_Soul_train.csv::Kia::Fuzzy_dataset_KIA_Soul_train.csv::full_trace::5746,-1,0,Kia,Fuzzy_dataset_KIA_Soul_train.csv
37,strong_campaign,ben_12-w07,ben_12,Hyundai::Attack_free_HY_Sonata_train.csv::Hyundai::Attack_free_HY_Sonata_train.csv::seg_test::355,-1,0,Hyundai,Attack_free_HY_Sonata_train.csv
37,strong_campaign,ben_12-w08,ben_12,Hyundai::Attack_free_HY_Sonata_train.csv::Hyundai::Attack_free_HY_Sonata_train.csv::seg_test::67,-1,0,Hyundai,Attack_free_HY_Sonata_train.csv
37,strong_campaign,ben_12-w09,ben_12,Kia::Fuzzy_dataset_KIA_Soul_train.csv::Kia::Fuzzy_dataset_KIA_Soul_train.csv::full_trace::7020,-1,0,Kia,Fuzzy_dataset_KIA_Soul_train.csv
37,strong_campaign,ben_13-w00,ben_13,Kia::Fuzzy_dataset_KIA_Soul_train.csv::Kia::Fuzzy_dataset_KIA_Soul_train.csv::full_trace::5829,-1,0,Kia,Fuzzy_dataset_KIA_Soul_train.csv
37,strong_campaign,ben_13-w01,ben_13,Hyundai::Attack_free_HY_Sonata_train.csv::Hyundai::Attack_free_HY_Sonata_train.csv::seg_test::62,-1,0,Hyundai,Attack_free_HY_Sonata_train.csv
37,strong_campaign,ben_13-w02,ben_13,Kia::Fuzzy_dataset_KIA_Soul_train.csv::Kia::Fuzzy_dataset_KIA_Soul_train.csv::full_trace::3350,-1,0,Kia,Fuzzy_dataset_KIA_Soul_train.csv
37,strong_campaign,ben_13-w03,ben_13,Kia::Attack_free_KIA_Soul_train.csv::Kia::Attack_free_KIA_Soul_train.csv::seg_test::699,-1,0,Kia,Attack_free_KIA_Soul_train.csv
37,strong_campaign,ben_13-w04,ben_13,Kia::Fuzzy_dataset_KIA_Soul_train.csv::Kia::Fuzzy_dataset_KIA_Soul_train.csv::full_trace::3549,-1,0,Kia,Fuzzy_dataset_KIA_Soul_train.csv
37,strong_campaign,ben_13-w05,ben_13,Hyundai::Fuzzy_HYUNDAI_Sonata_train.csv::Hyundai::Fuzzy_HYUNDAI_Sonata_train.csv::full_trace::683,-1,0,Hyundai,Fuzzy_HYUNDAI_Sonata_train.csv
37,strong_campaign,ben_13-w06,ben_13,Hyundai::Attack_free_HY_Sonata_train.csv::Hyundai::Attack_free_HY_Sonata_train.csv::seg_test::1240,-1,0,Hyundai,Attack_free_HY_Sonata_train.csv
37,strong_campaign,ben_13-w07,ben_13,Kia::Fuzzy_dataset_KIA_Soul_train.csv::Kia::Fuzzy_dataset_KIA_Soul_train.csv::full_trace::8781,-1,0,Kia,Fuzzy_dataset_KIA_Soul_train.csv
37,strong_campaign,ben_13-w08,ben_13,Hyundai::Attack_free_HY_Sonata_train.csv::Hyundai::Attack_free_HY_Sonata_train.csv::seg_test::604,-1,0,Hyundai,Attack_free_HY_Sonata_train.csv
37,strong_campaign,ben_13-w09,ben_13,Hyundai::Fuzzy_HYUNDAI_Sonata_train.csv::Hyundai::Fuzzy_HYUNDAI_Sonata_train.csv::full_trace::65,-1,0,Hyundai,Fuzzy_HYUNDAI_Sonata_train.csv
37,strong_campaign,ben_14-w00,ben_14,Hyundai::Fuzzy_HYUNDAI_Sonata_train.csv::Hyundai::Fuzzy_HYUNDAI_Sonata_train.csv::full_trace::170,-1,0,Hyundai,Fuzzy_HYUNDAI_Sonata_train.csv
37,strong_campaign,ben_14-w01,ben_14,Hyundai::Fuzzy_HYUNDAI_Sonata_train.csv::Hyundai::Fuzzy_HYUNDAI_Sonata_train.csv::full_trace::1671,-1,0,Hyundai,Fuzzy_HYUNDAI_Sonata_train.csv
37,strong_campaign,ben_14-w02,ben_14,Hyundai::Attack_free_HY_Sonata_train.csv::Hyundai::Attack_free_HY_Sonata_train.csv::seg_test::357,-1,0,Hyundai,Attack_free_HY_Sonata_train.csv
37,strong_campaign,ben_14-w03,ben_14,Kia::Attack_free_KIA_Soul_train.csv::Kia::Attack_free_KIA_Soul_train.csv::seg_test::1231,-1,0,Kia,Attack_free_KIA_Soul_train.csv
37,strong_campaign,ben_14-w04,ben_14,Kia::Fuzzy_dataset_KIA_Soul_train.csv::Kia::Fuzzy_dataset_KIA_Soul_train.csv::full_trace::6813,-1,0,Kia,Fuzzy_dataset_KIA_Soul_train.csv
37,strong_campaign,ben_14-w05,ben_14,Kia::Fuzzy_dataset_KIA_Soul_train.csv::Kia::Fuzzy_dataset_KIA_Soul_train.csv::full_trace::3451,-1,0,Kia,Fuzzy_dataset_KIA_Soul_train.csv
37,strong_campaign,ben_14-w06,ben_14,Kia::Fuzzy_dataset_KIA_Soul_train.csv::Kia::Fuzzy_dataset_KIA_Soul_train.csv::full_trace::3593,-1,0,Kia,Fuzzy_dataset_KIA_Soul_train.csv
37,strong_campaign,ben_14-w07,ben_14,Kia::Attack_free_KIA_Soul_train.csv::Kia::Attack_free_KIA_Soul_train.csv::seg_test::1088,-1,0,Kia,Attack_free_KIA_Soul_train.csv
37,strong_campaign,ben_14-w08,ben_14,Hyundai::Attack_free_HY_Sonata_train.csv::Hyundai::Attack_free_HY_Sonata_train.csv::seg_test::337,-1,0,Hyundai,Attack_free_HY_Sonata_train.csv
37,strong_campaign,ben_14-w09,ben_14,Kia::Fuzzy_dataset_KIA_Soul_train.csv::Kia::Fuzzy_dataset_KIA_Soul_train.csv::full_trace::221,-1,0,Kia,Fuzzy_dataset_KIA_Soul_train.csv
37,unrelated_incidents,ind_00-w00,ind_00,Kia::Fuzzy_dataset_KIA_Soul_train.csv::Kia::Fuzzy_dataset_KIA_Soul_train.csv::full_trace::6206,0,1,Kia,Fuzzy_dataset_KIA_Soul_train.csv
37,unrelated_incidents,ind_00-w01,ind_00,Kia::Fuzzy_dataset_KIA_Soul_train.csv::Kia::Fuzzy_dataset_KIA_Soul_train.csv::full_trace::1761,0,1,Kia,Fuzzy_dataset_KIA_Soul_train.csv
37,unrelated_incidents,ind_00-w02,ind_00,Kia::Fuzzy_dataset_KIA_Soul_train.csv::Kia::Fuzzy_dataset_KIA_Soul_train.csv::full_trace::5343,0,1,Kia,Fuzzy_dataset_KIA_Soul_train.csv
37,unrelated_incidents,ind_00-w03,ind_00,Kia::Fuzzy_dataset_KIA_Soul_train.csv::Kia::Fuzzy_dataset_KIA_Soul_train.csv::full_trace::5941,0,1,Kia,Fuzzy_dataset_KIA_Soul_train.csv
37,unrelated_incidents,ind_00-w04,ind_00,Kia::Fuzzy_dataset_KIA_Soul_train.csv::Kia::Fuzzy_dataset_KIA_Soul_train.csv::full_trace::700,0,1,Kia,Fuzzy_dataset_KIA_Soul_train.csv
37,unrelated_incidents,ind_00-w05,ind_00,Chevrolet::Flooding_CHEVROLET_Spark_train.csv::Chevrolet::Flooding_CHEVROLET_Spark_train.csv::seg_test::244,-1,0,Chevrolet,Flooding_CHEVROLET_Spark_train.csv
37,unrelated_incidents,ind_00-w06,ind_00,Kia::Attack_free_KIA_Soul_train.csv::Kia::Attack_free_KIA_Soul_train.csv::seg_test::1147,-1,0,Kia,Attack_free_KIA_Soul_train.csv
37,unrelated_incidents,ind_00-w07,ind_00,Chevrolet::Attack_free_CHEVROLET_Spark_train.csv::Chevrolet::Attack_free_CHEVROLET_Spark_train.csv::seg_test::173,-1,0,Chevrolet,Attack_free_CHEVROLET_Spark_train.csv
37,unrelated_incidents,ind_00-w08,ind_00,Kia::Attack_free_KIA_Soul_train.csv::Kia::Attack_free_KIA_Soul_train.csv::seg_test::83,-1,0,Kia,Attack_free_KIA_Soul_train.csv
37,unrelated_incidents,ind_00-w09,ind_00,Kia::Fuzzy_dataset_KIA_Soul_train.csv::Kia::Fuzzy_dataset_KIA_Soul_train.csv::full_trace::6911,-1,0,Kia,Fuzzy_dataset_KIA_Soul_train.csv
37,unrelated_incidents,ind_01-w00,ind_01,Chevrolet::Flooding_CHEVROLET_Spark_train.csv::Chevrolet::Flooding_CHEVROLET_Spark_train.csv::seg_test::21,1,1,Chevrolet,Flooding_CHEVROLET_Spark_train.csv
37,unrelated_incidents,ind_01-w01,ind_01,Chevrolet::Flooding_CHEVROLET_Spark_train.csv::Chevrolet::Flooding_CHEVROLET_Spark_train.csv::seg_test::165,1,1,Chevrolet,Flooding_CHEVROLET_Spark_train.csv
37,unrelated_incidents,ind_01-w02,ind_01,Chevrolet::Flooding_CHEVROLET_Spark_train.csv::Chevrolet::Flooding_CHEVROLET_Spark_train.csv::seg_test::108,1,1,Chevrolet,Flooding_CHEVROLET_Spark_train.csv
37,unrelated_incidents,ind_01-w03,ind_01,Chevrolet::Flooding_CHEVROLET_Spark_train.csv::Chevrolet::Flooding_CHEVROLET_Spark_train.csv::seg_test::138,1,1,Chevrolet,Flooding_CHEVROLET_Spark_train.csv
37,unrelated_incidents,ind_01-w04,ind_01,Chevrolet::Flooding_CHEVROLET_Spark_train.csv::Chevrolet::Flooding_CHEVROLET_Spark_train.csv::seg_test::166,1,1,Chevrolet,Flooding_CHEVROLET_Spark_train.csv
37,unrelated_incidents,ind_01-w05,ind_01,Hyundai::Fuzzy_HYUNDAI_Sonata_train.csv::Hyundai::Fuzzy_HYUNDAI_Sonata_train.csv::full_trace::271,-1,0,Hyundai,Fuzzy_HYUNDAI_Sonata_train.csv
37,unrelated_incidents,ind_01-w06,ind_01,Kia::Fuzzy_dataset_KIA_Soul_train.csv::Kia::Fuzzy_dataset_KIA_Soul_train.csv::full_trace::7826,-1,0,Kia,Fuzzy_dataset_KIA_Soul_train.csv
37,unrelated_incidents,ind_01-w07,ind_01,Hyundai::Attack_free_HY_Sonata_train.csv::Hyundai::Attack_free_HY_Sonata_train.csv::seg_test::1047,-1,0,Hyundai,Attack_free_HY_Sonata_train.csv
37,unrelated_incidents,ind_01-w08,ind_01,Kia::Fuzzy_dataset_KIA_Soul_train.csv::Kia::Fuzzy_dataset_KIA_Soul_train.csv::full_trace::4613,-1,0,Kia,Fuzzy_dataset_KIA_Soul_train.csv
37,unrelated_incidents,ind_01-w09,ind_01,Kia::Fuzzy_dataset_KIA_Soul_train.csv::Kia::Fuzzy_dataset_KIA_Soul_train.csv::full_trace::4690,-1,0,Kia,Fuzzy_dataset_KIA_Soul_train.csv
37,unrelated_incidents,ind_02-w00,ind_02,Kia::Fuzzy_dataset_KIA_Soul_train.csv::Kia::Fuzzy_dataset_KIA_Soul_train.csv::full_trace::1736,2,1,Kia,Fuzzy_dataset_KIA_Soul_train.csv
37,unrelated_incidents,ind_02-w01,ind_02,Kia::Fuzzy_dataset_KIA_Soul_train.csv::Kia::Fuzzy_dataset_KIA_Soul_train.csv::full_trace::2061,2,1,Kia,Fuzzy_dataset_KIA_Soul_train.csv
37,unrelated_incidents,ind_02-w02,ind_02,Hyundai::Fuzzy_HYUNDAI_Sonata_train.csv::Hyundai::Fuzzy_HYUNDAI_Sonata_train.csv::full_trace::1422,2,1,Hyundai,Fuzzy_HYUNDAI_Sonata_train.csv
37,unrelated_incidents,ind_02-w03,ind_02,Kia::Fuzzy_dataset_KIA_Soul_train.csv::Kia::Fuzzy_dataset_KIA_Soul_train.csv::full_trace::4789,2,1,Kia,Fuzzy_dataset_KIA_Soul_train.csv
37,unrelated_incidents,ind_02-w04,ind_02,Kia::Fuzzy_dataset_KIA_Soul_train.csv::Kia::Fuzzy_dataset_KIA_Soul_train.csv::full_trace::1392,2,1,Kia,Fuzzy_dataset_KIA_Soul_train.csv
37,unrelated_incidents,ind_02-w05,ind_02,Hyundai::Fuzzy_HYUNDAI_Sonata_train.csv::Hyundai::Fuzzy_HYUNDAI_Sonata_train.csv::full_trace::1583,-1,0,Hyundai,Fuzzy_HYUNDAI_Sonata_train.csv
37,unrelated_incidents,ind_02-w06,ind_02,Kia::Fuzzy_dataset_KIA_Soul_train.csv::Kia::Fuzzy_dataset_KIA_Soul_train.csv::full_trace::3253,-1,0,Kia,Fuzzy_dataset_KIA_Soul_train.csv
37,unrelated_incidents,ind_02-w07,ind_02,Kia::Fuzzy_dataset_KIA_Soul_train.csv::Kia::Fuzzy_dataset_KIA_Soul_train.csv::full_trace::5898,-1,0,Kia,Fuzzy_dataset_KIA_Soul_train.csv
37,unrelated_incidents,ind_02-w08,ind_02,Kia::Attack_free_KIA_Soul_train.csv::Kia::Attack_free_KIA_Soul_train.csv::seg_test::731,-1,0,Kia,Attack_free_KIA_Soul_train.csv
37,unrelated_incidents,ind_02-w09,ind_02,Chevrolet::Malfunction_CHEVROLET_Spark_train.csv::Chevrolet::Malfunction_CHEVROLET_Spark_train.csv::seg_test::90,-1,0,Chevrolet,Malfunction_CHEVROLET_Spark_train.csv
37,unrelated_incidents,ind_03-w00,ind_03,Chevrolet::Flooding_CHEVROLET_Spark_train.csv::Chevrolet::Flooding_CHEVROLET_Spark_train.csv::seg_test::46,3,1,Chevrolet,Flooding_CHEVROLET_Spark_train.csv
37,unrelated_incidents,ind_03-w01,ind_03,Chevrolet::Flooding_CHEVROLET_Spark_train.csv::Chevrolet::Flooding_CHEVROLET_Spark_train.csv::seg_test::163,3,1,Chevrolet,Flooding_CHEVROLET_Spark_train.csv
37,unrelated_incidents,ind_03-w02,ind_03,Chevrolet::Flooding_CHEVROLET_Spark_train.csv::Chevrolet::Flooding_CHEVROLET_Spark_train.csv::seg_test::3,3,1,Chevrolet,Flooding_CHEVROLET_Spark_train.csv
37,unrelated_incidents,ind_03-w03,ind_03,Chevrolet::Flooding_CHEVROLET_Spark_train.csv::Chevrolet::Flooding_CHEVROLET_Spark_train.csv::seg_test::58,3,1,Chevrolet,Flooding_CHEVROLET_Spark_train.csv
37,unrelated_incidents,ind_03-w04,ind_03,Chevrolet::Flooding_CHEVROLET_Spark_train.csv::Chevrolet::Flooding_CHEVROLET_Spark_train.csv::seg_test::72,3,1,Chevrolet,Flooding_CHEVROLET_Spark_train.csv
37,unrelated_incidents,ind_03-w05,ind_03,Kia::Attack_free_KIA_Soul_train.csv::Kia::Attack_free_KIA_Soul_train.csv::seg_test::1259,-1,0,Kia,Attack_free_KIA_Soul_train.csv
37,unrelated_incidents,ind_03-w06,ind_03,Hyundai::Attack_free_HY_Sonata_train.csv::Hyundai::Attack_free_HY_Sonata_train.csv::seg_test::215,-1,0,Hyundai,Attack_free_HY_Sonata_train.csv
37,unrelated_incidents,ind_03-w07,ind_03,Kia::Attack_free_KIA_Soul_train.csv::Kia::Attack_free_KIA_Soul_train.csv::seg_test::607,-1,0,Kia,Attack_free_KIA_Soul_train.csv
37,unrelated_incidents,ind_03-w08,ind_03,Kia::Fuzzy_dataset_KIA_Soul_train.csv::Kia::Fuzzy_dataset_KIA_Soul_train.csv::full_trace::7842,-1,0,Kia,Fuzzy_dataset_KIA_Soul_train.csv
37,unrelated_incidents,ind_03-w09,ind_03,Kia::Fuzzy_dataset_KIA_Soul_train.csv::Kia::Fuzzy_dataset_KIA_Soul_train.csv::full_trace::6827,-1,0,Kia,Fuzzy_dataset_KIA_Soul_train.csv
37,unrelated_incidents,ind_04-w00,ind_04,Kia::Fuzzy_dataset_KIA_Soul_train.csv::Kia::Fuzzy_dataset_KIA_Soul_train.csv::full_trace::6603,4,1,Kia,Fuzzy_dataset_KIA_Soul_train.csv
37,unrelated_incidents,ind_04-w01,ind_04,Kia::Fuzzy_dataset_KIA_Soul_train.csv::Kia::Fuzzy_dataset_KIA_Soul_train.csv::full_trace::8250,4,1,Kia,Fuzzy_dataset_KIA_Soul_train.csv
37,unrelated_incidents,ind_04-w02,ind_04,Kia::Fuzzy_dataset_KIA_Soul_train.csv::Kia::Fuzzy_dataset_KIA_Soul_train.csv::full_trace::7489,4,1,Kia,Fuzzy_dataset_KIA_Soul_train.csv
37,unrelated_incidents,ind_04-w03,ind_04,Kia::Fuzzy_dataset_KIA_Soul_train.csv::Kia::Fuzzy_dataset_KIA_Soul_train.csv::full_trace::4924,4,1,Kia,Fuzzy_dataset_KIA_Soul_train.csv
37,unrelated_incidents,ind_04-w04,ind_04,Kia::Fuzzy_dataset_KIA_Soul_train.csv::Kia::Fuzzy_dataset_KIA_Soul_train.csv::full_trace::3826,4,1,Kia,Fuzzy_dataset_KIA_Soul_train.csv
37,unrelated_incidents,ind_04-w05,ind_04,Kia::Fuzzy_dataset_KIA_Soul_train.csv::Kia::Fuzzy_dataset_KIA_Soul_train.csv::full_trace::5819,-1,0,Kia,Fuzzy_dataset_KIA_Soul_train.csv
37,unrelated_incidents,ind_04-w06,ind_04,Chevrolet::Attack_free_CHEVROLET_Spark_train.csv::Chevrolet::Attack_free_CHEVROLET_Spark_train.csv::seg_test::62,-1,0,Chevrolet,Attack_free_CHEVROLET_Spark_train.csv
37,unrelated_incidents,ind_04-w07,ind_04,Kia::Attack_free_KIA_Soul_train.csv::Kia::Attack_free_KIA_Soul_train.csv::seg_test::822,-1,0,Kia,Attack_free_KIA_Soul_train.csv
37,unrelated_incidents,ind_04-w08,ind_04,Kia::Fuzzy_dataset_KIA_Soul_train.csv::Kia::Fuzzy_dataset_KIA_Soul_train.csv::full_trace::7977,-1,0,Kia,Fuzzy_dataset_KIA_Soul_train.csv
37,unrelated_incidents,ind_04-w09,ind_04,Kia::Fuzzy_dataset_KIA_Soul_train.csv::Kia::Fuzzy_dataset_KIA_Soul_train.csv::full_trace::5605,-1,0,Kia,Fuzzy_dataset_KIA_Soul_train.csv
37,unrelated_incidents,ben_00-w00,ben_00,Kia::Fuzzy_dataset_KIA_Soul_train.csv::Kia::Fuzzy_dataset_KIA_Soul_train.csv::full_trace::6935,-1,0,Kia,Fuzzy_dataset_KIA_Soul_train.csv
37,unrelated_incidents,ben_00-w01,ben_00,Kia::Fuzzy_dataset_KIA_Soul_train.csv::Kia::Fuzzy_dataset_KIA_Soul_train.csv::full_trace::6775,-1,0,Kia,Fuzzy_dataset_KIA_Soul_train.csv
37,unrelated_incidents,ben_00-w02,ben_00,Kia::Fuzzy_dataset_KIA_Soul_train.csv::Kia::Fuzzy_dataset_KIA_Soul_train.csv::full_trace::3415,-1,0,Kia,Fuzzy_dataset_KIA_Soul_train.csv
37,unrelated_incidents,ben_00-w03,ben_00,Hyundai::Attack_free_HY_Sonata_train.csv::Hyundai::Attack_free_HY_Sonata_train.csv::seg_test::1243,-1,0,Hyundai,Attack_free_HY_Sonata_train.csv
37,unrelated_incidents,ben_00-w04,ben_00,Chevrolet::Attack_free_CHEVROLET_Spark_train.csv::Chevrolet::Attack_free_CHEVROLET_Spark_train.csv::seg_test::325,-1,0,Chevrolet,Attack_free_CHEVROLET_Spark_train.csv
37,unrelated_incidents,ben_00-w05,ben_00,Kia::Attack_free_KIA_Soul_train.csv::Kia::Attack_free_KIA_Soul_train.csv::seg_test::386,-1,0,Kia,Attack_free_KIA_Soul_train.csv
37,unrelated_incidents,ben_00-w06,ben_00,Hyundai::Fuzzy_HYUNDAI_Sonata_train.csv::Hyundai::Fuzzy_HYUNDAI_Sonata_train.csv::full_trace::1752,-1,0,Hyundai,Fuzzy_HYUNDAI_Sonata_train.csv
37,unrelated_incidents,ben_00-w07,ben_00,Kia::Fuzzy_dataset_KIA_Soul_train.csv::Kia::Fuzzy_dataset_KIA_Soul_train.csv::full_trace::8879,-1,0,Kia,Fuzzy_dataset_KIA_Soul_train.csv
37,unrelated_incidents,ben_00-w08,ben_00,Kia::Attack_free_KIA_Soul_train.csv::Kia::Attack_free_KIA_Soul_train.csv::seg_test::957,-1,0,Kia,Attack_free_KIA_Soul_train.csv
37,unrelated_incidents,ben_00-w09,ben_00,Kia::Fuzzy_dataset_KIA_Soul_train.csv::Kia::Fuzzy_dataset_KIA_Soul_train.csv::full_trace::1268,-1,0,Kia,Fuzzy_dataset_KIA_Soul_train.csv
37,unrelated_incidents,ben_01-w00,ben_01,Kia::Fuzzy_dataset_KIA_Soul_train.csv::Kia::Fuzzy_dataset_KIA_Soul_train.csv::full_trace::5591,-1,0,Kia,Fuzzy_dataset_KIA_Soul_train.csv
37,unrelated_incidents,ben_01-w01,ben_01,Kia::Fuzzy_dataset_KIA_Soul_train.csv::Kia::Fuzzy_dataset_KIA_Soul_train.csv::full_trace::4748,-1,0,Kia,Fuzzy_dataset_KIA_Soul_train.csv
37,unrelated_incidents,ben_01-w02,ben_01,Kia::Attack_free_KIA_Soul_train.csv::Kia::Attack_free_KIA_Soul_train.csv::seg_test::768,-1,0,Kia,Attack_free_KIA_Soul_train.csv
37,unrelated_incidents,ben_01-w03,ben_01,Hyundai::Attack_free_HY_Sonata_train.csv::Hyundai::Attack_free_HY_Sonata_train.csv::seg_test::900,-1,0,Hyundai,Attack_free_HY_Sonata_train.csv
37,unrelated_incidents,ben_01-w04,ben_01,Kia::Fuzzy_dataset_KIA_Soul_train.csv::Kia::Fuzzy_dataset_KIA_Soul_train.csv::full_trace::5689,-1,0,Kia,Fuzzy_dataset_KIA_Soul_train.csv
37,unrelated_incidents,ben_01-w05,ben_01,Kia::Fuzzy_dataset_KIA_Soul_train.csv::Kia::Fuzzy_dataset_KIA_Soul_train.csv::full_trace::46,-1,0,Kia,Fuzzy_dataset_KIA_Soul_train.csv
37,unrelated_incidents,ben_01-w06,ben_01,Hyundai::Fuzzy_HYUNDAI_Sonata_train.csv::Hyundai::Fuzzy_HYUNDAI_Sonata_train.csv::full_trace::390,-1,0,Hyundai,Fuzzy_HYUNDAI_Sonata_train.csv
37,unrelated_incidents,ben_01-w07,ben_01,Kia::Fuzzy_dataset_KIA_Soul_train.csv::Kia::Fuzzy_dataset_KIA_Soul_train.csv::full_trace::8935,-1,0,Kia,Fuzzy_dataset_KIA_Soul_train.csv
37,unrelated_incidents,ben_01-w08,ben_01,Kia::Attack_free_KIA_Soul_train.csv::Kia::Attack_free_KIA_Soul_train.csv::seg_test::432,-1,0,Kia,Attack_free_KIA_Soul_train.csv
37,unrelated_incidents,ben_01-w09,ben_01,Hyundai::Attack_free_HY_Sonata_train.csv::Hyundai::Attack_free_HY_Sonata_train.csv::seg_test::95,-1,0,Hyundai,Attack_free_HY_Sonata_train.csv
37,unrelated_incidents,ben_02-w00,ben_02,Hyundai::Attack_free_HY_Sonata_train.csv::Hyundai::Attack_free_HY_Sonata_train.csv::seg_test::402,-1,0,Hyundai,Attack_free_HY_Sonata_train.csv
37,unrelated_incidents,ben_02-w01,ben_02,Kia::Fuzzy_dataset_KIA_Soul_train.csv::Kia::Fuzzy_dataset_KIA_Soul_train.csv::full_trace::1145,-1,0,Kia,Fuzzy_dataset_KIA_Soul_train.csv
37,unrelated_incidents,ben_02-w02,ben_02,Kia::Fuzzy_dataset_KIA_Soul_train.csv::Kia::Fuzzy_dataset_KIA_Soul_train.csv::full_trace::6970,-1,0,Kia,Fuzzy_dataset_KIA_Soul_train.csv
37,unrelated_incidents,ben_02-w03,ben_02,Hyundai::Fuzzy_HYUNDAI_Sonata_train.csv::Hyundai::Fuzzy_HYUNDAI_Sonata_train.csv::full_trace::1176,-1,0,Hyundai,Fuzzy_HYUNDAI_Sonata_train.csv
37,unrelated_incidents,ben_02-w04,ben_02,Kia::Fuzzy_dataset_KIA_Soul_train.csv::Kia::Fuzzy_dataset_KIA_Soul_train.csv::full_trace::2470,-1,0,Kia,Fuzzy_dataset_KIA_Soul_train.csv
37,unrelated_incidents,ben_02-w05,ben_02,Hyundai::Fuzzy_HYUNDAI_Sonata_train.csv::Hyundai::Fuzzy_HYUNDAI_Sonata_train.csv::full_trace::1261,-1,0,Hyundai,Fuzzy_HYUNDAI_Sonata_train.csv
37,unrelated_incidents,ben_02-w06,ben_02,Kia::Fuzzy_dataset_KIA_Soul_train.csv::Kia::Fuzzy_dataset_KIA_Soul_train.csv::full_trace::1189,-1,0,Kia,Fuzzy_dataset_KIA_Soul_train.csv
37,unrelated_incidents,ben_02-w07,ben_02,Kia::Fuzzy_dataset_KIA_Soul_train.csv::Kia::Fuzzy_dataset_KIA_Soul_train.csv::full_trace::1061,-1,0,Kia,Fuzzy_dataset_KIA_Soul_train.csv
37,unrelated_incidents,ben_02-w08,ben_02,Kia::Fuzzy_dataset_KIA_Soul_train.csv::Kia::Fuzzy_dataset_KIA_Soul_train.csv::full_trace::8188,-1,0,Kia,Fuzzy_dataset_KIA_Soul_train.csv
37,unrelated_incidents,ben_02-w09,ben_02,Hyundai::Fuzzy_HYUNDAI_Sonata_train.csv::Hyundai::Fuzzy_HYUNDAI_Sonata_train.csv::full_trace::282,-1,0,Hyundai,Fuzzy_HYUNDAI_Sonata_train.csv
37,unrelated_incidents,ben_03-w00,ben_03,Kia::Attack_free_KIA_Soul_train.csv::Kia::Attack_free_KIA_Soul_train.csv::seg_test::875,-1,0,Kia,Attack_free_KIA_Soul_train.csv
37,unrelated_incidents,ben_03-w01,ben_03,Kia::Attack_free_KIA_Soul_train.csv::Kia::Attack_free_KIA_Soul_train.csv::seg_test::1138,-1,0,Kia,Attack_free_KIA_Soul_train.csv
37,unrelated_incidents,ben_03-w02,ben_03,Kia::Fuzzy_dataset_KIA_Soul_train.csv::Kia::Fuzzy_dataset_KIA_Soul_train.csv::full_trace::7032,-1,0,Kia,Fuzzy_dataset_KIA_Soul_train.csv
37,unrelated_incidents,ben_03-w03,ben_03,Kia::Fuzzy_dataset_KIA_Soul_train.csv::Kia::Fuzzy_dataset_KIA_Soul_train.csv::full_trace::6964,-1,0,Kia,Fuzzy_dataset_KIA_Soul_train.csv
37,unrelated_incidents,ben_03-w04,ben_03,Kia::Attack_free_KIA_Soul_train.csv::Kia::Attack_free_KIA_Soul_train.csv::seg_test::756,-1,0,Kia,Attack_free_KIA_Soul_train.csv
37,unrelated_incidents,ben_03-w05,ben_03,Hyundai::Fuzzy_HYUNDAI_Sonata_train.csv::Hyundai::Fuzzy_HYUNDAI_Sonata_train.csv::full_trace::748,-1,0,Hyundai,Fuzzy_HYUNDAI_Sonata_train.csv
37,unrelated_incidents,ben_03-w06,ben_03,Kia::Fuzzy_dataset_KIA_Soul_train.csv::Kia::Fuzzy_dataset_KIA_Soul_train.csv::full_trace::2132,-1,0,Kia,Fuzzy_dataset_KIA_Soul_train.csv
37,unrelated_incidents,ben_03-w07,ben_03,Hyundai::Fuzzy_HYUNDAI_Sonata_train.csv::Hyundai::Fuzzy_HYUNDAI_Sonata_train.csv::full_trace::1266,-1,0,Hyundai,Fuzzy_HYUNDAI_Sonata_train.csv
37,unrelated_incidents,ben_03-w08,ben_03,Kia::Attack_free_KIA_Soul_train.csv::Kia::Attack_free_KIA_Soul_train.csv::seg_test::1359,-1,0,Kia,Attack_free_KIA_Soul_train.csv
37,unrelated_incidents,ben_03-w09,ben_03,Kia::Attack_free_KIA_Soul_train.csv::Kia::Attack_free_KIA_Soul_train.csv::seg_test::1092,-1,0,Kia,Attack_free_KIA_Soul_train.csv
37,unrelated_incidents,ben_04-w00,ben_04,Kia::Fuzzy_dataset_KIA_Soul_train.csv::Kia::Fuzzy_dataset_KIA_Soul_train.csv::full_trace::3238,-1,0,Kia,Fuzzy_dataset_KIA_Soul_train.csv
37,unrelated_incidents,ben_04-w01,ben_04,Kia::Attack_free_KIA_Soul_train.csv::Kia::Attack_free_KIA_Soul_train.csv::seg_test::983,-1,0,Kia,Attack_free_KIA_Soul_train.csv
37,unrelated_incidents,ben_04-w02,ben_04,Kia::Fuzzy_dataset_KIA_Soul_train.csv::Kia::Fuzzy_dataset_KIA_Soul_train.csv::full_trace::3477,-1,0,Kia,Fuzzy_dataset_KIA_Soul_train.csv
37,unrelated_incidents,ben_04-w03,ben_04,Kia::Attack_free_KIA_Soul_train.csv::Kia::Attack_free_KIA_Soul_train.csv::seg_test::374,-1,0,Kia,Attack_free_KIA_Soul_train.csv
37,unrelated_incidents,ben_04-w04,ben_04,Hyundai::Attack_free_HY_Sonata_train.csv::Hyundai::Attack_free_HY_Sonata_train.csv::seg_test::166,-1,0,Hyundai,Attack_free_HY_Sonata_train.csv
37,unrelated_incidents,ben_04-w05,ben_04,Kia::Fuzzy_dataset_KIA_Soul_train.csv::Kia::Fuzzy_dataset_KIA_Soul_train.csv::full_trace::8103,-1,0,Kia,Fuzzy_dataset_KIA_Soul_train.csv
37,unrelated_incidents,ben_04-w06,ben_04,Kia::Fuzzy_dataset_KIA_Soul_train.csv::Kia::Fuzzy_dataset_KIA_Soul_train.csv::full_trace::7930,-1,0,Kia,Fuzzy_dataset_KIA_Soul_train.csv
37,unrelated_incidents,ben_04-w07,ben_04,Kia::Fuzzy_dataset_KIA_Soul_train.csv::Kia::Fuzzy_dataset_KIA_Soul_train.csv::full_trace::2255,-1,0,Kia,Fuzzy_dataset_KIA_Soul_train.csv
37,unrelated_incidents,ben_04-w08,ben_04,Hyundai::Attack_free_HY_Sonata_train.csv::Hyundai::Attack_free_HY_Sonata_train.csv::seg_test::1124,-1,0,Hyundai,Attack_free_HY_Sonata_train.csv
37,unrelated_incidents,ben_04-w09,ben_04,Kia::Attack_free_KIA_Soul_train.csv::Kia::Attack_free_KIA_Soul_train.csv::seg_test::1386,-1,0,Kia,Attack_free_KIA_Soul_train.csv
37,unrelated_incidents,ben_05-w00,ben_05,Hyundai::Attack_free_HY_Sonata_train.csv::Hyundai::Attack_free_HY_Sonata_train.csv::seg_test::454,-1,0,Hyundai,Attack_free_HY_Sonata_train.csv
37,unrelated_incidents,ben_05-w01,ben_05,Hyundai::Fuzzy_HYUNDAI_Sonata_train.csv::Hyundai::Fuzzy_HYUNDAI_Sonata_train.csv::full_trace::1133,-1,0,Hyundai,Fuzzy_HYUNDAI_Sonata_train.csv
37,unrelated_incidents,ben_05-w02,ben_05,Chevrolet::Attack_free_CHEVROLET_Spark_train.csv::Chevrolet::Attack_free_CHEVROLET_Spark_train.csv::seg_test::248,-1,0,Chevrolet,Attack_free_CHEVROLET_Spark_train.csv
37,unrelated_incidents,ben_05-w03,ben_05,Kia::Attack_free_KIA_Soul_train.csv::Kia::Attack_free_KIA_Soul_train.csv::seg_test::344,-1,0,Kia,Attack_free_KIA_Soul_train.csv
37,unrelated_incidents,ben_05-w04,ben_05,Kia::Fuzzy_dataset_KIA_Soul_train.csv::Kia::Fuzzy_dataset_KIA_Soul_train.csv::full_trace::4660,-1,0,Kia,Fuzzy_dataset_KIA_Soul_train.csv
37,unrelated_incidents,ben_05-w05,ben_05,Chevrolet::Malfunction_CHEVROLET_Spark_train.csv::Chevrolet::Malfunction_CHEVROLET_Spark_train.csv::seg_test::12,-1,0,Chevrolet,Malfunction_CHEVROLET_Spark_train.csv
37,unrelated_incidents,ben_05-w06,ben_05,Kia::Attack_free_KIA_Soul_train.csv::Kia::Attack_free_KIA_Soul_train.csv::seg_test::1287,-1,0,Kia,Attack_free_KIA_Soul_train.csv
37,unrelated_incidents,ben_05-w07,ben_05,Kia::Fuzzy_dataset_KIA_Soul_train.csv::Kia::Fuzzy_dataset_KIA_Soul_train.csv::full_trace::2280,-1,0,Kia,Fuzzy_dataset_KIA_Soul_train.csv
37,unrelated_incidents,ben_05-w08,ben_05,Hyundai::Fuzzy_HYUNDAI_Sonata_train.csv::Hyundai::Fuzzy_HYUNDAI_Sonata_train.csv::full_trace::1108,-1,0,Hyundai,Fuzzy_HYUNDAI_Sonata_train.csv
37,unrelated_incidents,ben_05-w09,ben_05,Kia::Fuzzy_dataset_KIA_Soul_train.csv::Kia::Fuzzy_dataset_KIA_Soul_train.csv::full_trace::4389,-1,0,Kia,Fuzzy_dataset_KIA_Soul_train.csv
37,unrelated_incidents,ben_06-w00,ben_06,Hyundai::Fuzzy_HYUNDAI_Sonata_train.csv::Hyundai::Fuzzy_HYUNDAI_Sonata_train.csv::full_trace::1712,-1,0,Hyundai,Fuzzy_HYUNDAI_Sonata_train.csv
37,unrelated_incidents,ben_06-w01,ben_06,Hyundai::Fuzzy_HYUNDAI_Sonata_train.csv::Hyundai::Fuzzy_HYUNDAI_Sonata_train.csv::full_trace::287,-1,0,Hyundai,Fuzzy_HYUNDAI_Sonata_train.csv
37,unrelated_incidents,ben_06-w02,ben_06,Hyundai::Attack_free_HY_Sonata_train.csv::Hyundai::Attack_free_HY_Sonata_train.csv::seg_test::1205,-1,0,Hyundai,Attack_free_HY_Sonata_train.csv
37,unrelated_incidents,ben_06-w03,ben_06,Kia::Fuzzy_dataset_KIA_Soul_train.csv::Kia::Fuzzy_dataset_KIA_Soul_train.csv::full_trace::2418,-1,0,Kia,Fuzzy_dataset_KIA_Soul_train.csv
37,unrelated_incidents,ben_06-w04,ben_06,Kia::Attack_free_KIA_Soul_train.csv::Kia::Attack_free_KIA_Soul_train.csv::seg_test::608,-1,0,Kia,Attack_free_KIA_Soul_train.csv
37,unrelated_incidents,ben_06-w05,ben_06,Kia::Fuzzy_dataset_KIA_Soul_train.csv::Kia::Fuzzy_dataset_KIA_Soul_train.csv::full_trace::4515,-1,0,Kia,Fuzzy_dataset_KIA_Soul_train.csv
37,unrelated_incidents,ben_06-w06,ben_06,Kia::Fuzzy_dataset_KIA_Soul_train.csv::Kia::Fuzzy_dataset_KIA_Soul_train.csv::full_trace::1030,-1,0,Kia,Fuzzy_dataset_KIA_Soul_train.csv
37,unrelated_incidents,ben_06-w07,ben_06,Hyundai::Attack_free_HY_Sonata_train.csv::Hyundai::Attack_free_HY_Sonata_train.csv::seg_test::477,-1,0,Hyundai,Attack_free_HY_Sonata_train.csv
37,unrelated_incidents,ben_06-w08,ben_06,Kia::Fuzzy_dataset_KIA_Soul_train.csv::Kia::Fuzzy_dataset_KIA_Soul_train.csv::full_trace::7030,-1,0,Kia,Fuzzy_dataset_KIA_Soul_train.csv
37,unrelated_incidents,ben_06-w09,ben_06,Kia::Attack_free_KIA_Soul_train.csv::Kia::Attack_free_KIA_Soul_train.csv::seg_test::1208,-1,0,Kia,Attack_free_KIA_Soul_train.csv
37,unrelated_incidents,ben_07-w00,ben_07,Hyundai::Attack_free_HY_Sonata_train.csv::Hyundai::Attack_free_HY_Sonata_train.csv::seg_test::785,-1,0,Hyundai,Attack_free_HY_Sonata_train.csv
37,unrelated_incidents,ben_07-w01,ben_07,Hyundai::Fuzzy_HYUNDAI_Sonata_train.csv::Hyundai::Fuzzy_HYUNDAI_Sonata_train.csv::full_trace::711,-1,0,Hyundai,Fuzzy_HYUNDAI_Sonata_train.csv
37,unrelated_incidents,ben_07-w02,ben_07,Kia::Attack_free_KIA_Soul_train.csv::Kia::Attack_free_KIA_Soul_train.csv::seg_test::356,-1,0,Kia,Attack_free_KIA_Soul_train.csv
37,unrelated_incidents,ben_07-w03,ben_07,Hyundai::Fuzzy_HYUNDAI_Sonata_train.csv::Hyundai::Fuzzy_HYUNDAI_Sonata_train.csv::full_trace::425,-1,0,Hyundai,Fuzzy_HYUNDAI_Sonata_train.csv
37,unrelated_incidents,ben_07-w04,ben_07,Chevrolet::Flooding_CHEVROLET_Spark_train.csv::Chevrolet::Flooding_CHEVROLET_Spark_train.csv::seg_test::241,-1,0,Chevrolet,Flooding_CHEVROLET_Spark_train.csv
37,unrelated_incidents,ben_07-w05,ben_07,Chevrolet::Flooding_CHEVROLET_Spark_train.csv::Chevrolet::Flooding_CHEVROLET_Spark_train.csv::seg_test::224,-1,0,Chevrolet,Flooding_CHEVROLET_Spark_train.csv
37,unrelated_incidents,ben_07-w06,ben_07,Kia::Fuzzy_dataset_KIA_Soul_train.csv::Kia::Fuzzy_dataset_KIA_Soul_train.csv::full_trace::6833,-1,0,Kia,Fuzzy_dataset_KIA_Soul_train.csv
37,unrelated_incidents,ben_07-w07,ben_07,Chevrolet::Malfunction_CHEVROLET_Spark_train.csv::Chevrolet::Malfunction_CHEVROLET_Spark_train.csv::seg_test::123,-1,0,Chevrolet,Malfunction_CHEVROLET_Spark_train.csv
37,unrelated_incidents,ben_07-w08,ben_07,Kia::Fuzzy_dataset_KIA_Soul_train.csv::Kia::Fuzzy_dataset_KIA_Soul_train.csv::full_trace::8938,-1,0,Kia,Fuzzy_dataset_KIA_Soul_train.csv
37,unrelated_incidents,ben_07-w09,ben_07,Kia::Fuzzy_dataset_KIA_Soul_train.csv::Kia::Fuzzy_dataset_KIA_Soul_train.csv::full_trace::8052,-1,0,Kia,Fuzzy_dataset_KIA_Soul_train.csv
37,unrelated_incidents,ben_08-w00,ben_08,Kia::Fuzzy_dataset_KIA_Soul_train.csv::Kia::Fuzzy_dataset_KIA_Soul_train.csv::full_trace::3274,-1,0,Kia,Fuzzy_dataset_KIA_Soul_train.csv
37,unrelated_incidents,ben_08-w01,ben_08,Hyundai::Attack_free_HY_Sonata_train.csv::Hyundai::Attack_free_HY_Sonata_train.csv::seg_test::1264,-1,0,Hyundai,Attack_free_HY_Sonata_train.csv
37,unrelated_incidents,ben_08-w02,ben_08,Kia::Fuzzy_dataset_KIA_Soul_train.csv::Kia::Fuzzy_dataset_KIA_Soul_train.csv::full_trace::3245,-1,0,Kia,Fuzzy_dataset_KIA_Soul_train.csv
37,unrelated_incidents,ben_08-w03,ben_08,Hyundai::Fuzzy_HYUNDAI_Sonata_train.csv::Hyundai::Fuzzy_HYUNDAI_Sonata_train.csv::full_trace::84,-1,0,Hyundai,Fuzzy_HYUNDAI_Sonata_train.csv
37,unrelated_incidents,ben_08-w04,ben_08,Hyundai::Attack_free_HY_Sonata_train.csv::Hyundai::Attack_free_HY_Sonata_train.csv::seg_test::139,-1,0,Hyundai,Attack_free_HY_Sonata_train.csv
37,unrelated_incidents,ben_08-w05,ben_08,Kia::Attack_free_KIA_Soul_train.csv::Kia::Attack_free_KIA_Soul_train.csv::seg_test::1405,-1,0,Kia,Attack_free_KIA_Soul_train.csv
37,unrelated_incidents,ben_08-w06,ben_08,Kia::Fuzzy_dataset_KIA_Soul_train.csv::Kia::Fuzzy_dataset_KIA_Soul_train.csv::full_trace::7849,-1,0,Kia,Fuzzy_dataset_KIA_Soul_train.csv
37,unrelated_incidents,ben_08-w07,ben_08,Kia::Fuzzy_dataset_KIA_Soul_train.csv::Kia::Fuzzy_dataset_KIA_Soul_train.csv::full_trace::6670,-1,0,Kia,Fuzzy_dataset_KIA_Soul_train.csv
37,unrelated_incidents,ben_08-w08,ben_08,Hyundai::Fuzzy_HYUNDAI_Sonata_train.csv::Hyundai::Fuzzy_HYUNDAI_Sonata_train.csv::full_trace::345,-1,0,Hyundai,Fuzzy_HYUNDAI_Sonata_train.csv
37,unrelated_incidents,ben_08-w09,ben_08,Kia::Fuzzy_dataset_KIA_Soul_train.csv::Kia::Fuzzy_dataset_KIA_Soul_train.csv::full_trace::8808,-1,0,Kia,Fuzzy_dataset_KIA_Soul_train.csv
37,unrelated_incidents,ben_09-w00,ben_09,Chevrolet::Attack_free_CHEVROLET_Spark_train.csv::Chevrolet::Attack_free_CHEVROLET_Spark_train.csv::seg_test::302,-1,0,Chevrolet,Attack_free_CHEVROLET_Spark_train.csv
37,unrelated_incidents,ben_09-w01,ben_09,Kia::Attack_free_KIA_Soul_train.csv::Kia::Attack_free_KIA_Soul_train.csv::seg_test::1104,-1,0,Kia,Attack_free_KIA_Soul_train.csv
37,unrelated_incidents,ben_09-w02,ben_09,Kia::Fuzzy_dataset_KIA_Soul_train.csv::Kia::Fuzzy_dataset_KIA_Soul_train.csv::full_trace::4733,-1,0,Kia,Fuzzy_dataset_KIA_Soul_train.csv
37,unrelated_incidents,ben_09-w03,ben_09,Kia::Attack_free_KIA_Soul_train.csv::Kia::Attack_free_KIA_Soul_train.csv::seg_test::214,-1,0,Kia,Attack_free_KIA_Soul_train.csv
37,unrelated_incidents,ben_09-w04,ben_09,Kia::Attack_free_KIA_Soul_train.csv::Kia::Attack_free_KIA_Soul_train.csv::seg_test::1008,-1,0,Kia,Attack_free_KIA_Soul_train.csv
37,unrelated_incidents,ben_09-w05,ben_09,Chevrolet::Attack_free_CHEVROLET_Spark_train.csv::Chevrolet::Attack_free_CHEVROLET_Spark_train.csv::seg_test::218,-1,0,Chevrolet,Attack_free_CHEVROLET_Spark_train.csv
37,unrelated_incidents,ben_09-w06,ben_09,Kia::Attack_free_KIA_Soul_train.csv::Kia::Attack_free_KIA_Soul_train.csv::seg_test::1033,-1,0,Kia,Attack_free_KIA_Soul_train.csv
37,unrelated_incidents,ben_09-w07,ben_09,Kia::Attack_free_KIA_Soul_train.csv::Kia::Attack_free_KIA_Soul_train.csv::seg_test::17,-1,0,Kia,Attack_free_KIA_Soul_train.csv
37,unrelated_incidents,ben_09-w08,ben_09,Kia::Attack_free_KIA_Soul_train.csv::Kia::Attack_free_KIA_Soul_train.csv::seg_test::1049,-1,0,Kia,Attack_free_KIA_Soul_train.csv
37,unrelated_incidents,ben_09-w09,ben_09,Kia::Attack_free_KIA_Soul_train.csv::Kia::Attack_free_KIA_Soul_train.csv::seg_test::917,-1,0,Kia,Attack_free_KIA_Soul_train.csv
37,unrelated_incidents,ben_10-w00,ben_10,Hyundai::Attack_free_HY_Sonata_train.csv::Hyundai::Attack_free_HY_Sonata_train.csv::seg_test::365,-1,0,Hyundai,Attack_free_HY_Sonata_train.csv
37,unrelated_incidents,ben_10-w01,ben_10,Kia::Fuzzy_dataset_KIA_Soul_train.csv::Kia::Fuzzy_dataset_KIA_Soul_train.csv::full_trace::8040,-1,0,Kia,Fuzzy_dataset_KIA_Soul_train.csv
37,unrelated_incidents,ben_10-w02,ben_10,Kia::Fuzzy_dataset_KIA_Soul_train.csv::Kia::Fuzzy_dataset_KIA_Soul_train.csv::full_trace::8976,-1,0,Kia,Fuzzy_dataset_KIA_Soul_train.csv
37,unrelated_incidents,ben_10-w03,ben_10,Hyundai::Attack_free_HY_Sonata_train.csv::Hyundai::Attack_free_HY_Sonata_train.csv::seg_test::985,-1,0,Hyundai,Attack_free_HY_Sonata_train.csv
37,unrelated_incidents,ben_10-w04,ben_10,Kia::Fuzzy_dataset_KIA_Soul_train.csv::Kia::Fuzzy_dataset_KIA_Soul_train.csv::full_trace::4605,-1,0,Kia,Fuzzy_dataset_KIA_Soul_train.csv
37,unrelated_incidents,ben_10-w05,ben_10,Kia::Attack_free_KIA_Soul_train.csv::Kia::Attack_free_KIA_Soul_train.csv::seg_test::303,-1,0,Kia,Attack_free_KIA_Soul_train.csv
37,unrelated_incidents,ben_10-w06,ben_10,Hyundai::Fuzzy_HYUNDAI_Sonata_train.csv::Hyundai::Fuzzy_HYUNDAI_Sonata_train.csv::full_trace::618,-1,0,Hyundai,Fuzzy_HYUNDAI_Sonata_train.csv
37,unrelated_incidents,ben_10-w07,ben_10,Hyundai::Fuzzy_HYUNDAI_Sonata_train.csv::Hyundai::Fuzzy_HYUNDAI_Sonata_train.csv::full_trace::532,-1,0,Hyundai,Fuzzy_HYUNDAI_Sonata_train.csv
37,unrelated_incidents,ben_10-w08,ben_10,Kia::Fuzzy_dataset_KIA_Soul_train.csv::Kia::Fuzzy_dataset_KIA_Soul_train.csv::full_trace::1059,-1,0,Kia,Fuzzy_dataset_KIA_Soul_train.csv
37,unrelated_incidents,ben_10-w09,ben_10,Hyundai::Fuzzy_HYUNDAI_Sonata_train.csv::Hyundai::Fuzzy_HYUNDAI_Sonata_train.csv::full_trace::1563,-1,0,Hyundai,Fuzzy_HYUNDAI_Sonata_train.csv
37,unrelated_incidents,ben_11-w00,ben_11,Kia::Attack_free_KIA_Soul_train.csv::Kia::Attack_free_KIA_Soul_train.csv::seg_test::226,-1,0,Kia,Attack_free_KIA_Soul_train.csv
37,unrelated_incidents,ben_11-w01,ben_11,Kia::Fuzzy_dataset_KIA_Soul_train.csv::Kia::Fuzzy_dataset_KIA_Soul_train.csv::full_trace::9040,-1,0,Kia,Fuzzy_dataset_KIA_Soul_train.csv
37,unrelated_incidents,ben_11-w02,ben_11,Kia::Fuzzy_dataset_KIA_Soul_train.csv::Kia::Fuzzy_dataset_KIA_Soul_train.csv::full_trace::1096,-1,0,Kia,Fuzzy_dataset_KIA_Soul_train.csv
37,unrelated_incidents,ben_11-w03,ben_11,Kia::Fuzzy_dataset_KIA_Soul_train.csv::Kia::Fuzzy_dataset_KIA_Soul_train.csv::full_trace::3519,-1,0,Kia,Fuzzy_dataset_KIA_Soul_train.csv
37,unrelated_incidents,ben_11-w04,ben_11,Kia::Fuzzy_dataset_KIA_Soul_train.csv::Kia::Fuzzy_dataset_KIA_Soul_train.csv::full_trace::5568,-1,0,Kia,Fuzzy_dataset_KIA_Soul_train.csv
37,unrelated_incidents,ben_11-w05,ben_11,Kia::Attack_free_KIA_Soul_train.csv::Kia::Attack_free_KIA_Soul_train.csv::seg_test::1093,-1,0,Kia,Attack_free_KIA_Soul_train.csv
37,unrelated_incidents,ben_11-w06,ben_11,Kia::Fuzzy_dataset_KIA_Soul_train.csv::Kia::Fuzzy_dataset_KIA_Soul_train.csv::full_trace::9067,-1,0,Kia,Fuzzy_dataset_KIA_Soul_train.csv
37,unrelated_incidents,ben_11-w07,ben_11,Hyundai::Fuzzy_HYUNDAI_Sonata_train.csv::Hyundai::Fuzzy_HYUNDAI_Sonata_train.csv::full_trace::1689,-1,0,Hyundai,Fuzzy_HYUNDAI_Sonata_train.csv
37,unrelated_incidents,ben_11-w08,ben_11,Hyundai::Fuzzy_HYUNDAI_Sonata_train.csv::Hyundai::Fuzzy_HYUNDAI_Sonata_train.csv::full_trace::231,-1,0,Hyundai,Fuzzy_HYUNDAI_Sonata_train.csv
37,unrelated_incidents,ben_11-w09,ben_11,Kia::Fuzzy_dataset_KIA_Soul_train.csv::Kia::Fuzzy_dataset_KIA_Soul_train.csv::full_trace::2136,-1,0,Kia,Fuzzy_dataset_KIA_Soul_train.csv
37,unrelated_incidents,ben_12-w00,ben_12,Hyundai::Fuzzy_HYUNDAI_Sonata_train.csv::Hyundai::Fuzzy_HYUNDAI_Sonata_train.csv::full_trace::1186,-1,0,Hyundai,Fuzzy_HYUNDAI_Sonata_train.csv
37,unrelated_incidents,ben_12-w01,ben_12,Kia::Fuzzy_dataset_KIA_Soul_train.csv::Kia::Fuzzy_dataset_KIA_Soul_train.csv::full_trace::5824,-1,0,Kia,Fuzzy_dataset_KIA_Soul_train.csv
37,unrelated_incidents,ben_12-w02,ben_12,Hyundai::Attack_free_HY_Sonata_train.csv::Hyundai::Attack_free_HY_Sonata_train.csv::seg_test::1189,-1,0,Hyundai,Attack_free_HY_Sonata_train.csv
37,unrelated_incidents,ben_12-w03,ben_12,Hyundai::Fuzzy_HYUNDAI_Sonata_train.csv::Hyundai::Fuzzy_HYUNDAI_Sonata_train.csv::full_trace::750,-1,0,Hyundai,Fuzzy_HYUNDAI_Sonata_train.csv
37,unrelated_incidents,ben_12-w04,ben_12,Kia::Attack_free_KIA_Soul_train.csv::Kia::Attack_free_KIA_Soul_train.csv::seg_test::259,-1,0,Kia,Attack_free_KIA_Soul_train.csv
37,unrelated_incidents,ben_12-w05,ben_12,Kia::Attack_free_KIA_Soul_train.csv::Kia::Attack_free_KIA_Soul_train.csv::seg_test::510,-1,0,Kia,Attack_free_KIA_Soul_train.csv
37,unrelated_incidents,ben_12-w06,ben_12,Kia::Fuzzy_dataset_KIA_Soul_train.csv::Kia::Fuzzy_dataset_KIA_Soul_train.csv::full_trace::5744,-1,0,Kia,Fuzzy_dataset_KIA_Soul_train.csv
37,unrelated_incidents,ben_12-w07,ben_12,Hyundai::Attack_free_HY_Sonata_train.csv::Hyundai::Attack_free_HY_Sonata_train.csv::seg_test::355,-1,0,Hyundai,Attack_free_HY_Sonata_train.csv
37,unrelated_incidents,ben_12-w08,ben_12,Hyundai::Attack_free_HY_Sonata_train.csv::Hyundai::Attack_free_HY_Sonata_train.csv::seg_test::67,-1,0,Hyundai,Attack_free_HY_Sonata_train.csv
37,unrelated_incidents,ben_12-w09,ben_12,Kia::Fuzzy_dataset_KIA_Soul_train.csv::Kia::Fuzzy_dataset_KIA_Soul_train.csv::full_trace::7020,-1,0,Kia,Fuzzy_dataset_KIA_Soul_train.csv
37,unrelated_incidents,ben_13-w00,ben_13,Kia::Fuzzy_dataset_KIA_Soul_train.csv::Kia::Fuzzy_dataset_KIA_Soul_train.csv::full_trace::5828,-1,0,Kia,Fuzzy_dataset_KIA_Soul_train.csv
37,unrelated_incidents,ben_13-w01,ben_13,Hyundai::Attack_free_HY_Sonata_train.csv::Hyundai::Attack_free_HY_Sonata_train.csv::seg_test::62,-1,0,Hyundai,Attack_free_HY_Sonata_train.csv
37,unrelated_incidents,ben_13-w02,ben_13,Kia::Fuzzy_dataset_KIA_Soul_train.csv::Kia::Fuzzy_dataset_KIA_Soul_train.csv::full_trace::3346,-1,0,Kia,Fuzzy_dataset_KIA_Soul_train.csv
37,unrelated_incidents,ben_13-w03,ben_13,Kia::Attack_free_KIA_Soul_train.csv::Kia::Attack_free_KIA_Soul_train.csv::seg_test::694,-1,0,Kia,Attack_free_KIA_Soul_train.csv
37,unrelated_incidents,ben_13-w04,ben_13,Kia::Fuzzy_dataset_KIA_Soul_train.csv::Kia::Fuzzy_dataset_KIA_Soul_train.csv::full_trace::3545,-1,0,Kia,Fuzzy_dataset_KIA_Soul_train.csv
37,unrelated_incidents,ben_13-w05,ben_13,Hyundai::Fuzzy_HYUNDAI_Sonata_train.csv::Hyundai::Fuzzy_HYUNDAI_Sonata_train.csv::full_trace::680,-1,0,Hyundai,Fuzzy_HYUNDAI_Sonata_train.csv
37,unrelated_incidents,ben_13-w06,ben_13,Hyundai::Attack_free_HY_Sonata_train.csv::Hyundai::Attack_free_HY_Sonata_train.csv::seg_test::1238,-1,0,Hyundai,Attack_free_HY_Sonata_train.csv
37,unrelated_incidents,ben_13-w07,ben_13,Kia::Fuzzy_dataset_KIA_Soul_train.csv::Kia::Fuzzy_dataset_KIA_Soul_train.csv::full_trace::8783,-1,0,Kia,Fuzzy_dataset_KIA_Soul_train.csv
37,unrelated_incidents,ben_13-w08,ben_13,Hyundai::Attack_free_HY_Sonata_train.csv::Hyundai::Attack_free_HY_Sonata_train.csv::seg_test::603,-1,0,Hyundai,Attack_free_HY_Sonata_train.csv
37,unrelated_incidents,ben_13-w09,ben_13,Hyundai::Fuzzy_HYUNDAI_Sonata_train.csv::Hyundai::Fuzzy_HYUNDAI_Sonata_train.csv::full_trace::63,-1,0,Hyundai,Fuzzy_HYUNDAI_Sonata_train.csv
37,unrelated_incidents,ben_14-w00,ben_14,Hyundai::Fuzzy_HYUNDAI_Sonata_train.csv::Hyundai::Fuzzy_HYUNDAI_Sonata_train.csv::full_trace::168,-1,0,Hyundai,Fuzzy_HYUNDAI_Sonata_train.csv
37,unrelated_incidents,ben_14-w01,ben_14,Hyundai::Fuzzy_HYUNDAI_Sonata_train.csv::Hyundai::Fuzzy_HYUNDAI_Sonata_train.csv::full_trace::1666,-1,0,Hyundai,Fuzzy_HYUNDAI_Sonata_train.csv
37,unrelated_incidents,ben_14-w02,ben_14,Hyundai::Attack_free_HY_Sonata_train.csv::Hyundai::Attack_free_HY_Sonata_train.csv::seg_test::357,-1,0,Hyundai,Attack_free_HY_Sonata_train.csv
37,unrelated_incidents,ben_14-w03,ben_14,Kia::Attack_free_KIA_Soul_train.csv::Kia::Attack_free_KIA_Soul_train.csv::seg_test::1229,-1,0,Kia,Attack_free_KIA_Soul_train.csv
37,unrelated_incidents,ben_14-w04,ben_14,Kia::Fuzzy_dataset_KIA_Soul_train.csv::Kia::Fuzzy_dataset_KIA_Soul_train.csv::full_trace::6812,-1,0,Kia,Fuzzy_dataset_KIA_Soul_train.csv
37,unrelated_incidents,ben_14-w05,ben_14,Kia::Fuzzy_dataset_KIA_Soul_train.csv::Kia::Fuzzy_dataset_KIA_Soul_train.csv::full_trace::3447,-1,0,Kia,Fuzzy_dataset_KIA_Soul_train.csv
37,unrelated_incidents,ben_14-w06,ben_14,Kia::Fuzzy_dataset_KIA_Soul_train.csv::Kia::Fuzzy_dataset_KIA_Soul_train.csv::full_trace::3589,-1,0,Kia,Fuzzy_dataset_KIA_Soul_train.csv
37,unrelated_incidents,ben_14-w07,ben_14,Kia::Attack_free_KIA_Soul_train.csv::Kia::Attack_free_KIA_Soul_train.csv::seg_test::1085,-1,0,Kia,Attack_free_KIA_Soul_train.csv
37,unrelated_incidents,ben_14-w08,ben_14,Hyundai::Attack_free_HY_Sonata_train.csv::Hyundai::Attack_free_HY_Sonata_train.csv::seg_test::337,-1,0,Hyundai,Attack_free_HY_Sonata_train.csv
37,unrelated_incidents,ben_14-w09,ben_14,Kia::Fuzzy_dataset_KIA_Soul_train.csv::Kia::Fuzzy_dataset_KIA_Soul_train.csv::full_trace::219,-1,0,Kia,Fuzzy_dataset_KIA_Soul_train.csv
41,strong_campaign,atk_Hyundai_0-w00,atk_Hyundai_0,Hyundai::Fuzzy_HYUNDAI_Sonata_train.csv::Hyundai::Fuzzy_HYUNDAI_Sonata_train.csv::full_trace::1431,0,1,Hyundai,Fuzzy_HYUNDAI_Sonata_train.csv
41,strong_campaign,atk_Hyundai_0-w01,atk_Hyundai_0,Hyundai::Fuzzy_HYUNDAI_Sonata_train.csv::Hyundai::Fuzzy_HYUNDAI_Sonata_train.csv::full_trace::1399,0,1,Hyundai,Fuzzy_HYUNDAI_Sonata_train.csv
41,strong_campaign,atk_Hyundai_0-w02,atk_Hyundai_0,Hyundai::Fuzzy_HYUNDAI_Sonata_train.csv::Hyundai::Fuzzy_HYUNDAI_Sonata_train.csv::full_trace::1464,0,1,Hyundai,Fuzzy_HYUNDAI_Sonata_train.csv
41,strong_campaign,atk_Hyundai_0-w03,atk_Hyundai_0,Hyundai::Fuzzy_HYUNDAI_Sonata_train.csv::Hyundai::Fuzzy_HYUNDAI_Sonata_train.csv::full_trace::1531,0,1,Hyundai,Fuzzy_HYUNDAI_Sonata_train.csv
41,strong_campaign,atk_Hyundai_0-w04,atk_Hyundai_0,Hyundai::Fuzzy_HYUNDAI_Sonata_train.csv::Hyundai::Fuzzy_HYUNDAI_Sonata_train.csv::full_trace::1373,0,1,Hyundai,Fuzzy_HYUNDAI_Sonata_train.csv
41,strong_campaign,atk_Hyundai_0-w05,atk_Hyundai_0,Hyundai::Attack_free_HY_Sonata_train.csv::Hyundai::Attack_free_HY_Sonata_train.csv::seg_test::440,0,0,Hyundai,Attack_free_HY_Sonata_train.csv
41,strong_campaign,atk_Hyundai_0-w06,atk_Hyundai_0,Hyundai::Fuzzy_HYUNDAI_Sonata_train.csv::Hyundai::Fuzzy_HYUNDAI_Sonata_train.csv::full_trace::1690,0,0,Hyundai,Fuzzy_HYUNDAI_Sonata_train.csv
41,strong_campaign,atk_Hyundai_0-w07,atk_Hyundai_0,Hyundai::Fuzzy_HYUNDAI_Sonata_train.csv::Hyundai::Fuzzy_HYUNDAI_Sonata_train.csv::full_trace::1095,0,0,Hyundai,Fuzzy_HYUNDAI_Sonata_train.csv
41,strong_campaign,atk_Hyundai_0-w08,atk_Hyundai_0,Hyundai::Attack_free_HY_Sonata_train.csv::Hyundai::Attack_free_HY_Sonata_train.csv::seg_test::874,0,0,Hyundai,Attack_free_HY_Sonata_train.csv
41,strong_campaign,atk_Hyundai_0-w09,atk_Hyundai_0,Hyundai::Attack_free_HY_Sonata_train.csv::Hyundai::Attack_free_HY_Sonata_train.csv::seg_test::1279,0,0,Hyundai,Attack_free_HY_Sonata_train.csv
41,strong_campaign,atk_Hyundai_1-w00,atk_Hyundai_1,Hyundai::Fuzzy_HYUNDAI_Sonata_train.csv::Hyundai::Fuzzy_HYUNDAI_Sonata_train.csv::full_trace::1549,0,1,Hyundai,Fuzzy_HYUNDAI_Sonata_train.csv
41,strong_campaign,atk_Hyundai_1-w01,atk_Hyundai_1,Hyundai::Fuzzy_HYUNDAI_Sonata_train.csv::Hyundai::Fuzzy_HYUNDAI_Sonata_train.csv::full_trace::1282,0,1,Hyundai,Fuzzy_HYUNDAI_Sonata_train.csv
41,strong_campaign,atk_Hyundai_1-w02,atk_Hyundai_1,Hyundai::Fuzzy_HYUNDAI_Sonata_train.csv::Hyundai::Fuzzy_HYUNDAI_Sonata_train.csv::full_trace::1410,0,1,Hyundai,Fuzzy_HYUNDAI_Sonata_train.csv
41,strong_campaign,atk_Hyundai_1-w03,atk_Hyundai_1,Hyundai::Fuzzy_HYUNDAI_Sonata_train.csv::Hyundai::Fuzzy_HYUNDAI_Sonata_train.csv::full_trace::1347,0,1,Hyundai,Fuzzy_HYUNDAI_Sonata_train.csv
41,strong_campaign,atk_Hyundai_1-w04,atk_Hyundai_1,Hyundai::Fuzzy_HYUNDAI_Sonata_train.csv::Hyundai::Fuzzy_HYUNDAI_Sonata_train.csv::full_trace::990,0,1,Hyundai,Fuzzy_HYUNDAI_Sonata_train.csv
41,strong_campaign,atk_Hyundai_1-w05,atk_Hyundai_1,Hyundai::Attack_free_HY_Sonata_train.csv::Hyundai::Attack_free_HY_Sonata_train.csv::seg_test::549,0,0,Hyundai,Attack_free_HY_Sonata_train.csv
41,strong_campaign,atk_Hyundai_1-w06,atk_Hyundai_1,Hyundai::Attack_free_HY_Sonata_train.csv::Hyundai::Attack_free_HY_Sonata_train.csv::seg_test::1072,0,0,Hyundai,Attack_free_HY_Sonata_train.csv
41,strong_campaign,atk_Hyundai_1-w07,atk_Hyundai_1,Hyundai::Fuzzy_HYUNDAI_Sonata_train.csv::Hyundai::Fuzzy_HYUNDAI_Sonata_train.csv::full_trace::1692,0,0,Hyundai,Fuzzy_HYUNDAI_Sonata_train.csv
41,strong_campaign,atk_Hyundai_1-w08,atk_Hyundai_1,Hyundai::Fuzzy_HYUNDAI_Sonata_train.csv::Hyundai::Fuzzy_HYUNDAI_Sonata_train.csv::full_trace::381,0,0,Hyundai,Fuzzy_HYUNDAI_Sonata_train.csv
41,strong_campaign,atk_Hyundai_1-w09,atk_Hyundai_1,Hyundai::Fuzzy_HYUNDAI_Sonata_train.csv::Hyundai::Fuzzy_HYUNDAI_Sonata_train.csv::full_trace::195,0,0,Hyundai,Fuzzy_HYUNDAI_Sonata_train.csv
41,strong_campaign,atk_Kia_2-w00,atk_Kia_2,Kia::Fuzzy_dataset_KIA_Soul_train.csv::Kia::Fuzzy_dataset_KIA_Soul_train.csv::full_trace::7116,0,1,Kia,Fuzzy_dataset_KIA_Soul_train.csv
41,strong_campaign,atk_Kia_2-w01,atk_Kia_2,Kia::Fuzzy_dataset_KIA_Soul_train.csv::Kia::Fuzzy_dataset_KIA_Soul_train.csv::full_trace::6400,0,1,Kia,Fuzzy_dataset_KIA_Soul_train.csv
41,strong_campaign,atk_Kia_2-w02,atk_Kia_2,Kia::Fuzzy_dataset_KIA_Soul_train.csv::Kia::Fuzzy_dataset_KIA_Soul_train.csv::full_trace::3670,0,1,Kia,Fuzzy_dataset_KIA_Soul_train.csv
41,strong_campaign,atk_Kia_2-w03,atk_Kia_2,Kia::Fuzzy_dataset_KIA_Soul_train.csv::Kia::Fuzzy_dataset_KIA_Soul_train.csv::full_trace::1549,0,1,Kia,Fuzzy_dataset_KIA_Soul_train.csv
41,strong_campaign,atk_Kia_2-w04,atk_Kia_2,Kia::Fuzzy_dataset_KIA_Soul_train.csv::Kia::Fuzzy_dataset_KIA_Soul_train.csv::full_trace::6626,0,1,Kia,Fuzzy_dataset_KIA_Soul_train.csv
41,strong_campaign,atk_Kia_2-w05,atk_Kia_2,Kia::Fuzzy_dataset_KIA_Soul_train.csv::Kia::Fuzzy_dataset_KIA_Soul_train.csv::full_trace::8830,0,0,Kia,Fuzzy_dataset_KIA_Soul_train.csv
41,strong_campaign,atk_Kia_2-w06,atk_Kia_2,Kia::Attack_free_KIA_Soul_train.csv::Kia::Attack_free_KIA_Soul_train.csv::seg_test::547,0,0,Kia,Attack_free_KIA_Soul_train.csv
41,strong_campaign,atk_Kia_2-w07,atk_Kia_2,Kia::Fuzzy_dataset_KIA_Soul_train.csv::Kia::Fuzzy_dataset_KIA_Soul_train.csv::full_trace::6780,0,0,Kia,Fuzzy_dataset_KIA_Soul_train.csv
41,strong_campaign,atk_Kia_2-w08,atk_Kia_2,Kia::Fuzzy_dataset_KIA_Soul_train.csv::Kia::Fuzzy_dataset_KIA_Soul_train.csv::full_trace::5517,0,0,Kia,Fuzzy_dataset_KIA_Soul_train.csv
41,strong_campaign,atk_Kia_2-w09,atk_Kia_2,Kia::Attack_free_KIA_Soul_train.csv::Kia::Attack_free_KIA_Soul_train.csv::seg_test::865,0,0,Kia,Attack_free_KIA_Soul_train.csv
41,strong_campaign,atk_Kia_3-w00,atk_Kia_3,Kia::Fuzzy_dataset_KIA_Soul_train.csv::Kia::Fuzzy_dataset_KIA_Soul_train.csv::full_trace::3909,0,1,Kia,Fuzzy_dataset_KIA_Soul_train.csv
41,strong_campaign,atk_Kia_3-w01,atk_Kia_3,Kia::Fuzzy_dataset_KIA_Soul_train.csv::Kia::Fuzzy_dataset_KIA_Soul_train.csv::full_trace::8202,0,1,Kia,Fuzzy_dataset_KIA_Soul_train.csv
41,strong_campaign,atk_Kia_3-w02,atk_Kia_3,Kia::Fuzzy_dataset_KIA_Soul_train.csv::Kia::Fuzzy_dataset_KIA_Soul_train.csv::full_trace::1944,0,1,Kia,Fuzzy_dataset_KIA_Soul_train.csv
41,strong_campaign,atk_Kia_3-w03,atk_Kia_3,Kia::Fuzzy_dataset_KIA_Soul_train.csv::Kia::Fuzzy_dataset_KIA_Soul_train.csv::full_trace::7632,0,1,Kia,Fuzzy_dataset_KIA_Soul_train.csv
41,strong_campaign,atk_Kia_3-w04,atk_Kia_3,Kia::Fuzzy_dataset_KIA_Soul_train.csv::Kia::Fuzzy_dataset_KIA_Soul_train.csv::full_trace::1552,0,1,Kia,Fuzzy_dataset_KIA_Soul_train.csv
41,strong_campaign,atk_Kia_3-w05,atk_Kia_3,Kia::Fuzzy_dataset_KIA_Soul_train.csv::Kia::Fuzzy_dataset_KIA_Soul_train.csv::full_trace::6833,0,0,Kia,Fuzzy_dataset_KIA_Soul_train.csv
41,strong_campaign,atk_Kia_3-w06,atk_Kia_3,Kia::Fuzzy_dataset_KIA_Soul_train.csv::Kia::Fuzzy_dataset_KIA_Soul_train.csv::full_trace::4659,0,0,Kia,Fuzzy_dataset_KIA_Soul_train.csv
41,strong_campaign,atk_Kia_3-w07,atk_Kia_3,Kia::Fuzzy_dataset_KIA_Soul_train.csv::Kia::Fuzzy_dataset_KIA_Soul_train.csv::full_trace::6804,0,0,Kia,Fuzzy_dataset_KIA_Soul_train.csv
41,strong_campaign,atk_Kia_3-w08,atk_Kia_3,Kia::Attack_free_KIA_Soul_train.csv::Kia::Attack_free_KIA_Soul_train.csv::seg_test::731,0,0,Kia,Attack_free_KIA_Soul_train.csv
41,strong_campaign,atk_Kia_3-w09,atk_Kia_3,Kia::Fuzzy_dataset_KIA_Soul_train.csv::Kia::Fuzzy_dataset_KIA_Soul_train.csv::full_trace::9168,0,0,Kia,Fuzzy_dataset_KIA_Soul_train.csv
41,strong_campaign,atk_Chevrolet_4-w00,atk_Chevrolet_4,Chevrolet::Fuzzy_CHEVROLET_Spark_train.csv::Chevrolet::Fuzzy_CHEVROLET_Spark_train.csv::seg_test::99,0,1,Chevrolet,Fuzzy_CHEVROLET_Spark_train.csv
41,strong_campaign,atk_Chevrolet_4-w01,atk_Chevrolet_4,Chevrolet::Fuzzy_CHEVROLET_Spark_train.csv::Chevrolet::Fuzzy_CHEVROLET_Spark_train.csv::seg_test::84,0,1,Chevrolet,Fuzzy_CHEVROLET_Spark_train.csv
41,strong_campaign,atk_Chevrolet_4-w02,atk_Chevrolet_4,Chevrolet::Fuzzy_CHEVROLET_Spark_train.csv::Chevrolet::Fuzzy_CHEVROLET_Spark_train.csv::seg_test::18,0,1,Chevrolet,Fuzzy_CHEVROLET_Spark_train.csv
41,strong_campaign,atk_Chevrolet_4-w03,atk_Chevrolet_4,Chevrolet::Fuzzy_CHEVROLET_Spark_train.csv::Chevrolet::Fuzzy_CHEVROLET_Spark_train.csv::seg_test::41,0,1,Chevrolet,Fuzzy_CHEVROLET_Spark_train.csv
41,strong_campaign,atk_Chevrolet_4-w04,atk_Chevrolet_4,Chevrolet::Fuzzy_CHEVROLET_Spark_train.csv::Chevrolet::Fuzzy_CHEVROLET_Spark_train.csv::seg_test::85,0,1,Chevrolet,Fuzzy_CHEVROLET_Spark_train.csv
41,strong_campaign,atk_Chevrolet_4-w05,atk_Chevrolet_4,Chevrolet::Attack_free_CHEVROLET_Spark_train.csv::Chevrolet::Attack_free_CHEVROLET_Spark_train.csv::seg_test::199,0,0,Chevrolet,Attack_free_CHEVROLET_Spark_train.csv
41,strong_campaign,atk_Chevrolet_4-w06,atk_Chevrolet_4,Chevrolet::Flooding_CHEVROLET_Spark_train.csv::Chevrolet::Flooding_CHEVROLET_Spark_train.csv::seg_test::222,0,0,Chevrolet,Flooding_CHEVROLET_Spark_train.csv
41,strong_campaign,atk_Chevrolet_4-w07,atk_Chevrolet_4,Chevrolet::Attack_free_CHEVROLET_Spark_train.csv::Chevrolet::Attack_free_CHEVROLET_Spark_train.csv::seg_test::152,0,0,Chevrolet,Attack_free_CHEVROLET_Spark_train.csv
41,strong_campaign,atk_Chevrolet_4-w08,atk_Chevrolet_4,Chevrolet::Attack_free_CHEVROLET_Spark_train.csv::Chevrolet::Attack_free_CHEVROLET_Spark_train.csv::seg_test::223,0,0,Chevrolet,Attack_free_CHEVROLET_Spark_train.csv
41,strong_campaign,atk_Chevrolet_4-w09,atk_Chevrolet_4,Chevrolet::Malfunction_CHEVROLET_Spark_train.csv::Chevrolet::Malfunction_CHEVROLET_Spark_train.csv::seg_test::58,0,0,Chevrolet,Malfunction_CHEVROLET_Spark_train.csv
41,strong_campaign,ben_00-w00,ben_00,Kia::Attack_free_KIA_Soul_train.csv::Kia::Attack_free_KIA_Soul_train.csv::seg_test::506,-1,0,Kia,Attack_free_KIA_Soul_train.csv
41,strong_campaign,ben_00-w01,ben_00,Kia::Attack_free_KIA_Soul_train.csv::Kia::Attack_free_KIA_Soul_train.csv::seg_test::577,-1,0,Kia,Attack_free_KIA_Soul_train.csv
41,strong_campaign,ben_00-w02,ben_00,Kia::Fuzzy_dataset_KIA_Soul_train.csv::Kia::Fuzzy_dataset_KIA_Soul_train.csv::full_trace::8850,-1,0,Kia,Fuzzy_dataset_KIA_Soul_train.csv
41,strong_campaign,ben_00-w03,ben_00,Chevrolet::Malfunction_CHEVROLET_Spark_train.csv::Chevrolet::Malfunction_CHEVROLET_Spark_train.csv::seg_test::23,-1,0,Chevrolet,Malfunction_CHEVROLET_Spark_train.csv
41,strong_campaign,ben_00-w04,ben_00,Hyundai::Fuzzy_HYUNDAI_Sonata_train.csv::Hyundai::Fuzzy_HYUNDAI_Sonata_train.csv::full_trace::155,-1,0,Hyundai,Fuzzy_HYUNDAI_Sonata_train.csv
41,strong_campaign,ben_00-w05,ben_00,Hyundai::Fuzzy_HYUNDAI_Sonata_train.csv::Hyundai::Fuzzy_HYUNDAI_Sonata_train.csv::full_trace::285,-1,0,Hyundai,Fuzzy_HYUNDAI_Sonata_train.csv
41,strong_campaign,ben_00-w06,ben_00,Hyundai::Attack_free_HY_Sonata_train.csv::Hyundai::Attack_free_HY_Sonata_train.csv::seg_test::1052,-1,0,Hyundai,Attack_free_HY_Sonata_train.csv
41,strong_campaign,ben_00-w07,ben_00,Hyundai::Attack_free_HY_Sonata_train.csv::Hyundai::Attack_free_HY_Sonata_train.csv::seg_test::1265,-1,0,Hyundai,Attack_free_HY_Sonata_train.csv
41,strong_campaign,ben_00-w08,ben_00,Kia::Fuzzy_dataset_KIA_Soul_train.csv::Kia::Fuzzy_dataset_KIA_Soul_train.csv::full_trace::8896,-1,0,Kia,Fuzzy_dataset_KIA_Soul_train.csv
41,strong_campaign,ben_00-w09,ben_00,Kia::Fuzzy_dataset_KIA_Soul_train.csv::Kia::Fuzzy_dataset_KIA_Soul_train.csv::full_trace::1311,-1,0,Kia,Fuzzy_dataset_KIA_Soul_train.csv
41,strong_campaign,ben_01-w00,ben_01,Hyundai::Fuzzy_HYUNDAI_Sonata_train.csv::Hyundai::Fuzzy_HYUNDAI_Sonata_train.csv::full_trace::1605,-1,0,Hyundai,Fuzzy_HYUNDAI_Sonata_train.csv
41,strong_campaign,ben_01-w01,ben_01,Hyundai::Attack_free_HY_Sonata_train.csv::Hyundai::Attack_free_HY_Sonata_train.csv::seg_test::39,-1,0,Hyundai,Attack_free_HY_Sonata_train.csv
41,strong_campaign,ben_01-w02,ben_01,Hyundai::Fuzzy_HYUNDAI_Sonata_train.csv::Hyundai::Fuzzy_HYUNDAI_Sonata_train.csv::full_trace::196,-1,0,Hyundai,Fuzzy_HYUNDAI_Sonata_train.csv
41,strong_campaign,ben_01-w03,ben_01,Kia::Fuzzy_dataset_KIA_Soul_train.csv::Kia::Fuzzy_dataset_KIA_Soul_train.csv::full_trace::3319,-1,0,Kia,Fuzzy_dataset_KIA_Soul_train.csv
41,strong_campaign,ben_01-w04,ben_01,Hyundai::Fuzzy_HYUNDAI_Sonata_train.csv::Hyundai::Fuzzy_HYUNDAI_Sonata_train.csv::full_trace::759,-1,0,Hyundai,Fuzzy_HYUNDAI_Sonata_train.csv
41,strong_campaign,ben_01-w05,ben_01,Hyundai::Attack_free_HY_Sonata_train.csv::Hyundai::Attack_free_HY_Sonata_train.csv::seg_test::849,-1,0,Hyundai,Attack_free_HY_Sonata_train.csv
41,strong_campaign,ben_01-w06,ben_01,Hyundai::Attack_free_HY_Sonata_train.csv::Hyundai::Attack_free_HY_Sonata_train.csv::seg_test::1030,-1,0,Hyundai,Attack_free_HY_Sonata_train.csv
41,strong_campaign,ben_01-w07,ben_01,Kia::Fuzzy_dataset_KIA_Soul_train.csv::Kia::Fuzzy_dataset_KIA_Soul_train.csv::full_trace::5526,-1,0,Kia,Fuzzy_dataset_KIA_Soul_train.csv
41,strong_campaign,ben_01-w08,ben_01,Kia::Fuzzy_dataset_KIA_Soul_train.csv::Kia::Fuzzy_dataset_KIA_Soul_train.csv::full_trace::9167,-1,0,Kia,Fuzzy_dataset_KIA_Soul_train.csv
41,strong_campaign,ben_01-w09,ben_01,Kia::Fuzzy_dataset_KIA_Soul_train.csv::Kia::Fuzzy_dataset_KIA_Soul_train.csv::full_trace::174,-1,0,Kia,Fuzzy_dataset_KIA_Soul_train.csv
41,strong_campaign,ben_02-w00,ben_02,Hyundai::Attack_free_HY_Sonata_train.csv::Hyundai::Attack_free_HY_Sonata_train.csv::seg_test::68,-1,0,Hyundai,Attack_free_HY_Sonata_train.csv
41,strong_campaign,ben_02-w01,ben_02,Kia::Fuzzy_dataset_KIA_Soul_train.csv::Kia::Fuzzy_dataset_KIA_Soul_train.csv::full_trace::5874,-1,0,Kia,Fuzzy_dataset_KIA_Soul_train.csv
41,strong_campaign,ben_02-w02,ben_02,Hyundai::Attack_free_HY_Sonata_train.csv::Hyundai::Attack_free_HY_Sonata_train.csv::seg_test::273,-1,0,Hyundai,Attack_free_HY_Sonata_train.csv
41,strong_campaign,ben_02-w03,ben_02,Chevrolet::Flooding_CHEVROLET_Spark_train.csv::Chevrolet::Flooding_CHEVROLET_Spark_train.csv::seg_test::205,-1,0,Chevrolet,Flooding_CHEVROLET_Spark_train.csv
41,strong_campaign,ben_02-w04,ben_02,Kia::Fuzzy_dataset_KIA_Soul_train.csv::Kia::Fuzzy_dataset_KIA_Soul_train.csv::full_trace::3280,-1,0,Kia,Fuzzy_dataset_KIA_Soul_train.csv
41,strong_campaign,ben_02-w05,ben_02,Hyundai::Attack_free_HY_Sonata_train.csv::Hyundai::Attack_free_HY_Sonata_train.csv::seg_test::827,-1,0,Hyundai,Attack_free_HY_Sonata_train.csv
41,strong_campaign,ben_02-w06,ben_02,Kia::Fuzzy_dataset_KIA_Soul_train.csv::Kia::Fuzzy_dataset_KIA_Soul_train.csv::full_trace::7979,-1,0,Kia,Fuzzy_dataset_KIA_Soul_train.csv
41,strong_campaign,ben_02-w07,ben_02,Kia::Fuzzy_dataset_KIA_Soul_train.csv::Kia::Fuzzy_dataset_KIA_Soul_train.csv::full_trace::8864,-1,0,Kia,Fuzzy_dataset_KIA_Soul_train.csv
41,strong_campaign,ben_02-w08,ben_02,Kia::Fuzzy_dataset_KIA_Soul_train.csv::Kia::Fuzzy_dataset_KIA_Soul_train.csv::full_trace::1269,-1,0,Kia,Fuzzy_dataset_KIA_Soul_train.csv
41,strong_campaign,ben_02-w09,ben_02,Hyundai::Attack_free_HY_Sonata_train.csv::Hyundai::Attack_free_HY_Sonata_train.csv::seg_test::781,-1,0,Hyundai,Attack_free_HY_Sonata_train.csv
41,strong_campaign,ben_03-w00,ben_03,Hyundai::Attack_free_HY_Sonata_train.csv::Hyundai::Attack_free_HY_Sonata_train.csv::seg_test::1037,-1,0,Hyundai,Attack_free_HY_Sonata_train.csv
41,strong_campaign,ben_03-w01,ben_03,Kia::Fuzzy_dataset_KIA_Soul_train.csv::Kia::Fuzzy_dataset_KIA_Soul_train.csv::full_trace::2465,-1,0,Kia,Fuzzy_dataset_KIA_Soul_train.csv
41,strong_campaign,ben_03-w02,ben_03,Kia::Fuzzy_dataset_KIA_Soul_train.csv::Kia::Fuzzy_dataset_KIA_Soul_train.csv::full_trace::9194,-1,0,Kia,Fuzzy_dataset_KIA_Soul_train.csv
41,strong_campaign,ben_03-w03,ben_03,Hyundai::Attack_free_HY_Sonata_train.csv::Hyundai::Attack_free_HY_Sonata_train.csv::seg_test::1051,-1,0,Hyundai,Attack_free_HY_Sonata_train.csv
41,strong_campaign,ben_03-w04,ben_03,Kia::Fuzzy_dataset_KIA_Soul_train.csv::Kia::Fuzzy_dataset_KIA_Soul_train.csv::full_trace::5745,-1,0,Kia,Fuzzy_dataset_KIA_Soul_train.csv
41,strong_campaign,ben_03-w05,ben_03,Kia::Attack_free_KIA_Soul_train.csv::Kia::Attack_free_KIA_Soul_train.csv::seg_test::777,-1,0,Kia,Attack_free_KIA_Soul_train.csv
41,strong_campaign,ben_03-w06,ben_03,Hyundai::Attack_free_HY_Sonata_train.csv::Hyundai::Attack_free_HY_Sonata_train.csv::seg_test::1090,-1,0,Hyundai,Attack_free_HY_Sonata_train.csv
41,strong_campaign,ben_03-w07,ben_03,Kia::Fuzzy_dataset_KIA_Soul_train.csv::Kia::Fuzzy_dataset_KIA_Soul_train.csv::full_trace::2219,-1,0,Kia,Fuzzy_dataset_KIA_Soul_train.csv
41,strong_campaign,ben_03-w08,ben_03,Kia::Fuzzy_dataset_KIA_Soul_train.csv::Kia::Fuzzy_dataset_KIA_Soul_train.csv::full_trace::1193,-1,0,Kia,Fuzzy_dataset_KIA_Soul_train.csv
41,strong_campaign,ben_03-w09,ben_03,Hyundai::Attack_free_HY_Sonata_train.csv::Hyundai::Attack_free_HY_Sonata_train.csv::seg_test::571,-1,0,Hyundai,Attack_free_HY_Sonata_train.csv
41,strong_campaign,ben_04-w00,ben_04,Kia::Fuzzy_dataset_KIA_Soul_train.csv::Kia::Fuzzy_dataset_KIA_Soul_train.csv::full_trace::4717,-1,0,Kia,Fuzzy_dataset_KIA_Soul_train.csv
41,strong_campaign,ben_04-w01,ben_04,Hyundai::Attack_free_HY_Sonata_train.csv::Hyundai::Attack_free_HY_Sonata_train.csv::seg_test::1071,-1,0,Hyundai,Attack_free_HY_Sonata_train.csv
41,strong_campaign,ben_04-w02,ben_04,Chevrolet::Attack_free_CHEVROLET_Spark_train.csv::Chevrolet::Attack_free_CHEVROLET_Spark_train.csv::seg_test::335,-1,0,Chevrolet,Attack_free_CHEVROLET_Spark_train.csv
41,strong_campaign,ben_04-w03,ben_04,Kia::Fuzzy_dataset_KIA_Soul_train.csv::Kia::Fuzzy_dataset_KIA_Soul_train.csv::full_trace::5783,-1,0,Kia,Fuzzy_dataset_KIA_Soul_train.csv
41,strong_campaign,ben_04-w04,ben_04,Chevrolet::Malfunction_CHEVROLET_Spark_train.csv::Chevrolet::Malfunction_CHEVROLET_Spark_train.csv::seg_test::85,-1,0,Chevrolet,Malfunction_CHEVROLET_Spark_train.csv
41,strong_campaign,ben_04-w05,ben_04,Kia::Fuzzy_dataset_KIA_Soul_train.csv::Kia::Fuzzy_dataset_KIA_Soul_train.csv::full_trace::3433,-1,0,Kia,Fuzzy_dataset_KIA_Soul_train.csv
41,strong_campaign,ben_04-w06,ben_04,Hyundai::Attack_free_HY_Sonata_train.csv::Hyundai::Attack_free_HY_Sonata_train.csv::seg_test::611,-1,0,Hyundai,Attack_free_HY_Sonata_train.csv
41,strong_campaign,ben_04-w07,ben_04,Hyundai::Fuzzy_HYUNDAI_Sonata_train.csv::Hyundai::Fuzzy_HYUNDAI_Sonata_train.csv::full_trace::91,-1,0,Hyundai,Fuzzy_HYUNDAI_Sonata_train.csv
41,strong_campaign,ben_04-w08,ben_04,Hyundai::Fuzzy_HYUNDAI_Sonata_train.csv::Hyundai::Fuzzy_HYUNDAI_Sonata_train.csv::full_trace::200,-1,0,Hyundai,Fuzzy_HYUNDAI_Sonata_train.csv
41,strong_campaign,ben_04-w09,ben_04,Kia::Attack_free_KIA_Soul_train.csv::Kia::Attack_free_KIA_Soul_train.csv::seg_test::1014,-1,0,Kia,Attack_free_KIA_Soul_train.csv
41,strong_campaign,ben_05-w00,ben_05,Kia::Fuzzy_dataset_KIA_Soul_train.csv::Kia::Fuzzy_dataset_KIA_Soul_train.csv::full_trace::112,-1,0,Kia,Fuzzy_dataset_KIA_Soul_train.csv
41,strong_campaign,ben_05-w01,ben_05,Hyundai::Fuzzy_HYUNDAI_Sonata_train.csv::Hyundai::Fuzzy_HYUNDAI_Sonata_train.csv::full_trace::490,-1,0,Hyundai,Fuzzy_HYUNDAI_Sonata_train.csv
41,strong_campaign,ben_05-w02,ben_05,Kia::Attack_free_KIA_Soul_train.csv::Kia::Attack_free_KIA_Soul_train.csv::seg_test::438,-1,0,Kia,Attack_free_KIA_Soul_train.csv
41,strong_campaign,ben_05-w03,ben_05,Hyundai::Fuzzy_HYUNDAI_Sonata_train.csv::Hyundai::Fuzzy_HYUNDAI_Sonata_train.csv::full_trace::585,-1,0,Hyundai,Fuzzy_HYUNDAI_Sonata_train.csv
41,strong_campaign,ben_05-w04,ben_05,Kia::Fuzzy_dataset_KIA_Soul_train.csv::Kia::Fuzzy_dataset_KIA_Soul_train.csv::full_trace::8847,-1,0,Kia,Fuzzy_dataset_KIA_Soul_train.csv
41,strong_campaign,ben_05-w05,ben_05,Kia::Fuzzy_dataset_KIA_Soul_train.csv::Kia::Fuzzy_dataset_KIA_Soul_train.csv::full_trace::993,-1,0,Kia,Fuzzy_dataset_KIA_Soul_train.csv
41,strong_campaign,ben_05-w06,ben_05,Kia::Fuzzy_dataset_KIA_Soul_train.csv::Kia::Fuzzy_dataset_KIA_Soul_train.csv::full_trace::6790,-1,0,Kia,Fuzzy_dataset_KIA_Soul_train.csv
41,strong_campaign,ben_05-w07,ben_05,Kia::Fuzzy_dataset_KIA_Soul_train.csv::Kia::Fuzzy_dataset_KIA_Soul_train.csv::full_trace::3387,-1,0,Kia,Fuzzy_dataset_KIA_Soul_train.csv
41,strong_campaign,ben_05-w08,ben_05,Kia::Attack_free_KIA_Soul_train.csv::Kia::Attack_free_KIA_Soul_train.csv::seg_test::609,-1,0,Kia,Attack_free_KIA_Soul_train.csv
41,strong_campaign,ben_05-w09,ben_05,Kia::Attack_free_KIA_Soul_train.csv::Kia::Attack_free_KIA_Soul_train.csv::seg_test::1201,-1,0,Kia,Attack_free_KIA_Soul_train.csv
41,strong_campaign,ben_06-w00,ben_06,Hyundai::Attack_free_HY_Sonata_train.csv::Hyundai::Attack_free_HY_Sonata_train.csv::seg_test::1131,-1,0,Hyundai,Attack_free_HY_Sonata_train.csv
41,strong_campaign,ben_06-w01,ben_06,Kia::Attack_free_KIA_Soul_train.csv::Kia::Attack_free_KIA_Soul_train.csv::seg_test::1217,-1,0,Kia,Attack_free_KIA_Soul_train.csv
41,strong_campaign,ben_06-w02,ben_06,Hyundai::Attack_free_HY_Sonata_train.csv::Hyundai::Attack_free_HY_Sonata_train.csv::seg_test::461,-1,0,Hyundai,Attack_free_HY_Sonata_train.csv
41,strong_campaign,ben_06-w03,ben_06,Kia::Fuzzy_dataset_KIA_Soul_train.csv::Kia::Fuzzy_dataset_KIA_Soul_train.csv::full_trace::8074,-1,0,Kia,Fuzzy_dataset_KIA_Soul_train.csv
41,strong_campaign,ben_06-w04,ben_06,Kia::Fuzzy_dataset_KIA_Soul_train.csv::Kia::Fuzzy_dataset_KIA_Soul_train.csv::full_trace::8001,-1,0,Kia,Fuzzy_dataset_KIA_Soul_train.csv
41,strong_campaign,ben_06-w05,ben_06,Hyundai::Fuzzy_HYUNDAI_Sonata_train.csv::Hyundai::Fuzzy_HYUNDAI_Sonata_train.csv::full_trace::230,-1,0,Hyundai,Fuzzy_HYUNDAI_Sonata_train.csv
41,strong_campaign,ben_06-w06,ben_06,Kia::Fuzzy_dataset_KIA_Soul_train.csv::Kia::Fuzzy_dataset_KIA_Soul_train.csv::full_trace::5793,-1,0,Kia,Fuzzy_dataset_KIA_Soul_train.csv
41,strong_campaign,ben_06-w07,ben_06,Kia::Attack_free_KIA_Soul_train.csv::Kia::Attack_free_KIA_Soul_train.csv::seg_test::459,-1,0,Kia,Attack_free_KIA_Soul_train.csv
41,strong_campaign,ben_06-w08,ben_06,Kia::Fuzzy_dataset_KIA_Soul_train.csv::Kia::Fuzzy_dataset_KIA_Soul_train.csv::full_trace::4457,-1,0,Kia,Fuzzy_dataset_KIA_Soul_train.csv
41,strong_campaign,ben_06-w09,ben_06,Hyundai::Fuzzy_HYUNDAI_Sonata_train.csv::Hyundai::Fuzzy_HYUNDAI_Sonata_train.csv::full_trace::1125,-1,0,Hyundai,Fuzzy_HYUNDAI_Sonata_train.csv
41,strong_campaign,ben_07-w00,ben_07,Kia::Attack_free_KIA_Soul_train.csv::Kia::Attack_free_KIA_Soul_train.csv::seg_test::1205,-1,0,Kia,Attack_free_KIA_Soul_train.csv
41,strong_campaign,ben_07-w01,ben_07,Hyundai::Attack_free_HY_Sonata_train.csv::Hyundai::Attack_free_HY_Sonata_train.csv::seg_test::181,-1,0,Hyundai,Attack_free_HY_Sonata_train.csv
41,strong_campaign,ben_07-w02,ben_07,Chevrolet::Malfunction_CHEVROLET_Spark_train.csv::Chevrolet::Malfunction_CHEVROLET_Spark_train.csv::seg_test::22,-1,0,Chevrolet,Malfunction_CHEVROLET_Spark_train.csv
41,strong_campaign,ben_07-w03,ben_07,Kia::Fuzzy_dataset_KIA_Soul_train.csv::Kia::Fuzzy_dataset_KIA_Soul_train.csv::full_trace::6777,-1,0,Kia,Fuzzy_dataset_KIA_Soul_train.csv
41,strong_campaign,ben_07-w04,ben_07,Chevrolet::Attack_free_CHEVROLET_Spark_train.csv::Chevrolet::Attack_free_CHEVROLET_Spark_train.csv::seg_test::313,-1,0,Chevrolet,Attack_free_CHEVROLET_Spark_train.csv
41,strong_campaign,ben_07-w05,ben_07,Kia::Attack_free_KIA_Soul_train.csv::Kia::Attack_free_KIA_Soul_train.csv::seg_test::1032,-1,0,Kia,Attack_free_KIA_Soul_train.csv
41,strong_campaign,ben_07-w06,ben_07,Kia::Fuzzy_dataset_KIA_Soul_train.csv::Kia::Fuzzy_dataset_KIA_Soul_train.csv::full_trace::2241,-1,0,Kia,Fuzzy_dataset_KIA_Soul_train.csv
41,strong_campaign,ben_07-w07,ben_07,Hyundai::Fuzzy_HYUNDAI_Sonata_train.csv::Hyundai::Fuzzy_HYUNDAI_Sonata_train.csv::full_trace::24,-1,0,Hyundai,Fuzzy_HYUNDAI_Sonata_train.csv
41,strong_campaign,ben_07-w08,ben_07,Kia::Fuzzy_dataset_KIA_Soul_train.csv::Kia::Fuzzy_dataset_KIA_Soul_train.csv::full_trace::3454,-1,0,Kia,Fuzzy_dataset_KIA_Soul_train.csv
41,strong_campaign,ben_07-w09,ben_07,Chevrolet::Attack_free_CHEVROLET_Spark_train.csv::Chevrolet::Attack_free_CHEVROLET_Spark_train.csv::seg_test::243,-1,0,Chevrolet,Attack_free_CHEVROLET_Spark_train.csv
41,strong_campaign,ben_08-w00,ben_08,Hyundai::Attack_free_HY_Sonata_train.csv::Hyundai::Attack_free_HY_Sonata_train.csv::seg_test::894,-1,0,Hyundai,Attack_free_HY_Sonata_train.csv
41,strong_campaign,ben_08-w01,ben_08,Kia::Fuzzy_dataset_KIA_Soul_train.csv::Kia::Fuzzy_dataset_KIA_Soul_train.csv::full_trace::9186,-1,0,Kia,Fuzzy_dataset_KIA_Soul_train.csv
41,strong_campaign,ben_08-w02,ben_08,Hyundai::Fuzzy_HYUNDAI_Sonata_train.csv::Hyundai::Fuzzy_HYUNDAI_Sonata_train.csv::full_trace::81,-1,0,Hyundai,Fuzzy_HYUNDAI_Sonata_train.csv
41,strong_campaign,ben_08-w03,ben_08,Kia::Attack_free_KIA_Soul_train.csv::Kia::Attack_free_KIA_Soul_train.csv::seg_test::894,-1,0,Kia,Attack_free_KIA_Soul_train.csv
41,strong_campaign,ben_08-w04,ben_08,Kia::Fuzzy_dataset_KIA_Soul_train.csv::Kia::Fuzzy_dataset_KIA_Soul_train.csv::full_trace::4669,-1,0,Kia,Fuzzy_dataset_KIA_Soul_train.csv
41,strong_campaign,ben_08-w05,ben_08,Chevrolet::Attack_free_CHEVROLET_Spark_train.csv::Chevrolet::Attack_free_CHEVROLET_Spark_train.csv::seg_test::143,-1,0,Chevrolet,Attack_free_CHEVROLET_Spark_train.csv
41,strong_campaign,ben_08-w06,ben_08,Chevrolet::Attack_free_CHEVROLET_Spark_train.csv::Chevrolet::Attack_free_CHEVROLET_Spark_train.csv::seg_test::245,-1,0,Chevrolet,Attack_free_CHEVROLET_Spark_train.csv
41,strong_campaign,ben_08-w07,ben_08,Chevrolet::Malfunction_CHEVROLET_Spark_train.csv::Chevrolet::Malfunction_CHEVROLET_Spark_train.csv::seg_test::19,-1,0,Chevrolet,Malfunction_CHEVROLET_Spark_train.csv
41,strong_campaign,ben_08-w08,ben_08,Kia::Fuzzy_dataset_KIA_Soul_train.csv::Kia::Fuzzy_dataset_KIA_Soul_train.csv::full_trace::6768,-1,0,Kia,Fuzzy_dataset_KIA_Soul_train.csv
41,strong_campaign,ben_08-w09,ben_08,Hyundai::Fuzzy_HYUNDAI_Sonata_train.csv::Hyundai::Fuzzy_HYUNDAI_Sonata_train.csv::full_trace::2,-1,0,Hyundai,Fuzzy_HYUNDAI_Sonata_train.csv
41,strong_campaign,ben_09-w00,ben_09,Hyundai::Attack_free_HY_Sonata_train.csv::Hyundai::Attack_free_HY_Sonata_train.csv::seg_test::741,-1,0,Hyundai,Attack_free_HY_Sonata_train.csv
41,strong_campaign,ben_09-w01,ben_09,Kia::Fuzzy_dataset_KIA_Soul_train.csv::Kia::Fuzzy_dataset_KIA_Soul_train.csv::full_trace::8089,-1,0,Kia,Fuzzy_dataset_KIA_Soul_train.csv
41,strong_campaign,ben_09-w02,ben_09,Kia::Fuzzy_dataset_KIA_Soul_train.csv::Kia::Fuzzy_dataset_KIA_Soul_train.csv::full_trace::4495,-1,0,Kia,Fuzzy_dataset_KIA_Soul_train.csv
41,strong_campaign,ben_09-w03,ben_09,Hyundai::Attack_free_HY_Sonata_train.csv::Hyundai::Attack_free_HY_Sonata_train.csv::seg_test::1180,-1,0,Hyundai,Attack_free_HY_Sonata_train.csv
41,strong_campaign,ben_09-w04,ben_09,Kia::Fuzzy_dataset_KIA_Soul_train.csv::Kia::Fuzzy_dataset_KIA_Soul_train.csv::full_trace::5567,-1,0,Kia,Fuzzy_dataset_KIA_Soul_train.csv
41,strong_campaign,ben_09-w05,ben_09,Hyundai::Fuzzy_HYUNDAI_Sonata_train.csv::Hyundai::Fuzzy_HYUNDAI_Sonata_train.csv::full_trace::315,-1,0,Hyundai,Fuzzy_HYUNDAI_Sonata_train.csv
41,strong_campaign,ben_09-w06,ben_09,Kia::Fuzzy_dataset_KIA_Soul_train.csv::Kia::Fuzzy_dataset_KIA_Soul_train.csv::full_trace::9055,-1,0,Kia,Fuzzy_dataset_KIA_Soul_train.csv
41,strong_campaign,ben_09-w07,ben_09,Kia::Fuzzy_dataset_KIA_Soul_train.csv::Kia::Fuzzy_dataset_KIA_Soul_train.csv::full_trace::74,-1,0,Kia,Fuzzy_dataset_KIA_Soul_train.csv
41,strong_campaign,ben_09-w08,ben_09,Hyundai::Fuzzy_HYUNDAI_Sonata_train.csv::Hyundai::Fuzzy_HYUNDAI_Sonata_train.csv::full_trace::1637,-1,0,Hyundai,Fuzzy_HYUNDAI_Sonata_train.csv
41,strong_campaign,ben_09-w09,ben_09,Kia::Fuzzy_dataset_KIA_Soul_train.csv::Kia::Fuzzy_dataset_KIA_Soul_train.csv::full_trace::2306,-1,0,Kia,Fuzzy_dataset_KIA_Soul_train.csv
41,strong_campaign,ben_10-w00,ben_10,Kia::Fuzzy_dataset_KIA_Soul_train.csv::Kia::Fuzzy_dataset_KIA_Soul_train.csv::full_trace::6704,-1,0,Kia,Fuzzy_dataset_KIA_Soul_train.csv
41,strong_campaign,ben_10-w01,ben_10,Kia::Fuzzy_dataset_KIA_Soul_train.csv::Kia::Fuzzy_dataset_KIA_Soul_train.csv::full_trace::2295,-1,0,Kia,Fuzzy_dataset_KIA_Soul_train.csv
41,strong_campaign,ben_10-w02,ben_10,Hyundai::Attack_free_HY_Sonata_train.csv::Hyundai::Attack_free_HY_Sonata_train.csv::seg_test::1159,-1,0,Hyundai,Attack_free_HY_Sonata_train.csv
41,strong_campaign,ben_10-w03,ben_10,Kia::Attack_free_KIA_Soul_train.csv::Kia::Attack_free_KIA_Soul_train.csv::seg_test::855,-1,0,Kia,Attack_free_KIA_Soul_train.csv
41,strong_campaign,ben_10-w04,ben_10,Hyundai::Fuzzy_HYUNDAI_Sonata_train.csv::Hyundai::Fuzzy_HYUNDAI_Sonata_train.csv::full_trace::514,-1,0,Hyundai,Fuzzy_HYUNDAI_Sonata_train.csv
41,strong_campaign,ben_10-w05,ben_10,Hyundai::Attack_free_HY_Sonata_train.csv::Hyundai::Attack_free_HY_Sonata_train.csv::seg_test::414,-1,0,Hyundai,Attack_free_HY_Sonata_train.csv
41,strong_campaign,ben_10-w06,ben_10,Kia::Fuzzy_dataset_KIA_Soul_train.csv::Kia::Fuzzy_dataset_KIA_Soul_train.csv::full_trace::5910,-1,0,Kia,Fuzzy_dataset_KIA_Soul_train.csv
41,strong_campaign,ben_10-w07,ben_10,Kia::Fuzzy_dataset_KIA_Soul_train.csv::Kia::Fuzzy_dataset_KIA_Soul_train.csv::full_trace::6990,-1,0,Kia,Fuzzy_dataset_KIA_Soul_train.csv
41,strong_campaign,ben_10-w08,ben_10,Hyundai::Attack_free_HY_Sonata_train.csv::Hyundai::Attack_free_HY_Sonata_train.csv::seg_test::1005,-1,0,Hyundai,Attack_free_HY_Sonata_train.csv
41,strong_campaign,ben_10-w09,ben_10,Kia::Fuzzy_dataset_KIA_Soul_train.csv::Kia::Fuzzy_dataset_KIA_Soul_train.csv::full_trace::7997,-1,0,Kia,Fuzzy_dataset_KIA_Soul_train.csv
41,strong_campaign,ben_11-w00,ben_11,Kia::Fuzzy_dataset_KIA_Soul_train.csv::Kia::Fuzzy_dataset_KIA_Soul_train.csv::full_trace::7877,-1,0,Kia,Fuzzy_dataset_KIA_Soul_train.csv
41,strong_campaign,ben_11-w01,ben_11,Kia::Fuzzy_dataset_KIA_Soul_train.csv::Kia::Fuzzy_dataset_KIA_Soul_train.csv::full_trace::1298,-1,0,Kia,Fuzzy_dataset_KIA_Soul_train.csv
41,strong_campaign,ben_11-w02,ben_11,Kia::Fuzzy_dataset_KIA_Soul_train.csv::Kia::Fuzzy_dataset_KIA_Soul_train.csv::full_trace::2144,-1,0,Kia,Fuzzy_dataset_KIA_Soul_train.csv
41,strong_campaign,ben_11-w03,ben_11,Kia::Fuzzy_dataset_KIA_Soul_train.csv::Kia::Fuzzy_dataset_KIA_Soul_train.csv::full_trace::8182,-1,0,Kia,Fuzzy_dataset_KIA_Soul_train.csv
41,strong_campaign,ben_11-w04,ben_11,Kia::Fuzzy_dataset_KIA_Soul_train.csv::Kia::Fuzzy_dataset_KIA_Soul_train.csv::full_trace::2229,-1,0,Kia,Fuzzy_dataset_KIA_Soul_train.csv
41,strong_campaign,ben_11-w05,ben_11,Kia::Fuzzy_dataset_KIA_Soul_train.csv::Kia::Fuzzy_dataset_KIA_Soul_train.csv::full_trace::3582,-1,0,Kia,Fuzzy_dataset_KIA_Soul_train.csv
41,strong_campaign,ben_11-w06,ben_11,Kia::Fuzzy_dataset_KIA_Soul_train.csv::Kia::Fuzzy_dataset_KIA_Soul_train.csv::full_trace::8805,-1,0,Kia,Fuzzy_dataset_KIA_Soul_train.csv
41,strong_campaign,ben_11-w07,ben_11,Kia::Fuzzy_dataset_KIA_Soul_train.csv::Kia::Fuzzy_dataset_KIA_Soul_train.csv::full_trace::7044,-1,0,Kia,Fuzzy_dataset_KIA_Soul_train.csv
41,strong_campaign,ben_11-w08,ben_11,Kia::Attack_free_KIA_Soul_train.csv::Kia::Attack_free_KIA_Soul_train.csv::seg_test::212,-1,0,Kia,Attack_free_KIA_Soul_train.csv
41,strong_campaign,ben_11-w09,ben_11,Kia::Fuzzy_dataset_KIA_Soul_train.csv::Kia::Fuzzy_dataset_KIA_Soul_train.csv::full_trace::6818,-1,0,Kia,Fuzzy_dataset_KIA_Soul_train.csv
41,strong_campaign,ben_12-w00,ben_12,Hyundai::Attack_free_HY_Sonata_train.csv::Hyundai::Attack_free_HY_Sonata_train.csv::seg_test::900,-1,0,Hyundai,Attack_free_HY_Sonata_train.csv
41,strong_campaign,ben_12-w01,ben_12,Hyundai::Fuzzy_HYUNDAI_Sonata_train.csv::Hyundai::Fuzzy_HYUNDAI_Sonata_train.csv::full_trace::257,-1,0,Hyundai,Fuzzy_HYUNDAI_Sonata_train.csv
41,strong_campaign,ben_12-w02,ben_12,Kia::Fuzzy_dataset_KIA_Soul_train.csv::Kia::Fuzzy_dataset_KIA_Soul_train.csv::full_trace::1332,-1,0,Kia,Fuzzy_dataset_KIA_Soul_train.csv
41,strong_campaign,ben_12-w03,ben_12,Kia::Attack_free_KIA_Soul_train.csv::Kia::Attack_free_KIA_Soul_train.csv::seg_test::65,-1,0,Kia,Attack_free_KIA_Soul_train.csv
41,strong_campaign,ben_12-w04,ben_12,Hyundai::Fuzzy_HYUNDAI_Sonata_train.csv::Hyundai::Fuzzy_HYUNDAI_Sonata_train.csv::full_trace::1204,-1,0,Hyundai,Fuzzy_HYUNDAI_Sonata_train.csv
41,strong_campaign,ben_12-w05,ben_12,Kia::Fuzzy_dataset_KIA_Soul_train.csv::Kia::Fuzzy_dataset_KIA_Soul_train.csv::full_trace::2170,-1,0,Kia,Fuzzy_dataset_KIA_Soul_train.csv
41,strong_campaign,ben_12-w06,ben_12,Chevrolet::Malfunction_CHEVROLET_Spark_train.csv::Chevrolet::Malfunction_CHEVROLET_Spark_train.csv::seg_test::28,-1,0,Chevrolet,Malfunction_CHEVROLET_Spark_train.csv
41,strong_campaign,ben_12-w07,ben_12,Hyundai::Fuzzy_HYUNDAI_Sonata_train.csv::Hyundai::Fuzzy_HYUNDAI_Sonata_train.csv::full_trace::736,-1,0,Hyundai,Fuzzy_HYUNDAI_Sonata_train.csv
41,strong_campaign,ben_12-w08,ben_12,Kia::Fuzzy_dataset_KIA_Soul_train.csv::Kia::Fuzzy_dataset_KIA_Soul_train.csv::full_trace::6894,-1,0,Kia,Fuzzy_dataset_KIA_Soul_train.csv
41,strong_campaign,ben_12-w09,ben_12,Kia::Fuzzy_dataset_KIA_Soul_train.csv::Kia::Fuzzy_dataset_KIA_Soul_train.csv::full_trace::6953,-1,0,Kia,Fuzzy_dataset_KIA_Soul_train.csv
41,strong_campaign,ben_13-w00,ben_13,Kia::Fuzzy_dataset_KIA_Soul_train.csv::Kia::Fuzzy_dataset_KIA_Soul_train.csv::full_trace::3248,-1,0,Kia,Fuzzy_dataset_KIA_Soul_train.csv
41,strong_campaign,ben_13-w01,ben_13,Hyundai::Fuzzy_HYUNDAI_Sonata_train.csv::Hyundai::Fuzzy_HYUNDAI_Sonata_train.csv::full_trace::541,-1,0,Hyundai,Fuzzy_HYUNDAI_Sonata_train.csv
41,strong_campaign,ben_13-w02,ben_13,Kia::Fuzzy_dataset_KIA_Soul_train.csv::Kia::Fuzzy_dataset_KIA_Soul_train.csv::full_trace::5866,-1,0,Kia,Fuzzy_dataset_KIA_Soul_train.csv
41,strong_campaign,ben_13-w03,ben_13,Hyundai::Attack_free_HY_Sonata_train.csv::Hyundai::Attack_free_HY_Sonata_train.csv::seg_test::824,-1,0,Hyundai,Attack_free_HY_Sonata_train.csv
41,strong_campaign,ben_13-w04,ben_13,Hyundai::Fuzzy_HYUNDAI_Sonata_train.csv::Hyundai::Fuzzy_HYUNDAI_Sonata_train.csv::full_trace::469,-1,0,Hyundai,Fuzzy_HYUNDAI_Sonata_train.csv
41,strong_campaign,ben_13-w05,ben_13,Chevrolet::Attack_free_CHEVROLET_Spark_train.csv::Chevrolet::Attack_free_CHEVROLET_Spark_train.csv::seg_test::116,-1,0,Chevrolet,Attack_free_CHEVROLET_Spark_train.csv
41,strong_campaign,ben_13-w06,ben_13,Kia::Attack_free_KIA_Soul_train.csv::Kia::Attack_free_KIA_Soul_train.csv::seg_test::928,-1,0,Kia,Attack_free_KIA_Soul_train.csv
41,strong_campaign,ben_13-w07,ben_13,Chevrolet::Attack_free_CHEVROLET_Spark_train.csv::Chevrolet::Attack_free_CHEVROLET_Spark_train.csv::seg_test::188,-1,0,Chevrolet,Attack_free_CHEVROLET_Spark_train.csv
41,strong_campaign,ben_13-w08,ben_13,Kia::Attack_free_KIA_Soul_train.csv::Kia::Attack_free_KIA_Soul_train.csv::seg_test::993,-1,0,Kia,Attack_free_KIA_Soul_train.csv
41,strong_campaign,ben_13-w09,ben_13,Kia::Fuzzy_dataset_KIA_Soul_train.csv::Kia::Fuzzy_dataset_KIA_Soul_train.csv::full_trace::3647,-1,0,Kia,Fuzzy_dataset_KIA_Soul_train.csv
41,strong_campaign,ben_14-w00,ben_14,Hyundai::Attack_free_HY_Sonata_train.csv::Hyundai::Attack_free_HY_Sonata_train.csv::seg_test::690,-1,0,Hyundai,Attack_free_HY_Sonata_train.csv
41,strong_campaign,ben_14-w01,ben_14,Kia::Attack_free_KIA_Soul_train.csv::Kia::Attack_free_KIA_Soul_train.csv::seg_test::1253,-1,0,Kia,Attack_free_KIA_Soul_train.csv
41,strong_campaign,ben_14-w02,ben_14,Kia::Attack_free_KIA_Soul_train.csv::Kia::Attack_free_KIA_Soul_train.csv::seg_test::987,-1,0,Kia,Attack_free_KIA_Soul_train.csv
41,strong_campaign,ben_14-w03,ben_14,Kia::Fuzzy_dataset_KIA_Soul_train.csv::Kia::Fuzzy_dataset_KIA_Soul_train.csv::full_trace::3532,-1,0,Kia,Fuzzy_dataset_KIA_Soul_train.csv
41,strong_campaign,ben_14-w04,ben_14,Hyundai::Fuzzy_HYUNDAI_Sonata_train.csv::Hyundai::Fuzzy_HYUNDAI_Sonata_train.csv::full_trace::241,-1,0,Hyundai,Fuzzy_HYUNDAI_Sonata_train.csv
41,strong_campaign,ben_14-w05,ben_14,Hyundai::Fuzzy_HYUNDAI_Sonata_train.csv::Hyundai::Fuzzy_HYUNDAI_Sonata_train.csv::full_trace::631,-1,0,Hyundai,Fuzzy_HYUNDAI_Sonata_train.csv
41,strong_campaign,ben_14-w06,ben_14,Hyundai::Fuzzy_HYUNDAI_Sonata_train.csv::Hyundai::Fuzzy_HYUNDAI_Sonata_train.csv::full_trace::638,-1,0,Hyundai,Fuzzy_HYUNDAI_Sonata_train.csv
41,strong_campaign,ben_14-w07,ben_14,Kia::Fuzzy_dataset_KIA_Soul_train.csv::Kia::Fuzzy_dataset_KIA_Soul_train.csv::full_trace::6871,-1,0,Kia,Fuzzy_dataset_KIA_Soul_train.csv
41,strong_campaign,ben_14-w08,ben_14,Kia::Fuzzy_dataset_KIA_Soul_train.csv::Kia::Fuzzy_dataset_KIA_Soul_train.csv::full_trace::5771,-1,0,Kia,Fuzzy_dataset_KIA_Soul_train.csv
41,strong_campaign,ben_14-w09,ben_14,Kia::Fuzzy_dataset_KIA_Soul_train.csv::Kia::Fuzzy_dataset_KIA_Soul_train.csv::full_trace::3635,-1,0,Kia,Fuzzy_dataset_KIA_Soul_train.csv
41,unrelated_incidents,ind_00-w00,ind_00,Kia::Fuzzy_dataset_KIA_Soul_train.csv::Kia::Fuzzy_dataset_KIA_Soul_train.csv::full_trace::6609,0,1,Kia,Fuzzy_dataset_KIA_Soul_train.csv
41,unrelated_incidents,ind_00-w01,ind_00,Kia::Fuzzy_dataset_KIA_Soul_train.csv::Kia::Fuzzy_dataset_KIA_Soul_train.csv::full_trace::6233,0,1,Kia,Fuzzy_dataset_KIA_Soul_train.csv
41,unrelated_incidents,ind_00-w02,ind_00,Kia::Fuzzy_dataset_KIA_Soul_train.csv::Kia::Fuzzy_dataset_KIA_Soul_train.csv::full_trace::7408,0,1,Kia,Fuzzy_dataset_KIA_Soul_train.csv
41,unrelated_incidents,ind_00-w03,ind_00,Kia::Fuzzy_dataset_KIA_Soul_train.csv::Kia::Fuzzy_dataset_KIA_Soul_train.csv::full_trace::8611,0,1,Kia,Fuzzy_dataset_KIA_Soul_train.csv
41,unrelated_incidents,ind_00-w04,ind_00,Kia::Fuzzy_dataset_KIA_Soul_train.csv::Kia::Fuzzy_dataset_KIA_Soul_train.csv::full_trace::5954,0,1,Kia,Fuzzy_dataset_KIA_Soul_train.csv
41,unrelated_incidents,ind_00-w05,ind_00,Hyundai::Fuzzy_HYUNDAI_Sonata_train.csv::Hyundai::Fuzzy_HYUNDAI_Sonata_train.csv::full_trace::140,-1,0,Hyundai,Fuzzy_HYUNDAI_Sonata_train.csv
41,unrelated_incidents,ind_00-w06,ind_00,Chevrolet::Flooding_CHEVROLET_Spark_train.csv::Chevrolet::Flooding_CHEVROLET_Spark_train.csv::seg_test::200,-1,0,Chevrolet,Flooding_CHEVROLET_Spark_train.csv
41,unrelated_incidents,ind_00-w07,ind_00,Kia::Fuzzy_dataset_KIA_Soul_train.csv::Kia::Fuzzy_dataset_KIA_Soul_train.csv::full_trace::7990,-1,0,Kia,Fuzzy_dataset_KIA_Soul_train.csv
41,unrelated_incidents,ind_00-w08,ind_00,Kia::Attack_free_KIA_Soul_train.csv::Kia::Attack_free_KIA_Soul_train.csv::seg_test::334,-1,0,Kia,Attack_free_KIA_Soul_train.csv
41,unrelated_incidents,ind_00-w09,ind_00,Kia::Fuzzy_dataset_KIA_Soul_train.csv::Kia::Fuzzy_dataset_KIA_Soul_train.csv::full_trace::229,-1,0,Kia,Fuzzy_dataset_KIA_Soul_train.csv
41,unrelated_incidents,ind_01-w00,ind_01,Chevrolet::Flooding_CHEVROLET_Spark_train.csv::Chevrolet::Flooding_CHEVROLET_Spark_train.csv::seg_test::192,1,1,Chevrolet,Flooding_CHEVROLET_Spark_train.csv
41,unrelated_incidents,ind_01-w01,ind_01,Chevrolet::Flooding_CHEVROLET_Spark_train.csv::Chevrolet::Flooding_CHEVROLET_Spark_train.csv::seg_test::96,1,1,Chevrolet,Flooding_CHEVROLET_Spark_train.csv
41,unrelated_incidents,ind_01-w02,ind_01,Chevrolet::Flooding_CHEVROLET_Spark_train.csv::Chevrolet::Flooding_CHEVROLET_Spark_train.csv::seg_test::143,1,1,Chevrolet,Flooding_CHEVROLET_Spark_train.csv
41,unrelated_incidents,ind_01-w03,ind_01,Chevrolet::Flooding_CHEVROLET_Spark_train.csv::Chevrolet::Flooding_CHEVROLET_Spark_train.csv::seg_test::120,1,1,Chevrolet,Flooding_CHEVROLET_Spark_train.csv
41,unrelated_incidents,ind_01-w04,ind_01,Chevrolet::Flooding_CHEVROLET_Spark_train.csv::Chevrolet::Flooding_CHEVROLET_Spark_train.csv::seg_test::66,1,1,Chevrolet,Flooding_CHEVROLET_Spark_train.csv
41,unrelated_incidents,ind_01-w05,ind_01,Hyundai::Fuzzy_HYUNDAI_Sonata_train.csv::Hyundai::Fuzzy_HYUNDAI_Sonata_train.csv::full_trace::492,-1,0,Hyundai,Fuzzy_HYUNDAI_Sonata_train.csv
41,unrelated_incidents,ind_01-w06,ind_01,Kia::Attack_free_KIA_Soul_train.csv::Kia::Attack_free_KIA_Soul_train.csv::seg_test::977,-1,0,Kia,Attack_free_KIA_Soul_train.csv
41,unrelated_incidents,ind_01-w07,ind_01,Chevrolet::Flooding_CHEVROLET_Spark_train.csv::Chevrolet::Flooding_CHEVROLET_Spark_train.csv::seg_test::204,-1,0,Chevrolet,Flooding_CHEVROLET_Spark_train.csv
41,unrelated_incidents,ind_01-w08,ind_01,Kia::Fuzzy_dataset_KIA_Soul_train.csv::Kia::Fuzzy_dataset_KIA_Soul_train.csv::full_trace::4370,-1,0,Kia,Fuzzy_dataset_KIA_Soul_train.csv
41,unrelated_incidents,ind_01-w09,ind_01,Kia::Fuzzy_dataset_KIA_Soul_train.csv::Kia::Fuzzy_dataset_KIA_Soul_train.csv::full_trace::2333,-1,0,Kia,Fuzzy_dataset_KIA_Soul_train.csv
41,unrelated_incidents,ind_02-w00,ind_02,Kia::Fuzzy_dataset_KIA_Soul_train.csv::Kia::Fuzzy_dataset_KIA_Soul_train.csv::full_trace::7087,2,1,Kia,Fuzzy_dataset_KIA_Soul_train.csv
41,unrelated_incidents,ind_02-w01,ind_02,Kia::Fuzzy_dataset_KIA_Soul_train.csv::Kia::Fuzzy_dataset_KIA_Soul_train.csv::full_trace::6335,2,1,Kia,Fuzzy_dataset_KIA_Soul_train.csv
41,unrelated_incidents,ind_02-w02,ind_02,Kia::Fuzzy_dataset_KIA_Soul_train.csv::Kia::Fuzzy_dataset_KIA_Soul_train.csv::full_trace::2962,2,1,Kia,Fuzzy_dataset_KIA_Soul_train.csv
41,unrelated_incidents,ind_02-w03,ind_02,Kia::Fuzzy_dataset_KIA_Soul_train.csv::Kia::Fuzzy_dataset_KIA_Soul_train.csv::full_trace::687,2,1,Kia,Fuzzy_dataset_KIA_Soul_train.csv
41,unrelated_incidents,ind_02-w04,ind_02,Kia::Fuzzy_dataset_KIA_Soul_train.csv::Kia::Fuzzy_dataset_KIA_Soul_train.csv::full_trace::6587,2,1,Kia,Fuzzy_dataset_KIA_Soul_train.csv
41,unrelated_incidents,ind_02-w05,ind_02,Chevrolet::Attack_free_CHEVROLET_Spark_train.csv::Chevrolet::Attack_free_CHEVROLET_Spark_train.csv::seg_test::17,-1,0,Chevrolet,Attack_free_CHEVROLET_Spark_train.csv
41,unrelated_incidents,ind_02-w06,ind_02,Hyundai::Attack_free_HY_Sonata_train.csv::Hyundai::Attack_free_HY_Sonata_train.csv::seg_test::887,-1,0,Hyundai,Attack_free_HY_Sonata_train.csv
41,unrelated_incidents,ind_02-w07,ind_02,Kia::Fuzzy_dataset_KIA_Soul_train.csv::Kia::Fuzzy_dataset_KIA_Soul_train.csv::full_trace::6705,-1,0,Kia,Fuzzy_dataset_KIA_Soul_train.csv
41,unrelated_incidents,ind_02-w08,ind_02,Kia::Fuzzy_dataset_KIA_Soul_train.csv::Kia::Fuzzy_dataset_KIA_Soul_train.csv::full_trace::4381,-1,0,Kia,Fuzzy_dataset_KIA_Soul_train.csv
41,unrelated_incidents,ind_02-w09,ind_02,Hyundai::Fuzzy_HYUNDAI_Sonata_train.csv::Hyundai::Fuzzy_HYUNDAI_Sonata_train.csv::full_trace::114,-1,0,Hyundai,Fuzzy_HYUNDAI_Sonata_train.csv
41,unrelated_incidents,ind_03-w00,ind_03,Chevrolet::Flooding_CHEVROLET_Spark_train.csv::Chevrolet::Flooding_CHEVROLET_Spark_train.csv::seg_test::83,3,1,Chevrolet,Flooding_CHEVROLET_Spark_train.csv
41,unrelated_incidents,ind_03-w01,ind_03,Chevrolet::Flooding_CHEVROLET_Spark_train.csv::Chevrolet::Flooding_CHEVROLET_Spark_train.csv::seg_test::173,3,1,Chevrolet,Flooding_CHEVROLET_Spark_train.csv
41,unrelated_incidents,ind_03-w02,ind_03,Chevrolet::Flooding_CHEVROLET_Spark_train.csv::Chevrolet::Flooding_CHEVROLET_Spark_train.csv::seg_test::43,3,1,Chevrolet,Flooding_CHEVROLET_Spark_train.csv
41,unrelated_incidents,ind_03-w03,ind_03,Chevrolet::Flooding_CHEVROLET_Spark_train.csv::Chevrolet::Flooding_CHEVROLET_Spark_train.csv::seg_test::169,3,1,Chevrolet,Flooding_CHEVROLET_Spark_train.csv
41,unrelated_incidents,ind_03-w04,ind_03,Chevrolet::Flooding_CHEVROLET_Spark_train.csv::Chevrolet::Flooding_CHEVROLET_Spark_train.csv::seg_test::29,3,1,Chevrolet,Flooding_CHEVROLET_Spark_train.csv
41,unrelated_incidents,ind_03-w05,ind_03,Kia::Fuzzy_dataset_KIA_Soul_train.csv::Kia::Fuzzy_dataset_KIA_Soul_train.csv::full_trace::6790,-1,0,Kia,Fuzzy_dataset_KIA_Soul_train.csv
41,unrelated_incidents,ind_03-w06,ind_03,Kia::Fuzzy_dataset_KIA_Soul_train.csv::Kia::Fuzzy_dataset_KIA_Soul_train.csv::full_trace::3442,-1,0,Kia,Fuzzy_dataset_KIA_Soul_train.csv
41,unrelated_incidents,ind_03-w07,ind_03,Kia::Fuzzy_dataset_KIA_Soul_train.csv::Kia::Fuzzy_dataset_KIA_Soul_train.csv::full_trace::6742,-1,0,Kia,Fuzzy_dataset_KIA_Soul_train.csv
41,unrelated_incidents,ind_03-w08,ind_03,Hyundai::Attack_free_HY_Sonata_train.csv::Hyundai::Attack_free_HY_Sonata_train.csv::seg_test::1185,-1,0,Hyundai,Attack_free_HY_Sonata_train.csv
41,unrelated_incidents,ind_03-w09,ind_03,Chevrolet::Malfunction_CHEVROLET_Spark_train.csv::Chevrolet::Malfunction_CHEVROLET_Spark_train.csv::seg_test::103,-1,0,Chevrolet,Malfunction_CHEVROLET_Spark_train.csv
41,unrelated_incidents,ind_04-w00,ind_04,Kia::Fuzzy_dataset_KIA_Soul_train.csv::Kia::Fuzzy_dataset_KIA_Soul_train.csv::full_trace::7486,4,1,Kia,Fuzzy_dataset_KIA_Soul_train.csv
41,unrelated_incidents,ind_04-w01,ind_04,Kia::Fuzzy_dataset_KIA_Soul_train.csv::Kia::Fuzzy_dataset_KIA_Soul_train.csv::full_trace::6236,4,1,Kia,Fuzzy_dataset_KIA_Soul_train.csv
41,unrelated_incidents,ind_04-w02,ind_04,Kia::Fuzzy_dataset_KIA_Soul_train.csv::Kia::Fuzzy_dataset_KIA_Soul_train.csv::full_trace::702,4,1,Kia,Fuzzy_dataset_KIA_Soul_train.csv
41,unrelated_incidents,ind_04-w03,ind_04,Kia::Fuzzy_dataset_KIA_Soul_train.csv::Kia::Fuzzy_dataset_KIA_Soul_train.csv::full_trace::2741,4,1,Kia,Fuzzy_dataset_KIA_Soul_train.csv
41,unrelated_incidents,ind_04-w04,ind_04,Kia::Fuzzy_dataset_KIA_Soul_train.csv::Kia::Fuzzy_dataset_KIA_Soul_train.csv::full_trace::6245,4,1,Kia,Fuzzy_dataset_KIA_Soul_train.csv
41,unrelated_incidents,ind_04-w05,ind_04,Kia::Attack_free_KIA_Soul_train.csv::Kia::Attack_free_KIA_Soul_train.csv::seg_test::154,-1,0,Kia,Attack_free_KIA_Soul_train.csv
41,unrelated_incidents,ind_04-w06,ind_04,Kia::Fuzzy_dataset_KIA_Soul_train.csv::Kia::Fuzzy_dataset_KIA_Soul_train.csv::full_trace::4711,-1,0,Kia,Fuzzy_dataset_KIA_Soul_train.csv
41,unrelated_incidents,ind_04-w07,ind_04,Hyundai::Fuzzy_HYUNDAI_Sonata_train.csv::Hyundai::Fuzzy_HYUNDAI_Sonata_train.csv::full_trace::739,-1,0,Hyundai,Fuzzy_HYUNDAI_Sonata_train.csv
41,unrelated_incidents,ind_04-w08,ind_04,Kia::Attack_free_KIA_Soul_train.csv::Kia::Attack_free_KIA_Soul_train.csv::seg_test::456,-1,0,Kia,Attack_free_KIA_Soul_train.csv
41,unrelated_incidents,ind_04-w09,ind_04,Kia::Fuzzy_dataset_KIA_Soul_train.csv::Kia::Fuzzy_dataset_KIA_Soul_train.csv::full_trace::8008,-1,0,Kia,Fuzzy_dataset_KIA_Soul_train.csv
41,unrelated_incidents,ben_00-w00,ben_00,Kia::Attack_free_KIA_Soul_train.csv::Kia::Attack_free_KIA_Soul_train.csv::seg_test::505,-1,0,Kia,Attack_free_KIA_Soul_train.csv
41,unrelated_incidents,ben_00-w01,ben_00,Kia::Attack_free_KIA_Soul_train.csv::Kia::Attack_free_KIA_Soul_train.csv::seg_test::575,-1,0,Kia,Attack_free_KIA_Soul_train.csv
41,unrelated_incidents,ben_00-w02,ben_00,Kia::Fuzzy_dataset_KIA_Soul_train.csv::Kia::Fuzzy_dataset_KIA_Soul_train.csv::full_trace::8852,-1,0,Kia,Fuzzy_dataset_KIA_Soul_train.csv
41,unrelated_incidents,ben_00-w03,ben_00,Chevrolet::Malfunction_CHEVROLET_Spark_train.csv::Chevrolet::Malfunction_CHEVROLET_Spark_train.csv::seg_test::23,-1,0,Chevrolet,Malfunction_CHEVROLET_Spark_train.csv
41,unrelated_incidents,ben_00-w04,ben_00,Hyundai::Fuzzy_HYUNDAI_Sonata_train.csv::Hyundai::Fuzzy_HYUNDAI_Sonata_train.csv::full_trace::154,-1,0,Hyundai,Fuzzy_HYUNDAI_Sonata_train.csv
41,unrelated_incidents,ben_00-w05,ben_00,Hyundai::Fuzzy_HYUNDAI_Sonata_train.csv::Hyundai::Fuzzy_HYUNDAI_Sonata_train.csv::full_trace::283,-1,0,Hyundai,Fuzzy_HYUNDAI_Sonata_train.csv
41,unrelated_incidents,ben_00-w06,ben_00,Hyundai::Attack_free_HY_Sonata_train.csv::Hyundai::Attack_free_HY_Sonata_train.csv::seg_test::1050,-1,0,Hyundai,Attack_free_HY_Sonata_train.csv
41,unrelated_incidents,ben_00-w07,ben_00,Hyundai::Attack_free_HY_Sonata_train.csv::Hyundai::Attack_free_HY_Sonata_train.csv::seg_test::1263,-1,0,Hyundai,Attack_free_HY_Sonata_train.csv
41,unrelated_incidents,ben_00-w08,ben_00,Kia::Fuzzy_dataset_KIA_Soul_train.csv::Kia::Fuzzy_dataset_KIA_Soul_train.csv::full_trace::8898,-1,0,Kia,Fuzzy_dataset_KIA_Soul_train.csv
41,unrelated_incidents,ben_00-w09,ben_00,Kia::Fuzzy_dataset_KIA_Soul_train.csv::Kia::Fuzzy_dataset_KIA_Soul_train.csv::full_trace::1309,-1,0,Kia,Fuzzy_dataset_KIA_Soul_train.csv
41,unrelated_incidents,ben_01-w00,ben_01,Hyundai::Fuzzy_HYUNDAI_Sonata_train.csv::Hyundai::Fuzzy_HYUNDAI_Sonata_train.csv::full_trace::1603,-1,0,Hyundai,Fuzzy_HYUNDAI_Sonata_train.csv
41,unrelated_incidents,ben_01-w01,ben_01,Hyundai::Attack_free_HY_Sonata_train.csv::Hyundai::Attack_free_HY_Sonata_train.csv::seg_test::39,-1,0,Hyundai,Attack_free_HY_Sonata_train.csv
41,unrelated_incidents,ben_01-w02,ben_01,Hyundai::Fuzzy_HYUNDAI_Sonata_train.csv::Hyundai::Fuzzy_HYUNDAI_Sonata_train.csv::full_trace::194,-1,0,Hyundai,Fuzzy_HYUNDAI_Sonata_train.csv
41,unrelated_incidents,ben_01-w03,ben_01,Kia::Fuzzy_dataset_KIA_Soul_train.csv::Kia::Fuzzy_dataset_KIA_Soul_train.csv::full_trace::3318,-1,0,Kia,Fuzzy_dataset_KIA_Soul_train.csv
41,unrelated_incidents,ben_01-w04,ben_01,Hyundai::Fuzzy_HYUNDAI_Sonata_train.csv::Hyundai::Fuzzy_HYUNDAI_Sonata_train.csv::full_trace::758,-1,0,Hyundai,Fuzzy_HYUNDAI_Sonata_train.csv
41,unrelated_incidents,ben_01-w05,ben_01,Hyundai::Attack_free_HY_Sonata_train.csv::Hyundai::Attack_free_HY_Sonata_train.csv::seg_test::847,-1,0,Hyundai,Attack_free_HY_Sonata_train.csv
41,unrelated_incidents,ben_01-w06,ben_01,Hyundai::Attack_free_HY_Sonata_train.csv::Hyundai::Attack_free_HY_Sonata_train.csv::seg_test::1028,-1,0,Hyundai,Attack_free_HY_Sonata_train.csv
41,unrelated_incidents,ben_01-w07,ben_01,Kia::Fuzzy_dataset_KIA_Soul_train.csv::Kia::Fuzzy_dataset_KIA_Soul_train.csv::full_trace::5527,-1,0,Kia,Fuzzy_dataset_KIA_Soul_train.csv
41,unrelated_incidents,ben_01-w08,ben_01,Kia::Fuzzy_dataset_KIA_Soul_train.csv::Kia::Fuzzy_dataset_KIA_Soul_train.csv::full_trace::9169,-1,0,Kia,Fuzzy_dataset_KIA_Soul_train.csv
41,unrelated_incidents,ben_01-w09,ben_01,Kia::Fuzzy_dataset_KIA_Soul_train.csv::Kia::Fuzzy_dataset_KIA_Soul_train.csv::full_trace::171,-1,0,Kia,Fuzzy_dataset_KIA_Soul_train.csv
41,unrelated_incidents,ben_02-w00,ben_02,Hyundai::Attack_free_HY_Sonata_train.csv::Hyundai::Attack_free_HY_Sonata_train.csv::seg_test::68,-1,0,Hyundai,Attack_free_HY_Sonata_train.csv
41,unrelated_incidents,ben_02-w01,ben_02,Kia::Fuzzy_dataset_KIA_Soul_train.csv::Kia::Fuzzy_dataset_KIA_Soul_train.csv::full_trace::5875,-1,0,Kia,Fuzzy_dataset_KIA_Soul_train.csv
41,unrelated_incidents,ben_02-w02,ben_02,Hyundai::Attack_free_HY_Sonata_train.csv::Hyundai::Attack_free_HY_Sonata_train.csv::seg_test::273,-1,0,Hyundai,Attack_free_HY_Sonata_train.csv
41,unrelated_incidents,ben_02-w03,ben_02,Chevrolet::Flooding_CHEVROLET_Spark_train.csv::Chevrolet::Flooding_CHEVROLET_Spark_train.csv::seg_test::206,-1,0,Chevrolet,Flooding_CHEVROLET_Spark_train.csv
41,unrelated_incidents,ben_02-w04,ben_02,Kia::Fuzzy_dataset_KIA_Soul_train.csv::Kia::Fuzzy_dataset_KIA_Soul_train.csv::full_trace::3279,-1,0,Kia,Fuzzy_dataset_KIA_Soul_train.csv
41,unrelated_incidents,ben_02-w05,ben_02,Hyundai::Attack_free_HY_Sonata_train.csv::Hyundai::Attack_free_HY_Sonata_train.csv::seg_test::825,-1,0,Hyundai,Attack_free_HY_Sonata_train.csv
41,unrelated_incidents,ben_02-w06,ben_02,Kia::Fuzzy_dataset_KIA_Soul_train.csv::Kia::Fuzzy_dataset_KIA_Soul_train.csv::full_trace::7980,-1,0,Kia,Fuzzy_dataset_KIA_Soul_train.csv
41,unrelated_incidents,ben_02-w07,ben_02,Kia::Fuzzy_dataset_KIA_Soul_train.csv::Kia::Fuzzy_dataset_KIA_Soul_train.csv::full_trace::8866,-1,0,Kia,Fuzzy_dataset_KIA_Soul_train.csv
41,unrelated_incidents,ben_02-w08,ben_02,Kia::Fuzzy_dataset_KIA_Soul_train.csv::Kia::Fuzzy_dataset_KIA_Soul_train.csv::full_trace::1267,-1,0,Kia,Fuzzy_dataset_KIA_Soul_train.csv
41,unrelated_incidents,ben_02-w09,ben_02,Hyundai::Attack_free_HY_Sonata_train.csv::Hyundai::Attack_free_HY_Sonata_train.csv::seg_test::779,-1,0,Hyundai,Attack_free_HY_Sonata_train.csv
41,unrelated_incidents,ben_03-w00,ben_03,Hyundai::Attack_free_HY_Sonata_train.csv::Hyundai::Attack_free_HY_Sonata_train.csv::seg_test::1035,-1,0,Hyundai,Attack_free_HY_Sonata_train.csv
41,unrelated_incidents,ben_03-w01,ben_03,Kia::Fuzzy_dataset_KIA_Soul_train.csv::Kia::Fuzzy_dataset_KIA_Soul_train.csv::full_trace::2464,-1,0,Kia,Fuzzy_dataset_KIA_Soul_train.csv
41,unrelated_incidents,ben_03-w02,ben_03,Kia::Fuzzy_dataset_KIA_Soul_train.csv::Kia::Fuzzy_dataset_KIA_Soul_train.csv::full_trace::9195,-1,0,Kia,Fuzzy_dataset_KIA_Soul_train.csv
41,unrelated_incidents,ben_03-w03,ben_03,Hyundai::Attack_free_HY_Sonata_train.csv::Hyundai::Attack_free_HY_Sonata_train.csv::seg_test::1049,-1,0,Hyundai,Attack_free_HY_Sonata_train.csv
41,unrelated_incidents,ben_03-w04,ben_03,Kia::Fuzzy_dataset_KIA_Soul_train.csv::Kia::Fuzzy_dataset_KIA_Soul_train.csv::full_trace::5746,-1,0,Kia,Fuzzy_dataset_KIA_Soul_train.csv
41,unrelated_incidents,ben_03-w05,ben_03,Kia::Attack_free_KIA_Soul_train.csv::Kia::Attack_free_KIA_Soul_train.csv::seg_test::774,-1,0,Kia,Attack_free_KIA_Soul_train.csv
41,unrelated_incidents,ben_03-w06,ben_03,Hyundai::Attack_free_HY_Sonata_train.csv::Hyundai::Attack_free_HY_Sonata_train.csv::seg_test::1087,-1,0,Hyundai,Attack_free_HY_Sonata_train.csv
41,unrelated_incidents,ben_03-w07,ben_03,Kia::Fuzzy_dataset_KIA_Soul_train.csv::Kia::Fuzzy_dataset_KIA_Soul_train.csv::full_trace::2217,-1,0,Kia,Fuzzy_dataset_KIA_Soul_train.csv
41,unrelated_incidents,ben_03-w08,ben_03,Kia::Fuzzy_dataset_KIA_Soul_train.csv::Kia::Fuzzy_dataset_KIA_Soul_train.csv::full_trace::1191,-1,0,Kia,Fuzzy_dataset_KIA_Soul_train.csv
41,unrelated_incidents,ben_03-w09,ben_03,Hyundai::Attack_free_HY_Sonata_train.csv::Hyundai::Attack_free_HY_Sonata_train.csv::seg_test::569,-1,0,Hyundai,Attack_free_HY_Sonata_train.csv
41,unrelated_incidents,ben_04-w00,ben_04,Kia::Fuzzy_dataset_KIA_Soul_train.csv::Kia::Fuzzy_dataset_KIA_Soul_train.csv::full_trace::4719,-1,0,Kia,Fuzzy_dataset_KIA_Soul_train.csv
41,unrelated_incidents,ben_04-w01,ben_04,Hyundai::Attack_free_HY_Sonata_train.csv::Hyundai::Attack_free_HY_Sonata_train.csv::seg_test::1069,-1,0,Hyundai,Attack_free_HY_Sonata_train.csv
41,unrelated_incidents,ben_04-w02,ben_04,Chevrolet::Attack_free_CHEVROLET_Spark_train.csv::Chevrolet::Attack_free_CHEVROLET_Spark_train.csv::seg_test::334,-1,0,Chevrolet,Attack_free_CHEVROLET_Spark_train.csv
41,unrelated_incidents,ben_04-w03,ben_04,Kia::Fuzzy_dataset_KIA_Soul_train.csv::Kia::Fuzzy_dataset_KIA_Soul_train.csv::full_trace::5784,-1,0,Kia,Fuzzy_dataset_KIA_Soul_train.csv
41,unrelated_incidents,ben_04-w04,ben_04,Chevrolet::Malfunction_CHEVROLET_Spark_train.csv::Chevrolet::Malfunction_CHEVROLET_Spark_train.csv::seg_test::84,-1,0,Chevrolet,Malfunction_CHEVROLET_Spark_train.csv
41,unrelated_incidents,ben_04-w05,ben_04,Kia::Fuzzy_dataset_KIA_Soul_train.csv::Kia::Fuzzy_dataset_KIA_Soul_train.csv::full_trace::3432,-1,0,Kia,Fuzzy_dataset_KIA_Soul_train.csv
41,unrelated_incidents,ben_04-w06,ben_04,Hyundai::Attack_free_HY_Sonata_train.csv::Hyundai::Attack_free_HY_Sonata_train.csv::seg_test::609,-1,0,Hyundai,Attack_free_HY_Sonata_train.csv
41,unrelated_incidents,ben_04-w07,ben_04,Hyundai::Fuzzy_HYUNDAI_Sonata_train.csv::Hyundai::Fuzzy_HYUNDAI_Sonata_train.csv::full_trace::88,-1,0,Hyundai,Fuzzy_HYUNDAI_Sonata_train.csv
41,unrelated_incidents,ben_04-w08,ben_04,Hyundai::Fuzzy_HYUNDAI_Sonata_train.csv::Hyundai::Fuzzy_HYUNDAI_Sonata_train.csv::full_trace::198,-1,0,Hyundai,Fuzzy_HYUNDAI_Sonata_train.csv
41,unrelated_incidents,ben_04-w09,ben_04,Kia::Attack_free_KIA_Soul_train.csv::Kia::Attack_free_KIA_Soul_train.csv::seg_test::1011,-1,0,Kia,Attack_free_KIA_Soul_train.csv
41,unrelated_incidents,ben_05-w00,ben_05,Kia::Fuzzy_dataset_KIA_Soul_train.csv::Kia::Fuzzy_dataset_KIA_Soul_train.csv::full_trace::109,-1,0,Kia,Fuzzy_dataset_KIA_Soul_train.csv
41,unrelated_incidents,ben_05-w01,ben_05,Hyundai::Fuzzy_HYUNDAI_Sonata_train.csv::Hyundai::Fuzzy_HYUNDAI_Sonata_train.csv::full_trace::487,-1,0,Hyundai,Fuzzy_HYUNDAI_Sonata_train.csv
41,unrelated_incidents,ben_05-w02,ben_05,Kia::Attack_free_KIA_Soul_train.csv::Kia::Attack_free_KIA_Soul_train.csv::seg_test::436,-1,0,Kia,Attack_free_KIA_Soul_train.csv
41,unrelated_incidents,ben_05-w03,ben_05,Hyundai::Fuzzy_HYUNDAI_Sonata_train.csv::Hyundai::Fuzzy_HYUNDAI_Sonata_train.csv::full_trace::583,-1,0,Hyundai,Fuzzy_HYUNDAI_Sonata_train.csv
41,unrelated_incidents,ben_05-w04,ben_05,Kia::Fuzzy_dataset_KIA_Soul_train.csv::Kia::Fuzzy_dataset_KIA_Soul_train.csv::full_trace::8849,-1,0,Kia,Fuzzy_dataset_KIA_Soul_train.csv
41,unrelated_incidents,ben_05-w05,ben_05,Kia::Fuzzy_dataset_KIA_Soul_train.csv::Kia::Fuzzy_dataset_KIA_Soul_train.csv::full_trace::991,-1,0,Kia,Fuzzy_dataset_KIA_Soul_train.csv
41,unrelated_incidents,ben_05-w06,ben_05,Kia::Fuzzy_dataset_KIA_Soul_train.csv::Kia::Fuzzy_dataset_KIA_Soul_train.csv::full_trace::6793,-1,0,Kia,Fuzzy_dataset_KIA_Soul_train.csv
41,unrelated_incidents,ben_05-w07,ben_05,Kia::Fuzzy_dataset_KIA_Soul_train.csv::Kia::Fuzzy_dataset_KIA_Soul_train.csv::full_trace::3386,-1,0,Kia,Fuzzy_dataset_KIA_Soul_train.csv
41,unrelated_incidents,ben_05-w08,ben_05,Kia::Attack_free_KIA_Soul_train.csv::Kia::Attack_free_KIA_Soul_train.csv::seg_test::607,-1,0,Kia,Attack_free_KIA_Soul_train.csv
41,unrelated_incidents,ben_05-w09,ben_05,Kia::Attack_free_KIA_Soul_train.csv::Kia::Attack_free_KIA_Soul_train.csv::seg_test::1198,-1,0,Kia,Attack_free_KIA_Soul_train.csv
41,unrelated_incidents,ben_06-w00,ben_06,Hyundai::Attack_free_HY_Sonata_train.csv::Hyundai::Attack_free_HY_Sonata_train.csv::seg_test::1128,-1,0,Hyundai,Attack_free_HY_Sonata_train.csv
41,unrelated_incidents,ben_06-w01,ben_06,Kia::Attack_free_KIA_Soul_train.csv::Kia::Attack_free_KIA_Soul_train.csv::seg_test::1214,-1,0,Kia,Attack_free_KIA_Soul_train.csv
41,unrelated_incidents,ben_06-w02,ben_06,Hyundai::Attack_free_HY_Sonata_train.csv::Hyundai::Attack_free_HY_Sonata_train.csv::seg_test::460,-1,0,Hyundai,Attack_free_HY_Sonata_train.csv
41,unrelated_incidents,ben_06-w03,ben_06,Kia::Fuzzy_dataset_KIA_Soul_train.csv::Kia::Fuzzy_dataset_KIA_Soul_train.csv::full_trace::8077,-1,0,Kia,Fuzzy_dataset_KIA_Soul_train.csv
41,unrelated_incidents,ben_06-w04,ben_06,Kia::Fuzzy_dataset_KIA_Soul_train.csv::Kia::Fuzzy_dataset_KIA_Soul_train.csv::full_trace::8003,-1,0,Kia,Fuzzy_dataset_KIA_Soul_train.csv
41,unrelated_incidents,ben_06-w05,ben_06,Hyundai::Fuzzy_HYUNDAI_Sonata_train.csv::Hyundai::Fuzzy_HYUNDAI_Sonata_train.csv::full_trace::228,-1,0,Hyundai,Fuzzy_HYUNDAI_Sonata_train.csv
41,unrelated_incidents,ben_06-w06,ben_06,Kia::Fuzzy_dataset_KIA_Soul_train.csv::Kia::Fuzzy_dataset_KIA_Soul_train.csv::full_trace::5794,-1,0,Kia,Fuzzy_dataset_KIA_Soul_train.csv
41,unrelated_incidents,ben_06-w07,ben_06,Kia::Attack_free_KIA_Soul_train.csv::Kia::Attack_free_KIA_Soul_train.csv::seg_test::458,-1,0,Kia,Attack_free_KIA_Soul_train.csv
41,unrelated_incidents,ben_06-w08,ben_06,Kia::Fuzzy_dataset_KIA_Soul_train.csv::Kia::Fuzzy_dataset_KIA_Soul_train.csv::full_trace::4459,-1,0,Kia,Fuzzy_dataset_KIA_Soul_train.csv
41,unrelated_incidents,ben_06-w09,ben_06,Hyundai::Fuzzy_HYUNDAI_Sonata_train.csv::Hyundai::Fuzzy_HYUNDAI_Sonata_train.csv::full_trace::1123,-1,0,Hyundai,Fuzzy_HYUNDAI_Sonata_train.csv
41,unrelated_incidents,ben_07-w00,ben_07,Kia::Attack_free_KIA_Soul_train.csv::Kia::Attack_free_KIA_Soul_train.csv::seg_test::1202,-1,0,Kia,Attack_free_KIA_Soul_train.csv
41,unrelated_incidents,ben_07-w01,ben_07,Hyundai::Attack_free_HY_Sonata_train.csv::Hyundai::Attack_free_HY_Sonata_train.csv::seg_test::181,-1,0,Hyundai,Attack_free_HY_Sonata_train.csv
41,unrelated_incidents,ben_07-w02,ben_07,Chevrolet::Malfunction_CHEVROLET_Spark_train.csv::Chevrolet::Malfunction_CHEVROLET_Spark_train.csv::seg_test::22,-1,0,Chevrolet,Malfunction_CHEVROLET_Spark_train.csv
41,unrelated_incidents,ben_07-w03,ben_07,Kia::Fuzzy_dataset_KIA_Soul_train.csv::Kia::Fuzzy_dataset_KIA_Soul_train.csv::full_trace::6780,-1,0,Kia,Fuzzy_dataset_KIA_Soul_train.csv
41,unrelated_incidents,ben_07-w04,ben_07,Chevrolet::Attack_free_CHEVROLET_Spark_train.csv::Chevrolet::Attack_free_CHEVROLET_Spark_train.csv::seg_test::312,-1,0,Chevrolet,Attack_free_CHEVROLET_Spark_train.csv
41,unrelated_incidents,ben_07-w05,ben_07,Kia::Attack_free_KIA_Soul_train.csv::Kia::Attack_free_KIA_Soul_train.csv::seg_test::1029,-1,0,Kia,Attack_free_KIA_Soul_train.csv
41,unrelated_incidents,ben_07-w06,ben_07,Kia::Fuzzy_dataset_KIA_Soul_train.csv::Kia::Fuzzy_dataset_KIA_Soul_train.csv::full_trace::2239,-1,0,Kia,Fuzzy_dataset_KIA_Soul_train.csv
41,unrelated_incidents,ben_07-w07,ben_07,Hyundai::Fuzzy_HYUNDAI_Sonata_train.csv::Hyundai::Fuzzy_HYUNDAI_Sonata_train.csv::full_trace::21,-1,0,Hyundai,Fuzzy_HYUNDAI_Sonata_train.csv
41,unrelated_incidents,ben_07-w08,ben_07,Kia::Fuzzy_dataset_KIA_Soul_train.csv::Kia::Fuzzy_dataset_KIA_Soul_train.csv::full_trace::3454,-1,0,Kia,Fuzzy_dataset_KIA_Soul_train.csv
41,unrelated_incidents,ben_07-w09,ben_07,Chevrolet::Attack_free_CHEVROLET_Spark_train.csv::Chevrolet::Attack_free_CHEVROLET_Spark_train.csv::seg_test::242,-1,0,Chevrolet,Attack_free_CHEVROLET_Spark_train.csv
41,unrelated_incidents,ben_08-w00,ben_08,Hyundai::Attack_free_HY_Sonata_train.csv::Hyundai::Attack_free_HY_Sonata_train.csv::seg_test::892,-1,0,Hyundai,Attack_free_HY_Sonata_train.csv
41,unrelated_incidents,ben_08-w01,ben_08,Kia::Fuzzy_dataset_KIA_Soul_train.csv::Kia::Fuzzy_dataset_KIA_Soul_train.csv::full_trace::9187,-1,0,Kia,Fuzzy_dataset_KIA_Soul_train.csv
41,unrelated_incidents,ben_08-w02,ben_08,Hyundai::Fuzzy_HYUNDAI_Sonata_train.csv::Hyundai::Fuzzy_HYUNDAI_Sonata_train.csv::full_trace::78,-1,0,Hyundai,Fuzzy_HYUNDAI_Sonata_train.csv
41,unrelated_incidents,ben_08-w03,ben_08,Kia::Attack_free_KIA_Soul_train.csv::Kia::Attack_free_KIA_Soul_train.csv::seg_test::890,-1,0,Kia,Attack_free_KIA_Soul_train.csv
41,unrelated_incidents,ben_08-w04,ben_08,Kia::Fuzzy_dataset_KIA_Soul_train.csv::Kia::Fuzzy_dataset_KIA_Soul_train.csv::full_trace::4670,-1,0,Kia,Fuzzy_dataset_KIA_Soul_train.csv
41,unrelated_incidents,ben_08-w05,ben_08,Chevrolet::Attack_free_CHEVROLET_Spark_train.csv::Chevrolet::Attack_free_CHEVROLET_Spark_train.csv::seg_test::145,-1,0,Chevrolet,Attack_free_CHEVROLET_Spark_train.csv
41,unrelated_incidents,ben_08-w06,ben_08,Chevrolet::Attack_free_CHEVROLET_Spark_train.csv::Chevrolet::Attack_free_CHEVROLET_Spark_train.csv::seg_test::244,-1,0,Chevrolet,Attack_free_CHEVROLET_Spark_train.csv
41,unrelated_incidents,ben_08-w07,ben_08,Chevrolet::Malfunction_CHEVROLET_Spark_train.csv::Chevrolet::Malfunction_CHEVROLET_Spark_train.csv::seg_test::19,-1,0,Chevrolet,Malfunction_CHEVROLET_Spark_train.csv
41,unrelated_incidents,ben_08-w08,ben_08,Kia::Fuzzy_dataset_KIA_Soul_train.csv::Kia::Fuzzy_dataset_KIA_Soul_train.csv::full_trace::6771,-1,0,Kia,Fuzzy_dataset_KIA_Soul_train.csv
41,unrelated_incidents,ben_08-w09,ben_08,Hyundai::Attack_free_HY_Sonata_train.csv::Hyundai::Attack_free_HY_Sonata_train.csv::seg_test::1289,-1,0,Hyundai,Attack_free_HY_Sonata_train.csv
41,unrelated_incidents,ben_09-w00,ben_09,Hyundai::Attack_free_HY_Sonata_train.csv::Hyundai::Attack_free_HY_Sonata_train.csv::seg_test::739,-1,0,Hyundai,Attack_free_HY_Sonata_train.csv
41,unrelated_incidents,ben_09-w01,ben_09,Kia::Fuzzy_dataset_KIA_Soul_train.csv::Kia::Fuzzy_dataset_KIA_Soul_train.csv::full_trace::8092,-1,0,Kia,Fuzzy_dataset_KIA_Soul_train.csv
41,unrelated_incidents,ben_09-w02,ben_09,Kia::Fuzzy_dataset_KIA_Soul_train.csv::Kia::Fuzzy_dataset_KIA_Soul_train.csv::full_trace::4497,-1,0,Kia,Fuzzy_dataset_KIA_Soul_train.csv
41,unrelated_incidents,ben_09-w03,ben_09,Hyundai::Attack_free_HY_Sonata_train.csv::Hyundai::Attack_free_HY_Sonata_train.csv::seg_test::1177,-1,0,Hyundai,Attack_free_HY_Sonata_train.csv
41,unrelated_incidents,ben_09-w04,ben_09,Kia::Fuzzy_dataset_KIA_Soul_train.csv::Kia::Fuzzy_dataset_KIA_Soul_train.csv::full_trace::5568,-1,0,Kia,Fuzzy_dataset_KIA_Soul_train.csv
41,unrelated_incidents,ben_09-w05,ben_09,Hyundai::Fuzzy_HYUNDAI_Sonata_train.csv::Hyundai::Fuzzy_HYUNDAI_Sonata_train.csv::full_trace::313,-1,0,Hyundai,Fuzzy_HYUNDAI_Sonata_train.csv
41,unrelated_incidents,ben_09-w06,ben_09,Kia::Fuzzy_dataset_KIA_Soul_train.csv::Kia::Fuzzy_dataset_KIA_Soul_train.csv::full_trace::9057,-1,0,Kia,Fuzzy_dataset_KIA_Soul_train.csv
41,unrelated_incidents,ben_09-w07,ben_09,Kia::Fuzzy_dataset_KIA_Soul_train.csv::Kia::Fuzzy_dataset_KIA_Soul_train.csv::full_trace::71,-1,0,Kia,Fuzzy_dataset_KIA_Soul_train.csv
41,unrelated_incidents,ben_09-w08,ben_09,Hyundai::Fuzzy_HYUNDAI_Sonata_train.csv::Hyundai::Fuzzy_HYUNDAI_Sonata_train.csv::full_trace::1635,-1,0,Hyundai,Fuzzy_HYUNDAI_Sonata_train.csv
41,unrelated_incidents,ben_09-w09,ben_09,Kia::Fuzzy_dataset_KIA_Soul_train.csv::Kia::Fuzzy_dataset_KIA_Soul_train.csv::full_trace::2304,-1,0,Kia,Fuzzy_dataset_KIA_Soul_train.csv
41,unrelated_incidents,ben_10-w00,ben_10,Kia::Fuzzy_dataset_KIA_Soul_train.csv::Kia::Fuzzy_dataset_KIA_Soul_train.csv::full_trace::6706,-1,0,Kia,Fuzzy_dataset_KIA_Soul_train.csv
41,unrelated_incidents,ben_10-w01,ben_10,Kia::Fuzzy_dataset_KIA_Soul_train.csv::Kia::Fuzzy_dataset_KIA_Soul_train.csv::full_trace::2293,-1,0,Kia,Fuzzy_dataset_KIA_Soul_train.csv
41,unrelated_incidents,ben_10-w02,ben_10,Hyundai::Attack_free_HY_Sonata_train.csv::Hyundai::Attack_free_HY_Sonata_train.csv::seg_test::1156,-1,0,Hyundai,Attack_free_HY_Sonata_train.csv
41,unrelated_incidents,ben_10-w03,ben_10,Kia::Attack_free_KIA_Soul_train.csv::Kia::Attack_free_KIA_Soul_train.csv::seg_test::852,-1,0,Kia,Attack_free_KIA_Soul_train.csv
41,unrelated_incidents,ben_10-w04,ben_10,Hyundai::Fuzzy_HYUNDAI_Sonata_train.csv::Hyundai::Fuzzy_HYUNDAI_Sonata_train.csv::full_trace::512,-1,0,Hyundai,Fuzzy_HYUNDAI_Sonata_train.csv
41,unrelated_incidents,ben_10-w05,ben_10,Hyundai::Attack_free_HY_Sonata_train.csv::Hyundai::Attack_free_HY_Sonata_train.csv::seg_test::414,-1,0,Hyundai,Attack_free_HY_Sonata_train.csv
41,unrelated_incidents,ben_10-w06,ben_10,Kia::Fuzzy_dataset_KIA_Soul_train.csv::Kia::Fuzzy_dataset_KIA_Soul_train.csv::full_trace::5911,-1,0,Kia,Fuzzy_dataset_KIA_Soul_train.csv
41,unrelated_incidents,ben_10-w07,ben_10,Kia::Fuzzy_dataset_KIA_Soul_train.csv::Kia::Fuzzy_dataset_KIA_Soul_train.csv::full_trace::6991,-1,0,Kia,Fuzzy_dataset_KIA_Soul_train.csv
41,unrelated_incidents,ben_10-w08,ben_10,Hyundai::Attack_free_HY_Sonata_train.csv::Hyundai::Attack_free_HY_Sonata_train.csv::seg_test::1003,-1,0,Hyundai,Attack_free_HY_Sonata_train.csv
41,unrelated_incidents,ben_10-w09,ben_10,Kia::Fuzzy_dataset_KIA_Soul_train.csv::Kia::Fuzzy_dataset_KIA_Soul_train.csv::full_trace::7999,-1,0,Kia,Fuzzy_dataset_KIA_Soul_train.csv
41,unrelated_incidents,ben_11-w00,ben_11,Kia::Fuzzy_dataset_KIA_Soul_train.csv::Kia::Fuzzy_dataset_KIA_Soul_train.csv::full_trace::7878,-1,0,Kia,Fuzzy_dataset_KIA_Soul_train.csv
41,unrelated_incidents,ben_11-w01,ben_11,Kia::Fuzzy_dataset_KIA_Soul_train.csv::Kia::Fuzzy_dataset_KIA_Soul_train.csv::full_trace::1296,-1,0,Kia,Fuzzy_dataset_KIA_Soul_train.csv
41,unrelated_incidents,ben_11-w02,ben_11,Kia::Fuzzy_dataset_KIA_Soul_train.csv::Kia::Fuzzy_dataset_KIA_Soul_train.csv::full_trace::2142,-1,0,Kia,Fuzzy_dataset_KIA_Soul_train.csv
41,unrelated_incidents,ben_11-w03,ben_11,Kia::Fuzzy_dataset_KIA_Soul_train.csv::Kia::Fuzzy_dataset_KIA_Soul_train.csv::full_trace::8185,-1,0,Kia,Fuzzy_dataset_KIA_Soul_train.csv
41,unrelated_incidents,ben_11-w04,ben_11,Kia::Fuzzy_dataset_KIA_Soul_train.csv::Kia::Fuzzy_dataset_KIA_Soul_train.csv::full_trace::2227,-1,0,Kia,Fuzzy_dataset_KIA_Soul_train.csv
41,unrelated_incidents,ben_11-w05,ben_11,Kia::Fuzzy_dataset_KIA_Soul_train.csv::Kia::Fuzzy_dataset_KIA_Soul_train.csv::full_trace::3582,-1,0,Kia,Fuzzy_dataset_KIA_Soul_train.csv
41,unrelated_incidents,ben_11-w06,ben_11,Kia::Fuzzy_dataset_KIA_Soul_train.csv::Kia::Fuzzy_dataset_KIA_Soul_train.csv::full_trace::8808,-1,0,Kia,Fuzzy_dataset_KIA_Soul_train.csv
41,unrelated_incidents,ben_11-w07,ben_11,Kia::Fuzzy_dataset_KIA_Soul_train.csv::Kia::Fuzzy_dataset_KIA_Soul_train.csv::full_trace::7045,-1,0,Kia,Fuzzy_dataset_KIA_Soul_train.csv
41,unrelated_incidents,ben_11-w08,ben_11,Kia::Attack_free_KIA_Soul_train.csv::Kia::Attack_free_KIA_Soul_train.csv::seg_test::209,-1,0,Kia,Attack_free_KIA_Soul_train.csv
41,unrelated_incidents,ben_11-w09,ben_11,Kia::Fuzzy_dataset_KIA_Soul_train.csv::Kia::Fuzzy_dataset_KIA_Soul_train.csv::full_trace::6820,-1,0,Kia,Fuzzy_dataset_KIA_Soul_train.csv
41,unrelated_incidents,ben_12-w00,ben_12,Hyundai::Attack_free_HY_Sonata_train.csv::Hyundai::Attack_free_HY_Sonata_train.csv::seg_test::898,-1,0,Hyundai,Attack_free_HY_Sonata_train.csv
41,unrelated_incidents,ben_12-w01,ben_12,Hyundai::Fuzzy_HYUNDAI_Sonata_train.csv::Hyundai::Fuzzy_HYUNDAI_Sonata_train.csv::full_trace::255,-1,0,Hyundai,Fuzzy_HYUNDAI_Sonata_train.csv
41,unrelated_incidents,ben_12-w02,ben_12,Kia::Fuzzy_dataset_KIA_Soul_train.csv::Kia::Fuzzy_dataset_KIA_Soul_train.csv::full_trace::1330,-1,0,Kia,Fuzzy_dataset_KIA_Soul_train.csv
41,unrelated_incidents,ben_12-w03,ben_12,Kia::Attack_free_KIA_Soul_train.csv::Kia::Attack_free_KIA_Soul_train.csv::seg_test::61,-1,0,Kia,Attack_free_KIA_Soul_train.csv
41,unrelated_incidents,ben_12-w04,ben_12,Hyundai::Fuzzy_HYUNDAI_Sonata_train.csv::Hyundai::Fuzzy_HYUNDAI_Sonata_train.csv::full_trace::1202,-1,0,Hyundai,Fuzzy_HYUNDAI_Sonata_train.csv
41,unrelated_incidents,ben_12-w05,ben_12,Kia::Fuzzy_dataset_KIA_Soul_train.csv::Kia::Fuzzy_dataset_KIA_Soul_train.csv::full_trace::2168,-1,0,Kia,Fuzzy_dataset_KIA_Soul_train.csv
41,unrelated_incidents,ben_12-w06,ben_12,Chevrolet::Malfunction_CHEVROLET_Spark_train.csv::Chevrolet::Malfunction_CHEVROLET_Spark_train.csv::seg_test::28,-1,0,Chevrolet,Malfunction_CHEVROLET_Spark_train.csv
41,unrelated_incidents,ben_12-w07,ben_12,Hyundai::Fuzzy_HYUNDAI_Sonata_train.csv::Hyundai::Fuzzy_HYUNDAI_Sonata_train.csv::full_trace::734,-1,0,Hyundai,Fuzzy_HYUNDAI_Sonata_train.csv
41,unrelated_incidents,ben_12-w08,ben_12,Kia::Fuzzy_dataset_KIA_Soul_train.csv::Kia::Fuzzy_dataset_KIA_Soul_train.csv::full_trace::6895,-1,0,Kia,Fuzzy_dataset_KIA_Soul_train.csv
41,unrelated_incidents,ben_12-w09,ben_12,Kia::Fuzzy_dataset_KIA_Soul_train.csv::Kia::Fuzzy_dataset_KIA_Soul_train.csv::full_trace::6954,-1,0,Kia,Fuzzy_dataset_KIA_Soul_train.csv
41,unrelated_incidents,ben_13-w00,ben_13,Kia::Fuzzy_dataset_KIA_Soul_train.csv::Kia::Fuzzy_dataset_KIA_Soul_train.csv::full_trace::3247,-1,0,Kia,Fuzzy_dataset_KIA_Soul_train.csv
41,unrelated_incidents,ben_13-w01,ben_13,Hyundai::Fuzzy_HYUNDAI_Sonata_train.csv::Hyundai::Fuzzy_HYUNDAI_Sonata_train.csv::full_trace::539,-1,0,Hyundai,Fuzzy_HYUNDAI_Sonata_train.csv
41,unrelated_incidents,ben_13-w02,ben_13,Kia::Fuzzy_dataset_KIA_Soul_train.csv::Kia::Fuzzy_dataset_KIA_Soul_train.csv::full_trace::5867,-1,0,Kia,Fuzzy_dataset_KIA_Soul_train.csv
41,unrelated_incidents,ben_13-w03,ben_13,Hyundai::Attack_free_HY_Sonata_train.csv::Hyundai::Attack_free_HY_Sonata_train.csv::seg_test::822,-1,0,Hyundai,Attack_free_HY_Sonata_train.csv
41,unrelated_incidents,ben_13-w04,ben_13,Hyundai::Fuzzy_HYUNDAI_Sonata_train.csv::Hyundai::Fuzzy_HYUNDAI_Sonata_train.csv::full_trace::466,-1,0,Hyundai,Fuzzy_HYUNDAI_Sonata_train.csv
41,unrelated_incidents,ben_13-w05,ben_13,Chevrolet::Attack_free_CHEVROLET_Spark_train.csv::Chevrolet::Attack_free_CHEVROLET_Spark_train.csv::seg_test::118,-1,0,Chevrolet,Attack_free_CHEVROLET_Spark_train.csv
41,unrelated_incidents,ben_13-w06,ben_13,Kia::Attack_free_KIA_Soul_train.csv::Kia::Attack_free_KIA_Soul_train.csv::seg_test::924,-1,0,Kia,Attack_free_KIA_Soul_train.csv
41,unrelated_incidents,ben_13-w07,ben_13,Chevrolet::Attack_free_CHEVROLET_Spark_train.csv::Chevrolet::Attack_free_CHEVROLET_Spark_train.csv::seg_test::189,-1,0,Chevrolet,Attack_free_CHEVROLET_Spark_train.csv
41,unrelated_incidents,ben_13-w08,ben_13,Kia::Attack_free_KIA_Soul_train.csv::Kia::Attack_free_KIA_Soul_train.csv::seg_test::990,-1,0,Kia,Attack_free_KIA_Soul_train.csv
41,unrelated_incidents,ben_13-w09,ben_13,Kia::Fuzzy_dataset_KIA_Soul_train.csv::Kia::Fuzzy_dataset_KIA_Soul_train.csv::full_trace::3647,-1,0,Kia,Fuzzy_dataset_KIA_Soul_train.csv
41,unrelated_incidents,ben_14-w00,ben_14,Hyundai::Attack_free_HY_Sonata_train.csv::Hyundai::Attack_free_HY_Sonata_train.csv::seg_test::688,-1,0,Hyundai,Attack_free_HY_Sonata_train.csv
41,unrelated_incidents,ben_14-w01,ben_14,Kia::Attack_free_KIA_Soul_train.csv::Kia::Attack_free_KIA_Soul_train.csv::seg_test::1250,-1,0,Kia,Attack_free_KIA_Soul_train.csv
41,unrelated_incidents,ben_14-w02,ben_14,Kia::Attack_free_KIA_Soul_train.csv::Kia::Attack_free_KIA_Soul_train.csv::seg_test::984,-1,0,Kia,Attack_free_KIA_Soul_train.csv
41,unrelated_incidents,ben_14-w03,ben_14,Kia::Fuzzy_dataset_KIA_Soul_train.csv::Kia::Fuzzy_dataset_KIA_Soul_train.csv::full_trace::3532,-1,0,Kia,Fuzzy_dataset_KIA_Soul_train.csv
41,unrelated_incidents,ben_14-w04,ben_14,Hyundai::Fuzzy_HYUNDAI_Sonata_train.csv::Hyundai::Fuzzy_HYUNDAI_Sonata_train.csv::full_trace::239,-1,0,Hyundai,Fuzzy_HYUNDAI_Sonata_train.csv
41,unrelated_incidents,ben_14-w05,ben_14,Hyundai::Fuzzy_HYUNDAI_Sonata_train.csv::Hyundai::Fuzzy_HYUNDAI_Sonata_train.csv::full_trace::629,-1,0,Hyundai,Fuzzy_HYUNDAI_Sonata_train.csv
41,unrelated_incidents,ben_14-w06,ben_14,Hyundai::Fuzzy_HYUNDAI_Sonata_train.csv::Hyundai::Fuzzy_HYUNDAI_Sonata_train.csv::full_trace::636,-1,0,Hyundai,Fuzzy_HYUNDAI_Sonata_train.csv
41,unrelated_incidents,ben_14-w07,ben_14,Kia::Fuzzy_dataset_KIA_Soul_train.csv::Kia::Fuzzy_dataset_KIA_Soul_train.csv::full_trace::6872,-1,0,Kia,Fuzzy_dataset_KIA_Soul_train.csv
41,unrelated_incidents,ben_14-w08,ben_14,Kia::Fuzzy_dataset_KIA_Soul_train.csv::Kia::Fuzzy_dataset_KIA_Soul_train.csv::full_trace::5772,-1,0,Kia,Fuzzy_dataset_KIA_Soul_train.csv
41,unrelated_incidents,ben_14-w09,ben_14,Kia::Fuzzy_dataset_KIA_Soul_train.csv::Kia::Fuzzy_dataset_KIA_Soul_train.csv::full_trace::3635,-1,0,Kia,Fuzzy_dataset_KIA_Soul_train.csv
53,strong_campaign,atk_Hyundai_0-w00,atk_Hyundai_0,Hyundai::Fuzzy_HYUNDAI_Sonata_train.csv::Hyundai::Fuzzy_HYUNDAI_Sonata_train.csv::full_trace::1455,0,1,Hyundai,Fuzzy_HYUNDAI_Sonata_train.csv
53,strong_campaign,atk_Hyundai_0-w01,atk_Hyundai_0,Hyundai::Fuzzy_HYUNDAI_Sonata_train.csv::Hyundai::Fuzzy_HYUNDAI_Sonata_train.csv::full_trace::1423,0,1,Hyundai,Fuzzy_HYUNDAI_Sonata_train.csv
53,strong_campaign,atk_Hyundai_0-w02,atk_Hyundai_0,Hyundai::Fuzzy_HYUNDAI_Sonata_train.csv::Hyundai::Fuzzy_HYUNDAI_Sonata_train.csv::full_trace::1405,0,1,Hyundai,Fuzzy_HYUNDAI_Sonata_train.csv
53,strong_campaign,atk_Hyundai_0-w03,atk_Hyundai_0,Hyundai::Fuzzy_HYUNDAI_Sonata_train.csv::Hyundai::Fuzzy_HYUNDAI_Sonata_train.csv::full_trace::1382,0,1,Hyundai,Fuzzy_HYUNDAI_Sonata_train.csv
53,strong_campaign,atk_Hyundai_0-w04,atk_Hyundai_0,Hyundai::Fuzzy_HYUNDAI_Sonata_train.csv::Hyundai::Fuzzy_HYUNDAI_Sonata_train.csv::full_trace::815,0,1,Hyundai,Fuzzy_HYUNDAI_Sonata_train.csv
53,strong_campaign,atk_Hyundai_0-w05,atk_Hyundai_0,Hyundai::Fuzzy_HYUNDAI_Sonata_train.csv::Hyundai::Fuzzy_HYUNDAI_Sonata_train.csv::full_trace::759,0,0,Hyundai,Fuzzy_HYUNDAI_Sonata_train.csv
53,strong_campaign,atk_Hyundai_0-w06,atk_Hyundai_0,Hyundai::Attack_free_HY_Sonata_train.csv::Hyundai::Attack_free_HY_Sonata_train.csv::seg_test::326,0,0,Hyundai,Attack_free_HY_Sonata_train.csv
53,strong_campaign,atk_Hyundai_0-w07,atk_Hyundai_0,Hyundai::Fuzzy_HYUNDAI_Sonata_train.csv::Hyundai::Fuzzy_HYUNDAI_Sonata_train.csv::full_trace::591,0,0,Hyundai,Fuzzy_HYUNDAI_Sonata_train.csv
53,strong_campaign,atk_Hyundai_0-w08,atk_Hyundai_0,Hyundai::Fuzzy_HYUNDAI_Sonata_train.csv::Hyundai::Fuzzy_HYUNDAI_Sonata_train.csv::full_trace::376,0,0,Hyundai,Fuzzy_HYUNDAI_Sonata_train.csv
53,strong_campaign,atk_Hyundai_0-w09,atk_Hyundai_0,Hyundai::Attack_free_HY_Sonata_train.csv::Hyundai::Attack_free_HY_Sonata_train.csv::seg_test::261,0,0,Hyundai,Attack_free_HY_Sonata_train.csv
53,strong_campaign,atk_Hyundai_1-w00,atk_Hyundai_1,Hyundai::Fuzzy_HYUNDAI_Sonata_train.csv::Hyundai::Fuzzy_HYUNDAI_Sonata_train.csv::full_trace::1368,0,1,Hyundai,Fuzzy_HYUNDAI_Sonata_train.csv
53,strong_campaign,atk_Hyundai_1-w01,atk_Hyundai_1,Hyundai::Fuzzy_HYUNDAI_Sonata_train.csv::Hyundai::Fuzzy_HYUNDAI_Sonata_train.csv::full_trace::967,0,1,Hyundai,Fuzzy_HYUNDAI_Sonata_train.csv
53,strong_campaign,atk_Hyundai_1-w02,atk_Hyundai_1,Hyundai::Fuzzy_HYUNDAI_Sonata_train.csv::Hyundai::Fuzzy_HYUNDAI_Sonata_train.csv::full_trace::1549,0,1,Hyundai,Fuzzy_HYUNDAI_Sonata_train.csv
53,strong_campaign,atk_Hyundai_1-w03,atk_Hyundai_1,Hyundai::Fuzzy_HYUNDAI_Sonata_train.csv::Hyundai::Fuzzy_HYUNDAI_Sonata_train.csv::full_trace::1447,0,1,Hyundai,Fuzzy_HYUNDAI_Sonata_train.csv
53,strong_campaign,atk_Hyundai_1-w04,atk_Hyundai_1,Hyundai::Fuzzy_HYUNDAI_Sonata_train.csv::Hyundai::Fuzzy_HYUNDAI_Sonata_train.csv::full_trace::1430,0,1,Hyundai,Fuzzy_HYUNDAI_Sonata_train.csv
53,strong_campaign,atk_Hyundai_1-w05,atk_Hyundai_1,Hyundai::Fuzzy_HYUNDAI_Sonata_train.csv::Hyundai::Fuzzy_HYUNDAI_Sonata_train.csv::full_trace::281,0,0,Hyundai,Fuzzy_HYUNDAI_Sonata_train.csv
53,strong_campaign,atk_Hyundai_1-w06,atk_Hyundai_1,Hyundai::Attack_free_HY_Sonata_train.csv::Hyundai::Attack_free_HY_Sonata_train.csv::seg_test::456,0,0,Hyundai,Attack_free_HY_Sonata_train.csv
53,strong_campaign,atk_Hyundai_1-w07,atk_Hyundai_1,Hyundai::Attack_free_HY_Sonata_train.csv::Hyundai::Attack_free_HY_Sonata_train.csv::seg_test::993,0,0,Hyundai,Attack_free_HY_Sonata_train.csv
53,strong_campaign,atk_Hyundai_1-w08,atk_Hyundai_1,Hyundai::Attack_free_HY_Sonata_train.csv::Hyundai::Attack_free_HY_Sonata_train.csv::seg_test::717,0,0,Hyundai,Attack_free_HY_Sonata_train.csv
53,strong_campaign,atk_Hyundai_1-w09,atk_Hyundai_1,Hyundai::Fuzzy_HYUNDAI_Sonata_train.csv::Hyundai::Fuzzy_HYUNDAI_Sonata_train.csv::full_trace::663,0,0,Hyundai,Fuzzy_HYUNDAI_Sonata_train.csv
53,strong_campaign,atk_Kia_2-w00,atk_Kia_2,Kia::Fuzzy_dataset_KIA_Soul_train.csv::Kia::Fuzzy_dataset_KIA_Soul_train.csv::full_trace::7273,0,1,Kia,Fuzzy_dataset_KIA_Soul_train.csv
53,strong_campaign,atk_Kia_2-w01,atk_Kia_2,Kia::Fuzzy_dataset_KIA_Soul_train.csv::Kia::Fuzzy_dataset_KIA_Soul_train.csv::full_trace::2074,0,1,Kia,Fuzzy_dataset_KIA_Soul_train.csv
53,strong_campaign,atk_Kia_2-w02,atk_Kia_2,Kia::Fuzzy_dataset_KIA_Soul_train.csv::Kia::Fuzzy_dataset_KIA_Soul_train.csv::full_trace::1640,0,1,Kia,Fuzzy_dataset_KIA_Soul_train.csv
53,strong_campaign,atk_Kia_2-w03,atk_Kia_2,Kia::Fuzzy_dataset_KIA_Soul_train.csv::Kia::Fuzzy_dataset_KIA_Soul_train.csv::full_trace::506,0,1,Kia,Fuzzy_dataset_KIA_Soul_train.csv
53,strong_campaign,atk_Kia_2-w04,atk_Kia_2,Kia::Fuzzy_dataset_KIA_Soul_train.csv::Kia::Fuzzy_dataset_KIA_Soul_train.csv::full_trace::696,0,1,Kia,Fuzzy_dataset_KIA_Soul_train.csv
53,strong_campaign,atk_Kia_2-w05,atk_Kia_2,Kia::Attack_free_KIA_Soul_train.csv::Kia::Attack_free_KIA_Soul_train.csv::seg_test::101,0,0,Kia,Attack_free_KIA_Soul_train.csv
53,strong_campaign,atk_Kia_2-w06,atk_Kia_2,Kia::Fuzzy_dataset_KIA_Soul_train.csv::Kia::Fuzzy_dataset_KIA_Soul_train.csv::full_trace::3534,0,0,Kia,Fuzzy_dataset_KIA_Soul_train.csv
53,strong_campaign,atk_Kia_2-w07,atk_Kia_2,Kia::Fuzzy_dataset_KIA_Soul_train.csv::Kia::Fuzzy_dataset_KIA_Soul_train.csv::full_trace::5611,0,0,Kia,Fuzzy_dataset_KIA_Soul_train.csv
53,strong_campaign,atk_Kia_2-w08,atk_Kia_2,Kia::Fuzzy_dataset_KIA_Soul_train.csv::Kia::Fuzzy_dataset_KIA_Soul_train.csv::full_trace::8055,0,0,Kia,Fuzzy_dataset_KIA_Soul_train.csv
53,strong_campaign,atk_Kia_2-w09,atk_Kia_2,Kia::Attack_free_KIA_Soul_train.csv::Kia::Attack_free_KIA_Soul_train.csv::seg_test::457,0,0,Kia,Attack_free_KIA_Soul_train.csv
53,strong_campaign,atk_Kia_3-w00,atk_Kia_3,Kia::Fuzzy_dataset_KIA_Soul_train.csv::Kia::Fuzzy_dataset_KIA_Soul_train.csv::full_trace::445,0,1,Kia,Fuzzy_dataset_KIA_Soul_train.csv
53,strong_campaign,atk_Kia_3-w01,atk_Kia_3,Kia::Fuzzy_dataset_KIA_Soul_train.csv::Kia::Fuzzy_dataset_KIA_Soul_train.csv::full_trace::8733,0,1,Kia,Fuzzy_dataset_KIA_Soul_train.csv
53,strong_campaign,atk_Kia_3-w02,atk_Kia_3,Kia::Fuzzy_dataset_KIA_Soul_train.csv::Kia::Fuzzy_dataset_KIA_Soul_train.csv::full_trace::3748,0,1,Kia,Fuzzy_dataset_KIA_Soul_train.csv
53,strong_campaign,atk_Kia_3-w03,atk_Kia_3,Kia::Fuzzy_dataset_KIA_Soul_train.csv::Kia::Fuzzy_dataset_KIA_Soul_train.csv::full_trace::8381,0,1,Kia,Fuzzy_dataset_KIA_Soul_train.csv
53,strong_campaign,atk_Kia_3-w04,atk_Kia_3,Kia::Fuzzy_dataset_KIA_Soul_train.csv::Kia::Fuzzy_dataset_KIA_Soul_train.csv::full_trace::7741,0,1,Kia,Fuzzy_dataset_KIA_Soul_train.csv
53,strong_campaign,atk_Kia_3-w05,atk_Kia_3,Kia::Fuzzy_dataset_KIA_Soul_train.csv::Kia::Fuzzy_dataset_KIA_Soul_train.csv::full_trace::4491,0,0,Kia,Fuzzy_dataset_KIA_Soul_train.csv
53,strong_campaign,atk_Kia_3-w06,atk_Kia_3,Kia::Fuzzy_dataset_KIA_Soul_train.csv::Kia::Fuzzy_dataset_KIA_Soul_train.csv::full_trace::8167,0,0,Kia,Fuzzy_dataset_KIA_Soul_train.csv
53,strong_campaign,atk_Kia_3-w07,atk_Kia_3,Kia::Fuzzy_dataset_KIA_Soul_train.csv::Kia::Fuzzy_dataset_KIA_Soul_train.csv::full_trace::7990,0,0,Kia,Fuzzy_dataset_KIA_Soul_train.csv
53,strong_campaign,atk_Kia_3-w08,atk_Kia_3,Kia::Fuzzy_dataset_KIA_Soul_train.csv::Kia::Fuzzy_dataset_KIA_Soul_train.csv::full_trace::9112,0,0,Kia,Fuzzy_dataset_KIA_Soul_train.csv
53,strong_campaign,atk_Kia_3-w09,atk_Kia_3,Kia::Fuzzy_dataset_KIA_Soul_train.csv::Kia::Fuzzy_dataset_KIA_Soul_train.csv::full_trace::2453,0,0,Kia,Fuzzy_dataset_KIA_Soul_train.csv
53,strong_campaign,atk_Chevrolet_4-w00,atk_Chevrolet_4,Chevrolet::Fuzzy_CHEVROLET_Spark_train.csv::Chevrolet::Fuzzy_CHEVROLET_Spark_train.csv::seg_test::74,0,1,Chevrolet,Fuzzy_CHEVROLET_Spark_train.csv
53,strong_campaign,atk_Chevrolet_4-w01,atk_Chevrolet_4,Chevrolet::Fuzzy_CHEVROLET_Spark_train.csv::Chevrolet::Fuzzy_CHEVROLET_Spark_train.csv::seg_test::22,0,1,Chevrolet,Fuzzy_CHEVROLET_Spark_train.csv
53,strong_campaign,atk_Chevrolet_4-w02,atk_Chevrolet_4,Chevrolet::Fuzzy_CHEVROLET_Spark_train.csv::Chevrolet::Fuzzy_CHEVROLET_Spark_train.csv::seg_test::30,0,1,Chevrolet,Fuzzy_CHEVROLET_Spark_train.csv
53,strong_campaign,atk_Chevrolet_4-w03,atk_Chevrolet_4,Chevrolet::Fuzzy_CHEVROLET_Spark_train.csv::Chevrolet::Fuzzy_CHEVROLET_Spark_train.csv::seg_test::96,0,1,Chevrolet,Fuzzy_CHEVROLET_Spark_train.csv
53,strong_campaign,atk_Chevrolet_4-w04,atk_Chevrolet_4,Chevrolet::Fuzzy_CHEVROLET_Spark_train.csv::Chevrolet::Fuzzy_CHEVROLET_Spark_train.csv::seg_test::87,0,1,Chevrolet,Fuzzy_CHEVROLET_Spark_train.csv
53,strong_campaign,atk_Chevrolet_4-w05,atk_Chevrolet_4,Chevrolet::Attack_free_CHEVROLET_Spark_train.csv::Chevrolet::Attack_free_CHEVROLET_Spark_train.csv::seg_test::312,0,0,Chevrolet,Attack_free_CHEVROLET_Spark_train.csv
53,strong_campaign,atk_Chevrolet_4-w06,atk_Chevrolet_4,Chevrolet::Attack_free_CHEVROLET_Spark_train.csv::Chevrolet::Attack_free_CHEVROLET_Spark_train.csv::seg_test::286,0,0,Chevrolet,Attack_free_CHEVROLET_Spark_train.csv
53,strong_campaign,atk_Chevrolet_4-w07,atk_Chevrolet_4,Chevrolet::Flooding_CHEVROLET_Spark_train.csv::Chevrolet::Flooding_CHEVROLET_Spark_train.csv::seg_test::204,0,0,Chevrolet,Flooding_CHEVROLET_Spark_train.csv
53,strong_campaign,atk_Chevrolet_4-w08,atk_Chevrolet_4,Chevrolet::Attack_free_CHEVROLET_Spark_train.csv::Chevrolet::Attack_free_CHEVROLET_Spark_train.csv::seg_test::371,0,0,Chevrolet,Attack_free_CHEVROLET_Spark_train.csv
53,strong_campaign,atk_Chevrolet_4-w09,atk_Chevrolet_4,Chevrolet::Attack_free_CHEVROLET_Spark_train.csv::Chevrolet::Attack_free_CHEVROLET_Spark_train.csv::seg_test::284,0,0,Chevrolet,Attack_free_CHEVROLET_Spark_train.csv
53,strong_campaign,ben_00-w00,ben_00,Kia::Fuzzy_dataset_KIA_Soul_train.csv::Kia::Fuzzy_dataset_KIA_Soul_train.csv::full_trace::3357,-1,0,Kia,Fuzzy_dataset_KIA_Soul_train.csv
53,strong_campaign,ben_00-w01,ben_00,Kia::Fuzzy_dataset_KIA_Soul_train.csv::Kia::Fuzzy_dataset_KIA_Soul_train.csv::full_trace::1058,-1,0,Kia,Fuzzy_dataset_KIA_Soul_train.csv
53,strong_campaign,ben_00-w02,ben_00,Kia::Fuzzy_dataset_KIA_Soul_train.csv::Kia::Fuzzy_dataset_KIA_Soul_train.csv::full_trace::6728,-1,0,Kia,Fuzzy_dataset_KIA_Soul_train.csv
53,strong_campaign,ben_00-w03,ben_00,Kia::Fuzzy_dataset_KIA_Soul_train.csv::Kia::Fuzzy_dataset_KIA_Soul_train.csv::full_trace::3541,-1,0,Kia,Fuzzy_dataset_KIA_Soul_train.csv
53,strong_campaign,ben_00-w04,ben_00,Kia::Fuzzy_dataset_KIA_Soul_train.csv::Kia::Fuzzy_dataset_KIA_Soul_train.csv::full_trace::8973,-1,0,Kia,Fuzzy_dataset_KIA_Soul_train.csv
53,strong_campaign,ben_00-w05,ben_00,Kia::Fuzzy_dataset_KIA_Soul_train.csv::Kia::Fuzzy_dataset_KIA_Soul_train.csv::full_trace::2480,-1,0,Kia,Fuzzy_dataset_KIA_Soul_train.csv
53,strong_campaign,ben_00-w06,ben_00,Kia::Fuzzy_dataset_KIA_Soul_train.csv::Kia::Fuzzy_dataset_KIA_Soul_train.csv::full_trace::4777,-1,0,Kia,Fuzzy_dataset_KIA_Soul_train.csv
53,strong_campaign,ben_00-w07,ben_00,Kia::Attack_free_KIA_Soul_train.csv::Kia::Attack_free_KIA_Soul_train.csv::seg_test::196,-1,0,Kia,Attack_free_KIA_Soul_train.csv
53,strong_campaign,ben_00-w08,ben_00,Kia::Fuzzy_dataset_KIA_Soul_train.csv::Kia::Fuzzy_dataset_KIA_Soul_train.csv::full_trace::6928,-1,0,Kia,Fuzzy_dataset_KIA_Soul_train.csv
53,strong_campaign,ben_00-w09,ben_00,Kia::Fuzzy_dataset_KIA_Soul_train.csv::Kia::Fuzzy_dataset_KIA_Soul_train.csv::full_trace::198,-1,0,Kia,Fuzzy_dataset_KIA_Soul_train.csv
53,strong_campaign,ben_01-w00,ben_01,Hyundai::Fuzzy_HYUNDAI_Sonata_train.csv::Hyundai::Fuzzy_HYUNDAI_Sonata_train.csv::full_trace::1263,-1,0,Hyundai,Fuzzy_HYUNDAI_Sonata_train.csv
53,strong_campaign,ben_01-w01,ben_01,Kia::Attack_free_KIA_Soul_train.csv::Kia::Attack_free_KIA_Soul_train.csv::seg_test::900,-1,0,Kia,Attack_free_KIA_Soul_train.csv
53,strong_campaign,ben_01-w02,ben_01,Hyundai::Attack_free_HY_Sonata_train.csv::Hyundai::Attack_free_HY_Sonata_train.csv::seg_test::48,-1,0,Hyundai,Attack_free_HY_Sonata_train.csv
53,strong_campaign,ben_01-w03,ben_01,Kia::Fuzzy_dataset_KIA_Soul_train.csv::Kia::Fuzzy_dataset_KIA_Soul_train.csv::full_trace::7031,-1,0,Kia,Fuzzy_dataset_KIA_Soul_train.csv
53,strong_campaign,ben_01-w04,ben_01,Chevrolet::Attack_free_CHEVROLET_Spark_train.csv::Chevrolet::Attack_free_CHEVROLET_Spark_train.csv::seg_test::19,-1,0,Chevrolet,Attack_free_CHEVROLET_Spark_train.csv
53,strong_campaign,ben_01-w05,ben_01,Hyundai::Attack_free_HY_Sonata_train.csv::Hyundai::Attack_free_HY_Sonata_train.csv::seg_test::300,-1,0,Hyundai,Attack_free_HY_Sonata_train.csv
53,strong_campaign,ben_01-w06,ben_01,Kia::Fuzzy_dataset_KIA_Soul_train.csv::Kia::Fuzzy_dataset_KIA_Soul_train.csv::full_trace::233,-1,0,Kia,Fuzzy_dataset_KIA_Soul_train.csv
53,strong_campaign,ben_01-w07,ben_01,Hyundai::Fuzzy_HYUNDAI_Sonata_train.csv::Hyundai::Fuzzy_HYUNDAI_Sonata_train.csv::full_trace::226,-1,0,Hyundai,Fuzzy_HYUNDAI_Sonata_train.csv
53,strong_campaign,ben_01-w08,ben_01,Kia::Fuzzy_dataset_KIA_Soul_train.csv::Kia::Fuzzy_dataset_KIA_Soul_train.csv::full_trace::5677,-1,0,Kia,Fuzzy_dataset_KIA_Soul_train.csv
53,strong_campaign,ben_01-w09,ben_01,Chevrolet::Malfunction_CHEVROLET_Spark_train.csv::Chevrolet::Malfunction_CHEVROLET_Spark_train.csv::seg_test::125,-1,0,Chevrolet,Malfunction_CHEVROLET_Spark_train.csv
53,strong_campaign,ben_02-w00,ben_02,Hyundai::Attack_free_HY_Sonata_train.csv::Hyundai::Attack_free_HY_Sonata_train.csv::seg_test::1121,-1,0,Hyundai,Attack_free_HY_Sonata_train.csv
53,strong_campaign,ben_02-w01,ben_02,Kia::Attack_free_KIA_Soul_train.csv::Kia::Attack_free_KIA_Soul_train.csv::seg_test::394,-1,0,Kia,Attack_free_KIA_Soul_train.csv
53,strong_campaign,ben_02-w02,ben_02,Hyundai::Fuzzy_HYUNDAI_Sonata_train.csv::Hyundai::Fuzzy_HYUNDAI_Sonata_train.csv::full_trace::444,-1,0,Hyundai,Fuzzy_HYUNDAI_Sonata_train.csv
53,strong_campaign,ben_02-w03,ben_02,Kia::Attack_free_KIA_Soul_train.csv::Kia::Attack_free_KIA_Soul_train.csv::seg_test::877,-1,0,Kia,Attack_free_KIA_Soul_train.csv
53,strong_campaign,ben_02-w04,ben_02,Hyundai::Attack_free_HY_Sonata_train.csv::Hyundai::Attack_free_HY_Sonata_train.csv::seg_test::821,-1,0,Hyundai,Attack_free_HY_Sonata_train.csv
53,strong_campaign,ben_02-w05,ben_02,Hyundai::Attack_free_HY_Sonata_train.csv::Hyundai::Attack_free_HY_Sonata_train.csv::seg_test::87,-1,0,Hyundai,Attack_free_HY_Sonata_train.csv
53,strong_campaign,ben_02-w06,ben_02,Hyundai::Fuzzy_HYUNDAI_Sonata_train.csv::Hyundai::Fuzzy_HYUNDAI_Sonata_train.csv::full_trace::1697,-1,0,Hyundai,Fuzzy_HYUNDAI_Sonata_train.csv
53,strong_campaign,ben_02-w07,ben_02,Hyundai::Attack_free_HY_Sonata_train.csv::Hyundai::Attack_free_HY_Sonata_train.csv::seg_test::551,-1,0,Hyundai,Attack_free_HY_Sonata_train.csv
53,strong_campaign,ben_02-w08,ben_02,Kia::Attack_free_KIA_Soul_train.csv::Kia::Attack_free_KIA_Soul_train.csv::seg_test::530,-1,0,Kia,Attack_free_KIA_Soul_train.csv
53,strong_campaign,ben_02-w09,ben_02,Hyundai::Attack_free_HY_Sonata_train.csv::Hyundai::Attack_free_HY_Sonata_train.csv::seg_test::1056,-1,0,Hyundai,Attack_free_HY_Sonata_train.csv
53,strong_campaign,ben_03-w00,ben_03,Hyundai::Attack_free_HY_Sonata_train.csv::Hyundai::Attack_free_HY_Sonata_train.csv::seg_test::1238,-1,0,Hyundai,Attack_free_HY_Sonata_train.csv
53,strong_campaign,ben_03-w01,ben_03,Kia::Fuzzy_dataset_KIA_Soul_train.csv::Kia::Fuzzy_dataset_KIA_Soul_train.csv::full_trace::9190,-1,0,Kia,Fuzzy_dataset_KIA_Soul_train.csv
53,strong_campaign,ben_03-w02,ben_03,Kia::Fuzzy_dataset_KIA_Soul_train.csv::Kia::Fuzzy_dataset_KIA_Soul_train.csv::full_trace::8939,-1,0,Kia,Fuzzy_dataset_KIA_Soul_train.csv
53,strong_campaign,ben_03-w03,ben_03,Hyundai::Fuzzy_HYUNDAI_Sonata_train.csv::Hyundai::Fuzzy_HYUNDAI_Sonata_train.csv::full_trace::1274,-1,0,Hyundai,Fuzzy_HYUNDAI_Sonata_train.csv
53,strong_campaign,ben_03-w04,ben_03,Chevrolet::Attack_free_CHEVROLET_Spark_train.csv::Chevrolet::Attack_free_CHEVROLET_Spark_train.csv::seg_test::4,-1,0,Chevrolet,Attack_free_CHEVROLET_Spark_train.csv
53,strong_campaign,ben_03-w05,ben_03,Kia::Fuzzy_dataset_KIA_Soul_train.csv::Kia::Fuzzy_dataset_KIA_Soul_train.csv::full_trace::5715,-1,0,Kia,Fuzzy_dataset_KIA_Soul_train.csv
53,strong_campaign,ben_03-w06,ben_03,Kia::Fuzzy_dataset_KIA_Soul_train.csv::Kia::Fuzzy_dataset_KIA_Soul_train.csv::full_trace::9101,-1,0,Kia,Fuzzy_dataset_KIA_Soul_train.csv
53,strong_campaign,ben_03-w07,ben_03,Kia::Fuzzy_dataset_KIA_Soul_train.csv::Kia::Fuzzy_dataset_KIA_Soul_train.csv::full_trace::8011,-1,0,Kia,Fuzzy_dataset_KIA_Soul_train.csv
53,strong_campaign,ben_03-w08,ben_03,Hyundai::Fuzzy_HYUNDAI_Sonata_train.csv::Hyundai::Fuzzy_HYUNDAI_Sonata_train.csv::full_trace::46,-1,0,Hyundai,Fuzzy_HYUNDAI_Sonata_train.csv
53,strong_campaign,ben_03-w09,ben_03,Kia::Attack_free_KIA_Soul_train.csv::Kia::Attack_free_KIA_Soul_train.csv::seg_test::1232,-1,0,Kia,Attack_free_KIA_Soul_train.csv
53,strong_campaign,ben_04-w00,ben_04,Hyundai::Fuzzy_HYUNDAI_Sonata_train.csv::Hyundai::Fuzzy_HYUNDAI_Sonata_train.csv::full_trace::1621,-1,0,Hyundai,Fuzzy_HYUNDAI_Sonata_train.csv
53,strong_campaign,ben_04-w01,ben_04,Hyundai::Attack_free_HY_Sonata_train.csv::Hyundai::Attack_free_HY_Sonata_train.csv::seg_test::11,-1,0,Hyundai,Attack_free_HY_Sonata_train.csv
53,strong_campaign,ben_04-w02,ben_04,Hyundai::Attack_free_HY_Sonata_train.csv::Hyundai::Attack_free_HY_Sonata_train.csv::seg_test::105,-1,0,Hyundai,Attack_free_HY_Sonata_train.csv
53,strong_campaign,ben_04-w03,ben_04,Hyundai::Fuzzy_HYUNDAI_Sonata_train.csv::Hyundai::Fuzzy_HYUNDAI_Sonata_train.csv::full_trace::671,-1,0,Hyundai,Fuzzy_HYUNDAI_Sonata_train.csv
53,strong_campaign,ben_04-w04,ben_04,Hyundai::Attack_free_HY_Sonata_train.csv::Hyundai::Attack_free_HY_Sonata_train.csv::seg_test::184,-1,0,Hyundai,Attack_free_HY_Sonata_train.csv
53,strong_campaign,ben_04-w05,ben_04,Hyundai::Attack_free_HY_Sonata_train.csv::Hyundai::Attack_free_HY_Sonata_train.csv::seg_test::420,-1,0,Hyundai,Attack_free_HY_Sonata_train.csv
53,strong_campaign,ben_04-w06,ben_04,Kia::Attack_free_KIA_Soul_train.csv::Kia::Attack_free_KIA_Soul_train.csv::seg_test::464,-1,0,Kia,Attack_free_KIA_Soul_train.csv
53,strong_campaign,ben_04-w07,ben_04,Kia::Attack_free_KIA_Soul_train.csv::Kia::Attack_free_KIA_Soul_train.csv::seg_test::1291,-1,0,Kia,Attack_free_KIA_Soul_train.csv
53,strong_campaign,ben_04-w08,ben_04,Kia::Attack_free_KIA_Soul_train.csv::Kia::Attack_free_KIA_Soul_train.csv::seg_test::251,-1,0,Kia,Attack_free_KIA_Soul_train.csv
53,strong_campaign,ben_04-w09,ben_04,Hyundai::Fuzzy_HYUNDAI_Sonata_train.csv::Hyundai::Fuzzy_HYUNDAI_Sonata_train.csv::full_trace::1690,-1,0,Hyundai,Fuzzy_HYUNDAI_Sonata_train.csv
53,strong_campaign,ben_05-w00,ben_05,Kia::Fuzzy_dataset_KIA_Soul_train.csv::Kia::Fuzzy_dataset_KIA_Soul_train.csv::full_trace::2203,-1,0,Kia,Fuzzy_dataset_KIA_Soul_train.csv
53,strong_campaign,ben_05-w01,ben_05,Kia::Fuzzy_dataset_KIA_Soul_train.csv::Kia::Fuzzy_dataset_KIA_Soul_train.csv::full_trace::73,-1,0,Kia,Fuzzy_dataset_KIA_Soul_train.csv
53,strong_campaign,ben_05-w02,ben_05,Kia::Fuzzy_dataset_KIA_Soul_train.csv::Kia::Fuzzy_dataset_KIA_Soul_train.csv::full_trace::2192,-1,0,Kia,Fuzzy_dataset_KIA_Soul_train.csv
53,strong_campaign,ben_05-w03,ben_05,Hyundai::Fuzzy_HYUNDAI_Sonata_train.csv::Hyundai::Fuzzy_HYUNDAI_Sonata_train.csv::full_trace::1559,-1,0,Hyundai,Fuzzy_HYUNDAI_Sonata_train.csv
53,strong_campaign,ben_05-w04,ben_05,Hyundai::Attack_free_HY_Sonata_train.csv::Hyundai::Attack_free_HY_Sonata_train.csv::seg_test::358,-1,0,Hyundai,Attack_free_HY_Sonata_train.csv
53,strong_campaign,ben_05-w05,ben_05,Kia::Fuzzy_dataset_KIA_Soul_train.csv::Kia::Fuzzy_dataset_KIA_Soul_train.csv::full_trace::6675,-1,0,Kia,Fuzzy_dataset_KIA_Soul_train.csv
53,strong_campaign,ben_05-w06,ben_05,Kia::Fuzzy_dataset_KIA_Soul_train.csv::Kia::Fuzzy_dataset_KIA_Soul_train.csv::full_trace::7833,-1,0,Kia,Fuzzy_dataset_KIA_Soul_train.csv
53,strong_campaign,ben_05-w07,ben_05,Hyundai::Fuzzy_HYUNDAI_Sonata_train.csv::Hyundai::Fuzzy_HYUNDAI_Sonata_train.csv::full_trace::1632,-1,0,Hyundai,Fuzzy_HYUNDAI_Sonata_train.csv
53,strong_campaign,ben_05-w08,ben_05,Hyundai::Attack_free_HY_Sonata_train.csv::Hyundai::Attack_free_HY_Sonata_train.csv::seg_test::495,-1,0,Hyundai,Attack_free_HY_Sonata_train.csv
53,strong_campaign,ben_05-w09,ben_05,Kia::Attack_free_KIA_Soul_train.csv::Kia::Attack_free_KIA_Soul_train.csv::seg_test::461,-1,0,Kia,Attack_free_KIA_Soul_train.csv
53,strong_campaign,ben_06-w00,ben_06,Hyundai::Attack_free_HY_Sonata_train.csv::Hyundai::Attack_free_HY_Sonata_train.csv::seg_test::365,-1,0,Hyundai,Attack_free_HY_Sonata_train.csv
53,strong_campaign,ben_06-w01,ben_06,Hyundai::Fuzzy_HYUNDAI_Sonata_train.csv::Hyundai::Fuzzy_HYUNDAI_Sonata_train.csv::full_trace::733,-1,0,Hyundai,Fuzzy_HYUNDAI_Sonata_train.csv
53,strong_campaign,ben_06-w02,ben_06,Kia::Fuzzy_dataset_KIA_Soul_train.csv::Kia::Fuzzy_dataset_KIA_Soul_train.csv::full_trace::8183,-1,0,Kia,Fuzzy_dataset_KIA_Soul_train.csv
53,strong_campaign,ben_06-w03,ben_06,Kia::Fuzzy_dataset_KIA_Soul_train.csv::Kia::Fuzzy_dataset_KIA_Soul_train.csv::full_trace::7980,-1,0,Kia,Fuzzy_dataset_KIA_Soul_train.csv
53,strong_campaign,ben_06-w04,ben_06,Kia::Fuzzy_dataset_KIA_Soul_train.csv::Kia::Fuzzy_dataset_KIA_Soul_train.csv::full_trace::1190,-1,0,Kia,Fuzzy_dataset_KIA_Soul_train.csv
53,strong_campaign,ben_06-w05,ben_06,Hyundai::Fuzzy_HYUNDAI_Sonata_train.csv::Hyundai::Fuzzy_HYUNDAI_Sonata_train.csv::full_trace::74,-1,0,Hyundai,Fuzzy_HYUNDAI_Sonata_train.csv
53,strong_campaign,ben_06-w06,ben_06,Kia::Attack_free_KIA_Soul_train.csv::Kia::Attack_free_KIA_Soul_train.csv::seg_test::1320,-1,0,Kia,Attack_free_KIA_Soul_train.csv
53,strong_campaign,ben_06-w07,ben_06,Hyundai::Attack_free_HY_Sonata_train.csv::Hyundai::Attack_free_HY_Sonata_train.csv::seg_test::435,-1,0,Hyundai,Attack_free_HY_Sonata_train.csv
53,strong_campaign,ben_06-w08,ben_06,Chevrolet::Malfunction_CHEVROLET_Spark_train.csv::Chevrolet::Malfunction_CHEVROLET_Spark_train.csv::seg_test::73,-1,0,Chevrolet,Malfunction_CHEVROLET_Spark_train.csv
53,strong_campaign,ben_06-w09,ben_06,Kia::Attack_free_KIA_Soul_train.csv::Kia::Attack_free_KIA_Soul_train.csv::seg_test::336,-1,0,Kia,Attack_free_KIA_Soul_train.csv
53,strong_campaign,ben_07-w00,ben_07,Kia::Fuzzy_dataset_KIA_Soul_train.csv::Kia::Fuzzy_dataset_KIA_Soul_train.csv::full_trace::5591,-1,0,Kia,Fuzzy_dataset_KIA_Soul_train.csv
53,strong_campaign,ben_07-w01,ben_07,Hyundai::Attack_free_HY_Sonata_train.csv::Hyundai::Attack_free_HY_Sonata_train.csv::seg_test::804,-1,0,Hyundai,Attack_free_HY_Sonata_train.csv
53,strong_campaign,ben_07-w02,ben_07,Kia::Fuzzy_dataset_KIA_Soul_train.csv::Kia::Fuzzy_dataset_KIA_Soul_train.csv::full_trace::6721,-1,0,Kia,Fuzzy_dataset_KIA_Soul_train.csv
53,strong_campaign,ben_07-w03,ben_07,Chevrolet::Attack_free_CHEVROLET_Spark_train.csv::Chevrolet::Attack_free_CHEVROLET_Spark_train.csv::seg_test::391,-1,0,Chevrolet,Attack_free_CHEVROLET_Spark_train.csv
53,strong_campaign,ben_07-w04,ben_07,Kia::Fuzzy_dataset_KIA_Soul_train.csv::Kia::Fuzzy_dataset_KIA_Soul_train.csv::full_trace::5891,-1,0,Kia,Fuzzy_dataset_KIA_Soul_train.csv
53,strong_campaign,ben_07-w05,ben_07,Kia::Fuzzy_dataset_KIA_Soul_train.csv::Kia::Fuzzy_dataset_KIA_Soul_train.csv::full_trace::3449,-1,0,Kia,Fuzzy_dataset_KIA_Soul_train.csv
53,strong_campaign,ben_07-w06,ben_07,Hyundai::Attack_free_HY_Sonata_train.csv::Hyundai::Attack_free_HY_Sonata_train.csv::seg_test::855,-1,0,Hyundai,Attack_free_HY_Sonata_train.csv
53,strong_campaign,ben_07-w07,ben_07,Kia::Fuzzy_dataset_KIA_Soul_train.csv::Kia::Fuzzy_dataset_KIA_Soul_train.csv::full_trace::1296,-1,0,Kia,Fuzzy_dataset_KIA_Soul_train.csv
53,strong_campaign,ben_07-w08,ben_07,Hyundai::Attack_free_HY_Sonata_train.csv::Hyundai::Attack_free_HY_Sonata_train.csv::seg_test::703,-1,0,Hyundai,Attack_free_HY_Sonata_train.csv
53,strong_campaign,ben_07-w09,ben_07,Kia::Attack_free_KIA_Soul_train.csv::Kia::Attack_free_KIA_Soul_train.csv::seg_test::325,-1,0,Kia,Attack_free_KIA_Soul_train.csv
53,strong_campaign,ben_08-w00,ben_08,Hyundai::Attack_free_HY_Sonata_train.csv::Hyundai::Attack_free_HY_Sonata_train.csv::seg_test::790,-1,0,Hyundai,Attack_free_HY_Sonata_train.csv
53,strong_campaign,ben_08-w01,ben_08,Chevrolet::Malfunction_CHEVROLET_Spark_train.csv::Chevrolet::Malfunction_CHEVROLET_Spark_train.csv::seg_test::115,-1,0,Chevrolet,Malfunction_CHEVROLET_Spark_train.csv
53,strong_campaign,ben_08-w02,ben_08,Kia::Fuzzy_dataset_KIA_Soul_train.csv::Kia::Fuzzy_dataset_KIA_Soul_train.csv::full_trace::3389,-1,0,Kia,Fuzzy_dataset_KIA_Soul_train.csv
53,strong_campaign,ben_08-w03,ben_08,Kia::Attack_free_KIA_Soul_train.csv::Kia::Attack_free_KIA_Soul_train.csv::seg_test::1268,-1,0,Kia,Attack_free_KIA_Soul_train.csv
53,strong_campaign,ben_08-w04,ben_08,Chevrolet::Attack_free_CHEVROLET_Spark_train.csv::Chevrolet::Attack_free_CHEVROLET_Spark_train.csv::seg_test::300,-1,0,Chevrolet,Attack_free_CHEVROLET_Spark_train.csv
53,strong_campaign,ben_08-w05,ben_08,Hyundai::Attack_free_HY_Sonata_train.csv::Hyundai::Attack_free_HY_Sonata_train.csv::seg_test::569,-1,0,Hyundai,Attack_free_HY_Sonata_train.csv
53,strong_campaign,ben_08-w06,ben_08,Chevrolet::Attack_free_CHEVROLET_Spark_train.csv::Chevrolet::Attack_free_CHEVROLET_Spark_train.csv::seg_test::49,-1,0,Chevrolet,Attack_free_CHEVROLET_Spark_train.csv
53,strong_campaign,ben_08-w07,ben_08,Kia::Fuzzy_dataset_KIA_Soul_train.csv::Kia::Fuzzy_dataset_KIA_Soul_train.csv::full_trace::983,-1,0,Kia,Fuzzy_dataset_KIA_Soul_train.csv
53,strong_campaign,ben_08-w08,ben_08,Kia::Fuzzy_dataset_KIA_Soul_train.csv::Kia::Fuzzy_dataset_KIA_Soul_train.csv::full_trace::2250,-1,0,Kia,Fuzzy_dataset_KIA_Soul_train.csv
53,strong_campaign,ben_08-w09,ben_08,Hyundai::Fuzzy_HYUNDAI_Sonata_train.csv::Hyundai::Fuzzy_HYUNDAI_Sonata_train.csv::full_trace::208,-1,0,Hyundai,Fuzzy_HYUNDAI_Sonata_train.csv
53,strong_campaign,ben_09-w00,ben_09,Hyundai::Attack_free_HY_Sonata_train.csv::Hyundai::Attack_free_HY_Sonata_train.csv::seg_test::883,-1,0,Hyundai,Attack_free_HY_Sonata_train.csv
53,strong_campaign,ben_09-w01,ben_09,Hyundai::Attack_free_HY_Sonata_train.csv::Hyundai::Attack_free_HY_Sonata_train.csv::seg_test::75,-1,0,Hyundai,Attack_free_HY_Sonata_train.csv
53,strong_campaign,ben_09-w02,ben_09,Kia::Attack_free_KIA_Soul_train.csv::Kia::Attack_free_KIA_Soul_train.csv::seg_test::814,-1,0,Kia,Attack_free_KIA_Soul_train.csv
53,strong_campaign,ben_09-w03,ben_09,Kia::Attack_free_KIA_Soul_train.csv::Kia::Attack_free_KIA_Soul_train.csv::seg_test::1162,-1,0,Kia,Attack_free_KIA_Soul_train.csv
53,strong_campaign,ben_09-w04,ben_09,Chevrolet::Malfunction_CHEVROLET_Spark_train.csv::Chevrolet::Malfunction_CHEVROLET_Spark_train.csv::seg_test::79,-1,0,Chevrolet,Malfunction_CHEVROLET_Spark_train.csv
53,strong_campaign,ben_09-w05,ben_09,Kia::Attack_free_KIA_Soul_train.csv::Kia::Attack_free_KIA_Soul_train.csv::seg_test::562,-1,0,Kia,Attack_free_KIA_Soul_train.csv
53,strong_campaign,ben_09-w06,ben_09,Hyundai::Attack_free_HY_Sonata_train.csv::Hyundai::Attack_free_HY_Sonata_train.csv::seg_test::1142,-1,0,Hyundai,Attack_free_HY_Sonata_train.csv
53,strong_campaign,ben_09-w07,ben_09,Kia::Attack_free_KIA_Soul_train.csv::Kia::Attack_free_KIA_Soul_train.csv::seg_test::352,-1,0,Kia,Attack_free_KIA_Soul_train.csv
53,strong_campaign,ben_09-w08,ben_09,Kia::Fuzzy_dataset_KIA_Soul_train.csv::Kia::Fuzzy_dataset_KIA_Soul_train.csv::full_trace::3378,-1,0,Kia,Fuzzy_dataset_KIA_Soul_train.csv
53,strong_campaign,ben_09-w09,ben_09,Kia::Fuzzy_dataset_KIA_Soul_train.csv::Kia::Fuzzy_dataset_KIA_Soul_train.csv::full_trace::3617,-1,0,Kia,Fuzzy_dataset_KIA_Soul_train.csv
53,strong_campaign,ben_10-w00,ben_10,Hyundai::Attack_free_HY_Sonata_train.csv::Hyundai::Attack_free_HY_Sonata_train.csv::seg_test::343,-1,0,Hyundai,Attack_free_HY_Sonata_train.csv
53,strong_campaign,ben_10-w01,ben_10,Kia::Fuzzy_dataset_KIA_Soul_train.csv::Kia::Fuzzy_dataset_KIA_Soul_train.csv::full_trace::2133,-1,0,Kia,Fuzzy_dataset_KIA_Soul_train.csv
53,strong_campaign,ben_10-w02,ben_10,Kia::Fuzzy_dataset_KIA_Soul_train.csv::Kia::Fuzzy_dataset_KIA_Soul_train.csv::full_trace::3536,-1,0,Kia,Fuzzy_dataset_KIA_Soul_train.csv
53,strong_campaign,ben_10-w03,ben_10,Kia::Attack_free_KIA_Soul_train.csv::Kia::Attack_free_KIA_Soul_train.csv::seg_test::154,-1,0,Kia,Attack_free_KIA_Soul_train.csv
53,strong_campaign,ben_10-w04,ben_10,Kia::Attack_free_KIA_Soul_train.csv::Kia::Attack_free_KIA_Soul_train.csv::seg_test::1274,-1,0,Kia,Attack_free_KIA_Soul_train.csv
53,strong_campaign,ben_10-w05,ben_10,Kia::Fuzzy_dataset_KIA_Soul_train.csv::Kia::Fuzzy_dataset_KIA_Soul_train.csv::full_trace::2273,-1,0,Kia,Fuzzy_dataset_KIA_Soul_train.csv
53,strong_campaign,ben_10-w06,ben_10,Hyundai::Attack_free_HY_Sonata_train.csv::Hyundai::Attack_free_HY_Sonata_train.csv::seg_test::851,-1,0,Hyundai,Attack_free_HY_Sonata_train.csv
53,strong_campaign,ben_10-w07,ben_10,Hyundai::Attack_free_HY_Sonata_train.csv::Hyundai::Attack_free_HY_Sonata_train.csv::seg_test::843,-1,0,Hyundai,Attack_free_HY_Sonata_train.csv
53,strong_campaign,ben_10-w08,ben_10,Kia::Fuzzy_dataset_KIA_Soul_train.csv::Kia::Fuzzy_dataset_KIA_Soul_train.csv::full_trace::3299,-1,0,Kia,Fuzzy_dataset_KIA_Soul_train.csv
53,strong_campaign,ben_10-w09,ben_10,Kia::Fuzzy_dataset_KIA_Soul_train.csv::Kia::Fuzzy_dataset_KIA_Soul_train.csv::full_trace::5543,-1,0,Kia,Fuzzy_dataset_KIA_Soul_train.csv
53,strong_campaign,ben_11-w00,ben_11,Kia::Fuzzy_dataset_KIA_Soul_train.csv::Kia::Fuzzy_dataset_KIA_Soul_train.csv::full_trace::2440,-1,0,Kia,Fuzzy_dataset_KIA_Soul_train.csv
53,strong_campaign,ben_11-w01,ben_11,Kia::Fuzzy_dataset_KIA_Soul_train.csv::Kia::Fuzzy_dataset_KIA_Soul_train.csv::full_trace::3610,-1,0,Kia,Fuzzy_dataset_KIA_Soul_train.csv
53,strong_campaign,ben_11-w02,ben_11,Kia::Fuzzy_dataset_KIA_Soul_train.csv::Kia::Fuzzy_dataset_KIA_Soul_train.csv::full_trace::7983,-1,0,Kia,Fuzzy_dataset_KIA_Soul_train.csv
53,strong_campaign,ben_11-w03,ben_11,Kia::Fuzzy_dataset_KIA_Soul_train.csv::Kia::Fuzzy_dataset_KIA_Soul_train.csv::full_trace::6671,-1,0,Kia,Fuzzy_dataset_KIA_Soul_train.csv
53,strong_campaign,ben_11-w04,ben_11,Hyundai::Fuzzy_HYUNDAI_Sonata_train.csv::Hyundai::Fuzzy_HYUNDAI_Sonata_train.csv::full_trace::233,-1,0,Hyundai,Fuzzy_HYUNDAI_Sonata_train.csv
53,strong_campaign,ben_11-w05,ben_11,Hyundai::Fuzzy_HYUNDAI_Sonata_train.csv::Hyundai::Fuzzy_HYUNDAI_Sonata_train.csv::full_trace::1108,-1,0,Hyundai,Fuzzy_HYUNDAI_Sonata_train.csv
53,strong_campaign,ben_11-w06,ben_11,Hyundai::Fuzzy_HYUNDAI_Sonata_train.csv::Hyundai::Fuzzy_HYUNDAI_Sonata_train.csv::full_trace::17,-1,0,Hyundai,Fuzzy_HYUNDAI_Sonata_train.csv
53,strong_campaign,ben_11-w07,ben_11,Kia::Fuzzy_dataset_KIA_Soul_train.csv::Kia::Fuzzy_dataset_KIA_Soul_train.csv::full_trace::5834,-1,0,Kia,Fuzzy_dataset_KIA_Soul_train.csv
53,strong_campaign,ben_11-w08,ben_11,Kia::Attack_free_KIA_Soul_train.csv::Kia::Attack_free_KIA_Soul_train.csv::seg_test::1121,-1,0,Kia,Attack_free_KIA_Soul_train.csv
53,strong_campaign,ben_11-w09,ben_11,Hyundai::Fuzzy_HYUNDAI_Sonata_train.csv::Hyundai::Fuzzy_HYUNDAI_Sonata_train.csv::full_trace::211,-1,0,Hyundai,Fuzzy_HYUNDAI_Sonata_train.csv
53,strong_campaign,ben_12-w00,ben_12,Kia::Fuzzy_dataset_KIA_Soul_train.csv::Kia::Fuzzy_dataset_KIA_Soul_train.csv::full_trace::8104,-1,0,Kia,Fuzzy_dataset_KIA_Soul_train.csv
53,strong_campaign,ben_12-w01,ben_12,Hyundai::Fuzzy_HYUNDAI_Sonata_train.csv::Hyundai::Fuzzy_HYUNDAI_Sonata_train.csv::full_trace::1748,-1,0,Hyundai,Fuzzy_HYUNDAI_Sonata_train.csv
53,strong_campaign,ben_12-w02,ben_12,Kia::Fuzzy_dataset_KIA_Soul_train.csv::Kia::Fuzzy_dataset_KIA_Soul_train.csv::full_trace::2099,-1,0,Kia,Fuzzy_dataset_KIA_Soul_train.csv
53,strong_campaign,ben_12-w03,ben_12,Kia::Fuzzy_dataset_KIA_Soul_train.csv::Kia::Fuzzy_dataset_KIA_Soul_train.csv::full_trace::4528,-1,0,Kia,Fuzzy_dataset_KIA_Soul_train.csv
53,strong_campaign,ben_12-w04,ben_12,Kia::Fuzzy_dataset_KIA_Soul_train.csv::Kia::Fuzzy_dataset_KIA_Soul_train.csv::full_trace::3592,-1,0,Kia,Fuzzy_dataset_KIA_Soul_train.csv
53,strong_campaign,ben_12-w05,ben_12,Kia::Fuzzy_dataset_KIA_Soul_train.csv::Kia::Fuzzy_dataset_KIA_Soul_train.csv::full_trace::2242,-1,0,Kia,Fuzzy_dataset_KIA_Soul_train.csv
53,strong_campaign,ben_12-w06,ben_12,Hyundai::Fuzzy_HYUNDAI_Sonata_train.csv::Hyundai::Fuzzy_HYUNDAI_Sonata_train.csv::full_trace::228,-1,0,Hyundai,Fuzzy_HYUNDAI_Sonata_train.csv
53,strong_campaign,ben_12-w07,ben_12,Kia::Fuzzy_dataset_KIA_Soul_train.csv::Kia::Fuzzy_dataset_KIA_Soul_train.csv::full_trace::3325,-1,0,Kia,Fuzzy_dataset_KIA_Soul_train.csv
53,strong_campaign,ben_12-w08,ben_12,Chevrolet::Attack_free_CHEVROLET_Spark_train.csv::Chevrolet::Attack_free_CHEVROLET_Spark_train.csv::seg_test::43,-1,0,Chevrolet,Attack_free_CHEVROLET_Spark_train.csv
53,strong_campaign,ben_12-w09,ben_12,Kia::Fuzzy_dataset_KIA_Soul_train.csv::Kia::Fuzzy_dataset_KIA_Soul_train.csv::full_trace::8044,-1,0,Kia,Fuzzy_dataset_KIA_Soul_train.csv
53,strong_campaign,ben_13-w00,ben_13,Kia::Fuzzy_dataset_KIA_Soul_train.csv::Kia::Fuzzy_dataset_KIA_Soul_train.csv::full_trace::3491,-1,0,Kia,Fuzzy_dataset_KIA_Soul_train.csv
53,strong_campaign,ben_13-w01,ben_13,Kia::Fuzzy_dataset_KIA_Soul_train.csv::Kia::Fuzzy_dataset_KIA_Soul_train.csv::full_trace::8968,-1,0,Kia,Fuzzy_dataset_KIA_Soul_train.csv
53,strong_campaign,ben_13-w02,ben_13,Hyundai::Attack_free_HY_Sonata_train.csv::Hyundai::Attack_free_HY_Sonata_train.csv::seg_test::808,-1,0,Hyundai,Attack_free_HY_Sonata_train.csv
53,strong_campaign,ben_13-w03,ben_13,Kia::Fuzzy_dataset_KIA_Soul_train.csv::Kia::Fuzzy_dataset_KIA_Soul_train.csv::full_trace::6833,-1,0,Kia,Fuzzy_dataset_KIA_Soul_train.csv
53,strong_campaign,ben_13-w04,ben_13,Kia::Fuzzy_dataset_KIA_Soul_train.csv::Kia::Fuzzy_dataset_KIA_Soul_train.csv::full_trace::8969,-1,0,Kia,Fuzzy_dataset_KIA_Soul_train.csv
53,strong_campaign,ben_13-w05,ben_13,Kia::Attack_free_KIA_Soul_train.csv::Kia::Attack_free_KIA_Soul_train.csv::seg_test::950,-1,0,Kia,Attack_free_KIA_Soul_train.csv
53,strong_campaign,ben_13-w06,ben_13,Kia::Fuzzy_dataset_KIA_Soul_train.csv::Kia::Fuzzy_dataset_KIA_Soul_train.csv::full_trace::97,-1,0,Kia,Fuzzy_dataset_KIA_Soul_train.csv
53,strong_campaign,ben_13-w07,ben_13,Kia::Attack_free_KIA_Soul_train.csv::Kia::Attack_free_KIA_Soul_train.csv::seg_test::346,-1,0,Kia,Attack_free_KIA_Soul_train.csv
53,strong_campaign,ben_13-w08,ben_13,Hyundai::Fuzzy_HYUNDAI_Sonata_train.csv::Hyundai::Fuzzy_HYUNDAI_Sonata_train.csv::full_trace::538,-1,0,Hyundai,Fuzzy_HYUNDAI_Sonata_train.csv
53,strong_campaign,ben_13-w09,ben_13,Kia::Attack_free_KIA_Soul_train.csv::Kia::Attack_free_KIA_Soul_train.csv::seg_test::688,-1,0,Kia,Attack_free_KIA_Soul_train.csv
53,strong_campaign,ben_14-w00,ben_14,Hyundai::Attack_free_HY_Sonata_train.csv::Hyundai::Attack_free_HY_Sonata_train.csv::seg_test::27,-1,0,Hyundai,Attack_free_HY_Sonata_train.csv
53,strong_campaign,ben_14-w01,ben_14,Kia::Fuzzy_dataset_KIA_Soul_train.csv::Kia::Fuzzy_dataset_KIA_Soul_train.csv::full_trace::2258,-1,0,Kia,Fuzzy_dataset_KIA_Soul_train.csv
53,strong_campaign,ben_14-w02,ben_14,Kia::Attack_free_KIA_Soul_train.csv::Kia::Attack_free_KIA_Soul_train.csv::seg_test::607,-1,0,Kia,Attack_free_KIA_Soul_train.csv
53,strong_campaign,ben_14-w03,ben_14,Kia::Attack_free_KIA_Soul_train.csv::Kia::Attack_free_KIA_Soul_train.csv::seg_test::368,-1,0,Kia,Attack_free_KIA_Soul_train.csv
53,strong_campaign,ben_14-w04,ben_14,Hyundai::Attack_free_HY_Sonata_train.csv::Hyundai::Attack_free_HY_Sonata_train.csv::seg_test::1080,-1,0,Hyundai,Attack_free_HY_Sonata_train.csv
53,strong_campaign,ben_14-w05,ben_14,Kia::Attack_free_KIA_Soul_train.csv::Kia::Attack_free_KIA_Soul_train.csv::seg_test::929,-1,0,Kia,Attack_free_KIA_Soul_train.csv
53,strong_campaign,ben_14-w06,ben_14,Hyundai::Fuzzy_HYUNDAI_Sonata_train.csv::Hyundai::Fuzzy_HYUNDAI_Sonata_train.csv::full_trace::561,-1,0,Hyundai,Fuzzy_HYUNDAI_Sonata_train.csv
53,strong_campaign,ben_14-w07,ben_14,Kia::Attack_free_KIA_Soul_train.csv::Kia::Attack_free_KIA_Soul_train.csv::seg_test::1008,-1,0,Kia,Attack_free_KIA_Soul_train.csv
53,strong_campaign,ben_14-w08,ben_14,Hyundai::Attack_free_HY_Sonata_train.csv::Hyundai::Attack_free_HY_Sonata_train.csv::seg_test::403,-1,0,Hyundai,Attack_free_HY_Sonata_train.csv
53,strong_campaign,ben_14-w09,ben_14,Hyundai::Attack_free_HY_Sonata_train.csv::Hyundai::Attack_free_HY_Sonata_train.csv::seg_test::617,-1,0,Hyundai,Attack_free_HY_Sonata_train.csv
53,unrelated_incidents,ind_00-w00,ind_00,Kia::Fuzzy_dataset_KIA_Soul_train.csv::Kia::Fuzzy_dataset_KIA_Soul_train.csv::full_trace::7290,0,1,Kia,Fuzzy_dataset_KIA_Soul_train.csv
53,unrelated_incidents,ind_00-w01,ind_00,Kia::Fuzzy_dataset_KIA_Soul_train.csv::Kia::Fuzzy_dataset_KIA_Soul_train.csv::full_trace::6533,0,1,Kia,Fuzzy_dataset_KIA_Soul_train.csv
53,unrelated_incidents,ind_00-w02,ind_00,Kia::Fuzzy_dataset_KIA_Soul_train.csv::Kia::Fuzzy_dataset_KIA_Soul_train.csv::full_trace::6301,0,1,Kia,Fuzzy_dataset_KIA_Soul_train.csv
53,unrelated_incidents,ind_00-w03,ind_00,Kia::Fuzzy_dataset_KIA_Soul_train.csv::Kia::Fuzzy_dataset_KIA_Soul_train.csv::full_trace::6044,0,1,Kia,Fuzzy_dataset_KIA_Soul_train.csv
53,unrelated_incidents,ind_00-w04,ind_00,Hyundai::Fuzzy_HYUNDAI_Sonata_train.csv::Hyundai::Fuzzy_HYUNDAI_Sonata_train.csv::full_trace::877,0,1,Hyundai,Fuzzy_HYUNDAI_Sonata_train.csv
53,unrelated_incidents,ind_00-w05,ind_00,Kia::Fuzzy_dataset_KIA_Soul_train.csv::Kia::Fuzzy_dataset_KIA_Soul_train.csv::full_trace::7033,-1,0,Kia,Fuzzy_dataset_KIA_Soul_train.csv
53,unrelated_incidents,ind_00-w06,ind_00,Hyundai::Attack_free_HY_Sonata_train.csv::Hyundai::Attack_free_HY_Sonata_train.csv::seg_test::1057,-1,0,Hyundai,Attack_free_HY_Sonata_train.csv
53,unrelated_incidents,ind_00-w07,ind_00,Kia::Fuzzy_dataset_KIA_Soul_train.csv::Kia::Fuzzy_dataset_KIA_Soul_train.csv::full_trace::5771,-1,0,Kia,Fuzzy_dataset_KIA_Soul_train.csv
53,unrelated_incidents,ind_00-w08,ind_00,Kia::Fuzzy_dataset_KIA_Soul_train.csv::Kia::Fuzzy_dataset_KIA_Soul_train.csv::full_trace::3637,-1,0,Kia,Fuzzy_dataset_KIA_Soul_train.csv
53,unrelated_incidents,ind_00-w09,ind_00,Hyundai::Attack_free_HY_Sonata_train.csv::Hyundai::Attack_free_HY_Sonata_train.csv::seg_test::849,-1,0,Hyundai,Attack_free_HY_Sonata_train.csv
53,unrelated_incidents,ind_01-w00,ind_01,Chevrolet::Flooding_CHEVROLET_Spark_train.csv::Chevrolet::Flooding_CHEVROLET_Spark_train.csv::seg_test::128,1,1,Chevrolet,Flooding_CHEVROLET_Spark_train.csv
53,unrelated_incidents,ind_01-w01,ind_01,Chevrolet::Flooding_CHEVROLET_Spark_train.csv::Chevrolet::Flooding_CHEVROLET_Spark_train.csv::seg_test::57,1,1,Chevrolet,Flooding_CHEVROLET_Spark_train.csv
53,unrelated_incidents,ind_01-w02,ind_01,Chevrolet::Flooding_CHEVROLET_Spark_train.csv::Chevrolet::Flooding_CHEVROLET_Spark_train.csv::seg_test::193,1,1,Chevrolet,Flooding_CHEVROLET_Spark_train.csv
53,unrelated_incidents,ind_01-w03,ind_01,Chevrolet::Flooding_CHEVROLET_Spark_train.csv::Chevrolet::Flooding_CHEVROLET_Spark_train.csv::seg_test::154,1,1,Chevrolet,Flooding_CHEVROLET_Spark_train.csv
53,unrelated_incidents,ind_01-w04,ind_01,Chevrolet::Flooding_CHEVROLET_Spark_train.csv::Chevrolet::Flooding_CHEVROLET_Spark_train.csv::seg_test::149,1,1,Chevrolet,Flooding_CHEVROLET_Spark_train.csv
53,unrelated_incidents,ind_01-w05,ind_01,Kia::Fuzzy_dataset_KIA_Soul_train.csv::Kia::Fuzzy_dataset_KIA_Soul_train.csv::full_trace::3335,-1,0,Kia,Fuzzy_dataset_KIA_Soul_train.csv
53,unrelated_incidents,ind_01-w06,ind_01,Hyundai::Fuzzy_HYUNDAI_Sonata_train.csv::Hyundai::Fuzzy_HYUNDAI_Sonata_train.csv::full_trace::187,-1,0,Hyundai,Fuzzy_HYUNDAI_Sonata_train.csv
53,unrelated_incidents,ind_01-w07,ind_01,Kia::Attack_free_KIA_Soul_train.csv::Kia::Attack_free_KIA_Soul_train.csv::seg_test::720,-1,0,Kia,Attack_free_KIA_Soul_train.csv
53,unrelated_incidents,ind_01-w08,ind_01,Hyundai::Fuzzy_HYUNDAI_Sonata_train.csv::Hyundai::Fuzzy_HYUNDAI_Sonata_train.csv::full_trace::1575,-1,0,Hyundai,Fuzzy_HYUNDAI_Sonata_train.csv
53,unrelated_incidents,ind_01-w09,ind_01,Kia::Fuzzy_dataset_KIA_Soul_train.csv::Kia::Fuzzy_dataset_KIA_Soul_train.csv::full_trace::6719,-1,0,Kia,Fuzzy_dataset_KIA_Soul_train.csv
53,unrelated_incidents,ind_02-w00,ind_02,Kia::Fuzzy_dataset_KIA_Soul_train.csv::Kia::Fuzzy_dataset_KIA_Soul_train.csv::full_trace::7263,2,1,Kia,Fuzzy_dataset_KIA_Soul_train.csv
53,unrelated_incidents,ind_02-w01,ind_02,Kia::Fuzzy_dataset_KIA_Soul_train.csv::Kia::Fuzzy_dataset_KIA_Soul_train.csv::full_trace::1694,2,1,Kia,Fuzzy_dataset_KIA_Soul_train.csv
53,unrelated_incidents,ind_02-w02,ind_02,Kia::Fuzzy_dataset_KIA_Soul_train.csv::Kia::Fuzzy_dataset_KIA_Soul_train.csv::full_trace::790,2,1,Kia,Fuzzy_dataset_KIA_Soul_train.csv
53,unrelated_incidents,ind_02-w03,ind_02,Hyundai::Fuzzy_HYUNDAI_Sonata_train.csv::Hyundai::Fuzzy_HYUNDAI_Sonata_train.csv::full_trace::1304,2,1,Hyundai,Fuzzy_HYUNDAI_Sonata_train.csv
53,unrelated_incidents,ind_02-w04,ind_02,Hyundai::Fuzzy_HYUNDAI_Sonata_train.csv::Hyundai::Fuzzy_HYUNDAI_Sonata_train.csv::full_trace::1517,2,1,Hyundai,Fuzzy_HYUNDAI_Sonata_train.csv
53,unrelated_incidents,ind_02-w05,ind_02,Hyundai::Attack_free_HY_Sonata_train.csv::Hyundai::Attack_free_HY_Sonata_train.csv::seg_test::164,-1,0,Hyundai,Attack_free_HY_Sonata_train.csv
53,unrelated_incidents,ind_02-w06,ind_02,Kia::Fuzzy_dataset_KIA_Soul_train.csv::Kia::Fuzzy_dataset_KIA_Soul_train.csv::full_trace::1341,-1,0,Kia,Fuzzy_dataset_KIA_Soul_train.csv
53,unrelated_incidents,ind_02-w07,ind_02,Kia::Fuzzy_dataset_KIA_Soul_train.csv::Kia::Fuzzy_dataset_KIA_Soul_train.csv::full_trace::4532,-1,0,Kia,Fuzzy_dataset_KIA_Soul_train.csv
53,unrelated_incidents,ind_02-w08,ind_02,Kia::Fuzzy_dataset_KIA_Soul_train.csv::Kia::Fuzzy_dataset_KIA_Soul_train.csv::full_trace::8919,-1,0,Kia,Fuzzy_dataset_KIA_Soul_train.csv
53,unrelated_incidents,ind_02-w09,ind_02,Hyundai::Attack_free_HY_Sonata_train.csv::Hyundai::Attack_free_HY_Sonata_train.csv::seg_test::741,-1,0,Hyundai,Attack_free_HY_Sonata_train.csv
53,unrelated_incidents,ind_03-w00,ind_03,Chevrolet::Flooding_CHEVROLET_Spark_train.csv::Chevrolet::Flooding_CHEVROLET_Spark_train.csv::seg_test::6,3,1,Chevrolet,Flooding_CHEVROLET_Spark_train.csv
53,unrelated_incidents,ind_03-w01,ind_03,Chevrolet::Flooding_CHEVROLET_Spark_train.csv::Chevrolet::Flooding_CHEVROLET_Spark_train.csv::seg_test::194,3,1,Chevrolet,Flooding_CHEVROLET_Spark_train.csv
53,unrelated_incidents,ind_03-w02,ind_03,Chevrolet::Flooding_CHEVROLET_Spark_train.csv::Chevrolet::Flooding_CHEVROLET_Spark_train.csv::seg_test::76,3,1,Chevrolet,Flooding_CHEVROLET_Spark_train.csv
53,unrelated_incidents,ind_03-w03,ind_03,Chevrolet::Flooding_CHEVROLET_Spark_train.csv::Chevrolet::Flooding_CHEVROLET_Spark_train.csv::seg_test::182,3,1,Chevrolet,Flooding_CHEVROLET_Spark_train.csv
53,unrelated_incidents,ind_03-w04,ind_03,Chevrolet::Flooding_CHEVROLET_Spark_train.csv::Chevrolet::Flooding_CHEVROLET_Spark_train.csv::seg_test::172,3,1,Chevrolet,Flooding_CHEVROLET_Spark_train.csv
53,unrelated_incidents,ind_03-w05,ind_03,Kia::Fuzzy_dataset_KIA_Soul_train.csv::Kia::Fuzzy_dataset_KIA_Soul_train.csv::full_trace::2449,-1,0,Kia,Fuzzy_dataset_KIA_Soul_train.csv
53,unrelated_incidents,ind_03-w06,ind_03,Kia::Fuzzy_dataset_KIA_Soul_train.csv::Kia::Fuzzy_dataset_KIA_Soul_train.csv::full_trace::9103,-1,0,Kia,Fuzzy_dataset_KIA_Soul_train.csv
53,unrelated_incidents,ind_03-w07,ind_03,Kia::Fuzzy_dataset_KIA_Soul_train.csv::Kia::Fuzzy_dataset_KIA_Soul_train.csv::full_trace::8814,-1,0,Kia,Fuzzy_dataset_KIA_Soul_train.csv
53,unrelated_incidents,ind_03-w08,ind_03,Chevrolet::Malfunction_CHEVROLET_Spark_train.csv::Chevrolet::Malfunction_CHEVROLET_Spark_train.csv::seg_test::13,-1,0,Chevrolet,Malfunction_CHEVROLET_Spark_train.csv
53,unrelated_incidents,ind_03-w09,ind_03,Kia::Fuzzy_dataset_KIA_Soul_train.csv::Kia::Fuzzy_dataset_KIA_Soul_train.csv::full_trace::37,-1,0,Kia,Fuzzy_dataset_KIA_Soul_train.csv
53,unrelated_incidents,ind_04-w00,ind_04,Kia::Fuzzy_dataset_KIA_Soul_train.csv::Kia::Fuzzy_dataset_KIA_Soul_train.csv::full_trace::5305,4,1,Kia,Fuzzy_dataset_KIA_Soul_train.csv
53,unrelated_incidents,ind_04-w01,ind_04,Kia::Fuzzy_dataset_KIA_Soul_train.csv::Kia::Fuzzy_dataset_KIA_Soul_train.csv::full_trace::934,4,1,Kia,Fuzzy_dataset_KIA_Soul_train.csv
53,unrelated_incidents,ind_04-w02,ind_04,Kia::Fuzzy_dataset_KIA_Soul_train.csv::Kia::Fuzzy_dataset_KIA_Soul_train.csv::full_trace::1706,4,1,Kia,Fuzzy_dataset_KIA_Soul_train.csv
53,unrelated_incidents,ind_04-w03,ind_04,Kia::Fuzzy_dataset_KIA_Soul_train.csv::Kia::Fuzzy_dataset_KIA_Soul_train.csv::full_trace::7386,4,1,Kia,Fuzzy_dataset_KIA_Soul_train.csv
53,unrelated_incidents,ind_04-w04,ind_04,Kia::Fuzzy_dataset_KIA_Soul_train.csv::Kia::Fuzzy_dataset_KIA_Soul_train.csv::full_trace::6463,4,1,Kia,Fuzzy_dataset_KIA_Soul_train.csv
53,unrelated_incidents,ind_04-w05,ind_04,Kia::Fuzzy_dataset_KIA_Soul_train.csv::Kia::Fuzzy_dataset_KIA_Soul_train.csv::full_trace::230,-1,0,Kia,Fuzzy_dataset_KIA_Soul_train.csv
53,unrelated_incidents,ind_04-w06,ind_04,Kia::Attack_free_KIA_Soul_train.csv::Kia::Attack_free_KIA_Soul_train.csv::seg_test::1280,-1,0,Kia,Attack_free_KIA_Soul_train.csv
53,unrelated_incidents,ind_04-w07,ind_04,Kia::Fuzzy_dataset_KIA_Soul_train.csv::Kia::Fuzzy_dataset_KIA_Soul_train.csv::full_trace::4470,-1,0,Kia,Fuzzy_dataset_KIA_Soul_train.csv
53,unrelated_incidents,ind_04-w08,ind_04,Kia::Fuzzy_dataset_KIA_Soul_train.csv::Kia::Fuzzy_dataset_KIA_Soul_train.csv::full_trace::2459,-1,0,Kia,Fuzzy_dataset_KIA_Soul_train.csv
53,unrelated_incidents,ind_04-w09,ind_04,Kia::Attack_free_KIA_Soul_train.csv::Kia::Attack_free_KIA_Soul_train.csv::seg_test::1270,-1,0,Kia,Attack_free_KIA_Soul_train.csv
53,unrelated_incidents,ben_00-w00,ben_00,Kia::Fuzzy_dataset_KIA_Soul_train.csv::Kia::Fuzzy_dataset_KIA_Soul_train.csv::full_trace::3359,-1,0,Kia,Fuzzy_dataset_KIA_Soul_train.csv
53,unrelated_incidents,ben_00-w01,ben_00,Kia::Fuzzy_dataset_KIA_Soul_train.csv::Kia::Fuzzy_dataset_KIA_Soul_train.csv::full_trace::1057,-1,0,Kia,Fuzzy_dataset_KIA_Soul_train.csv
53,unrelated_incidents,ben_00-w02,ben_00,Kia::Fuzzy_dataset_KIA_Soul_train.csv::Kia::Fuzzy_dataset_KIA_Soul_train.csv::full_trace::6732,-1,0,Kia,Fuzzy_dataset_KIA_Soul_train.csv
53,unrelated_incidents,ben_00-w03,ben_00,Kia::Fuzzy_dataset_KIA_Soul_train.csv::Kia::Fuzzy_dataset_KIA_Soul_train.csv::full_trace::3542,-1,0,Kia,Fuzzy_dataset_KIA_Soul_train.csv
53,unrelated_incidents,ben_00-w04,ben_00,Kia::Fuzzy_dataset_KIA_Soul_train.csv::Kia::Fuzzy_dataset_KIA_Soul_train.csv::full_trace::8977,-1,0,Kia,Fuzzy_dataset_KIA_Soul_train.csv
53,unrelated_incidents,ben_00-w05,ben_00,Kia::Fuzzy_dataset_KIA_Soul_train.csv::Kia::Fuzzy_dataset_KIA_Soul_train.csv::full_trace::2481,-1,0,Kia,Fuzzy_dataset_KIA_Soul_train.csv
53,unrelated_incidents,ben_00-w06,ben_00,Kia::Fuzzy_dataset_KIA_Soul_train.csv::Kia::Fuzzy_dataset_KIA_Soul_train.csv::full_trace::4780,-1,0,Kia,Fuzzy_dataset_KIA_Soul_train.csv
53,unrelated_incidents,ben_00-w07,ben_00,Kia::Attack_free_KIA_Soul_train.csv::Kia::Attack_free_KIA_Soul_train.csv::seg_test::191,-1,0,Kia,Attack_free_KIA_Soul_train.csv
53,unrelated_incidents,ben_00-w08,ben_00,Kia::Fuzzy_dataset_KIA_Soul_train.csv::Kia::Fuzzy_dataset_KIA_Soul_train.csv::full_trace::6932,-1,0,Kia,Fuzzy_dataset_KIA_Soul_train.csv
53,unrelated_incidents,ben_00-w09,ben_00,Kia::Fuzzy_dataset_KIA_Soul_train.csv::Kia::Fuzzy_dataset_KIA_Soul_train.csv::full_trace::196,-1,0,Kia,Fuzzy_dataset_KIA_Soul_train.csv
53,unrelated_incidents,ben_01-w00,ben_01,Hyundai::Fuzzy_HYUNDAI_Sonata_train.csv::Hyundai::Fuzzy_HYUNDAI_Sonata_train.csv::full_trace::1258,-1,0,Hyundai,Fuzzy_HYUNDAI_Sonata_train.csv
53,unrelated_incidents,ben_01-w01,ben_01,Kia::Attack_free_KIA_Soul_train.csv::Kia::Attack_free_KIA_Soul_train.csv::seg_test::895,-1,0,Kia,Attack_free_KIA_Soul_train.csv
53,unrelated_incidents,ben_01-w02,ben_01,Hyundai::Attack_free_HY_Sonata_train.csv::Hyundai::Attack_free_HY_Sonata_train.csv::seg_test::48,-1,0,Hyundai,Attack_free_HY_Sonata_train.csv
53,unrelated_incidents,ben_01-w03,ben_01,Kia::Fuzzy_dataset_KIA_Soul_train.csv::Kia::Fuzzy_dataset_KIA_Soul_train.csv::full_trace::7036,-1,0,Kia,Fuzzy_dataset_KIA_Soul_train.csv
53,unrelated_incidents,ben_01-w04,ben_01,Chevrolet::Attack_free_CHEVROLET_Spark_train.csv::Chevrolet::Attack_free_CHEVROLET_Spark_train.csv::seg_test::23,-1,0,Chevrolet,Attack_free_CHEVROLET_Spark_train.csv
53,unrelated_incidents,ben_01-w05,ben_01,Hyundai::Attack_free_HY_Sonata_train.csv::Hyundai::Attack_free_HY_Sonata_train.csv::seg_test::300,-1,0,Hyundai,Attack_free_HY_Sonata_train.csv
53,unrelated_incidents,ben_01-w06,ben_01,Kia::Fuzzy_dataset_KIA_Soul_train.csv::Kia::Fuzzy_dataset_KIA_Soul_train.csv::full_trace::232,-1,0,Kia,Fuzzy_dataset_KIA_Soul_train.csv
53,unrelated_incidents,ben_01-w07,ben_01,Hyundai::Fuzzy_HYUNDAI_Sonata_train.csv::Hyundai::Fuzzy_HYUNDAI_Sonata_train.csv::full_trace::226,-1,0,Hyundai,Fuzzy_HYUNDAI_Sonata_train.csv
53,unrelated_incidents,ben_01-w08,ben_01,Kia::Fuzzy_dataset_KIA_Soul_train.csv::Kia::Fuzzy_dataset_KIA_Soul_train.csv::full_trace::5679,-1,0,Kia,Fuzzy_dataset_KIA_Soul_train.csv
53,unrelated_incidents,ben_01-w09,ben_01,Chevrolet::Malfunction_CHEVROLET_Spark_train.csv::Chevrolet::Malfunction_CHEVROLET_Spark_train.csv::seg_test::125,-1,0,Chevrolet,Malfunction_CHEVROLET_Spark_train.csv
53,unrelated_incidents,ben_02-w00,ben_02,Hyundai::Attack_free_HY_Sonata_train.csv::Hyundai::Attack_free_HY_Sonata_train.csv::seg_test::1120,-1,0,Hyundai,Attack_free_HY_Sonata_train.csv
53,unrelated_incidents,ben_02-w01,ben_02,Kia::Attack_free_KIA_Soul_train.csv::Kia::Attack_free_KIA_Soul_train.csv::seg_test::389,-1,0,Kia,Attack_free_KIA_Soul_train.csv
53,unrelated_incidents,ben_02-w02,ben_02,Hyundai::Fuzzy_HYUNDAI_Sonata_train.csv::Hyundai::Fuzzy_HYUNDAI_Sonata_train.csv::full_trace::442,-1,0,Hyundai,Fuzzy_HYUNDAI_Sonata_train.csv
53,unrelated_incidents,ben_02-w03,ben_02,Kia::Attack_free_KIA_Soul_train.csv::Kia::Attack_free_KIA_Soul_train.csv::seg_test::872,-1,0,Kia,Attack_free_KIA_Soul_train.csv
53,unrelated_incidents,ben_02-w04,ben_02,Hyundai::Attack_free_HY_Sonata_train.csv::Hyundai::Attack_free_HY_Sonata_train.csv::seg_test::819,-1,0,Hyundai,Attack_free_HY_Sonata_train.csv
53,unrelated_incidents,ben_02-w05,ben_02,Hyundai::Attack_free_HY_Sonata_train.csv::Hyundai::Attack_free_HY_Sonata_train.csv::seg_test::87,-1,0,Hyundai,Attack_free_HY_Sonata_train.csv
53,unrelated_incidents,ben_02-w06,ben_02,Hyundai::Fuzzy_HYUNDAI_Sonata_train.csv::Hyundai::Fuzzy_HYUNDAI_Sonata_train.csv::full_trace::1693,-1,0,Hyundai,Fuzzy_HYUNDAI_Sonata_train.csv
53,unrelated_incidents,ben_02-w07,ben_02,Hyundai::Attack_free_HY_Sonata_train.csv::Hyundai::Attack_free_HY_Sonata_train.csv::seg_test::549,-1,0,Hyundai,Attack_free_HY_Sonata_train.csv
53,unrelated_incidents,ben_02-w08,ben_02,Kia::Attack_free_KIA_Soul_train.csv::Kia::Attack_free_KIA_Soul_train.csv::seg_test::524,-1,0,Kia,Attack_free_KIA_Soul_train.csv
53,unrelated_incidents,ben_02-w09,ben_02,Hyundai::Attack_free_HY_Sonata_train.csv::Hyundai::Attack_free_HY_Sonata_train.csv::seg_test::1054,-1,0,Hyundai,Attack_free_HY_Sonata_train.csv
53,unrelated_incidents,ben_03-w00,ben_03,Hyundai::Attack_free_HY_Sonata_train.csv::Hyundai::Attack_free_HY_Sonata_train.csv::seg_test::1237,-1,0,Hyundai,Attack_free_HY_Sonata_train.csv
53,unrelated_incidents,ben_03-w01,ben_03,Kia::Fuzzy_dataset_KIA_Soul_train.csv::Kia::Fuzzy_dataset_KIA_Soul_train.csv::full_trace::9194,-1,0,Kia,Fuzzy_dataset_KIA_Soul_train.csv
53,unrelated_incidents,ben_03-w02,ben_03,Kia::Fuzzy_dataset_KIA_Soul_train.csv::Kia::Fuzzy_dataset_KIA_Soul_train.csv::full_trace::8943,-1,0,Kia,Fuzzy_dataset_KIA_Soul_train.csv
53,unrelated_incidents,ben_03-w03,ben_03,Hyundai::Fuzzy_HYUNDAI_Sonata_train.csv::Hyundai::Fuzzy_HYUNDAI_Sonata_train.csv::full_trace::1269,-1,0,Hyundai,Fuzzy_HYUNDAI_Sonata_train.csv
53,unrelated_incidents,ben_03-w04,ben_03,Chevrolet::Attack_free_CHEVROLET_Spark_train.csv::Chevrolet::Attack_free_CHEVROLET_Spark_train.csv::seg_test::8,-1,0,Chevrolet,Attack_free_CHEVROLET_Spark_train.csv
53,unrelated_incidents,ben_03-w05,ben_03,Kia::Fuzzy_dataset_KIA_Soul_train.csv::Kia::Fuzzy_dataset_KIA_Soul_train.csv::full_trace::5717,-1,0,Kia,Fuzzy_dataset_KIA_Soul_train.csv
53,unrelated_incidents,ben_03-w06,ben_03,Kia::Fuzzy_dataset_KIA_Soul_train.csv::Kia::Fuzzy_dataset_KIA_Soul_train.csv::full_trace::9106,-1,0,Kia,Fuzzy_dataset_KIA_Soul_train.csv
53,unrelated_incidents,ben_03-w07,ben_03,Kia::Fuzzy_dataset_KIA_Soul_train.csv::Kia::Fuzzy_dataset_KIA_Soul_train.csv::full_trace::8015,-1,0,Kia,Fuzzy_dataset_KIA_Soul_train.csv
53,unrelated_incidents,ben_03-w08,ben_03,Hyundai::Fuzzy_HYUNDAI_Sonata_train.csv::Hyundai::Fuzzy_HYUNDAI_Sonata_train.csv::full_trace::45,-1,0,Hyundai,Fuzzy_HYUNDAI_Sonata_train.csv
53,unrelated_incidents,ben_03-w09,ben_03,Kia::Attack_free_KIA_Soul_train.csv::Kia::Attack_free_KIA_Soul_train.csv::seg_test::1227,-1,0,Kia,Attack_free_KIA_Soul_train.csv
53,unrelated_incidents,ben_04-w00,ben_04,Hyundai::Fuzzy_HYUNDAI_Sonata_train.csv::Hyundai::Fuzzy_HYUNDAI_Sonata_train.csv::full_trace::1617,-1,0,Hyundai,Fuzzy_HYUNDAI_Sonata_train.csv
53,unrelated_incidents,ben_04-w01,ben_04,Hyundai::Attack_free_HY_Sonata_train.csv::Hyundai::Attack_free_HY_Sonata_train.csv::seg_test::11,-1,0,Hyundai,Attack_free_HY_Sonata_train.csv
53,unrelated_incidents,ben_04-w02,ben_04,Hyundai::Attack_free_HY_Sonata_train.csv::Hyundai::Attack_free_HY_Sonata_train.csv::seg_test::105,-1,0,Hyundai,Attack_free_HY_Sonata_train.csv
53,unrelated_incidents,ben_04-w03,ben_04,Hyundai::Fuzzy_HYUNDAI_Sonata_train.csv::Hyundai::Fuzzy_HYUNDAI_Sonata_train.csv::full_trace::667,-1,0,Hyundai,Fuzzy_HYUNDAI_Sonata_train.csv
53,unrelated_incidents,ben_04-w04,ben_04,Hyundai::Attack_free_HY_Sonata_train.csv::Hyundai::Attack_free_HY_Sonata_train.csv::seg_test::185,-1,0,Hyundai,Attack_free_HY_Sonata_train.csv
53,unrelated_incidents,ben_04-w05,ben_04,Hyundai::Attack_free_HY_Sonata_train.csv::Hyundai::Attack_free_HY_Sonata_train.csv::seg_test::419,-1,0,Hyundai,Attack_free_HY_Sonata_train.csv
53,unrelated_incidents,ben_04-w06,ben_04,Kia::Attack_free_KIA_Soul_train.csv::Kia::Attack_free_KIA_Soul_train.csv::seg_test::458,-1,0,Kia,Attack_free_KIA_Soul_train.csv
53,unrelated_incidents,ben_04-w07,ben_04,Kia::Attack_free_KIA_Soul_train.csv::Kia::Attack_free_KIA_Soul_train.csv::seg_test::1288,-1,0,Kia,Attack_free_KIA_Soul_train.csv
53,unrelated_incidents,ben_04-w08,ben_04,Kia::Attack_free_KIA_Soul_train.csv::Kia::Attack_free_KIA_Soul_train.csv::seg_test::246,-1,0,Kia,Attack_free_KIA_Soul_train.csv
53,unrelated_incidents,ben_04-w09,ben_04,Hyundai::Fuzzy_HYUNDAI_Sonata_train.csv::Hyundai::Fuzzy_HYUNDAI_Sonata_train.csv::full_trace::1686,-1,0,Hyundai,Fuzzy_HYUNDAI_Sonata_train.csv
53,unrelated_incidents,ben_05-w00,ben_05,Kia::Fuzzy_dataset_KIA_Soul_train.csv::Kia::Fuzzy_dataset_KIA_Soul_train.csv::full_trace::2203,-1,0,Kia,Fuzzy_dataset_KIA_Soul_train.csv
53,unrelated_incidents,ben_05-w01,ben_05,Kia::Fuzzy_dataset_KIA_Soul_train.csv::Kia::Fuzzy_dataset_KIA_Soul_train.csv::full_trace::71,-1,0,Kia,Fuzzy_dataset_KIA_Soul_train.csv
53,unrelated_incidents,ben_05-w02,ben_05,Kia::Fuzzy_dataset_KIA_Soul_train.csv::Kia::Fuzzy_dataset_KIA_Soul_train.csv::full_trace::2192,-1,0,Kia,Fuzzy_dataset_KIA_Soul_train.csv
53,unrelated_incidents,ben_05-w03,ben_05,Hyundai::Fuzzy_HYUNDAI_Sonata_train.csv::Hyundai::Fuzzy_HYUNDAI_Sonata_train.csv::full_trace::1554,-1,0,Hyundai,Fuzzy_HYUNDAI_Sonata_train.csv
53,unrelated_incidents,ben_05-w04,ben_05,Hyundai::Attack_free_HY_Sonata_train.csv::Hyundai::Attack_free_HY_Sonata_train.csv::seg_test::357,-1,0,Hyundai,Attack_free_HY_Sonata_train.csv
53,unrelated_incidents,ben_05-w05,ben_05,Kia::Fuzzy_dataset_KIA_Soul_train.csv::Kia::Fuzzy_dataset_KIA_Soul_train.csv::full_trace::6678,-1,0,Kia,Fuzzy_dataset_KIA_Soul_train.csv
53,unrelated_incidents,ben_05-w06,ben_05,Kia::Fuzzy_dataset_KIA_Soul_train.csv::Kia::Fuzzy_dataset_KIA_Soul_train.csv::full_trace::7838,-1,0,Kia,Fuzzy_dataset_KIA_Soul_train.csv
53,unrelated_incidents,ben_05-w07,ben_05,Hyundai::Fuzzy_HYUNDAI_Sonata_train.csv::Hyundai::Fuzzy_HYUNDAI_Sonata_train.csv::full_trace::1628,-1,0,Hyundai,Fuzzy_HYUNDAI_Sonata_train.csv
53,unrelated_incidents,ben_05-w08,ben_05,Hyundai::Attack_free_HY_Sonata_train.csv::Hyundai::Attack_free_HY_Sonata_train.csv::seg_test::493,-1,0,Hyundai,Attack_free_HY_Sonata_train.csv
53,unrelated_incidents,ben_05-w09,ben_05,Kia::Attack_free_KIA_Soul_train.csv::Kia::Attack_free_KIA_Soul_train.csv::seg_test::455,-1,0,Kia,Attack_free_KIA_Soul_train.csv
53,unrelated_incidents,ben_06-w00,ben_06,Hyundai::Attack_free_HY_Sonata_train.csv::Hyundai::Attack_free_HY_Sonata_train.csv::seg_test::364,-1,0,Hyundai,Attack_free_HY_Sonata_train.csv
53,unrelated_incidents,ben_06-w01,ben_06,Hyundai::Fuzzy_HYUNDAI_Sonata_train.csv::Hyundai::Fuzzy_HYUNDAI_Sonata_train.csv::full_trace::729,-1,0,Hyundai,Fuzzy_HYUNDAI_Sonata_train.csv
53,unrelated_incidents,ben_06-w02,ben_06,Kia::Fuzzy_dataset_KIA_Soul_train.csv::Kia::Fuzzy_dataset_KIA_Soul_train.csv::full_trace::8185,-1,0,Kia,Fuzzy_dataset_KIA_Soul_train.csv
53,unrelated_incidents,ben_06-w03,ben_06,Kia::Fuzzy_dataset_KIA_Soul_train.csv::Kia::Fuzzy_dataset_KIA_Soul_train.csv::full_trace::7985,-1,0,Kia,Fuzzy_dataset_KIA_Soul_train.csv
53,unrelated_incidents,ben_06-w04,ben_06,Kia::Fuzzy_dataset_KIA_Soul_train.csv::Kia::Fuzzy_dataset_KIA_Soul_train.csv::full_trace::1189,-1,0,Kia,Fuzzy_dataset_KIA_Soul_train.csv
53,unrelated_incidents,ben_06-w05,ben_06,Hyundai::Fuzzy_HYUNDAI_Sonata_train.csv::Hyundai::Fuzzy_HYUNDAI_Sonata_train.csv::full_trace::73,-1,0,Hyundai,Fuzzy_HYUNDAI_Sonata_train.csv
53,unrelated_incidents,ben_06-w06,ben_06,Kia::Attack_free_KIA_Soul_train.csv::Kia::Attack_free_KIA_Soul_train.csv::seg_test::1317,-1,0,Kia,Attack_free_KIA_Soul_train.csv
53,unrelated_incidents,ben_06-w07,ben_06,Hyundai::Attack_free_HY_Sonata_train.csv::Hyundai::Attack_free_HY_Sonata_train.csv::seg_test::434,-1,0,Hyundai,Attack_free_HY_Sonata_train.csv
53,unrelated_incidents,ben_06-w08,ben_06,Chevrolet::Malfunction_CHEVROLET_Spark_train.csv::Chevrolet::Malfunction_CHEVROLET_Spark_train.csv::seg_test::73,-1,0,Chevrolet,Malfunction_CHEVROLET_Spark_train.csv
53,unrelated_incidents,ben_06-w09,ben_06,Kia::Attack_free_KIA_Soul_train.csv::Kia::Attack_free_KIA_Soul_train.csv::seg_test::331,-1,0,Kia,Attack_free_KIA_Soul_train.csv
53,unrelated_incidents,ben_07-w00,ben_07,Kia::Fuzzy_dataset_KIA_Soul_train.csv::Kia::Fuzzy_dataset_KIA_Soul_train.csv::full_trace::5594,-1,0,Kia,Fuzzy_dataset_KIA_Soul_train.csv
53,unrelated_incidents,ben_07-w01,ben_07,Hyundai::Attack_free_HY_Sonata_train.csv::Hyundai::Attack_free_HY_Sonata_train.csv::seg_test::802,-1,0,Hyundai,Attack_free_HY_Sonata_train.csv
53,unrelated_incidents,ben_07-w02,ben_07,Kia::Fuzzy_dataset_KIA_Soul_train.csv::Kia::Fuzzy_dataset_KIA_Soul_train.csv::full_trace::6725,-1,0,Kia,Fuzzy_dataset_KIA_Soul_train.csv
53,unrelated_incidents,ben_07-w03,ben_07,Chevrolet::Attack_free_CHEVROLET_Spark_train.csv::Chevrolet::Attack_free_CHEVROLET_Spark_train.csv::seg_test::391,-1,0,Chevrolet,Attack_free_CHEVROLET_Spark_train.csv
53,unrelated_incidents,ben_07-w04,ben_07,Kia::Fuzzy_dataset_KIA_Soul_train.csv::Kia::Fuzzy_dataset_KIA_Soul_train.csv::full_trace::5894,-1,0,Kia,Fuzzy_dataset_KIA_Soul_train.csv
53,unrelated_incidents,ben_07-w05,ben_07,Kia::Fuzzy_dataset_KIA_Soul_train.csv::Kia::Fuzzy_dataset_KIA_Soul_train.csv::full_trace::3451,-1,0,Kia,Fuzzy_dataset_KIA_Soul_train.csv
53,unrelated_incidents,ben_07-w06,ben_07,Hyundai::Attack_free_HY_Sonata_train.csv::Hyundai::Attack_free_HY_Sonata_train.csv::seg_test::854,-1,0,Hyundai,Attack_free_HY_Sonata_train.csv
53,unrelated_incidents,ben_07-w07,ben_07,Kia::Fuzzy_dataset_KIA_Soul_train.csv::Kia::Fuzzy_dataset_KIA_Soul_train.csv::full_trace::1295,-1,0,Kia,Fuzzy_dataset_KIA_Soul_train.csv
53,unrelated_incidents,ben_07-w08,ben_07,Hyundai::Attack_free_HY_Sonata_train.csv::Hyundai::Attack_free_HY_Sonata_train.csv::seg_test::701,-1,0,Hyundai,Attack_free_HY_Sonata_train.csv
53,unrelated_incidents,ben_07-w09,ben_07,Kia::Attack_free_KIA_Soul_train.csv::Kia::Attack_free_KIA_Soul_train.csv::seg_test::320,-1,0,Kia,Attack_free_KIA_Soul_train.csv
53,unrelated_incidents,ben_08-w00,ben_08,Hyundai::Attack_free_HY_Sonata_train.csv::Hyundai::Attack_free_HY_Sonata_train.csv::seg_test::788,-1,0,Hyundai,Attack_free_HY_Sonata_train.csv
53,unrelated_incidents,ben_08-w01,ben_08,Chevrolet::Malfunction_CHEVROLET_Spark_train.csv::Chevrolet::Malfunction_CHEVROLET_Spark_train.csv::seg_test::115,-1,0,Chevrolet,Malfunction_CHEVROLET_Spark_train.csv
53,unrelated_incidents,ben_08-w02,ben_08,Kia::Fuzzy_dataset_KIA_Soul_train.csv::Kia::Fuzzy_dataset_KIA_Soul_train.csv::full_trace::3391,-1,0,Kia,Fuzzy_dataset_KIA_Soul_train.csv
53,unrelated_incidents,ben_08-w03,ben_08,Kia::Attack_free_KIA_Soul_train.csv::Kia::Attack_free_KIA_Soul_train.csv::seg_test::1263,-1,0,Kia,Attack_free_KIA_Soul_train.csv
53,unrelated_incidents,ben_08-w04,ben_08,Chevrolet::Attack_free_CHEVROLET_Spark_train.csv::Chevrolet::Attack_free_CHEVROLET_Spark_train.csv::seg_test::302,-1,0,Chevrolet,Attack_free_CHEVROLET_Spark_train.csv
53,unrelated_incidents,ben_08-w05,ben_08,Hyundai::Attack_free_HY_Sonata_train.csv::Hyundai::Attack_free_HY_Sonata_train.csv::seg_test::567,-1,0,Hyundai,Attack_free_HY_Sonata_train.csv
53,unrelated_incidents,ben_08-w06,ben_08,Chevrolet::Attack_free_CHEVROLET_Spark_train.csv::Chevrolet::Attack_free_CHEVROLET_Spark_train.csv::seg_test::53,-1,0,Chevrolet,Attack_free_CHEVROLET_Spark_train.csv
53,unrelated_incidents,ben_08-w07,ben_08,Kia::Fuzzy_dataset_KIA_Soul_train.csv::Kia::Fuzzy_dataset_KIA_Soul_train.csv::full_trace::982,-1,0,Kia,Fuzzy_dataset_KIA_Soul_train.csv
53,unrelated_incidents,ben_08-w08,ben_08,Kia::Fuzzy_dataset_KIA_Soul_train.csv::Kia::Fuzzy_dataset_KIA_Soul_train.csv::full_trace::2250,-1,0,Kia,Fuzzy_dataset_KIA_Soul_train.csv
53,unrelated_incidents,ben_08-w09,ben_08,Hyundai::Fuzzy_HYUNDAI_Sonata_train.csv::Hyundai::Fuzzy_HYUNDAI_Sonata_train.csv::full_trace::208,-1,0,Hyundai,Fuzzy_HYUNDAI_Sonata_train.csv
53,unrelated_incidents,ben_09-w00,ben_09,Hyundai::Attack_free_HY_Sonata_train.csv::Hyundai::Attack_free_HY_Sonata_train.csv::seg_test::882,-1,0,Hyundai,Attack_free_HY_Sonata_train.csv
53,unrelated_incidents,ben_09-w01,ben_09,Hyundai::Attack_free_HY_Sonata_train.csv::Hyundai::Attack_free_HY_Sonata_train.csv::seg_test::75,-1,0,Hyundai,Attack_free_HY_Sonata_train.csv
53,unrelated_incidents,ben_09-w02,ben_09,Kia::Attack_free_KIA_Soul_train.csv::Kia::Attack_free_KIA_Soul_train.csv::seg_test::809,-1,0,Kia,Attack_free_KIA_Soul_train.csv
53,unrelated_incidents,ben_09-w03,ben_09,Kia::Attack_free_KIA_Soul_train.csv::Kia::Attack_free_KIA_Soul_train.csv::seg_test::1157,-1,0,Kia,Attack_free_KIA_Soul_train.csv
53,unrelated_incidents,ben_09-w04,ben_09,Chevrolet::Malfunction_CHEVROLET_Spark_train.csv::Chevrolet::Malfunction_CHEVROLET_Spark_train.csv::seg_test::79,-1,0,Chevrolet,Malfunction_CHEVROLET_Spark_train.csv
53,unrelated_incidents,ben_09-w05,ben_09,Kia::Attack_free_KIA_Soul_train.csv::Kia::Attack_free_KIA_Soul_train.csv::seg_test::556,-1,0,Kia,Attack_free_KIA_Soul_train.csv
53,unrelated_incidents,ben_09-w06,ben_09,Hyundai::Attack_free_HY_Sonata_train.csv::Hyundai::Attack_free_HY_Sonata_train.csv::seg_test::1141,-1,0,Hyundai,Attack_free_HY_Sonata_train.csv
53,unrelated_incidents,ben_09-w07,ben_09,Kia::Attack_free_KIA_Soul_train.csv::Kia::Attack_free_KIA_Soul_train.csv::seg_test::347,-1,0,Kia,Attack_free_KIA_Soul_train.csv
53,unrelated_incidents,ben_09-w08,ben_09,Kia::Fuzzy_dataset_KIA_Soul_train.csv::Kia::Fuzzy_dataset_KIA_Soul_train.csv::full_trace::3380,-1,0,Kia,Fuzzy_dataset_KIA_Soul_train.csv
53,unrelated_incidents,ben_09-w09,ben_09,Kia::Fuzzy_dataset_KIA_Soul_train.csv::Kia::Fuzzy_dataset_KIA_Soul_train.csv::full_trace::3618,-1,0,Kia,Fuzzy_dataset_KIA_Soul_train.csv
53,unrelated_incidents,ben_10-w00,ben_10,Hyundai::Attack_free_HY_Sonata_train.csv::Hyundai::Attack_free_HY_Sonata_train.csv::seg_test::342,-1,0,Hyundai,Attack_free_HY_Sonata_train.csv
53,unrelated_incidents,ben_10-w01,ben_10,Kia::Fuzzy_dataset_KIA_Soul_train.csv::Kia::Fuzzy_dataset_KIA_Soul_train.csv::full_trace::2133,-1,0,Kia,Fuzzy_dataset_KIA_Soul_train.csv
53,unrelated_incidents,ben_10-w02,ben_10,Kia::Fuzzy_dataset_KIA_Soul_train.csv::Kia::Fuzzy_dataset_KIA_Soul_train.csv::full_trace::3537,-1,0,Kia,Fuzzy_dataset_KIA_Soul_train.csv
53,unrelated_incidents,ben_10-w03,ben_10,Kia::Attack_free_KIA_Soul_train.csv::Kia::Attack_free_KIA_Soul_train.csv::seg_test::149,-1,0,Kia,Attack_free_KIA_Soul_train.csv
53,unrelated_incidents,ben_10-w04,ben_10,Kia::Attack_free_KIA_Soul_train.csv::Kia::Attack_free_KIA_Soul_train.csv::seg_test::1269,-1,0,Kia,Attack_free_KIA_Soul_train.csv
53,unrelated_incidents,ben_10-w05,ben_10,Kia::Fuzzy_dataset_KIA_Soul_train.csv::Kia::Fuzzy_dataset_KIA_Soul_train.csv::full_trace::2273,-1,0,Kia,Fuzzy_dataset_KIA_Soul_train.csv
53,unrelated_incidents,ben_10-w06,ben_10,Hyundai::Attack_free_HY_Sonata_train.csv::Hyundai::Attack_free_HY_Sonata_train.csv::seg_test::850,-1,0,Hyundai,Attack_free_HY_Sonata_train.csv
53,unrelated_incidents,ben_10-w07,ben_10,Hyundai::Attack_free_HY_Sonata_train.csv::Hyundai::Attack_free_HY_Sonata_train.csv::seg_test::841,-1,0,Hyundai,Attack_free_HY_Sonata_train.csv
53,unrelated_incidents,ben_10-w08,ben_10,Kia::Fuzzy_dataset_KIA_Soul_train.csv::Kia::Fuzzy_dataset_KIA_Soul_train.csv::full_trace::3300,-1,0,Kia,Fuzzy_dataset_KIA_Soul_train.csv
53,unrelated_incidents,ben_10-w09,ben_10,Kia::Fuzzy_dataset_KIA_Soul_train.csv::Kia::Fuzzy_dataset_KIA_Soul_train.csv::full_trace::5546,-1,0,Kia,Fuzzy_dataset_KIA_Soul_train.csv
53,unrelated_incidents,ben_11-w00,ben_11,Kia::Fuzzy_dataset_KIA_Soul_train.csv::Kia::Fuzzy_dataset_KIA_Soul_train.csv::full_trace::2440,-1,0,Kia,Fuzzy_dataset_KIA_Soul_train.csv
53,unrelated_incidents,ben_11-w01,ben_11,Kia::Fuzzy_dataset_KIA_Soul_train.csv::Kia::Fuzzy_dataset_KIA_Soul_train.csv::full_trace::3611,-1,0,Kia,Fuzzy_dataset_KIA_Soul_train.csv
53,unrelated_incidents,ben_11-w02,ben_11,Kia::Fuzzy_dataset_KIA_Soul_train.csv::Kia::Fuzzy_dataset_KIA_Soul_train.csv::full_trace::7988,-1,0,Kia,Fuzzy_dataset_KIA_Soul_train.csv
53,unrelated_incidents,ben_11-w03,ben_11,Kia::Fuzzy_dataset_KIA_Soul_train.csv::Kia::Fuzzy_dataset_KIA_Soul_train.csv::full_trace::6674,-1,0,Kia,Fuzzy_dataset_KIA_Soul_train.csv
53,unrelated_incidents,ben_11-w04,ben_11,Hyundai::Fuzzy_HYUNDAI_Sonata_train.csv::Hyundai::Fuzzy_HYUNDAI_Sonata_train.csv::full_trace::233,-1,0,Hyundai,Fuzzy_HYUNDAI_Sonata_train.csv
53,unrelated_incidents,ben_11-w05,ben_11,Hyundai::Fuzzy_HYUNDAI_Sonata_train.csv::Hyundai::Fuzzy_HYUNDAI_Sonata_train.csv::full_trace::1103,-1,0,Hyundai,Fuzzy_HYUNDAI_Sonata_train.csv
53,unrelated_incidents,ben_11-w06,ben_11,Hyundai::Fuzzy_HYUNDAI_Sonata_train.csv::Hyundai::Fuzzy_HYUNDAI_Sonata_train.csv::full_trace::16,-1,0,Hyundai,Fuzzy_HYUNDAI_Sonata_train.csv
53,unrelated_incidents,ben_11-w07,ben_11,Kia::Fuzzy_dataset_KIA_Soul_train.csv::Kia::Fuzzy_dataset_KIA_Soul_train.csv::full_trace::5837,-1,0,Kia,Fuzzy_dataset_KIA_Soul_train.csv
53,unrelated_incidents,ben_11-w08,ben_11,Kia::Attack_free_KIA_Soul_train.csv::Kia::Attack_free_KIA_Soul_train.csv::seg_test::1116,-1,0,Kia,Attack_free_KIA_Soul_train.csv
53,unrelated_incidents,ben_11-w09,ben_11,Hyundai::Fuzzy_HYUNDAI_Sonata_train.csv::Hyundai::Fuzzy_HYUNDAI_Sonata_train.csv::full_trace::211,-1,0,Hyundai,Fuzzy_HYUNDAI_Sonata_train.csv
53,unrelated_incidents,ben_12-w00,ben_12,Kia::Fuzzy_dataset_KIA_Soul_train.csv::Kia::Fuzzy_dataset_KIA_Soul_train.csv::full_trace::8107,-1,0,Kia,Fuzzy_dataset_KIA_Soul_train.csv
53,unrelated_incidents,ben_12-w01,ben_12,Hyundai::Fuzzy_HYUNDAI_Sonata_train.csv::Hyundai::Fuzzy_HYUNDAI_Sonata_train.csv::full_trace::1744,-1,0,Hyundai,Fuzzy_HYUNDAI_Sonata_train.csv
53,unrelated_incidents,ben_12-w02,ben_12,Kia::Fuzzy_dataset_KIA_Soul_train.csv::Kia::Fuzzy_dataset_KIA_Soul_train.csv::full_trace::2099,-1,0,Kia,Fuzzy_dataset_KIA_Soul_train.csv
53,unrelated_incidents,ben_12-w03,ben_12,Kia::Fuzzy_dataset_KIA_Soul_train.csv::Kia::Fuzzy_dataset_KIA_Soul_train.csv::full_trace::4530,-1,0,Kia,Fuzzy_dataset_KIA_Soul_train.csv
53,unrelated_incidents,ben_12-w04,ben_12,Kia::Fuzzy_dataset_KIA_Soul_train.csv::Kia::Fuzzy_dataset_KIA_Soul_train.csv::full_trace::3593,-1,0,Kia,Fuzzy_dataset_KIA_Soul_train.csv
53,unrelated_incidents,ben_12-w05,ben_12,Kia::Fuzzy_dataset_KIA_Soul_train.csv::Kia::Fuzzy_dataset_KIA_Soul_train.csv::full_trace::2242,-1,0,Kia,Fuzzy_dataset_KIA_Soul_train.csv
53,unrelated_incidents,ben_12-w06,ben_12,Hyundai::Fuzzy_HYUNDAI_Sonata_train.csv::Hyundai::Fuzzy_HYUNDAI_Sonata_train.csv::full_trace::228,-1,0,Hyundai,Fuzzy_HYUNDAI_Sonata_train.csv
53,unrelated_incidents,ben_12-w07,ben_12,Kia::Fuzzy_dataset_KIA_Soul_train.csv::Kia::Fuzzy_dataset_KIA_Soul_train.csv::full_trace::3326,-1,0,Kia,Fuzzy_dataset_KIA_Soul_train.csv
53,unrelated_incidents,ben_12-w08,ben_12,Chevrolet::Attack_free_CHEVROLET_Spark_train.csv::Chevrolet::Attack_free_CHEVROLET_Spark_train.csv::seg_test::47,-1,0,Chevrolet,Attack_free_CHEVROLET_Spark_train.csv
53,unrelated_incidents,ben_12-w09,ben_12,Kia::Fuzzy_dataset_KIA_Soul_train.csv::Kia::Fuzzy_dataset_KIA_Soul_train.csv::full_trace::8048,-1,0,Kia,Fuzzy_dataset_KIA_Soul_train.csv
53,unrelated_incidents,ben_13-w00,ben_13,Kia::Fuzzy_dataset_KIA_Soul_train.csv::Kia::Fuzzy_dataset_KIA_Soul_train.csv::full_trace::3493,-1,0,Kia,Fuzzy_dataset_KIA_Soul_train.csv
53,unrelated_incidents,ben_13-w01,ben_13,Kia::Fuzzy_dataset_KIA_Soul_train.csv::Kia::Fuzzy_dataset_KIA_Soul_train.csv::full_trace::8972,-1,0,Kia,Fuzzy_dataset_KIA_Soul_train.csv
53,unrelated_incidents,ben_13-w02,ben_13,Hyundai::Attack_free_HY_Sonata_train.csv::Hyundai::Attack_free_HY_Sonata_train.csv::seg_test::806,-1,0,Hyundai,Attack_free_HY_Sonata_train.csv
53,unrelated_incidents,ben_13-w03,ben_13,Kia::Fuzzy_dataset_KIA_Soul_train.csv::Kia::Fuzzy_dataset_KIA_Soul_train.csv::full_trace::6837,-1,0,Kia,Fuzzy_dataset_KIA_Soul_train.csv
53,unrelated_incidents,ben_13-w04,ben_13,Kia::Fuzzy_dataset_KIA_Soul_train.csv::Kia::Fuzzy_dataset_KIA_Soul_train.csv::full_trace::8973,-1,0,Kia,Fuzzy_dataset_KIA_Soul_train.csv
53,unrelated_incidents,ben_13-w05,ben_13,Kia::Attack_free_KIA_Soul_train.csv::Kia::Attack_free_KIA_Soul_train.csv::seg_test::945,-1,0,Kia,Attack_free_KIA_Soul_train.csv
53,unrelated_incidents,ben_13-w06,ben_13,Kia::Fuzzy_dataset_KIA_Soul_train.csv::Kia::Fuzzy_dataset_KIA_Soul_train.csv::full_trace::95,-1,0,Kia,Fuzzy_dataset_KIA_Soul_train.csv
53,unrelated_incidents,ben_13-w07,ben_13,Kia::Attack_free_KIA_Soul_train.csv::Kia::Attack_free_KIA_Soul_train.csv::seg_test::341,-1,0,Kia,Attack_free_KIA_Soul_train.csv
53,unrelated_incidents,ben_13-w08,ben_13,Hyundai::Fuzzy_HYUNDAI_Sonata_train.csv::Hyundai::Fuzzy_HYUNDAI_Sonata_train.csv::full_trace::536,-1,0,Hyundai,Fuzzy_HYUNDAI_Sonata_train.csv
53,unrelated_incidents,ben_13-w09,ben_13,Kia::Attack_free_KIA_Soul_train.csv::Kia::Attack_free_KIA_Soul_train.csv::seg_test::682,-1,0,Kia,Attack_free_KIA_Soul_train.csv
53,unrelated_incidents,ben_14-w00,ben_14,Hyundai::Attack_free_HY_Sonata_train.csv::Hyundai::Attack_free_HY_Sonata_train.csv::seg_test::27,-1,0,Hyundai,Attack_free_HY_Sonata_train.csv
53,unrelated_incidents,ben_14-w01,ben_14,Kia::Fuzzy_dataset_KIA_Soul_train.csv::Kia::Fuzzy_dataset_KIA_Soul_train.csv::full_trace::2258,-1,0,Kia,Fuzzy_dataset_KIA_Soul_train.csv
53,unrelated_incidents,ben_14-w02,ben_14,Kia::Attack_free_KIA_Soul_train.csv::Kia::Attack_free_KIA_Soul_train.csv::seg_test::601,-1,0,Kia,Attack_free_KIA_Soul_train.csv
53,unrelated_incidents,ben_14-w03,ben_14,Kia::Attack_free_KIA_Soul_train.csv::Kia::Attack_free_KIA_Soul_train.csv::seg_test::363,-1,0,Kia,Attack_free_KIA_Soul_train.csv
53,unrelated_incidents,ben_14-w04,ben_14,Hyundai::Attack_free_HY_Sonata_train.csv::Hyundai::Attack_free_HY_Sonata_train.csv::seg_test::1079,-1,0,Hyundai,Attack_free_HY_Sonata_train.csv
53,unrelated_incidents,ben_14-w05,ben_14,Kia::Attack_free_KIA_Soul_train.csv::Kia::Attack_free_KIA_Soul_train.csv::seg_test::924,-1,0,Kia,Attack_free_KIA_Soul_train.csv
53,unrelated_incidents,ben_14-w06,ben_14,Hyundai::Fuzzy_HYUNDAI_Sonata_train.csv::Hyundai::Fuzzy_HYUNDAI_Sonata_train.csv::full_trace::559,-1,0,Hyundai,Fuzzy_HYUNDAI_Sonata_train.csv
53,unrelated_incidents,ben_14-w07,ben_14,Kia::Attack_free_KIA_Soul_train.csv::Kia::Attack_free_KIA_Soul_train.csv::seg_test::1003,-1,0,Kia,Attack_free_KIA_Soul_train.csv
53,unrelated_incidents,ben_14-w08,ben_14,Hyundai::Attack_free_HY_Sonata_train.csv::Hyundai::Attack_free_HY_Sonata_train.csv::seg_test::402,-1,0,Hyundai,Attack_free_HY_Sonata_train.csv
53,unrelated_incidents,ben_14-w09,ben_14,Hyundai::Attack_free_HY_Sonata_train.csv::Hyundai::Attack_free_HY_Sonata_train.csv::seg_test::615,-1,0,Hyundai,Attack_free_HY_Sonata_train.csv
67,strong_campaign,atk_Hyundai_0-w00,atk_Hyundai_0,Hyundai::Fuzzy_HYUNDAI_Sonata_train.csv::Hyundai::Fuzzy_HYUNDAI_Sonata_train.csv::full_trace::878,0,1,Hyundai,Fuzzy_HYUNDAI_Sonata_train.csv
67,strong_campaign,atk_Hyundai_0-w01,atk_Hyundai_0,Hyundai::Fuzzy_HYUNDAI_Sonata_train.csv::Hyundai::Fuzzy_HYUNDAI_Sonata_train.csv::full_trace::1033,0,1,Hyundai,Fuzzy_HYUNDAI_Sonata_train.csv
67,strong_campaign,atk_Hyundai_0-w02,atk_Hyundai_0,Hyundai::Fuzzy_HYUNDAI_Sonata_train.csv::Hyundai::Fuzzy_HYUNDAI_Sonata_train.csv::full_trace::1437,0,1,Hyundai,Fuzzy_HYUNDAI_Sonata_train.csv
67,strong_campaign,atk_Hyundai_0-w03,atk_Hyundai_0,Hyundai::Fuzzy_HYUNDAI_Sonata_train.csv::Hyundai::Fuzzy_HYUNDAI_Sonata_train.csv::full_trace::1051,0,1,Hyundai,Fuzzy_HYUNDAI_Sonata_train.csv
67,strong_campaign,atk_Hyundai_0-w04,atk_Hyundai_0,Hyundai::Fuzzy_HYUNDAI_Sonata_train.csv::Hyundai::Fuzzy_HYUNDAI_Sonata_train.csv::full_trace::1317,0,1,Hyundai,Fuzzy_HYUNDAI_Sonata_train.csv
67,strong_campaign,atk_Hyundai_0-w05,atk_Hyundai_0,Hyundai::Attack_free_HY_Sonata_train.csv::Hyundai::Attack_free_HY_Sonata_train.csv::seg_test::1078,0,0,Hyundai,Attack_free_HY_Sonata_train.csv
67,strong_campaign,atk_Hyundai_0-w06,atk_Hyundai_0,Hyundai::Attack_free_HY_Sonata_train.csv::Hyundai::Attack_free_HY_Sonata_train.csv::seg_test::771,0,0,Hyundai,Attack_free_HY_Sonata_train.csv
67,strong_campaign,atk_Hyundai_0-w07,atk_Hyundai_0,Hyundai::Fuzzy_HYUNDAI_Sonata_train.csv::Hyundai::Fuzzy_HYUNDAI_Sonata_train.csv::full_trace::1124,0,0,Hyundai,Fuzzy_HYUNDAI_Sonata_train.csv
67,strong_campaign,atk_Hyundai_0-w08,atk_Hyundai_0,Hyundai::Fuzzy_HYUNDAI_Sonata_train.csv::Hyundai::Fuzzy_HYUNDAI_Sonata_train.csv::full_trace::406,0,0,Hyundai,Fuzzy_HYUNDAI_Sonata_train.csv
67,strong_campaign,atk_Hyundai_0-w09,atk_Hyundai_0,Hyundai::Fuzzy_HYUNDAI_Sonata_train.csv::Hyundai::Fuzzy_HYUNDAI_Sonata_train.csv::full_trace::203,0,0,Hyundai,Fuzzy_HYUNDAI_Sonata_train.csv
67,strong_campaign,atk_Hyundai_1-w00,atk_Hyundai_1,Hyundai::Fuzzy_HYUNDAI_Sonata_train.csv::Hyundai::Fuzzy_HYUNDAI_Sonata_train.csv::full_trace::1000,0,1,Hyundai,Fuzzy_HYUNDAI_Sonata_train.csv
67,strong_campaign,atk_Hyundai_1-w01,atk_Hyundai_1,Hyundai::Fuzzy_HYUNDAI_Sonata_train.csv::Hyundai::Fuzzy_HYUNDAI_Sonata_train.csv::full_trace::1508,0,1,Hyundai,Fuzzy_HYUNDAI_Sonata_train.csv
67,strong_campaign,atk_Hyundai_1-w02,atk_Hyundai_1,Hyundai::Fuzzy_HYUNDAI_Sonata_train.csv::Hyundai::Fuzzy_HYUNDAI_Sonata_train.csv::full_trace::1306,0,1,Hyundai,Fuzzy_HYUNDAI_Sonata_train.csv
67,strong_campaign,atk_Hyundai_1-w03,atk_Hyundai_1,Hyundai::Fuzzy_HYUNDAI_Sonata_train.csv::Hyundai::Fuzzy_HYUNDAI_Sonata_train.csv::full_trace::930,0,1,Hyundai,Fuzzy_HYUNDAI_Sonata_train.csv
67,strong_campaign,atk_Hyundai_1-w04,atk_Hyundai_1,Hyundai::Fuzzy_HYUNDAI_Sonata_train.csv::Hyundai::Fuzzy_HYUNDAI_Sonata_train.csv::full_trace::898,0,1,Hyundai,Fuzzy_HYUNDAI_Sonata_train.csv
67,strong_campaign,atk_Hyundai_1-w05,atk_Hyundai_1,Hyundai::Attack_free_HY_Sonata_train.csv::Hyundai::Attack_free_HY_Sonata_train.csv::seg_test::1093,0,0,Hyundai,Attack_free_HY_Sonata_train.csv
67,strong_campaign,atk_Hyundai_1-w06,atk_Hyundai_1,Hyundai::Fuzzy_HYUNDAI_Sonata_train.csv::Hyundai::Fuzzy_HYUNDAI_Sonata_train.csv::full_trace::1106,0,0,Hyundai,Fuzzy_HYUNDAI_Sonata_train.csv
67,strong_campaign,atk_Hyundai_1-w07,atk_Hyundai_1,Hyundai::Fuzzy_HYUNDAI_Sonata_train.csv::Hyundai::Fuzzy_HYUNDAI_Sonata_train.csv::full_trace::508,0,0,Hyundai,Fuzzy_HYUNDAI_Sonata_train.csv
67,strong_campaign,atk_Hyundai_1-w08,atk_Hyundai_1,Hyundai::Fuzzy_HYUNDAI_Sonata_train.csv::Hyundai::Fuzzy_HYUNDAI_Sonata_train.csv::full_trace::394,0,0,Hyundai,Fuzzy_HYUNDAI_Sonata_train.csv
67,strong_campaign,atk_Hyundai_1-w09,atk_Hyundai_1,Hyundai::Fuzzy_HYUNDAI_Sonata_train.csv::Hyundai::Fuzzy_HYUNDAI_Sonata_train.csv::full_trace::1672,0,0,Hyundai,Fuzzy_HYUNDAI_Sonata_train.csv
67,strong_campaign,atk_Kia_2-w00,atk_Kia_2,Kia::Fuzzy_dataset_KIA_Soul_train.csv::Kia::Fuzzy_dataset_KIA_Soul_train.csv::full_trace::3968,0,1,Kia,Fuzzy_dataset_KIA_Soul_train.csv
67,strong_campaign,atk_Kia_2-w01,atk_Kia_2,Kia::Fuzzy_dataset_KIA_Soul_train.csv::Kia::Fuzzy_dataset_KIA_Soul_train.csv::full_trace::1943,0,1,Kia,Fuzzy_dataset_KIA_Soul_train.csv
67,strong_campaign,atk_Kia_2-w02,atk_Kia_2,Kia::Fuzzy_dataset_KIA_Soul_train.csv::Kia::Fuzzy_dataset_KIA_Soul_train.csv::full_trace::7224,0,1,Kia,Fuzzy_dataset_KIA_Soul_train.csv
67,strong_campaign,atk_Kia_2-w03,atk_Kia_2,Kia::Fuzzy_dataset_KIA_Soul_train.csv::Kia::Fuzzy_dataset_KIA_Soul_train.csv::full_trace::3854,0,1,Kia,Fuzzy_dataset_KIA_Soul_train.csv
67,strong_campaign,atk_Kia_2-w04,atk_Kia_2,Kia::Fuzzy_dataset_KIA_Soul_train.csv::Kia::Fuzzy_dataset_KIA_Soul_train.csv::full_trace::2969,0,1,Kia,Fuzzy_dataset_KIA_Soul_train.csv
67,strong_campaign,atk_Kia_2-w05,atk_Kia_2,Kia::Attack_free_KIA_Soul_train.csv::Kia::Attack_free_KIA_Soul_train.csv::seg_test::858,0,0,Kia,Attack_free_KIA_Soul_train.csv
67,strong_campaign,atk_Kia_2-w06,atk_Kia_2,Kia::Fuzzy_dataset_KIA_Soul_train.csv::Kia::Fuzzy_dataset_KIA_Soul_train.csv::full_trace::5739,0,0,Kia,Fuzzy_dataset_KIA_Soul_train.csv
67,strong_campaign,atk_Kia_2-w07,atk_Kia_2,Kia::Fuzzy_dataset_KIA_Soul_train.csv::Kia::Fuzzy_dataset_KIA_Soul_train.csv::full_trace::105,0,0,Kia,Fuzzy_dataset_KIA_Soul_train.csv
67,strong_campaign,atk_Kia_2-w08,atk_Kia_2,Kia::Fuzzy_dataset_KIA_Soul_train.csv::Kia::Fuzzy_dataset_KIA_Soul_train.csv::full_trace::4628,0,0,Kia,Fuzzy_dataset_KIA_Soul_train.csv
67,strong_campaign,atk_Kia_2-w09,atk_Kia_2,Kia::Fuzzy_dataset_KIA_Soul_train.csv::Kia::Fuzzy_dataset_KIA_Soul_train.csv::full_trace::1347,0,0,Kia,Fuzzy_dataset_KIA_Soul_train.csv
67,strong_campaign,atk_Kia_3-w00,atk_Kia_3,Kia::Fuzzy_dataset_KIA_Soul_train.csv::Kia::Fuzzy_dataset_KIA_Soul_train.csv::full_trace::7619,0,1,Kia,Fuzzy_dataset_KIA_Soul_train.csv
67,strong_campaign,atk_Kia_3-w01,atk_Kia_3,Kia::Fuzzy_dataset_KIA_Soul_train.csv::Kia::Fuzzy_dataset_KIA_Soul_train.csv::full_trace::800,0,1,Kia,Fuzzy_dataset_KIA_Soul_train.csv
67,strong_campaign,atk_Kia_3-w02,atk_Kia_3,Kia::Fuzzy_dataset_KIA_Soul_train.csv::Kia::Fuzzy_dataset_KIA_Soul_train.csv::full_trace::1907,0,1,Kia,Fuzzy_dataset_KIA_Soul_train.csv
67,strong_campaign,atk_Kia_3-w03,atk_Kia_3,Kia::Fuzzy_dataset_KIA_Soul_train.csv::Kia::Fuzzy_dataset_KIA_Soul_train.csv::full_trace::826,0,1,Kia,Fuzzy_dataset_KIA_Soul_train.csv
67,strong_campaign,atk_Kia_3-w04,atk_Kia_3,Kia::Fuzzy_dataset_KIA_Soul_train.csv::Kia::Fuzzy_dataset_KIA_Soul_train.csv::full_trace::6107,0,1,Kia,Fuzzy_dataset_KIA_Soul_train.csv
67,strong_campaign,atk_Kia_3-w05,atk_Kia_3,Kia::Fuzzy_dataset_KIA_Soul_train.csv::Kia::Fuzzy_dataset_KIA_Soul_train.csv::full_trace::6999,0,0,Kia,Fuzzy_dataset_KIA_Soul_train.csv
67,strong_campaign,atk_Kia_3-w06,atk_Kia_3,Kia::Fuzzy_dataset_KIA_Soul_train.csv::Kia::Fuzzy_dataset_KIA_Soul_train.csv::full_trace::7902,0,0,Kia,Fuzzy_dataset_KIA_Soul_train.csv
67,strong_campaign,atk_Kia_3-w07,atk_Kia_3,Kia::Attack_free_KIA_Soul_train.csv::Kia::Attack_free_KIA_Soul_train.csv::seg_test::961,0,0,Kia,Attack_free_KIA_Soul_train.csv
67,strong_campaign,atk_Kia_3-w08,atk_Kia_3,Kia::Fuzzy_dataset_KIA_Soul_train.csv::Kia::Fuzzy_dataset_KIA_Soul_train.csv::full_trace::8185,0,0,Kia,Fuzzy_dataset_KIA_Soul_train.csv
67,strong_campaign,atk_Kia_3-w09,atk_Kia_3,Kia::Attack_free_KIA_Soul_train.csv::Kia::Attack_free_KIA_Soul_train.csv::seg_test::834,0,0,Kia,Attack_free_KIA_Soul_train.csv
67,strong_campaign,atk_Chevrolet_4-w00,atk_Chevrolet_4,Chevrolet::Fuzzy_CHEVROLET_Spark_train.csv::Chevrolet::Fuzzy_CHEVROLET_Spark_train.csv::seg_test::80,0,1,Chevrolet,Fuzzy_CHEVROLET_Spark_train.csv
67,strong_campaign,atk_Chevrolet_4-w01,atk_Chevrolet_4,Chevrolet::Fuzzy_CHEVROLET_Spark_train.csv::Chevrolet::Fuzzy_CHEVROLET_Spark_train.csv::seg_test::15,0,1,Chevrolet,Fuzzy_CHEVROLET_Spark_train.csv
67,strong_campaign,atk_Chevrolet_4-w02,atk_Chevrolet_4,Chevrolet::Fuzzy_CHEVROLET_Spark_train.csv::Chevrolet::Fuzzy_CHEVROLET_Spark_train.csv::seg_test::57,0,1,Chevrolet,Fuzzy_CHEVROLET_Spark_train.csv
67,strong_campaign,atk_Chevrolet_4-w03,atk_Chevrolet_4,Chevrolet::Fuzzy_CHEVROLET_Spark_train.csv::Chevrolet::Fuzzy_CHEVROLET_Spark_train.csv::seg_test::18,0,1,Chevrolet,Fuzzy_CHEVROLET_Spark_train.csv
67,strong_campaign,atk_Chevrolet_4-w04,atk_Chevrolet_4,Chevrolet::Fuzzy_CHEVROLET_Spark_train.csv::Chevrolet::Fuzzy_CHEVROLET_Spark_train.csv::seg_test::79,0,1,Chevrolet,Fuzzy_CHEVROLET_Spark_train.csv
67,strong_campaign,atk_Chevrolet_4-w05,atk_Chevrolet_4,Chevrolet::Attack_free_CHEVROLET_Spark_train.csv::Chevrolet::Attack_free_CHEVROLET_Spark_train.csv::seg_test::306,0,0,Chevrolet,Attack_free_CHEVROLET_Spark_train.csv
67,strong_campaign,atk_Chevrolet_4-w06,atk_Chevrolet_4,Chevrolet::Attack_free_CHEVROLET_Spark_train.csv::Chevrolet::Attack_free_CHEVROLET_Spark_train.csv::seg_test::200,0,0,Chevrolet,Attack_free_CHEVROLET_Spark_train.csv
67,strong_campaign,atk_Chevrolet_4-w07,atk_Chevrolet_4,Chevrolet::Attack_free_CHEVROLET_Spark_train.csv::Chevrolet::Attack_free_CHEVROLET_Spark_train.csv::seg_test::386,0,0,Chevrolet,Attack_free_CHEVROLET_Spark_train.csv
67,strong_campaign,atk_Chevrolet_4-w08,atk_Chevrolet_4,Chevrolet::Attack_free_CHEVROLET_Spark_train.csv::Chevrolet::Attack_free_CHEVROLET_Spark_train.csv::seg_test::374,0,0,Chevrolet,Attack_free_CHEVROLET_Spark_train.csv
67,strong_campaign,atk_Chevrolet_4-w09,atk_Chevrolet_4,Chevrolet::Attack_free_CHEVROLET_Spark_train.csv::Chevrolet::Attack_free_CHEVROLET_Spark_train.csv::seg_test::193,0,0,Chevrolet,Attack_free_CHEVROLET_Spark_train.csv
67,strong_campaign,ben_00-w00,ben_00,Kia::Attack_free_KIA_Soul_train.csv::Kia::Attack_free_KIA_Soul_train.csv::seg_test::847,-1,0,Kia,Attack_free_KIA_Soul_train.csv
67,strong_campaign,ben_00-w01,ben_00,Kia::Fuzzy_dataset_KIA_Soul_train.csv::Kia::Fuzzy_dataset_KIA_Soul_train.csv::full_trace::6922,-1,0,Kia,Fuzzy_dataset_KIA_Soul_train.csv
67,strong_campaign,ben_00-w02,ben_00,Hyundai::Attack_free_HY_Sonata_train.csv::Hyundai::Attack_free_HY_Sonata_train.csv::seg_test::519,-1,0,Hyundai,Attack_free_HY_Sonata_train.csv
67,strong_campaign,ben_00-w03,ben_00,Kia::Fuzzy_dataset_KIA_Soul_train.csv::Kia::Fuzzy_dataset_KIA_Soul_train.csv::full_trace::6705,-1,0,Kia,Fuzzy_dataset_KIA_Soul_train.csv
67,strong_campaign,ben_00-w04,ben_00,Kia::Attack_free_KIA_Soul_train.csv::Kia::Attack_free_KIA_Soul_train.csv::seg_test::61,-1,0,Kia,Attack_free_KIA_Soul_train.csv
67,strong_campaign,ben_00-w05,ben_00,Hyundai::Fuzzy_HYUNDAI_Sonata_train.csv::Hyundai::Fuzzy_HYUNDAI_Sonata_train.csv::full_trace::1668,-1,0,Hyundai,Fuzzy_HYUNDAI_Sonata_train.csv
67,strong_campaign,ben_00-w06,ben_00,Kia::Fuzzy_dataset_KIA_Soul_train.csv::Kia::Fuzzy_dataset_KIA_Soul_train.csv::full_trace::2142,-1,0,Kia,Fuzzy_dataset_KIA_Soul_train.csv
67,strong_campaign,ben_00-w07,ben_00,Hyundai::Attack_free_HY_Sonata_train.csv::Hyundai::Attack_free_HY_Sonata_train.csv::seg_test::1222,-1,0,Hyundai,Attack_free_HY_Sonata_train.csv
67,strong_campaign,ben_00-w08,ben_00,Hyundai::Attack_free_HY_Sonata_train.csv::Hyundai::Attack_free_HY_Sonata_train.csv::seg_test::993,-1,0,Hyundai,Attack_free_HY_Sonata_train.csv
67,strong_campaign,ben_00-w09,ben_00,Kia::Attack_free_KIA_Soul_train.csv::Kia::Attack_free_KIA_Soul_train.csv::seg_test::487,-1,0,Kia,Attack_free_KIA_Soul_train.csv
67,strong_campaign,ben_01-w00,ben_01,Hyundai::Fuzzy_HYUNDAI_Sonata_train.csv::Hyundai::Fuzzy_HYUNDAI_Sonata_train.csv::full_trace::1205,-1,0,Hyundai,Fuzzy_HYUNDAI_Sonata_train.csv
67,strong_campaign,ben_01-w01,ben_01,Hyundai::Fuzzy_HYUNDAI_Sonata_train.csv::Hyundai::Fuzzy_HYUNDAI_Sonata_train.csv::full_trace::239,-1,0,Hyundai,Fuzzy_HYUNDAI_Sonata_train.csv
67,strong_campaign,ben_01-w02,ben_01,Hyundai::Attack_free_HY_Sonata_train.csv::Hyundai::Attack_free_HY_Sonata_train.csv::seg_test::1281,-1,0,Hyundai,Attack_free_HY_Sonata_train.csv
67,strong_campaign,ben_01-w03,ben_01,Kia::Fuzzy_dataset_KIA_Soul_train.csv::Kia::Fuzzy_dataset_KIA_Soul_train.csv::full_trace::8801,-1,0,Kia,Fuzzy_dataset_KIA_Soul_train.csv
67,strong_campaign,ben_01-w04,ben_01,Kia::Fuzzy_dataset_KIA_Soul_train.csv::Kia::Fuzzy_dataset_KIA_Soul_train.csv::full_trace::1053,-1,0,Kia,Fuzzy_dataset_KIA_Soul_train.csv
67,strong_campaign,ben_01-w05,ben_01,Hyundai::Fuzzy_HYUNDAI_Sonata_train.csv::Hyundai::Fuzzy_HYUNDAI_Sonata_train.csv::full_trace::341,-1,0,Hyundai,Fuzzy_HYUNDAI_Sonata_train.csv
67,strong_campaign,ben_01-w06,ben_01,Hyundai::Fuzzy_HYUNDAI_Sonata_train.csv::Hyundai::Fuzzy_HYUNDAI_Sonata_train.csv::full_trace::1109,-1,0,Hyundai,Fuzzy_HYUNDAI_Sonata_train.csv
67,strong_campaign,ben_01-w07,ben_01,Kia::Fuzzy_dataset_KIA_Soul_train.csv::Kia::Fuzzy_dataset_KIA_Soul_train.csv::full_trace::3514,-1,0,Kia,Fuzzy_dataset_KIA_Soul_train.csv
67,strong_campaign,ben_01-w08,ben_01,Kia::Fuzzy_dataset_KIA_Soul_train.csv::Kia::Fuzzy_dataset_KIA_Soul_train.csv::full_trace::4731,-1,0,Kia,Fuzzy_dataset_KIA_Soul_train.csv
67,strong_campaign,ben_01-w09,ben_01,Kia::Fuzzy_dataset_KIA_Soul_train.csv::Kia::Fuzzy_dataset_KIA_Soul_train.csv::full_trace::8800,-1,0,Kia,Fuzzy_dataset_KIA_Soul_train.csv
67,strong_campaign,ben_02-w00,ben_02,Kia::Attack_free_KIA_Soul_train.csv::Kia::Attack_free_KIA_Soul_train.csv::seg_test::400,-1,0,Kia,Attack_free_KIA_Soul_train.csv
67,strong_campaign,ben_02-w01,ben_02,Hyundai::Fuzzy_HYUNDAI_Sonata_train.csv::Hyundai::Fuzzy_HYUNDAI_Sonata_train.csv::full_trace::667,-1,0,Hyundai,Fuzzy_HYUNDAI_Sonata_train.csv
67,strong_campaign,ben_02-w02,ben_02,Kia::Fuzzy_dataset_KIA_Soul_train.csv::Kia::Fuzzy_dataset_KIA_Soul_train.csv::full_trace::3592,-1,0,Kia,Fuzzy_dataset_KIA_Soul_train.csv
67,strong_campaign,ben_02-w03,ben_02,Hyundai::Attack_free_HY_Sonata_train.csv::Hyundai::Attack_free_HY_Sonata_train.csv::seg_test::65,-1,0,Hyundai,Attack_free_HY_Sonata_train.csv
67,strong_campaign,ben_02-w04,ben_02,Hyundai::Attack_free_HY_Sonata_train.csv::Hyundai::Attack_free_HY_Sonata_train.csv::seg_test::846,-1,0,Hyundai,Attack_free_HY_Sonata_train.csv
67,strong_campaign,ben_02-w05,ben_02,Hyundai::Attack_free_HY_Sonata_train.csv::Hyundai::Attack_free_HY_Sonata_train.csv::seg_test::456,-1,0,Hyundai,Attack_free_HY_Sonata_train.csv
67,strong_campaign,ben_02-w06,ben_02,Hyundai::Attack_free_HY_Sonata_train.csv::Hyundai::Attack_free_HY_Sonata_train.csv::seg_test::351,-1,0,Hyundai,Attack_free_HY_Sonata_train.csv
67,strong_campaign,ben_02-w07,ben_02,Kia::Fuzzy_dataset_KIA_Soul_train.csv::Kia::Fuzzy_dataset_KIA_Soul_train.csv::full_trace::8867,-1,0,Kia,Fuzzy_dataset_KIA_Soul_train.csv
67,strong_campaign,ben_02-w08,ben_02,Kia::Fuzzy_dataset_KIA_Soul_train.csv::Kia::Fuzzy_dataset_KIA_Soul_train.csv::full_trace::8164,-1,0,Kia,Fuzzy_dataset_KIA_Soul_train.csv
67,strong_campaign,ben_02-w09,ben_02,Kia::Attack_free_KIA_Soul_train.csv::Kia::Attack_free_KIA_Soul_train.csv::seg_test::1098,-1,0,Kia,Attack_free_KIA_Soul_train.csv
67,strong_campaign,ben_03-w00,ben_03,Hyundai::Attack_free_HY_Sonata_train.csv::Hyundai::Attack_free_HY_Sonata_train.csv::seg_test::708,-1,0,Hyundai,Attack_free_HY_Sonata_train.csv
67,strong_campaign,ben_03-w01,ben_03,Hyundai::Attack_free_HY_Sonata_train.csv::Hyundai::Attack_free_HY_Sonata_train.csv::seg_test::75,-1,0,Hyundai,Attack_free_HY_Sonata_train.csv
67,strong_campaign,ben_03-w02,ben_03,Kia::Fuzzy_dataset_KIA_Soul_train.csv::Kia::Fuzzy_dataset_KIA_Soul_train.csv::full_trace::5691,-1,0,Kia,Fuzzy_dataset_KIA_Soul_train.csv
67,strong_campaign,ben_03-w03,ben_03,Kia::Fuzzy_dataset_KIA_Soul_train.csv::Kia::Fuzzy_dataset_KIA_Soul_train.csv::full_trace::2325,-1,0,Kia,Fuzzy_dataset_KIA_Soul_train.csv
67,strong_campaign,ben_03-w04,ben_03,Chevrolet::Flooding_CHEVROLET_Spark_train.csv::Chevrolet::Flooding_CHEVROLET_Spark_train.csv::seg_test::243,-1,0,Chevrolet,Flooding_CHEVROLET_Spark_train.csv
67,strong_campaign,ben_03-w05,ben_03,Kia::Fuzzy_dataset_KIA_Soul_train.csv::Kia::Fuzzy_dataset_KIA_Soul_train.csv::full_trace::4550,-1,0,Kia,Fuzzy_dataset_KIA_Soul_train.csv
67,strong_campaign,ben_03-w06,ben_03,Kia::Attack_free_KIA_Soul_train.csv::Kia::Attack_free_KIA_Soul_train.csv::seg_test::1058,-1,0,Kia,Attack_free_KIA_Soul_train.csv
67,strong_campaign,ben_03-w07,ben_03,Hyundai::Attack_free_HY_Sonata_train.csv::Hyundai::Attack_free_HY_Sonata_train.csv::seg_test::203,-1,0,Hyundai,Attack_free_HY_Sonata_train.csv
67,strong_campaign,ben_03-w08,ben_03,Hyundai::Attack_free_HY_Sonata_train.csv::Hyundai::Attack_free_HY_Sonata_train.csv::seg_test::838,-1,0,Hyundai,Attack_free_HY_Sonata_train.csv
67,strong_campaign,ben_03-w09,ben_03,Kia::Fuzzy_dataset_KIA_Soul_train.csv::Kia::Fuzzy_dataset_KIA_Soul_train.csv::full_trace::9077,-1,0,Kia,Fuzzy_dataset_KIA_Soul_train.csv
67,strong_campaign,ben_04-w00,ben_04,Kia::Fuzzy_dataset_KIA_Soul_train.csv::Kia::Fuzzy_dataset_KIA_Soul_train.csv::full_trace::3510,-1,0,Kia,Fuzzy_dataset_KIA_Soul_train.csv
67,strong_campaign,ben_04-w01,ben_04,Hyundai::Attack_free_HY_Sonata_train.csv::Hyundai::Attack_free_HY_Sonata_train.csv::seg_test::995,-1,0,Hyundai,Attack_free_HY_Sonata_train.csv
67,strong_campaign,ben_04-w02,ben_04,Chevrolet::Attack_free_CHEVROLET_Spark_train.csv::Chevrolet::Attack_free_CHEVROLET_Spark_train.csv::seg_test::31,-1,0,Chevrolet,Attack_free_CHEVROLET_Spark_train.csv
67,strong_campaign,ben_04-w03,ben_04,Hyundai::Attack_free_HY_Sonata_train.csv::Hyundai::Attack_free_HY_Sonata_train.csv::seg_test::130,-1,0,Hyundai,Attack_free_HY_Sonata_train.csv
67,strong_campaign,ben_04-w04,ben_04,Hyundai::Fuzzy_HYUNDAI_Sonata_train.csv::Hyundai::Fuzzy_HYUNDAI_Sonata_train.csv::full_trace::793,-1,0,Hyundai,Fuzzy_HYUNDAI_Sonata_train.csv
67,strong_campaign,ben_04-w05,ben_04,Kia::Attack_free_KIA_Soul_train.csv::Kia::Attack_free_KIA_Soul_train.csv::seg_test::83,-1,0,Kia,Attack_free_KIA_Soul_train.csv
67,strong_campaign,ben_04-w06,ben_04,Kia::Fuzzy_dataset_KIA_Soul_train.csv::Kia::Fuzzy_dataset_KIA_Soul_train.csv::full_trace::6798,-1,0,Kia,Fuzzy_dataset_KIA_Soul_train.csv
67,strong_campaign,ben_04-w07,ben_04,Kia::Fuzzy_dataset_KIA_Soul_train.csv::Kia::Fuzzy_dataset_KIA_Soul_train.csv::full_trace::3328,-1,0,Kia,Fuzzy_dataset_KIA_Soul_train.csv
67,strong_campaign,ben_04-w08,ben_04,Hyundai::Fuzzy_HYUNDAI_Sonata_train.csv::Hyundai::Fuzzy_HYUNDAI_Sonata_train.csv::full_trace::554,-1,0,Hyundai,Fuzzy_HYUNDAI_Sonata_train.csv
67,strong_campaign,ben_04-w09,ben_04,Hyundai::Fuzzy_HYUNDAI_Sonata_train.csv::Hyundai::Fuzzy_HYUNDAI_Sonata_train.csv::full_trace::1649,-1,0,Hyundai,Fuzzy_HYUNDAI_Sonata_train.csv
67,strong_campaign,ben_05-w00,ben_05,Kia::Fuzzy_dataset_KIA_Soul_train.csv::Kia::Fuzzy_dataset_KIA_Soul_train.csv::full_trace::3541,-1,0,Kia,Fuzzy_dataset_KIA_Soul_train.csv
67,strong_campaign,ben_05-w01,ben_05,Kia::Attack_free_KIA_Soul_train.csv::Kia::Attack_free_KIA_Soul_train.csv::seg_test::765,-1,0,Kia,Attack_free_KIA_Soul_train.csv
67,strong_campaign,ben_05-w02,ben_05,Kia::Fuzzy_dataset_KIA_Soul_train.csv::Kia::Fuzzy_dataset_KIA_Soul_train.csv::full_trace::9157,-1,0,Kia,Fuzzy_dataset_KIA_Soul_train.csv
67,strong_campaign,ben_05-w03,ben_05,Kia::Fuzzy_dataset_KIA_Soul_train.csv::Kia::Fuzzy_dataset_KIA_Soul_train.csv::full_trace::3603,-1,0,Kia,Fuzzy_dataset_KIA_Soul_train.csv
67,strong_campaign,ben_05-w04,ben_05,Kia::Fuzzy_dataset_KIA_Soul_train.csv::Kia::Fuzzy_dataset_KIA_Soul_train.csv::full_trace::3439,-1,0,Kia,Fuzzy_dataset_KIA_Soul_train.csv
67,strong_campaign,ben_05-w05,ben_05,Kia::Fuzzy_dataset_KIA_Soul_train.csv::Kia::Fuzzy_dataset_KIA_Soul_train.csv::full_trace::4705,-1,0,Kia,Fuzzy_dataset_KIA_Soul_train.csv
67,strong_campaign,ben_05-w06,ben_05,Kia::Fuzzy_dataset_KIA_Soul_train.csv::Kia::Fuzzy_dataset_KIA_Soul_train.csv::full_trace::7967,-1,0,Kia,Fuzzy_dataset_KIA_Soul_train.csv
67,strong_campaign,ben_05-w07,ben_05,Kia::Fuzzy_dataset_KIA_Soul_train.csv::Kia::Fuzzy_dataset_KIA_Soul_train.csv::full_trace::2384,-1,0,Kia,Fuzzy_dataset_KIA_Soul_train.csv
67,strong_campaign,ben_05-w08,ben_05,Kia::Fuzzy_dataset_KIA_Soul_train.csv::Kia::Fuzzy_dataset_KIA_Soul_train.csv::full_trace::9168,-1,0,Kia,Fuzzy_dataset_KIA_Soul_train.csv
67,strong_campaign,ben_05-w09,ben_05,Hyundai::Fuzzy_HYUNDAI_Sonata_train.csv::Hyundai::Fuzzy_HYUNDAI_Sonata_train.csv::full_trace::8,-1,0,Hyundai,Fuzzy_HYUNDAI_Sonata_train.csv
67,strong_campaign,ben_06-w00,ben_06,Kia::Fuzzy_dataset_KIA_Soul_train.csv::Kia::Fuzzy_dataset_KIA_Soul_train.csv::full_trace::998,-1,0,Kia,Fuzzy_dataset_KIA_Soul_train.csv
67,strong_campaign,ben_06-w01,ben_06,Kia::Fuzzy_dataset_KIA_Soul_train.csv::Kia::Fuzzy_dataset_KIA_Soul_train.csv::full_trace::1160,-1,0,Kia,Fuzzy_dataset_KIA_Soul_train.csv
67,strong_campaign,ben_06-w02,ben_06,Kia::Fuzzy_dataset_KIA_Soul_train.csv::Kia::Fuzzy_dataset_KIA_Soul_train.csv::full_trace::4643,-1,0,Kia,Fuzzy_dataset_KIA_Soul_train.csv
67,strong_campaign,ben_06-w03,ben_06,Kia::Fuzzy_dataset_KIA_Soul_train.csv::Kia::Fuzzy_dataset_KIA_Soul_train.csv::full_trace::5552,-1,0,Kia,Fuzzy_dataset_KIA_Soul_train.csv
67,strong_campaign,ben_06-w04,ben_06,Chevrolet::Attack_free_CHEVROLET_Spark_train.csv::Chevrolet::Attack_free_CHEVROLET_Spark_train.csv::seg_test::310,-1,0,Chevrolet,Attack_free_CHEVROLET_Spark_train.csv
67,strong_campaign,ben_06-w05,ben_06,Kia::Fuzzy_dataset_KIA_Soul_train.csv::Kia::Fuzzy_dataset_KIA_Soul_train.csv::full_trace::1303,-1,0,Kia,Fuzzy_dataset_KIA_Soul_train.csv
67,strong_campaign,ben_06-w06,ben_06,Hyundai::Fuzzy_HYUNDAI_Sonata_train.csv::Hyundai::Fuzzy_HYUNDAI_Sonata_train.csv::full_trace::1678,-1,0,Hyundai,Fuzzy_HYUNDAI_Sonata_train.csv
67,strong_campaign,ben_06-w07,ben_06,Hyundai::Fuzzy_HYUNDAI_Sonata_train.csv::Hyundai::Fuzzy_HYUNDAI_Sonata_train.csv::full_trace::400,-1,0,Hyundai,Fuzzy_HYUNDAI_Sonata_train.csv
67,strong_campaign,ben_06-w08,ben_06,Kia::Fuzzy_dataset_KIA_Soul_train.csv::Kia::Fuzzy_dataset_KIA_Soul_train.csv::full_trace::9054,-1,0,Kia,Fuzzy_dataset_KIA_Soul_train.csv
67,strong_campaign,ben_06-w09,ben_06,Kia::Fuzzy_dataset_KIA_Soul_train.csv::Kia::Fuzzy_dataset_KIA_Soul_train.csv::full_trace::3492,-1,0,Kia,Fuzzy_dataset_KIA_Soul_train.csv
67,strong_campaign,ben_07-w00,ben_07,Hyundai::Attack_free_HY_Sonata_train.csv::Hyundai::Attack_free_HY_Sonata_train.csv::seg_test::903,-1,0,Hyundai,Attack_free_HY_Sonata_train.csv
67,strong_campaign,ben_07-w01,ben_07,Kia::Fuzzy_dataset_KIA_Soul_train.csv::Kia::Fuzzy_dataset_KIA_Soul_train.csv::full_trace::6688,-1,0,Kia,Fuzzy_dataset_KIA_Soul_train.csv
67,strong_campaign,ben_07-w02,ben_07,Kia::Attack_free_KIA_Soul_train.csv::Kia::Attack_free_KIA_Soul_train.csv::seg_test::809,-1,0,Kia,Attack_free_KIA_Soul_train.csv
67,strong_campaign,ben_07-w03,ben_07,Kia::Fuzzy_dataset_KIA_Soul_train.csv::Kia::Fuzzy_dataset_KIA_Soul_train.csv::full_trace::2473,-1,0,Kia,Fuzzy_dataset_KIA_Soul_train.csv
67,strong_campaign,ben_07-w04,ben_07,Hyundai::Fuzzy_HYUNDAI_Sonata_train.csv::Hyundai::Fuzzy_HYUNDAI_Sonata_train.csv::full_trace::424,-1,0,Hyundai,Fuzzy_HYUNDAI_Sonata_train.csv
67,strong_campaign,ben_07-w05,ben_07,Chevrolet::Attack_free_CHEVROLET_Spark_train.csv::Chevrolet::Attack_free_CHEVROLET_Spark_train.csv::seg_test::216,-1,0,Chevrolet,Attack_free_CHEVROLET_Spark_train.csv
67,strong_campaign,ben_07-w06,ben_07,Hyundai::Attack_free_HY_Sonata_train.csv::Hyundai::Attack_free_HY_Sonata_train.csv::seg_test::88,-1,0,Hyundai,Attack_free_HY_Sonata_train.csv
67,strong_campaign,ben_07-w07,ben_07,Hyundai::Fuzzy_HYUNDAI_Sonata_train.csv::Hyundai::Fuzzy_HYUNDAI_Sonata_train.csv::full_trace::30,-1,0,Hyundai,Fuzzy_HYUNDAI_Sonata_train.csv
67,strong_campaign,ben_07-w08,ben_07,Kia::Fuzzy_dataset_KIA_Soul_train.csv::Kia::Fuzzy_dataset_KIA_Soul_train.csv::full_trace::3536,-1,0,Kia,Fuzzy_dataset_KIA_Soul_train.csv
67,strong_campaign,ben_07-w09,ben_07,Hyundai::Attack_free_HY_Sonata_train.csv::Hyundai::Attack_free_HY_Sonata_train.csv::seg_test::330,-1,0,Hyundai,Attack_free_HY_Sonata_train.csv
67,strong_campaign,ben_08-w00,ben_08,Hyundai::Attack_free_HY_Sonata_train.csv::Hyundai::Attack_free_HY_Sonata_train.csv::seg_test::982,-1,0,Hyundai,Attack_free_HY_Sonata_train.csv
67,strong_campaign,ben_08-w01,ben_08,Kia::Fuzzy_dataset_KIA_Soul_train.csv::Kia::Fuzzy_dataset_KIA_Soul_train.csv::full_trace::2146,-1,0,Kia,Fuzzy_dataset_KIA_Soul_train.csv
67,strong_campaign,ben_08-w02,ben_08,Kia::Fuzzy_dataset_KIA_Soul_train.csv::Kia::Fuzzy_dataset_KIA_Soul_train.csv::full_trace::2483,-1,0,Kia,Fuzzy_dataset_KIA_Soul_train.csv
67,strong_campaign,ben_08-w03,ben_08,Hyundai::Fuzzy_HYUNDAI_Sonata_train.csv::Hyundai::Fuzzy_HYUNDAI_Sonata_train.csv::full_trace::502,-1,0,Hyundai,Fuzzy_HYUNDAI_Sonata_train.csv
67,strong_campaign,ben_08-w04,ben_08,Hyundai::Fuzzy_HYUNDAI_Sonata_train.csv::Hyundai::Fuzzy_HYUNDAI_Sonata_train.csv::full_trace::70,-1,0,Hyundai,Fuzzy_HYUNDAI_Sonata_train.csv
67,strong_campaign,ben_08-w05,ben_08,Kia::Fuzzy_dataset_KIA_Soul_train.csv::Kia::Fuzzy_dataset_KIA_Soul_train.csv::full_trace::2436,-1,0,Kia,Fuzzy_dataset_KIA_Soul_train.csv
67,strong_campaign,ben_08-w06,ben_08,Hyundai::Fuzzy_HYUNDAI_Sonata_train.csv::Hyundai::Fuzzy_HYUNDAI_Sonata_train.csv::full_trace::493,-1,0,Hyundai,Fuzzy_HYUNDAI_Sonata_train.csv
67,strong_campaign,ben_08-w07,ben_08,Chevrolet::Attack_free_CHEVROLET_Spark_train.csv::Chevrolet::Attack_free_CHEVROLET_Spark_train.csv::seg_test::134,-1,0,Chevrolet,Attack_free_CHEVROLET_Spark_train.csv
67,strong_campaign,ben_08-w08,ben_08,Kia::Attack_free_KIA_Soul_train.csv::Kia::Attack_free_KIA_Soul_train.csv::seg_test::534,-1,0,Kia,Attack_free_KIA_Soul_train.csv
67,strong_campaign,ben_08-w09,ben_08,Hyundai::Attack_free_HY_Sonata_train.csv::Hyundai::Attack_free_HY_Sonata_train.csv::seg_test::608,-1,0,Hyundai,Attack_free_HY_Sonata_train.csv
67,strong_campaign,ben_09-w00,ben_09,Kia::Attack_free_KIA_Soul_train.csv::Kia::Attack_free_KIA_Soul_train.csv::seg_test::106,-1,0,Kia,Attack_free_KIA_Soul_train.csv
67,strong_campaign,ben_09-w01,ben_09,Kia::Attack_free_KIA_Soul_train.csv::Kia::Attack_free_KIA_Soul_train.csv::seg_test::1324,-1,0,Kia,Attack_free_KIA_Soul_train.csv
67,strong_campaign,ben_09-w02,ben_09,Kia::Fuzzy_dataset_KIA_Soul_train.csv::Kia::Fuzzy_dataset_KIA_Soul_train.csv::full_trace::215,-1,0,Kia,Fuzzy_dataset_KIA_Soul_train.csv
67,strong_campaign,ben_09-w03,ben_09,Hyundai::Attack_free_HY_Sonata_train.csv::Hyundai::Attack_free_HY_Sonata_train.csv::seg_test::473,-1,0,Hyundai,Attack_free_HY_Sonata_train.csv
67,strong_campaign,ben_09-w04,ben_09,Kia::Fuzzy_dataset_KIA_Soul_train.csv::Kia::Fuzzy_dataset_KIA_Soul_train.csv::full_trace::2163,-1,0,Kia,Fuzzy_dataset_KIA_Soul_train.csv
67,strong_campaign,ben_09-w05,ben_09,Kia::Fuzzy_dataset_KIA_Soul_train.csv::Kia::Fuzzy_dataset_KIA_Soul_train.csv::full_trace::7786,-1,0,Kia,Fuzzy_dataset_KIA_Soul_train.csv
67,strong_campaign,ben_09-w06,ben_09,Kia::Fuzzy_dataset_KIA_Soul_train.csv::Kia::Fuzzy_dataset_KIA_Soul_train.csv::full_trace::4610,-1,0,Kia,Fuzzy_dataset_KIA_Soul_train.csv
67,strong_campaign,ben_09-w07,ben_09,Kia::Fuzzy_dataset_KIA_Soul_train.csv::Kia::Fuzzy_dataset_KIA_Soul_train.csv::full_trace::6727,-1,0,Kia,Fuzzy_dataset_KIA_Soul_train.csv
67,strong_campaign,ben_09-w08,ben_09,Kia::Fuzzy_dataset_KIA_Soul_train.csv::Kia::Fuzzy_dataset_KIA_Soul_train.csv::full_trace::9111,-1,0,Kia,Fuzzy_dataset_KIA_Soul_train.csv
67,strong_campaign,ben_09-w09,ben_09,Hyundai::Fuzzy_HYUNDAI_Sonata_train.csv::Hyundai::Fuzzy_HYUNDAI_Sonata_train.csv::full_trace::472,-1,0,Hyundai,Fuzzy_HYUNDAI_Sonata_train.csv
67,strong_campaign,ben_10-w00,ben_10,Kia::Fuzzy_dataset_KIA_Soul_train.csv::Kia::Fuzzy_dataset_KIA_Soul_train.csv::full_trace::6990,-1,0,Kia,Fuzzy_dataset_KIA_Soul_train.csv
67,strong_campaign,ben_10-w01,ben_10,Kia::Attack_free_KIA_Soul_train.csv::Kia::Attack_free_KIA_Soul_train.csv::seg_test::434,-1,0,Kia,Attack_free_KIA_Soul_train.csv
67,strong_campaign,ben_10-w02,ben_10,Hyundai::Fuzzy_HYUNDAI_Sonata_train.csv::Hyundai::Fuzzy_HYUNDAI_Sonata_train.csv::full_trace::1075,-1,0,Hyundai,Fuzzy_HYUNDAI_Sonata_train.csv
67,strong_campaign,ben_10-w03,ben_10,Chevrolet::Attack_free_CHEVROLET_Spark_train.csv::Chevrolet::Attack_free_CHEVROLET_Spark_train.csv::seg_test::326,-1,0,Chevrolet,Attack_free_CHEVROLET_Spark_train.csv
67,strong_campaign,ben_10-w04,ben_10,Kia::Fuzzy_dataset_KIA_Soul_train.csv::Kia::Fuzzy_dataset_KIA_Soul_train.csv::full_trace::5842,-1,0,Kia,Fuzzy_dataset_KIA_Soul_train.csv
67,strong_campaign,ben_10-w05,ben_10,Kia::Fuzzy_dataset_KIA_Soul_train.csv::Kia::Fuzzy_dataset_KIA_Soul_train.csv::full_trace::3235,-1,0,Kia,Fuzzy_dataset_KIA_Soul_train.csv
67,strong_campaign,ben_10-w06,ben_10,Kia::Fuzzy_dataset_KIA_Soul_train.csv::Kia::Fuzzy_dataset_KIA_Soul_train.csv::full_trace::996,-1,0,Kia,Fuzzy_dataset_KIA_Soul_train.csv
67,strong_campaign,ben_10-w07,ben_10,Kia::Fuzzy_dataset_KIA_Soul_train.csv::Kia::Fuzzy_dataset_KIA_Soul_train.csv::full_trace::7774,-1,0,Kia,Fuzzy_dataset_KIA_Soul_train.csv
67,strong_campaign,ben_10-w08,ben_10,Hyundai::Fuzzy_HYUNDAI_Sonata_train.csv::Hyundai::Fuzzy_HYUNDAI_Sonata_train.csv::full_trace::1094,-1,0,Hyundai,Fuzzy_HYUNDAI_Sonata_train.csv
67,strong_campaign,ben_10-w09,ben_10,Kia::Fuzzy_dataset_KIA_Soul_train.csv::Kia::Fuzzy_dataset_KIA_Soul_train.csv::full_trace::3635,-1,0,Kia,Fuzzy_dataset_KIA_Soul_train.csv
67,strong_campaign,ben_11-w00,ben_11,Hyundai::Fuzzy_HYUNDAI_Sonata_train.csv::Hyundai::Fuzzy_HYUNDAI_Sonata_train.csv::full_trace::20,-1,0,Hyundai,Fuzzy_HYUNDAI_Sonata_train.csv
67,strong_campaign,ben_11-w01,ben_11,Kia::Fuzzy_dataset_KIA_Soul_train.csv::Kia::Fuzzy_dataset_KIA_Soul_train.csv::full_trace::2174,-1,0,Kia,Fuzzy_dataset_KIA_Soul_train.csv
67,strong_campaign,ben_11-w02,ben_11,Kia::Fuzzy_dataset_KIA_Soul_train.csv::Kia::Fuzzy_dataset_KIA_Soul_train.csv::full_trace::7849,-1,0,Kia,Fuzzy_dataset_KIA_Soul_train.csv
67,strong_campaign,ben_11-w03,ben_11,Kia::Fuzzy_dataset_KIA_Soul_train.csv::Kia::Fuzzy_dataset_KIA_Soul_train.csv::full_trace::6767,-1,0,Kia,Fuzzy_dataset_KIA_Soul_train.csv
67,strong_campaign,ben_11-w04,ben_11,Hyundai::Fuzzy_HYUNDAI_Sonata_train.csv::Hyundai::Fuzzy_HYUNDAI_Sonata_train.csv::full_trace::1222,-1,0,Hyundai,Fuzzy_HYUNDAI_Sonata_train.csv
67,strong_campaign,ben_11-w05,ben_11,Kia::Attack_free_KIA_Soul_train.csv::Kia::Attack_free_KIA_Soul_train.csv::seg_test::1229,-1,0,Kia,Attack_free_KIA_Soul_train.csv
67,strong_campaign,ben_11-w06,ben_11,Kia::Fuzzy_dataset_KIA_Soul_train.csv::Kia::Fuzzy_dataset_KIA_Soul_train.csv::full_trace::3406,-1,0,Kia,Fuzzy_dataset_KIA_Soul_train.csv
67,strong_campaign,ben_11-w07,ben_11,Kia::Fuzzy_dataset_KIA_Soul_train.csv::Kia::Fuzzy_dataset_KIA_Soul_train.csv::full_trace::1192,-1,0,Kia,Fuzzy_dataset_KIA_Soul_train.csv
67,strong_campaign,ben_11-w08,ben_11,Hyundai::Fuzzy_HYUNDAI_Sonata_train.csv::Hyundai::Fuzzy_HYUNDAI_Sonata_train.csv::full_trace::714,-1,0,Hyundai,Fuzzy_HYUNDAI_Sonata_train.csv
67,strong_campaign,ben_11-w09,ben_11,Kia::Fuzzy_dataset_KIA_Soul_train.csv::Kia::Fuzzy_dataset_KIA_Soul_train.csv::full_trace::1119,-1,0,Kia,Fuzzy_dataset_KIA_Soul_train.csv
67,strong_campaign,ben_12-w00,ben_12,Chevrolet::Attack_free_CHEVROLET_Spark_train.csv::Chevrolet::Attack_free_CHEVROLET_Spark_train.csv::seg_test::169,-1,0,Chevrolet,Attack_free_CHEVROLET_Spark_train.csv
67,strong_campaign,ben_12-w01,ben_12,Kia::Fuzzy_dataset_KIA_Soul_train.csv::Kia::Fuzzy_dataset_KIA_Soul_train.csv::full_trace::186,-1,0,Kia,Fuzzy_dataset_KIA_Soul_train.csv
67,strong_campaign,ben_12-w02,ben_12,Kia::Fuzzy_dataset_KIA_Soul_train.csv::Kia::Fuzzy_dataset_KIA_Soul_train.csv::full_trace::5658,-1,0,Kia,Fuzzy_dataset_KIA_Soul_train.csv
67,strong_campaign,ben_12-w03,ben_12,Kia::Fuzzy_dataset_KIA_Soul_train.csv::Kia::Fuzzy_dataset_KIA_Soul_train.csv::full_trace::46,-1,0,Kia,Fuzzy_dataset_KIA_Soul_train.csv
67,strong_campaign,ben_12-w04,ben_12,Kia::Fuzzy_dataset_KIA_Soul_train.csv::Kia::Fuzzy_dataset_KIA_Soul_train.csv::full_trace::6775,-1,0,Kia,Fuzzy_dataset_KIA_Soul_train.csv
67,strong_campaign,ben_12-w05,ben_12,Hyundai::Fuzzy_HYUNDAI_Sonata_train.csv::Hyundai::Fuzzy_HYUNDAI_Sonata_train.csv::full_trace::195,-1,0,Hyundai,Fuzzy_HYUNDAI_Sonata_train.csv
67,strong_campaign,ben_12-w06,ben_12,Kia::Fuzzy_dataset_KIA_Soul_train.csv::Kia::Fuzzy_dataset_KIA_Soul_train.csv::full_trace::5871,-1,0,Kia,Fuzzy_dataset_KIA_Soul_train.csv
67,strong_campaign,ben_12-w07,ben_12,Hyundai::Attack_free_HY_Sonata_train.csv::Hyundai::Attack_free_HY_Sonata_train.csv::seg_test::252,-1,0,Hyundai,Attack_free_HY_Sonata_train.csv
67,strong_campaign,ben_12-w08,ben_12,Kia::Fuzzy_dataset_KIA_Soul_train.csv::Kia::Fuzzy_dataset_KIA_Soul_train.csv::full_trace::3479,-1,0,Kia,Fuzzy_dataset_KIA_Soul_train.csv
67,strong_campaign,ben_12-w09,ben_12,Kia::Fuzzy_dataset_KIA_Soul_train.csv::Kia::Fuzzy_dataset_KIA_Soul_train.csv::full_trace::5539,-1,0,Kia,Fuzzy_dataset_KIA_Soul_train.csv
67,strong_campaign,ben_13-w00,ben_13,Hyundai::Fuzzy_HYUNDAI_Sonata_train.csv::Hyundai::Fuzzy_HYUNDAI_Sonata_train.csv::full_trace::90,-1,0,Hyundai,Fuzzy_HYUNDAI_Sonata_train.csv
67,strong_campaign,ben_13-w01,ben_13,Kia::Attack_free_KIA_Soul_train.csv::Kia::Attack_free_KIA_Soul_train.csv::seg_test::817,-1,0,Kia,Attack_free_KIA_Soul_train.csv
67,strong_campaign,ben_13-w02,ben_13,Hyundai::Attack_free_HY_Sonata_train.csv::Hyundai::Attack_free_HY_Sonata_train.csv::seg_test::1259,-1,0,Hyundai,Attack_free_HY_Sonata_train.csv
67,strong_campaign,ben_13-w03,ben_13,Hyundai::Fuzzy_HYUNDAI_Sonata_train.csv::Hyundai::Fuzzy_HYUNDAI_Sonata_train.csv::full_trace::1273,-1,0,Hyundai,Fuzzy_HYUNDAI_Sonata_train.csv
67,strong_campaign,ben_13-w04,ben_13,Kia::Attack_free_KIA_Soul_train.csv::Kia::Attack_free_KIA_Soul_train.csv::seg_test::266,-1,0,Kia,Attack_free_KIA_Soul_train.csv
67,strong_campaign,ben_13-w05,ben_13,Kia::Fuzzy_dataset_KIA_Soul_train.csv::Kia::Fuzzy_dataset_KIA_Soul_train.csv::full_trace::5833,-1,0,Kia,Fuzzy_dataset_KIA_Soul_train.csv
67,strong_campaign,ben_13-w06,ben_13,Hyundai::Fuzzy_HYUNDAI_Sonata_train.csv::Hyundai::Fuzzy_HYUNDAI_Sonata_train.csv::full_trace::708,-1,0,Hyundai,Fuzzy_HYUNDAI_Sonata_train.csv
67,strong_campaign,ben_13-w07,ben_13,Hyundai::Attack_free_HY_Sonata_train.csv::Hyundai::Attack_free_HY_Sonata_train.csv::seg_test::987,-1,0,Hyundai,Attack_free_HY_Sonata_train.csv
67,strong_campaign,ben_13-w08,ben_13,Hyundai::Fuzzy_HYUNDAI_Sonata_train.csv::Hyundai::Fuzzy_HYUNDAI_Sonata_train.csv::full_trace::1150,-1,0,Hyundai,Fuzzy_HYUNDAI_Sonata_train.csv
67,strong_campaign,ben_13-w09,ben_13,Hyundai::Fuzzy_HYUNDAI_Sonata_train.csv::Hyundai::Fuzzy_HYUNDAI_Sonata_train.csv::full_trace::1132,-1,0,Hyundai,Fuzzy_HYUNDAI_Sonata_train.csv
67,strong_campaign,ben_14-w00,ben_14,Kia::Fuzzy_dataset_KIA_Soul_train.csv::Kia::Fuzzy_dataset_KIA_Soul_train.csv::full_trace::6655,-1,0,Kia,Fuzzy_dataset_KIA_Soul_train.csv
67,strong_campaign,ben_14-w01,ben_14,Kia::Fuzzy_dataset_KIA_Soul_train.csv::Kia::Fuzzy_dataset_KIA_Soul_train.csv::full_trace::1076,-1,0,Kia,Fuzzy_dataset_KIA_Soul_train.csv
67,strong_campaign,ben_14-w02,ben_14,Kia::Fuzzy_dataset_KIA_Soul_train.csv::Kia::Fuzzy_dataset_KIA_Soul_train.csv::full_trace::202,-1,0,Kia,Fuzzy_dataset_KIA_Soul_train.csv
67,strong_campaign,ben_14-w03,ben_14,Hyundai::Attack_free_HY_Sonata_train.csv::Hyundai::Attack_free_HY_Sonata_train.csv::seg_test::1098,-1,0,Hyundai,Attack_free_HY_Sonata_train.csv
67,strong_campaign,ben_14-w04,ben_14,Kia::Attack_free_KIA_Soul_train.csv::Kia::Attack_free_KIA_Soul_train.csv::seg_test::1102,-1,0,Kia,Attack_free_KIA_Soul_train.csv
67,strong_campaign,ben_14-w05,ben_14,Kia::Fuzzy_dataset_KIA_Soul_train.csv::Kia::Fuzzy_dataset_KIA_Soul_train.csv::full_trace::3482,-1,0,Kia,Fuzzy_dataset_KIA_Soul_train.csv
67,strong_campaign,ben_14-w06,ben_14,Kia::Fuzzy_dataset_KIA_Soul_train.csv::Kia::Fuzzy_dataset_KIA_Soul_train.csv::full_trace::3379,-1,0,Kia,Fuzzy_dataset_KIA_Soul_train.csv
67,strong_campaign,ben_14-w07,ben_14,Kia::Fuzzy_dataset_KIA_Soul_train.csv::Kia::Fuzzy_dataset_KIA_Soul_train.csv::full_trace::8841,-1,0,Kia,Fuzzy_dataset_KIA_Soul_train.csv
67,strong_campaign,ben_14-w08,ben_14,Kia::Fuzzy_dataset_KIA_Soul_train.csv::Kia::Fuzzy_dataset_KIA_Soul_train.csv::full_trace::5545,-1,0,Kia,Fuzzy_dataset_KIA_Soul_train.csv
67,strong_campaign,ben_14-w09,ben_14,Hyundai::Fuzzy_HYUNDAI_Sonata_train.csv::Hyundai::Fuzzy_HYUNDAI_Sonata_train.csv::full_trace::1200,-1,0,Hyundai,Fuzzy_HYUNDAI_Sonata_train.csv
67,unrelated_incidents,ind_00-w00,ind_00,Kia::Fuzzy_dataset_KIA_Soul_train.csv::Kia::Fuzzy_dataset_KIA_Soul_train.csv::full_trace::495,0,1,Kia,Fuzzy_dataset_KIA_Soul_train.csv
67,unrelated_incidents,ind_00-w01,ind_00,Kia::Fuzzy_dataset_KIA_Soul_train.csv::Kia::Fuzzy_dataset_KIA_Soul_train.csv::full_trace::3136,0,1,Kia,Fuzzy_dataset_KIA_Soul_train.csv
67,unrelated_incidents,ind_00-w02,ind_00,Kia::Fuzzy_dataset_KIA_Soul_train.csv::Kia::Fuzzy_dataset_KIA_Soul_train.csv::full_trace::7117,0,1,Kia,Fuzzy_dataset_KIA_Soul_train.csv
67,unrelated_incidents,ind_00-w03,ind_00,Kia::Fuzzy_dataset_KIA_Soul_train.csv::Kia::Fuzzy_dataset_KIA_Soul_train.csv::full_trace::3745,0,1,Kia,Fuzzy_dataset_KIA_Soul_train.csv
67,unrelated_incidents,ind_00-w04,ind_00,Kia::Fuzzy_dataset_KIA_Soul_train.csv::Kia::Fuzzy_dataset_KIA_Soul_train.csv::full_trace::4879,0,1,Kia,Fuzzy_dataset_KIA_Soul_train.csv
67,unrelated_incidents,ind_00-w05,ind_00,Kia::Attack_free_KIA_Soul_train.csv::Kia::Attack_free_KIA_Soul_train.csv::seg_test::994,-1,0,Kia,Attack_free_KIA_Soul_train.csv
67,unrelated_incidents,ind_00-w06,ind_00,Hyundai::Fuzzy_HYUNDAI_Sonata_train.csv::Hyundai::Fuzzy_HYUNDAI_Sonata_train.csv::full_trace::1751,-1,0,Hyundai,Fuzzy_HYUNDAI_Sonata_train.csv
67,unrelated_incidents,ind_00-w07,ind_00,Kia::Fuzzy_dataset_KIA_Soul_train.csv::Kia::Fuzzy_dataset_KIA_Soul_train.csv::full_trace::8078,-1,0,Kia,Fuzzy_dataset_KIA_Soul_train.csv
67,unrelated_incidents,ind_00-w08,ind_00,Kia::Fuzzy_dataset_KIA_Soul_train.csv::Kia::Fuzzy_dataset_KIA_Soul_train.csv::full_trace::4456,-1,0,Kia,Fuzzy_dataset_KIA_Soul_train.csv
67,unrelated_incidents,ind_00-w09,ind_00,Kia::Fuzzy_dataset_KIA_Soul_train.csv::Kia::Fuzzy_dataset_KIA_Soul_train.csv::full_trace::2363,-1,0,Kia,Fuzzy_dataset_KIA_Soul_train.csv
67,unrelated_incidents,ind_01-w00,ind_01,Chevrolet::Flooding_CHEVROLET_Spark_train.csv::Chevrolet::Flooding_CHEVROLET_Spark_train.csv::seg_test::69,1,1,Chevrolet,Flooding_CHEVROLET_Spark_train.csv
67,unrelated_incidents,ind_01-w01,ind_01,Chevrolet::Flooding_CHEVROLET_Spark_train.csv::Chevrolet::Flooding_CHEVROLET_Spark_train.csv::seg_test::176,1,1,Chevrolet,Flooding_CHEVROLET_Spark_train.csv
67,unrelated_incidents,ind_01-w02,ind_01,Chevrolet::Flooding_CHEVROLET_Spark_train.csv::Chevrolet::Flooding_CHEVROLET_Spark_train.csv::seg_test::104,1,1,Chevrolet,Flooding_CHEVROLET_Spark_train.csv
67,unrelated_incidents,ind_01-w03,ind_01,Chevrolet::Flooding_CHEVROLET_Spark_train.csv::Chevrolet::Flooding_CHEVROLET_Spark_train.csv::seg_test::43,1,1,Chevrolet,Flooding_CHEVROLET_Spark_train.csv
67,unrelated_incidents,ind_01-w04,ind_01,Chevrolet::Flooding_CHEVROLET_Spark_train.csv::Chevrolet::Flooding_CHEVROLET_Spark_train.csv::seg_test::32,1,1,Chevrolet,Flooding_CHEVROLET_Spark_train.csv
67,unrelated_incidents,ind_01-w05,ind_01,Kia::Attack_free_KIA_Soul_train.csv::Kia::Attack_free_KIA_Soul_train.csv::seg_test::1043,-1,0,Kia,Attack_free_KIA_Soul_train.csv
67,unrelated_incidents,ind_01-w06,ind_01,Kia::Fuzzy_dataset_KIA_Soul_train.csv::Kia::Fuzzy_dataset_KIA_Soul_train.csv::full_trace::8025,-1,0,Kia,Fuzzy_dataset_KIA_Soul_train.csv
67,unrelated_incidents,ind_01-w07,ind_01,Kia::Fuzzy_dataset_KIA_Soul_train.csv::Kia::Fuzzy_dataset_KIA_Soul_train.csv::full_trace::4780,-1,0,Kia,Fuzzy_dataset_KIA_Soul_train.csv
67,unrelated_incidents,ind_01-w08,ind_01,Kia::Fuzzy_dataset_KIA_Soul_train.csv::Kia::Fuzzy_dataset_KIA_Soul_train.csv::full_trace::4417,-1,0,Kia,Fuzzy_dataset_KIA_Soul_train.csv
67,unrelated_incidents,ind_01-w09,ind_01,Chevrolet::Attack_free_CHEVROLET_Spark_train.csv::Chevrolet::Attack_free_CHEVROLET_Spark_train.csv::seg_test::355,-1,0,Chevrolet,Attack_free_CHEVROLET_Spark_train.csv
67,unrelated_incidents,ind_02-w00,ind_02,Kia::Fuzzy_dataset_KIA_Soul_train.csv::Kia::Fuzzy_dataset_KIA_Soul_train.csv::full_trace::3714,2,1,Kia,Fuzzy_dataset_KIA_Soul_train.csv
67,unrelated_incidents,ind_02-w01,ind_02,Kia::Fuzzy_dataset_KIA_Soul_train.csv::Kia::Fuzzy_dataset_KIA_Soul_train.csv::full_trace::1547,2,1,Kia,Fuzzy_dataset_KIA_Soul_train.csv
67,unrelated_incidents,ind_02-w02,ind_02,Kia::Fuzzy_dataset_KIA_Soul_train.csv::Kia::Fuzzy_dataset_KIA_Soul_train.csv::full_trace::7210,2,1,Kia,Fuzzy_dataset_KIA_Soul_train.csv
67,unrelated_incidents,ind_02-w03,ind_02,Kia::Fuzzy_dataset_KIA_Soul_train.csv::Kia::Fuzzy_dataset_KIA_Soul_train.csv::full_trace::3169,2,1,Kia,Fuzzy_dataset_KIA_Soul_train.csv
67,unrelated_incidents,ind_02-w04,ind_02,Kia::Fuzzy_dataset_KIA_Soul_train.csv::Kia::Fuzzy_dataset_KIA_Soul_train.csv::full_trace::2645,2,1,Kia,Fuzzy_dataset_KIA_Soul_train.csv
67,unrelated_incidents,ind_02-w05,ind_02,Hyundai::Fuzzy_HYUNDAI_Sonata_train.csv::Hyundai::Fuzzy_HYUNDAI_Sonata_train.csv::full_trace::102,-1,0,Hyundai,Fuzzy_HYUNDAI_Sonata_train.csv
67,unrelated_incidents,ind_02-w06,ind_02,Kia::Fuzzy_dataset_KIA_Soul_train.csv::Kia::Fuzzy_dataset_KIA_Soul_train.csv::full_trace::4740,-1,0,Kia,Fuzzy_dataset_KIA_Soul_train.csv
67,unrelated_incidents,ind_02-w07,ind_02,Hyundai::Fuzzy_HYUNDAI_Sonata_train.csv::Hyundai::Fuzzy_HYUNDAI_Sonata_train.csv::full_trace::1719,-1,0,Hyundai,Fuzzy_HYUNDAI_Sonata_train.csv
67,unrelated_incidents,ind_02-w08,ind_02,Kia::Fuzzy_dataset_KIA_Soul_train.csv::Kia::Fuzzy_dataset_KIA_Soul_train.csv::full_trace::3387,-1,0,Kia,Fuzzy_dataset_KIA_Soul_train.csv
67,unrelated_incidents,ind_02-w09,ind_02,Kia::Attack_free_KIA_Soul_train.csv::Kia::Attack_free_KIA_Soul_train.csv::seg_test::820,-1,0,Kia,Attack_free_KIA_Soul_train.csv
67,unrelated_incidents,ind_03-w00,ind_03,Chevrolet::Flooding_CHEVROLET_Spark_train.csv::Chevrolet::Flooding_CHEVROLET_Spark_train.csv::seg_test::170,3,1,Chevrolet,Flooding_CHEVROLET_Spark_train.csv
67,unrelated_incidents,ind_03-w01,ind_03,Chevrolet::Flooding_CHEVROLET_Spark_train.csv::Chevrolet::Flooding_CHEVROLET_Spark_train.csv::seg_test::18,3,1,Chevrolet,Flooding_CHEVROLET_Spark_train.csv
67,unrelated_incidents,ind_03-w02,ind_03,Chevrolet::Flooding_CHEVROLET_Spark_train.csv::Chevrolet::Flooding_CHEVROLET_Spark_train.csv::seg_test::42,3,1,Chevrolet,Flooding_CHEVROLET_Spark_train.csv
67,unrelated_incidents,ind_03-w03,ind_03,Chevrolet::Flooding_CHEVROLET_Spark_train.csv::Chevrolet::Flooding_CHEVROLET_Spark_train.csv::seg_test::19,3,1,Chevrolet,Flooding_CHEVROLET_Spark_train.csv
67,unrelated_incidents,ind_03-w04,ind_03,Chevrolet::Flooding_CHEVROLET_Spark_train.csv::Chevrolet::Flooding_CHEVROLET_Spark_train.csv::seg_test::131,3,1,Chevrolet,Flooding_CHEVROLET_Spark_train.csv
67,unrelated_incidents,ind_03-w05,ind_03,Kia::Fuzzy_dataset_KIA_Soul_train.csv::Kia::Fuzzy_dataset_KIA_Soul_train.csv::full_trace::7778,-1,0,Kia,Fuzzy_dataset_KIA_Soul_train.csv
67,unrelated_incidents,ind_03-w06,ind_03,Kia::Fuzzy_dataset_KIA_Soul_train.csv::Kia::Fuzzy_dataset_KIA_Soul_train.csv::full_trace::8079,-1,0,Kia,Fuzzy_dataset_KIA_Soul_train.csv
67,unrelated_incidents,ind_03-w07,ind_03,Hyundai::Fuzzy_HYUNDAI_Sonata_train.csv::Hyundai::Fuzzy_HYUNDAI_Sonata_train.csv::full_trace::269,-1,0,Hyundai,Fuzzy_HYUNDAI_Sonata_train.csv
67,unrelated_incidents,ind_03-w08,ind_03,Kia::Fuzzy_dataset_KIA_Soul_train.csv::Kia::Fuzzy_dataset_KIA_Soul_train.csv::full_trace::9130,-1,0,Kia,Fuzzy_dataset_KIA_Soul_train.csv
67,unrelated_incidents,ind_03-w09,ind_03,Hyundai::Fuzzy_HYUNDAI_Sonata_train.csv::Hyundai::Fuzzy_HYUNDAI_Sonata_train.csv::full_trace::63,-1,0,Hyundai,Fuzzy_HYUNDAI_Sonata_train.csv
67,unrelated_incidents,ind_04-w00,ind_04,Kia::Fuzzy_dataset_KIA_Soul_train.csv::Kia::Fuzzy_dataset_KIA_Soul_train.csv::full_trace::6099,4,1,Kia,Fuzzy_dataset_KIA_Soul_train.csv
67,unrelated_incidents,ind_04-w01,ind_04,Kia::Fuzzy_dataset_KIA_Soul_train.csv::Kia::Fuzzy_dataset_KIA_Soul_train.csv::full_trace::502,4,1,Kia,Fuzzy_dataset_KIA_Soul_train.csv
67,unrelated_incidents,ind_04-w02,ind_04,Kia::Fuzzy_dataset_KIA_Soul_train.csv::Kia::Fuzzy_dataset_KIA_Soul_train.csv::full_trace::4090,4,1,Kia,Fuzzy_dataset_KIA_Soul_train.csv
67,unrelated_incidents,ind_04-w03,ind_04,Kia::Fuzzy_dataset_KIA_Soul_train.csv::Kia::Fuzzy_dataset_KIA_Soul_train.csv::full_trace::684,4,1,Kia,Fuzzy_dataset_KIA_Soul_train.csv
67,unrelated_incidents,ind_04-w04,ind_04,Kia::Fuzzy_dataset_KIA_Soul_train.csv::Kia::Fuzzy_dataset_KIA_Soul_train.csv::full_trace::6002,4,1,Kia,Fuzzy_dataset_KIA_Soul_train.csv
67,unrelated_incidents,ind_04-w05,ind_04,Kia::Fuzzy_dataset_KIA_Soul_train.csv::Kia::Fuzzy_dataset_KIA_Soul_train.csv::full_trace::151,-1,0,Kia,Fuzzy_dataset_KIA_Soul_train.csv
67,unrelated_incidents,ind_04-w06,ind_04,Kia::Attack_free_KIA_Soul_train.csv::Kia::Attack_free_KIA_Soul_train.csv::seg_test::160,-1,0,Kia,Attack_free_KIA_Soul_train.csv
67,unrelated_incidents,ind_04-w07,ind_04,Kia::Fuzzy_dataset_KIA_Soul_train.csv::Kia::Fuzzy_dataset_KIA_Soul_train.csv::full_trace::3344,-1,0,Kia,Fuzzy_dataset_KIA_Soul_train.csv
67,unrelated_incidents,ind_04-w08,ind_04,Kia::Fuzzy_dataset_KIA_Soul_train.csv::Kia::Fuzzy_dataset_KIA_Soul_train.csv::full_trace::2475,-1,0,Kia,Fuzzy_dataset_KIA_Soul_train.csv
67,unrelated_incidents,ind_04-w09,ind_04,Kia::Attack_free_KIA_Soul_train.csv::Kia::Attack_free_KIA_Soul_train.csv::seg_test::58,-1,0,Kia,Attack_free_KIA_Soul_train.csv
67,unrelated_incidents,ben_00-w00,ben_00,Kia::Attack_free_KIA_Soul_train.csv::Kia::Attack_free_KIA_Soul_train.csv::seg_test::844,-1,0,Kia,Attack_free_KIA_Soul_train.csv
67,unrelated_incidents,ben_00-w01,ben_00,Kia::Fuzzy_dataset_KIA_Soul_train.csv::Kia::Fuzzy_dataset_KIA_Soul_train.csv::full_trace::6924,-1,0,Kia,Fuzzy_dataset_KIA_Soul_train.csv
67,unrelated_incidents,ben_00-w02,ben_00,Hyundai::Attack_free_HY_Sonata_train.csv::Hyundai::Attack_free_HY_Sonata_train.csv::seg_test::519,-1,0,Hyundai,Attack_free_HY_Sonata_train.csv
67,unrelated_incidents,ben_00-w03,ben_00,Kia::Fuzzy_dataset_KIA_Soul_train.csv::Kia::Fuzzy_dataset_KIA_Soul_train.csv::full_trace::6707,-1,0,Kia,Fuzzy_dataset_KIA_Soul_train.csv
67,unrelated_incidents,ben_00-w04,ben_00,Kia::Attack_free_KIA_Soul_train.csv::Kia::Attack_free_KIA_Soul_train.csv::seg_test::56,-1,0,Kia,Attack_free_KIA_Soul_train.csv
67,unrelated_incidents,ben_00-w05,ben_00,Hyundai::Fuzzy_HYUNDAI_Sonata_train.csv::Hyundai::Fuzzy_HYUNDAI_Sonata_train.csv::full_trace::1662,-1,0,Hyundai,Fuzzy_HYUNDAI_Sonata_train.csv
67,unrelated_incidents,ben_00-w06,ben_00,Kia::Fuzzy_dataset_KIA_Soul_train.csv::Kia::Fuzzy_dataset_KIA_Soul_train.csv::full_trace::2138,-1,0,Kia,Fuzzy_dataset_KIA_Soul_train.csv
67,unrelated_incidents,ben_00-w07,ben_00,Hyundai::Attack_free_HY_Sonata_train.csv::Hyundai::Attack_free_HY_Sonata_train.csv::seg_test::1219,-1,0,Hyundai,Attack_free_HY_Sonata_train.csv
67,unrelated_incidents,ben_00-w08,ben_00,Hyundai::Attack_free_HY_Sonata_train.csv::Hyundai::Attack_free_HY_Sonata_train.csv::seg_test::992,-1,0,Hyundai,Attack_free_HY_Sonata_train.csv
67,unrelated_incidents,ben_00-w09,ben_00,Kia::Attack_free_KIA_Soul_train.csv::Kia::Attack_free_KIA_Soul_train.csv::seg_test::484,-1,0,Kia,Attack_free_KIA_Soul_train.csv
67,unrelated_incidents,ben_01-w00,ben_01,Hyundai::Fuzzy_HYUNDAI_Sonata_train.csv::Hyundai::Fuzzy_HYUNDAI_Sonata_train.csv::full_trace::1199,-1,0,Hyundai,Fuzzy_HYUNDAI_Sonata_train.csv
67,unrelated_incidents,ben_01-w01,ben_01,Hyundai::Fuzzy_HYUNDAI_Sonata_train.csv::Hyundai::Fuzzy_HYUNDAI_Sonata_train.csv::full_trace::237,-1,0,Hyundai,Fuzzy_HYUNDAI_Sonata_train.csv
67,unrelated_incidents,ben_01-w02,ben_01,Hyundai::Attack_free_HY_Sonata_train.csv::Hyundai::Attack_free_HY_Sonata_train.csv::seg_test::1278,-1,0,Hyundai,Attack_free_HY_Sonata_train.csv
67,unrelated_incidents,ben_01-w03,ben_01,Kia::Fuzzy_dataset_KIA_Soul_train.csv::Kia::Fuzzy_dataset_KIA_Soul_train.csv::full_trace::8804,-1,0,Kia,Fuzzy_dataset_KIA_Soul_train.csv
67,unrelated_incidents,ben_01-w04,ben_01,Kia::Fuzzy_dataset_KIA_Soul_train.csv::Kia::Fuzzy_dataset_KIA_Soul_train.csv::full_trace::1050,-1,0,Kia,Fuzzy_dataset_KIA_Soul_train.csv
67,unrelated_incidents,ben_01-w05,ben_01,Hyundai::Fuzzy_HYUNDAI_Sonata_train.csv::Hyundai::Fuzzy_HYUNDAI_Sonata_train.csv::full_trace::340,-1,0,Hyundai,Fuzzy_HYUNDAI_Sonata_train.csv
67,unrelated_incidents,ben_01-w06,ben_01,Hyundai::Fuzzy_HYUNDAI_Sonata_train.csv::Hyundai::Fuzzy_HYUNDAI_Sonata_train.csv::full_trace::1104,-1,0,Hyundai,Fuzzy_HYUNDAI_Sonata_train.csv
67,unrelated_incidents,ben_01-w07,ben_01,Kia::Fuzzy_dataset_KIA_Soul_train.csv::Kia::Fuzzy_dataset_KIA_Soul_train.csv::full_trace::3514,-1,0,Kia,Fuzzy_dataset_KIA_Soul_train.csv
67,unrelated_incidents,ben_01-w08,ben_01,Kia::Fuzzy_dataset_KIA_Soul_train.csv::Kia::Fuzzy_dataset_KIA_Soul_train.csv::full_trace::4732,-1,0,Kia,Fuzzy_dataset_KIA_Soul_train.csv
67,unrelated_incidents,ben_01-w09,ben_01,Kia::Fuzzy_dataset_KIA_Soul_train.csv::Kia::Fuzzy_dataset_KIA_Soul_train.csv::full_trace::8803,-1,0,Kia,Fuzzy_dataset_KIA_Soul_train.csv
67,unrelated_incidents,ben_02-w00,ben_02,Kia::Attack_free_KIA_Soul_train.csv::Kia::Attack_free_KIA_Soul_train.csv::seg_test::397,-1,0,Kia,Attack_free_KIA_Soul_train.csv
67,unrelated_incidents,ben_02-w01,ben_02,Hyundai::Fuzzy_HYUNDAI_Sonata_train.csv::Hyundai::Fuzzy_HYUNDAI_Sonata_train.csv::full_trace::663,-1,0,Hyundai,Fuzzy_HYUNDAI_Sonata_train.csv
67,unrelated_incidents,ben_02-w02,ben_02,Kia::Fuzzy_dataset_KIA_Soul_train.csv::Kia::Fuzzy_dataset_KIA_Soul_train.csv::full_trace::3592,-1,0,Kia,Fuzzy_dataset_KIA_Soul_train.csv
67,unrelated_incidents,ben_02-w03,ben_02,Hyundai::Attack_free_HY_Sonata_train.csv::Hyundai::Attack_free_HY_Sonata_train.csv::seg_test::65,-1,0,Hyundai,Attack_free_HY_Sonata_train.csv
67,unrelated_incidents,ben_02-w04,ben_02,Hyundai::Attack_free_HY_Sonata_train.csv::Hyundai::Attack_free_HY_Sonata_train.csv::seg_test::845,-1,0,Hyundai,Attack_free_HY_Sonata_train.csv
67,unrelated_incidents,ben_02-w05,ben_02,Hyundai::Attack_free_HY_Sonata_train.csv::Hyundai::Attack_free_HY_Sonata_train.csv::seg_test::456,-1,0,Hyundai,Attack_free_HY_Sonata_train.csv
67,unrelated_incidents,ben_02-w06,ben_02,Hyundai::Attack_free_HY_Sonata_train.csv::Hyundai::Attack_free_HY_Sonata_train.csv::seg_test::351,-1,0,Hyundai,Attack_free_HY_Sonata_train.csv
67,unrelated_incidents,ben_02-w07,ben_02,Kia::Fuzzy_dataset_KIA_Soul_train.csv::Kia::Fuzzy_dataset_KIA_Soul_train.csv::full_trace::8870,-1,0,Kia,Fuzzy_dataset_KIA_Soul_train.csv
67,unrelated_incidents,ben_02-w08,ben_02,Kia::Fuzzy_dataset_KIA_Soul_train.csv::Kia::Fuzzy_dataset_KIA_Soul_train.csv::full_trace::8168,-1,0,Kia,Fuzzy_dataset_KIA_Soul_train.csv
67,unrelated_incidents,ben_02-w09,ben_02,Kia::Attack_free_KIA_Soul_train.csv::Kia::Attack_free_KIA_Soul_train.csv::seg_test::1095,-1,0,Kia,Attack_free_KIA_Soul_train.csv
67,unrelated_incidents,ben_03-w00,ben_03,Hyundai::Attack_free_HY_Sonata_train.csv::Hyundai::Attack_free_HY_Sonata_train.csv::seg_test::708,-1,0,Hyundai,Attack_free_HY_Sonata_train.csv
67,unrelated_incidents,ben_03-w01,ben_03,Hyundai::Attack_free_HY_Sonata_train.csv::Hyundai::Attack_free_HY_Sonata_train.csv::seg_test::75,-1,0,Hyundai,Attack_free_HY_Sonata_train.csv
67,unrelated_incidents,ben_03-w02,ben_03,Kia::Fuzzy_dataset_KIA_Soul_train.csv::Kia::Fuzzy_dataset_KIA_Soul_train.csv::full_trace::5694,-1,0,Kia,Fuzzy_dataset_KIA_Soul_train.csv
67,unrelated_incidents,ben_03-w03,ben_03,Kia::Fuzzy_dataset_KIA_Soul_train.csv::Kia::Fuzzy_dataset_KIA_Soul_train.csv::full_trace::2321,-1,0,Kia,Fuzzy_dataset_KIA_Soul_train.csv
67,unrelated_incidents,ben_03-w04,ben_03,Chevrolet::Flooding_CHEVROLET_Spark_train.csv::Chevrolet::Flooding_CHEVROLET_Spark_train.csv::seg_test::243,-1,0,Chevrolet,Flooding_CHEVROLET_Spark_train.csv
67,unrelated_incidents,ben_03-w05,ben_03,Kia::Fuzzy_dataset_KIA_Soul_train.csv::Kia::Fuzzy_dataset_KIA_Soul_train.csv::full_trace::4552,-1,0,Kia,Fuzzy_dataset_KIA_Soul_train.csv
67,unrelated_incidents,ben_03-w06,ben_03,Kia::Attack_free_KIA_Soul_train.csv::Kia::Attack_free_KIA_Soul_train.csv::seg_test::1055,-1,0,Kia,Attack_free_KIA_Soul_train.csv
67,unrelated_incidents,ben_03-w07,ben_03,Hyundai::Attack_free_HY_Sonata_train.csv::Hyundai::Attack_free_HY_Sonata_train.csv::seg_test::203,-1,0,Hyundai,Attack_free_HY_Sonata_train.csv
67,unrelated_incidents,ben_03-w08,ben_03,Hyundai::Attack_free_HY_Sonata_train.csv::Hyundai::Attack_free_HY_Sonata_train.csv::seg_test::837,-1,0,Hyundai,Attack_free_HY_Sonata_train.csv
67,unrelated_incidents,ben_03-w09,ben_03,Kia::Fuzzy_dataset_KIA_Soul_train.csv::Kia::Fuzzy_dataset_KIA_Soul_train.csv::full_trace::9080,-1,0,Kia,Fuzzy_dataset_KIA_Soul_train.csv
67,unrelated_incidents,ben_04-w00,ben_04,Kia::Fuzzy_dataset_KIA_Soul_train.csv::Kia::Fuzzy_dataset_KIA_Soul_train.csv::full_trace::3510,-1,0,Kia,Fuzzy_dataset_KIA_Soul_train.csv
67,unrelated_incidents,ben_04-w01,ben_04,Hyundai::Attack_free_HY_Sonata_train.csv::Hyundai::Attack_free_HY_Sonata_train.csv::seg_test::994,-1,0,Hyundai,Attack_free_HY_Sonata_train.csv
67,unrelated_incidents,ben_04-w02,ben_04,Chevrolet::Attack_free_CHEVROLET_Spark_train.csv::Chevrolet::Attack_free_CHEVROLET_Spark_train.csv::seg_test::35,-1,0,Chevrolet,Attack_free_CHEVROLET_Spark_train.csv
67,unrelated_incidents,ben_04-w03,ben_04,Hyundai::Attack_free_HY_Sonata_train.csv::Hyundai::Attack_free_HY_Sonata_train.csv::seg_test::130,-1,0,Hyundai,Attack_free_HY_Sonata_train.csv
67,unrelated_incidents,ben_04-w04,ben_04,Hyundai::Fuzzy_HYUNDAI_Sonata_train.csv::Hyundai::Fuzzy_HYUNDAI_Sonata_train.csv::full_trace::789,-1,0,Hyundai,Fuzzy_HYUNDAI_Sonata_train.csv
67,unrelated_incidents,ben_04-w05,ben_04,Kia::Attack_free_KIA_Soul_train.csv::Kia::Attack_free_KIA_Soul_train.csv::seg_test::79,-1,0,Kia,Attack_free_KIA_Soul_train.csv
67,unrelated_incidents,ben_04-w06,ben_04,Kia::Fuzzy_dataset_KIA_Soul_train.csv::Kia::Fuzzy_dataset_KIA_Soul_train.csv::full_trace::6800,-1,0,Kia,Fuzzy_dataset_KIA_Soul_train.csv
67,unrelated_incidents,ben_04-w07,ben_04,Kia::Fuzzy_dataset_KIA_Soul_train.csv::Kia::Fuzzy_dataset_KIA_Soul_train.csv::full_trace::3326,-1,0,Kia,Fuzzy_dataset_KIA_Soul_train.csv
67,unrelated_incidents,ben_04-w08,ben_04,Hyundai::Fuzzy_HYUNDAI_Sonata_train.csv::Hyundai::Fuzzy_HYUNDAI_Sonata_train.csv::full_trace::550,-1,0,Hyundai,Fuzzy_HYUNDAI_Sonata_train.csv
67,unrelated_incidents,ben_04-w09,ben_04,Hyundai::Fuzzy_HYUNDAI_Sonata_train.csv::Hyundai::Fuzzy_HYUNDAI_Sonata_train.csv::full_trace::1643,-1,0,Hyundai,Fuzzy_HYUNDAI_Sonata_train.csv
67,unrelated_incidents,ben_05-w00,ben_05,Kia::Fuzzy_dataset_KIA_Soul_train.csv::Kia::Fuzzy_dataset_KIA_Soul_train.csv::full_trace::3541,-1,0,Kia,Fuzzy_dataset_KIA_Soul_train.csv
67,unrelated_incidents,ben_05-w01,ben_05,Kia::Attack_free_KIA_Soul_train.csv::Kia::Attack_free_KIA_Soul_train.csv::seg_test::762,-1,0,Kia,Attack_free_KIA_Soul_train.csv
67,unrelated_incidents,ben_05-w02,ben_05,Kia::Fuzzy_dataset_KIA_Soul_train.csv::Kia::Fuzzy_dataset_KIA_Soul_train.csv::full_trace::9161,-1,0,Kia,Fuzzy_dataset_KIA_Soul_train.csv
67,unrelated_incidents,ben_05-w03,ben_05,Kia::Fuzzy_dataset_KIA_Soul_train.csv::Kia::Fuzzy_dataset_KIA_Soul_train.csv::full_trace::3603,-1,0,Kia,Fuzzy_dataset_KIA_Soul_train.csv
67,unrelated_incidents,ben_05-w04,ben_05,Kia::Fuzzy_dataset_KIA_Soul_train.csv::Kia::Fuzzy_dataset_KIA_Soul_train.csv::full_trace::3439,-1,0,Kia,Fuzzy_dataset_KIA_Soul_train.csv
67,unrelated_incidents,ben_05-w05,ben_05,Kia::Fuzzy_dataset_KIA_Soul_train.csv::Kia::Fuzzy_dataset_KIA_Soul_train.csv::full_trace::4706,-1,0,Kia,Fuzzy_dataset_KIA_Soul_train.csv
67,unrelated_incidents,ben_05-w06,ben_05,Kia::Fuzzy_dataset_KIA_Soul_train.csv::Kia::Fuzzy_dataset_KIA_Soul_train.csv::full_trace::7968,-1,0,Kia,Fuzzy_dataset_KIA_Soul_train.csv
67,unrelated_incidents,ben_05-w07,ben_05,Kia::Fuzzy_dataset_KIA_Soul_train.csv::Kia::Fuzzy_dataset_KIA_Soul_train.csv::full_trace::2381,-1,0,Kia,Fuzzy_dataset_KIA_Soul_train.csv
67,unrelated_incidents,ben_05-w08,ben_05,Kia::Fuzzy_dataset_KIA_Soul_train.csv::Kia::Fuzzy_dataset_KIA_Soul_train.csv::full_trace::9172,-1,0,Kia,Fuzzy_dataset_KIA_Soul_train.csv
67,unrelated_incidents,ben_05-w09,ben_05,Hyundai::Fuzzy_HYUNDAI_Sonata_train.csv::Hyundai::Fuzzy_HYUNDAI_Sonata_train.csv::full_trace::5,-1,0,Hyundai,Fuzzy_HYUNDAI_Sonata_train.csv
67,unrelated_incidents,ben_06-w00,ben_06,Kia::Fuzzy_dataset_KIA_Soul_train.csv::Kia::Fuzzy_dataset_KIA_Soul_train.csv::full_trace::995,-1,0,Kia,Fuzzy_dataset_KIA_Soul_train.csv
67,unrelated_incidents,ben_06-w01,ben_06,Kia::Fuzzy_dataset_KIA_Soul_train.csv::Kia::Fuzzy_dataset_KIA_Soul_train.csv::full_trace::1157,-1,0,Kia,Fuzzy_dataset_KIA_Soul_train.csv
67,unrelated_incidents,ben_06-w02,ben_06,Kia::Fuzzy_dataset_KIA_Soul_train.csv::Kia::Fuzzy_dataset_KIA_Soul_train.csv::full_trace::4644,-1,0,Kia,Fuzzy_dataset_KIA_Soul_train.csv
67,unrelated_incidents,ben_06-w03,ben_06,Kia::Fuzzy_dataset_KIA_Soul_train.csv::Kia::Fuzzy_dataset_KIA_Soul_train.csv::full_trace::5555,-1,0,Kia,Fuzzy_dataset_KIA_Soul_train.csv
67,unrelated_incidents,ben_06-w04,ben_06,Chevrolet::Attack_free_CHEVROLET_Spark_train.csv::Chevrolet::Attack_free_CHEVROLET_Spark_train.csv::seg_test::311,-1,0,Chevrolet,Attack_free_CHEVROLET_Spark_train.csv
67,unrelated_incidents,ben_06-w05,ben_06,Kia::Fuzzy_dataset_KIA_Soul_train.csv::Kia::Fuzzy_dataset_KIA_Soul_train.csv::full_trace::1300,-1,0,Kia,Fuzzy_dataset_KIA_Soul_train.csv
67,unrelated_incidents,ben_06-w06,ben_06,Hyundai::Fuzzy_HYUNDAI_Sonata_train.csv::Hyundai::Fuzzy_HYUNDAI_Sonata_train.csv::full_trace::1671,-1,0,Hyundai,Fuzzy_HYUNDAI_Sonata_train.csv
67,unrelated_incidents,ben_06-w07,ben_06,Hyundai::Fuzzy_HYUNDAI_Sonata_train.csv::Hyundai::Fuzzy_HYUNDAI_Sonata_train.csv::full_trace::398,-1,0,Hyundai,Fuzzy_HYUNDAI_Sonata_train.csv
67,unrelated_incidents,ben_06-w08,ben_06,Kia::Fuzzy_dataset_KIA_Soul_train.csv::Kia::Fuzzy_dataset_KIA_Soul_train.csv::full_trace::9057,-1,0,Kia,Fuzzy_dataset_KIA_Soul_train.csv
67,unrelated_incidents,ben_06-w09,ben_06,Kia::Fuzzy_dataset_KIA_Soul_train.csv::Kia::Fuzzy_dataset_KIA_Soul_train.csv::full_trace::3492,-1,0,Kia,Fuzzy_dataset_KIA_Soul_train.csv
67,unrelated_incidents,ben_07-w00,ben_07,Hyundai::Attack_free_HY_Sonata_train.csv::Hyundai::Attack_free_HY_Sonata_train.csv::seg_test::902,-1,0,Hyundai,Attack_free_HY_Sonata_train.csv
67,unrelated_incidents,ben_07-w01,ben_07,Kia::Fuzzy_dataset_KIA_Soul_train.csv::Kia::Fuzzy_dataset_KIA_Soul_train.csv::full_trace::6690,-1,0,Kia,Fuzzy_dataset_KIA_Soul_train.csv
67,unrelated_incidents,ben_07-w02,ben_07,Kia::Attack_free_KIA_Soul_train.csv::Kia::Attack_free_KIA_Soul_train.csv::seg_test::806,-1,0,Kia,Attack_free_KIA_Soul_train.csv
67,unrelated_incidents,ben_07-w03,ben_07,Kia::Fuzzy_dataset_KIA_Soul_train.csv::Kia::Fuzzy_dataset_KIA_Soul_train.csv::full_trace::2470,-1,0,Kia,Fuzzy_dataset_KIA_Soul_train.csv
67,unrelated_incidents,ben_07-w04,ben_07,Hyundai::Fuzzy_HYUNDAI_Sonata_train.csv::Hyundai::Fuzzy_HYUNDAI_Sonata_train.csv::full_trace::421,-1,0,Hyundai,Fuzzy_HYUNDAI_Sonata_train.csv
67,unrelated_incidents,ben_07-w05,ben_07,Chevrolet::Attack_free_CHEVROLET_Spark_train.csv::Chevrolet::Attack_free_CHEVROLET_Spark_train.csv::seg_test::218,-1,0,Chevrolet,Attack_free_CHEVROLET_Spark_train.csv
67,unrelated_incidents,ben_07-w06,ben_07,Hyundai::Attack_free_HY_Sonata_train.csv::Hyundai::Attack_free_HY_Sonata_train.csv::seg_test::88,-1,0,Hyundai,Attack_free_HY_Sonata_train.csv
67,unrelated_incidents,ben_07-w07,ben_07,Hyundai::Fuzzy_HYUNDAI_Sonata_train.csv::Hyundai::Fuzzy_HYUNDAI_Sonata_train.csv::full_trace::27,-1,0,Hyundai,Fuzzy_HYUNDAI_Sonata_train.csv
67,unrelated_incidents,ben_07-w08,ben_07,Kia::Fuzzy_dataset_KIA_Soul_train.csv::Kia::Fuzzy_dataset_KIA_Soul_train.csv::full_trace::3536,-1,0,Kia,Fuzzy_dataset_KIA_Soul_train.csv
67,unrelated_incidents,ben_07-w09,ben_07,Hyundai::Attack_free_HY_Sonata_train.csv::Hyundai::Attack_free_HY_Sonata_train.csv::seg_test::330,-1,0,Hyundai,Attack_free_HY_Sonata_train.csv
67,unrelated_incidents,ben_08-w00,ben_08,Hyundai::Attack_free_HY_Sonata_train.csv::Hyundai::Attack_free_HY_Sonata_train.csv::seg_test::981,-1,0,Hyundai,Attack_free_HY_Sonata_train.csv
67,unrelated_incidents,ben_08-w01,ben_08,Kia::Fuzzy_dataset_KIA_Soul_train.csv::Kia::Fuzzy_dataset_KIA_Soul_train.csv::full_trace::2142,-1,0,Kia,Fuzzy_dataset_KIA_Soul_train.csv
67,unrelated_incidents,ben_08-w02,ben_08,Kia::Fuzzy_dataset_KIA_Soul_train.csv::Kia::Fuzzy_dataset_KIA_Soul_train.csv::full_trace::2481,-1,0,Kia,Fuzzy_dataset_KIA_Soul_train.csv
67,unrelated_incidents,ben_08-w03,ben_08,Hyundai::Fuzzy_HYUNDAI_Sonata_train.csv::Hyundai::Fuzzy_HYUNDAI_Sonata_train.csv::full_trace::499,-1,0,Hyundai,Fuzzy_HYUNDAI_Sonata_train.csv
67,unrelated_incidents,ben_08-w04,ben_08,Hyundai::Fuzzy_HYUNDAI_Sonata_train.csv::Hyundai::Fuzzy_HYUNDAI_Sonata_train.csv::full_trace::68,-1,0,Hyundai,Fuzzy_HYUNDAI_Sonata_train.csv
67,unrelated_incidents,ben_08-w05,ben_08,Kia::Fuzzy_dataset_KIA_Soul_train.csv::Kia::Fuzzy_dataset_KIA_Soul_train.csv::full_trace::2433,-1,0,Kia,Fuzzy_dataset_KIA_Soul_train.csv
67,unrelated_incidents,ben_08-w06,ben_08,Hyundai::Fuzzy_HYUNDAI_Sonata_train.csv::Hyundai::Fuzzy_HYUNDAI_Sonata_train.csv::full_trace::490,-1,0,Hyundai,Fuzzy_HYUNDAI_Sonata_train.csv
67,unrelated_incidents,ben_08-w07,ben_08,Chevrolet::Attack_free_CHEVROLET_Spark_train.csv::Chevrolet::Attack_free_CHEVROLET_Spark_train.csv::seg_test::138,-1,0,Chevrolet,Attack_free_CHEVROLET_Spark_train.csv
67,unrelated_incidents,ben_08-w08,ben_08,Kia::Attack_free_KIA_Soul_train.csv::Kia::Attack_free_KIA_Soul_train.csv::seg_test::531,-1,0,Kia,Attack_free_KIA_Soul_train.csv
67,unrelated_incidents,ben_08-w09,ben_08,Hyundai::Attack_free_HY_Sonata_train.csv::Hyundai::Attack_free_HY_Sonata_train.csv::seg_test::608,-1,0,Hyundai,Attack_free_HY_Sonata_train.csv
67,unrelated_incidents,ben_09-w00,ben_09,Kia::Attack_free_KIA_Soul_train.csv::Kia::Attack_free_KIA_Soul_train.csv::seg_test::102,-1,0,Kia,Attack_free_KIA_Soul_train.csv
67,unrelated_incidents,ben_09-w01,ben_09,Kia::Attack_free_KIA_Soul_train.csv::Kia::Attack_free_KIA_Soul_train.csv::seg_test::1321,-1,0,Kia,Attack_free_KIA_Soul_train.csv
67,unrelated_incidents,ben_09-w02,ben_09,Kia::Fuzzy_dataset_KIA_Soul_train.csv::Kia::Fuzzy_dataset_KIA_Soul_train.csv::full_trace::212,-1,0,Kia,Fuzzy_dataset_KIA_Soul_train.csv
67,unrelated_incidents,ben_09-w03,ben_09,Hyundai::Attack_free_HY_Sonata_train.csv::Hyundai::Attack_free_HY_Sonata_train.csv::seg_test::473,-1,0,Hyundai,Attack_free_HY_Sonata_train.csv
67,unrelated_incidents,ben_09-w04,ben_09,Kia::Fuzzy_dataset_KIA_Soul_train.csv::Kia::Fuzzy_dataset_KIA_Soul_train.csv::full_trace::2159,-1,0,Kia,Fuzzy_dataset_KIA_Soul_train.csv
67,unrelated_incidents,ben_09-w05,ben_09,Kia::Fuzzy_dataset_KIA_Soul_train.csv::Kia::Fuzzy_dataset_KIA_Soul_train.csv::full_trace::7788,-1,0,Kia,Fuzzy_dataset_KIA_Soul_train.csv
67,unrelated_incidents,ben_09-w06,ben_09,Kia::Fuzzy_dataset_KIA_Soul_train.csv::Kia::Fuzzy_dataset_KIA_Soul_train.csv::full_trace::4612,-1,0,Kia,Fuzzy_dataset_KIA_Soul_train.csv
67,unrelated_incidents,ben_09-w07,ben_09,Kia::Fuzzy_dataset_KIA_Soul_train.csv::Kia::Fuzzy_dataset_KIA_Soul_train.csv::full_trace::6729,-1,0,Kia,Fuzzy_dataset_KIA_Soul_train.csv
67,unrelated_incidents,ben_09-w08,ben_09,Kia::Fuzzy_dataset_KIA_Soul_train.csv::Kia::Fuzzy_dataset_KIA_Soul_train.csv::full_trace::9114,-1,0,Kia,Fuzzy_dataset_KIA_Soul_train.csv
67,unrelated_incidents,ben_09-w09,ben_09,Hyundai::Fuzzy_HYUNDAI_Sonata_train.csv::Hyundai::Fuzzy_HYUNDAI_Sonata_train.csv::full_trace::469,-1,0,Hyundai,Fuzzy_HYUNDAI_Sonata_train.csv
67,unrelated_incidents,ben_10-w00,ben_10,Kia::Fuzzy_dataset_KIA_Soul_train.csv::Kia::Fuzzy_dataset_KIA_Soul_train.csv::full_trace::6992,-1,0,Kia,Fuzzy_dataset_KIA_Soul_train.csv
67,unrelated_incidents,ben_10-w01,ben_10,Kia::Attack_free_KIA_Soul_train.csv::Kia::Attack_free_KIA_Soul_train.csv::seg_test::431,-1,0,Kia,Attack_free_KIA_Soul_train.csv
67,unrelated_incidents,ben_10-w02,ben_10,Hyundai::Fuzzy_HYUNDAI_Sonata_train.csv::Hyundai::Fuzzy_HYUNDAI_Sonata_train.csv::full_trace::806,-1,0,Hyundai,Fuzzy_HYUNDAI_Sonata_train.csv
67,unrelated_incidents,ben_10-w03,ben_10,Chevrolet::Attack_free_CHEVROLET_Spark_train.csv::Chevrolet::Attack_free_CHEVROLET_Spark_train.csv::seg_test::327,-1,0,Chevrolet,Attack_free_CHEVROLET_Spark_train.csv
67,unrelated_incidents,ben_10-w04,ben_10,Kia::Fuzzy_dataset_KIA_Soul_train.csv::Kia::Fuzzy_dataset_KIA_Soul_train.csv::full_trace::5844,-1,0,Kia,Fuzzy_dataset_KIA_Soul_train.csv
67,unrelated_incidents,ben_10-w05,ben_10,Kia::Fuzzy_dataset_KIA_Soul_train.csv::Kia::Fuzzy_dataset_KIA_Soul_train.csv::full_trace::3233,-1,0,Kia,Fuzzy_dataset_KIA_Soul_train.csv
67,unrelated_incidents,ben_10-w06,ben_10,Kia::Fuzzy_dataset_KIA_Soul_train.csv::Kia::Fuzzy_dataset_KIA_Soul_train.csv::full_trace::993,-1,0,Kia,Fuzzy_dataset_KIA_Soul_train.csv
67,unrelated_incidents,ben_10-w07,ben_10,Kia::Fuzzy_dataset_KIA_Soul_train.csv::Kia::Fuzzy_dataset_KIA_Soul_train.csv::full_trace::7775,-1,0,Kia,Fuzzy_dataset_KIA_Soul_train.csv
67,unrelated_incidents,ben_10-w08,ben_10,Hyundai::Fuzzy_HYUNDAI_Sonata_train.csv::Hyundai::Fuzzy_HYUNDAI_Sonata_train.csv::full_trace::1090,-1,0,Hyundai,Fuzzy_HYUNDAI_Sonata_train.csv
67,unrelated_incidents,ben_10-w09,ben_10,Kia::Fuzzy_dataset_KIA_Soul_train.csv::Kia::Fuzzy_dataset_KIA_Soul_train.csv::full_trace::3635,-1,0,Kia,Fuzzy_dataset_KIA_Soul_train.csv
67,unrelated_incidents,ben_11-w00,ben_11,Hyundai::Fuzzy_HYUNDAI_Sonata_train.csv::Hyundai::Fuzzy_HYUNDAI_Sonata_train.csv::full_trace::17,-1,0,Hyundai,Fuzzy_HYUNDAI_Sonata_train.csv
67,unrelated_incidents,ben_11-w01,ben_11,Kia::Fuzzy_dataset_KIA_Soul_train.csv::Kia::Fuzzy_dataset_KIA_Soul_train.csv::full_trace::2170,-1,0,Kia,Fuzzy_dataset_KIA_Soul_train.csv
67,unrelated_incidents,ben_11-w02,ben_11,Kia::Fuzzy_dataset_KIA_Soul_train.csv::Kia::Fuzzy_dataset_KIA_Soul_train.csv::full_trace::7851,-1,0,Kia,Fuzzy_dataset_KIA_Soul_train.csv
67,unrelated_incidents,ben_11-w03,ben_11,Kia::Fuzzy_dataset_KIA_Soul_train.csv::Kia::Fuzzy_dataset_KIA_Soul_train.csv::full_trace::6769,-1,0,Kia,Fuzzy_dataset_KIA_Soul_train.csv
67,unrelated_incidents,ben_11-w04,ben_11,Hyundai::Fuzzy_HYUNDAI_Sonata_train.csv::Hyundai::Fuzzy_HYUNDAI_Sonata_train.csv::full_trace::1216,-1,0,Hyundai,Fuzzy_HYUNDAI_Sonata_train.csv
67,unrelated_incidents,ben_11-w05,ben_11,Kia::Attack_free_KIA_Soul_train.csv::Kia::Attack_free_KIA_Soul_train.csv::seg_test::1226,-1,0,Kia,Attack_free_KIA_Soul_train.csv
67,unrelated_incidents,ben_11-w06,ben_11,Kia::Fuzzy_dataset_KIA_Soul_train.csv::Kia::Fuzzy_dataset_KIA_Soul_train.csv::full_trace::3406,-1,0,Kia,Fuzzy_dataset_KIA_Soul_train.csv
67,unrelated_incidents,ben_11-w07,ben_11,Kia::Fuzzy_dataset_KIA_Soul_train.csv::Kia::Fuzzy_dataset_KIA_Soul_train.csv::full_trace::1189,-1,0,Kia,Fuzzy_dataset_KIA_Soul_train.csv
67,unrelated_incidents,ben_11-w08,ben_11,Hyundai::Fuzzy_HYUNDAI_Sonata_train.csv::Hyundai::Fuzzy_HYUNDAI_Sonata_train.csv::full_trace::710,-1,0,Hyundai,Fuzzy_HYUNDAI_Sonata_train.csv
67,unrelated_incidents,ben_11-w09,ben_11,Kia::Fuzzy_dataset_KIA_Soul_train.csv::Kia::Fuzzy_dataset_KIA_Soul_train.csv::full_trace::1116,-1,0,Kia,Fuzzy_dataset_KIA_Soul_train.csv
67,unrelated_incidents,ben_12-w00,ben_12,Chevrolet::Attack_free_CHEVROLET_Spark_train.csv::Chevrolet::Attack_free_CHEVROLET_Spark_train.csv::seg_test::173,-1,0,Chevrolet,Attack_free_CHEVROLET_Spark_train.csv
67,unrelated_incidents,ben_12-w01,ben_12,Kia::Fuzzy_dataset_KIA_Soul_train.csv::Kia::Fuzzy_dataset_KIA_Soul_train.csv::full_trace::183,-1,0,Kia,Fuzzy_dataset_KIA_Soul_train.csv
67,unrelated_incidents,ben_12-w02,ben_12,Kia::Fuzzy_dataset_KIA_Soul_train.csv::Kia::Fuzzy_dataset_KIA_Soul_train.csv::full_trace::5661,-1,0,Kia,Fuzzy_dataset_KIA_Soul_train.csv
67,unrelated_incidents,ben_12-w03,ben_12,Kia::Fuzzy_dataset_KIA_Soul_train.csv::Kia::Fuzzy_dataset_KIA_Soul_train.csv::full_trace::43,-1,0,Kia,Fuzzy_dataset_KIA_Soul_train.csv
67,unrelated_incidents,ben_12-w04,ben_12,Kia::Fuzzy_dataset_KIA_Soul_train.csv::Kia::Fuzzy_dataset_KIA_Soul_train.csv::full_trace::6777,-1,0,Kia,Fuzzy_dataset_KIA_Soul_train.csv
67,unrelated_incidents,ben_12-w05,ben_12,Hyundai::Fuzzy_HYUNDAI_Sonata_train.csv::Hyundai::Fuzzy_HYUNDAI_Sonata_train.csv::full_trace::194,-1,0,Hyundai,Fuzzy_HYUNDAI_Sonata_train.csv
67,unrelated_incidents,ben_12-w06,ben_12,Kia::Fuzzy_dataset_KIA_Soul_train.csv::Kia::Fuzzy_dataset_KIA_Soul_train.csv::full_trace::5873,-1,0,Kia,Fuzzy_dataset_KIA_Soul_train.csv
67,unrelated_incidents,ben_12-w07,ben_12,Hyundai::Attack_free_HY_Sonata_train.csv::Hyundai::Attack_free_HY_Sonata_train.csv::seg_test::252,-1,0,Hyundai,Attack_free_HY_Sonata_train.csv
67,unrelated_incidents,ben_12-w08,ben_12,Kia::Fuzzy_dataset_KIA_Soul_train.csv::Kia::Fuzzy_dataset_KIA_Soul_train.csv::full_trace::3479,-1,0,Kia,Fuzzy_dataset_KIA_Soul_train.csv
67,unrelated_incidents,ben_12-w09,ben_12,Kia::Fuzzy_dataset_KIA_Soul_train.csv::Kia::Fuzzy_dataset_KIA_Soul_train.csv::full_trace::5542,-1,0,Kia,Fuzzy_dataset_KIA_Soul_train.csv
67,unrelated_incidents,ben_13-w00,ben_13,Hyundai::Fuzzy_HYUNDAI_Sonata_train.csv::Hyundai::Fuzzy_HYUNDAI_Sonata_train.csv::full_trace::88,-1,0,Hyundai,Fuzzy_HYUNDAI_Sonata_train.csv
67,unrelated_incidents,ben_13-w01,ben_13,Kia::Attack_free_KIA_Soul_train.csv::Kia::Attack_free_KIA_Soul_train.csv::seg_test::814,-1,0,Kia,Attack_free_KIA_Soul_train.csv
67,unrelated_incidents,ben_13-w02,ben_13,Hyundai::Attack_free_HY_Sonata_train.csv::Hyundai::Attack_free_HY_Sonata_train.csv::seg_test::1256,-1,0,Hyundai,Attack_free_HY_Sonata_train.csv
67,unrelated_incidents,ben_13-w03,ben_13,Hyundai::Fuzzy_HYUNDAI_Sonata_train.csv::Hyundai::Fuzzy_HYUNDAI_Sonata_train.csv::full_trace::1267,-1,0,Hyundai,Fuzzy_HYUNDAI_Sonata_train.csv
67,unrelated_incidents,ben_13-w04,ben_13,Kia::Attack_free_KIA_Soul_train.csv::Kia::Attack_free_KIA_Soul_train.csv::seg_test::263,-1,0,Kia,Attack_free_KIA_Soul_train.csv
67,unrelated_incidents,ben_13-w05,ben_13,Kia::Fuzzy_dataset_KIA_Soul_train.csv::Kia::Fuzzy_dataset_KIA_Soul_train.csv::full_trace::5835,-1,0,Kia,Fuzzy_dataset_KIA_Soul_train.csv
67,unrelated_incidents,ben_13-w06,ben_13,Hyundai::Fuzzy_HYUNDAI_Sonata_train.csv::Hyundai::Fuzzy_HYUNDAI_Sonata_train.csv::full_trace::704,-1,0,Hyundai,Fuzzy_HYUNDAI_Sonata_train.csv
67,unrelated_incidents,ben_13-w07,ben_13,Hyundai::Attack_free_HY_Sonata_train.csv::Hyundai::Attack_free_HY_Sonata_train.csv::seg_test::986,-1,0,Hyundai,Attack_free_HY_Sonata_train.csv
67,unrelated_incidents,ben_13-w08,ben_13,Hyundai::Fuzzy_HYUNDAI_Sonata_train.csv::Hyundai::Fuzzy_HYUNDAI_Sonata_train.csv::full_trace::1144,-1,0,Hyundai,Fuzzy_HYUNDAI_Sonata_train.csv
67,unrelated_incidents,ben_13-w09,ben_13,Hyundai::Fuzzy_HYUNDAI_Sonata_train.csv::Hyundai::Fuzzy_HYUNDAI_Sonata_train.csv::full_trace::1126,-1,0,Hyundai,Fuzzy_HYUNDAI_Sonata_train.csv
67,unrelated_incidents,ben_14-w00,ben_14,Kia::Fuzzy_dataset_KIA_Soul_train.csv::Kia::Fuzzy_dataset_KIA_Soul_train.csv::full_trace::6657,-1,0,Kia,Fuzzy_dataset_KIA_Soul_train.csv
67,unrelated_incidents,ben_14-w01,ben_14,Kia::Fuzzy_dataset_KIA_Soul_train.csv::Kia::Fuzzy_dataset_KIA_Soul_train.csv::full_trace::1073,-1,0,Kia,Fuzzy_dataset_KIA_Soul_train.csv
67,unrelated_incidents,ben_14-w02,ben_14,Kia::Fuzzy_dataset_KIA_Soul_train.csv::Kia::Fuzzy_dataset_KIA_Soul_train.csv::full_trace::199,-1,0,Kia,Fuzzy_dataset_KIA_Soul_train.csv
67,unrelated_incidents,ben_14-w03,ben_14,Hyundai::Attack_free_HY_Sonata_train.csv::Hyundai::Attack_free_HY_Sonata_train.csv::seg_test::1095,-1,0,Hyundai,Attack_free_HY_Sonata_train.csv
67,unrelated_incidents,ben_14-w04,ben_14,Kia::Attack_free_KIA_Soul_train.csv::Kia::Attack_free_KIA_Soul_train.csv::seg_test::1099,-1,0,Kia,Attack_free_KIA_Soul_train.csv
67,unrelated_incidents,ben_14-w05,ben_14,Kia::Fuzzy_dataset_KIA_Soul_train.csv::Kia::Fuzzy_dataset_KIA_Soul_train.csv::full_trace::3482,-1,0,Kia,Fuzzy_dataset_KIA_Soul_train.csv
67,unrelated_incidents,ben_14-w06,ben_14,Kia::Fuzzy_dataset_KIA_Soul_train.csv::Kia::Fuzzy_dataset_KIA_Soul_train.csv::full_trace::3378,-1,0,Kia,Fuzzy_dataset_KIA_Soul_train.csv
67,unrelated_incidents,ben_14-w07,ben_14,Kia::Fuzzy_dataset_KIA_Soul_train.csv::Kia::Fuzzy_dataset_KIA_Soul_train.csv::full_trace::8844,-1,0,Kia,Fuzzy_dataset_KIA_Soul_train.csv
67,unrelated_incidents,ben_14-w08,ben_14,Kia::Fuzzy_dataset_KIA_Soul_train.csv::Kia::Fuzzy_dataset_KIA_Soul_train.csv::full_trace::5548,-1,0,Kia,Fuzzy_dataset_KIA_Soul_train.csv
67,unrelated_incidents,ben_14-w09,ben_14,Hyundai::Fuzzy_HYUNDAI_Sonata_train.csv::Hyundai::Fuzzy_HYUNDAI_Sonata_train.csv::full_trace::1194,-1,0,Hyundai,Fuzzy_HYUNDAI_Sonata_train.csv
71,strong_campaign,atk_Hyundai_0-w00,atk_Hyundai_0,Hyundai::Fuzzy_HYUNDAI_Sonata_train.csv::Hyundai::Fuzzy_HYUNDAI_Sonata_train.csv::full_trace::1529,0,1,Hyundai,Fuzzy_HYUNDAI_Sonata_train.csv
71,strong_campaign,atk_Hyundai_0-w01,atk_Hyundai_0,Hyundai::Fuzzy_HYUNDAI_Sonata_train.csv::Hyundai::Fuzzy_HYUNDAI_Sonata_train.csv::full_trace::1064,0,1,Hyundai,Fuzzy_HYUNDAI_Sonata_train.csv
71,strong_campaign,atk_Hyundai_0-w02,atk_Hyundai_0,Hyundai::Fuzzy_HYUNDAI_Sonata_train.csv::Hyundai::Fuzzy_HYUNDAI_Sonata_train.csv::full_trace::1302,0,1,Hyundai,Fuzzy_HYUNDAI_Sonata_train.csv
71,strong_campaign,atk_Hyundai_0-w03,atk_Hyundai_0,Hyundai::Fuzzy_HYUNDAI_Sonata_train.csv::Hyundai::Fuzzy_HYUNDAI_Sonata_train.csv::full_trace::946,0,1,Hyundai,Fuzzy_HYUNDAI_Sonata_train.csv
71,strong_campaign,atk_Hyundai_0-w04,atk_Hyundai_0,Hyundai::Fuzzy_HYUNDAI_Sonata_train.csv::Hyundai::Fuzzy_HYUNDAI_Sonata_train.csv::full_trace::1300,0,1,Hyundai,Fuzzy_HYUNDAI_Sonata_train.csv
71,strong_campaign,atk_Hyundai_0-w05,atk_Hyundai_0,Hyundai::Fuzzy_HYUNDAI_Sonata_train.csv::Hyundai::Fuzzy_HYUNDAI_Sonata_train.csv::full_trace::18,0,0,Hyundai,Fuzzy_HYUNDAI_Sonata_train.csv
71,strong_campaign,atk_Hyundai_0-w06,atk_Hyundai_0,Hyundai::Attack_free_HY_Sonata_train.csv::Hyundai::Attack_free_HY_Sonata_train.csv::seg_test::48,0,0,Hyundai,Attack_free_HY_Sonata_train.csv
71,strong_campaign,atk_Hyundai_0-w07,atk_Hyundai_0,Hyundai::Fuzzy_HYUNDAI_Sonata_train.csv::Hyundai::Fuzzy_HYUNDAI_Sonata_train.csv::full_trace::1201,0,0,Hyundai,Fuzzy_HYUNDAI_Sonata_train.csv
71,strong_campaign,atk_Hyundai_0-w08,atk_Hyundai_0,Hyundai::Attack_free_HY_Sonata_train.csv::Hyundai::Attack_free_HY_Sonata_train.csv::seg_test::510,0,0,Hyundai,Attack_free_HY_Sonata_train.csv
71,strong_campaign,atk_Hyundai_0-w09,atk_Hyundai_0,Hyundai::Attack_free_HY_Sonata_train.csv::Hyundai::Attack_free_HY_Sonata_train.csv::seg_test::114,0,0,Hyundai,Attack_free_HY_Sonata_train.csv
71,strong_campaign,atk_Hyundai_1-w00,atk_Hyundai_1,Hyundai::Fuzzy_HYUNDAI_Sonata_train.csv::Hyundai::Fuzzy_HYUNDAI_Sonata_train.csv::full_trace::1348,0,1,Hyundai,Fuzzy_HYUNDAI_Sonata_train.csv
71,strong_campaign,atk_Hyundai_1-w01,atk_Hyundai_1,Hyundai::Fuzzy_HYUNDAI_Sonata_train.csv::Hyundai::Fuzzy_HYUNDAI_Sonata_train.csv::full_trace::868,0,1,Hyundai,Fuzzy_HYUNDAI_Sonata_train.csv
71,strong_campaign,atk_Hyundai_1-w02,atk_Hyundai_1,Hyundai::Fuzzy_HYUNDAI_Sonata_train.csv::Hyundai::Fuzzy_HYUNDAI_Sonata_train.csv::full_trace::1453,0,1,Hyundai,Fuzzy_HYUNDAI_Sonata_train.csv
71,strong_campaign,atk_Hyundai_1-w03,atk_Hyundai_1,Hyundai::Fuzzy_HYUNDAI_Sonata_train.csv::Hyundai::Fuzzy_HYUNDAI_Sonata_train.csv::full_trace::966,0,1,Hyundai,Fuzzy_HYUNDAI_Sonata_train.csv
71,strong_campaign,atk_Hyundai_1-w04,atk_Hyundai_1,Hyundai::Fuzzy_HYUNDAI_Sonata_train.csv::Hyundai::Fuzzy_HYUNDAI_Sonata_train.csv::full_trace::829,0,1,Hyundai,Fuzzy_HYUNDAI_Sonata_train.csv
71,strong_campaign,atk_Hyundai_1-w05,atk_Hyundai_1,Hyundai::Fuzzy_HYUNDAI_Sonata_train.csv::Hyundai::Fuzzy_HYUNDAI_Sonata_train.csv::full_trace::364,0,0,Hyundai,Fuzzy_HYUNDAI_Sonata_train.csv
71,strong_campaign,atk_Hyundai_1-w06,atk_Hyundai_1,Hyundai::Attack_free_HY_Sonata_train.csv::Hyundai::Attack_free_HY_Sonata_train.csv::seg_test::1046,0,0,Hyundai,Attack_free_HY_Sonata_train.csv
71,strong_campaign,atk_Hyundai_1-w07,atk_Hyundai_1,Hyundai::Fuzzy_HYUNDAI_Sonata_train.csv::Hyundai::Fuzzy_HYUNDAI_Sonata_train.csv::full_trace::48,0,0,Hyundai,Fuzzy_HYUNDAI_Sonata_train.csv
71,strong_campaign,atk_Hyundai_1-w08,atk_Hyundai_1,Hyundai::Fuzzy_HYUNDAI_Sonata_train.csv::Hyundai::Fuzzy_HYUNDAI_Sonata_train.csv::full_trace::1251,0,0,Hyundai,Fuzzy_HYUNDAI_Sonata_train.csv
71,strong_campaign,atk_Hyundai_1-w09,atk_Hyundai_1,Hyundai::Attack_free_HY_Sonata_train.csv::Hyundai::Attack_free_HY_Sonata_train.csv::seg_test::526,0,0,Hyundai,Attack_free_HY_Sonata_train.csv
71,strong_campaign,atk_Kia_2-w00,atk_Kia_2,Kia::Fuzzy_dataset_KIA_Soul_train.csv::Kia::Fuzzy_dataset_KIA_Soul_train.csv::full_trace::8531,0,1,Kia,Fuzzy_dataset_KIA_Soul_train.csv
71,strong_campaign,atk_Kia_2-w01,atk_Kia_2,Kia::Fuzzy_dataset_KIA_Soul_train.csv::Kia::Fuzzy_dataset_KIA_Soul_train.csv::full_trace::268,0,1,Kia,Fuzzy_dataset_KIA_Soul_train.csv
71,strong_campaign,atk_Kia_2-w02,atk_Kia_2,Kia::Fuzzy_dataset_KIA_Soul_train.csv::Kia::Fuzzy_dataset_KIA_Soul_train.csv::full_trace::1560,0,1,Kia,Fuzzy_dataset_KIA_Soul_train.csv
71,strong_campaign,atk_Kia_2-w03,atk_Kia_2,Kia::Fuzzy_dataset_KIA_Soul_train.csv::Kia::Fuzzy_dataset_KIA_Soul_train.csv::full_trace::3007,0,1,Kia,Fuzzy_dataset_KIA_Soul_train.csv
71,strong_campaign,atk_Kia_2-w04,atk_Kia_2,Kia::Fuzzy_dataset_KIA_Soul_train.csv::Kia::Fuzzy_dataset_KIA_Soul_train.csv::full_trace::2652,0,1,Kia,Fuzzy_dataset_KIA_Soul_train.csv
71,strong_campaign,atk_Kia_2-w05,atk_Kia_2,Kia::Attack_free_KIA_Soul_train.csv::Kia::Attack_free_KIA_Soul_train.csv::seg_test::968,0,0,Kia,Attack_free_KIA_Soul_train.csv
71,strong_campaign,atk_Kia_2-w06,atk_Kia_2,Kia::Fuzzy_dataset_KIA_Soul_train.csv::Kia::Fuzzy_dataset_KIA_Soul_train.csv::full_trace::9017,0,0,Kia,Fuzzy_dataset_KIA_Soul_train.csv
71,strong_campaign,atk_Kia_2-w07,atk_Kia_2,Kia::Attack_free_KIA_Soul_train.csv::Kia::Attack_free_KIA_Soul_train.csv::seg_test::1237,0,0,Kia,Attack_free_KIA_Soul_train.csv
71,strong_campaign,atk_Kia_2-w08,atk_Kia_2,Kia::Fuzzy_dataset_KIA_Soul_train.csv::Kia::Fuzzy_dataset_KIA_Soul_train.csv::full_trace::1333,0,0,Kia,Fuzzy_dataset_KIA_Soul_train.csv
71,strong_campaign,atk_Kia_2-w09,atk_Kia_2,Kia::Fuzzy_dataset_KIA_Soul_train.csv::Kia::Fuzzy_dataset_KIA_Soul_train.csv::full_trace::5605,0,0,Kia,Fuzzy_dataset_KIA_Soul_train.csv
71,strong_campaign,atk_Kia_3-w00,atk_Kia_3,Kia::Fuzzy_dataset_KIA_Soul_train.csv::Kia::Fuzzy_dataset_KIA_Soul_train.csv::full_trace::8431,0,1,Kia,Fuzzy_dataset_KIA_Soul_train.csv
71,strong_campaign,atk_Kia_3-w01,atk_Kia_3,Kia::Fuzzy_dataset_KIA_Soul_train.csv::Kia::Fuzzy_dataset_KIA_Soul_train.csv::full_trace::305,0,1,Kia,Fuzzy_dataset_KIA_Soul_train.csv
71,strong_campaign,atk_Kia_3-w02,atk_Kia_3,Kia::Fuzzy_dataset_KIA_Soul_train.csv::Kia::Fuzzy_dataset_KIA_Soul_train.csv::full_trace::7108,0,1,Kia,Fuzzy_dataset_KIA_Soul_train.csv
71,strong_campaign,atk_Kia_3-w03,atk_Kia_3,Kia::Fuzzy_dataset_KIA_Soul_train.csv::Kia::Fuzzy_dataset_KIA_Soul_train.csv::full_trace::8491,0,1,Kia,Fuzzy_dataset_KIA_Soul_train.csv
71,strong_campaign,atk_Kia_3-w04,atk_Kia_3,Kia::Fuzzy_dataset_KIA_Soul_train.csv::Kia::Fuzzy_dataset_KIA_Soul_train.csv::full_trace::6354,0,1,Kia,Fuzzy_dataset_KIA_Soul_train.csv
71,strong_campaign,atk_Kia_3-w05,atk_Kia_3,Kia::Fuzzy_dataset_KIA_Soul_train.csv::Kia::Fuzzy_dataset_KIA_Soul_train.csv::full_trace::8851,0,0,Kia,Fuzzy_dataset_KIA_Soul_train.csv
71,strong_campaign,atk_Kia_3-w06,atk_Kia_3,Kia::Fuzzy_dataset_KIA_Soul_train.csv::Kia::Fuzzy_dataset_KIA_Soul_train.csv::full_trace::4397,0,0,Kia,Fuzzy_dataset_KIA_Soul_train.csv
71,strong_campaign,atk_Kia_3-w07,atk_Kia_3,Kia::Fuzzy_dataset_KIA_Soul_train.csv::Kia::Fuzzy_dataset_KIA_Soul_train.csv::full_trace::3331,0,0,Kia,Fuzzy_dataset_KIA_Soul_train.csv
71,strong_campaign,atk_Kia_3-w08,atk_Kia_3,Kia::Fuzzy_dataset_KIA_Soul_train.csv::Kia::Fuzzy_dataset_KIA_Soul_train.csv::full_trace::4590,0,0,Kia,Fuzzy_dataset_KIA_Soul_train.csv
71,strong_campaign,atk_Kia_3-w09,atk_Kia_3,Kia::Attack_free_KIA_Soul_train.csv::Kia::Attack_free_KIA_Soul_train.csv::seg_test::907,0,0,Kia,Attack_free_KIA_Soul_train.csv
71,strong_campaign,atk_Chevrolet_4-w00,atk_Chevrolet_4,Chevrolet::Fuzzy_CHEVROLET_Spark_train.csv::Chevrolet::Fuzzy_CHEVROLET_Spark_train.csv::seg_test::117,0,1,Chevrolet,Fuzzy_CHEVROLET_Spark_train.csv
71,strong_campaign,atk_Chevrolet_4-w01,atk_Chevrolet_4,Chevrolet::Fuzzy_CHEVROLET_Spark_train.csv::Chevrolet::Fuzzy_CHEVROLET_Spark_train.csv::seg_test::71,0,1,Chevrolet,Fuzzy_CHEVROLET_Spark_train.csv
71,strong_campaign,atk_Chevrolet_4-w02,atk_Chevrolet_4,Chevrolet::Fuzzy_CHEVROLET_Spark_train.csv::Chevrolet::Fuzzy_CHEVROLET_Spark_train.csv::seg_test::68,0,1,Chevrolet,Fuzzy_CHEVROLET_Spark_train.csv
71,strong_campaign,atk_Chevrolet_4-w03,atk_Chevrolet_4,Chevrolet::Fuzzy_CHEVROLET_Spark_train.csv::Chevrolet::Fuzzy_CHEVROLET_Spark_train.csv::seg_test::113,0,1,Chevrolet,Fuzzy_CHEVROLET_Spark_train.csv
71,strong_campaign,atk_Chevrolet_4-w04,atk_Chevrolet_4,Chevrolet::Fuzzy_CHEVROLET_Spark_train.csv::Chevrolet::Fuzzy_CHEVROLET_Spark_train.csv::seg_test::9,0,1,Chevrolet,Fuzzy_CHEVROLET_Spark_train.csv
71,strong_campaign,atk_Chevrolet_4-w05,atk_Chevrolet_4,Chevrolet::Attack_free_CHEVROLET_Spark_train.csv::Chevrolet::Attack_free_CHEVROLET_Spark_train.csv::seg_test::200,0,0,Chevrolet,Attack_free_CHEVROLET_Spark_train.csv
71,strong_campaign,atk_Chevrolet_4-w06,atk_Chevrolet_4,Chevrolet::Malfunction_CHEVROLET_Spark_train.csv::Chevrolet::Malfunction_CHEVROLET_Spark_train.csv::seg_test::116,0,0,Chevrolet,Malfunction_CHEVROLET_Spark_train.csv
71,strong_campaign,atk_Chevrolet_4-w07,atk_Chevrolet_4,Chevrolet::Attack_free_CHEVROLET_Spark_train.csv::Chevrolet::Attack_free_CHEVROLET_Spark_train.csv::seg_test::104,0,0,Chevrolet,Attack_free_CHEVROLET_Spark_train.csv
71,strong_campaign,atk_Chevrolet_4-w08,atk_Chevrolet_4,Chevrolet::Malfunction_CHEVROLET_Spark_train.csv::Chevrolet::Malfunction_CHEVROLET_Spark_train.csv::seg_test::8,0,0,Chevrolet,Malfunction_CHEVROLET_Spark_train.csv
71,strong_campaign,atk_Chevrolet_4-w09,atk_Chevrolet_4,Chevrolet::Attack_free_CHEVROLET_Spark_train.csv::Chevrolet::Attack_free_CHEVROLET_Spark_train.csv::seg_test::375,0,0,Chevrolet,Attack_free_CHEVROLET_Spark_train.csv
71,strong_campaign,ben_00-w00,ben_00,Kia::Attack_free_KIA_Soul_train.csv::Kia::Attack_free_KIA_Soul_train.csv::seg_test::703,-1,0,Kia,Attack_free_KIA_Soul_train.csv
71,strong_campaign,ben_00-w01,ben_00,Kia::Fuzzy_dataset_KIA_Soul_train.csv::Kia::Fuzzy_dataset_KIA_Soul_train.csv::full_trace::1339,-1,0,Kia,Fuzzy_dataset_KIA_Soul_train.csv
71,strong_campaign,ben_00-w02,ben_00,Hyundai::Fuzzy_HYUNDAI_Sonata_train.csv::Hyundai::Fuzzy_HYUNDAI_Sonata_train.csv::full_trace::494,-1,0,Hyundai,Fuzzy_HYUNDAI_Sonata_train.csv
71,strong_campaign,ben_00-w03,ben_00,Kia::Fuzzy_dataset_KIA_Soul_train.csv::Kia::Fuzzy_dataset_KIA_Soul_train.csv::full_trace::189,-1,0,Kia,Fuzzy_dataset_KIA_Soul_train.csv
71,strong_campaign,ben_00-w04,ben_00,Kia::Fuzzy_dataset_KIA_Soul_train.csv::Kia::Fuzzy_dataset_KIA_Soul_train.csv::full_trace::8809,-1,0,Kia,Fuzzy_dataset_KIA_Soul_train.csv
71,strong_campaign,ben_00-w05,ben_00,Hyundai::Attack_free_HY_Sonata_train.csv::Hyundai::Attack_free_HY_Sonata_train.csv::seg_test::1261,-1,0,Hyundai,Attack_free_HY_Sonata_train.csv
71,strong_campaign,ben_00-w06,ben_00,Hyundai::Attack_free_HY_Sonata_train.csv::Hyundai::Attack_free_HY_Sonata_train.csv::seg_test::349,-1,0,Hyundai,Attack_free_HY_Sonata_train.csv
71,strong_campaign,ben_00-w07,ben_00,Kia::Fuzzy_dataset_KIA_Soul_train.csv::Kia::Fuzzy_dataset_KIA_Soul_train.csv::full_trace::7926,-1,0,Kia,Fuzzy_dataset_KIA_Soul_train.csv
71,strong_campaign,ben_00-w08,ben_00,Chevrolet::Malfunction_CHEVROLET_Spark_train.csv::Chevrolet::Malfunction_CHEVROLET_Spark_train.csv::seg_test::119,-1,0,Chevrolet,Malfunction_CHEVROLET_Spark_train.csv
71,strong_campaign,ben_00-w09,ben_00,Chevrolet::Malfunction_CHEVROLET_Spark_train.csv::Chevrolet::Malfunction_CHEVROLET_Spark_train.csv::seg_test::1,-1,0,Chevrolet,Malfunction_CHEVROLET_Spark_train.csv
71,strong_campaign,ben_01-w00,ben_01,Hyundai::Fuzzy_HYUNDAI_Sonata_train.csv::Hyundai::Fuzzy_HYUNDAI_Sonata_train.csv::full_trace::656,-1,0,Hyundai,Fuzzy_HYUNDAI_Sonata_train.csv
71,strong_campaign,ben_01-w01,ben_01,Kia::Fuzzy_dataset_KIA_Soul_train.csv::Kia::Fuzzy_dataset_KIA_Soul_train.csv::full_trace::6663,-1,0,Kia,Fuzzy_dataset_KIA_Soul_train.csv
71,strong_campaign,ben_01-w02,ben_01,Hyundai::Fuzzy_HYUNDAI_Sonata_train.csv::Hyundai::Fuzzy_HYUNDAI_Sonata_train.csv::full_trace::1748,-1,0,Hyundai,Fuzzy_HYUNDAI_Sonata_train.csv
71,strong_campaign,ben_01-w03,ben_01,Hyundai::Attack_free_HY_Sonata_train.csv::Hyundai::Attack_free_HY_Sonata_train.csv::seg_test::523,-1,0,Hyundai,Attack_free_HY_Sonata_train.csv
71,strong_campaign,ben_01-w04,ben_01,Kia::Attack_free_KIA_Soul_train.csv::Kia::Attack_free_KIA_Soul_train.csv::seg_test::593,-1,0,Kia,Attack_free_KIA_Soul_train.csv
71,strong_campaign,ben_01-w05,ben_01,Kia::Fuzzy_dataset_KIA_Soul_train.csv::Kia::Fuzzy_dataset_KIA_Soul_train.csv::full_trace::4466,-1,0,Kia,Fuzzy_dataset_KIA_Soul_train.csv
71,strong_campaign,ben_01-w06,ben_01,Kia::Fuzzy_dataset_KIA_Soul_train.csv::Kia::Fuzzy_dataset_KIA_Soul_train.csv::full_trace::7805,-1,0,Kia,Fuzzy_dataset_KIA_Soul_train.csv
71,strong_campaign,ben_01-w07,ben_01,Kia::Fuzzy_dataset_KIA_Soul_train.csv::Kia::Fuzzy_dataset_KIA_Soul_train.csv::full_trace::7843,-1,0,Kia,Fuzzy_dataset_KIA_Soul_train.csv
71,strong_campaign,ben_01-w08,ben_01,Kia::Attack_free_KIA_Soul_train.csv::Kia::Attack_free_KIA_Soul_train.csv::seg_test::1414,-1,0,Kia,Attack_free_KIA_Soul_train.csv
71,strong_campaign,ben_01-w09,ben_01,Kia::Fuzzy_dataset_KIA_Soul_train.csv::Kia::Fuzzy_dataset_KIA_Soul_train.csv::full_trace::7965,-1,0,Kia,Fuzzy_dataset_KIA_Soul_train.csv
71,strong_campaign,ben_02-w00,ben_02,Kia::Attack_free_KIA_Soul_train.csv::Kia::Attack_free_KIA_Soul_train.csv::seg_test::554,-1,0,Kia,Attack_free_KIA_Soul_train.csv
71,strong_campaign,ben_02-w01,ben_02,Kia::Fuzzy_dataset_KIA_Soul_train.csv::Kia::Fuzzy_dataset_KIA_Soul_train.csv::full_trace::4572,-1,0,Kia,Fuzzy_dataset_KIA_Soul_train.csv
71,strong_campaign,ben_02-w02,ben_02,Hyundai::Attack_free_HY_Sonata_train.csv::Hyundai::Attack_free_HY_Sonata_train.csv::seg_test::90,-1,0,Hyundai,Attack_free_HY_Sonata_train.csv
71,strong_campaign,ben_02-w03,ben_02,Hyundai::Attack_free_HY_Sonata_train.csv::Hyundai::Attack_free_HY_Sonata_train.csv::seg_test::992,-1,0,Hyundai,Attack_free_HY_Sonata_train.csv
71,strong_campaign,ben_02-w04,ben_02,Kia::Attack_free_KIA_Soul_train.csv::Kia::Attack_free_KIA_Soul_train.csv::seg_test::1,-1,0,Kia,Attack_free_KIA_Soul_train.csv
71,strong_campaign,ben_02-w05,ben_02,Kia::Fuzzy_dataset_KIA_Soul_train.csv::Kia::Fuzzy_dataset_KIA_Soul_train.csv::full_trace::3346,-1,0,Kia,Fuzzy_dataset_KIA_Soul_train.csv
71,strong_campaign,ben_02-w06,ben_02,Kia::Attack_free_KIA_Soul_train.csv::Kia::Attack_free_KIA_Soul_train.csv::seg_test::1388,-1,0,Kia,Attack_free_KIA_Soul_train.csv
71,strong_campaign,ben_02-w07,ben_02,Hyundai::Attack_free_HY_Sonata_train.csv::Hyundai::Attack_free_HY_Sonata_train.csv::seg_test::1227,-1,0,Hyundai,Attack_free_HY_Sonata_train.csv
71,strong_campaign,ben_02-w08,ben_02,Chevrolet::Malfunction_CHEVROLET_Spark_train.csv::Chevrolet::Malfunction_CHEVROLET_Spark_train.csv::seg_test::49,-1,0,Chevrolet,Malfunction_CHEVROLET_Spark_train.csv
71,strong_campaign,ben_02-w09,ben_02,Kia::Fuzzy_dataset_KIA_Soul_train.csv::Kia::Fuzzy_dataset_KIA_Soul_train.csv::full_trace::8085,-1,0,Kia,Fuzzy_dataset_KIA_Soul_train.csv
71,strong_campaign,ben_03-w00,ben_03,Hyundai::Fuzzy_HYUNDAI_Sonata_train.csv::Hyundai::Fuzzy_HYUNDAI_Sonata_train.csv::full_trace::1718,-1,0,Hyundai,Fuzzy_HYUNDAI_Sonata_train.csv
71,strong_campaign,ben_03-w01,ben_03,Hyundai::Attack_free_HY_Sonata_train.csv::Hyundai::Attack_free_HY_Sonata_train.csv::seg_test::749,-1,0,Hyundai,Attack_free_HY_Sonata_train.csv
71,strong_campaign,ben_03-w02,ben_03,Hyundai::Attack_free_HY_Sonata_train.csv::Hyundai::Attack_free_HY_Sonata_train.csv::seg_test::256,-1,0,Hyundai,Attack_free_HY_Sonata_train.csv
71,strong_campaign,ben_03-w03,ben_03,Kia::Fuzzy_dataset_KIA_Soul_train.csv::Kia::Fuzzy_dataset_KIA_Soul_train.csv::full_trace::2314,-1,0,Kia,Fuzzy_dataset_KIA_Soul_train.csv
71,strong_campaign,ben_03-w04,ben_03,Kia::Fuzzy_dataset_KIA_Soul_train.csv::Kia::Fuzzy_dataset_KIA_Soul_train.csv::full_trace::6990,-1,0,Kia,Fuzzy_dataset_KIA_Soul_train.csv
71,strong_campaign,ben_03-w05,ben_03,Hyundai::Fuzzy_HYUNDAI_Sonata_train.csv::Hyundai::Fuzzy_HYUNDAI_Sonata_train.csv::full_trace::229,-1,0,Hyundai,Fuzzy_HYUNDAI_Sonata_train.csv
71,strong_campaign,ben_03-w06,ben_03,Hyundai::Fuzzy_HYUNDAI_Sonata_train.csv::Hyundai::Fuzzy_HYUNDAI_Sonata_train.csv::full_trace::253,-1,0,Hyundai,Fuzzy_HYUNDAI_Sonata_train.csv
71,strong_campaign,ben_03-w07,ben_03,Kia::Attack_free_KIA_Soul_train.csv::Kia::Attack_free_KIA_Soul_train.csv::seg_test::1063,-1,0,Kia,Attack_free_KIA_Soul_train.csv
71,strong_campaign,ben_03-w08,ben_03,Hyundai::Fuzzy_HYUNDAI_Sonata_train.csv::Hyundai::Fuzzy_HYUNDAI_Sonata_train.csv::full_trace::1739,-1,0,Hyundai,Fuzzy_HYUNDAI_Sonata_train.csv
71,strong_campaign,ben_03-w09,ben_03,Kia::Attack_free_KIA_Soul_train.csv::Kia::Attack_free_KIA_Soul_train.csv::seg_test::751,-1,0,Kia,Attack_free_KIA_Soul_train.csv
71,strong_campaign,ben_04-w00,ben_04,Kia::Fuzzy_dataset_KIA_Soul_train.csv::Kia::Fuzzy_dataset_KIA_Soul_train.csv::full_trace::3615,-1,0,Kia,Fuzzy_dataset_KIA_Soul_train.csv
71,strong_campaign,ben_04-w01,ben_04,Hyundai::Fuzzy_HYUNDAI_Sonata_train.csv::Hyundai::Fuzzy_HYUNDAI_Sonata_train.csv::full_trace::658,-1,0,Hyundai,Fuzzy_HYUNDAI_Sonata_train.csv
71,strong_campaign,ben_04-w02,ben_04,Kia::Fuzzy_dataset_KIA_Soul_train.csv::Kia::Fuzzy_dataset_KIA_Soul_train.csv::full_trace::4653,-1,0,Kia,Fuzzy_dataset_KIA_Soul_train.csv
71,strong_campaign,ben_04-w03,ben_04,Kia::Fuzzy_dataset_KIA_Soul_train.csv::Kia::Fuzzy_dataset_KIA_Soul_train.csv::full_trace::9046,-1,0,Kia,Fuzzy_dataset_KIA_Soul_train.csv
71,strong_campaign,ben_04-w04,ben_04,Chevrolet::Malfunction_CHEVROLET_Spark_train.csv::Chevrolet::Malfunction_CHEVROLET_Spark_train.csv::seg_test::30,-1,0,Chevrolet,Malfunction_CHEVROLET_Spark_train.csv
71,strong_campaign,ben_04-w05,ben_04,Kia::Fuzzy_dataset_KIA_Soul_train.csv::Kia::Fuzzy_dataset_KIA_Soul_train.csv::full_trace::4417,-1,0,Kia,Fuzzy_dataset_KIA_Soul_train.csv
71,strong_campaign,ben_04-w06,ben_04,Hyundai::Fuzzy_HYUNDAI_Sonata_train.csv::Hyundai::Fuzzy_HYUNDAI_Sonata_train.csv::full_trace::715,-1,0,Hyundai,Fuzzy_HYUNDAI_Sonata_train.csv
71,strong_campaign,ben_04-w07,ben_04,Kia::Fuzzy_dataset_KIA_Soul_train.csv::Kia::Fuzzy_dataset_KIA_Soul_train.csv::full_trace::8934,-1,0,Kia,Fuzzy_dataset_KIA_Soul_train.csv
71,strong_campaign,ben_04-w08,ben_04,Hyundai::Attack_free_HY_Sonata_train.csv::Hyundai::Attack_free_HY_Sonata_train.csv::seg_test::748,-1,0,Hyundai,Attack_free_HY_Sonata_train.csv
71,strong_campaign,ben_04-w09,ben_04,Hyundai::Fuzzy_HYUNDAI_Sonata_train.csv::Hyundai::Fuzzy_HYUNDAI_Sonata_train.csv::full_trace::1216,-1,0,Hyundai,Fuzzy_HYUNDAI_Sonata_train.csv
71,strong_campaign,ben_05-w00,ben_05,Hyundai::Attack_free_HY_Sonata_train.csv::Hyundai::Attack_free_HY_Sonata_train.csv::seg_test::389,-1,0,Hyundai,Attack_free_HY_Sonata_train.csv
71,strong_campaign,ben_05-w01,ben_05,Hyundai::Attack_free_HY_Sonata_train.csv::Hyundai::Attack_free_HY_Sonata_train.csv::seg_test::650,-1,0,Hyundai,Attack_free_HY_Sonata_train.csv
71,strong_campaign,ben_05-w02,ben_05,Hyundai::Attack_free_HY_Sonata_train.csv::Hyundai::Attack_free_HY_Sonata_train.csv::seg_test::1006,-1,0,Hyundai,Attack_free_HY_Sonata_train.csv
71,strong_campaign,ben_05-w03,ben_05,Hyundai::Attack_free_HY_Sonata_train.csv::Hyundai::Attack_free_HY_Sonata_train.csv::seg_test::412,-1,0,Hyundai,Attack_free_HY_Sonata_train.csv
71,strong_campaign,ben_05-w04,ben_05,Kia::Attack_free_KIA_Soul_train.csv::Kia::Attack_free_KIA_Soul_train.csv::seg_test::982,-1,0,Kia,Attack_free_KIA_Soul_train.csv
71,strong_campaign,ben_05-w05,ben_05,Kia::Fuzzy_dataset_KIA_Soul_train.csv::Kia::Fuzzy_dataset_KIA_Soul_train.csv::full_trace::6746,-1,0,Kia,Fuzzy_dataset_KIA_Soul_train.csv
71,strong_campaign,ben_05-w06,ben_05,Chevrolet::Attack_free_CHEVROLET_Spark_train.csv::Chevrolet::Attack_free_CHEVROLET_Spark_train.csv::seg_test::256,-1,0,Chevrolet,Attack_free_CHEVROLET_Spark_train.csv
71,strong_campaign,ben_05-w07,ben_05,Kia::Fuzzy_dataset_KIA_Soul_train.csv::Kia::Fuzzy_dataset_KIA_Soul_train.csv::full_trace::8061,-1,0,Kia,Fuzzy_dataset_KIA_Soul_train.csv
71,strong_campaign,ben_05-w08,ben_05,Hyundai::Attack_free_HY_Sonata_train.csv::Hyundai::Attack_free_HY_Sonata_train.csv::seg_test::289,-1,0,Hyundai,Attack_free_HY_Sonata_train.csv
71,strong_campaign,ben_05-w09,ben_05,Kia::Fuzzy_dataset_KIA_Soul_train.csv::Kia::Fuzzy_dataset_KIA_Soul_train.csv::full_trace::7791,-1,0,Kia,Fuzzy_dataset_KIA_Soul_train.csv
71,strong_campaign,ben_06-w00,ben_06,Hyundai::Attack_free_HY_Sonata_train.csv::Hyundai::Attack_free_HY_Sonata_train.csv::seg_test::822,-1,0,Hyundai,Attack_free_HY_Sonata_train.csv
71,strong_campaign,ben_06-w01,ben_06,Kia::Fuzzy_dataset_KIA_Soul_train.csv::Kia::Fuzzy_dataset_KIA_Soul_train.csv::full_trace::1166,-1,0,Kia,Fuzzy_dataset_KIA_Soul_train.csv
71,strong_campaign,ben_06-w02,ben_06,Hyundai::Attack_free_HY_Sonata_train.csv::Hyundai::Attack_free_HY_Sonata_train.csv::seg_test::138,-1,0,Hyundai,Attack_free_HY_Sonata_train.csv
71,strong_campaign,ben_06-w03,ben_06,Kia::Fuzzy_dataset_KIA_Soul_train.csv::Kia::Fuzzy_dataset_KIA_Soul_train.csv::full_trace::1211,-1,0,Kia,Fuzzy_dataset_KIA_Soul_train.csv
71,strong_campaign,ben_06-w04,ben_06,Kia::Fuzzy_dataset_KIA_Soul_train.csv::Kia::Fuzzy_dataset_KIA_Soul_train.csv::full_trace::9173,-1,0,Kia,Fuzzy_dataset_KIA_Soul_train.csv
71,strong_campaign,ben_06-w05,ben_06,Kia::Attack_free_KIA_Soul_train.csv::Kia::Attack_free_KIA_Soul_train.csv::seg_test::1133,-1,0,Kia,Attack_free_KIA_Soul_train.csv
71,strong_campaign,ben_06-w06,ben_06,Hyundai::Attack_free_HY_Sonata_train.csv::Hyundai::Attack_free_HY_Sonata_train.csv::seg_test::1140,-1,0,Hyundai,Attack_free_HY_Sonata_train.csv
71,strong_campaign,ben_06-w07,ben_06,Kia::Fuzzy_dataset_KIA_Soul_train.csv::Kia::Fuzzy_dataset_KIA_Soul_train.csv::full_trace::1289,-1,0,Kia,Fuzzy_dataset_KIA_Soul_train.csv
71,strong_campaign,ben_06-w08,ben_06,Hyundai::Fuzzy_HYUNDAI_Sonata_train.csv::Hyundai::Fuzzy_HYUNDAI_Sonata_train.csv::full_trace::526,-1,0,Hyundai,Fuzzy_HYUNDAI_Sonata_train.csv
71,strong_campaign,ben_06-w09,ben_06,Hyundai::Attack_free_HY_Sonata_train.csv::Hyundai::Attack_free_HY_Sonata_train.csv::seg_test::161,-1,0,Hyundai,Attack_free_HY_Sonata_train.csv
71,strong_campaign,ben_07-w00,ben_07,Chevrolet::Attack_free_CHEVROLET_Spark_train.csv::Chevrolet::Attack_free_CHEVROLET_Spark_train.csv::seg_test::226,-1,0,Chevrolet,Attack_free_CHEVROLET_Spark_train.csv
71,strong_campaign,ben_07-w01,ben_07,Kia::Fuzzy_dataset_KIA_Soul_train.csv::Kia::Fuzzy_dataset_KIA_Soul_train.csv::full_trace::7925,-1,0,Kia,Fuzzy_dataset_KIA_Soul_train.csv
71,strong_campaign,ben_07-w02,ben_07,Kia::Fuzzy_dataset_KIA_Soul_train.csv::Kia::Fuzzy_dataset_KIA_Soul_train.csv::full_trace::2210,-1,0,Kia,Fuzzy_dataset_KIA_Soul_train.csv
71,strong_campaign,ben_07-w03,ben_07,Kia::Attack_free_KIA_Soul_train.csv::Kia::Attack_free_KIA_Soul_train.csv::seg_test::1353,-1,0,Kia,Attack_free_KIA_Soul_train.csv
71,strong_campaign,ben_07-w04,ben_07,Kia::Fuzzy_dataset_KIA_Soul_train.csv::Kia::Fuzzy_dataset_KIA_Soul_train.csv::full_trace::4705,-1,0,Kia,Fuzzy_dataset_KIA_Soul_train.csv
71,strong_campaign,ben_07-w05,ben_07,Kia::Fuzzy_dataset_KIA_Soul_train.csv::Kia::Fuzzy_dataset_KIA_Soul_train.csv::full_trace::230,-1,0,Kia,Fuzzy_dataset_KIA_Soul_train.csv
71,strong_campaign,ben_07-w06,ben_07,Kia::Fuzzy_dataset_KIA_Soul_train.csv::Kia::Fuzzy_dataset_KIA_Soul_train.csv::full_trace::8840,-1,0,Kia,Fuzzy_dataset_KIA_Soul_train.csv
71,strong_campaign,ben_07-w07,ben_07,Hyundai::Attack_free_HY_Sonata_train.csv::Hyundai::Attack_free_HY_Sonata_train.csv::seg_test::760,-1,0,Hyundai,Attack_free_HY_Sonata_train.csv
71,strong_campaign,ben_07-w08,ben_07,Kia::Fuzzy_dataset_KIA_Soul_train.csv::Kia::Fuzzy_dataset_KIA_Soul_train.csv::full_trace::150,-1,0,Kia,Fuzzy_dataset_KIA_Soul_train.csv
71,strong_campaign,ben_07-w09,ben_07,Kia::Attack_free_KIA_Soul_train.csv::Kia::Attack_free_KIA_Soul_train.csv::seg_test::124,-1,0,Kia,Attack_free_KIA_Soul_train.csv
71,strong_campaign,ben_08-w00,ben_08,Chevrolet::Attack_free_CHEVROLET_Spark_train.csv::Chevrolet::Attack_free_CHEVROLET_Spark_train.csv::seg_test::378,-1,0,Chevrolet,Attack_free_CHEVROLET_Spark_train.csv
71,strong_campaign,ben_08-w01,ben_08,Kia::Fuzzy_dataset_KIA_Soul_train.csv::Kia::Fuzzy_dataset_KIA_Soul_train.csv::full_trace::6820,-1,0,Kia,Fuzzy_dataset_KIA_Soul_train.csv
71,strong_campaign,ben_08-w02,ben_08,Kia::Attack_free_KIA_Soul_train.csv::Kia::Attack_free_KIA_Soul_train.csv::seg_test::1032,-1,0,Kia,Attack_free_KIA_Soul_train.csv
71,strong_campaign,ben_08-w03,ben_08,Kia::Fuzzy_dataset_KIA_Soul_train.csv::Kia::Fuzzy_dataset_KIA_Soul_train.csv::full_trace::2264,-1,0,Kia,Fuzzy_dataset_KIA_Soul_train.csv
71,strong_campaign,ben_08-w04,ben_08,Hyundai::Fuzzy_HYUNDAI_Sonata_train.csv::Hyundai::Fuzzy_HYUNDAI_Sonata_train.csv::full_trace::1689,-1,0,Hyundai,Fuzzy_HYUNDAI_Sonata_train.csv
71,strong_campaign,ben_08-w05,ben_08,Hyundai::Attack_free_HY_Sonata_train.csv::Hyundai::Attack_free_HY_Sonata_train.csv::seg_test::1275,-1,0,Hyundai,Attack_free_HY_Sonata_train.csv
71,strong_campaign,ben_08-w06,ben_08,Hyundai::Fuzzy_HYUNDAI_Sonata_train.csv::Hyundai::Fuzzy_HYUNDAI_Sonata_train.csv::full_trace::95,-1,0,Hyundai,Fuzzy_HYUNDAI_Sonata_train.csv
71,strong_campaign,ben_08-w07,ben_08,Hyundai::Fuzzy_HYUNDAI_Sonata_train.csv::Hyundai::Fuzzy_HYUNDAI_Sonata_train.csv::full_trace::453,-1,0,Hyundai,Fuzzy_HYUNDAI_Sonata_train.csv
71,strong_campaign,ben_08-w08,ben_08,Kia::Fuzzy_dataset_KIA_Soul_train.csv::Kia::Fuzzy_dataset_KIA_Soul_train.csv::full_trace::5512,-1,0,Kia,Fuzzy_dataset_KIA_Soul_train.csv
71,strong_campaign,ben_08-w09,ben_08,Kia::Attack_free_KIA_Soul_train.csv::Kia::Attack_free_KIA_Soul_train.csv::seg_test::97,-1,0,Kia,Attack_free_KIA_Soul_train.csv
71,strong_campaign,ben_09-w00,ben_09,Kia::Fuzzy_dataset_KIA_Soul_train.csv::Kia::Fuzzy_dataset_KIA_Soul_train.csv::full_trace::4392,-1,0,Kia,Fuzzy_dataset_KIA_Soul_train.csv
71,strong_campaign,ben_09-w01,ben_09,Hyundai::Fuzzy_HYUNDAI_Sonata_train.csv::Hyundai::Fuzzy_HYUNDAI_Sonata_train.csv::full_trace::5,-1,0,Hyundai,Fuzzy_HYUNDAI_Sonata_train.csv
71,strong_campaign,ben_09-w02,ben_09,Kia::Fuzzy_dataset_KIA_Soul_train.csv::Kia::Fuzzy_dataset_KIA_Soul_train.csv::full_trace::4679,-1,0,Kia,Fuzzy_dataset_KIA_Soul_train.csv
71,strong_campaign,ben_09-w03,ben_09,Kia::Attack_free_KIA_Soul_train.csv::Kia::Attack_free_KIA_Soul_train.csv::seg_test::225,-1,0,Kia,Attack_free_KIA_Soul_train.csv
71,strong_campaign,ben_09-w04,ben_09,Kia::Fuzzy_dataset_KIA_Soul_train.csv::Kia::Fuzzy_dataset_KIA_Soul_train.csv::full_trace::7042,-1,0,Kia,Fuzzy_dataset_KIA_Soul_train.csv
71,strong_campaign,ben_09-w05,ben_09,Kia::Fuzzy_dataset_KIA_Soul_train.csv::Kia::Fuzzy_dataset_KIA_Soul_train.csv::full_trace::1313,-1,0,Kia,Fuzzy_dataset_KIA_Soul_train.csv
71,strong_campaign,ben_09-w06,ben_09,Kia::Fuzzy_dataset_KIA_Soul_train.csv::Kia::Fuzzy_dataset_KIA_Soul_train.csv::full_trace::9095,-1,0,Kia,Fuzzy_dataset_KIA_Soul_train.csv
71,strong_campaign,ben_09-w07,ben_09,Kia::Fuzzy_dataset_KIA_Soul_train.csv::Kia::Fuzzy_dataset_KIA_Soul_train.csv::full_trace::2132,-1,0,Kia,Fuzzy_dataset_KIA_Soul_train.csv
71,strong_campaign,ben_09-w08,ben_09,Hyundai::Attack_free_HY_Sonata_train.csv::Hyundai::Attack_free_HY_Sonata_train.csv::seg_test::579,-1,0,Hyundai,Attack_free_HY_Sonata_train.csv
71,strong_campaign,ben_09-w09,ben_09,Kia::Attack_free_KIA_Soul_train.csv::Kia::Attack_free_KIA_Soul_train.csv::seg_test::827,-1,0,Kia,Attack_free_KIA_Soul_train.csv
71,strong_campaign,ben_10-w00,ben_10,Kia::Fuzzy_dataset_KIA_Soul_train.csv::Kia::Fuzzy_dataset_KIA_Soul_train.csv::full_trace::8996,-1,0,Kia,Fuzzy_dataset_KIA_Soul_train.csv
71,strong_campaign,ben_10-w01,ben_10,Kia::Fuzzy_dataset_KIA_Soul_train.csv::Kia::Fuzzy_dataset_KIA_Soul_train.csv::full_trace::4380,-1,0,Kia,Fuzzy_dataset_KIA_Soul_train.csv
71,strong_campaign,ben_10-w02,ben_10,Kia::Fuzzy_dataset_KIA_Soul_train.csv::Kia::Fuzzy_dataset_KIA_Soul_train.csv::full_trace::4613,-1,0,Kia,Fuzzy_dataset_KIA_Soul_train.csv
71,strong_campaign,ben_10-w03,ben_10,Kia::Attack_free_KIA_Soul_train.csv::Kia::Attack_free_KIA_Soul_train.csv::seg_test::403,-1,0,Kia,Attack_free_KIA_Soul_train.csv
71,strong_campaign,ben_10-w04,ben_10,Hyundai::Attack_free_HY_Sonata_train.csv::Hyundai::Attack_free_HY_Sonata_train.csv::seg_test::905,-1,0,Hyundai,Attack_free_HY_Sonata_train.csv
71,strong_campaign,ben_10-w05,ben_10,Chevrolet::Attack_free_CHEVROLET_Spark_train.csv::Chevrolet::Attack_free_CHEVROLET_Spark_train.csv::seg_test::257,-1,0,Chevrolet,Attack_free_CHEVROLET_Spark_train.csv
71,strong_campaign,ben_10-w06,ben_10,Kia::Fuzzy_dataset_KIA_Soul_train.csv::Kia::Fuzzy_dataset_KIA_Soul_train.csv::full_trace::6941,-1,0,Kia,Fuzzy_dataset_KIA_Soul_train.csv
71,strong_campaign,ben_10-w07,ben_10,Kia::Fuzzy_dataset_KIA_Soul_train.csv::Kia::Fuzzy_dataset_KIA_Soul_train.csv::full_trace::1374,-1,0,Kia,Fuzzy_dataset_KIA_Soul_train.csv
71,strong_campaign,ben_10-w08,ben_10,Hyundai::Fuzzy_HYUNDAI_Sonata_train.csv::Hyundai::Fuzzy_HYUNDAI_Sonata_train.csv::full_trace::1747,-1,0,Hyundai,Fuzzy_HYUNDAI_Sonata_train.csv
71,strong_campaign,ben_10-w09,ben_10,Kia::Fuzzy_dataset_KIA_Soul_train.csv::Kia::Fuzzy_dataset_KIA_Soul_train.csv::full_trace::4769,-1,0,Kia,Fuzzy_dataset_KIA_Soul_train.csv
71,strong_campaign,ben_11-w00,ben_11,Hyundai::Fuzzy_HYUNDAI_Sonata_train.csv::Hyundai::Fuzzy_HYUNDAI_Sonata_train.csv::full_trace::237,-1,0,Hyundai,Fuzzy_HYUNDAI_Sonata_train.csv
71,strong_campaign,ben_11-w01,ben_11,Kia::Fuzzy_dataset_KIA_Soul_train.csv::Kia::Fuzzy_dataset_KIA_Soul_train.csv::full_trace::5593,-1,0,Kia,Fuzzy_dataset_KIA_Soul_train.csv
71,strong_campaign,ben_11-w02,ben_11,Kia::Attack_free_KIA_Soul_train.csv::Kia::Attack_free_KIA_Soul_train.csv::seg_test::1110,-1,0,Kia,Attack_free_KIA_Soul_train.csv
71,strong_campaign,ben_11-w03,ben_11,Hyundai::Attack_free_HY_Sonata_train.csv::Hyundai::Attack_free_HY_Sonata_train.csv::seg_test::893,-1,0,Hyundai,Attack_free_HY_Sonata_train.csv
71,strong_campaign,ben_11-w04,ben_11,Hyundai::Attack_free_HY_Sonata_train.csv::Hyundai::Attack_free_HY_Sonata_train.csv::seg_test::569,-1,0,Hyundai,Attack_free_HY_Sonata_train.csv
71,strong_campaign,ben_11-w05,ben_11,Kia::Fuzzy_dataset_KIA_Soul_train.csv::Kia::Fuzzy_dataset_KIA_Soul_train.csv::full_trace::4368,-1,0,Kia,Fuzzy_dataset_KIA_Soul_train.csv
71,strong_campaign,ben_11-w06,ben_11,Kia::Fuzzy_dataset_KIA_Soul_train.csv::Kia::Fuzzy_dataset_KIA_Soul_train.csv::full_trace::8899,-1,0,Kia,Fuzzy_dataset_KIA_Soul_train.csv
71,strong_campaign,ben_11-w07,ben_11,Kia::Fuzzy_dataset_KIA_Soul_train.csv::Kia::Fuzzy_dataset_KIA_Soul_train.csv::full_trace::2471,-1,0,Kia,Fuzzy_dataset_KIA_Soul_train.csv
71,strong_campaign,ben_11-w08,ben_11,Kia::Fuzzy_dataset_KIA_Soul_train.csv::Kia::Fuzzy_dataset_KIA_Soul_train.csv::full_trace::3628,-1,0,Kia,Fuzzy_dataset_KIA_Soul_train.csv
71,strong_campaign,ben_11-w09,ben_11,Kia::Fuzzy_dataset_KIA_Soul_train.csv::Kia::Fuzzy_dataset_KIA_Soul_train.csv::full_trace::1017,-1,0,Kia,Fuzzy_dataset_KIA_Soul_train.csv
71,strong_campaign,ben_12-w00,ben_12,Kia::Attack_free_KIA_Soul_train.csv::Kia::Attack_free_KIA_Soul_train.csv::seg_test::688,-1,0,Kia,Attack_free_KIA_Soul_train.csv
71,strong_campaign,ben_12-w01,ben_12,Kia::Fuzzy_dataset_KIA_Soul_train.csv::Kia::Fuzzy_dataset_KIA_Soul_train.csv::full_trace::9105,-1,0,Kia,Fuzzy_dataset_KIA_Soul_train.csv
71,strong_campaign,ben_12-w02,ben_12,Hyundai::Attack_free_HY_Sonata_train.csv::Hyundai::Attack_free_HY_Sonata_train.csv::seg_test::1196,-1,0,Hyundai,Attack_free_HY_Sonata_train.csv
71,strong_campaign,ben_12-w03,ben_12,Kia::Fuzzy_dataset_KIA_Soul_train.csv::Kia::Fuzzy_dataset_KIA_Soul_train.csv::full_trace::1028,-1,0,Kia,Fuzzy_dataset_KIA_Soul_train.csv
71,strong_campaign,ben_12-w04,ben_12,Hyundai::Fuzzy_HYUNDAI_Sonata_train.csv::Hyundai::Fuzzy_HYUNDAI_Sonata_train.csv::full_trace::100,-1,0,Hyundai,Fuzzy_HYUNDAI_Sonata_train.csv
71,strong_campaign,ben_12-w05,ben_12,Hyundai::Attack_free_HY_Sonata_train.csv::Hyundai::Attack_free_HY_Sonata_train.csv::seg_test::1238,-1,0,Hyundai,Attack_free_HY_Sonata_train.csv
71,strong_campaign,ben_12-w06,ben_12,Hyundai::Attack_free_HY_Sonata_train.csv::Hyundai::Attack_free_HY_Sonata_train.csv::seg_test::983,-1,0,Hyundai,Attack_free_HY_Sonata_train.csv
71,strong_campaign,ben_12-w07,ben_12,Kia::Attack_free_KIA_Soul_train.csv::Kia::Attack_free_KIA_Soul_train.csv::seg_test::612,-1,0,Kia,Attack_free_KIA_Soul_train.csv
71,strong_campaign,ben_12-w08,ben_12,Kia::Fuzzy_dataset_KIA_Soul_train.csv::Kia::Fuzzy_dataset_KIA_Soul_train.csv::full_trace::5750,-1,0,Kia,Fuzzy_dataset_KIA_Soul_train.csv
71,strong_campaign,ben_12-w09,ben_12,Kia::Fuzzy_dataset_KIA_Soul_train.csv::Kia::Fuzzy_dataset_KIA_Soul_train.csv::full_trace::5672,-1,0,Kia,Fuzzy_dataset_KIA_Soul_train.csv
71,strong_campaign,ben_13-w00,ben_13,Hyundai::Attack_free_HY_Sonata_train.csv::Hyundai::Attack_free_HY_Sonata_train.csv::seg_test::1088,-1,0,Hyundai,Attack_free_HY_Sonata_train.csv
71,strong_campaign,ben_13-w01,ben_13,Chevrolet::Malfunction_CHEVROLET_Spark_train.csv::Chevrolet::Malfunction_CHEVROLET_Spark_train.csv::seg_test::23,-1,0,Chevrolet,Malfunction_CHEVROLET_Spark_train.csv
71,strong_campaign,ben_13-w02,ben_13,Kia::Fuzzy_dataset_KIA_Soul_train.csv::Kia::Fuzzy_dataset_KIA_Soul_train.csv::full_trace::1088,-1,0,Kia,Fuzzy_dataset_KIA_Soul_train.csv
71,strong_campaign,ben_13-w03,ben_13,Hyundai::Fuzzy_HYUNDAI_Sonata_train.csv::Hyundai::Fuzzy_HYUNDAI_Sonata_train.csv::full_trace::1632,-1,0,Hyundai,Fuzzy_HYUNDAI_Sonata_train.csv
71,strong_campaign,ben_13-w04,ben_13,Kia::Fuzzy_dataset_KIA_Soul_train.csv::Kia::Fuzzy_dataset_KIA_Soul_train.csv::full_trace::8986,-1,0,Kia,Fuzzy_dataset_KIA_Soul_train.csv
71,strong_campaign,ben_13-w05,ben_13,Kia::Attack_free_KIA_Soul_train.csv::Kia::Attack_free_KIA_Soul_train.csv::seg_test::339,-1,0,Kia,Attack_free_KIA_Soul_train.csv
71,strong_campaign,ben_13-w06,ben_13,Hyundai::Attack_free_HY_Sonata_train.csv::Hyundai::Attack_free_HY_Sonata_train.csv::seg_test::585,-1,0,Hyundai,Attack_free_HY_Sonata_train.csv
71,strong_campaign,ben_13-w07,ben_13,Kia::Fuzzy_dataset_KIA_Soul_train.csv::Kia::Fuzzy_dataset_KIA_Soul_train.csv::full_trace::6736,-1,0,Kia,Fuzzy_dataset_KIA_Soul_train.csv
71,strong_campaign,ben_13-w08,ben_13,Hyundai::Fuzzy_HYUNDAI_Sonata_train.csv::Hyundai::Fuzzy_HYUNDAI_Sonata_train.csv::full_trace::789,-1,0,Hyundai,Fuzzy_HYUNDAI_Sonata_train.csv
71,strong_campaign,ben_13-w09,ben_13,Hyundai::Fuzzy_HYUNDAI_Sonata_train.csv::Hyundai::Fuzzy_HYUNDAI_Sonata_train.csv::full_trace::251,-1,0,Hyundai,Fuzzy_HYUNDAI_Sonata_train.csv
71,strong_campaign,ben_14-w00,ben_14,Hyundai::Attack_free_HY_Sonata_train.csv::Hyundai::Attack_free_HY_Sonata_train.csv::seg_test::995,-1,0,Hyundai,Attack_free_HY_Sonata_train.csv
71,strong_campaign,ben_14-w01,ben_14,Kia::Fuzzy_dataset_KIA_Soul_train.csv::Kia::Fuzzy_dataset_KIA_Soul_train.csv::full_trace::7000,-1,0,Kia,Fuzzy_dataset_KIA_Soul_train.csv
71,strong_campaign,ben_14-w02,ben_14,Kia::Attack_free_KIA_Soul_train.csv::Kia::Attack_free_KIA_Soul_train.csv::seg_test::1262,-1,0,Kia,Attack_free_KIA_Soul_train.csv
71,strong_campaign,ben_14-w03,ben_14,Hyundai::Attack_free_HY_Sonata_train.csv::Hyundai::Attack_free_HY_Sonata_train.csv::seg_test::978,-1,0,Hyundai,Attack_free_HY_Sonata_train.csv
71,strong_campaign,ben_14-w04,ben_14,Kia::Fuzzy_dataset_KIA_Soul_train.csv::Kia::Fuzzy_dataset_KIA_Soul_train.csv::full_trace::26,-1,0,Kia,Fuzzy_dataset_KIA_Soul_train.csv
71,strong_campaign,ben_14-w05,ben_14,Kia::Attack_free_KIA_Soul_train.csv::Kia::Attack_free_KIA_Soul_train.csv::seg_test::215,-1,0,Kia,Attack_free_KIA_Soul_train.csv
71,strong_campaign,ben_14-w06,ben_14,Kia::Fuzzy_dataset_KIA_Soul_train.csv::Kia::Fuzzy_dataset_KIA_Soul_train.csv::full_trace::3348,-1,0,Kia,Fuzzy_dataset_KIA_Soul_train.csv
71,strong_campaign,ben_14-w07,ben_14,Kia::Attack_free_KIA_Soul_train.csv::Kia::Attack_free_KIA_Soul_train.csv::seg_test::731,-1,0,Kia,Attack_free_KIA_Soul_train.csv
71,strong_campaign,ben_14-w08,ben_14,Kia::Fuzzy_dataset_KIA_Soul_train.csv::Kia::Fuzzy_dataset_KIA_Soul_train.csv::full_trace::996,-1,0,Kia,Fuzzy_dataset_KIA_Soul_train.csv
71,strong_campaign,ben_14-w09,ben_14,Kia::Fuzzy_dataset_KIA_Soul_train.csv::Kia::Fuzzy_dataset_KIA_Soul_train.csv::full_trace::5584,-1,0,Kia,Fuzzy_dataset_KIA_Soul_train.csv
71,unrelated_incidents,ind_00-w00,ind_00,Kia::Fuzzy_dataset_KIA_Soul_train.csv::Kia::Fuzzy_dataset_KIA_Soul_train.csv::full_trace::8599,0,1,Kia,Fuzzy_dataset_KIA_Soul_train.csv
71,unrelated_incidents,ind_00-w01,ind_00,Kia::Fuzzy_dataset_KIA_Soul_train.csv::Kia::Fuzzy_dataset_KIA_Soul_train.csv::full_trace::3912,0,1,Kia,Fuzzy_dataset_KIA_Soul_train.csv
71,unrelated_incidents,ind_00-w02,ind_00,Kia::Fuzzy_dataset_KIA_Soul_train.csv::Kia::Fuzzy_dataset_KIA_Soul_train.csv::full_trace::4274,0,1,Kia,Fuzzy_dataset_KIA_Soul_train.csv
71,unrelated_incidents,ind_00-w03,ind_00,Kia::Fuzzy_dataset_KIA_Soul_train.csv::Kia::Fuzzy_dataset_KIA_Soul_train.csv::full_trace::1708,0,1,Kia,Fuzzy_dataset_KIA_Soul_train.csv
71,unrelated_incidents,ind_00-w04,ind_00,Kia::Fuzzy_dataset_KIA_Soul_train.csv::Kia::Fuzzy_dataset_KIA_Soul_train.csv::full_trace::4266,0,1,Kia,Fuzzy_dataset_KIA_Soul_train.csv
71,unrelated_incidents,ind_00-w05,ind_00,Kia::Fuzzy_dataset_KIA_Soul_train.csv::Kia::Fuzzy_dataset_KIA_Soul_train.csv::full_trace::1040,-1,0,Kia,Fuzzy_dataset_KIA_Soul_train.csv
71,unrelated_incidents,ind_00-w06,ind_00,Hyundai::Attack_free_HY_Sonata_train.csv::Hyundai::Attack_free_HY_Sonata_train.csv::seg_test::156,-1,0,Hyundai,Attack_free_HY_Sonata_train.csv
71,unrelated_incidents,ind_00-w07,ind_00,Kia::Fuzzy_dataset_KIA_Soul_train.csv::Kia::Fuzzy_dataset_KIA_Soul_train.csv::full_trace::8918,-1,0,Kia,Fuzzy_dataset_KIA_Soul_train.csv
71,unrelated_incidents,ind_00-w08,ind_00,Hyundai::Fuzzy_HYUNDAI_Sonata_train.csv::Hyundai::Fuzzy_HYUNDAI_Sonata_train.csv::full_trace::365,-1,0,Hyundai,Fuzzy_HYUNDAI_Sonata_train.csv
71,unrelated_incidents,ind_00-w09,ind_00,Hyundai::Attack_free_HY_Sonata_train.csv::Hyundai::Attack_free_HY_Sonata_train.csv::seg_test::371,-1,0,Hyundai,Attack_free_HY_Sonata_train.csv
71,unrelated_incidents,ind_01-w00,ind_01,Chevrolet::Flooding_CHEVROLET_Spark_train.csv::Chevrolet::Flooding_CHEVROLET_Spark_train.csv::seg_test::119,1,1,Chevrolet,Flooding_CHEVROLET_Spark_train.csv
71,unrelated_incidents,ind_01-w01,ind_01,Chevrolet::Flooding_CHEVROLET_Spark_train.csv::Chevrolet::Flooding_CHEVROLET_Spark_train.csv::seg_test::21,1,1,Chevrolet,Flooding_CHEVROLET_Spark_train.csv
71,unrelated_incidents,ind_01-w02,ind_01,Chevrolet::Flooding_CHEVROLET_Spark_train.csv::Chevrolet::Flooding_CHEVROLET_Spark_train.csv::seg_test::158,1,1,Chevrolet,Flooding_CHEVROLET_Spark_train.csv
71,unrelated_incidents,ind_01-w03,ind_01,Chevrolet::Flooding_CHEVROLET_Spark_train.csv::Chevrolet::Flooding_CHEVROLET_Spark_train.csv::seg_test::56,1,1,Chevrolet,Flooding_CHEVROLET_Spark_train.csv
71,unrelated_incidents,ind_01-w04,ind_01,Chevrolet::Flooding_CHEVROLET_Spark_train.csv::Chevrolet::Flooding_CHEVROLET_Spark_train.csv::seg_test::7,1,1,Chevrolet,Flooding_CHEVROLET_Spark_train.csv
71,unrelated_incidents,ind_01-w05,ind_01,Kia::Fuzzy_dataset_KIA_Soul_train.csv::Kia::Fuzzy_dataset_KIA_Soul_train.csv::full_trace::3601,-1,0,Kia,Fuzzy_dataset_KIA_Soul_train.csv
71,unrelated_incidents,ind_01-w06,ind_01,Kia::Attack_free_KIA_Soul_train.csv::Kia::Attack_free_KIA_Soul_train.csv::seg_test::892,-1,0,Kia,Attack_free_KIA_Soul_train.csv
71,unrelated_incidents,ind_01-w07,ind_01,Kia::Fuzzy_dataset_KIA_Soul_train.csv::Kia::Fuzzy_dataset_KIA_Soul_train.csv::full_trace::1133,-1,0,Kia,Fuzzy_dataset_KIA_Soul_train.csv
71,unrelated_incidents,ind_01-w08,ind_01,Kia::Fuzzy_dataset_KIA_Soul_train.csv::Kia::Fuzzy_dataset_KIA_Soul_train.csv::full_trace::9082,-1,0,Kia,Fuzzy_dataset_KIA_Soul_train.csv
71,unrelated_incidents,ind_01-w09,ind_01,Hyundai::Fuzzy_HYUNDAI_Sonata_train.csv::Hyundai::Fuzzy_HYUNDAI_Sonata_train.csv::full_trace::411,-1,0,Hyundai,Fuzzy_HYUNDAI_Sonata_train.csv
71,unrelated_incidents,ind_02-w00,ind_02,Kia::Fuzzy_dataset_KIA_Soul_train.csv::Kia::Fuzzy_dataset_KIA_Soul_train.csv::full_trace::8622,2,1,Kia,Fuzzy_dataset_KIA_Soul_train.csv
71,unrelated_incidents,ind_02-w01,ind_02,Hyundai::Fuzzy_HYUNDAI_Sonata_train.csv::Hyundai::Fuzzy_HYUNDAI_Sonata_train.csv::full_trace::832,2,1,Hyundai,Fuzzy_HYUNDAI_Sonata_train.csv
71,unrelated_incidents,ind_02-w02,ind_02,Kia::Fuzzy_dataset_KIA_Soul_train.csv::Kia::Fuzzy_dataset_KIA_Soul_train.csv::full_trace::700,2,1,Kia,Fuzzy_dataset_KIA_Soul_train.csv
71,unrelated_incidents,ind_02-w03,ind_02,Kia::Fuzzy_dataset_KIA_Soul_train.csv::Kia::Fuzzy_dataset_KIA_Soul_train.csv::full_trace::2687,2,1,Kia,Fuzzy_dataset_KIA_Soul_train.csv
71,unrelated_incidents,ind_02-w04,ind_02,Kia::Fuzzy_dataset_KIA_Soul_train.csv::Kia::Fuzzy_dataset_KIA_Soul_train.csv::full_trace::1873,2,1,Kia,Fuzzy_dataset_KIA_Soul_train.csv
71,unrelated_incidents,ind_02-w05,ind_02,Hyundai::Fuzzy_HYUNDAI_Sonata_train.csv::Hyundai::Fuzzy_HYUNDAI_Sonata_train.csv::full_trace::282,-1,0,Hyundai,Fuzzy_HYUNDAI_Sonata_train.csv
71,unrelated_incidents,ind_02-w06,ind_02,Chevrolet::Attack_free_CHEVROLET_Spark_train.csv::Chevrolet::Attack_free_CHEVROLET_Spark_train.csv::seg_test::322,-1,0,Chevrolet,Attack_free_CHEVROLET_Spark_train.csv
71,unrelated_incidents,ind_02-w07,ind_02,Hyundai::Fuzzy_HYUNDAI_Sonata_train.csv::Hyundai::Fuzzy_HYUNDAI_Sonata_train.csv::full_trace::720,-1,0,Hyundai,Fuzzy_HYUNDAI_Sonata_train.csv
71,unrelated_incidents,ind_02-w08,ind_02,Kia::Attack_free_KIA_Soul_train.csv::Kia::Attack_free_KIA_Soul_train.csv::seg_test::800,-1,0,Kia,Attack_free_KIA_Soul_train.csv
71,unrelated_incidents,ind_02-w09,ind_02,Kia::Fuzzy_dataset_KIA_Soul_train.csv::Kia::Fuzzy_dataset_KIA_Soul_train.csv::full_trace::4525,-1,0,Kia,Fuzzy_dataset_KIA_Soul_train.csv
71,unrelated_incidents,ind_03-w00,ind_03,Chevrolet::Flooding_CHEVROLET_Spark_train.csv::Chevrolet::Flooding_CHEVROLET_Spark_train.csv::seg_test::185,3,1,Chevrolet,Flooding_CHEVROLET_Spark_train.csv
71,unrelated_incidents,ind_03-w01,ind_03,Chevrolet::Flooding_CHEVROLET_Spark_train.csv::Chevrolet::Flooding_CHEVROLET_Spark_train.csv::seg_test::1,3,1,Chevrolet,Flooding_CHEVROLET_Spark_train.csv
71,unrelated_incidents,ind_03-w02,ind_03,Chevrolet::Flooding_CHEVROLET_Spark_train.csv::Chevrolet::Flooding_CHEVROLET_Spark_train.csv::seg_test::150,3,1,Chevrolet,Flooding_CHEVROLET_Spark_train.csv
71,unrelated_incidents,ind_03-w03,ind_03,Chevrolet::Flooding_CHEVROLET_Spark_train.csv::Chevrolet::Flooding_CHEVROLET_Spark_train.csv::seg_test::186,3,1,Chevrolet,Flooding_CHEVROLET_Spark_train.csv
71,unrelated_incidents,ind_03-w04,ind_03,Chevrolet::Flooding_CHEVROLET_Spark_train.csv::Chevrolet::Flooding_CHEVROLET_Spark_train.csv::seg_test::140,3,1,Chevrolet,Flooding_CHEVROLET_Spark_train.csv
71,unrelated_incidents,ind_03-w05,ind_03,Chevrolet::Attack_free_CHEVROLET_Spark_train.csv::Chevrolet::Attack_free_CHEVROLET_Spark_train.csv::seg_test::54,-1,0,Chevrolet,Attack_free_CHEVROLET_Spark_train.csv
71,unrelated_incidents,ind_03-w06,ind_03,Kia::Fuzzy_dataset_KIA_Soul_train.csv::Kia::Fuzzy_dataset_KIA_Soul_train.csv::full_trace::2298,-1,0,Kia,Fuzzy_dataset_KIA_Soul_train.csv
71,unrelated_incidents,ind_03-w07,ind_03,Kia::Fuzzy_dataset_KIA_Soul_train.csv::Kia::Fuzzy_dataset_KIA_Soul_train.csv::full_trace::1012,-1,0,Kia,Fuzzy_dataset_KIA_Soul_train.csv
71,unrelated_incidents,ind_03-w08,ind_03,Kia::Fuzzy_dataset_KIA_Soul_train.csv::Kia::Fuzzy_dataset_KIA_Soul_train.csv::full_trace::3330,-1,0,Kia,Fuzzy_dataset_KIA_Soul_train.csv
71,unrelated_incidents,ind_03-w09,ind_03,Hyundai::Fuzzy_HYUNDAI_Sonata_train.csv::Hyundai::Fuzzy_HYUNDAI_Sonata_train.csv::full_trace::184,-1,0,Hyundai,Fuzzy_HYUNDAI_Sonata_train.csv
71,unrelated_incidents,ind_04-w00,ind_04,Kia::Fuzzy_dataset_KIA_Soul_train.csv::Kia::Fuzzy_dataset_KIA_Soul_train.csv::full_trace::5170,4,1,Kia,Fuzzy_dataset_KIA_Soul_train.csv
71,unrelated_incidents,ind_04-w01,ind_04,Kia::Fuzzy_dataset_KIA_Soul_train.csv::Kia::Fuzzy_dataset_KIA_Soul_train.csv::full_trace::5222,4,1,Kia,Fuzzy_dataset_KIA_Soul_train.csv
71,unrelated_incidents,ind_04-w02,ind_04,Kia::Fuzzy_dataset_KIA_Soul_train.csv::Kia::Fuzzy_dataset_KIA_Soul_train.csv::full_trace::5079,4,1,Kia,Fuzzy_dataset_KIA_Soul_train.csv
71,unrelated_incidents,ind_04-w03,ind_04,Kia::Fuzzy_dataset_KIA_Soul_train.csv::Kia::Fuzzy_dataset_KIA_Soul_train.csv::full_trace::8584,4,1,Kia,Fuzzy_dataset_KIA_Soul_train.csv
71,unrelated_incidents,ind_04-w04,ind_04,Hyundai::Fuzzy_HYUNDAI_Sonata_train.csv::Hyundai::Fuzzy_HYUNDAI_Sonata_train.csv::full_trace::1517,4,1,Hyundai,Fuzzy_HYUNDAI_Sonata_train.csv
71,unrelated_incidents,ind_04-w05,ind_04,Kia::Attack_free_KIA_Soul_train.csv::Kia::Attack_free_KIA_Soul_train.csv::seg_test::168,-1,0,Kia,Attack_free_KIA_Soul_train.csv
71,unrelated_incidents,ind_04-w06,ind_04,Chevrolet::Attack_free_CHEVROLET_Spark_train.csv::Chevrolet::Attack_free_CHEVROLET_Spark_train.csv::seg_test::211,-1,0,Chevrolet,Attack_free_CHEVROLET_Spark_train.csv
71,unrelated_incidents,ind_04-w07,ind_04,Hyundai::Fuzzy_HYUNDAI_Sonata_train.csv::Hyundai::Fuzzy_HYUNDAI_Sonata_train.csv::full_trace::91,-1,0,Hyundai,Fuzzy_HYUNDAI_Sonata_train.csv
71,unrelated_incidents,ind_04-w08,ind_04,Kia::Fuzzy_dataset_KIA_Soul_train.csv::Kia::Fuzzy_dataset_KIA_Soul_train.csv::full_trace::6641,-1,0,Kia,Fuzzy_dataset_KIA_Soul_train.csv
71,unrelated_incidents,ind_04-w09,ind_04,Kia::Fuzzy_dataset_KIA_Soul_train.csv::Kia::Fuzzy_dataset_KIA_Soul_train.csv::full_trace::2488,-1,0,Kia,Fuzzy_dataset_KIA_Soul_train.csv
71,unrelated_incidents,ben_00-w00,ben_00,Kia::Attack_free_KIA_Soul_train.csv::Kia::Attack_free_KIA_Soul_train.csv::seg_test::702,-1,0,Kia,Attack_free_KIA_Soul_train.csv
71,unrelated_incidents,ben_00-w01,ben_00,Kia::Fuzzy_dataset_KIA_Soul_train.csv::Kia::Fuzzy_dataset_KIA_Soul_train.csv::full_trace::1339,-1,0,Kia,Fuzzy_dataset_KIA_Soul_train.csv
71,unrelated_incidents,ben_00-w02,ben_00,Hyundai::Fuzzy_HYUNDAI_Sonata_train.csv::Hyundai::Fuzzy_HYUNDAI_Sonata_train.csv::full_trace::493,-1,0,Hyundai,Fuzzy_HYUNDAI_Sonata_train.csv
71,unrelated_incidents,ben_00-w03,ben_00,Kia::Fuzzy_dataset_KIA_Soul_train.csv::Kia::Fuzzy_dataset_KIA_Soul_train.csv::full_trace::187,-1,0,Kia,Fuzzy_dataset_KIA_Soul_train.csv
71,unrelated_incidents,ben_00-w04,ben_00,Kia::Fuzzy_dataset_KIA_Soul_train.csv::Kia::Fuzzy_dataset_KIA_Soul_train.csv::full_trace::8811,-1,0,Kia,Fuzzy_dataset_KIA_Soul_train.csv
71,unrelated_incidents,ben_00-w05,ben_00,Hyundai::Attack_free_HY_Sonata_train.csv::Hyundai::Attack_free_HY_Sonata_train.csv::seg_test::1258,-1,0,Hyundai,Attack_free_HY_Sonata_train.csv
71,unrelated_incidents,ben_00-w06,ben_00,Hyundai::Attack_free_HY_Sonata_train.csv::Hyundai::Attack_free_HY_Sonata_train.csv::seg_test::348,-1,0,Hyundai,Attack_free_HY_Sonata_train.csv
71,unrelated_incidents,ben_00-w07,ben_00,Kia::Fuzzy_dataset_KIA_Soul_train.csv::Kia::Fuzzy_dataset_KIA_Soul_train.csv::full_trace::7928,-1,0,Kia,Fuzzy_dataset_KIA_Soul_train.csv
71,unrelated_incidents,ben_00-w08,ben_00,Chevrolet::Malfunction_CHEVROLET_Spark_train.csv::Chevrolet::Malfunction_CHEVROLET_Spark_train.csv::seg_test::119,-1,0,Chevrolet,Malfunction_CHEVROLET_Spark_train.csv
71,unrelated_incidents,ben_00-w09,ben_00,Chevrolet::Malfunction_CHEVROLET_Spark_train.csv::Chevrolet::Malfunction_CHEVROLET_Spark_train.csv::seg_test::3,-1,0,Chevrolet,Malfunction_CHEVROLET_Spark_train.csv
71,unrelated_incidents,ben_01-w00,ben_01,Hyundai::Fuzzy_HYUNDAI_Sonata_train.csv::Hyundai::Fuzzy_HYUNDAI_Sonata_train.csv::full_trace::655,-1,0,Hyundai,Fuzzy_HYUNDAI_Sonata_train.csv
71,unrelated_incidents,ben_01-w01,ben_01,Kia::Fuzzy_dataset_KIA_Soul_train.csv::Kia::Fuzzy_dataset_KIA_Soul_train.csv::full_trace::6665,-1,0,Kia,Fuzzy_dataset_KIA_Soul_train.csv
71,unrelated_incidents,ben_01-w02,ben_01,Hyundai::Fuzzy_HYUNDAI_Sonata_train.csv::Hyundai::Fuzzy_HYUNDAI_Sonata_train.csv::full_trace::1746,-1,0,Hyundai,Fuzzy_HYUNDAI_Sonata_train.csv
71,unrelated_incidents,ben_01-w03,ben_01,Hyundai::Attack_free_HY_Sonata_train.csv::Hyundai::Attack_free_HY_Sonata_train.csv::seg_test::522,-1,0,Hyundai,Attack_free_HY_Sonata_train.csv
71,unrelated_incidents,ben_01-w04,ben_01,Kia::Attack_free_KIA_Soul_train.csv::Kia::Attack_free_KIA_Soul_train.csv::seg_test::592,-1,0,Kia,Attack_free_KIA_Soul_train.csv
71,unrelated_incidents,ben_01-w05,ben_01,Kia::Fuzzy_dataset_KIA_Soul_train.csv::Kia::Fuzzy_dataset_KIA_Soul_train.csv::full_trace::4468,-1,0,Kia,Fuzzy_dataset_KIA_Soul_train.csv
71,unrelated_incidents,ben_01-w06,ben_01,Kia::Fuzzy_dataset_KIA_Soul_train.csv::Kia::Fuzzy_dataset_KIA_Soul_train.csv::full_trace::7807,-1,0,Kia,Fuzzy_dataset_KIA_Soul_train.csv
71,unrelated_incidents,ben_01-w07,ben_01,Kia::Fuzzy_dataset_KIA_Soul_train.csv::Kia::Fuzzy_dataset_KIA_Soul_train.csv::full_trace::7845,-1,0,Kia,Fuzzy_dataset_KIA_Soul_train.csv
71,unrelated_incidents,ben_01-w08,ben_01,Kia::Attack_free_KIA_Soul_train.csv::Kia::Attack_free_KIA_Soul_train.csv::seg_test::1412,-1,0,Kia,Attack_free_KIA_Soul_train.csv
71,unrelated_incidents,ben_01-w09,ben_01,Kia::Fuzzy_dataset_KIA_Soul_train.csv::Kia::Fuzzy_dataset_KIA_Soul_train.csv::full_trace::7967,-1,0,Kia,Fuzzy_dataset_KIA_Soul_train.csv
71,unrelated_incidents,ben_02-w00,ben_02,Kia::Attack_free_KIA_Soul_train.csv::Kia::Attack_free_KIA_Soul_train.csv::seg_test::553,-1,0,Kia,Attack_free_KIA_Soul_train.csv
71,unrelated_incidents,ben_02-w01,ben_02,Kia::Fuzzy_dataset_KIA_Soul_train.csv::Kia::Fuzzy_dataset_KIA_Soul_train.csv::full_trace::4575,-1,0,Kia,Fuzzy_dataset_KIA_Soul_train.csv
71,unrelated_incidents,ben_02-w02,ben_02,Hyundai::Attack_free_HY_Sonata_train.csv::Hyundai::Attack_free_HY_Sonata_train.csv::seg_test::89,-1,0,Hyundai,Attack_free_HY_Sonata_train.csv
71,unrelated_incidents,ben_02-w03,ben_02,Hyundai::Attack_free_HY_Sonata_train.csv::Hyundai::Attack_free_HY_Sonata_train.csv::seg_test::990,-1,0,Hyundai,Attack_free_HY_Sonata_train.csv
71,unrelated_incidents,ben_02-w04,ben_02,Hyundai::Fuzzy_HYUNDAI_Sonata_train.csv::Hyundai::Fuzzy_HYUNDAI_Sonata_train.csv::full_trace::1752,-1,0,Hyundai,Fuzzy_HYUNDAI_Sonata_train.csv
71,unrelated_incidents,ben_02-w05,ben_02,Kia::Fuzzy_dataset_KIA_Soul_train.csv::Kia::Fuzzy_dataset_KIA_Soul_train.csv::full_trace::3348,-1,0,Kia,Fuzzy_dataset_KIA_Soul_train.csv
71,unrelated_incidents,ben_02-w06,ben_02,Kia::Attack_free_KIA_Soul_train.csv::Kia::Attack_free_KIA_Soul_train.csv::seg_test::1386,-1,0,Kia,Attack_free_KIA_Soul_train.csv
71,unrelated_incidents,ben_02-w07,ben_02,Hyundai::Attack_free_HY_Sonata_train.csv::Hyundai::Attack_free_HY_Sonata_train.csv::seg_test::1224,-1,0,Hyundai,Attack_free_HY_Sonata_train.csv
71,unrelated_incidents,ben_02-w08,ben_02,Chevrolet::Malfunction_CHEVROLET_Spark_train.csv::Chevrolet::Malfunction_CHEVROLET_Spark_train.csv::seg_test::50,-1,0,Chevrolet,Malfunction_CHEVROLET_Spark_train.csv
71,unrelated_incidents,ben_02-w09,ben_02,Kia::Fuzzy_dataset_KIA_Soul_train.csv::Kia::Fuzzy_dataset_KIA_Soul_train.csv::full_trace::8087,-1,0,Kia,Fuzzy_dataset_KIA_Soul_train.csv
71,unrelated_incidents,ben_03-w00,ben_03,Hyundai::Fuzzy_HYUNDAI_Sonata_train.csv::Hyundai::Fuzzy_HYUNDAI_Sonata_train.csv::full_trace::1716,-1,0,Hyundai,Fuzzy_HYUNDAI_Sonata_train.csv
71,unrelated_incidents,ben_03-w01,ben_03,Hyundai::Attack_free_HY_Sonata_train.csv::Hyundai::Attack_free_HY_Sonata_train.csv::seg_test::747,-1,0,Hyundai,Attack_free_HY_Sonata_train.csv
71,unrelated_incidents,ben_03-w02,ben_03,Hyundai::Attack_free_HY_Sonata_train.csv::Hyundai::Attack_free_HY_Sonata_train.csv::seg_test::255,-1,0,Hyundai,Attack_free_HY_Sonata_train.csv
71,unrelated_incidents,ben_03-w03,ben_03,Kia::Fuzzy_dataset_KIA_Soul_train.csv::Kia::Fuzzy_dataset_KIA_Soul_train.csv::full_trace::2315,-1,0,Kia,Fuzzy_dataset_KIA_Soul_train.csv
71,unrelated_incidents,ben_03-w04,ben_03,Kia::Fuzzy_dataset_KIA_Soul_train.csv::Kia::Fuzzy_dataset_KIA_Soul_train.csv::full_trace::6992,-1,0,Kia,Fuzzy_dataset_KIA_Soul_train.csv
71,unrelated_incidents,ben_03-w05,ben_03,Hyundai::Fuzzy_HYUNDAI_Sonata_train.csv::Hyundai::Fuzzy_HYUNDAI_Sonata_train.csv::full_trace::226,-1,0,Hyundai,Fuzzy_HYUNDAI_Sonata_train.csv
71,unrelated_incidents,ben_03-w06,ben_03,Hyundai::Fuzzy_HYUNDAI_Sonata_train.csv::Hyundai::Fuzzy_HYUNDAI_Sonata_train.csv::full_trace::250,-1,0,Hyundai,Fuzzy_HYUNDAI_Sonata_train.csv
71,unrelated_incidents,ben_03-w07,ben_03,Kia::Attack_free_KIA_Soul_train.csv::Kia::Attack_free_KIA_Soul_train.csv::seg_test::1062,-1,0,Kia,Attack_free_KIA_Soul_train.csv
71,unrelated_incidents,ben_03-w08,ben_03,Hyundai::Fuzzy_HYUNDAI_Sonata_train.csv::Hyundai::Fuzzy_HYUNDAI_Sonata_train.csv::full_trace::1737,-1,0,Hyundai,Fuzzy_HYUNDAI_Sonata_train.csv
71,unrelated_incidents,ben_03-w09,ben_03,Kia::Attack_free_KIA_Soul_train.csv::Kia::Attack_free_KIA_Soul_train.csv::seg_test::750,-1,0,Kia,Attack_free_KIA_Soul_train.csv
71,unrelated_incidents,ben_04-w00,ben_04,Kia::Fuzzy_dataset_KIA_Soul_train.csv::Kia::Fuzzy_dataset_KIA_Soul_train.csv::full_trace::3618,-1,0,Kia,Fuzzy_dataset_KIA_Soul_train.csv
71,unrelated_incidents,ben_04-w01,ben_04,Hyundai::Fuzzy_HYUNDAI_Sonata_train.csv::Hyundai::Fuzzy_HYUNDAI_Sonata_train.csv::full_trace::657,-1,0,Hyundai,Fuzzy_HYUNDAI_Sonata_train.csv
71,unrelated_incidents,ben_04-w02,ben_04,Kia::Fuzzy_dataset_KIA_Soul_train.csv::Kia::Fuzzy_dataset_KIA_Soul_train.csv::full_trace::4655,-1,0,Kia,Fuzzy_dataset_KIA_Soul_train.csv
71,unrelated_incidents,ben_04-w03,ben_04,Kia::Fuzzy_dataset_KIA_Soul_train.csv::Kia::Fuzzy_dataset_KIA_Soul_train.csv::full_trace::9047,-1,0,Kia,Fuzzy_dataset_KIA_Soul_train.csv
71,unrelated_incidents,ben_04-w04,ben_04,Chevrolet::Malfunction_CHEVROLET_Spark_train.csv::Chevrolet::Malfunction_CHEVROLET_Spark_train.csv::seg_test::31,-1,0,Chevrolet,Malfunction_CHEVROLET_Spark_train.csv
71,unrelated_incidents,ben_04-w05,ben_04,Kia::Fuzzy_dataset_KIA_Soul_train.csv::Kia::Fuzzy_dataset_KIA_Soul_train.csv::full_trace::4419,-1,0,Kia,Fuzzy_dataset_KIA_Soul_train.csv
71,unrelated_incidents,ben_04-w06,ben_04,Hyundai::Fuzzy_HYUNDAI_Sonata_train.csv::Hyundai::Fuzzy_HYUNDAI_Sonata_train.csv::full_trace::714,-1,0,Hyundai,Fuzzy_HYUNDAI_Sonata_train.csv
71,unrelated_incidents,ben_04-w07,ben_04,Kia::Fuzzy_dataset_KIA_Soul_train.csv::Kia::Fuzzy_dataset_KIA_Soul_train.csv::full_trace::8936,-1,0,Kia,Fuzzy_dataset_KIA_Soul_train.csv
71,unrelated_incidents,ben_04-w08,ben_04,Hyundai::Attack_free_HY_Sonata_train.csv::Hyundai::Attack_free_HY_Sonata_train.csv::seg_test::746,-1,0,Hyundai,Attack_free_HY_Sonata_train.csv
71,unrelated_incidents,ben_04-w09,ben_04,Hyundai::Fuzzy_HYUNDAI_Sonata_train.csv::Hyundai::Fuzzy_HYUNDAI_Sonata_train.csv::full_trace::1215,-1,0,Hyundai,Fuzzy_HYUNDAI_Sonata_train.csv
71,unrelated_incidents,ben_05-w00,ben_05,Hyundai::Attack_free_HY_Sonata_train.csv::Hyundai::Attack_free_HY_Sonata_train.csv::seg_test::389,-1,0,Hyundai,Attack_free_HY_Sonata_train.csv
71,unrelated_incidents,ben_05-w01,ben_05,Hyundai::Attack_free_HY_Sonata_train.csv::Hyundai::Attack_free_HY_Sonata_train.csv::seg_test::648,-1,0,Hyundai,Attack_free_HY_Sonata_train.csv
71,unrelated_incidents,ben_05-w02,ben_05,Hyundai::Attack_free_HY_Sonata_train.csv::Hyundai::Attack_free_HY_Sonata_train.csv::seg_test::1004,-1,0,Hyundai,Attack_free_HY_Sonata_train.csv
71,unrelated_incidents,ben_05-w03,ben_05,Hyundai::Attack_free_HY_Sonata_train.csv::Hyundai::Attack_free_HY_Sonata_train.csv::seg_test::412,-1,0,Hyundai,Attack_free_HY_Sonata_train.csv
71,unrelated_incidents,ben_05-w04,ben_05,Kia::Attack_free_KIA_Soul_train.csv::Kia::Attack_free_KIA_Soul_train.csv::seg_test::981,-1,0,Kia,Attack_free_KIA_Soul_train.csv
71,unrelated_incidents,ben_05-w05,ben_05,Kia::Fuzzy_dataset_KIA_Soul_train.csv::Kia::Fuzzy_dataset_KIA_Soul_train.csv::full_trace::6748,-1,0,Kia,Fuzzy_dataset_KIA_Soul_train.csv
71,unrelated_incidents,ben_05-w06,ben_05,Chevrolet::Attack_free_CHEVROLET_Spark_train.csv::Chevrolet::Attack_free_CHEVROLET_Spark_train.csv::seg_test::258,-1,0,Chevrolet,Attack_free_CHEVROLET_Spark_train.csv
71,unrelated_incidents,ben_05-w07,ben_05,Kia::Fuzzy_dataset_KIA_Soul_train.csv::Kia::Fuzzy_dataset_KIA_Soul_train.csv::full_trace::8063,-1,0,Kia,Fuzzy_dataset_KIA_Soul_train.csv
71,unrelated_incidents,ben_05-w08,ben_05,Hyundai::Attack_free_HY_Sonata_train.csv::Hyundai::Attack_free_HY_Sonata_train.csv::seg_test::288,-1,0,Hyundai,Attack_free_HY_Sonata_train.csv
71,unrelated_incidents,ben_05-w09,ben_05,Kia::Fuzzy_dataset_KIA_Soul_train.csv::Kia::Fuzzy_dataset_KIA_Soul_train.csv::full_trace::7793,-1,0,Kia,Fuzzy_dataset_KIA_Soul_train.csv
71,unrelated_incidents,ben_06-w00,ben_06,Hyundai::Attack_free_HY_Sonata_train.csv::Hyundai::Attack_free_HY_Sonata_train.csv::seg_test::820,-1,0,Hyundai,Attack_free_HY_Sonata_train.csv
71,unrelated_incidents,ben_06-w01,ben_06,Kia::Fuzzy_dataset_KIA_Soul_train.csv::Kia::Fuzzy_dataset_KIA_Soul_train.csv::full_trace::1167,-1,0,Kia,Fuzzy_dataset_KIA_Soul_train.csv
71,unrelated_incidents,ben_06-w02,ben_06,Hyundai::Attack_free_HY_Sonata_train.csv::Hyundai::Attack_free_HY_Sonata_train.csv::seg_test::136,-1,0,Hyundai,Attack_free_HY_Sonata_train.csv
71,unrelated_incidents,ben_06-w03,ben_06,Kia::Fuzzy_dataset_KIA_Soul_train.csv::Kia::Fuzzy_dataset_KIA_Soul_train.csv::full_trace::1212,-1,0,Kia,Fuzzy_dataset_KIA_Soul_train.csv
71,unrelated_incidents,ben_06-w04,ben_06,Kia::Fuzzy_dataset_KIA_Soul_train.csv::Kia::Fuzzy_dataset_KIA_Soul_train.csv::full_trace::9175,-1,0,Kia,Fuzzy_dataset_KIA_Soul_train.csv
71,unrelated_incidents,ben_06-w05,ben_06,Kia::Attack_free_KIA_Soul_train.csv::Kia::Attack_free_KIA_Soul_train.csv::seg_test::1132,-1,0,Kia,Attack_free_KIA_Soul_train.csv
71,unrelated_incidents,ben_06-w06,ben_06,Hyundai::Attack_free_HY_Sonata_train.csv::Hyundai::Attack_free_HY_Sonata_train.csv::seg_test::1137,-1,0,Hyundai,Attack_free_HY_Sonata_train.csv
71,unrelated_incidents,ben_06-w07,ben_06,Kia::Fuzzy_dataset_KIA_Soul_train.csv::Kia::Fuzzy_dataset_KIA_Soul_train.csv::full_trace::1290,-1,0,Kia,Fuzzy_dataset_KIA_Soul_train.csv
71,unrelated_incidents,ben_06-w08,ben_06,Hyundai::Fuzzy_HYUNDAI_Sonata_train.csv::Hyundai::Fuzzy_HYUNDAI_Sonata_train.csv::full_trace::525,-1,0,Hyundai,Fuzzy_HYUNDAI_Sonata_train.csv
71,unrelated_incidents,ben_06-w09,ben_06,Hyundai::Attack_free_HY_Sonata_train.csv::Hyundai::Attack_free_HY_Sonata_train.csv::seg_test::160,-1,0,Hyundai,Attack_free_HY_Sonata_train.csv
71,unrelated_incidents,ben_07-w00,ben_07,Chevrolet::Attack_free_CHEVROLET_Spark_train.csv::Chevrolet::Attack_free_CHEVROLET_Spark_train.csv::seg_test::228,-1,0,Chevrolet,Attack_free_CHEVROLET_Spark_train.csv
71,unrelated_incidents,ben_07-w01,ben_07,Kia::Fuzzy_dataset_KIA_Soul_train.csv::Kia::Fuzzy_dataset_KIA_Soul_train.csv::full_trace::7927,-1,0,Kia,Fuzzy_dataset_KIA_Soul_train.csv
71,unrelated_incidents,ben_07-w02,ben_07,Kia::Fuzzy_dataset_KIA_Soul_train.csv::Kia::Fuzzy_dataset_KIA_Soul_train.csv::full_trace::2210,-1,0,Kia,Fuzzy_dataset_KIA_Soul_train.csv
71,unrelated_incidents,ben_07-w03,ben_07,Kia::Attack_free_KIA_Soul_train.csv::Kia::Attack_free_KIA_Soul_train.csv::seg_test::1351,-1,0,Kia,Attack_free_KIA_Soul_train.csv
71,unrelated_incidents,ben_07-w04,ben_07,Kia::Fuzzy_dataset_KIA_Soul_train.csv::Kia::Fuzzy_dataset_KIA_Soul_train.csv::full_trace::4707,-1,0,Kia,Fuzzy_dataset_KIA_Soul_train.csv
71,unrelated_incidents,ben_07-w05,ben_07,Kia::Fuzzy_dataset_KIA_Soul_train.csv::Kia::Fuzzy_dataset_KIA_Soul_train.csv::full_trace::228,-1,0,Kia,Fuzzy_dataset_KIA_Soul_train.csv
71,unrelated_incidents,ben_07-w06,ben_07,Kia::Fuzzy_dataset_KIA_Soul_train.csv::Kia::Fuzzy_dataset_KIA_Soul_train.csv::full_trace::8842,-1,0,Kia,Fuzzy_dataset_KIA_Soul_train.csv
71,unrelated_incidents,ben_07-w07,ben_07,Hyundai::Attack_free_HY_Sonata_train.csv::Hyundai::Attack_free_HY_Sonata_train.csv::seg_test::758,-1,0,Hyundai,Attack_free_HY_Sonata_train.csv
71,unrelated_incidents,ben_07-w08,ben_07,Kia::Fuzzy_dataset_KIA_Soul_train.csv::Kia::Fuzzy_dataset_KIA_Soul_train.csv::full_trace::148,-1,0,Kia,Fuzzy_dataset_KIA_Soul_train.csv
71,unrelated_incidents,ben_07-w09,ben_07,Kia::Attack_free_KIA_Soul_train.csv::Kia::Attack_free_KIA_Soul_train.csv::seg_test::122,-1,0,Kia,Attack_free_KIA_Soul_train.csv
71,unrelated_incidents,ben_08-w00,ben_08,Chevrolet::Attack_free_CHEVROLET_Spark_train.csv::Chevrolet::Attack_free_CHEVROLET_Spark_train.csv::seg_test::380,-1,0,Chevrolet,Attack_free_CHEVROLET_Spark_train.csv
71,unrelated_incidents,ben_08-w01,ben_08,Kia::Fuzzy_dataset_KIA_Soul_train.csv::Kia::Fuzzy_dataset_KIA_Soul_train.csv::full_trace::6822,-1,0,Kia,Fuzzy_dataset_KIA_Soul_train.csv
71,unrelated_incidents,ben_08-w02,ben_08,Kia::Attack_free_KIA_Soul_train.csv::Kia::Attack_free_KIA_Soul_train.csv::seg_test::1031,-1,0,Kia,Attack_free_KIA_Soul_train.csv
71,unrelated_incidents,ben_08-w03,ben_08,Kia::Fuzzy_dataset_KIA_Soul_train.csv::Kia::Fuzzy_dataset_KIA_Soul_train.csv::full_trace::2264,-1,0,Kia,Fuzzy_dataset_KIA_Soul_train.csv
71,unrelated_incidents,ben_08-w04,ben_08,Hyundai::Fuzzy_HYUNDAI_Sonata_train.csv::Hyundai::Fuzzy_HYUNDAI_Sonata_train.csv::full_trace::1687,-1,0,Hyundai,Fuzzy_HYUNDAI_Sonata_train.csv
71,unrelated_incidents,ben_08-w05,ben_08,Hyundai::Attack_free_HY_Sonata_train.csv::Hyundai::Attack_free_HY_Sonata_train.csv::seg_test::1272,-1,0,Hyundai,Attack_free_HY_Sonata_train.csv
71,unrelated_incidents,ben_08-w06,ben_08,Hyundai::Fuzzy_HYUNDAI_Sonata_train.csv::Hyundai::Fuzzy_HYUNDAI_Sonata_train.csv::full_trace::90,-1,0,Hyundai,Fuzzy_HYUNDAI_Sonata_train.csv
71,unrelated_incidents,ben_08-w07,ben_08,Hyundai::Fuzzy_HYUNDAI_Sonata_train.csv::Hyundai::Fuzzy_HYUNDAI_Sonata_train.csv::full_trace::452,-1,0,Hyundai,Fuzzy_HYUNDAI_Sonata_train.csv
71,unrelated_incidents,ben_08-w08,ben_08,Kia::Fuzzy_dataset_KIA_Soul_train.csv::Kia::Fuzzy_dataset_KIA_Soul_train.csv::full_trace::5514,-1,0,Kia,Fuzzy_dataset_KIA_Soul_train.csv
71,unrelated_incidents,ben_08-w09,ben_08,Kia::Attack_free_KIA_Soul_train.csv::Kia::Attack_free_KIA_Soul_train.csv::seg_test::95,-1,0,Kia,Attack_free_KIA_Soul_train.csv
71,unrelated_incidents,ben_09-w00,ben_09,Kia::Fuzzy_dataset_KIA_Soul_train.csv::Kia::Fuzzy_dataset_KIA_Soul_train.csv::full_trace::4395,-1,0,Kia,Fuzzy_dataset_KIA_Soul_train.csv
71,unrelated_incidents,ben_09-w01,ben_09,Hyundai::Fuzzy_HYUNDAI_Sonata_train.csv::Hyundai::Fuzzy_HYUNDAI_Sonata_train.csv::full_trace::2,-1,0,Hyundai,Fuzzy_HYUNDAI_Sonata_train.csv
71,unrelated_incidents,ben_09-w02,ben_09,Kia::Fuzzy_dataset_KIA_Soul_train.csv::Kia::Fuzzy_dataset_KIA_Soul_train.csv::full_trace::4681,-1,0,Kia,Fuzzy_dataset_KIA_Soul_train.csv
71,unrelated_incidents,ben_09-w03,ben_09,Kia::Attack_free_KIA_Soul_train.csv::Kia::Attack_free_KIA_Soul_train.csv::seg_test::224,-1,0,Kia,Attack_free_KIA_Soul_train.csv
71,unrelated_incidents,ben_09-w04,ben_09,Kia::Fuzzy_dataset_KIA_Soul_train.csv::Kia::Fuzzy_dataset_KIA_Soul_train.csv::full_trace::7044,-1,0,Kia,Fuzzy_dataset_KIA_Soul_train.csv
71,unrelated_incidents,ben_09-w05,ben_09,Kia::Fuzzy_dataset_KIA_Soul_train.csv::Kia::Fuzzy_dataset_KIA_Soul_train.csv::full_trace::1314,-1,0,Kia,Fuzzy_dataset_KIA_Soul_train.csv
71,unrelated_incidents,ben_09-w06,ben_09,Kia::Fuzzy_dataset_KIA_Soul_train.csv::Kia::Fuzzy_dataset_KIA_Soul_train.csv::full_trace::9097,-1,0,Kia,Fuzzy_dataset_KIA_Soul_train.csv
71,unrelated_incidents,ben_09-w07,ben_09,Kia::Fuzzy_dataset_KIA_Soul_train.csv::Kia::Fuzzy_dataset_KIA_Soul_train.csv::full_trace::2132,-1,0,Kia,Fuzzy_dataset_KIA_Soul_train.csv
71,unrelated_incidents,ben_09-w08,ben_09,Hyundai::Attack_free_HY_Sonata_train.csv::Hyundai::Attack_free_HY_Sonata_train.csv::seg_test::577,-1,0,Hyundai,Attack_free_HY_Sonata_train.csv
71,unrelated_incidents,ben_09-w09,ben_09,Kia::Attack_free_KIA_Soul_train.csv::Kia::Attack_free_KIA_Soul_train.csv::seg_test::827,-1,0,Kia,Attack_free_KIA_Soul_train.csv
71,unrelated_incidents,ben_10-w00,ben_10,Kia::Fuzzy_dataset_KIA_Soul_train.csv::Kia::Fuzzy_dataset_KIA_Soul_train.csv::full_trace::8998,-1,0,Kia,Fuzzy_dataset_KIA_Soul_train.csv
71,unrelated_incidents,ben_10-w01,ben_10,Kia::Fuzzy_dataset_KIA_Soul_train.csv::Kia::Fuzzy_dataset_KIA_Soul_train.csv::full_trace::4383,-1,0,Kia,Fuzzy_dataset_KIA_Soul_train.csv
71,unrelated_incidents,ben_10-w02,ben_10,Kia::Fuzzy_dataset_KIA_Soul_train.csv::Kia::Fuzzy_dataset_KIA_Soul_train.csv::full_trace::4615,-1,0,Kia,Fuzzy_dataset_KIA_Soul_train.csv
71,unrelated_incidents,ben_10-w03,ben_10,Kia::Attack_free_KIA_Soul_train.csv::Kia::Attack_free_KIA_Soul_train.csv::seg_test::402,-1,0,Kia,Attack_free_KIA_Soul_train.csv
71,unrelated_incidents,ben_10-w04,ben_10,Hyundai::Attack_free_HY_Sonata_train.csv::Hyundai::Attack_free_HY_Sonata_train.csv::seg_test::903,-1,0,Hyundai,Attack_free_HY_Sonata_train.csv
71,unrelated_incidents,ben_10-w05,ben_10,Chevrolet::Attack_free_CHEVROLET_Spark_train.csv::Chevrolet::Attack_free_CHEVROLET_Spark_train.csv::seg_test::259,-1,0,Chevrolet,Attack_free_CHEVROLET_Spark_train.csv
71,unrelated_incidents,ben_10-w06,ben_10,Kia::Fuzzy_dataset_KIA_Soul_train.csv::Kia::Fuzzy_dataset_KIA_Soul_train.csv::full_trace::6943,-1,0,Kia,Fuzzy_dataset_KIA_Soul_train.csv
71,unrelated_incidents,ben_10-w07,ben_10,Kia::Fuzzy_dataset_KIA_Soul_train.csv::Kia::Fuzzy_dataset_KIA_Soul_train.csv::full_trace::1374,-1,0,Kia,Fuzzy_dataset_KIA_Soul_train.csv
71,unrelated_incidents,ben_10-w08,ben_10,Hyundai::Fuzzy_HYUNDAI_Sonata_train.csv::Hyundai::Fuzzy_HYUNDAI_Sonata_train.csv::full_trace::1745,-1,0,Hyundai,Fuzzy_HYUNDAI_Sonata_train.csv
71,unrelated_incidents,ben_10-w09,ben_10,Kia::Fuzzy_dataset_KIA_Soul_train.csv::Kia::Fuzzy_dataset_KIA_Soul_train.csv::full_trace::4771,-1,0,Kia,Fuzzy_dataset_KIA_Soul_train.csv
71,unrelated_incidents,ben_11-w00,ben_11,Hyundai::Fuzzy_HYUNDAI_Sonata_train.csv::Hyundai::Fuzzy_HYUNDAI_Sonata_train.csv::full_trace::234,-1,0,Hyundai,Fuzzy_HYUNDAI_Sonata_train.csv
71,unrelated_incidents,ben_11-w01,ben_11,Kia::Fuzzy_dataset_KIA_Soul_train.csv::Kia::Fuzzy_dataset_KIA_Soul_train.csv::full_trace::5595,-1,0,Kia,Fuzzy_dataset_KIA_Soul_train.csv
71,unrelated_incidents,ben_11-w02,ben_11,Kia::Attack_free_KIA_Soul_train.csv::Kia::Attack_free_KIA_Soul_train.csv::seg_test::1109,-1,0,Kia,Attack_free_KIA_Soul_train.csv
71,unrelated_incidents,ben_11-w03,ben_11,Hyundai::Attack_free_HY_Sonata_train.csv::Hyundai::Attack_free_HY_Sonata_train.csv::seg_test::891,-1,0,Hyundai,Attack_free_HY_Sonata_train.csv
71,unrelated_incidents,ben_11-w04,ben_11,Hyundai::Attack_free_HY_Sonata_train.csv::Hyundai::Attack_free_HY_Sonata_train.csv::seg_test::567,-1,0,Hyundai,Attack_free_HY_Sonata_train.csv
71,unrelated_incidents,ben_11-w05,ben_11,Kia::Fuzzy_dataset_KIA_Soul_train.csv::Kia::Fuzzy_dataset_KIA_Soul_train.csv::full_trace::4371,-1,0,Kia,Fuzzy_dataset_KIA_Soul_train.csv
71,unrelated_incidents,ben_11-w06,ben_11,Kia::Fuzzy_dataset_KIA_Soul_train.csv::Kia::Fuzzy_dataset_KIA_Soul_train.csv::full_trace::8900,-1,0,Kia,Fuzzy_dataset_KIA_Soul_train.csv
71,unrelated_incidents,ben_11-w07,ben_11,Kia::Fuzzy_dataset_KIA_Soul_train.csv::Kia::Fuzzy_dataset_KIA_Soul_train.csv::full_trace::2472,-1,0,Kia,Fuzzy_dataset_KIA_Soul_train.csv
71,unrelated_incidents,ben_11-w08,ben_11,Kia::Fuzzy_dataset_KIA_Soul_train.csv::Kia::Fuzzy_dataset_KIA_Soul_train.csv::full_trace::3631,-1,0,Kia,Fuzzy_dataset_KIA_Soul_train.csv
71,unrelated_incidents,ben_11-w09,ben_11,Kia::Fuzzy_dataset_KIA_Soul_train.csv::Kia::Fuzzy_dataset_KIA_Soul_train.csv::full_trace::1016,-1,0,Kia,Fuzzy_dataset_KIA_Soul_train.csv
71,unrelated_incidents,ben_12-w00,ben_12,Kia::Attack_free_KIA_Soul_train.csv::Kia::Attack_free_KIA_Soul_train.csv::seg_test::687,-1,0,Kia,Attack_free_KIA_Soul_train.csv
71,unrelated_incidents,ben_12-w01,ben_12,Kia::Fuzzy_dataset_KIA_Soul_train.csv::Kia::Fuzzy_dataset_KIA_Soul_train.csv::full_trace::9107,-1,0,Kia,Fuzzy_dataset_KIA_Soul_train.csv
71,unrelated_incidents,ben_12-w02,ben_12,Hyundai::Attack_free_HY_Sonata_train.csv::Hyundai::Attack_free_HY_Sonata_train.csv::seg_test::1193,-1,0,Hyundai,Attack_free_HY_Sonata_train.csv
71,unrelated_incidents,ben_12-w03,ben_12,Kia::Fuzzy_dataset_KIA_Soul_train.csv::Kia::Fuzzy_dataset_KIA_Soul_train.csv::full_trace::1027,-1,0,Kia,Fuzzy_dataset_KIA_Soul_train.csv
71,unrelated_incidents,ben_12-w04,ben_12,Hyundai::Fuzzy_HYUNDAI_Sonata_train.csv::Hyundai::Fuzzy_HYUNDAI_Sonata_train.csv::full_trace::96,-1,0,Hyundai,Fuzzy_HYUNDAI_Sonata_train.csv
71,unrelated_incidents,ben_12-w05,ben_12,Hyundai::Attack_free_HY_Sonata_train.csv::Hyundai::Attack_free_HY_Sonata_train.csv::seg_test::1235,-1,0,Hyundai,Attack_free_HY_Sonata_train.csv
71,unrelated_incidents,ben_12-w06,ben_12,Hyundai::Attack_free_HY_Sonata_train.csv::Hyundai::Attack_free_HY_Sonata_train.csv::seg_test::981,-1,0,Hyundai,Attack_free_HY_Sonata_train.csv
71,unrelated_incidents,ben_12-w07,ben_12,Kia::Attack_free_KIA_Soul_train.csv::Kia::Attack_free_KIA_Soul_train.csv::seg_test::611,-1,0,Kia,Attack_free_KIA_Soul_train.csv
71,unrelated_incidents,ben_12-w08,ben_12,Kia::Fuzzy_dataset_KIA_Soul_train.csv::Kia::Fuzzy_dataset_KIA_Soul_train.csv::full_trace::5751,-1,0,Kia,Fuzzy_dataset_KIA_Soul_train.csv
71,unrelated_incidents,ben_12-w09,ben_12,Kia::Fuzzy_dataset_KIA_Soul_train.csv::Kia::Fuzzy_dataset_KIA_Soul_train.csv::full_trace::5673,-1,0,Kia,Fuzzy_dataset_KIA_Soul_train.csv
71,unrelated_incidents,ben_13-w00,ben_13,Hyundai::Attack_free_HY_Sonata_train.csv::Hyundai::Attack_free_HY_Sonata_train.csv::seg_test::1085,-1,0,Hyundai,Attack_free_HY_Sonata_train.csv
71,unrelated_incidents,ben_13-w01,ben_13,Chevrolet::Malfunction_CHEVROLET_Spark_train.csv::Chevrolet::Malfunction_CHEVROLET_Spark_train.csv::seg_test::24,-1,0,Chevrolet,Malfunction_CHEVROLET_Spark_train.csv
71,unrelated_incidents,ben_13-w02,ben_13,Kia::Fuzzy_dataset_KIA_Soul_train.csv::Kia::Fuzzy_dataset_KIA_Soul_train.csv::full_trace::1088,-1,0,Kia,Fuzzy_dataset_KIA_Soul_train.csv
71,unrelated_incidents,ben_13-w03,ben_13,Hyundai::Fuzzy_HYUNDAI_Sonata_train.csv::Hyundai::Fuzzy_HYUNDAI_Sonata_train.csv::full_trace::1630,-1,0,Hyundai,Fuzzy_HYUNDAI_Sonata_train.csv
71,unrelated_incidents,ben_13-w04,ben_13,Kia::Fuzzy_dataset_KIA_Soul_train.csv::Kia::Fuzzy_dataset_KIA_Soul_train.csv::full_trace::8988,-1,0,Kia,Fuzzy_dataset_KIA_Soul_train.csv
71,unrelated_incidents,ben_13-w05,ben_13,Kia::Attack_free_KIA_Soul_train.csv::Kia::Attack_free_KIA_Soul_train.csv::seg_test::338,-1,0,Kia,Attack_free_KIA_Soul_train.csv
71,unrelated_incidents,ben_13-w06,ben_13,Hyundai::Attack_free_HY_Sonata_train.csv::Hyundai::Attack_free_HY_Sonata_train.csv::seg_test::583,-1,0,Hyundai,Attack_free_HY_Sonata_train.csv
71,unrelated_incidents,ben_13-w07,ben_13,Kia::Fuzzy_dataset_KIA_Soul_train.csv::Kia::Fuzzy_dataset_KIA_Soul_train.csv::full_trace::6738,-1,0,Kia,Fuzzy_dataset_KIA_Soul_train.csv
71,unrelated_incidents,ben_13-w08,ben_13,Hyundai::Fuzzy_HYUNDAI_Sonata_train.csv::Hyundai::Fuzzy_HYUNDAI_Sonata_train.csv::full_trace::789,-1,0,Hyundai,Fuzzy_HYUNDAI_Sonata_train.csv
71,unrelated_incidents,ben_13-w09,ben_13,Hyundai::Fuzzy_HYUNDAI_Sonata_train.csv::Hyundai::Fuzzy_HYUNDAI_Sonata_train.csv::full_trace::248,-1,0,Hyundai,Fuzzy_HYUNDAI_Sonata_train.csv
71,unrelated_incidents,ben_14-w00,ben_14,Hyundai::Attack_free_HY_Sonata_train.csv::Hyundai::Attack_free_HY_Sonata_train.csv::seg_test::993,-1,0,Hyundai,Attack_free_HY_Sonata_train.csv
71,unrelated_incidents,ben_14-w01,ben_14,Kia::Fuzzy_dataset_KIA_Soul_train.csv::Kia::Fuzzy_dataset_KIA_Soul_train.csv::full_trace::7002,-1,0,Kia,Fuzzy_dataset_KIA_Soul_train.csv
71,unrelated_incidents,ben_14-w02,ben_14,Kia::Attack_free_KIA_Soul_train.csv::Kia::Attack_free_KIA_Soul_train.csv::seg_test::1260,-1,0,Kia,Attack_free_KIA_Soul_train.csv
71,unrelated_incidents,ben_14-w03,ben_14,Hyundai::Attack_free_HY_Sonata_train.csv::Hyundai::Attack_free_HY_Sonata_train.csv::seg_test::976,-1,0,Hyundai,Attack_free_HY_Sonata_train.csv
71,unrelated_incidents,ben_14-w04,ben_14,Kia::Fuzzy_dataset_KIA_Soul_train.csv::Kia::Fuzzy_dataset_KIA_Soul_train.csv::full_trace::24,-1,0,Kia,Fuzzy_dataset_KIA_Soul_train.csv
71,unrelated_incidents,ben_14-w05,ben_14,Kia::Attack_free_KIA_Soul_train.csv::Kia::Attack_free_KIA_Soul_train.csv::seg_test::214,-1,0,Kia,Attack_free_KIA_Soul_train.csv
71,unrelated_incidents,ben_14-w06,ben_14,Kia::Fuzzy_dataset_KIA_Soul_train.csv::Kia::Fuzzy_dataset_KIA_Soul_train.csv::full_trace::3350,-1,0,Kia,Fuzzy_dataset_KIA_Soul_train.csv
71,unrelated_incidents,ben_14-w07,ben_14,Kia::Attack_free_KIA_Soul_train.csv::Kia::Attack_free_KIA_Soul_train.csv::seg_test::730,-1,0,Kia,Attack_free_KIA_Soul_train.csv
71,unrelated_incidents,ben_14-w08,ben_14,Kia::Fuzzy_dataset_KIA_Soul_train.csv::Kia::Fuzzy_dataset_KIA_Soul_train.csv::full_trace::994,-1,0,Kia,Fuzzy_dataset_KIA_Soul_train.csv
71,unrelated_incidents,ben_14-w09,ben_14,Kia::Fuzzy_dataset_KIA_Soul_train.csv::Kia::Fuzzy_dataset_KIA_Soul_train.csv::full_trace::5586,-1,0,Kia,Fuzzy_dataset_KIA_Soul_train.csv
83,strong_campaign,atk_Hyundai_0-w00,atk_Hyundai_0,Hyundai::Fuzzy_HYUNDAI_Sonata_train.csv::Hyundai::Fuzzy_HYUNDAI_Sonata_train.csv::full_trace::974,0,1,Hyundai,Fuzzy_HYUNDAI_Sonata_train.csv
83,strong_campaign,atk_Hyundai_0-w01,atk_Hyundai_0,Hyundai::Fuzzy_HYUNDAI_Sonata_train.csv::Hyundai::Fuzzy_HYUNDAI_Sonata_train.csv::full_trace::1313,0,1,Hyundai,Fuzzy_HYUNDAI_Sonata_train.csv
83,strong_campaign,atk_Hyundai_0-w02,atk_Hyundai_0,Hyundai::Fuzzy_HYUNDAI_Sonata_train.csv::Hyundai::Fuzzy_HYUNDAI_Sonata_train.csv::full_trace::1417,0,1,Hyundai,Fuzzy_HYUNDAI_Sonata_train.csv
83,strong_campaign,atk_Hyundai_0-w03,atk_Hyundai_0,Hyundai::Fuzzy_HYUNDAI_Sonata_train.csv::Hyundai::Fuzzy_HYUNDAI_Sonata_train.csv::full_trace::980,0,1,Hyundai,Fuzzy_HYUNDAI_Sonata_train.csv
83,strong_campaign,atk_Hyundai_0-w04,atk_Hyundai_0,Hyundai::Fuzzy_HYUNDAI_Sonata_train.csv::Hyundai::Fuzzy_HYUNDAI_Sonata_train.csv::full_trace::833,0,1,Hyundai,Fuzzy_HYUNDAI_Sonata_train.csv
83,strong_campaign,atk_Hyundai_0-w05,atk_Hyundai_0,Hyundai::Attack_free_HY_Sonata_train.csv::Hyundai::Attack_free_HY_Sonata_train.csv::seg_test::117,0,0,Hyundai,Attack_free_HY_Sonata_train.csv
83,strong_campaign,atk_Hyundai_0-w06,atk_Hyundai_0,Hyundai::Fuzzy_HYUNDAI_Sonata_train.csv::Hyundai::Fuzzy_HYUNDAI_Sonata_train.csv::full_trace::1196,0,0,Hyundai,Fuzzy_HYUNDAI_Sonata_train.csv
83,strong_campaign,atk_Hyundai_0-w07,atk_Hyundai_0,Hyundai::Attack_free_HY_Sonata_train.csv::Hyundai::Attack_free_HY_Sonata_train.csv::seg_test::856,0,0,Hyundai,Attack_free_HY_Sonata_train.csv
83,strong_campaign,atk_Hyundai_0-w08,atk_Hyundai_0,Hyundai::Attack_free_HY_Sonata_train.csv::Hyundai::Attack_free_HY_Sonata_train.csv::seg_test::1160,0,0,Hyundai,Attack_free_HY_Sonata_train.csv
83,strong_campaign,atk_Hyundai_0-w09,atk_Hyundai_0,Hyundai::Attack_free_HY_Sonata_train.csv::Hyundai::Attack_free_HY_Sonata_train.csv::seg_test::618,0,0,Hyundai,Attack_free_HY_Sonata_train.csv
83,strong_campaign,atk_Hyundai_1-w00,atk_Hyundai_1,Hyundai::Fuzzy_HYUNDAI_Sonata_train.csv::Hyundai::Fuzzy_HYUNDAI_Sonata_train.csv::full_trace::1337,0,1,Hyundai,Fuzzy_HYUNDAI_Sonata_train.csv
83,strong_campaign,atk_Hyundai_1-w01,atk_Hyundai_1,Hyundai::Fuzzy_HYUNDAI_Sonata_train.csv::Hyundai::Fuzzy_HYUNDAI_Sonata_train.csv::full_trace::1462,0,1,Hyundai,Fuzzy_HYUNDAI_Sonata_train.csv
83,strong_campaign,atk_Hyundai_1-w02,atk_Hyundai_1,Hyundai::Fuzzy_HYUNDAI_Sonata_train.csv::Hyundai::Fuzzy_HYUNDAI_Sonata_train.csv::full_trace::1506,0,1,Hyundai,Fuzzy_HYUNDAI_Sonata_train.csv
83,strong_campaign,atk_Hyundai_1-w03,atk_Hyundai_1,Hyundai::Fuzzy_HYUNDAI_Sonata_train.csv::Hyundai::Fuzzy_HYUNDAI_Sonata_train.csv::full_trace::1281,0,1,Hyundai,Fuzzy_HYUNDAI_Sonata_train.csv
83,strong_campaign,atk_Hyundai_1-w04,atk_Hyundai_1,Hyundai::Fuzzy_HYUNDAI_Sonata_train.csv::Hyundai::Fuzzy_HYUNDAI_Sonata_train.csv::full_trace::895,0,1,Hyundai,Fuzzy_HYUNDAI_Sonata_train.csv
83,strong_campaign,atk_Hyundai_1-w05,atk_Hyundai_1,Hyundai::Fuzzy_HYUNDAI_Sonata_train.csv::Hyundai::Fuzzy_HYUNDAI_Sonata_train.csv::full_trace::507,0,0,Hyundai,Fuzzy_HYUNDAI_Sonata_train.csv
83,strong_campaign,atk_Hyundai_1-w06,atk_Hyundai_1,Hyundai::Attack_free_HY_Sonata_train.csv::Hyundai::Attack_free_HY_Sonata_train.csv::seg_test::367,0,0,Hyundai,Attack_free_HY_Sonata_train.csv
83,strong_campaign,atk_Hyundai_1-w07,atk_Hyundai_1,Hyundai::Attack_free_HY_Sonata_train.csv::Hyundai::Attack_free_HY_Sonata_train.csv::seg_test::997,0,0,Hyundai,Attack_free_HY_Sonata_train.csv
83,strong_campaign,atk_Hyundai_1-w08,atk_Hyundai_1,Hyundai::Fuzzy_HYUNDAI_Sonata_train.csv::Hyundai::Fuzzy_HYUNDAI_Sonata_train.csv::full_trace::36,0,0,Hyundai,Fuzzy_HYUNDAI_Sonata_train.csv
83,strong_campaign,atk_Hyundai_1-w09,atk_Hyundai_1,Hyundai::Attack_free_HY_Sonata_train.csv::Hyundai::Attack_free_HY_Sonata_train.csv::seg_test::1065,0,0,Hyundai,Attack_free_HY_Sonata_train.csv
83,strong_campaign,atk_Kia_2-w00,atk_Kia_2,Kia::Fuzzy_dataset_KIA_Soul_train.csv::Kia::Fuzzy_dataset_KIA_Soul_train.csv::full_trace::6483,0,1,Kia,Fuzzy_dataset_KIA_Soul_train.csv
83,strong_campaign,atk_Kia_2-w01,atk_Kia_2,Kia::Fuzzy_dataset_KIA_Soul_train.csv::Kia::Fuzzy_dataset_KIA_Soul_train.csv::full_trace::4122,0,1,Kia,Fuzzy_dataset_KIA_Soul_train.csv
83,strong_campaign,atk_Kia_2-w02,atk_Kia_2,Kia::Fuzzy_dataset_KIA_Soul_train.csv::Kia::Fuzzy_dataset_KIA_Soul_train.csv::full_trace::1969,0,1,Kia,Fuzzy_dataset_KIA_Soul_train.csv
83,strong_campaign,atk_Kia_2-w03,atk_Kia_2,Kia::Fuzzy_dataset_KIA_Soul_train.csv::Kia::Fuzzy_dataset_KIA_Soul_train.csv::full_trace::4977,0,1,Kia,Fuzzy_dataset_KIA_Soul_train.csv
83,strong_campaign,atk_Kia_2-w04,atk_Kia_2,Kia::Fuzzy_dataset_KIA_Soul_train.csv::Kia::Fuzzy_dataset_KIA_Soul_train.csv::full_trace::8553,0,1,Kia,Fuzzy_dataset_KIA_Soul_train.csv
83,strong_campaign,atk_Kia_2-w05,atk_Kia_2,Kia::Attack_free_KIA_Soul_train.csv::Kia::Attack_free_KIA_Soul_train.csv::seg_test::148,0,0,Kia,Attack_free_KIA_Soul_train.csv
83,strong_campaign,atk_Kia_2-w06,atk_Kia_2,Kia::Fuzzy_dataset_KIA_Soul_train.csv::Kia::Fuzzy_dataset_KIA_Soul_train.csv::full_trace::2156,0,0,Kia,Fuzzy_dataset_KIA_Soul_train.csv
83,strong_campaign,atk_Kia_2-w07,atk_Kia_2,Kia::Attack_free_KIA_Soul_train.csv::Kia::Attack_free_KIA_Soul_train.csv::seg_test::1306,0,0,Kia,Attack_free_KIA_Soul_train.csv
83,strong_campaign,atk_Kia_2-w08,atk_Kia_2,Kia::Fuzzy_dataset_KIA_Soul_train.csv::Kia::Fuzzy_dataset_KIA_Soul_train.csv::full_trace::4493,0,0,Kia,Fuzzy_dataset_KIA_Soul_train.csv
83,strong_campaign,atk_Kia_2-w09,atk_Kia_2,Kia::Fuzzy_dataset_KIA_Soul_train.csv::Kia::Fuzzy_dataset_KIA_Soul_train.csv::full_trace::2342,0,0,Kia,Fuzzy_dataset_KIA_Soul_train.csv
83,strong_campaign,atk_Kia_3-w00,atk_Kia_3,Kia::Fuzzy_dataset_KIA_Soul_train.csv::Kia::Fuzzy_dataset_KIA_Soul_train.csv::full_trace::5136,0,1,Kia,Fuzzy_dataset_KIA_Soul_train.csv
83,strong_campaign,atk_Kia_3-w01,atk_Kia_3,Kia::Fuzzy_dataset_KIA_Soul_train.csv::Kia::Fuzzy_dataset_KIA_Soul_train.csv::full_trace::6418,0,1,Kia,Fuzzy_dataset_KIA_Soul_train.csv
83,strong_campaign,atk_Kia_3-w02,atk_Kia_3,Kia::Fuzzy_dataset_KIA_Soul_train.csv::Kia::Fuzzy_dataset_KIA_Soul_train.csv::full_trace::2621,0,1,Kia,Fuzzy_dataset_KIA_Soul_train.csv
83,strong_campaign,atk_Kia_3-w03,atk_Kia_3,Kia::Fuzzy_dataset_KIA_Soul_train.csv::Kia::Fuzzy_dataset_KIA_Soul_train.csv::full_trace::4931,0,1,Kia,Fuzzy_dataset_KIA_Soul_train.csv
83,strong_campaign,atk_Kia_3-w04,atk_Kia_3,Kia::Fuzzy_dataset_KIA_Soul_train.csv::Kia::Fuzzy_dataset_KIA_Soul_train.csv::full_trace::6290,0,1,Kia,Fuzzy_dataset_KIA_Soul_train.csv
83,strong_campaign,atk_Kia_3-w05,atk_Kia_3,Kia::Fuzzy_dataset_KIA_Soul_train.csv::Kia::Fuzzy_dataset_KIA_Soul_train.csv::full_trace::5705,0,0,Kia,Fuzzy_dataset_KIA_Soul_train.csv
83,strong_campaign,atk_Kia_3-w06,atk_Kia_3,Kia::Fuzzy_dataset_KIA_Soul_train.csv::Kia::Fuzzy_dataset_KIA_Soul_train.csv::full_trace::6699,0,0,Kia,Fuzzy_dataset_KIA_Soul_train.csv
83,strong_campaign,atk_Kia_3-w07,atk_Kia_3,Kia::Fuzzy_dataset_KIA_Soul_train.csv::Kia::Fuzzy_dataset_KIA_Soul_train.csv::full_trace::6747,0,0,Kia,Fuzzy_dataset_KIA_Soul_train.csv
83,strong_campaign,atk_Kia_3-w08,atk_Kia_3,Kia::Attack_free_KIA_Soul_train.csv::Kia::Attack_free_KIA_Soul_train.csv::seg_test::692,0,0,Kia,Attack_free_KIA_Soul_train.csv
83,strong_campaign,atk_Kia_3-w09,atk_Kia_3,Kia::Fuzzy_dataset_KIA_Soul_train.csv::Kia::Fuzzy_dataset_KIA_Soul_train.csv::full_trace::2294,0,0,Kia,Fuzzy_dataset_KIA_Soul_train.csv
83,strong_campaign,atk_Chevrolet_4-w00,atk_Chevrolet_4,Chevrolet::Fuzzy_CHEVROLET_Spark_train.csv::Chevrolet::Fuzzy_CHEVROLET_Spark_train.csv::seg_test::55,0,1,Chevrolet,Fuzzy_CHEVROLET_Spark_train.csv
83,strong_campaign,atk_Chevrolet_4-w01,atk_Chevrolet_4,Chevrolet::Fuzzy_CHEVROLET_Spark_train.csv::Chevrolet::Fuzzy_CHEVROLET_Spark_train.csv::seg_test::5,0,1,Chevrolet,Fuzzy_CHEVROLET_Spark_train.csv
83,strong_campaign,atk_Chevrolet_4-w02,atk_Chevrolet_4,Chevrolet::Fuzzy_CHEVROLET_Spark_train.csv::Chevrolet::Fuzzy_CHEVROLET_Spark_train.csv::seg_test::79,0,1,Chevrolet,Fuzzy_CHEVROLET_Spark_train.csv
83,strong_campaign,atk_Chevrolet_4-w03,atk_Chevrolet_4,Chevrolet::Fuzzy_CHEVROLET_Spark_train.csv::Chevrolet::Fuzzy_CHEVROLET_Spark_train.csv::seg_test::81,0,1,Chevrolet,Fuzzy_CHEVROLET_Spark_train.csv
83,strong_campaign,atk_Chevrolet_4-w04,atk_Chevrolet_4,Chevrolet::Fuzzy_CHEVROLET_Spark_train.csv::Chevrolet::Fuzzy_CHEVROLET_Spark_train.csv::seg_test::107,0,1,Chevrolet,Fuzzy_CHEVROLET_Spark_train.csv
83,strong_campaign,atk_Chevrolet_4-w05,atk_Chevrolet_4,Chevrolet::Flooding_CHEVROLET_Spark_train.csv::Chevrolet::Flooding_CHEVROLET_Spark_train.csv::seg_test::232,0,0,Chevrolet,Flooding_CHEVROLET_Spark_train.csv
83,strong_campaign,atk_Chevrolet_4-w06,atk_Chevrolet_4,Chevrolet::Malfunction_CHEVROLET_Spark_train.csv::Chevrolet::Malfunction_CHEVROLET_Spark_train.csv::seg_test::57,0,0,Chevrolet,Malfunction_CHEVROLET_Spark_train.csv
83,strong_campaign,atk_Chevrolet_4-w07,atk_Chevrolet_4,Chevrolet::Attack_free_CHEVROLET_Spark_train.csv::Chevrolet::Attack_free_CHEVROLET_Spark_train.csv::seg_test::316,0,0,Chevrolet,Attack_free_CHEVROLET_Spark_train.csv
83,strong_campaign,atk_Chevrolet_4-w08,atk_Chevrolet_4,Chevrolet::Malfunction_CHEVROLET_Spark_train.csv::Chevrolet::Malfunction_CHEVROLET_Spark_train.csv::seg_test::111,0,0,Chevrolet,Malfunction_CHEVROLET_Spark_train.csv
83,strong_campaign,atk_Chevrolet_4-w09,atk_Chevrolet_4,Chevrolet::Malfunction_CHEVROLET_Spark_train.csv::Chevrolet::Malfunction_CHEVROLET_Spark_train.csv::seg_test::41,0,0,Chevrolet,Malfunction_CHEVROLET_Spark_train.csv
83,strong_campaign,ben_00-w00,ben_00,Hyundai::Fuzzy_HYUNDAI_Sonata_train.csv::Hyundai::Fuzzy_HYUNDAI_Sonata_train.csv::full_trace::1677,-1,0,Hyundai,Fuzzy_HYUNDAI_Sonata_train.csv
83,strong_campaign,ben_00-w01,ben_00,Hyundai::Attack_free_HY_Sonata_train.csv::Hyundai::Attack_free_HY_Sonata_train.csv::seg_test::895,-1,0,Hyundai,Attack_free_HY_Sonata_train.csv
83,strong_campaign,ben_00-w02,ben_00,Hyundai::Fuzzy_HYUNDAI_Sonata_train.csv::Hyundai::Fuzzy_HYUNDAI_Sonata_train.csv::full_trace::427,-1,0,Hyundai,Fuzzy_HYUNDAI_Sonata_train.csv
83,strong_campaign,ben_00-w03,ben_00,Kia::Fuzzy_dataset_KIA_Soul_train.csv::Kia::Fuzzy_dataset_KIA_Soul_train.csv::full_trace::8078,-1,0,Kia,Fuzzy_dataset_KIA_Soul_train.csv
83,strong_campaign,ben_00-w04,ben_00,Kia::Fuzzy_dataset_KIA_Soul_train.csv::Kia::Fuzzy_dataset_KIA_Soul_train.csv::full_trace::2273,-1,0,Kia,Fuzzy_dataset_KIA_Soul_train.csv
83,strong_campaign,ben_00-w05,ben_00,Kia::Attack_free_KIA_Soul_train.csv::Kia::Attack_free_KIA_Soul_train.csv::seg_test::1090,-1,0,Kia,Attack_free_KIA_Soul_train.csv
83,strong_campaign,ben_00-w06,ben_00,Kia::Fuzzy_dataset_KIA_Soul_train.csv::Kia::Fuzzy_dataset_KIA_Soul_train.csv::full_trace::8782,-1,0,Kia,Fuzzy_dataset_KIA_Soul_train.csv
83,strong_campaign,ben_00-w07,ben_00,Kia::Fuzzy_dataset_KIA_Soul_train.csv::Kia::Fuzzy_dataset_KIA_Soul_train.csv::full_trace::2435,-1,0,Kia,Fuzzy_dataset_KIA_Soul_train.csv
83,strong_campaign,ben_00-w08,ben_00,Hyundai::Fuzzy_HYUNDAI_Sonata_train.csv::Hyundai::Fuzzy_HYUNDAI_Sonata_train.csv::full_trace::655,-1,0,Hyundai,Fuzzy_HYUNDAI_Sonata_train.csv
83,strong_campaign,ben_00-w09,ben_00,Kia::Attack_free_KIA_Soul_train.csv::Kia::Attack_free_KIA_Soul_train.csv::seg_test::853,-1,0,Kia,Attack_free_KIA_Soul_train.csv
83,strong_campaign,ben_01-w00,ben_01,Kia::Attack_free_KIA_Soul_train.csv::Kia::Attack_free_KIA_Soul_train.csv::seg_test::293,-1,0,Kia,Attack_free_KIA_Soul_train.csv
83,strong_campaign,ben_01-w01,ben_01,Kia::Fuzzy_dataset_KIA_Soul_train.csv::Kia::Fuzzy_dataset_KIA_Soul_train.csv::full_trace::6805,-1,0,Kia,Fuzzy_dataset_KIA_Soul_train.csv
83,strong_campaign,ben_01-w02,ben_01,Kia::Attack_free_KIA_Soul_train.csv::Kia::Attack_free_KIA_Soul_train.csv::seg_test::408,-1,0,Kia,Attack_free_KIA_Soul_train.csv
83,strong_campaign,ben_01-w03,ben_01,Kia::Fuzzy_dataset_KIA_Soul_train.csv::Kia::Fuzzy_dataset_KIA_Soul_train.csv::full_trace::7793,-1,0,Kia,Fuzzy_dataset_KIA_Soul_train.csv
83,strong_campaign,ben_01-w04,ben_01,Kia::Attack_free_KIA_Soul_train.csv::Kia::Attack_free_KIA_Soul_train.csv::seg_test::1168,-1,0,Kia,Attack_free_KIA_Soul_train.csv
83,strong_campaign,ben_01-w05,ben_01,Chevrolet::Attack_free_CHEVROLET_Spark_train.csv::Chevrolet::Attack_free_CHEVROLET_Spark_train.csv::seg_test::215,-1,0,Chevrolet,Attack_free_CHEVROLET_Spark_train.csv
83,strong_campaign,ben_01-w06,ben_01,Kia::Fuzzy_dataset_KIA_Soul_train.csv::Kia::Fuzzy_dataset_KIA_Soul_train.csv::full_trace::2134,-1,0,Kia,Fuzzy_dataset_KIA_Soul_train.csv
83,strong_campaign,ben_01-w07,ben_01,Kia::Fuzzy_dataset_KIA_Soul_train.csv::Kia::Fuzzy_dataset_KIA_Soul_train.csv::full_trace::3554,-1,0,Kia,Fuzzy_dataset_KIA_Soul_train.csv
83,strong_campaign,ben_01-w08,ben_01,Kia::Fuzzy_dataset_KIA_Soul_train.csv::Kia::Fuzzy_dataset_KIA_Soul_train.csv::full_trace::7039,-1,0,Kia,Fuzzy_dataset_KIA_Soul_train.csv
83,strong_campaign,ben_01-w09,ben_01,Hyundai::Attack_free_HY_Sonata_train.csv::Hyundai::Attack_free_HY_Sonata_train.csv::seg_test::243,-1,0,Hyundai,Attack_free_HY_Sonata_train.csv
83,strong_campaign,ben_02-w00,ben_02,Kia::Attack_free_KIA_Soul_train.csv::Kia::Attack_free_KIA_Soul_train.csv::seg_test::535,-1,0,Kia,Attack_free_KIA_Soul_train.csv
83,strong_campaign,ben_02-w01,ben_02,Hyundai::Fuzzy_HYUNDAI_Sonata_train.csv::Hyundai::Fuzzy_HYUNDAI_Sonata_train.csv::full_trace::1228,-1,0,Hyundai,Fuzzy_HYUNDAI_Sonata_train.csv
83,strong_campaign,ben_02-w02,ben_02,Hyundai::Fuzzy_HYUNDAI_Sonata_train.csv::Hyundai::Fuzzy_HYUNDAI_Sonata_train.csv::full_trace::581,-1,0,Hyundai,Fuzzy_HYUNDAI_Sonata_train.csv
83,strong_campaign,ben_02-w03,ben_02,Hyundai::Attack_free_HY_Sonata_train.csv::Hyundai::Attack_free_HY_Sonata_train.csv::seg_test::284,-1,0,Hyundai,Attack_free_HY_Sonata_train.csv
83,strong_campaign,ben_02-w04,ben_02,Hyundai::Fuzzy_HYUNDAI_Sonata_train.csv::Hyundai::Fuzzy_HYUNDAI_Sonata_train.csv::full_trace::156,-1,0,Hyundai,Fuzzy_HYUNDAI_Sonata_train.csv
83,strong_campaign,ben_02-w05,ben_02,Kia::Fuzzy_dataset_KIA_Soul_train.csv::Kia::Fuzzy_dataset_KIA_Soul_train.csv::full_trace::3536,-1,0,Kia,Fuzzy_dataset_KIA_Soul_train.csv
83,strong_campaign,ben_02-w06,ben_02,Kia::Fuzzy_dataset_KIA_Soul_train.csv::Kia::Fuzzy_dataset_KIA_Soul_train.csv::full_trace::7901,-1,0,Kia,Fuzzy_dataset_KIA_Soul_train.csv
83,strong_campaign,ben_02-w07,ben_02,Chevrolet::Attack_free_CHEVROLET_Spark_train.csv::Chevrolet::Attack_free_CHEVROLET_Spark_train.csv::seg_test::119,-1,0,Chevrolet,Attack_free_CHEVROLET_Spark_train.csv
83,strong_campaign,ben_02-w08,ben_02,Kia::Attack_free_KIA_Soul_train.csv::Kia::Attack_free_KIA_Soul_train.csv::seg_test::1052,-1,0,Kia,Attack_free_KIA_Soul_train.csv
83,strong_campaign,ben_02-w09,ben_02,Chevrolet::Attack_free_CHEVROLET_Spark_train.csv::Chevrolet::Attack_free_CHEVROLET_Spark_train.csv::seg_test::98,-1,0,Chevrolet,Attack_free_CHEVROLET_Spark_train.csv
83,strong_campaign,ben_03-w00,ben_03,Hyundai::Fuzzy_HYUNDAI_Sonata_train.csv::Hyundai::Fuzzy_HYUNDAI_Sonata_train.csv::full_trace::413,-1,0,Hyundai,Fuzzy_HYUNDAI_Sonata_train.csv
83,strong_campaign,ben_03-w01,ben_03,Hyundai::Fuzzy_HYUNDAI_Sonata_train.csv::Hyundai::Fuzzy_HYUNDAI_Sonata_train.csv::full_trace::1098,-1,0,Hyundai,Fuzzy_HYUNDAI_Sonata_train.csv
83,strong_campaign,ben_03-w02,ben_03,Kia::Fuzzy_dataset_KIA_Soul_train.csv::Kia::Fuzzy_dataset_KIA_Soul_train.csv::full_trace::4557,-1,0,Kia,Fuzzy_dataset_KIA_Soul_train.csv
83,strong_campaign,ben_03-w03,ben_03,Kia::Attack_free_KIA_Soul_train.csv::Kia::Attack_free_KIA_Soul_train.csv::seg_test::14,-1,0,Kia,Attack_free_KIA_Soul_train.csv
83,strong_campaign,ben_03-w04,ben_03,Hyundai::Attack_free_HY_Sonata_train.csv::Hyundai::Attack_free_HY_Sonata_train.csv::seg_test::981,-1,0,Hyundai,Attack_free_HY_Sonata_train.csv
83,strong_campaign,ben_03-w05,ben_03,Chevrolet::Attack_free_CHEVROLET_Spark_train.csv::Chevrolet::Attack_free_CHEVROLET_Spark_train.csv::seg_test::183,-1,0,Chevrolet,Attack_free_CHEVROLET_Spark_train.csv
83,strong_campaign,ben_03-w06,ben_03,Hyundai::Attack_free_HY_Sonata_train.csv::Hyundai::Attack_free_HY_Sonata_train.csv::seg_test::0,-1,0,Hyundai,Attack_free_HY_Sonata_train.csv
83,strong_campaign,ben_03-w07,ben_03,Kia::Attack_free_KIA_Soul_train.csv::Kia::Attack_free_KIA_Soul_train.csv::seg_test::765,-1,0,Kia,Attack_free_KIA_Soul_train.csv
83,strong_campaign,ben_03-w08,ben_03,Hyundai::Attack_free_HY_Sonata_train.csv::Hyundai::Attack_free_HY_Sonata_train.csv::seg_test::738,-1,0,Hyundai,Attack_free_HY_Sonata_train.csv
83,strong_campaign,ben_03-w09,ben_03,Kia::Attack_free_KIA_Soul_train.csv::Kia::Attack_free_KIA_Soul_train.csv::seg_test::825,-1,0,Kia,Attack_free_KIA_Soul_train.csv
83,strong_campaign,ben_04-w00,ben_04,Kia::Attack_free_KIA_Soul_train.csv::Kia::Attack_free_KIA_Soul_train.csv::seg_test::791,-1,0,Kia,Attack_free_KIA_Soul_train.csv
83,strong_campaign,ben_04-w01,ben_04,Kia::Fuzzy_dataset_KIA_Soul_train.csv::Kia::Fuzzy_dataset_KIA_Soul_train.csv::full_trace::7791,-1,0,Kia,Fuzzy_dataset_KIA_Soul_train.csv
83,strong_campaign,ben_04-w02,ben_04,Kia::Fuzzy_dataset_KIA_Soul_train.csv::Kia::Fuzzy_dataset_KIA_Soul_train.csv::full_trace::1220,-1,0,Kia,Fuzzy_dataset_KIA_Soul_train.csv
83,strong_campaign,ben_04-w03,ben_04,Hyundai::Attack_free_HY_Sonata_train.csv::Hyundai::Attack_free_HY_Sonata_train.csv::seg_test::63,-1,0,Hyundai,Attack_free_HY_Sonata_train.csv
83,strong_campaign,ben_04-w04,ben_04,Kia::Fuzzy_dataset_KIA_Soul_train.csv::Kia::Fuzzy_dataset_KIA_Soul_train.csv::full_trace::1071,-1,0,Kia,Fuzzy_dataset_KIA_Soul_train.csv
83,strong_campaign,ben_04-w05,ben_04,Kia::Attack_free_KIA_Soul_train.csv::Kia::Attack_free_KIA_Soul_train.csv::seg_test::323,-1,0,Kia,Attack_free_KIA_Soul_train.csv
83,strong_campaign,ben_04-w06,ben_04,Hyundai::Attack_free_HY_Sonata_train.csv::Hyundai::Attack_free_HY_Sonata_train.csv::seg_test::548,-1,0,Hyundai,Attack_free_HY_Sonata_train.csv
83,strong_campaign,ben_04-w07,ben_04,Kia::Fuzzy_dataset_KIA_Soul_train.csv::Kia::Fuzzy_dataset_KIA_Soul_train.csv::full_trace::8928,-1,0,Kia,Fuzzy_dataset_KIA_Soul_train.csv
83,strong_campaign,ben_04-w08,ben_04,Hyundai::Fuzzy_HYUNDAI_Sonata_train.csv::Hyundai::Fuzzy_HYUNDAI_Sonata_train.csv::full_trace::377,-1,0,Hyundai,Fuzzy_HYUNDAI_Sonata_train.csv
83,strong_campaign,ben_04-w09,ben_04,Kia::Attack_free_KIA_Soul_train.csv::Kia::Attack_free_KIA_Soul_train.csv::seg_test::1229,-1,0,Kia,Attack_free_KIA_Soul_train.csv
83,strong_campaign,ben_05-w00,ben_05,Hyundai::Attack_free_HY_Sonata_train.csv::Hyundai::Attack_free_HY_Sonata_train.csv::seg_test::599,-1,0,Hyundai,Attack_free_HY_Sonata_train.csv
83,strong_campaign,ben_05-w01,ben_05,Kia::Attack_free_KIA_Soul_train.csv::Kia::Attack_free_KIA_Soul_train.csv::seg_test::821,-1,0,Kia,Attack_free_KIA_Soul_train.csv
83,strong_campaign,ben_05-w02,ben_05,Kia::Fuzzy_dataset_KIA_Soul_train.csv::Kia::Fuzzy_dataset_KIA_Soul_train.csv::full_trace::4564,-1,0,Kia,Fuzzy_dataset_KIA_Soul_train.csv
83,strong_campaign,ben_05-w03,ben_05,Kia::Attack_free_KIA_Soul_train.csv::Kia::Attack_free_KIA_Soul_train.csv::seg_test::987,-1,0,Kia,Attack_free_KIA_Soul_train.csv
83,strong_campaign,ben_05-w04,ben_05,Kia::Fuzzy_dataset_KIA_Soul_train.csv::Kia::Fuzzy_dataset_KIA_Soul_train.csv::full_trace::4657,-1,0,Kia,Fuzzy_dataset_KIA_Soul_train.csv
83,strong_campaign,ben_05-w05,ben_05,Chevrolet::Attack_free_CHEVROLET_Spark_train.csv::Chevrolet::Attack_free_CHEVROLET_Spark_train.csv::seg_test::155,-1,0,Chevrolet,Attack_free_CHEVROLET_Spark_train.csv
83,strong_campaign,ben_05-w06,ben_05,Kia::Attack_free_KIA_Soul_train.csv::Kia::Attack_free_KIA_Soul_train.csv::seg_test::1022,-1,0,Kia,Attack_free_KIA_Soul_train.csv
83,strong_campaign,ben_05-w07,ben_05,Chevrolet::Attack_free_CHEVROLET_Spark_train.csv::Chevrolet::Attack_free_CHEVROLET_Spark_train.csv::seg_test::375,-1,0,Chevrolet,Attack_free_CHEVROLET_Spark_train.csv
83,strong_campaign,ben_05-w08,ben_05,Kia::Fuzzy_dataset_KIA_Soul_train.csv::Kia::Fuzzy_dataset_KIA_Soul_train.csv::full_trace::3612,-1,0,Kia,Fuzzy_dataset_KIA_Soul_train.csv
83,strong_campaign,ben_05-w09,ben_05,Kia::Fuzzy_dataset_KIA_Soul_train.csv::Kia::Fuzzy_dataset_KIA_Soul_train.csv::full_trace::7876,-1,0,Kia,Fuzzy_dataset_KIA_Soul_train.csv
83,strong_campaign,ben_06-w00,ben_06,Hyundai::Attack_free_HY_Sonata_train.csv::Hyundai::Attack_free_HY_Sonata_train.csv::seg_test::437,-1,0,Hyundai,Attack_free_HY_Sonata_train.csv
83,strong_campaign,ben_06-w01,ben_06,Kia::Fuzzy_dataset_KIA_Soul_train.csv::Kia::Fuzzy_dataset_KIA_Soul_train.csv::full_trace::7809,-1,0,Kia,Fuzzy_dataset_KIA_Soul_train.csv
83,strong_campaign,ben_06-w02,ben_06,Kia::Fuzzy_dataset_KIA_Soul_train.csv::Kia::Fuzzy_dataset_KIA_Soul_train.csv::full_trace::8785,-1,0,Kia,Fuzzy_dataset_KIA_Soul_train.csv
83,strong_campaign,ben_06-w03,ben_06,Hyundai::Fuzzy_HYUNDAI_Sonata_train.csv::Hyundai::Fuzzy_HYUNDAI_Sonata_train.csv::full_trace::612,-1,0,Hyundai,Fuzzy_HYUNDAI_Sonata_train.csv
83,strong_campaign,ben_06-w04,ben_06,Kia::Attack_free_KIA_Soul_train.csv::Kia::Attack_free_KIA_Soul_train.csv::seg_test::1329,-1,0,Kia,Attack_free_KIA_Soul_train.csv
83,strong_campaign,ben_06-w05,ben_06,Kia::Fuzzy_dataset_KIA_Soul_train.csv::Kia::Fuzzy_dataset_KIA_Soul_train.csv::full_trace::8075,-1,0,Kia,Fuzzy_dataset_KIA_Soul_train.csv
83,strong_campaign,ben_06-w06,ben_06,Kia::Fuzzy_dataset_KIA_Soul_train.csv::Kia::Fuzzy_dataset_KIA_Soul_train.csv::full_trace::1094,-1,0,Kia,Fuzzy_dataset_KIA_Soul_train.csv
83,strong_campaign,ben_06-w07,ben_06,Kia::Attack_free_KIA_Soul_train.csv::Kia::Attack_free_KIA_Soul_train.csv::seg_test::270,-1,0,Kia,Attack_free_KIA_Soul_train.csv
83,strong_campaign,ben_06-w08,ben_06,Hyundai::Fuzzy_HYUNDAI_Sonata_train.csv::Hyundai::Fuzzy_HYUNDAI_Sonata_train.csv::full_trace::491,-1,0,Hyundai,Fuzzy_HYUNDAI_Sonata_train.csv
83,strong_campaign,ben_06-w09,ben_06,Kia::Fuzzy_dataset_KIA_Soul_train.csv::Kia::Fuzzy_dataset_KIA_Soul_train.csv::full_trace::8808,-1,0,Kia,Fuzzy_dataset_KIA_Soul_train.csv
83,strong_campaign,ben_07-w00,ben_07,Kia::Fuzzy_dataset_KIA_Soul_train.csv::Kia::Fuzzy_dataset_KIA_Soul_train.csv::full_trace::8793,-1,0,Kia,Fuzzy_dataset_KIA_Soul_train.csv
83,strong_campaign,ben_07-w01,ben_07,Hyundai::Fuzzy_HYUNDAI_Sonata_train.csv::Hyundai::Fuzzy_HYUNDAI_Sonata_train.csv::full_trace::266,-1,0,Hyundai,Fuzzy_HYUNDAI_Sonata_train.csv
83,strong_campaign,ben_07-w02,ben_07,Kia::Fuzzy_dataset_KIA_Soul_train.csv::Kia::Fuzzy_dataset_KIA_Soul_train.csv::full_trace::4644,-1,0,Kia,Fuzzy_dataset_KIA_Soul_train.csv
83,strong_campaign,ben_07-w03,ben_07,Kia::Fuzzy_dataset_KIA_Soul_train.csv::Kia::Fuzzy_dataset_KIA_Soul_train.csv::full_trace::6954,-1,0,Kia,Fuzzy_dataset_KIA_Soul_train.csv
83,strong_campaign,ben_07-w04,ben_07,Hyundai::Fuzzy_HYUNDAI_Sonata_train.csv::Hyundai::Fuzzy_HYUNDAI_Sonata_train.csv::full_trace::137,-1,0,Hyundai,Fuzzy_HYUNDAI_Sonata_train.csv
83,strong_campaign,ben_07-w05,ben_07,Kia::Attack_free_KIA_Soul_train.csv::Kia::Attack_free_KIA_Soul_train.csv::seg_test::567,-1,0,Kia,Attack_free_KIA_Soul_train.csv
83,strong_campaign,ben_07-w06,ben_07,Hyundai::Attack_free_HY_Sonata_train.csv::Hyundai::Attack_free_HY_Sonata_train.csv::seg_test::907,-1,0,Hyundai,Attack_free_HY_Sonata_train.csv
83,strong_campaign,ben_07-w07,ben_07,Kia::Fuzzy_dataset_KIA_Soul_train.csv::Kia::Fuzzy_dataset_KIA_Soul_train.csv::full_trace::4764,-1,0,Kia,Fuzzy_dataset_KIA_Soul_train.csv
83,strong_campaign,ben_07-w08,ben_07,Hyundai::Fuzzy_HYUNDAI_Sonata_train.csv::Hyundai::Fuzzy_HYUNDAI_Sonata_train.csv::full_trace::779,-1,0,Hyundai,Fuzzy_HYUNDAI_Sonata_train.csv
83,strong_campaign,ben_07-w09,ben_07,Kia::Fuzzy_dataset_KIA_Soul_train.csv::Kia::Fuzzy_dataset_KIA_Soul_train.csv::full_trace::3599,-1,0,Kia,Fuzzy_dataset_KIA_Soul_train.csv
83,strong_campaign,ben_08-w00,ben_08,Kia::Attack_free_KIA_Soul_train.csv::Kia::Attack_free_KIA_Soul_train.csv::seg_test::314,-1,0,Kia,Attack_free_KIA_Soul_train.csv
83,strong_campaign,ben_08-w01,ben_08,Kia::Fuzzy_dataset_KIA_Soul_train.csv::Kia::Fuzzy_dataset_KIA_Soul_train.csv::full_trace::6661,-1,0,Kia,Fuzzy_dataset_KIA_Soul_train.csv
83,strong_campaign,ben_08-w02,ben_08,Kia::Attack_free_KIA_Soul_train.csv::Kia::Attack_free_KIA_Soul_train.csv::seg_test::93,-1,0,Kia,Attack_free_KIA_Soul_train.csv
83,strong_campaign,ben_08-w03,ben_08,Kia::Fuzzy_dataset_KIA_Soul_train.csv::Kia::Fuzzy_dataset_KIA_Soul_train.csv::full_trace::3620,-1,0,Kia,Fuzzy_dataset_KIA_Soul_train.csv
83,strong_campaign,ben_08-w04,ben_08,Hyundai::Attack_free_HY_Sonata_train.csv::Hyundai::Attack_free_HY_Sonata_train.csv::seg_test::173,-1,0,Hyundai,Attack_free_HY_Sonata_train.csv
83,strong_campaign,ben_08-w05,ben_08,Hyundai::Fuzzy_HYUNDAI_Sonata_train.csv::Hyundai::Fuzzy_HYUNDAI_Sonata_train.csv::full_trace::1221,-1,0,Hyundai,Fuzzy_HYUNDAI_Sonata_train.csv
83,strong_campaign,ben_08-w06,ben_08,Kia::Attack_free_KIA_Soul_train.csv::Kia::Attack_free_KIA_Soul_train.csv::seg_test::1345,-1,0,Kia,Attack_free_KIA_Soul_train.csv
83,strong_campaign,ben_08-w07,ben_08,Kia::Fuzzy_dataset_KIA_Soul_train.csv::Kia::Fuzzy_dataset_KIA_Soul_train.csv::full_trace::6774,-1,0,Kia,Fuzzy_dataset_KIA_Soul_train.csv
83,strong_campaign,ben_08-w08,ben_08,Hyundai::Fuzzy_HYUNDAI_Sonata_train.csv::Hyundai::Fuzzy_HYUNDAI_Sonata_train.csv::full_trace::1219,-1,0,Hyundai,Fuzzy_HYUNDAI_Sonata_train.csv
83,strong_campaign,ben_08-w09,ben_08,Kia::Fuzzy_dataset_KIA_Soul_train.csv::Kia::Fuzzy_dataset_KIA_Soul_train.csv::full_trace::8970,-1,0,Kia,Fuzzy_dataset_KIA_Soul_train.csv
83,strong_campaign,ben_09-w00,ben_09,Kia::Attack_free_KIA_Soul_train.csv::Kia::Attack_free_KIA_Soul_train.csv::seg_test::1282,-1,0,Kia,Attack_free_KIA_Soul_train.csv
83,strong_campaign,ben_09-w01,ben_09,Kia::Fuzzy_dataset_KIA_Soul_train.csv::Kia::Fuzzy_dataset_KIA_Soul_train.csv::full_trace::3557,-1,0,Kia,Fuzzy_dataset_KIA_Soul_train.csv
83,strong_campaign,ben_09-w02,ben_09,Kia::Fuzzy_dataset_KIA_Soul_train.csv::Kia::Fuzzy_dataset_KIA_Soul_train.csv::full_trace::2123,-1,0,Kia,Fuzzy_dataset_KIA_Soul_train.csv
83,strong_campaign,ben_09-w03,ben_09,Kia::Attack_free_KIA_Soul_train.csv::Kia::Attack_free_KIA_Soul_train.csv::seg_test::363,-1,0,Kia,Attack_free_KIA_Soul_train.csv
83,strong_campaign,ben_09-w04,ben_09,Kia::Attack_free_KIA_Soul_train.csv::Kia::Attack_free_KIA_Soul_train.csv::seg_test::519,-1,0,Kia,Attack_free_KIA_Soul_train.csv
83,strong_campaign,ben_09-w05,ben_09,Kia::Fuzzy_dataset_KIA_Soul_train.csv::Kia::Fuzzy_dataset_KIA_Soul_train.csv::full_trace::66,-1,0,Kia,Fuzzy_dataset_KIA_Soul_train.csv
83,strong_campaign,ben_09-w06,ben_09,Kia::Attack_free_KIA_Soul_train.csv::Kia::Attack_free_KIA_Soul_train.csv::seg_test::468,-1,0,Kia,Attack_free_KIA_Soul_train.csv
83,strong_campaign,ben_09-w07,ben_09,Kia::Fuzzy_dataset_KIA_Soul_train.csv::Kia::Fuzzy_dataset_KIA_Soul_train.csv::full_trace::5566,-1,0,Kia,Fuzzy_dataset_KIA_Soul_train.csv
83,strong_campaign,ben_09-w08,ben_09,Kia::Fuzzy_dataset_KIA_Soul_train.csv::Kia::Fuzzy_dataset_KIA_Soul_train.csv::full_trace::8010,-1,0,Kia,Fuzzy_dataset_KIA_Soul_train.csv
83,strong_campaign,ben_09-w09,ben_09,Kia::Fuzzy_dataset_KIA_Soul_train.csv::Kia::Fuzzy_dataset_KIA_Soul_train.csv::full_trace::1148,-1,0,Kia,Fuzzy_dataset_KIA_Soul_train.csv
83,strong_campaign,ben_10-w00,ben_10,Hyundai::Attack_free_HY_Sonata_train.csv::Hyundai::Attack_free_HY_Sonata_train.csv::seg_test::788,-1,0,Hyundai,Attack_free_HY_Sonata_train.csv
83,strong_campaign,ben_10-w01,ben_10,Kia::Fuzzy_dataset_KIA_Soul_train.csv::Kia::Fuzzy_dataset_KIA_Soul_train.csv::full_trace::4372,-1,0,Kia,Fuzzy_dataset_KIA_Soul_train.csv
83,strong_campaign,ben_10-w02,ben_10,Kia::Fuzzy_dataset_KIA_Soul_train.csv::Kia::Fuzzy_dataset_KIA_Soul_train.csv::full_trace::2120,-1,0,Kia,Fuzzy_dataset_KIA_Soul_train.csv
83,strong_campaign,ben_10-w03,ben_10,Kia::Attack_free_KIA_Soul_train.csv::Kia::Attack_free_KIA_Soul_train.csv::seg_test::414,-1,0,Kia,Attack_free_KIA_Soul_train.csv
83,strong_campaign,ben_10-w04,ben_10,Chevrolet::Malfunction_CHEVROLET_Spark_train.csv::Chevrolet::Malfunction_CHEVROLET_Spark_train.csv::seg_test::145,-1,0,Chevrolet,Malfunction_CHEVROLET_Spark_train.csv
83,strong_campaign,ben_10-w05,ben_10,Kia::Fuzzy_dataset_KIA_Soul_train.csv::Kia::Fuzzy_dataset_KIA_Soul_train.csv::full_trace::5726,-1,0,Kia,Fuzzy_dataset_KIA_Soul_train.csv
83,strong_campaign,ben_10-w06,ben_10,Kia::Fuzzy_dataset_KIA_Soul_train.csv::Kia::Fuzzy_dataset_KIA_Soul_train.csv::full_trace::1330,-1,0,Kia,Fuzzy_dataset_KIA_Soul_train.csv
83,strong_campaign,ben_10-w07,ben_10,Kia::Attack_free_KIA_Soul_train.csv::Kia::Attack_free_KIA_Soul_train.csv::seg_test::1378,-1,0,Kia,Attack_free_KIA_Soul_train.csv
83,strong_campaign,ben_10-w08,ben_10,Hyundai::Fuzzy_HYUNDAI_Sonata_train.csv::Hyundai::Fuzzy_HYUNDAI_Sonata_train.csv::full_trace::1159,-1,0,Hyundai,Fuzzy_HYUNDAI_Sonata_train.csv
83,strong_campaign,ben_10-w09,ben_10,Chevrolet::Attack_free_CHEVROLET_Spark_train.csv::Chevrolet::Attack_free_CHEVROLET_Spark_train.csv::seg_test::379,-1,0,Chevrolet,Attack_free_CHEVROLET_Spark_train.csv
83,strong_campaign,ben_11-w00,ben_11,Kia::Fuzzy_dataset_KIA_Soul_train.csv::Kia::Fuzzy_dataset_KIA_Soul_train.csv::full_trace::3441,-1,0,Kia,Fuzzy_dataset_KIA_Soul_train.csv
83,strong_campaign,ben_11-w01,ben_11,Hyundai::Fuzzy_HYUNDAI_Sonata_train.csv::Hyundai::Fuzzy_HYUNDAI_Sonata_train.csv::full_trace::269,-1,0,Hyundai,Fuzzy_HYUNDAI_Sonata_train.csv
83,strong_campaign,ben_11-w02,ben_11,Kia::Fuzzy_dataset_KIA_Soul_train.csv::Kia::Fuzzy_dataset_KIA_Soul_train.csv::full_trace::3555,-1,0,Kia,Fuzzy_dataset_KIA_Soul_train.csv
83,strong_campaign,ben_11-w03,ben_11,Kia::Fuzzy_dataset_KIA_Soul_train.csv::Kia::Fuzzy_dataset_KIA_Soul_train.csv::full_trace::4619,-1,0,Kia,Fuzzy_dataset_KIA_Soul_train.csv
83,strong_campaign,ben_11-w04,ben_11,Hyundai::Fuzzy_HYUNDAI_Sonata_train.csv::Hyundai::Fuzzy_HYUNDAI_Sonata_train.csv::full_trace::803,-1,0,Hyundai,Fuzzy_HYUNDAI_Sonata_train.csv
83,strong_campaign,ben_11-w05,ben_11,Kia::Attack_free_KIA_Soul_train.csv::Kia::Attack_free_KIA_Soul_train.csv::seg_test::1020,-1,0,Kia,Attack_free_KIA_Soul_train.csv
83,strong_campaign,ben_11-w06,ben_11,Hyundai::Fuzzy_HYUNDAI_Sonata_train.csv::Hyundai::Fuzzy_HYUNDAI_Sonata_train.csv::full_trace::226,-1,0,Hyundai,Fuzzy_HYUNDAI_Sonata_train.csv
83,strong_campaign,ben_11-w07,ben_11,Kia::Fuzzy_dataset_KIA_Soul_train.csv::Kia::Fuzzy_dataset_KIA_Soul_train.csv::full_trace::3296,-1,0,Kia,Fuzzy_dataset_KIA_Soul_train.csv
83,strong_campaign,ben_11-w08,ben_11,Hyundai::Fuzzy_HYUNDAI_Sonata_train.csv::Hyundai::Fuzzy_HYUNDAI_Sonata_train.csv::full_trace::513,-1,0,Hyundai,Fuzzy_HYUNDAI_Sonata_train.csv
83,strong_campaign,ben_11-w09,ben_11,Kia::Fuzzy_dataset_KIA_Soul_train.csv::Kia::Fuzzy_dataset_KIA_Soul_train.csv::full_trace::6874,-1,0,Kia,Fuzzy_dataset_KIA_Soul_train.csv
83,strong_campaign,ben_12-w00,ben_12,Hyundai::Fuzzy_HYUNDAI_Sonata_train.csv::Hyundai::Fuzzy_HYUNDAI_Sonata_train.csv::full_trace::645,-1,0,Hyundai,Fuzzy_HYUNDAI_Sonata_train.csv
83,strong_campaign,ben_12-w01,ben_12,Kia::Fuzzy_dataset_KIA_Soul_train.csv::Kia::Fuzzy_dataset_KIA_Soul_train.csv::full_trace::9117,-1,0,Kia,Fuzzy_dataset_KIA_Soul_train.csv
83,strong_campaign,ben_12-w02,ben_12,Hyundai::Attack_free_HY_Sonata_train.csv::Hyundai::Attack_free_HY_Sonata_train.csv::seg_test::477,-1,0,Hyundai,Attack_free_HY_Sonata_train.csv
83,strong_campaign,ben_12-w03,ben_12,Hyundai::Attack_free_HY_Sonata_train.csv::Hyundai::Attack_free_HY_Sonata_train.csv::seg_test::177,-1,0,Hyundai,Attack_free_HY_Sonata_train.csv
83,strong_campaign,ben_12-w04,ben_12,Kia::Fuzzy_dataset_KIA_Soul_train.csv::Kia::Fuzzy_dataset_KIA_Soul_train.csv::full_trace::12,-1,0,Kia,Fuzzy_dataset_KIA_Soul_train.csv
83,strong_campaign,ben_12-w05,ben_12,Kia::Attack_free_KIA_Soul_train.csv::Kia::Attack_free_KIA_Soul_train.csv::seg_test::673,-1,0,Kia,Attack_free_KIA_Soul_train.csv
83,strong_campaign,ben_12-w06,ben_12,Kia::Fuzzy_dataset_KIA_Soul_train.csv::Kia::Fuzzy_dataset_KIA_Soul_train.csv::full_trace::9050,-1,0,Kia,Fuzzy_dataset_KIA_Soul_train.csv
83,strong_campaign,ben_12-w07,ben_12,Kia::Fuzzy_dataset_KIA_Soul_train.csv::Kia::Fuzzy_dataset_KIA_Soul_train.csv::full_trace::5774,-1,0,Kia,Fuzzy_dataset_KIA_Soul_train.csv
83,strong_campaign,ben_12-w08,ben_12,Hyundai::Attack_free_HY_Sonata_train.csv::Hyundai::Attack_free_HY_Sonata_train.csv::seg_test::268,-1,0,Hyundai,Attack_free_HY_Sonata_train.csv
83,strong_campaign,ben_12-w09,ben_12,Hyundai::Attack_free_HY_Sonata_train.csv::Hyundai::Attack_free_HY_Sonata_train.csv::seg_test::707,-1,0,Hyundai,Attack_free_HY_Sonata_train.csv
83,strong_campaign,ben_13-w00,ben_13,Hyundai::Fuzzy_HYUNDAI_Sonata_train.csv::Hyundai::Fuzzy_HYUNDAI_Sonata_train.csv::full_trace::1252,-1,0,Hyundai,Fuzzy_HYUNDAI_Sonata_train.csv
83,strong_campaign,ben_13-w01,ben_13,Kia::Fuzzy_dataset_KIA_Soul_train.csv::Kia::Fuzzy_dataset_KIA_Soul_train.csv::full_trace::1253,-1,0,Kia,Fuzzy_dataset_KIA_Soul_train.csv
83,strong_campaign,ben_13-w02,ben_13,Hyundai::Fuzzy_HYUNDAI_Sonata_train.csv::Hyundai::Fuzzy_HYUNDAI_Sonata_train.csv::full_trace::1578,-1,0,Hyundai,Fuzzy_HYUNDAI_Sonata_train.csv
83,strong_campaign,ben_13-w03,ben_13,Chevrolet::Malfunction_CHEVROLET_Spark_train.csv::Chevrolet::Malfunction_CHEVROLET_Spark_train.csv::seg_test::9,-1,0,Chevrolet,Malfunction_CHEVROLET_Spark_train.csv
83,strong_campaign,ben_13-w04,ben_13,Hyundai::Attack_free_HY_Sonata_train.csv::Hyundai::Attack_free_HY_Sonata_train.csv::seg_test::1123,-1,0,Hyundai,Attack_free_HY_Sonata_train.csv
83,strong_campaign,ben_13-w05,ben_13,Kia::Fuzzy_dataset_KIA_Soul_train.csv::Kia::Fuzzy_dataset_KIA_Soul_train.csv::full_trace::3254,-1,0,Kia,Fuzzy_dataset_KIA_Soul_train.csv
83,strong_campaign,ben_13-w06,ben_13,Kia::Attack_free_KIA_Soul_train.csv::Kia::Attack_free_KIA_Soul_train.csv::seg_test::878,-1,0,Kia,Attack_free_KIA_Soul_train.csv
83,strong_campaign,ben_13-w07,ben_13,Kia::Fuzzy_dataset_KIA_Soul_train.csv::Kia::Fuzzy_dataset_KIA_Soul_train.csv::full_trace::5647,-1,0,Kia,Fuzzy_dataset_KIA_Soul_train.csv
83,strong_campaign,ben_13-w08,ben_13,Kia::Fuzzy_dataset_KIA_Soul_train.csv::Kia::Fuzzy_dataset_KIA_Soul_train.csv::full_trace::1150,-1,0,Kia,Fuzzy_dataset_KIA_Soul_train.csv
83,strong_campaign,ben_13-w09,ben_13,Kia::Fuzzy_dataset_KIA_Soul_train.csv::Kia::Fuzzy_dataset_KIA_Soul_train.csv::full_trace::7925,-1,0,Kia,Fuzzy_dataset_KIA_Soul_train.csv
83,strong_campaign,ben_14-w00,ben_14,Chevrolet::Malfunction_CHEVROLET_Spark_train.csv::Chevrolet::Malfunction_CHEVROLET_Spark_train.csv::seg_test::7,-1,0,Chevrolet,Malfunction_CHEVROLET_Spark_train.csv
83,strong_campaign,ben_14-w01,ben_14,Kia::Attack_free_KIA_Soul_train.csv::Kia::Attack_free_KIA_Soul_train.csv::seg_test::298,-1,0,Kia,Attack_free_KIA_Soul_train.csv
83,strong_campaign,ben_14-w02,ben_14,Kia::Fuzzy_dataset_KIA_Soul_train.csv::Kia::Fuzzy_dataset_KIA_Soul_train.csv::full_trace::4523,-1,0,Kia,Fuzzy_dataset_KIA_Soul_train.csv
83,strong_campaign,ben_14-w03,ben_14,Chevrolet::Attack_free_CHEVROLET_Spark_train.csv::Chevrolet::Attack_free_CHEVROLET_Spark_train.csv::seg_test::388,-1,0,Chevrolet,Attack_free_CHEVROLET_Spark_train.csv
83,strong_campaign,ben_14-w04,ben_14,Hyundai::Attack_free_HY_Sonata_train.csv::Hyundai::Attack_free_HY_Sonata_train.csv::seg_test::36,-1,0,Hyundai,Attack_free_HY_Sonata_train.csv
83,strong_campaign,ben_14-w05,ben_14,Kia::Fuzzy_dataset_KIA_Soul_train.csv::Kia::Fuzzy_dataset_KIA_Soul_train.csv::full_trace::3258,-1,0,Kia,Fuzzy_dataset_KIA_Soul_train.csv
83,strong_campaign,ben_14-w06,ben_14,Hyundai::Attack_free_HY_Sonata_train.csv::Hyundai::Attack_free_HY_Sonata_train.csv::seg_test::1250,-1,0,Hyundai,Attack_free_HY_Sonata_train.csv
83,strong_campaign,ben_14-w07,ben_14,Kia::Attack_free_KIA_Soul_train.csv::Kia::Attack_free_KIA_Soul_train.csv::seg_test::806,-1,0,Kia,Attack_free_KIA_Soul_train.csv
83,strong_campaign,ben_14-w08,ben_14,Hyundai::Attack_free_HY_Sonata_train.csv::Hyundai::Attack_free_HY_Sonata_train.csv::seg_test::696,-1,0,Hyundai,Attack_free_HY_Sonata_train.csv
83,strong_campaign,ben_14-w09,ben_14,Hyundai::Attack_free_HY_Sonata_train.csv::Hyundai::Attack_free_HY_Sonata_train.csv::seg_test::336,-1,0,Hyundai,Attack_free_HY_Sonata_train.csv
83,unrelated_incidents,ind_00-w00,ind_00,Kia::Fuzzy_dataset_KIA_Soul_train.csv::Kia::Fuzzy_dataset_KIA_Soul_train.csv::full_trace::2020,0,1,Kia,Fuzzy_dataset_KIA_Soul_train.csv
83,unrelated_incidents,ind_00-w01,ind_00,Kia::Fuzzy_dataset_KIA_Soul_train.csv::Kia::Fuzzy_dataset_KIA_Soul_train.csv::full_trace::4836,0,1,Kia,Fuzzy_dataset_KIA_Soul_train.csv
83,unrelated_incidents,ind_00-w02,ind_00,Kia::Fuzzy_dataset_KIA_Soul_train.csv::Kia::Fuzzy_dataset_KIA_Soul_train.csv::full_trace::6469,0,1,Kia,Fuzzy_dataset_KIA_Soul_train.csv
83,unrelated_incidents,ind_00-w03,ind_00,Kia::Fuzzy_dataset_KIA_Soul_train.csv::Kia::Fuzzy_dataset_KIA_Soul_train.csv::full_trace::2521,0,1,Kia,Fuzzy_dataset_KIA_Soul_train.csv
83,unrelated_incidents,ind_00-w04,ind_00,Hyundai::Fuzzy_HYUNDAI_Sonata_train.csv::Hyundai::Fuzzy_HYUNDAI_Sonata_train.csv::full_trace::1293,0,1,Hyundai,Fuzzy_HYUNDAI_Sonata_train.csv
83,unrelated_incidents,ind_00-w05,ind_00,Hyundai::Attack_free_HY_Sonata_train.csv::Hyundai::Attack_free_HY_Sonata_train.csv::seg_test::379,-1,0,Hyundai,Attack_free_HY_Sonata_train.csv
83,unrelated_incidents,ind_00-w06,ind_00,Kia::Fuzzy_dataset_KIA_Soul_train.csv::Kia::Fuzzy_dataset_KIA_Soul_train.csv::full_trace::8901,-1,0,Kia,Fuzzy_dataset_KIA_Soul_train.csv
83,unrelated_incidents,ind_00-w07,ind_00,Kia::Attack_free_KIA_Soul_train.csv::Kia::Attack_free_KIA_Soul_train.csv::seg_test::276,-1,0,Kia,Attack_free_KIA_Soul_train.csv
83,unrelated_incidents,ind_00-w08,ind_00,Kia::Attack_free_KIA_Soul_train.csv::Kia::Attack_free_KIA_Soul_train.csv::seg_test::1263,-1,0,Kia,Attack_free_KIA_Soul_train.csv
83,unrelated_incidents,ind_00-w09,ind_00,Hyundai::Fuzzy_HYUNDAI_Sonata_train.csv::Hyundai::Fuzzy_HYUNDAI_Sonata_train.csv::full_trace::717,-1,0,Hyundai,Fuzzy_HYUNDAI_Sonata_train.csv
83,unrelated_incidents,ind_01-w00,ind_01,Chevrolet::Flooding_CHEVROLET_Spark_train.csv::Chevrolet::Flooding_CHEVROLET_Spark_train.csv::seg_test::115,1,1,Chevrolet,Flooding_CHEVROLET_Spark_train.csv
83,unrelated_incidents,ind_01-w01,ind_01,Chevrolet::Flooding_CHEVROLET_Spark_train.csv::Chevrolet::Flooding_CHEVROLET_Spark_train.csv::seg_test::159,1,1,Chevrolet,Flooding_CHEVROLET_Spark_train.csv
83,unrelated_incidents,ind_01-w02,ind_01,Chevrolet::Flooding_CHEVROLET_Spark_train.csv::Chevrolet::Flooding_CHEVROLET_Spark_train.csv::seg_test::178,1,1,Chevrolet,Flooding_CHEVROLET_Spark_train.csv
83,unrelated_incidents,ind_01-w03,ind_01,Chevrolet::Flooding_CHEVROLET_Spark_train.csv::Chevrolet::Flooding_CHEVROLET_Spark_train.csv::seg_test::96,1,1,Chevrolet,Flooding_CHEVROLET_Spark_train.csv
83,unrelated_incidents,ind_01-w04,ind_01,Chevrolet::Flooding_CHEVROLET_Spark_train.csv::Chevrolet::Flooding_CHEVROLET_Spark_train.csv::seg_test::30,1,1,Chevrolet,Flooding_CHEVROLET_Spark_train.csv
83,unrelated_incidents,ind_01-w05,ind_01,Kia::Fuzzy_dataset_KIA_Soul_train.csv::Kia::Fuzzy_dataset_KIA_Soul_train.csv::full_trace::4778,-1,0,Kia,Fuzzy_dataset_KIA_Soul_train.csv
83,unrelated_incidents,ind_01-w06,ind_01,Hyundai::Attack_free_HY_Sonata_train.csv::Hyundai::Attack_free_HY_Sonata_train.csv::seg_test::1191,-1,0,Hyundai,Attack_free_HY_Sonata_train.csv
83,unrelated_incidents,ind_01-w07,ind_01,Kia::Attack_free_KIA_Soul_train.csv::Kia::Attack_free_KIA_Soul_train.csv::seg_test::734,-1,0,Kia,Attack_free_KIA_Soul_train.csv
83,unrelated_incidents,ind_01-w08,ind_01,Kia::Fuzzy_dataset_KIA_Soul_train.csv::Kia::Fuzzy_dataset_KIA_Soul_train.csv::full_trace::1097,-1,0,Kia,Fuzzy_dataset_KIA_Soul_train.csv
83,unrelated_incidents,ind_01-w09,ind_01,Kia::Attack_free_KIA_Soul_train.csv::Kia::Attack_free_KIA_Soul_train.csv::seg_test::948,-1,0,Kia,Attack_free_KIA_Soul_train.csv
83,unrelated_incidents,ind_02-w00,ind_02,Kia::Fuzzy_dataset_KIA_Soul_train.csv::Kia::Fuzzy_dataset_KIA_Soul_train.csv::full_trace::6429,2,1,Kia,Fuzzy_dataset_KIA_Soul_train.csv
83,unrelated_incidents,ind_02-w01,ind_02,Kia::Fuzzy_dataset_KIA_Soul_train.csv::Kia::Fuzzy_dataset_KIA_Soul_train.csv::full_trace::3886,2,1,Kia,Fuzzy_dataset_KIA_Soul_train.csv
83,unrelated_incidents,ind_02-w02,ind_02,Kia::Fuzzy_dataset_KIA_Soul_train.csv::Kia::Fuzzy_dataset_KIA_Soul_train.csv::full_trace::1577,2,1,Kia,Fuzzy_dataset_KIA_Soul_train.csv
83,unrelated_incidents,ind_02-w03,ind_02,Kia::Fuzzy_dataset_KIA_Soul_train.csv::Kia::Fuzzy_dataset_KIA_Soul_train.csv::full_trace::4794,2,1,Kia,Fuzzy_dataset_KIA_Soul_train.csv
83,unrelated_incidents,ind_02-w04,ind_02,Kia::Fuzzy_dataset_KIA_Soul_train.csv::Kia::Fuzzy_dataset_KIA_Soul_train.csv::full_trace::8646,2,1,Kia,Fuzzy_dataset_KIA_Soul_train.csv
83,unrelated_incidents,ind_02-w05,ind_02,Hyundai::Attack_free_HY_Sonata_train.csv::Hyundai::Attack_free_HY_Sonata_train.csv::seg_test::241,-1,0,Hyundai,Attack_free_HY_Sonata_train.csv
83,unrelated_incidents,ind_02-w06,ind_02,Kia::Attack_free_KIA_Soul_train.csv::Kia::Attack_free_KIA_Soul_train.csv::seg_test::972,-1,0,Kia,Attack_free_KIA_Soul_train.csv
83,unrelated_incidents,ind_02-w07,ind_02,Hyundai::Fuzzy_HYUNDAI_Sonata_train.csv::Hyundai::Fuzzy_HYUNDAI_Sonata_train.csv::full_trace::1096,-1,0,Hyundai,Fuzzy_HYUNDAI_Sonata_train.csv
83,unrelated_incidents,ind_02-w08,ind_02,Kia::Fuzzy_dataset_KIA_Soul_train.csv::Kia::Fuzzy_dataset_KIA_Soul_train.csv::full_trace::2454,-1,0,Kia,Fuzzy_dataset_KIA_Soul_train.csv
83,unrelated_incidents,ind_02-w09,ind_02,Kia::Attack_free_KIA_Soul_train.csv::Kia::Attack_free_KIA_Soul_train.csv::seg_test::1274,-1,0,Kia,Attack_free_KIA_Soul_train.csv
83,unrelated_incidents,ind_03-w00,ind_03,Chevrolet::Flooding_CHEVROLET_Spark_train.csv::Chevrolet::Flooding_CHEVROLET_Spark_train.csv::seg_test::109,3,1,Chevrolet,Flooding_CHEVROLET_Spark_train.csv
83,unrelated_incidents,ind_03-w01,ind_03,Chevrolet::Flooding_CHEVROLET_Spark_train.csv::Chevrolet::Flooding_CHEVROLET_Spark_train.csv::seg_test::141,3,1,Chevrolet,Flooding_CHEVROLET_Spark_train.csv
83,unrelated_incidents,ind_03-w02,ind_03,Chevrolet::Flooding_CHEVROLET_Spark_train.csv::Chevrolet::Flooding_CHEVROLET_Spark_train.csv::seg_test::53,3,1,Chevrolet,Flooding_CHEVROLET_Spark_train.csv
83,unrelated_incidents,ind_03-w03,ind_03,Chevrolet::Flooding_CHEVROLET_Spark_train.csv::Chevrolet::Flooding_CHEVROLET_Spark_train.csv::seg_test::104,3,1,Chevrolet,Flooding_CHEVROLET_Spark_train.csv
83,unrelated_incidents,ind_03-w04,ind_03,Chevrolet::Flooding_CHEVROLET_Spark_train.csv::Chevrolet::Flooding_CHEVROLET_Spark_train.csv::seg_test::136,3,1,Chevrolet,Flooding_CHEVROLET_Spark_train.csv
83,unrelated_incidents,ind_03-w05,ind_03,Kia::Fuzzy_dataset_KIA_Soul_train.csv::Kia::Fuzzy_dataset_KIA_Soul_train.csv::full_trace::4686,-1,0,Kia,Fuzzy_dataset_KIA_Soul_train.csv
83,unrelated_incidents,ind_03-w06,ind_03,Kia::Fuzzy_dataset_KIA_Soul_train.csv::Kia::Fuzzy_dataset_KIA_Soul_train.csv::full_trace::5858,-1,0,Kia,Fuzzy_dataset_KIA_Soul_train.csv
83,unrelated_incidents,ind_03-w07,ind_03,Kia::Fuzzy_dataset_KIA_Soul_train.csv::Kia::Fuzzy_dataset_KIA_Soul_train.csv::full_trace::6651,-1,0,Kia,Fuzzy_dataset_KIA_Soul_train.csv
83,unrelated_incidents,ind_03-w08,ind_03,Hyundai::Attack_free_HY_Sonata_train.csv::Hyundai::Attack_free_HY_Sonata_train.csv::seg_test::1124,-1,0,Hyundai,Attack_free_HY_Sonata_train.csv
83,unrelated_incidents,ind_03-w09,ind_03,Kia::Attack_free_KIA_Soul_train.csv::Kia::Attack_free_KIA_Soul_train.csv::seg_test::1195,-1,0,Kia,Attack_free_KIA_Soul_train.csv
83,unrelated_incidents,ind_04-w00,ind_04,Kia::Fuzzy_dataset_KIA_Soul_train.csv::Kia::Fuzzy_dataset_KIA_Soul_train.csv::full_trace::3904,4,1,Kia,Fuzzy_dataset_KIA_Soul_train.csv
83,unrelated_incidents,ind_04-w01,ind_04,Hyundai::Fuzzy_HYUNDAI_Sonata_train.csv::Hyundai::Fuzzy_HYUNDAI_Sonata_train.csv::full_trace::1334,4,1,Hyundai,Fuzzy_HYUNDAI_Sonata_train.csv
83,unrelated_incidents,ind_04-w02,ind_04,Kia::Fuzzy_dataset_KIA_Soul_train.csv::Kia::Fuzzy_dataset_KIA_Soul_train.csv::full_trace::5964,4,1,Kia,Fuzzy_dataset_KIA_Soul_train.csv
83,unrelated_incidents,ind_04-w03,ind_04,Kia::Fuzzy_dataset_KIA_Soul_train.csv::Kia::Fuzzy_dataset_KIA_Soul_train.csv::full_trace::6066,4,1,Kia,Fuzzy_dataset_KIA_Soul_train.csv
83,unrelated_incidents,ind_04-w04,ind_04,Kia::Fuzzy_dataset_KIA_Soul_train.csv::Kia::Fuzzy_dataset_KIA_Soul_train.csv::full_trace::8422,4,1,Kia,Fuzzy_dataset_KIA_Soul_train.csv
83,unrelated_incidents,ind_04-w05,ind_04,Kia::Fuzzy_dataset_KIA_Soul_train.csv::Kia::Fuzzy_dataset_KIA_Soul_train.csv::full_trace::5541,-1,0,Kia,Fuzzy_dataset_KIA_Soul_train.csv
83,unrelated_incidents,ind_04-w06,ind_04,Kia::Fuzzy_dataset_KIA_Soul_train.csv::Kia::Fuzzy_dataset_KIA_Soul_train.csv::full_trace::8026,-1,0,Kia,Fuzzy_dataset_KIA_Soul_train.csv
83,unrelated_incidents,ind_04-w07,ind_04,Kia::Fuzzy_dataset_KIA_Soul_train.csv::Kia::Fuzzy_dataset_KIA_Soul_train.csv::full_trace::991,-1,0,Kia,Fuzzy_dataset_KIA_Soul_train.csv
83,unrelated_incidents,ind_04-w08,ind_04,Chevrolet::Attack_free_CHEVROLET_Spark_train.csv::Chevrolet::Attack_free_CHEVROLET_Spark_train.csv::seg_test::130,-1,0,Chevrolet,Attack_free_CHEVROLET_Spark_train.csv
83,unrelated_incidents,ind_04-w09,ind_04,Kia::Fuzzy_dataset_KIA_Soul_train.csv::Kia::Fuzzy_dataset_KIA_Soul_train.csv::full_trace::7831,-1,0,Kia,Fuzzy_dataset_KIA_Soul_train.csv
83,unrelated_incidents,ben_00-w00,ben_00,Hyundai::Fuzzy_HYUNDAI_Sonata_train.csv::Hyundai::Fuzzy_HYUNDAI_Sonata_train.csv::full_trace::1673,-1,0,Hyundai,Fuzzy_HYUNDAI_Sonata_train.csv
83,unrelated_incidents,ben_00-w01,ben_00,Hyundai::Attack_free_HY_Sonata_train.csv::Hyundai::Attack_free_HY_Sonata_train.csv::seg_test::893,-1,0,Hyundai,Attack_free_HY_Sonata_train.csv
83,unrelated_incidents,ben_00-w02,ben_00,Hyundai::Fuzzy_HYUNDAI_Sonata_train.csv::Hyundai::Fuzzy_HYUNDAI_Sonata_train.csv::full_trace::423,-1,0,Hyundai,Fuzzy_HYUNDAI_Sonata_train.csv
83,unrelated_incidents,ben_00-w03,ben_00,Kia::Fuzzy_dataset_KIA_Soul_train.csv::Kia::Fuzzy_dataset_KIA_Soul_train.csv::full_trace::8081,-1,0,Kia,Fuzzy_dataset_KIA_Soul_train.csv
83,unrelated_incidents,ben_00-w04,ben_00,Kia::Fuzzy_dataset_KIA_Soul_train.csv::Kia::Fuzzy_dataset_KIA_Soul_train.csv::full_trace::2274,-1,0,Kia,Fuzzy_dataset_KIA_Soul_train.csv
83,unrelated_incidents,ben_00-w05,ben_00,Kia::Attack_free_KIA_Soul_train.csv::Kia::Attack_free_KIA_Soul_train.csv::seg_test::1088,-1,0,Kia,Attack_free_KIA_Soul_train.csv
83,unrelated_incidents,ben_00-w06,ben_00,Kia::Fuzzy_dataset_KIA_Soul_train.csv::Kia::Fuzzy_dataset_KIA_Soul_train.csv::full_trace::8785,-1,0,Kia,Fuzzy_dataset_KIA_Soul_train.csv
83,unrelated_incidents,ben_00-w07,ben_00,Kia::Fuzzy_dataset_KIA_Soul_train.csv::Kia::Fuzzy_dataset_KIA_Soul_train.csv::full_trace::2434,-1,0,Kia,Fuzzy_dataset_KIA_Soul_train.csv
83,unrelated_incidents,ben_00-w08,ben_00,Hyundai::Fuzzy_HYUNDAI_Sonata_train.csv::Hyundai::Fuzzy_HYUNDAI_Sonata_train.csv::full_trace::650,-1,0,Hyundai,Fuzzy_HYUNDAI_Sonata_train.csv
83,unrelated_incidents,ben_00-w09,ben_00,Kia::Attack_free_KIA_Soul_train.csv::Kia::Attack_free_KIA_Soul_train.csv::seg_test::849,-1,0,Kia,Attack_free_KIA_Soul_train.csv
83,unrelated_incidents,ben_01-w00,ben_01,Kia::Attack_free_KIA_Soul_train.csv::Kia::Attack_free_KIA_Soul_train.csv::seg_test::289,-1,0,Kia,Attack_free_KIA_Soul_train.csv
83,unrelated_incidents,ben_01-w01,ben_01,Kia::Fuzzy_dataset_KIA_Soul_train.csv::Kia::Fuzzy_dataset_KIA_Soul_train.csv::full_trace::6806,-1,0,Kia,Fuzzy_dataset_KIA_Soul_train.csv
83,unrelated_incidents,ben_01-w02,ben_01,Kia::Attack_free_KIA_Soul_train.csv::Kia::Attack_free_KIA_Soul_train.csv::seg_test::404,-1,0,Kia,Attack_free_KIA_Soul_train.csv
83,unrelated_incidents,ben_01-w03,ben_01,Kia::Fuzzy_dataset_KIA_Soul_train.csv::Kia::Fuzzy_dataset_KIA_Soul_train.csv::full_trace::7794,-1,0,Kia,Fuzzy_dataset_KIA_Soul_train.csv
83,unrelated_incidents,ben_01-w04,ben_01,Kia::Attack_free_KIA_Soul_train.csv::Kia::Attack_free_KIA_Soul_train.csv::seg_test::1166,-1,0,Kia,Attack_free_KIA_Soul_train.csv
83,unrelated_incidents,ben_01-w05,ben_01,Chevrolet::Attack_free_CHEVROLET_Spark_train.csv::Chevrolet::Attack_free_CHEVROLET_Spark_train.csv::seg_test::220,-1,0,Chevrolet,Attack_free_CHEVROLET_Spark_train.csv
83,unrelated_incidents,ben_01-w06,ben_01,Kia::Fuzzy_dataset_KIA_Soul_train.csv::Kia::Fuzzy_dataset_KIA_Soul_train.csv::full_trace::2136,-1,0,Kia,Fuzzy_dataset_KIA_Soul_train.csv
83,unrelated_incidents,ben_01-w07,ben_01,Kia::Fuzzy_dataset_KIA_Soul_train.csv::Kia::Fuzzy_dataset_KIA_Soul_train.csv::full_trace::3554,-1,0,Kia,Fuzzy_dataset_KIA_Soul_train.csv
83,unrelated_incidents,ben_01-w08,ben_01,Kia::Fuzzy_dataset_KIA_Soul_train.csv::Kia::Fuzzy_dataset_KIA_Soul_train.csv::full_trace::7040,-1,0,Kia,Fuzzy_dataset_KIA_Soul_train.csv
83,unrelated_incidents,ben_01-w09,ben_01,Hyundai::Attack_free_HY_Sonata_train.csv::Hyundai::Attack_free_HY_Sonata_train.csv::seg_test::243,-1,0,Hyundai,Attack_free_HY_Sonata_train.csv
83,unrelated_incidents,ben_02-w00,ben_02,Kia::Attack_free_KIA_Soul_train.csv::Kia::Attack_free_KIA_Soul_train.csv::seg_test::531,-1,0,Kia,Attack_free_KIA_Soul_train.csv
83,unrelated_incidents,ben_02-w01,ben_02,Hyundai::Fuzzy_HYUNDAI_Sonata_train.csv::Hyundai::Fuzzy_HYUNDAI_Sonata_train.csv::full_trace::1224,-1,0,Hyundai,Fuzzy_HYUNDAI_Sonata_train.csv
83,unrelated_incidents,ben_02-w02,ben_02,Hyundai::Fuzzy_HYUNDAI_Sonata_train.csv::Hyundai::Fuzzy_HYUNDAI_Sonata_train.csv::full_trace::576,-1,0,Hyundai,Fuzzy_HYUNDAI_Sonata_train.csv
83,unrelated_incidents,ben_02-w03,ben_02,Hyundai::Attack_free_HY_Sonata_train.csv::Hyundai::Attack_free_HY_Sonata_train.csv::seg_test::284,-1,0,Hyundai,Attack_free_HY_Sonata_train.csv
83,unrelated_incidents,ben_02-w04,ben_02,Hyundai::Fuzzy_HYUNDAI_Sonata_train.csv::Hyundai::Fuzzy_HYUNDAI_Sonata_train.csv::full_trace::152,-1,0,Hyundai,Fuzzy_HYUNDAI_Sonata_train.csv
83,unrelated_incidents,ben_02-w05,ben_02,Kia::Fuzzy_dataset_KIA_Soul_train.csv::Kia::Fuzzy_dataset_KIA_Soul_train.csv::full_trace::3536,-1,0,Kia,Fuzzy_dataset_KIA_Soul_train.csv
83,unrelated_incidents,ben_02-w06,ben_02,Kia::Fuzzy_dataset_KIA_Soul_train.csv::Kia::Fuzzy_dataset_KIA_Soul_train.csv::full_trace::7903,-1,0,Kia,Fuzzy_dataset_KIA_Soul_train.csv
83,unrelated_incidents,ben_02-w07,ben_02,Chevrolet::Attack_free_CHEVROLET_Spark_train.csv::Chevrolet::Attack_free_CHEVROLET_Spark_train.csv::seg_test::123,-1,0,Chevrolet,Attack_free_CHEVROLET_Spark_train.csv
83,unrelated_incidents,ben_02-w08,ben_02,Kia::Attack_free_KIA_Soul_train.csv::Kia::Attack_free_KIA_Soul_train.csv::seg_test::1050,-1,0,Kia,Attack_free_KIA_Soul_train.csv
83,unrelated_incidents,ben_02-w09,ben_02,Chevrolet::Attack_free_CHEVROLET_Spark_train.csv::Chevrolet::Attack_free_CHEVROLET_Spark_train.csv::seg_test::102,-1,0,Chevrolet,Attack_free_CHEVROLET_Spark_train.csv
83,unrelated_incidents,ben_03-w00,ben_03,Hyundai::Fuzzy_HYUNDAI_Sonata_train.csv::Hyundai::Fuzzy_HYUNDAI_Sonata_train.csv::full_trace::409,-1,0,Hyundai,Fuzzy_HYUNDAI_Sonata_train.csv
83,unrelated_incidents,ben_03-w01,ben_03,Hyundai::Fuzzy_HYUNDAI_Sonata_train.csv::Hyundai::Fuzzy_HYUNDAI_Sonata_train.csv::full_trace::1094,-1,0,Hyundai,Fuzzy_HYUNDAI_Sonata_train.csv
83,unrelated_incidents,ben_03-w02,ben_03,Kia::Fuzzy_dataset_KIA_Soul_train.csv::Kia::Fuzzy_dataset_KIA_Soul_train.csv::full_trace::4556,-1,0,Kia,Fuzzy_dataset_KIA_Soul_train.csv
83,unrelated_incidents,ben_03-w03,ben_03,Kia::Attack_free_KIA_Soul_train.csv::Kia::Attack_free_KIA_Soul_train.csv::seg_test::10,-1,0,Kia,Attack_free_KIA_Soul_train.csv
83,unrelated_incidents,ben_03-w04,ben_03,Hyundai::Attack_free_HY_Sonata_train.csv::Hyundai::Attack_free_HY_Sonata_train.csv::seg_test::979,-1,0,Hyundai,Attack_free_HY_Sonata_train.csv
83,unrelated_incidents,ben_03-w05,ben_03,Chevrolet::Attack_free_CHEVROLET_Spark_train.csv::Chevrolet::Attack_free_CHEVROLET_Spark_train.csv::seg_test::188,-1,0,Chevrolet,Attack_free_CHEVROLET_Spark_train.csv
83,unrelated_incidents,ben_03-w06,ben_03,Hyundai::Attack_free_HY_Sonata_train.csv::Hyundai::Attack_free_HY_Sonata_train.csv::seg_test::0,-1,0,Hyundai,Attack_free_HY_Sonata_train.csv
83,unrelated_incidents,ben_03-w07,ben_03,Kia::Attack_free_KIA_Soul_train.csv::Kia::Attack_free_KIA_Soul_train.csv::seg_test::761,-1,0,Kia,Attack_free_KIA_Soul_train.csv
83,unrelated_incidents,ben_03-w08,ben_03,Hyundai::Attack_free_HY_Sonata_train.csv::Hyundai::Attack_free_HY_Sonata_train.csv::seg_test::737,-1,0,Hyundai,Attack_free_HY_Sonata_train.csv
83,unrelated_incidents,ben_03-w09,ben_03,Kia::Attack_free_KIA_Soul_train.csv::Kia::Attack_free_KIA_Soul_train.csv::seg_test::821,-1,0,Kia,Attack_free_KIA_Soul_train.csv
83,unrelated_incidents,ben_04-w00,ben_04,Kia::Attack_free_KIA_Soul_train.csv::Kia::Attack_free_KIA_Soul_train.csv::seg_test::787,-1,0,Kia,Attack_free_KIA_Soul_train.csv
83,unrelated_incidents,ben_04-w01,ben_04,Kia::Fuzzy_dataset_KIA_Soul_train.csv::Kia::Fuzzy_dataset_KIA_Soul_train.csv::full_trace::7792,-1,0,Kia,Fuzzy_dataset_KIA_Soul_train.csv
83,unrelated_incidents,ben_04-w02,ben_04,Kia::Fuzzy_dataset_KIA_Soul_train.csv::Kia::Fuzzy_dataset_KIA_Soul_train.csv::full_trace::1222,-1,0,Kia,Fuzzy_dataset_KIA_Soul_train.csv
83,unrelated_incidents,ben_04-w03,ben_04,Hyundai::Attack_free_HY_Sonata_train.csv::Hyundai::Attack_free_HY_Sonata_train.csv::seg_test::63,-1,0,Hyundai,Attack_free_HY_Sonata_train.csv
83,unrelated_incidents,ben_04-w04,ben_04,Kia::Fuzzy_dataset_KIA_Soul_train.csv::Kia::Fuzzy_dataset_KIA_Soul_train.csv::full_trace::1072,-1,0,Kia,Fuzzy_dataset_KIA_Soul_train.csv
83,unrelated_incidents,ben_04-w05,ben_04,Kia::Attack_free_KIA_Soul_train.csv::Kia::Attack_free_KIA_Soul_train.csv::seg_test::319,-1,0,Kia,Attack_free_KIA_Soul_train.csv
83,unrelated_incidents,ben_04-w06,ben_04,Hyundai::Attack_free_HY_Sonata_train.csv::Hyundai::Attack_free_HY_Sonata_train.csv::seg_test::548,-1,0,Hyundai,Attack_free_HY_Sonata_train.csv
83,unrelated_incidents,ben_04-w07,ben_04,Kia::Fuzzy_dataset_KIA_Soul_train.csv::Kia::Fuzzy_dataset_KIA_Soul_train.csv::full_trace::8932,-1,0,Kia,Fuzzy_dataset_KIA_Soul_train.csv
83,unrelated_incidents,ben_04-w08,ben_04,Hyundai::Fuzzy_HYUNDAI_Sonata_train.csv::Hyundai::Fuzzy_HYUNDAI_Sonata_train.csv::full_trace::373,-1,0,Hyundai,Fuzzy_HYUNDAI_Sonata_train.csv
83,unrelated_incidents,ben_04-w09,ben_04,Kia::Attack_free_KIA_Soul_train.csv::Kia::Attack_free_KIA_Soul_train.csv::seg_test::1228,-1,0,Kia,Attack_free_KIA_Soul_train.csv
83,unrelated_incidents,ben_05-w00,ben_05,Hyundai::Attack_free_HY_Sonata_train.csv::Hyundai::Attack_free_HY_Sonata_train.csv::seg_test::599,-1,0,Hyundai,Attack_free_HY_Sonata_train.csv
83,unrelated_incidents,ben_05-w01,ben_05,Kia::Attack_free_KIA_Soul_train.csv::Kia::Attack_free_KIA_Soul_train.csv::seg_test::817,-1,0,Kia,Attack_free_KIA_Soul_train.csv
83,unrelated_incidents,ben_05-w02,ben_05,Kia::Fuzzy_dataset_KIA_Soul_train.csv::Kia::Fuzzy_dataset_KIA_Soul_train.csv::full_trace::4563,-1,0,Kia,Fuzzy_dataset_KIA_Soul_train.csv
83,unrelated_incidents,ben_05-w03,ben_05,Kia::Attack_free_KIA_Soul_train.csv::Kia::Attack_free_KIA_Soul_train.csv::seg_test::985,-1,0,Kia,Attack_free_KIA_Soul_train.csv
83,unrelated_incidents,ben_05-w04,ben_05,Kia::Fuzzy_dataset_KIA_Soul_train.csv::Kia::Fuzzy_dataset_KIA_Soul_train.csv::full_trace::4656,-1,0,Kia,Fuzzy_dataset_KIA_Soul_train.csv
83,unrelated_incidents,ben_05-w05,ben_05,Chevrolet::Attack_free_CHEVROLET_Spark_train.csv::Chevrolet::Attack_free_CHEVROLET_Spark_train.csv::seg_test::160,-1,0,Chevrolet,Attack_free_CHEVROLET_Spark_train.csv
83,unrelated_incidents,ben_05-w06,ben_05,Kia::Attack_free_KIA_Soul_train.csv::Kia::Attack_free_KIA_Soul_train.csv::seg_test::1020,-1,0,Kia,Attack_free_KIA_Soul_train.csv
83,unrelated_incidents,ben_05-w07,ben_05,Chevrolet::Attack_free_CHEVROLET_Spark_train.csv::Chevrolet::Attack_free_CHEVROLET_Spark_train.csv::seg_test::379,-1,0,Chevrolet,Attack_free_CHEVROLET_Spark_train.csv
83,unrelated_incidents,ben_05-w08,ben_05,Kia::Fuzzy_dataset_KIA_Soul_train.csv::Kia::Fuzzy_dataset_KIA_Soul_train.csv::full_trace::3612,-1,0,Kia,Fuzzy_dataset_KIA_Soul_train.csv
83,unrelated_incidents,ben_05-w09,ben_05,Kia::Fuzzy_dataset_KIA_Soul_train.csv::Kia::Fuzzy_dataset_KIA_Soul_train.csv::full_trace::7878,-1,0,Kia,Fuzzy_dataset_KIA_Soul_train.csv
83,unrelated_incidents,ben_06-w00,ben_06,Hyundai::Attack_free_HY_Sonata_train.csv::Hyundai::Attack_free_HY_Sonata_train.csv::seg_test::437,-1,0,Hyundai,Attack_free_HY_Sonata_train.csv
83,unrelated_incidents,ben_06-w01,ben_06,Kia::Fuzzy_dataset_KIA_Soul_train.csv::Kia::Fuzzy_dataset_KIA_Soul_train.csv::full_trace::7810,-1,0,Kia,Fuzzy_dataset_KIA_Soul_train.csv
83,unrelated_incidents,ben_06-w02,ben_06,Kia::Fuzzy_dataset_KIA_Soul_train.csv::Kia::Fuzzy_dataset_KIA_Soul_train.csv::full_trace::8788,-1,0,Kia,Fuzzy_dataset_KIA_Soul_train.csv
83,unrelated_incidents,ben_06-w03,ben_06,Hyundai::Fuzzy_HYUNDAI_Sonata_train.csv::Hyundai::Fuzzy_HYUNDAI_Sonata_train.csv::full_trace::607,-1,0,Hyundai,Fuzzy_HYUNDAI_Sonata_train.csv
83,unrelated_incidents,ben_06-w04,ben_06,Kia::Attack_free_KIA_Soul_train.csv::Kia::Attack_free_KIA_Soul_train.csv::seg_test::1329,-1,0,Kia,Attack_free_KIA_Soul_train.csv
83,unrelated_incidents,ben_06-w05,ben_06,Kia::Fuzzy_dataset_KIA_Soul_train.csv::Kia::Fuzzy_dataset_KIA_Soul_train.csv::full_trace::8078,-1,0,Kia,Fuzzy_dataset_KIA_Soul_train.csv
83,unrelated_incidents,ben_06-w06,ben_06,Kia::Fuzzy_dataset_KIA_Soul_train.csv::Kia::Fuzzy_dataset_KIA_Soul_train.csv::full_trace::1095,-1,0,Kia,Fuzzy_dataset_KIA_Soul_train.csv
83,unrelated_incidents,ben_06-w07,ben_06,Kia::Attack_free_KIA_Soul_train.csv::Kia::Attack_free_KIA_Soul_train.csv::seg_test::265,-1,0,Kia,Attack_free_KIA_Soul_train.csv
83,unrelated_incidents,ben_06-w08,ben_06,Hyundai::Fuzzy_HYUNDAI_Sonata_train.csv::Hyundai::Fuzzy_HYUNDAI_Sonata_train.csv::full_trace::487,-1,0,Hyundai,Fuzzy_HYUNDAI_Sonata_train.csv
83,unrelated_incidents,ben_06-w09,ben_06,Kia::Fuzzy_dataset_KIA_Soul_train.csv::Kia::Fuzzy_dataset_KIA_Soul_train.csv::full_trace::8811,-1,0,Kia,Fuzzy_dataset_KIA_Soul_train.csv
83,unrelated_incidents,ben_07-w00,ben_07,Kia::Fuzzy_dataset_KIA_Soul_train.csv::Kia::Fuzzy_dataset_KIA_Soul_train.csv::full_trace::8796,-1,0,Kia,Fuzzy_dataset_KIA_Soul_train.csv
83,unrelated_incidents,ben_07-w01,ben_07,Hyundai::Fuzzy_HYUNDAI_Sonata_train.csv::Hyundai::Fuzzy_HYUNDAI_Sonata_train.csv::full_trace::262,-1,0,Hyundai,Fuzzy_HYUNDAI_Sonata_train.csv
83,unrelated_incidents,ben_07-w02,ben_07,Kia::Fuzzy_dataset_KIA_Soul_train.csv::Kia::Fuzzy_dataset_KIA_Soul_train.csv::full_trace::4643,-1,0,Kia,Fuzzy_dataset_KIA_Soul_train.csv
83,unrelated_incidents,ben_07-w03,ben_07,Kia::Fuzzy_dataset_KIA_Soul_train.csv::Kia::Fuzzy_dataset_KIA_Soul_train.csv::full_trace::6955,-1,0,Kia,Fuzzy_dataset_KIA_Soul_train.csv
83,unrelated_incidents,ben_07-w04,ben_07,Hyundai::Fuzzy_HYUNDAI_Sonata_train.csv::Hyundai::Fuzzy_HYUNDAI_Sonata_train.csv::full_trace::133,-1,0,Hyundai,Fuzzy_HYUNDAI_Sonata_train.csv
83,unrelated_incidents,ben_07-w05,ben_07,Kia::Attack_free_KIA_Soul_train.csv::Kia::Attack_free_KIA_Soul_train.csv::seg_test::563,-1,0,Kia,Attack_free_KIA_Soul_train.csv
83,unrelated_incidents,ben_07-w06,ben_07,Hyundai::Attack_free_HY_Sonata_train.csv::Hyundai::Attack_free_HY_Sonata_train.csv::seg_test::905,-1,0,Hyundai,Attack_free_HY_Sonata_train.csv
83,unrelated_incidents,ben_07-w07,ben_07,Kia::Fuzzy_dataset_KIA_Soul_train.csv::Kia::Fuzzy_dataset_KIA_Soul_train.csv::full_trace::4764,-1,0,Kia,Fuzzy_dataset_KIA_Soul_train.csv
83,unrelated_incidents,ben_07-w08,ben_07,Hyundai::Fuzzy_HYUNDAI_Sonata_train.csv::Hyundai::Fuzzy_HYUNDAI_Sonata_train.csv::full_trace::775,-1,0,Hyundai,Fuzzy_HYUNDAI_Sonata_train.csv
83,unrelated_incidents,ben_07-w09,ben_07,Kia::Fuzzy_dataset_KIA_Soul_train.csv::Kia::Fuzzy_dataset_KIA_Soul_train.csv::full_trace::3599,-1,0,Kia,Fuzzy_dataset_KIA_Soul_train.csv
83,unrelated_incidents,ben_08-w00,ben_08,Kia::Attack_free_KIA_Soul_train.csv::Kia::Attack_free_KIA_Soul_train.csv::seg_test::310,-1,0,Kia,Attack_free_KIA_Soul_train.csv
83,unrelated_incidents,ben_08-w01,ben_08,Kia::Fuzzy_dataset_KIA_Soul_train.csv::Kia::Fuzzy_dataset_KIA_Soul_train.csv::full_trace::6664,-1,0,Kia,Fuzzy_dataset_KIA_Soul_train.csv
83,unrelated_incidents,ben_08-w02,ben_08,Kia::Attack_free_KIA_Soul_train.csv::Kia::Attack_free_KIA_Soul_train.csv::seg_test::89,-1,0,Kia,Attack_free_KIA_Soul_train.csv
83,unrelated_incidents,ben_08-w03,ben_08,Kia::Fuzzy_dataset_KIA_Soul_train.csv::Kia::Fuzzy_dataset_KIA_Soul_train.csv::full_trace::3620,-1,0,Kia,Fuzzy_dataset_KIA_Soul_train.csv
83,unrelated_incidents,ben_08-w04,ben_08,Hyundai::Attack_free_HY_Sonata_train.csv::Hyundai::Attack_free_HY_Sonata_train.csv::seg_test::172,-1,0,Hyundai,Attack_free_HY_Sonata_train.csv
83,unrelated_incidents,ben_08-w05,ben_08,Hyundai::Fuzzy_HYUNDAI_Sonata_train.csv::Hyundai::Fuzzy_HYUNDAI_Sonata_train.csv::full_trace::1217,-1,0,Hyundai,Fuzzy_HYUNDAI_Sonata_train.csv
83,unrelated_incidents,ben_08-w06,ben_08,Kia::Attack_free_KIA_Soul_train.csv::Kia::Attack_free_KIA_Soul_train.csv::seg_test::1345,-1,0,Kia,Attack_free_KIA_Soul_train.csv
83,unrelated_incidents,ben_08-w07,ben_08,Kia::Fuzzy_dataset_KIA_Soul_train.csv::Kia::Fuzzy_dataset_KIA_Soul_train.csv::full_trace::6775,-1,0,Kia,Fuzzy_dataset_KIA_Soul_train.csv
83,unrelated_incidents,ben_08-w08,ben_08,Hyundai::Fuzzy_HYUNDAI_Sonata_train.csv::Hyundai::Fuzzy_HYUNDAI_Sonata_train.csv::full_trace::1215,-1,0,Hyundai,Fuzzy_HYUNDAI_Sonata_train.csv
83,unrelated_incidents,ben_08-w09,ben_08,Kia::Fuzzy_dataset_KIA_Soul_train.csv::Kia::Fuzzy_dataset_KIA_Soul_train.csv::full_trace::8974,-1,0,Kia,Fuzzy_dataset_KIA_Soul_train.csv
83,unrelated_incidents,ben_09-w00,ben_09,Kia::Attack_free_KIA_Soul_train.csv::Kia::Attack_free_KIA_Soul_train.csv::seg_test::1283,-1,0,Kia,Attack_free_KIA_Soul_train.csv
83,unrelated_incidents,ben_09-w01,ben_09,Kia::Fuzzy_dataset_KIA_Soul_train.csv::Kia::Fuzzy_dataset_KIA_Soul_train.csv::full_trace::3557,-1,0,Kia,Fuzzy_dataset_KIA_Soul_train.csv
83,unrelated_incidents,ben_09-w02,ben_09,Kia::Fuzzy_dataset_KIA_Soul_train.csv::Kia::Fuzzy_dataset_KIA_Soul_train.csv::full_trace::2125,-1,0,Kia,Fuzzy_dataset_KIA_Soul_train.csv
83,unrelated_incidents,ben_09-w03,ben_09,Kia::Attack_free_KIA_Soul_train.csv::Kia::Attack_free_KIA_Soul_train.csv::seg_test::359,-1,0,Kia,Attack_free_KIA_Soul_train.csv
83,unrelated_incidents,ben_09-w04,ben_09,Kia::Attack_free_KIA_Soul_train.csv::Kia::Attack_free_KIA_Soul_train.csv::seg_test::515,-1,0,Kia,Attack_free_KIA_Soul_train.csv
83,unrelated_incidents,ben_09-w05,ben_09,Kia::Fuzzy_dataset_KIA_Soul_train.csv::Kia::Fuzzy_dataset_KIA_Soul_train.csv::full_trace::66,-1,0,Kia,Fuzzy_dataset_KIA_Soul_train.csv
83,unrelated_incidents,ben_09-w06,ben_09,Kia::Attack_free_KIA_Soul_train.csv::Kia::Attack_free_KIA_Soul_train.csv::seg_test::464,-1,0,Kia,Attack_free_KIA_Soul_train.csv
83,unrelated_incidents,ben_09-w07,ben_09,Kia::Fuzzy_dataset_KIA_Soul_train.csv::Kia::Fuzzy_dataset_KIA_Soul_train.csv::full_trace::5568,-1,0,Kia,Fuzzy_dataset_KIA_Soul_train.csv
83,unrelated_incidents,ben_09-w08,ben_09,Kia::Fuzzy_dataset_KIA_Soul_train.csv::Kia::Fuzzy_dataset_KIA_Soul_train.csv::full_trace::8012,-1,0,Kia,Fuzzy_dataset_KIA_Soul_train.csv
83,unrelated_incidents,ben_09-w09,ben_09,Kia::Fuzzy_dataset_KIA_Soul_train.csv::Kia::Fuzzy_dataset_KIA_Soul_train.csv::full_trace::1150,-1,0,Kia,Fuzzy_dataset_KIA_Soul_train.csv
83,unrelated_incidents,ben_10-w00,ben_10,Hyundai::Attack_free_HY_Sonata_train.csv::Hyundai::Attack_free_HY_Sonata_train.csv::seg_test::787,-1,0,Hyundai,Attack_free_HY_Sonata_train.csv
83,unrelated_incidents,ben_10-w01,ben_10,Kia::Fuzzy_dataset_KIA_Soul_train.csv::Kia::Fuzzy_dataset_KIA_Soul_train.csv::full_trace::4372,-1,0,Kia,Fuzzy_dataset_KIA_Soul_train.csv
83,unrelated_incidents,ben_10-w02,ben_10,Kia::Fuzzy_dataset_KIA_Soul_train.csv::Kia::Fuzzy_dataset_KIA_Soul_train.csv::full_trace::2122,-1,0,Kia,Fuzzy_dataset_KIA_Soul_train.csv
83,unrelated_incidents,ben_10-w03,ben_10,Kia::Attack_free_KIA_Soul_train.csv::Kia::Attack_free_KIA_Soul_train.csv::seg_test::410,-1,0,Kia,Attack_free_KIA_Soul_train.csv
83,unrelated_incidents,ben_10-w04,ben_10,Chevrolet::Malfunction_CHEVROLET_Spark_train.csv::Chevrolet::Malfunction_CHEVROLET_Spark_train.csv::seg_test::145,-1,0,Chevrolet,Malfunction_CHEVROLET_Spark_train.csv
83,unrelated_incidents,ben_10-w05,ben_10,Kia::Fuzzy_dataset_KIA_Soul_train.csv::Kia::Fuzzy_dataset_KIA_Soul_train.csv::full_trace::5727,-1,0,Kia,Fuzzy_dataset_KIA_Soul_train.csv
83,unrelated_incidents,ben_10-w06,ben_10,Kia::Fuzzy_dataset_KIA_Soul_train.csv::Kia::Fuzzy_dataset_KIA_Soul_train.csv::full_trace::1332,-1,0,Kia,Fuzzy_dataset_KIA_Soul_train.csv
83,unrelated_incidents,ben_10-w07,ben_10,Kia::Attack_free_KIA_Soul_train.csv::Kia::Attack_free_KIA_Soul_train.csv::seg_test::1378,-1,0,Kia,Attack_free_KIA_Soul_train.csv
83,unrelated_incidents,ben_10-w08,ben_10,Hyundai::Fuzzy_HYUNDAI_Sonata_train.csv::Hyundai::Fuzzy_HYUNDAI_Sonata_train.csv::full_trace::1156,-1,0,Hyundai,Fuzzy_HYUNDAI_Sonata_train.csv
83,unrelated_incidents,ben_10-w09,ben_10,Chevrolet::Attack_free_CHEVROLET_Spark_train.csv::Chevrolet::Attack_free_CHEVROLET_Spark_train.csv::seg_test::383,-1,0,Chevrolet,Attack_free_CHEVROLET_Spark_train.csv
83,unrelated_incidents,ben_11-w00,ben_11,Kia::Fuzzy_dataset_KIA_Soul_train.csv::Kia::Fuzzy_dataset_KIA_Soul_train.csv::full_trace::3441,-1,0,Kia,Fuzzy_dataset_KIA_Soul_train.csv
83,unrelated_incidents,ben_11-w01,ben_11,Hyundai::Fuzzy_HYUNDAI_Sonata_train.csv::Hyundai::Fuzzy_HYUNDAI_Sonata_train.csv::full_trace::265,-1,0,Hyundai,Fuzzy_HYUNDAI_Sonata_train.csv
83,unrelated_incidents,ben_11-w02,ben_11,Kia::Fuzzy_dataset_KIA_Soul_train.csv::Kia::Fuzzy_dataset_KIA_Soul_train.csv::full_trace::3555,-1,0,Kia,Fuzzy_dataset_KIA_Soul_train.csv
83,unrelated_incidents,ben_11-w03,ben_11,Kia::Fuzzy_dataset_KIA_Soul_train.csv::Kia::Fuzzy_dataset_KIA_Soul_train.csv::full_trace::4618,-1,0,Kia,Fuzzy_dataset_KIA_Soul_train.csv
83,unrelated_incidents,ben_11-w04,ben_11,Hyundai::Fuzzy_HYUNDAI_Sonata_train.csv::Hyundai::Fuzzy_HYUNDAI_Sonata_train.csv::full_trace::799,-1,0,Hyundai,Fuzzy_HYUNDAI_Sonata_train.csv
83,unrelated_incidents,ben_11-w05,ben_11,Kia::Attack_free_KIA_Soul_train.csv::Kia::Attack_free_KIA_Soul_train.csv::seg_test::1018,-1,0,Kia,Attack_free_KIA_Soul_train.csv
83,unrelated_incidents,ben_11-w06,ben_11,Hyundai::Fuzzy_HYUNDAI_Sonata_train.csv::Hyundai::Fuzzy_HYUNDAI_Sonata_train.csv::full_trace::222,-1,0,Hyundai,Fuzzy_HYUNDAI_Sonata_train.csv
83,unrelated_incidents,ben_11-w07,ben_11,Kia::Fuzzy_dataset_KIA_Soul_train.csv::Kia::Fuzzy_dataset_KIA_Soul_train.csv::full_trace::3296,-1,0,Kia,Fuzzy_dataset_KIA_Soul_train.csv
83,unrelated_incidents,ben_11-w08,ben_11,Hyundai::Fuzzy_HYUNDAI_Sonata_train.csv::Hyundai::Fuzzy_HYUNDAI_Sonata_train.csv::full_trace::508,-1,0,Hyundai,Fuzzy_HYUNDAI_Sonata_train.csv
83,unrelated_incidents,ben_11-w09,ben_11,Kia::Fuzzy_dataset_KIA_Soul_train.csv::Kia::Fuzzy_dataset_KIA_Soul_train.csv::full_trace::6875,-1,0,Kia,Fuzzy_dataset_KIA_Soul_train.csv
83,unrelated_incidents,ben_12-w00,ben_12,Hyundai::Fuzzy_HYUNDAI_Sonata_train.csv::Hyundai::Fuzzy_HYUNDAI_Sonata_train.csv::full_trace::640,-1,0,Hyundai,Fuzzy_HYUNDAI_Sonata_train.csv
83,unrelated_incidents,ben_12-w01,ben_12,Kia::Fuzzy_dataset_KIA_Soul_train.csv::Kia::Fuzzy_dataset_KIA_Soul_train.csv::full_trace::9121,-1,0,Kia,Fuzzy_dataset_KIA_Soul_train.csv
83,unrelated_incidents,ben_12-w02,ben_12,Hyundai::Attack_free_HY_Sonata_train.csv::Hyundai::Attack_free_HY_Sonata_train.csv::seg_test::477,-1,0,Hyundai,Attack_free_HY_Sonata_train.csv
83,unrelated_incidents,ben_12-w03,ben_12,Hyundai::Attack_free_HY_Sonata_train.csv::Hyundai::Attack_free_HY_Sonata_train.csv::seg_test::176,-1,0,Hyundai,Attack_free_HY_Sonata_train.csv
83,unrelated_incidents,ben_12-w04,ben_12,Kia::Fuzzy_dataset_KIA_Soul_train.csv::Kia::Fuzzy_dataset_KIA_Soul_train.csv::full_trace::12,-1,0,Kia,Fuzzy_dataset_KIA_Soul_train.csv
83,unrelated_incidents,ben_12-w05,ben_12,Kia::Attack_free_KIA_Soul_train.csv::Kia::Attack_free_KIA_Soul_train.csv::seg_test::669,-1,0,Kia,Attack_free_KIA_Soul_train.csv
83,unrelated_incidents,ben_12-w06,ben_12,Kia::Fuzzy_dataset_KIA_Soul_train.csv::Kia::Fuzzy_dataset_KIA_Soul_train.csv::full_trace::9054,-1,0,Kia,Fuzzy_dataset_KIA_Soul_train.csv
83,unrelated_incidents,ben_12-w07,ben_12,Kia::Fuzzy_dataset_KIA_Soul_train.csv::Kia::Fuzzy_dataset_KIA_Soul_train.csv::full_trace::5775,-1,0,Kia,Fuzzy_dataset_KIA_Soul_train.csv
83,unrelated_incidents,ben_12-w08,ben_12,Hyundai::Attack_free_HY_Sonata_train.csv::Hyundai::Attack_free_HY_Sonata_train.csv::seg_test::268,-1,0,Hyundai,Attack_free_HY_Sonata_train.csv
83,unrelated_incidents,ben_12-w09,ben_12,Hyundai::Attack_free_HY_Sonata_train.csv::Hyundai::Attack_free_HY_Sonata_train.csv::seg_test::706,-1,0,Hyundai,Attack_free_HY_Sonata_train.csv
83,unrelated_incidents,ben_13-w00,ben_13,Hyundai::Fuzzy_HYUNDAI_Sonata_train.csv::Hyundai::Fuzzy_HYUNDAI_Sonata_train.csv::full_trace::1248,-1,0,Hyundai,Fuzzy_HYUNDAI_Sonata_train.csv
83,unrelated_incidents,ben_13-w01,ben_13,Kia::Fuzzy_dataset_KIA_Soul_train.csv::Kia::Fuzzy_dataset_KIA_Soul_train.csv::full_trace::1255,-1,0,Kia,Fuzzy_dataset_KIA_Soul_train.csv
83,unrelated_incidents,ben_13-w02,ben_13,Hyundai::Fuzzy_HYUNDAI_Sonata_train.csv::Hyundai::Fuzzy_HYUNDAI_Sonata_train.csv::full_trace::1574,-1,0,Hyundai,Fuzzy_HYUNDAI_Sonata_train.csv
83,unrelated_incidents,ben_13-w03,ben_13,Chevrolet::Malfunction_CHEVROLET_Spark_train.csv::Chevrolet::Malfunction_CHEVROLET_Spark_train.csv::seg_test::12,-1,0,Chevrolet,Malfunction_CHEVROLET_Spark_train.csv
83,unrelated_incidents,ben_13-w04,ben_13,Hyundai::Attack_free_HY_Sonata_train.csv::Hyundai::Attack_free_HY_Sonata_train.csv::seg_test::1119,-1,0,Hyundai,Attack_free_HY_Sonata_train.csv
83,unrelated_incidents,ben_13-w05,ben_13,Kia::Fuzzy_dataset_KIA_Soul_train.csv::Kia::Fuzzy_dataset_KIA_Soul_train.csv::full_trace::3254,-1,0,Kia,Fuzzy_dataset_KIA_Soul_train.csv
83,unrelated_incidents,ben_13-w06,ben_13,Kia::Attack_free_KIA_Soul_train.csv::Kia::Attack_free_KIA_Soul_train.csv::seg_test::874,-1,0,Kia,Attack_free_KIA_Soul_train.csv
83,unrelated_incidents,ben_13-w07,ben_13,Kia::Fuzzy_dataset_KIA_Soul_train.csv::Kia::Fuzzy_dataset_KIA_Soul_train.csv::full_trace::5649,-1,0,Kia,Fuzzy_dataset_KIA_Soul_train.csv
83,unrelated_incidents,ben_13-w08,ben_13,Kia::Fuzzy_dataset_KIA_Soul_train.csv::Kia::Fuzzy_dataset_KIA_Soul_train.csv::full_trace::1152,-1,0,Kia,Fuzzy_dataset_KIA_Soul_train.csv
83,unrelated_incidents,ben_13-w09,ben_13,Kia::Fuzzy_dataset_KIA_Soul_train.csv::Kia::Fuzzy_dataset_KIA_Soul_train.csv::full_trace::7927,-1,0,Kia,Fuzzy_dataset_KIA_Soul_train.csv
83,unrelated_incidents,ben_14-w00,ben_14,Chevrolet::Malfunction_CHEVROLET_Spark_train.csv::Chevrolet::Malfunction_CHEVROLET_Spark_train.csv::seg_test::10,-1,0,Chevrolet,Malfunction_CHEVROLET_Spark_train.csv
83,unrelated_incidents,ben_14-w01,ben_14,Kia::Attack_free_KIA_Soul_train.csv::Kia::Attack_free_KIA_Soul_train.csv::seg_test::294,-1,0,Kia,Attack_free_KIA_Soul_train.csv
83,unrelated_incidents,ben_14-w02,ben_14,Kia::Fuzzy_dataset_KIA_Soul_train.csv::Kia::Fuzzy_dataset_KIA_Soul_train.csv::full_trace::4522,-1,0,Kia,Fuzzy_dataset_KIA_Soul_train.csv
83,unrelated_incidents,ben_14-w03,ben_14,Chevrolet::Attack_free_CHEVROLET_Spark_train.csv::Chevrolet::Attack_free_CHEVROLET_Spark_train.csv::seg_test::392,-1,0,Chevrolet,Attack_free_CHEVROLET_Spark_train.csv
83,unrelated_incidents,ben_14-w04,ben_14,Hyundai::Attack_free_HY_Sonata_train.csv::Hyundai::Attack_free_HY_Sonata_train.csv::seg_test::36,-1,0,Hyundai,Attack_free_HY_Sonata_train.csv
83,unrelated_incidents,ben_14-w05,ben_14,Kia::Fuzzy_dataset_KIA_Soul_train.csv::Kia::Fuzzy_dataset_KIA_Soul_train.csv::full_trace::3258,-1,0,Kia,Fuzzy_dataset_KIA_Soul_train.csv
83,unrelated_incidents,ben_14-w06,ben_14,Hyundai::Attack_free_HY_Sonata_train.csv::Hyundai::Attack_free_HY_Sonata_train.csv::seg_test::1247,-1,0,Hyundai,Attack_free_HY_Sonata_train.csv
83,unrelated_incidents,ben_14-w07,ben_14,Kia::Attack_free_KIA_Soul_train.csv::Kia::Attack_free_KIA_Soul_train.csv::seg_test::802,-1,0,Kia,Attack_free_KIA_Soul_train.csv
83,unrelated_incidents,ben_14-w08,ben_14,Hyundai::Attack_free_HY_Sonata_train.csv::Hyundai::Attack_free_HY_Sonata_train.csv::seg_test::695,-1,0,Hyundai,Attack_free_HY_Sonata_train.csv
83,unrelated_incidents,ben_14-w09,ben_14,Hyundai::Attack_free_HY_Sonata_train.csv::Hyundai::Attack_free_HY_Sonata_train.csv::seg_test::336,-1,0,Hyundai,Attack_free_HY_Sonata_train.csv
97,strong_campaign,atk_Hyundai_0-w00,atk_Hyundai_0,Hyundai::Fuzzy_HYUNDAI_Sonata_train.csv::Hyundai::Fuzzy_HYUNDAI_Sonata_train.csv::full_trace::883,0,1,Hyundai,Fuzzy_HYUNDAI_Sonata_train.csv
97,strong_campaign,atk_Hyundai_0-w01,atk_Hyundai_0,Hyundai::Fuzzy_HYUNDAI_Sonata_train.csv::Hyundai::Fuzzy_HYUNDAI_Sonata_train.csv::full_trace::1379,0,1,Hyundai,Fuzzy_HYUNDAI_Sonata_train.csv
97,strong_campaign,atk_Hyundai_0-w02,atk_Hyundai_0,Hyundai::Fuzzy_HYUNDAI_Sonata_train.csv::Hyundai::Fuzzy_HYUNDAI_Sonata_train.csv::full_trace::1044,0,1,Hyundai,Fuzzy_HYUNDAI_Sonata_train.csv
97,strong_campaign,atk_Hyundai_0-w03,atk_Hyundai_0,Hyundai::Fuzzy_HYUNDAI_Sonata_train.csv::Hyundai::Fuzzy_HYUNDAI_Sonata_train.csv::full_trace::1324,0,1,Hyundai,Fuzzy_HYUNDAI_Sonata_train.csv
97,strong_campaign,atk_Hyundai_0-w04,atk_Hyundai_0,Hyundai::Fuzzy_HYUNDAI_Sonata_train.csv::Hyundai::Fuzzy_HYUNDAI_Sonata_train.csv::full_trace::860,0,1,Hyundai,Fuzzy_HYUNDAI_Sonata_train.csv
97,strong_campaign,atk_Hyundai_0-w05,atk_Hyundai_0,Hyundai::Fuzzy_HYUNDAI_Sonata_train.csv::Hyundai::Fuzzy_HYUNDAI_Sonata_train.csv::full_trace::179,0,0,Hyundai,Fuzzy_HYUNDAI_Sonata_train.csv
97,strong_campaign,atk_Hyundai_0-w06,atk_Hyundai_0,Hyundai::Fuzzy_HYUNDAI_Sonata_train.csv::Hyundai::Fuzzy_HYUNDAI_Sonata_train.csv::full_trace::576,0,0,Hyundai,Fuzzy_HYUNDAI_Sonata_train.csv
97,strong_campaign,atk_Hyundai_0-w07,atk_Hyundai_0,Hyundai::Attack_free_HY_Sonata_train.csv::Hyundai::Attack_free_HY_Sonata_train.csv::seg_test::493,0,0,Hyundai,Attack_free_HY_Sonata_train.csv
97,strong_campaign,atk_Hyundai_0-w08,atk_Hyundai_0,Hyundai::Attack_free_HY_Sonata_train.csv::Hyundai::Attack_free_HY_Sonata_train.csv::seg_test::449,0,0,Hyundai,Attack_free_HY_Sonata_train.csv
97,strong_campaign,atk_Hyundai_0-w09,atk_Hyundai_0,Hyundai::Attack_free_HY_Sonata_train.csv::Hyundai::Attack_free_HY_Sonata_train.csv::seg_test::83,0,0,Hyundai,Attack_free_HY_Sonata_train.csv
97,strong_campaign,atk_Hyundai_1-w00,atk_Hyundai_1,Hyundai::Fuzzy_HYUNDAI_Sonata_train.csv::Hyundai::Fuzzy_HYUNDAI_Sonata_train.csv::full_trace::1527,0,1,Hyundai,Fuzzy_HYUNDAI_Sonata_train.csv
97,strong_campaign,atk_Hyundai_1-w01,atk_Hyundai_1,Hyundai::Fuzzy_HYUNDAI_Sonata_train.csv::Hyundai::Fuzzy_HYUNDAI_Sonata_train.csv::full_trace::1005,0,1,Hyundai,Fuzzy_HYUNDAI_Sonata_train.csv
97,strong_campaign,atk_Hyundai_1-w02,atk_Hyundai_1,Hyundai::Fuzzy_HYUNDAI_Sonata_train.csv::Hyundai::Fuzzy_HYUNDAI_Sonata_train.csv::full_trace::1387,0,1,Hyundai,Fuzzy_HYUNDAI_Sonata_train.csv
97,strong_campaign,atk_Hyundai_1-w03,atk_Hyundai_1,Hyundai::Fuzzy_HYUNDAI_Sonata_train.csv::Hyundai::Fuzzy_HYUNDAI_Sonata_train.csv::full_trace::928,0,1,Hyundai,Fuzzy_HYUNDAI_Sonata_train.csv
97,strong_campaign,atk_Hyundai_1-w04,atk_Hyundai_1,Hyundai::Fuzzy_HYUNDAI_Sonata_train.csv::Hyundai::Fuzzy_HYUNDAI_Sonata_train.csv::full_trace::1542,0,1,Hyundai,Fuzzy_HYUNDAI_Sonata_train.csv
97,strong_campaign,atk_Hyundai_1-w05,atk_Hyundai_1,Hyundai::Attack_free_HY_Sonata_train.csv::Hyundai::Attack_free_HY_Sonata_train.csv::seg_test::142,0,0,Hyundai,Attack_free_HY_Sonata_train.csv
97,strong_campaign,atk_Hyundai_1-w06,atk_Hyundai_1,Hyundai::Fuzzy_HYUNDAI_Sonata_train.csv::Hyundai::Fuzzy_HYUNDAI_Sonata_train.csv::full_trace::612,0,0,Hyundai,Fuzzy_HYUNDAI_Sonata_train.csv
97,strong_campaign,atk_Hyundai_1-w07,atk_Hyundai_1,Hyundai::Attack_free_HY_Sonata_train.csv::Hyundai::Attack_free_HY_Sonata_train.csv::seg_test::1206,0,0,Hyundai,Attack_free_HY_Sonata_train.csv
97,strong_campaign,atk_Hyundai_1-w08,atk_Hyundai_1,Hyundai::Fuzzy_HYUNDAI_Sonata_train.csv::Hyundai::Fuzzy_HYUNDAI_Sonata_train.csv::full_trace::1077,0,0,Hyundai,Fuzzy_HYUNDAI_Sonata_train.csv
97,strong_campaign,atk_Hyundai_1-w09,atk_Hyundai_1,Hyundai::Fuzzy_HYUNDAI_Sonata_train.csv::Hyundai::Fuzzy_HYUNDAI_Sonata_train.csv::full_trace::1620,0,0,Hyundai,Fuzzy_HYUNDAI_Sonata_train.csv
97,strong_campaign,atk_Kia_2-w00,atk_Kia_2,Kia::Fuzzy_dataset_KIA_Soul_train.csv::Kia::Fuzzy_dataset_KIA_Soul_train.csv::full_trace::3193,0,1,Kia,Fuzzy_dataset_KIA_Soul_train.csv
97,strong_campaign,atk_Kia_2-w01,atk_Kia_2,Kia::Fuzzy_dataset_KIA_Soul_train.csv::Kia::Fuzzy_dataset_KIA_Soul_train.csv::full_trace::8424,0,1,Kia,Fuzzy_dataset_KIA_Soul_train.csv
97,strong_campaign,atk_Kia_2-w02,atk_Kia_2,Kia::Fuzzy_dataset_KIA_Soul_train.csv::Kia::Fuzzy_dataset_KIA_Soul_train.csv::full_trace::5963,0,1,Kia,Fuzzy_dataset_KIA_Soul_train.csv
97,strong_campaign,atk_Kia_2-w03,atk_Kia_2,Kia::Fuzzy_dataset_KIA_Soul_train.csv::Kia::Fuzzy_dataset_KIA_Soul_train.csv::full_trace::8313,0,1,Kia,Fuzzy_dataset_KIA_Soul_train.csv
97,strong_campaign,atk_Kia_2-w04,atk_Kia_2,Kia::Fuzzy_dataset_KIA_Soul_train.csv::Kia::Fuzzy_dataset_KIA_Soul_train.csv::full_trace::934,0,1,Kia,Fuzzy_dataset_KIA_Soul_train.csv
97,strong_campaign,atk_Kia_2-w05,atk_Kia_2,Kia::Attack_free_KIA_Soul_train.csv::Kia::Attack_free_KIA_Soul_train.csv::seg_test::521,0,0,Kia,Attack_free_KIA_Soul_train.csv
97,strong_campaign,atk_Kia_2-w06,atk_Kia_2,Kia::Attack_free_KIA_Soul_train.csv::Kia::Attack_free_KIA_Soul_train.csv::seg_test::499,0,0,Kia,Attack_free_KIA_Soul_train.csv
97,strong_campaign,atk_Kia_2-w07,atk_Kia_2,Kia::Attack_free_KIA_Soul_train.csv::Kia::Attack_free_KIA_Soul_train.csv::seg_test::1046,0,0,Kia,Attack_free_KIA_Soul_train.csv
97,strong_campaign,atk_Kia_2-w08,atk_Kia_2,Kia::Attack_free_KIA_Soul_train.csv::Kia::Attack_free_KIA_Soul_train.csv::seg_test::225,0,0,Kia,Attack_free_KIA_Soul_train.csv
97,strong_campaign,atk_Kia_2-w09,atk_Kia_2,Kia::Attack_free_KIA_Soul_train.csv::Kia::Attack_free_KIA_Soul_train.csv::seg_test::117,0,0,Kia,Attack_free_KIA_Soul_train.csv
97,strong_campaign,atk_Kia_3-w00,atk_Kia_3,Kia::Fuzzy_dataset_KIA_Soul_train.csv::Kia::Fuzzy_dataset_KIA_Soul_train.csv::full_trace::1577,0,1,Kia,Fuzzy_dataset_KIA_Soul_train.csv
97,strong_campaign,atk_Kia_3-w01,atk_Kia_3,Kia::Fuzzy_dataset_KIA_Soul_train.csv::Kia::Fuzzy_dataset_KIA_Soul_train.csv::full_trace::3121,0,1,Kia,Fuzzy_dataset_KIA_Soul_train.csv
97,strong_campaign,atk_Kia_3-w02,atk_Kia_3,Kia::Fuzzy_dataset_KIA_Soul_train.csv::Kia::Fuzzy_dataset_KIA_Soul_train.csv::full_trace::8336,0,1,Kia,Fuzzy_dataset_KIA_Soul_train.csv
97,strong_campaign,atk_Kia_3-w03,atk_Kia_3,Kia::Fuzzy_dataset_KIA_Soul_train.csv::Kia::Fuzzy_dataset_KIA_Soul_train.csv::full_trace::2063,0,1,Kia,Fuzzy_dataset_KIA_Soul_train.csv
97,strong_campaign,atk_Kia_3-w04,atk_Kia_3,Kia::Fuzzy_dataset_KIA_Soul_train.csv::Kia::Fuzzy_dataset_KIA_Soul_train.csv::full_trace::3777,0,1,Kia,Fuzzy_dataset_KIA_Soul_train.csv
97,strong_campaign,atk_Kia_3-w05,atk_Kia_3,Kia::Fuzzy_dataset_KIA_Soul_train.csv::Kia::Fuzzy_dataset_KIA_Soul_train.csv::full_trace::1102,0,0,Kia,Fuzzy_dataset_KIA_Soul_train.csv
97,strong_campaign,atk_Kia_3-w06,atk_Kia_3,Kia::Fuzzy_dataset_KIA_Soul_train.csv::Kia::Fuzzy_dataset_KIA_Soul_train.csv::full_trace::2370,0,0,Kia,Fuzzy_dataset_KIA_Soul_train.csv
97,strong_campaign,atk_Kia_3-w07,atk_Kia_3,Kia::Fuzzy_dataset_KIA_Soul_train.csv::Kia::Fuzzy_dataset_KIA_Soul_train.csv::full_trace::231,0,0,Kia,Fuzzy_dataset_KIA_Soul_train.csv
97,strong_campaign,atk_Kia_3-w08,atk_Kia_3,Kia::Fuzzy_dataset_KIA_Soul_train.csv::Kia::Fuzzy_dataset_KIA_Soul_train.csv::full_trace::5831,0,0,Kia,Fuzzy_dataset_KIA_Soul_train.csv
97,strong_campaign,atk_Kia_3-w09,atk_Kia_3,Kia::Fuzzy_dataset_KIA_Soul_train.csv::Kia::Fuzzy_dataset_KIA_Soul_train.csv::full_trace::3397,0,0,Kia,Fuzzy_dataset_KIA_Soul_train.csv
97,strong_campaign,atk_Chevrolet_4-w00,atk_Chevrolet_4,Chevrolet::Fuzzy_CHEVROLET_Spark_train.csv::Chevrolet::Fuzzy_CHEVROLET_Spark_train.csv::seg_test::52,0,1,Chevrolet,Fuzzy_CHEVROLET_Spark_train.csv
97,strong_campaign,atk_Chevrolet_4-w01,atk_Chevrolet_4,Chevrolet::Fuzzy_CHEVROLET_Spark_train.csv::Chevrolet::Fuzzy_CHEVROLET_Spark_train.csv::seg_test::66,0,1,Chevrolet,Fuzzy_CHEVROLET_Spark_train.csv
97,strong_campaign,atk_Chevrolet_4-w02,atk_Chevrolet_4,Chevrolet::Fuzzy_CHEVROLET_Spark_train.csv::Chevrolet::Fuzzy_CHEVROLET_Spark_train.csv::seg_test::76,0,1,Chevrolet,Fuzzy_CHEVROLET_Spark_train.csv
97,strong_campaign,atk_Chevrolet_4-w03,atk_Chevrolet_4,Chevrolet::Fuzzy_CHEVROLET_Spark_train.csv::Chevrolet::Fuzzy_CHEVROLET_Spark_train.csv::seg_test::42,0,1,Chevrolet,Fuzzy_CHEVROLET_Spark_train.csv
97,strong_campaign,atk_Chevrolet_4-w04,atk_Chevrolet_4,Chevrolet::Fuzzy_CHEVROLET_Spark_train.csv::Chevrolet::Fuzzy_CHEVROLET_Spark_train.csv::seg_test::93,0,1,Chevrolet,Fuzzy_CHEVROLET_Spark_train.csv
97,strong_campaign,atk_Chevrolet_4-w05,atk_Chevrolet_4,Chevrolet::Malfunction_CHEVROLET_Spark_train.csv::Chevrolet::Malfunction_CHEVROLET_Spark_train.csv::seg_test::15,0,0,Chevrolet,Malfunction_CHEVROLET_Spark_train.csv
97,strong_campaign,atk_Chevrolet_4-w06,atk_Chevrolet_4,Chevrolet::Attack_free_CHEVROLET_Spark_train.csv::Chevrolet::Attack_free_CHEVROLET_Spark_train.csv::seg_test::71,0,0,Chevrolet,Attack_free_CHEVROLET_Spark_train.csv
97,strong_campaign,atk_Chevrolet_4-w07,atk_Chevrolet_4,Chevrolet::Malfunction_CHEVROLET_Spark_train.csv::Chevrolet::Malfunction_CHEVROLET_Spark_train.csv::seg_test::139,0,0,Chevrolet,Malfunction_CHEVROLET_Spark_train.csv
97,strong_campaign,atk_Chevrolet_4-w08,atk_Chevrolet_4,Chevrolet::Attack_free_CHEVROLET_Spark_train.csv::Chevrolet::Attack_free_CHEVROLET_Spark_train.csv::seg_test::43,0,0,Chevrolet,Attack_free_CHEVROLET_Spark_train.csv
97,strong_campaign,atk_Chevrolet_4-w09,atk_Chevrolet_4,Chevrolet::Attack_free_CHEVROLET_Spark_train.csv::Chevrolet::Attack_free_CHEVROLET_Spark_train.csv::seg_test::377,0,0,Chevrolet,Attack_free_CHEVROLET_Spark_train.csv
97,strong_campaign,ben_00-w00,ben_00,Hyundai::Fuzzy_HYUNDAI_Sonata_train.csv::Hyundai::Fuzzy_HYUNDAI_Sonata_train.csv::full_trace::705,-1,0,Hyundai,Fuzzy_HYUNDAI_Sonata_train.csv
97,strong_campaign,ben_00-w01,ben_00,Kia::Fuzzy_dataset_KIA_Soul_train.csv::Kia::Fuzzy_dataset_KIA_Soul_train.csv::full_trace::94,-1,0,Kia,Fuzzy_dataset_KIA_Soul_train.csv
97,strong_campaign,ben_00-w02,ben_00,Kia::Fuzzy_dataset_KIA_Soul_train.csv::Kia::Fuzzy_dataset_KIA_Soul_train.csv::full_trace::7988,-1,0,Kia,Fuzzy_dataset_KIA_Soul_train.csv
97,strong_campaign,ben_00-w03,ben_00,Kia::Attack_free_KIA_Soul_train.csv::Kia::Attack_free_KIA_Soul_train.csv::seg_test::83,-1,0,Kia,Attack_free_KIA_Soul_train.csv
97,strong_campaign,ben_00-w04,ben_00,Kia::Attack_free_KIA_Soul_train.csv::Kia::Attack_free_KIA_Soul_train.csv::seg_test::323,-1,0,Kia,Attack_free_KIA_Soul_train.csv
97,strong_campaign,ben_00-w05,ben_00,Hyundai::Fuzzy_HYUNDAI_Sonata_train.csv::Hyundai::Fuzzy_HYUNDAI_Sonata_train.csv::full_trace::150,-1,0,Hyundai,Fuzzy_HYUNDAI_Sonata_train.csv
97,strong_campaign,ben_00-w06,ben_00,Kia::Attack_free_KIA_Soul_train.csv::Kia::Attack_free_KIA_Soul_train.csv::seg_test::1289,-1,0,Kia,Attack_free_KIA_Soul_train.csv
97,strong_campaign,ben_00-w07,ben_00,Kia::Fuzzy_dataset_KIA_Soul_train.csv::Kia::Fuzzy_dataset_KIA_Soul_train.csv::full_trace::8993,-1,0,Kia,Fuzzy_dataset_KIA_Soul_train.csv
97,strong_campaign,ben_00-w08,ben_00,Hyundai::Fuzzy_HYUNDAI_Sonata_train.csv::Hyundai::Fuzzy_HYUNDAI_Sonata_train.csv::full_trace::1134,-1,0,Hyundai,Fuzzy_HYUNDAI_Sonata_train.csv
97,strong_campaign,ben_00-w09,ben_00,Kia::Attack_free_KIA_Soul_train.csv::Kia::Attack_free_KIA_Soul_train.csv::seg_test::178,-1,0,Kia,Attack_free_KIA_Soul_train.csv
97,strong_campaign,ben_01-w00,ben_01,Chevrolet::Attack_free_CHEVROLET_Spark_train.csv::Chevrolet::Attack_free_CHEVROLET_Spark_train.csv::seg_test::167,-1,0,Chevrolet,Attack_free_CHEVROLET_Spark_train.csv
97,strong_campaign,ben_01-w01,ben_01,Kia::Fuzzy_dataset_KIA_Soul_train.csv::Kia::Fuzzy_dataset_KIA_Soul_train.csv::full_trace::2296,-1,0,Kia,Fuzzy_dataset_KIA_Soul_train.csv
97,strong_campaign,ben_01-w02,ben_01,Hyundai::Fuzzy_HYUNDAI_Sonata_train.csv::Hyundai::Fuzzy_HYUNDAI_Sonata_train.csv::full_trace::1658,-1,0,Hyundai,Fuzzy_HYUNDAI_Sonata_train.csv
97,strong_campaign,ben_01-w03,ben_01,Kia::Fuzzy_dataset_KIA_Soul_train.csv::Kia::Fuzzy_dataset_KIA_Soul_train.csv::full_trace::6984,-1,0,Kia,Fuzzy_dataset_KIA_Soul_train.csv
97,strong_campaign,ben_01-w04,ben_01,Hyundai::Fuzzy_HYUNDAI_Sonata_train.csv::Hyundai::Fuzzy_HYUNDAI_Sonata_train.csv::full_trace::1140,-1,0,Hyundai,Fuzzy_HYUNDAI_Sonata_train.csv
97,strong_campaign,ben_01-w05,ben_01,Kia::Attack_free_KIA_Soul_train.csv::Kia::Attack_free_KIA_Soul_train.csv::seg_test::751,-1,0,Kia,Attack_free_KIA_Soul_train.csv
97,strong_campaign,ben_01-w06,ben_01,Kia::Fuzzy_dataset_KIA_Soul_train.csv::Kia::Fuzzy_dataset_KIA_Soul_train.csv::full_trace::5909,-1,0,Kia,Fuzzy_dataset_KIA_Soul_train.csv
97,strong_campaign,ben_01-w07,ben_01,Kia::Attack_free_KIA_Soul_train.csv::Kia::Attack_free_KIA_Soul_train.csv::seg_test::559,-1,0,Kia,Attack_free_KIA_Soul_train.csv
97,strong_campaign,ben_01-w08,ben_01,Kia::Fuzzy_dataset_KIA_Soul_train.csv::Kia::Fuzzy_dataset_KIA_Soul_train.csv::full_trace::6641,-1,0,Kia,Fuzzy_dataset_KIA_Soul_train.csv
97,strong_campaign,ben_01-w09,ben_01,Hyundai::Fuzzy_HYUNDAI_Sonata_train.csv::Hyundai::Fuzzy_HYUNDAI_Sonata_train.csv::full_trace::1686,-1,0,Hyundai,Fuzzy_HYUNDAI_Sonata_train.csv
97,strong_campaign,ben_02-w00,ben_02,Kia::Fuzzy_dataset_KIA_Soul_train.csv::Kia::Fuzzy_dataset_KIA_Soul_train.csv::full_trace::6699,-1,0,Kia,Fuzzy_dataset_KIA_Soul_train.csv
97,strong_campaign,ben_02-w01,ben_02,Hyundai::Attack_free_HY_Sonata_train.csv::Hyundai::Attack_free_HY_Sonata_train.csv::seg_test::964,-1,0,Hyundai,Attack_free_HY_Sonata_train.csv
97,strong_campaign,ben_02-w02,ben_02,Hyundai::Fuzzy_HYUNDAI_Sonata_train.csv::Hyundai::Fuzzy_HYUNDAI_Sonata_train.csv::full_trace::564,-1,0,Hyundai,Fuzzy_HYUNDAI_Sonata_train.csv
97,strong_campaign,ben_02-w03,ben_02,Chevrolet::Attack_free_CHEVROLET_Spark_train.csv::Chevrolet::Attack_free_CHEVROLET_Spark_train.csv::seg_test::121,-1,0,Chevrolet,Attack_free_CHEVROLET_Spark_train.csv
97,strong_campaign,ben_02-w04,ben_02,Hyundai::Fuzzy_HYUNDAI_Sonata_train.csv::Hyundai::Fuzzy_HYUNDAI_Sonata_train.csv::full_trace::1229,-1,0,Hyundai,Fuzzy_HYUNDAI_Sonata_train.csv
97,strong_campaign,ben_02-w05,ben_02,Chevrolet::Attack_free_CHEVROLET_Spark_train.csv::Chevrolet::Attack_free_CHEVROLET_Spark_train.csv::seg_test::50,-1,0,Chevrolet,Attack_free_CHEVROLET_Spark_train.csv
97,strong_campaign,ben_02-w06,ben_02,Kia::Fuzzy_dataset_KIA_Soul_train.csv::Kia::Fuzzy_dataset_KIA_Soul_train.csv::full_trace::2179,-1,0,Kia,Fuzzy_dataset_KIA_Soul_train.csv
97,strong_campaign,ben_02-w07,ben_02,Kia::Fuzzy_dataset_KIA_Soul_train.csv::Kia::Fuzzy_dataset_KIA_Soul_train.csv::full_trace::4438,-1,0,Kia,Fuzzy_dataset_KIA_Soul_train.csv
97,strong_campaign,ben_02-w08,ben_02,Kia::Fuzzy_dataset_KIA_Soul_train.csv::Kia::Fuzzy_dataset_KIA_Soul_train.csv::full_trace::5830,-1,0,Kia,Fuzzy_dataset_KIA_Soul_train.csv
97,strong_campaign,ben_02-w09,ben_02,Kia::Fuzzy_dataset_KIA_Soul_train.csv::Kia::Fuzzy_dataset_KIA_Soul_train.csv::full_trace::5895,-1,0,Kia,Fuzzy_dataset_KIA_Soul_train.csv
97,strong_campaign,ben_03-w00,ben_03,Kia::Fuzzy_dataset_KIA_Soul_train.csv::Kia::Fuzzy_dataset_KIA_Soul_train.csv::full_trace::7915,-1,0,Kia,Fuzzy_dataset_KIA_Soul_train.csv
97,strong_campaign,ben_03-w01,ben_03,Hyundai::Fuzzy_HYUNDAI_Sonata_train.csv::Hyundai::Fuzzy_HYUNDAI_Sonata_train.csv::full_trace::571,-1,0,Hyundai,Fuzzy_HYUNDAI_Sonata_train.csv
97,strong_campaign,ben_03-w02,ben_03,Kia::Fuzzy_dataset_KIA_Soul_train.csv::Kia::Fuzzy_dataset_KIA_Soul_train.csv::full_trace::8786,-1,0,Kia,Fuzzy_dataset_KIA_Soul_train.csv
97,strong_campaign,ben_03-w03,ben_03,Hyundai::Attack_free_HY_Sonata_train.csv::Hyundai::Attack_free_HY_Sonata_train.csv::seg_test::240,-1,0,Hyundai,Attack_free_HY_Sonata_train.csv
97,strong_campaign,ben_03-w04,ben_03,Chevrolet::Attack_free_CHEVROLET_Spark_train.csv::Chevrolet::Attack_free_CHEVROLET_Spark_train.csv::seg_test::335,-1,0,Chevrolet,Attack_free_CHEVROLET_Spark_train.csv
97,strong_campaign,ben_03-w05,ben_03,Kia::Fuzzy_dataset_KIA_Soul_train.csv::Kia::Fuzzy_dataset_KIA_Soul_train.csv::full_trace::1260,-1,0,Kia,Fuzzy_dataset_KIA_Soul_train.csv
97,strong_campaign,ben_03-w06,ben_03,Chevrolet::Malfunction_CHEVROLET_Spark_train.csv::Chevrolet::Malfunction_CHEVROLET_Spark_train.csv::seg_test::133,-1,0,Chevrolet,Malfunction_CHEVROLET_Spark_train.csv
97,strong_campaign,ben_03-w07,ben_03,Hyundai::Attack_free_HY_Sonata_train.csv::Hyundai::Attack_free_HY_Sonata_train.csv::seg_test::830,-1,0,Hyundai,Attack_free_HY_Sonata_train.csv
97,strong_campaign,ben_03-w08,ben_03,Kia::Fuzzy_dataset_KIA_Soul_train.csv::Kia::Fuzzy_dataset_KIA_Soul_train.csv::full_trace::4639,-1,0,Kia,Fuzzy_dataset_KIA_Soul_train.csv
97,strong_campaign,ben_03-w09,ben_03,Kia::Attack_free_KIA_Soul_train.csv::Kia::Attack_free_KIA_Soul_train.csv::seg_test::453,-1,0,Kia,Attack_free_KIA_Soul_train.csv
97,strong_campaign,ben_04-w00,ben_04,Kia::Attack_free_KIA_Soul_train.csv::Kia::Attack_free_KIA_Soul_train.csv::seg_test::750,-1,0,Kia,Attack_free_KIA_Soul_train.csv
97,strong_campaign,ben_04-w01,ben_04,Kia::Fuzzy_dataset_KIA_Soul_train.csv::Kia::Fuzzy_dataset_KIA_Soul_train.csv::full_trace::5515,-1,0,Kia,Fuzzy_dataset_KIA_Soul_train.csv
97,strong_campaign,ben_04-w02,ben_04,Kia::Fuzzy_dataset_KIA_Soul_train.csv::Kia::Fuzzy_dataset_KIA_Soul_train.csv::full_trace::5548,-1,0,Kia,Fuzzy_dataset_KIA_Soul_train.csv
97,strong_campaign,ben_04-w03,ben_04,Hyundai::Attack_free_HY_Sonata_train.csv::Hyundai::Attack_free_HY_Sonata_train.csv::seg_test::545,-1,0,Hyundai,Attack_free_HY_Sonata_train.csv
97,strong_campaign,ben_04-w04,ben_04,Hyundai::Attack_free_HY_Sonata_train.csv::Hyundai::Attack_free_HY_Sonata_train.csv::seg_test::798,-1,0,Hyundai,Attack_free_HY_Sonata_train.csv
97,strong_campaign,ben_04-w05,ben_04,Kia::Attack_free_KIA_Soul_train.csv::Kia::Attack_free_KIA_Soul_train.csv::seg_test::337,-1,0,Kia,Attack_free_KIA_Soul_train.csv
97,strong_campaign,ben_04-w06,ben_04,Kia::Fuzzy_dataset_KIA_Soul_train.csv::Kia::Fuzzy_dataset_KIA_Soul_train.csv::full_trace::3446,-1,0,Kia,Fuzzy_dataset_KIA_Soul_train.csv
97,strong_campaign,ben_04-w07,ben_04,Hyundai::Fuzzy_HYUNDAI_Sonata_train.csv::Hyundai::Fuzzy_HYUNDAI_Sonata_train.csv::full_trace::1742,-1,0,Hyundai,Fuzzy_HYUNDAI_Sonata_train.csv
97,strong_campaign,ben_04-w08,ben_04,Hyundai::Fuzzy_HYUNDAI_Sonata_train.csv::Hyundai::Fuzzy_HYUNDAI_Sonata_train.csv::full_trace::1709,-1,0,Hyundai,Fuzzy_HYUNDAI_Sonata_train.csv
97,strong_campaign,ben_04-w09,ben_04,Kia::Attack_free_KIA_Soul_train.csv::Kia::Attack_free_KIA_Soul_train.csv::seg_test::749,-1,0,Kia,Attack_free_KIA_Soul_train.csv
97,strong_campaign,ben_05-w00,ben_05,Hyundai::Fuzzy_HYUNDAI_Sonata_train.csv::Hyundai::Fuzzy_HYUNDAI_Sonata_train.csv::full_trace::645,-1,0,Hyundai,Fuzzy_HYUNDAI_Sonata_train.csv
97,strong_campaign,ben_05-w01,ben_05,Kia::Fuzzy_dataset_KIA_Soul_train.csv::Kia::Fuzzy_dataset_KIA_Soul_train.csv::full_trace::2272,-1,0,Kia,Fuzzy_dataset_KIA_Soul_train.csv
97,strong_campaign,ben_05-w02,ben_05,Kia::Fuzzy_dataset_KIA_Soul_train.csv::Kia::Fuzzy_dataset_KIA_Soul_train.csv::full_trace::7934,-1,0,Kia,Fuzzy_dataset_KIA_Soul_train.csv
97,strong_campaign,ben_05-w03,ben_05,Kia::Fuzzy_dataset_KIA_Soul_train.csv::Kia::Fuzzy_dataset_KIA_Soul_train.csv::full_trace::9058,-1,0,Kia,Fuzzy_dataset_KIA_Soul_train.csv
97,strong_campaign,ben_05-w04,ben_05,Kia::Attack_free_KIA_Soul_train.csv::Kia::Attack_free_KIA_Soul_train.csv::seg_test::204,-1,0,Kia,Attack_free_KIA_Soul_train.csv
97,strong_campaign,ben_05-w05,ben_05,Kia::Attack_free_KIA_Soul_train.csv::Kia::Attack_free_KIA_Soul_train.csv::seg_test::365,-1,0,Kia,Attack_free_KIA_Soul_train.csv
97,strong_campaign,ben_05-w06,ben_05,Hyundai::Fuzzy_HYUNDAI_Sonata_train.csv::Hyundai::Fuzzy_HYUNDAI_Sonata_train.csv::full_trace::258,-1,0,Hyundai,Fuzzy_HYUNDAI_Sonata_train.csv
97,strong_campaign,ben_05-w07,ben_05,Hyundai::Fuzzy_HYUNDAI_Sonata_train.csv::Hyundai::Fuzzy_HYUNDAI_Sonata_train.csv::full_trace::246,-1,0,Hyundai,Fuzzy_HYUNDAI_Sonata_train.csv
97,strong_campaign,ben_05-w08,ben_05,Kia::Attack_free_KIA_Soul_train.csv::Kia::Attack_free_KIA_Soul_train.csv::seg_test::599,-1,0,Kia,Attack_free_KIA_Soul_train.csv
97,strong_campaign,ben_05-w09,ben_05,Hyundai::Attack_free_HY_Sonata_train.csv::Hyundai::Attack_free_HY_Sonata_train.csv::seg_test::1185,-1,0,Hyundai,Attack_free_HY_Sonata_train.csv
97,strong_campaign,ben_06-w00,ben_06,Kia::Fuzzy_dataset_KIA_Soul_train.csv::Kia::Fuzzy_dataset_KIA_Soul_train.csv::full_trace::5693,-1,0,Kia,Fuzzy_dataset_KIA_Soul_train.csv
97,strong_campaign,ben_06-w01,ben_06,Kia::Fuzzy_dataset_KIA_Soul_train.csv::Kia::Fuzzy_dataset_KIA_Soul_train.csv::full_trace::6639,-1,0,Kia,Fuzzy_dataset_KIA_Soul_train.csv
97,strong_campaign,ben_06-w02,ben_06,Kia::Fuzzy_dataset_KIA_Soul_train.csv::Kia::Fuzzy_dataset_KIA_Soul_train.csv::full_trace::2153,-1,0,Kia,Fuzzy_dataset_KIA_Soul_train.csv
97,strong_campaign,ben_06-w03,ben_06,Kia::Fuzzy_dataset_KIA_Soul_train.csv::Kia::Fuzzy_dataset_KIA_Soul_train.csv::full_trace::4426,-1,0,Kia,Fuzzy_dataset_KIA_Soul_train.csv
97,strong_campaign,ben_06-w04,ben_06,Kia::Attack_free_KIA_Soul_train.csv::Kia::Attack_free_KIA_Soul_train.csv::seg_test::655,-1,0,Kia,Attack_free_KIA_Soul_train.csv
97,strong_campaign,ben_06-w05,ben_06,Kia::Fuzzy_dataset_KIA_Soul_train.csv::Kia::Fuzzy_dataset_KIA_Soul_train.csv::full_trace::4435,-1,0,Kia,Fuzzy_dataset_KIA_Soul_train.csv
97,strong_campaign,ben_06-w06,ben_06,Kia::Fuzzy_dataset_KIA_Soul_train.csv::Kia::Fuzzy_dataset_KIA_Soul_train.csv::full_trace::1121,-1,0,Kia,Fuzzy_dataset_KIA_Soul_train.csv
97,strong_campaign,ben_06-w07,ben_06,Hyundai::Fuzzy_HYUNDAI_Sonata_train.csv::Hyundai::Fuzzy_HYUNDAI_Sonata_train.csv::full_trace::654,-1,0,Hyundai,Fuzzy_HYUNDAI_Sonata_train.csv
97,strong_campaign,ben_06-w08,ben_06,Chevrolet::Attack_free_CHEVROLET_Spark_train.csv::Chevrolet::Attack_free_CHEVROLET_Spark_train.csv::seg_test::73,-1,0,Chevrolet,Attack_free_CHEVROLET_Spark_train.csv
97,strong_campaign,ben_06-w09,ben_06,Hyundai::Fuzzy_HYUNDAI_Sonata_train.csv::Hyundai::Fuzzy_HYUNDAI_Sonata_train.csv::full_trace::744,-1,0,Hyundai,Fuzzy_HYUNDAI_Sonata_train.csv
97,strong_campaign,ben_07-w00,ben_07,Hyundai::Attack_free_HY_Sonata_train.csv::Hyundai::Attack_free_HY_Sonata_train.csv::seg_test::939,-1,0,Hyundai,Attack_free_HY_Sonata_train.csv
97,strong_campaign,ben_07-w01,ben_07,Kia::Fuzzy_dataset_KIA_Soul_train.csv::Kia::Fuzzy_dataset_KIA_Soul_train.csv::full_trace::2334,-1,0,Kia,Fuzzy_dataset_KIA_Soul_train.csv
97,strong_campaign,ben_07-w02,ben_07,Hyundai::Attack_free_HY_Sonata_train.csv::Hyundai::Attack_free_HY_Sonata_train.csv::seg_test::514,-1,0,Hyundai,Attack_free_HY_Sonata_train.csv
97,strong_campaign,ben_07-w03,ben_07,Kia::Fuzzy_dataset_KIA_Soul_train.csv::Kia::Fuzzy_dataset_KIA_Soul_train.csv::full_trace::1313,-1,0,Kia,Fuzzy_dataset_KIA_Soul_train.csv
97,strong_campaign,ben_07-w04,ben_07,Kia::Attack_free_KIA_Soul_train.csv::Kia::Attack_free_KIA_Soul_train.csv::seg_test::382,-1,0,Kia,Attack_free_KIA_Soul_train.csv
97,strong_campaign,ben_07-w05,ben_07,Kia::Fuzzy_dataset_KIA_Soul_train.csv::Kia::Fuzzy_dataset_KIA_Soul_train.csv::full_trace::8180,-1,0,Kia,Fuzzy_dataset_KIA_Soul_train.csv
97,strong_campaign,ben_07-w06,ben_07,Kia::Fuzzy_dataset_KIA_Soul_train.csv::Kia::Fuzzy_dataset_KIA_Soul_train.csv::full_trace::7028,-1,0,Kia,Fuzzy_dataset_KIA_Soul_train.csv
97,strong_campaign,ben_07-w07,ben_07,Chevrolet::Attack_free_CHEVROLET_Spark_train.csv::Chevrolet::Attack_free_CHEVROLET_Spark_train.csv::seg_test::180,-1,0,Chevrolet,Attack_free_CHEVROLET_Spark_train.csv
97,strong_campaign,ben_07-w08,ben_07,Kia::Attack_free_KIA_Soul_train.csv::Kia::Attack_free_KIA_Soul_train.csv::seg_test::1208,-1,0,Kia,Attack_free_KIA_Soul_train.csv
97,strong_campaign,ben_07-w09,ben_07,Kia::Attack_free_KIA_Soul_train.csv::Kia::Attack_free_KIA_Soul_train.csv::seg_test::866,-1,0,Kia,Attack_free_KIA_Soul_train.csv
97,strong_campaign,ben_08-w00,ben_08,Kia::Fuzzy_dataset_KIA_Soul_train.csv::Kia::Fuzzy_dataset_KIA_Soul_train.csv::full_trace::3318,-1,0,Kia,Fuzzy_dataset_KIA_Soul_train.csv
97,strong_campaign,ben_08-w01,ben_08,Kia::Attack_free_KIA_Soul_train.csv::Kia::Attack_free_KIA_Soul_train.csv::seg_test::702,-1,0,Kia,Attack_free_KIA_Soul_train.csv
97,strong_campaign,ben_08-w02,ben_08,Hyundai::Fuzzy_HYUNDAI_Sonata_train.csv::Hyundai::Fuzzy_HYUNDAI_Sonata_train.csv::full_trace::526,-1,0,Hyundai,Fuzzy_HYUNDAI_Sonata_train.csv
97,strong_campaign,ben_08-w03,ben_08,Hyundai::Attack_free_HY_Sonata_train.csv::Hyundai::Attack_free_HY_Sonata_train.csv::seg_test::895,-1,0,Hyundai,Attack_free_HY_Sonata_train.csv
97,strong_campaign,ben_08-w04,ben_08,Kia::Fuzzy_dataset_KIA_Soul_train.csv::Kia::Fuzzy_dataset_KIA_Soul_train.csv::full_trace::1026,-1,0,Kia,Fuzzy_dataset_KIA_Soul_train.csv
97,strong_campaign,ben_08-w05,ben_08,Hyundai::Attack_free_HY_Sonata_train.csv::Hyundai::Attack_free_HY_Sonata_train.csv::seg_test::487,-1,0,Hyundai,Attack_free_HY_Sonata_train.csv
97,strong_campaign,ben_08-w06,ben_08,Hyundai::Fuzzy_HYUNDAI_Sonata_train.csv::Hyundai::Fuzzy_HYUNDAI_Sonata_train.csv::full_trace::1627,-1,0,Hyundai,Fuzzy_HYUNDAI_Sonata_train.csv
97,strong_campaign,ben_08-w07,ben_08,Kia::Attack_free_KIA_Soul_train.csv::Kia::Attack_free_KIA_Soul_train.csv::seg_test::690,-1,0,Kia,Attack_free_KIA_Soul_train.csv
97,strong_campaign,ben_08-w08,ben_08,Hyundai::Attack_free_HY_Sonata_train.csv::Hyundai::Attack_free_HY_Sonata_train.csv::seg_test::833,-1,0,Hyundai,Attack_free_HY_Sonata_train.csv
97,strong_campaign,ben_08-w09,ben_08,Kia::Fuzzy_dataset_KIA_Soul_train.csv::Kia::Fuzzy_dataset_KIA_Soul_train.csv::full_trace::6923,-1,0,Kia,Fuzzy_dataset_KIA_Soul_train.csv
97,strong_campaign,ben_09-w00,ben_09,Kia::Fuzzy_dataset_KIA_Soul_train.csv::Kia::Fuzzy_dataset_KIA_Soul_train.csv::full_trace::4692,-1,0,Kia,Fuzzy_dataset_KIA_Soul_train.csv
97,strong_campaign,ben_09-w01,ben_09,Chevrolet::Malfunction_CHEVROLET_Spark_train.csv::Chevrolet::Malfunction_CHEVROLET_Spark_train.csv::seg_test::105,-1,0,Chevrolet,Malfunction_CHEVROLET_Spark_train.csv
97,strong_campaign,ben_09-w02,ben_09,Kia::Fuzzy_dataset_KIA_Soul_train.csv::Kia::Fuzzy_dataset_KIA_Soul_train.csv::full_trace::8011,-1,0,Kia,Fuzzy_dataset_KIA_Soul_train.csv
97,strong_campaign,ben_09-w03,ben_09,Kia::Attack_free_KIA_Soul_train.csv::Kia::Attack_free_KIA_Soul_train.csv::seg_test::595,-1,0,Kia,Attack_free_KIA_Soul_train.csv
97,strong_campaign,ben_09-w04,ben_09,Kia::Attack_free_KIA_Soul_train.csv::Kia::Attack_free_KIA_Soul_train.csv::seg_test::1393,-1,0,Kia,Attack_free_KIA_Soul_train.csv
97,strong_campaign,ben_09-w05,ben_09,Hyundai::Attack_free_HY_Sonata_train.csv::Hyundai::Attack_free_HY_Sonata_train.csv::seg_test::287,-1,0,Hyundai,Attack_free_HY_Sonata_train.csv
97,strong_campaign,ben_09-w06,ben_09,Chevrolet::Attack_free_CHEVROLET_Spark_train.csv::Chevrolet::Attack_free_CHEVROLET_Spark_train.csv::seg_test::276,-1,0,Chevrolet,Attack_free_CHEVROLET_Spark_train.csv
97,strong_campaign,ben_09-w07,ben_09,Hyundai::Attack_free_HY_Sonata_train.csv::Hyundai::Attack_free_HY_Sonata_train.csv::seg_test::1026,-1,0,Hyundai,Attack_free_HY_Sonata_train.csv
97,strong_campaign,ben_09-w08,ben_09,Kia::Fuzzy_dataset_KIA_Soul_train.csv::Kia::Fuzzy_dataset_KIA_Soul_train.csv::full_trace::1108,-1,0,Kia,Fuzzy_dataset_KIA_Soul_train.csv
97,strong_campaign,ben_09-w09,ben_09,Hyundai::Attack_free_HY_Sonata_train.csv::Hyundai::Attack_free_HY_Sonata_train.csv::seg_test::740,-1,0,Hyundai,Attack_free_HY_Sonata_train.csv
97,strong_campaign,ben_10-w00,ben_10,Hyundai::Fuzzy_HYUNDAI_Sonata_train.csv::Hyundai::Fuzzy_HYUNDAI_Sonata_train.csv::full_trace::336,-1,0,Hyundai,Fuzzy_HYUNDAI_Sonata_train.csv
97,strong_campaign,ben_10-w01,ben_10,Chevrolet::Attack_free_CHEVROLET_Spark_train.csv::Chevrolet::Attack_free_CHEVROLET_Spark_train.csv::seg_test::315,-1,0,Chevrolet,Attack_free_CHEVROLET_Spark_train.csv
97,strong_campaign,ben_10-w02,ben_10,Hyundai::Attack_free_HY_Sonata_train.csv::Hyundai::Attack_free_HY_Sonata_train.csv::seg_test::858,-1,0,Hyundai,Attack_free_HY_Sonata_train.csv
97,strong_campaign,ben_10-w03,ben_10,Chevrolet::Malfunction_CHEVROLET_Spark_train.csv::Chevrolet::Malfunction_CHEVROLET_Spark_train.csv::seg_test::104,-1,0,Chevrolet,Malfunction_CHEVROLET_Spark_train.csv
97,strong_campaign,ben_10-w04,ben_10,Kia::Fuzzy_dataset_KIA_Soul_train.csv::Kia::Fuzzy_dataset_KIA_Soul_train.csv::full_trace::4745,-1,0,Kia,Fuzzy_dataset_KIA_Soul_train.csv
97,strong_campaign,ben_10-w05,ben_10,Kia::Fuzzy_dataset_KIA_Soul_train.csv::Kia::Fuzzy_dataset_KIA_Soul_train.csv::full_trace::110,-1,0,Kia,Fuzzy_dataset_KIA_Soul_train.csv
97,strong_campaign,ben_10-w06,ben_10,Kia::Fuzzy_dataset_KIA_Soul_train.csv::Kia::Fuzzy_dataset_KIA_Soul_train.csv::full_trace::7029,-1,0,Kia,Fuzzy_dataset_KIA_Soul_train.csv
97,strong_campaign,ben_10-w07,ben_10,Kia::Attack_free_KIA_Soul_train.csv::Kia::Attack_free_KIA_Soul_train.csv::seg_test::473,-1,0,Kia,Attack_free_KIA_Soul_train.csv
97,strong_campaign,ben_10-w08,ben_10,Hyundai::Fuzzy_HYUNDAI_Sonata_train.csv::Hyundai::Fuzzy_HYUNDAI_Sonata_train.csv::full_trace::1739,-1,0,Hyundai,Fuzzy_HYUNDAI_Sonata_train.csv
97,strong_campaign,ben_10-w09,ben_10,Kia::Fuzzy_dataset_KIA_Soul_train.csv::Kia::Fuzzy_dataset_KIA_Soul_train.csv::full_trace::4671,-1,0,Kia,Fuzzy_dataset_KIA_Soul_train.csv
97,strong_campaign,ben_11-w00,ben_11,Kia::Attack_free_KIA_Soul_train.csv::Kia::Attack_free_KIA_Soul_train.csv::seg_test::560,-1,0,Kia,Attack_free_KIA_Soul_train.csv
97,strong_campaign,ben_11-w01,ben_11,Chevrolet::Flooding_CHEVROLET_Spark_train.csv::Chevrolet::Flooding_CHEVROLET_Spark_train.csv::seg_test::234,-1,0,Chevrolet,Flooding_CHEVROLET_Spark_train.csv
97,strong_campaign,ben_11-w02,ben_11,Kia::Attack_free_KIA_Soul_train.csv::Kia::Attack_free_KIA_Soul_train.csv::seg_test::1319,-1,0,Kia,Attack_free_KIA_Soul_train.csv
97,strong_campaign,ben_11-w03,ben_11,Hyundai::Attack_free_HY_Sonata_train.csv::Hyundai::Attack_free_HY_Sonata_train.csv::seg_test::1020,-1,0,Hyundai,Attack_free_HY_Sonata_train.csv
97,strong_campaign,ben_11-w04,ben_11,Kia::Fuzzy_dataset_KIA_Soul_train.csv::Kia::Fuzzy_dataset_KIA_Soul_train.csv::full_trace::6775,-1,0,Kia,Fuzzy_dataset_KIA_Soul_train.csv
97,strong_campaign,ben_11-w05,ben_11,Kia::Fuzzy_dataset_KIA_Soul_train.csv::Kia::Fuzzy_dataset_KIA_Soul_train.csv::full_trace::8012,-1,0,Kia,Fuzzy_dataset_KIA_Soul_train.csv
97,strong_campaign,ben_11-w06,ben_11,Kia::Fuzzy_dataset_KIA_Soul_train.csv::Kia::Fuzzy_dataset_KIA_Soul_train.csv::full_trace::2330,-1,0,Kia,Fuzzy_dataset_KIA_Soul_train.csv
97,strong_campaign,ben_11-w07,ben_11,Chevrolet::Malfunction_CHEVROLET_Spark_train.csv::Chevrolet::Malfunction_CHEVROLET_Spark_train.csv::seg_test::27,-1,0,Chevrolet,Malfunction_CHEVROLET_Spark_train.csv
97,strong_campaign,ben_11-w08,ben_11,Hyundai::Fuzzy_HYUNDAI_Sonata_train.csv::Hyundai::Fuzzy_HYUNDAI_Sonata_train.csv::full_trace::387,-1,0,Hyundai,Fuzzy_HYUNDAI_Sonata_train.csv
97,strong_campaign,ben_11-w09,ben_11,Kia::Fuzzy_dataset_KIA_Soul_train.csv::Kia::Fuzzy_dataset_KIA_Soul_train.csv::full_trace::2402,-1,0,Kia,Fuzzy_dataset_KIA_Soul_train.csv
97,strong_campaign,ben_12-w00,ben_12,Chevrolet::Attack_free_CHEVROLET_Spark_train.csv::Chevrolet::Attack_free_CHEVROLET_Spark_train.csv::seg_test::41,-1,0,Chevrolet,Attack_free_CHEVROLET_Spark_train.csv
97,strong_campaign,ben_12-w01,ben_12,Hyundai::Fuzzy_HYUNDAI_Sonata_train.csv::Hyundai::Fuzzy_HYUNDAI_Sonata_train.csv::full_trace::1208,-1,0,Hyundai,Fuzzy_HYUNDAI_Sonata_train.csv
97,strong_campaign,ben_12-w02,ben_12,Kia::Fuzzy_dataset_KIA_Soul_train.csv::Kia::Fuzzy_dataset_KIA_Soul_train.csv::full_trace::7797,-1,0,Kia,Fuzzy_dataset_KIA_Soul_train.csv
97,strong_campaign,ben_12-w03,ben_12,Hyundai::Attack_free_HY_Sonata_train.csv::Hyundai::Attack_free_HY_Sonata_train.csv::seg_test::711,-1,0,Hyundai,Attack_free_HY_Sonata_train.csv
97,strong_campaign,ben_12-w04,ben_12,Kia::Fuzzy_dataset_KIA_Soul_train.csv::Kia::Fuzzy_dataset_KIA_Soul_train.csv::full_trace::1157,-1,0,Kia,Fuzzy_dataset_KIA_Soul_train.csv
97,strong_campaign,ben_12-w05,ben_12,Kia::Fuzzy_dataset_KIA_Soul_train.csv::Kia::Fuzzy_dataset_KIA_Soul_train.csv::full_trace::3627,-1,0,Kia,Fuzzy_dataset_KIA_Soul_train.csv
97,strong_campaign,ben_12-w06,ben_12,Kia::Fuzzy_dataset_KIA_Soul_train.csv::Kia::Fuzzy_dataset_KIA_Soul_train.csv::full_trace::78,-1,0,Kia,Fuzzy_dataset_KIA_Soul_train.csv
97,strong_campaign,ben_12-w07,ben_12,Hyundai::Fuzzy_HYUNDAI_Sonata_train.csv::Hyundai::Fuzzy_HYUNDAI_Sonata_train.csv::full_trace::1127,-1,0,Hyundai,Fuzzy_HYUNDAI_Sonata_train.csv
97,strong_campaign,ben_12-w08,ben_12,Kia::Attack_free_KIA_Soul_train.csv::Kia::Attack_free_KIA_Soul_train.csv::seg_test::431,-1,0,Kia,Attack_free_KIA_Soul_train.csv
97,strong_campaign,ben_12-w09,ben_12,Hyundai::Attack_free_HY_Sonata_train.csv::Hyundai::Attack_free_HY_Sonata_train.csv::seg_test::654,-1,0,Hyundai,Attack_free_HY_Sonata_train.csv
97,strong_campaign,ben_13-w00,ben_13,Kia::Fuzzy_dataset_KIA_Soul_train.csv::Kia::Fuzzy_dataset_KIA_Soul_train.csv::full_trace::7039,-1,0,Kia,Fuzzy_dataset_KIA_Soul_train.csv
97,strong_campaign,ben_13-w01,ben_13,Kia::Fuzzy_dataset_KIA_Soul_train.csv::Kia::Fuzzy_dataset_KIA_Soul_train.csv::full_trace::8114,-1,0,Kia,Fuzzy_dataset_KIA_Soul_train.csv
97,strong_campaign,ben_13-w02,ben_13,Kia::Fuzzy_dataset_KIA_Soul_train.csv::Kia::Fuzzy_dataset_KIA_Soul_train.csv::full_trace::8801,-1,0,Kia,Fuzzy_dataset_KIA_Soul_train.csv
97,strong_campaign,ben_13-w03,ben_13,Kia::Fuzzy_dataset_KIA_Soul_train.csv::Kia::Fuzzy_dataset_KIA_Soul_train.csv::full_trace::2157,-1,0,Kia,Fuzzy_dataset_KIA_Soul_train.csv
97,strong_campaign,ben_13-w04,ben_13,Hyundai::Fuzzy_HYUNDAI_Sonata_train.csv::Hyundai::Fuzzy_HYUNDAI_Sonata_train.csv::full_trace::1119,-1,0,Hyundai,Fuzzy_HYUNDAI_Sonata_train.csv
97,strong_campaign,ben_13-w05,ben_13,Kia::Fuzzy_dataset_KIA_Soul_train.csv::Kia::Fuzzy_dataset_KIA_Soul_train.csv::full_trace::8970,-1,0,Kia,Fuzzy_dataset_KIA_Soul_train.csv
97,strong_campaign,ben_13-w06,ben_13,Hyundai::Fuzzy_HYUNDAI_Sonata_train.csv::Hyundai::Fuzzy_HYUNDAI_Sonata_train.csv::full_trace::1580,-1,0,Hyundai,Fuzzy_HYUNDAI_Sonata_train.csv
97,strong_campaign,ben_13-w07,ben_13,Kia::Fuzzy_dataset_KIA_Soul_train.csv::Kia::Fuzzy_dataset_KIA_Soul_train.csv::full_trace::9175,-1,0,Kia,Fuzzy_dataset_KIA_Soul_train.csv
97,strong_campaign,ben_13-w08,ben_13,Hyundai::Fuzzy_HYUNDAI_Sonata_train.csv::Hyundai::Fuzzy_HYUNDAI_Sonata_train.csv::full_trace::1187,-1,0,Hyundai,Fuzzy_HYUNDAI_Sonata_train.csv
97,strong_campaign,ben_13-w09,ben_13,Kia::Attack_free_KIA_Soul_train.csv::Kia::Attack_free_KIA_Soul_train.csv::seg_test::500,-1,0,Kia,Attack_free_KIA_Soul_train.csv
97,strong_campaign,ben_14-w00,ben_14,Chevrolet::Malfunction_CHEVROLET_Spark_train.csv::Chevrolet::Malfunction_CHEVROLET_Spark_train.csv::seg_test::49,-1,0,Chevrolet,Malfunction_CHEVROLET_Spark_train.csv
97,strong_campaign,ben_14-w01,ben_14,Kia::Attack_free_KIA_Soul_train.csv::Kia::Attack_free_KIA_Soul_train.csv::seg_test::177,-1,0,Kia,Attack_free_KIA_Soul_train.csv
97,strong_campaign,ben_14-w02,ben_14,Hyundai::Attack_free_HY_Sonata_train.csv::Hyundai::Attack_free_HY_Sonata_train.csv::seg_test::930,-1,0,Hyundai,Attack_free_HY_Sonata_train.csv
97,strong_campaign,ben_14-w03,ben_14,Kia::Fuzzy_dataset_KIA_Soul_train.csv::Kia::Fuzzy_dataset_KIA_Soul_train.csv::full_trace::4536,-1,0,Kia,Fuzzy_dataset_KIA_Soul_train.csv
97,strong_campaign,ben_14-w04,ben_14,Hyundai::Fuzzy_HYUNDAI_Sonata_train.csv::Hyundai::Fuzzy_HYUNDAI_Sonata_train.csv::full_trace::205,-1,0,Hyundai,Fuzzy_HYUNDAI_Sonata_train.csv
97,strong_campaign,ben_14-w05,ben_14,Hyundai::Attack_free_HY_Sonata_train.csv::Hyundai::Attack_free_HY_Sonata_train.csv::seg_test::677,-1,0,Hyundai,Attack_free_HY_Sonata_train.csv
97,strong_campaign,ben_14-w06,ben_14,Hyundai::Fuzzy_HYUNDAI_Sonata_train.csv::Hyundai::Fuzzy_HYUNDAI_Sonata_train.csv::full_trace::240,-1,0,Hyundai,Fuzzy_HYUNDAI_Sonata_train.csv
97,strong_campaign,ben_14-w07,ben_14,Kia::Fuzzy_dataset_KIA_Soul_train.csv::Kia::Fuzzy_dataset_KIA_Soul_train.csv::full_trace::4622,-1,0,Kia,Fuzzy_dataset_KIA_Soul_train.csv
97,strong_campaign,ben_14-w08,ben_14,Kia::Fuzzy_dataset_KIA_Soul_train.csv::Kia::Fuzzy_dataset_KIA_Soul_train.csv::full_trace::6858,-1,0,Kia,Fuzzy_dataset_KIA_Soul_train.csv
97,strong_campaign,ben_14-w09,ben_14,Kia::Fuzzy_dataset_KIA_Soul_train.csv::Kia::Fuzzy_dataset_KIA_Soul_train.csv::full_trace::3276,-1,0,Kia,Fuzzy_dataset_KIA_Soul_train.csv
97,unrelated_incidents,ind_00-w00,ind_00,Kia::Fuzzy_dataset_KIA_Soul_train.csv::Kia::Fuzzy_dataset_KIA_Soul_train.csv::full_trace::563,0,1,Kia,Fuzzy_dataset_KIA_Soul_train.csv
97,unrelated_incidents,ind_00-w01,ind_00,Kia::Fuzzy_dataset_KIA_Soul_train.csv::Kia::Fuzzy_dataset_KIA_Soul_train.csv::full_trace::6019,0,1,Kia,Fuzzy_dataset_KIA_Soul_train.csv
97,unrelated_incidents,ind_00-w02,ind_00,Kia::Fuzzy_dataset_KIA_Soul_train.csv::Kia::Fuzzy_dataset_KIA_Soul_train.csv::full_trace::3667,0,1,Kia,Fuzzy_dataset_KIA_Soul_train.csv
97,unrelated_incidents,ind_00-w03,ind_00,Kia::Fuzzy_dataset_KIA_Soul_train.csv::Kia::Fuzzy_dataset_KIA_Soul_train.csv::full_trace::4944,0,1,Kia,Fuzzy_dataset_KIA_Soul_train.csv
97,unrelated_incidents,ind_00-w04,ind_00,Kia::Fuzzy_dataset_KIA_Soul_train.csv::Kia::Fuzzy_dataset_KIA_Soul_train.csv::full_trace::289,0,1,Kia,Fuzzy_dataset_KIA_Soul_train.csv
97,unrelated_incidents,ind_00-w05,ind_00,Kia::Fuzzy_dataset_KIA_Soul_train.csv::Kia::Fuzzy_dataset_KIA_Soul_train.csv::full_trace::2282,-1,0,Kia,Fuzzy_dataset_KIA_Soul_train.csv
97,unrelated_incidents,ind_00-w06,ind_00,Kia::Fuzzy_dataset_KIA_Soul_train.csv::Kia::Fuzzy_dataset_KIA_Soul_train.csv::full_trace::5725,-1,0,Kia,Fuzzy_dataset_KIA_Soul_train.csv
97,unrelated_incidents,ind_00-w07,ind_00,Hyundai::Fuzzy_HYUNDAI_Sonata_train.csv::Hyundai::Fuzzy_HYUNDAI_Sonata_train.csv::full_trace::309,-1,0,Hyundai,Fuzzy_HYUNDAI_Sonata_train.csv
97,unrelated_incidents,ind_00-w08,ind_00,Hyundai::Fuzzy_HYUNDAI_Sonata_train.csv::Hyundai::Fuzzy_HYUNDAI_Sonata_train.csv::full_trace::168,-1,0,Hyundai,Fuzzy_HYUNDAI_Sonata_train.csv
97,unrelated_incidents,ind_00-w09,ind_00,Hyundai::Attack_free_HY_Sonata_train.csv::Hyundai::Attack_free_HY_Sonata_train.csv::seg_test::270,-1,0,Hyundai,Attack_free_HY_Sonata_train.csv
97,unrelated_incidents,ind_01-w00,ind_01,Chevrolet::Flooding_CHEVROLET_Spark_train.csv::Chevrolet::Flooding_CHEVROLET_Spark_train.csv::seg_test::184,1,1,Chevrolet,Flooding_CHEVROLET_Spark_train.csv
97,unrelated_incidents,ind_01-w01,ind_01,Chevrolet::Flooding_CHEVROLET_Spark_train.csv::Chevrolet::Flooding_CHEVROLET_Spark_train.csv::seg_test::70,1,1,Chevrolet,Flooding_CHEVROLET_Spark_train.csv
97,unrelated_incidents,ind_01-w02,ind_01,Chevrolet::Flooding_CHEVROLET_Spark_train.csv::Chevrolet::Flooding_CHEVROLET_Spark_train.csv::seg_test::133,1,1,Chevrolet,Flooding_CHEVROLET_Spark_train.csv
97,unrelated_incidents,ind_01-w03,ind_01,Chevrolet::Flooding_CHEVROLET_Spark_train.csv::Chevrolet::Flooding_CHEVROLET_Spark_train.csv::seg_test::42,1,1,Chevrolet,Flooding_CHEVROLET_Spark_train.csv
97,unrelated_incidents,ind_01-w04,ind_01,Chevrolet::Flooding_CHEVROLET_Spark_train.csv::Chevrolet::Flooding_CHEVROLET_Spark_train.csv::seg_test::188,1,1,Chevrolet,Flooding_CHEVROLET_Spark_train.csv
97,unrelated_incidents,ind_01-w05,ind_01,Hyundai::Attack_free_HY_Sonata_train.csv::Hyundai::Attack_free_HY_Sonata_train.csv::seg_test::459,-1,0,Hyundai,Attack_free_HY_Sonata_train.csv
97,unrelated_incidents,ind_01-w06,ind_01,Kia::Fuzzy_dataset_KIA_Soul_train.csv::Kia::Fuzzy_dataset_KIA_Soul_train.csv::full_trace::5836,-1,0,Kia,Fuzzy_dataset_KIA_Soul_train.csv
97,unrelated_incidents,ind_01-w07,ind_01,Kia::Attack_free_KIA_Soul_train.csv::Kia::Attack_free_KIA_Soul_train.csv::seg_test::1410,-1,0,Kia,Attack_free_KIA_Soul_train.csv
97,unrelated_incidents,ind_01-w08,ind_01,Kia::Fuzzy_dataset_KIA_Soul_train.csv::Kia::Fuzzy_dataset_KIA_Soul_train.csv::full_trace::7928,-1,0,Kia,Fuzzy_dataset_KIA_Soul_train.csv
97,unrelated_incidents,ind_01-w09,ind_01,Chevrolet::Attack_free_CHEVROLET_Spark_train.csv::Chevrolet::Attack_free_CHEVROLET_Spark_train.csv::seg_test::181,-1,0,Chevrolet,Attack_free_CHEVROLET_Spark_train.csv
97,unrelated_incidents,ind_02-w00,ind_02,Kia::Fuzzy_dataset_KIA_Soul_train.csv::Kia::Fuzzy_dataset_KIA_Soul_train.csv::full_trace::2897,2,1,Kia,Fuzzy_dataset_KIA_Soul_train.csv
97,unrelated_incidents,ind_02-w01,ind_02,Kia::Fuzzy_dataset_KIA_Soul_train.csv::Kia::Fuzzy_dataset_KIA_Soul_train.csv::full_trace::8501,2,1,Kia,Fuzzy_dataset_KIA_Soul_train.csv
97,unrelated_incidents,ind_02-w02,ind_02,Kia::Fuzzy_dataset_KIA_Soul_train.csv::Kia::Fuzzy_dataset_KIA_Soul_train.csv::full_trace::5432,2,1,Kia,Fuzzy_dataset_KIA_Soul_train.csv
97,unrelated_incidents,ind_02-w03,ind_02,Kia::Fuzzy_dataset_KIA_Soul_train.csv::Kia::Fuzzy_dataset_KIA_Soul_train.csv::full_trace::8377,2,1,Kia,Fuzzy_dataset_KIA_Soul_train.csv
97,unrelated_incidents,ind_02-w04,ind_02,Kia::Fuzzy_dataset_KIA_Soul_train.csv::Kia::Fuzzy_dataset_KIA_Soul_train.csv::full_trace::469,2,1,Kia,Fuzzy_dataset_KIA_Soul_train.csv
97,unrelated_incidents,ind_02-w05,ind_02,Hyundai::Attack_free_HY_Sonata_train.csv::Hyundai::Attack_free_HY_Sonata_train.csv::seg_test::848,-1,0,Hyundai,Attack_free_HY_Sonata_train.csv
97,unrelated_incidents,ind_02-w06,ind_02,Hyundai::Attack_free_HY_Sonata_train.csv::Hyundai::Attack_free_HY_Sonata_train.csv::seg_test::812,-1,0,Hyundai,Attack_free_HY_Sonata_train.csv
97,unrelated_incidents,ind_02-w07,ind_02,Hyundai::Fuzzy_HYUNDAI_Sonata_train.csv::Hyundai::Fuzzy_HYUNDAI_Sonata_train.csv::full_trace::411,-1,0,Hyundai,Fuzzy_HYUNDAI_Sonata_train.csv
97,unrelated_incidents,ind_02-w08,ind_02,Hyundai::Attack_free_HY_Sonata_train.csv::Hyundai::Attack_free_HY_Sonata_train.csv::seg_test::367,-1,0,Hyundai,Attack_free_HY_Sonata_train.csv
97,unrelated_incidents,ind_02-w09,ind_02,Hyundai::Attack_free_HY_Sonata_train.csv::Hyundai::Attack_free_HY_Sonata_train.csv::seg_test::189,-1,0,Hyundai,Attack_free_HY_Sonata_train.csv
97,unrelated_incidents,ind_03-w00,ind_03,Chevrolet::Flooding_CHEVROLET_Spark_train.csv::Chevrolet::Flooding_CHEVROLET_Spark_train.csv::seg_test::31,3,1,Chevrolet,Flooding_CHEVROLET_Spark_train.csv
97,unrelated_incidents,ind_03-w01,ind_03,Chevrolet::Flooding_CHEVROLET_Spark_train.csv::Chevrolet::Flooding_CHEVROLET_Spark_train.csv::seg_test::71,3,1,Chevrolet,Flooding_CHEVROLET_Spark_train.csv
97,unrelated_incidents,ind_03-w02,ind_03,Chevrolet::Flooding_CHEVROLET_Spark_train.csv::Chevrolet::Flooding_CHEVROLET_Spark_train.csv::seg_test::177,3,1,Chevrolet,Flooding_CHEVROLET_Spark_train.csv
97,unrelated_incidents,ind_03-w03,ind_03,Chevrolet::Flooding_CHEVROLET_Spark_train.csv::Chevrolet::Flooding_CHEVROLET_Spark_train.csv::seg_test::47,3,1,Chevrolet,Flooding_CHEVROLET_Spark_train.csv
97,unrelated_incidents,ind_03-w04,ind_03,Chevrolet::Flooding_CHEVROLET_Spark_train.csv::Chevrolet::Flooding_CHEVROLET_Spark_train.csv::seg_test::78,3,1,Chevrolet,Flooding_CHEVROLET_Spark_train.csv
97,unrelated_incidents,ind_03-w05,ind_03,Kia::Attack_free_KIA_Soul_train.csv::Kia::Attack_free_KIA_Soul_train.csv::seg_test::423,-1,0,Kia,Attack_free_KIA_Soul_train.csv
97,unrelated_incidents,ind_03-w06,ind_03,Kia::Attack_free_KIA_Soul_train.csv::Kia::Attack_free_KIA_Soul_train.csv::seg_test::1315,-1,0,Kia,Attack_free_KIA_Soul_train.csv
97,unrelated_incidents,ind_03-w07,ind_03,Kia::Attack_free_KIA_Soul_train.csv::Kia::Attack_free_KIA_Soul_train.csv::seg_test::172,-1,0,Kia,Attack_free_KIA_Soul_train.csv
97,unrelated_incidents,ind_03-w08,ind_03,Kia::Fuzzy_dataset_KIA_Soul_train.csv::Kia::Fuzzy_dataset_KIA_Soul_train.csv::full_trace::5608,-1,0,Kia,Fuzzy_dataset_KIA_Soul_train.csv
97,unrelated_incidents,ind_03-w09,ind_03,Kia::Fuzzy_dataset_KIA_Soul_train.csv::Kia::Fuzzy_dataset_KIA_Soul_train.csv::full_trace::1117,-1,0,Kia,Fuzzy_dataset_KIA_Soul_train.csv
97,unrelated_incidents,ind_04-w00,ind_04,Kia::Fuzzy_dataset_KIA_Soul_train.csv::Kia::Fuzzy_dataset_KIA_Soul_train.csv::full_trace::3724,4,1,Kia,Fuzzy_dataset_KIA_Soul_train.csv
97,unrelated_incidents,ind_04-w01,ind_04,Kia::Fuzzy_dataset_KIA_Soul_train.csv::Kia::Fuzzy_dataset_KIA_Soul_train.csv::full_trace::4983,4,1,Kia,Fuzzy_dataset_KIA_Soul_train.csv
97,unrelated_incidents,ind_04-w02,ind_04,Kia::Fuzzy_dataset_KIA_Soul_train.csv::Kia::Fuzzy_dataset_KIA_Soul_train.csv::full_trace::5468,4,1,Kia,Fuzzy_dataset_KIA_Soul_train.csv
97,unrelated_incidents,ind_04-w03,ind_04,Kia::Fuzzy_dataset_KIA_Soul_train.csv::Kia::Fuzzy_dataset_KIA_Soul_train.csv::full_trace::2773,4,1,Kia,Fuzzy_dataset_KIA_Soul_train.csv
97,unrelated_incidents,ind_04-w04,ind_04,Kia::Fuzzy_dataset_KIA_Soul_train.csv::Kia::Fuzzy_dataset_KIA_Soul_train.csv::full_trace::7104,4,1,Kia,Fuzzy_dataset_KIA_Soul_train.csv
97,unrelated_incidents,ind_04-w05,ind_04,Kia::Fuzzy_dataset_KIA_Soul_train.csv::Kia::Fuzzy_dataset_KIA_Soul_train.csv::full_trace::6755,-1,0,Kia,Fuzzy_dataset_KIA_Soul_train.csv
97,unrelated_incidents,ind_04-w06,ind_04,Hyundai::Attack_free_HY_Sonata_train.csv::Hyundai::Attack_free_HY_Sonata_train.csv::seg_test::949,-1,0,Hyundai,Attack_free_HY_Sonata_train.csv
97,unrelated_incidents,ind_04-w07,ind_04,Chevrolet::Malfunction_CHEVROLET_Spark_train.csv::Chevrolet::Malfunction_CHEVROLET_Spark_train.csv::seg_test::28,-1,0,Chevrolet,Malfunction_CHEVROLET_Spark_train.csv
97,unrelated_incidents,ind_04-w08,ind_04,Hyundai::Attack_free_HY_Sonata_train.csv::Hyundai::Attack_free_HY_Sonata_train.csv::seg_test::580,-1,0,Hyundai,Attack_free_HY_Sonata_train.csv
97,unrelated_incidents,ind_04-w09,ind_04,Kia::Fuzzy_dataset_KIA_Soul_train.csv::Kia::Fuzzy_dataset_KIA_Soul_train.csv::full_trace::3236,-1,0,Kia,Fuzzy_dataset_KIA_Soul_train.csv
97,unrelated_incidents,ben_00-w00,ben_00,Hyundai::Fuzzy_HYUNDAI_Sonata_train.csv::Hyundai::Fuzzy_HYUNDAI_Sonata_train.csv::full_trace::708,-1,0,Hyundai,Fuzzy_HYUNDAI_Sonata_train.csv
97,unrelated_incidents,ben_00-w01,ben_00,Kia::Fuzzy_dataset_KIA_Soul_train.csv::Kia::Fuzzy_dataset_KIA_Soul_train.csv::full_trace::94,-1,0,Kia,Fuzzy_dataset_KIA_Soul_train.csv
97,unrelated_incidents,ben_00-w02,ben_00,Kia::Fuzzy_dataset_KIA_Soul_train.csv::Kia::Fuzzy_dataset_KIA_Soul_train.csv::full_trace::7991,-1,0,Kia,Fuzzy_dataset_KIA_Soul_train.csv
97,unrelated_incidents,ben_00-w03,ben_00,Kia::Attack_free_KIA_Soul_train.csv::Kia::Attack_free_KIA_Soul_train.csv::seg_test::84,-1,0,Kia,Attack_free_KIA_Soul_train.csv
97,unrelated_incidents,ben_00-w04,ben_00,Kia::Attack_free_KIA_Soul_train.csv::Kia::Attack_free_KIA_Soul_train.csv::seg_test::323,-1,0,Kia,Attack_free_KIA_Soul_train.csv
97,unrelated_incidents,ben_00-w05,ben_00,Hyundai::Fuzzy_HYUNDAI_Sonata_train.csv::Hyundai::Fuzzy_HYUNDAI_Sonata_train.csv::full_trace::153,-1,0,Hyundai,Fuzzy_HYUNDAI_Sonata_train.csv
97,unrelated_incidents,ben_00-w06,ben_00,Kia::Attack_free_KIA_Soul_train.csv::Kia::Attack_free_KIA_Soul_train.csv::seg_test::1287,-1,0,Kia,Attack_free_KIA_Soul_train.csv
97,unrelated_incidents,ben_00-w07,ben_00,Kia::Fuzzy_dataset_KIA_Soul_train.csv::Kia::Fuzzy_dataset_KIA_Soul_train.csv::full_trace::8996,-1,0,Kia,Fuzzy_dataset_KIA_Soul_train.csv
97,unrelated_incidents,ben_00-w08,ben_00,Hyundai::Fuzzy_HYUNDAI_Sonata_train.csv::Hyundai::Fuzzy_HYUNDAI_Sonata_train.csv::full_trace::1136,-1,0,Hyundai,Fuzzy_HYUNDAI_Sonata_train.csv
97,unrelated_incidents,ben_00-w09,ben_00,Kia::Attack_free_KIA_Soul_train.csv::Kia::Attack_free_KIA_Soul_train.csv::seg_test::179,-1,0,Kia,Attack_free_KIA_Soul_train.csv
97,unrelated_incidents,ben_01-w00,ben_01,Chevrolet::Attack_free_CHEVROLET_Spark_train.csv::Chevrolet::Attack_free_CHEVROLET_Spark_train.csv::seg_test::168,-1,0,Chevrolet,Attack_free_CHEVROLET_Spark_train.csv
97,unrelated_incidents,ben_01-w01,ben_01,Kia::Fuzzy_dataset_KIA_Soul_train.csv::Kia::Fuzzy_dataset_KIA_Soul_train.csv::full_trace::2296,-1,0,Kia,Fuzzy_dataset_KIA_Soul_train.csv
97,unrelated_incidents,ben_01-w02,ben_01,Hyundai::Fuzzy_HYUNDAI_Sonata_train.csv::Hyundai::Fuzzy_HYUNDAI_Sonata_train.csv::full_trace::1659,-1,0,Hyundai,Fuzzy_HYUNDAI_Sonata_train.csv
97,unrelated_incidents,ben_01-w03,ben_01,Kia::Fuzzy_dataset_KIA_Soul_train.csv::Kia::Fuzzy_dataset_KIA_Soul_train.csv::full_trace::6986,-1,0,Kia,Fuzzy_dataset_KIA_Soul_train.csv
97,unrelated_incidents,ben_01-w04,ben_01,Hyundai::Fuzzy_HYUNDAI_Sonata_train.csv::Hyundai::Fuzzy_HYUNDAI_Sonata_train.csv::full_trace::1142,-1,0,Hyundai,Fuzzy_HYUNDAI_Sonata_train.csv
97,unrelated_incidents,ben_01-w05,ben_01,Kia::Attack_free_KIA_Soul_train.csv::Kia::Attack_free_KIA_Soul_train.csv::seg_test::750,-1,0,Kia,Attack_free_KIA_Soul_train.csv
97,unrelated_incidents,ben_01-w06,ben_01,Kia::Fuzzy_dataset_KIA_Soul_train.csv::Kia::Fuzzy_dataset_KIA_Soul_train.csv::full_trace::5910,-1,0,Kia,Fuzzy_dataset_KIA_Soul_train.csv
97,unrelated_incidents,ben_01-w07,ben_01,Kia::Attack_free_KIA_Soul_train.csv::Kia::Attack_free_KIA_Soul_train.csv::seg_test::558,-1,0,Kia,Attack_free_KIA_Soul_train.csv
97,unrelated_incidents,ben_01-w08,ben_01,Kia::Fuzzy_dataset_KIA_Soul_train.csv::Kia::Fuzzy_dataset_KIA_Soul_train.csv::full_trace::6642,-1,0,Kia,Fuzzy_dataset_KIA_Soul_train.csv
97,unrelated_incidents,ben_01-w09,ben_01,Hyundai::Fuzzy_HYUNDAI_Sonata_train.csv::Hyundai::Fuzzy_HYUNDAI_Sonata_train.csv::full_trace::1687,-1,0,Hyundai,Fuzzy_HYUNDAI_Sonata_train.csv
97,unrelated_incidents,ben_02-w00,ben_02,Kia::Fuzzy_dataset_KIA_Soul_train.csv::Kia::Fuzzy_dataset_KIA_Soul_train.csv::full_trace::6700,-1,0,Kia,Fuzzy_dataset_KIA_Soul_train.csv
97,unrelated_incidents,ben_02-w01,ben_02,Hyundai::Attack_free_HY_Sonata_train.csv::Hyundai::Attack_free_HY_Sonata_train.csv::seg_test::968,-1,0,Hyundai,Attack_free_HY_Sonata_train.csv
97,unrelated_incidents,ben_02-w02,ben_02,Hyundai::Fuzzy_HYUNDAI_Sonata_train.csv::Hyundai::Fuzzy_HYUNDAI_Sonata_train.csv::full_trace::569,-1,0,Hyundai,Fuzzy_HYUNDAI_Sonata_train.csv
97,unrelated_incidents,ben_02-w03,ben_02,Chevrolet::Attack_free_CHEVROLET_Spark_train.csv::Chevrolet::Attack_free_CHEVROLET_Spark_train.csv::seg_test::122,-1,0,Chevrolet,Attack_free_CHEVROLET_Spark_train.csv
97,unrelated_incidents,ben_02-w04,ben_02,Hyundai::Fuzzy_HYUNDAI_Sonata_train.csv::Hyundai::Fuzzy_HYUNDAI_Sonata_train.csv::full_trace::1231,-1,0,Hyundai,Fuzzy_HYUNDAI_Sonata_train.csv
97,unrelated_incidents,ben_02-w05,ben_02,Chevrolet::Attack_free_CHEVROLET_Spark_train.csv::Chevrolet::Attack_free_CHEVROLET_Spark_train.csv::seg_test::52,-1,0,Chevrolet,Attack_free_CHEVROLET_Spark_train.csv
97,unrelated_incidents,ben_02-w06,ben_02,Kia::Fuzzy_dataset_KIA_Soul_train.csv::Kia::Fuzzy_dataset_KIA_Soul_train.csv::full_trace::2178,-1,0,Kia,Fuzzy_dataset_KIA_Soul_train.csv
97,unrelated_incidents,ben_02-w07,ben_02,Kia::Fuzzy_dataset_KIA_Soul_train.csv::Kia::Fuzzy_dataset_KIA_Soul_train.csv::full_trace::4437,-1,0,Kia,Fuzzy_dataset_KIA_Soul_train.csv
97,unrelated_incidents,ben_02-w08,ben_02,Kia::Fuzzy_dataset_KIA_Soul_train.csv::Kia::Fuzzy_dataset_KIA_Soul_train.csv::full_trace::5831,-1,0,Kia,Fuzzy_dataset_KIA_Soul_train.csv
97,unrelated_incidents,ben_02-w09,ben_02,Kia::Fuzzy_dataset_KIA_Soul_train.csv::Kia::Fuzzy_dataset_KIA_Soul_train.csv::full_trace::5896,-1,0,Kia,Fuzzy_dataset_KIA_Soul_train.csv
97,unrelated_incidents,ben_03-w00,ben_03,Kia::Fuzzy_dataset_KIA_Soul_train.csv::Kia::Fuzzy_dataset_KIA_Soul_train.csv::full_trace::7917,-1,0,Kia,Fuzzy_dataset_KIA_Soul_train.csv
97,unrelated_incidents,ben_03-w01,ben_03,Hyundai::Fuzzy_HYUNDAI_Sonata_train.csv::Hyundai::Fuzzy_HYUNDAI_Sonata_train.csv::full_trace::576,-1,0,Hyundai,Fuzzy_HYUNDAI_Sonata_train.csv
97,unrelated_incidents,ben_03-w02,ben_03,Kia::Fuzzy_dataset_KIA_Soul_train.csv::Kia::Fuzzy_dataset_KIA_Soul_train.csv::full_trace::8789,-1,0,Kia,Fuzzy_dataset_KIA_Soul_train.csv
97,unrelated_incidents,ben_03-w03,ben_03,Hyundai::Attack_free_HY_Sonata_train.csv::Hyundai::Attack_free_HY_Sonata_train.csv::seg_test::239,-1,0,Hyundai,Attack_free_HY_Sonata_train.csv
97,unrelated_incidents,ben_03-w04,ben_03,Chevrolet::Attack_free_CHEVROLET_Spark_train.csv::Chevrolet::Attack_free_CHEVROLET_Spark_train.csv::seg_test::337,-1,0,Chevrolet,Attack_free_CHEVROLET_Spark_train.csv
97,unrelated_incidents,ben_03-w05,ben_03,Kia::Fuzzy_dataset_KIA_Soul_train.csv::Kia::Fuzzy_dataset_KIA_Soul_train.csv::full_trace::1259,-1,0,Kia,Fuzzy_dataset_KIA_Soul_train.csv
97,unrelated_incidents,ben_03-w06,ben_03,Chevrolet::Malfunction_CHEVROLET_Spark_train.csv::Chevrolet::Malfunction_CHEVROLET_Spark_train.csv::seg_test::134,-1,0,Chevrolet,Malfunction_CHEVROLET_Spark_train.csv
97,unrelated_incidents,ben_03-w07,ben_03,Hyundai::Attack_free_HY_Sonata_train.csv::Hyundai::Attack_free_HY_Sonata_train.csv::seg_test::832,-1,0,Hyundai,Attack_free_HY_Sonata_train.csv
97,unrelated_incidents,ben_03-w08,ben_03,Kia::Fuzzy_dataset_KIA_Soul_train.csv::Kia::Fuzzy_dataset_KIA_Soul_train.csv::full_trace::4638,-1,0,Kia,Fuzzy_dataset_KIA_Soul_train.csv
97,unrelated_incidents,ben_03-w09,ben_03,Kia::Attack_free_KIA_Soul_train.csv::Kia::Attack_free_KIA_Soul_train.csv::seg_test::454,-1,0,Kia,Attack_free_KIA_Soul_train.csv
97,unrelated_incidents,ben_04-w00,ben_04,Kia::Attack_free_KIA_Soul_train.csv::Kia::Attack_free_KIA_Soul_train.csv::seg_test::749,-1,0,Kia,Attack_free_KIA_Soul_train.csv
97,unrelated_incidents,ben_04-w01,ben_04,Kia::Fuzzy_dataset_KIA_Soul_train.csv::Kia::Fuzzy_dataset_KIA_Soul_train.csv::full_trace::5514,-1,0,Kia,Fuzzy_dataset_KIA_Soul_train.csv
97,unrelated_incidents,ben_04-w02,ben_04,Kia::Fuzzy_dataset_KIA_Soul_train.csv::Kia::Fuzzy_dataset_KIA_Soul_train.csv::full_trace::5547,-1,0,Kia,Fuzzy_dataset_KIA_Soul_train.csv
97,unrelated_incidents,ben_04-w03,ben_04,Hyundai::Attack_free_HY_Sonata_train.csv::Hyundai::Attack_free_HY_Sonata_train.csv::seg_test::545,-1,0,Hyundai,Attack_free_HY_Sonata_train.csv
97,unrelated_incidents,ben_04-w04,ben_04,Hyundai::Attack_free_HY_Sonata_train.csv::Hyundai::Attack_free_HY_Sonata_train.csv::seg_test::799,-1,0,Hyundai,Attack_free_HY_Sonata_train.csv
97,unrelated_incidents,ben_04-w05,ben_04,Kia::Attack_free_KIA_Soul_train.csv::Kia::Attack_free_KIA_Soul_train.csv::seg_test::337,-1,0,Kia,Attack_free_KIA_Soul_train.csv
97,unrelated_incidents,ben_04-w06,ben_04,Kia::Fuzzy_dataset_KIA_Soul_train.csv::Kia::Fuzzy_dataset_KIA_Soul_train.csv::full_trace::3445,-1,0,Kia,Fuzzy_dataset_KIA_Soul_train.csv
97,unrelated_incidents,ben_04-w07,ben_04,Hyundai::Fuzzy_HYUNDAI_Sonata_train.csv::Hyundai::Fuzzy_HYUNDAI_Sonata_train.csv::full_trace::1743,-1,0,Hyundai,Fuzzy_HYUNDAI_Sonata_train.csv
97,unrelated_incidents,ben_04-w08,ben_04,Hyundai::Fuzzy_HYUNDAI_Sonata_train.csv::Hyundai::Fuzzy_HYUNDAI_Sonata_train.csv::full_trace::1710,-1,0,Hyundai,Fuzzy_HYUNDAI_Sonata_train.csv
97,unrelated_incidents,ben_04-w09,ben_04,Kia::Attack_free_KIA_Soul_train.csv::Kia::Attack_free_KIA_Soul_train.csv::seg_test::748,-1,0,Kia,Attack_free_KIA_Soul_train.csv
97,unrelated_incidents,ben_05-w00,ben_05,Hyundai::Fuzzy_HYUNDAI_Sonata_train.csv::Hyundai::Fuzzy_HYUNDAI_Sonata_train.csv::full_trace::648,-1,0,Hyundai,Fuzzy_HYUNDAI_Sonata_train.csv
97,unrelated_incidents,ben_05-w01,ben_05,Kia::Fuzzy_dataset_KIA_Soul_train.csv::Kia::Fuzzy_dataset_KIA_Soul_train.csv::full_trace::2271,-1,0,Kia,Fuzzy_dataset_KIA_Soul_train.csv
97,unrelated_incidents,ben_05-w02,ben_05,Kia::Fuzzy_dataset_KIA_Soul_train.csv::Kia::Fuzzy_dataset_KIA_Soul_train.csv::full_trace::7937,-1,0,Kia,Fuzzy_dataset_KIA_Soul_train.csv
97,unrelated_incidents,ben_05-w03,ben_05,Kia::Fuzzy_dataset_KIA_Soul_train.csv::Kia::Fuzzy_dataset_KIA_Soul_train.csv::full_trace::9061,-1,0,Kia,Fuzzy_dataset_KIA_Soul_train.csv
97,unrelated_incidents,ben_05-w04,ben_05,Kia::Attack_free_KIA_Soul_train.csv::Kia::Attack_free_KIA_Soul_train.csv::seg_test::205,-1,0,Kia,Attack_free_KIA_Soul_train.csv
97,unrelated_incidents,ben_05-w05,ben_05,Kia::Attack_free_KIA_Soul_train.csv::Kia::Attack_free_KIA_Soul_train.csv::seg_test::365,-1,0,Kia,Attack_free_KIA_Soul_train.csv
97,unrelated_incidents,ben_05-w06,ben_05,Hyundai::Fuzzy_HYUNDAI_Sonata_train.csv::Hyundai::Fuzzy_HYUNDAI_Sonata_train.csv::full_trace::261,-1,0,Hyundai,Fuzzy_HYUNDAI_Sonata_train.csv
97,unrelated_incidents,ben_05-w07,ben_05,Hyundai::Fuzzy_HYUNDAI_Sonata_train.csv::Hyundai::Fuzzy_HYUNDAI_Sonata_train.csv::full_trace::249,-1,0,Hyundai,Fuzzy_HYUNDAI_Sonata_train.csv
97,unrelated_incidents,ben_05-w08,ben_05,Kia::Attack_free_KIA_Soul_train.csv::Kia::Attack_free_KIA_Soul_train.csv::seg_test::598,-1,0,Kia,Attack_free_KIA_Soul_train.csv
97,unrelated_incidents,ben_05-w09,ben_05,Hyundai::Attack_free_HY_Sonata_train.csv::Hyundai::Attack_free_HY_Sonata_train.csv::seg_test::1189,-1,0,Hyundai,Attack_free_HY_Sonata_train.csv
97,unrelated_incidents,ben_06-w00,ben_06,Kia::Fuzzy_dataset_KIA_Soul_train.csv::Kia::Fuzzy_dataset_KIA_Soul_train.csv::full_trace::5693,-1,0,Kia,Fuzzy_dataset_KIA_Soul_train.csv
97,unrelated_incidents,ben_06-w01,ben_06,Kia::Fuzzy_dataset_KIA_Soul_train.csv::Kia::Fuzzy_dataset_KIA_Soul_train.csv::full_trace::6640,-1,0,Kia,Fuzzy_dataset_KIA_Soul_train.csv
97,unrelated_incidents,ben_06-w02,ben_06,Kia::Fuzzy_dataset_KIA_Soul_train.csv::Kia::Fuzzy_dataset_KIA_Soul_train.csv::full_trace::2152,-1,0,Kia,Fuzzy_dataset_KIA_Soul_train.csv
97,unrelated_incidents,ben_06-w03,ben_06,Kia::Fuzzy_dataset_KIA_Soul_train.csv::Kia::Fuzzy_dataset_KIA_Soul_train.csv::full_trace::4425,-1,0,Kia,Fuzzy_dataset_KIA_Soul_train.csv
97,unrelated_incidents,ben_06-w04,ben_06,Kia::Attack_free_KIA_Soul_train.csv::Kia::Attack_free_KIA_Soul_train.csv::seg_test::654,-1,0,Kia,Attack_free_KIA_Soul_train.csv
97,unrelated_incidents,ben_06-w05,ben_06,Kia::Fuzzy_dataset_KIA_Soul_train.csv::Kia::Fuzzy_dataset_KIA_Soul_train.csv::full_trace::4434,-1,0,Kia,Fuzzy_dataset_KIA_Soul_train.csv
97,unrelated_incidents,ben_06-w06,ben_06,Kia::Fuzzy_dataset_KIA_Soul_train.csv::Kia::Fuzzy_dataset_KIA_Soul_train.csv::full_trace::1120,-1,0,Kia,Fuzzy_dataset_KIA_Soul_train.csv
97,unrelated_incidents,ben_06-w07,ben_06,Hyundai::Fuzzy_HYUNDAI_Sonata_train.csv::Hyundai::Fuzzy_HYUNDAI_Sonata_train.csv::full_trace::657,-1,0,Hyundai,Fuzzy_HYUNDAI_Sonata_train.csv
97,unrelated_incidents,ben_06-w08,ben_06,Chevrolet::Attack_free_CHEVROLET_Spark_train.csv::Chevrolet::Attack_free_CHEVROLET_Spark_train.csv::seg_test::74,-1,0,Chevrolet,Attack_free_CHEVROLET_Spark_train.csv
97,unrelated_incidents,ben_06-w09,ben_06,Hyundai::Fuzzy_HYUNDAI_Sonata_train.csv::Hyundai::Fuzzy_HYUNDAI_Sonata_train.csv::full_trace::747,-1,0,Hyundai,Fuzzy_HYUNDAI_Sonata_train.csv
97,unrelated_incidents,ben_07-w00,ben_07,Hyundai::Attack_free_HY_Sonata_train.csv::Hyundai::Attack_free_HY_Sonata_train.csv::seg_test::942,-1,0,Hyundai,Attack_free_HY_Sonata_train.csv
97,unrelated_incidents,ben_07-w01,ben_07,Kia::Fuzzy_dataset_KIA_Soul_train.csv::Kia::Fuzzy_dataset_KIA_Soul_train.csv::full_trace::2334,-1,0,Kia,Fuzzy_dataset_KIA_Soul_train.csv
97,unrelated_incidents,ben_07-w02,ben_07,Hyundai::Attack_free_HY_Sonata_train.csv::Hyundai::Attack_free_HY_Sonata_train.csv::seg_test::514,-1,0,Hyundai,Attack_free_HY_Sonata_train.csv
97,unrelated_incidents,ben_07-w03,ben_07,Kia::Fuzzy_dataset_KIA_Soul_train.csv::Kia::Fuzzy_dataset_KIA_Soul_train.csv::full_trace::1312,-1,0,Kia,Fuzzy_dataset_KIA_Soul_train.csv
97,unrelated_incidents,ben_07-w04,ben_07,Kia::Attack_free_KIA_Soul_train.csv::Kia::Attack_free_KIA_Soul_train.csv::seg_test::382,-1,0,Kia,Attack_free_KIA_Soul_train.csv
97,unrelated_incidents,ben_07-w05,ben_07,Kia::Fuzzy_dataset_KIA_Soul_train.csv::Kia::Fuzzy_dataset_KIA_Soul_train.csv::full_trace::8183,-1,0,Kia,Fuzzy_dataset_KIA_Soul_train.csv
97,unrelated_incidents,ben_07-w06,ben_07,Kia::Fuzzy_dataset_KIA_Soul_train.csv::Kia::Fuzzy_dataset_KIA_Soul_train.csv::full_trace::7030,-1,0,Kia,Fuzzy_dataset_KIA_Soul_train.csv
97,unrelated_incidents,ben_07-w07,ben_07,Chevrolet::Attack_free_CHEVROLET_Spark_train.csv::Chevrolet::Attack_free_CHEVROLET_Spark_train.csv::seg_test::182,-1,0,Chevrolet,Attack_free_CHEVROLET_Spark_train.csv
97,unrelated_incidents,ben_07-w08,ben_07,Kia::Attack_free_KIA_Soul_train.csv::Kia::Attack_free_KIA_Soul_train.csv::seg_test::1206,-1,0,Kia,Attack_free_KIA_Soul_train.csv
97,unrelated_incidents,ben_07-w09,ben_07,Kia::Attack_free_KIA_Soul_train.csv::Kia::Attack_free_KIA_Soul_train.csv::seg_test::865,-1,0,Kia,Attack_free_KIA_Soul_train.csv
97,unrelated_incidents,ben_08-w00,ben_08,Kia::Fuzzy_dataset_KIA_Soul_train.csv::Kia::Fuzzy_dataset_KIA_Soul_train.csv::full_trace::3318,-1,0,Kia,Fuzzy_dataset_KIA_Soul_train.csv
97,unrelated_incidents,ben_08-w01,ben_08,Kia::Attack_free_KIA_Soul_train.csv::Kia::Attack_free_KIA_Soul_train.csv::seg_test::701,-1,0,Kia,Attack_free_KIA_Soul_train.csv
97,unrelated_incidents,ben_08-w02,ben_08,Hyundai::Fuzzy_HYUNDAI_Sonata_train.csv::Hyundai::Fuzzy_HYUNDAI_Sonata_train.csv::full_trace::531,-1,0,Hyundai,Fuzzy_HYUNDAI_Sonata_train.csv
97,unrelated_incidents,ben_08-w03,ben_08,Hyundai::Attack_free_HY_Sonata_train.csv::Hyundai::Attack_free_HY_Sonata_train.csv::seg_test::898,-1,0,Hyundai,Attack_free_HY_Sonata_train.csv
97,unrelated_incidents,ben_08-w04,ben_08,Kia::Fuzzy_dataset_KIA_Soul_train.csv::Kia::Fuzzy_dataset_KIA_Soul_train.csv::full_trace::1025,-1,0,Kia,Fuzzy_dataset_KIA_Soul_train.csv
97,unrelated_incidents,ben_08-w05,ben_08,Hyundai::Attack_free_HY_Sonata_train.csv::Hyundai::Attack_free_HY_Sonata_train.csv::seg_test::488,-1,0,Hyundai,Attack_free_HY_Sonata_train.csv
97,unrelated_incidents,ben_08-w06,ben_08,Hyundai::Fuzzy_HYUNDAI_Sonata_train.csv::Hyundai::Fuzzy_HYUNDAI_Sonata_train.csv::full_trace::1628,-1,0,Hyundai,Fuzzy_HYUNDAI_Sonata_train.csv
97,unrelated_incidents,ben_08-w07,ben_08,Kia::Attack_free_KIA_Soul_train.csv::Kia::Attack_free_KIA_Soul_train.csv::seg_test::689,-1,0,Kia,Attack_free_KIA_Soul_train.csv
97,unrelated_incidents,ben_08-w08,ben_08,Hyundai::Attack_free_HY_Sonata_train.csv::Hyundai::Attack_free_HY_Sonata_train.csv::seg_test::835,-1,0,Hyundai,Attack_free_HY_Sonata_train.csv
97,unrelated_incidents,ben_08-w09,ben_08,Kia::Fuzzy_dataset_KIA_Soul_train.csv::Kia::Fuzzy_dataset_KIA_Soul_train.csv::full_trace::6925,-1,0,Kia,Fuzzy_dataset_KIA_Soul_train.csv
97,unrelated_incidents,ben_09-w00,ben_09,Kia::Fuzzy_dataset_KIA_Soul_train.csv::Kia::Fuzzy_dataset_KIA_Soul_train.csv::full_trace::4691,-1,0,Kia,Fuzzy_dataset_KIA_Soul_train.csv
97,unrelated_incidents,ben_09-w01,ben_09,Chevrolet::Malfunction_CHEVROLET_Spark_train.csv::Chevrolet::Malfunction_CHEVROLET_Spark_train.csv::seg_test::106,-1,0,Chevrolet,Malfunction_CHEVROLET_Spark_train.csv
97,unrelated_incidents,ben_09-w02,ben_09,Kia::Fuzzy_dataset_KIA_Soul_train.csv::Kia::Fuzzy_dataset_KIA_Soul_train.csv::full_trace::8014,-1,0,Kia,Fuzzy_dataset_KIA_Soul_train.csv
97,unrelated_incidents,ben_09-w03,ben_09,Kia::Attack_free_KIA_Soul_train.csv::Kia::Attack_free_KIA_Soul_train.csv::seg_test::594,-1,0,Kia,Attack_free_KIA_Soul_train.csv
97,unrelated_incidents,ben_09-w04,ben_09,Kia::Attack_free_KIA_Soul_train.csv::Kia::Attack_free_KIA_Soul_train.csv::seg_test::1392,-1,0,Kia,Attack_free_KIA_Soul_train.csv
97,unrelated_incidents,ben_09-w05,ben_09,Hyundai::Attack_free_HY_Sonata_train.csv::Hyundai::Attack_free_HY_Sonata_train.csv::seg_test::287,-1,0,Hyundai,Attack_free_HY_Sonata_train.csv
97,unrelated_incidents,ben_09-w06,ben_09,Chevrolet::Attack_free_CHEVROLET_Spark_train.csv::Chevrolet::Attack_free_CHEVROLET_Spark_train.csv::seg_test::278,-1,0,Chevrolet,Attack_free_CHEVROLET_Spark_train.csv
97,unrelated_incidents,ben_09-w07,ben_09,Hyundai::Attack_free_HY_Sonata_train.csv::Hyundai::Attack_free_HY_Sonata_train.csv::seg_test::1030,-1,0,Hyundai,Attack_free_HY_Sonata_train.csv
97,unrelated_incidents,ben_09-w08,ben_09,Kia::Fuzzy_dataset_KIA_Soul_train.csv::Kia::Fuzzy_dataset_KIA_Soul_train.csv::full_trace::1106,-1,0,Kia,Fuzzy_dataset_KIA_Soul_train.csv
97,unrelated_incidents,ben_09-w09,ben_09,Hyundai::Attack_free_HY_Sonata_train.csv::Hyundai::Attack_free_HY_Sonata_train.csv::seg_test::741,-1,0,Hyundai,Attack_free_HY_Sonata_train.csv
97,unrelated_incidents,ben_10-w00,ben_10,Hyundai::Fuzzy_HYUNDAI_Sonata_train.csv::Hyundai::Fuzzy_HYUNDAI_Sonata_train.csv::full_trace::340,-1,0,Hyundai,Fuzzy_HYUNDAI_Sonata_train.csv
97,unrelated_incidents,ben_10-w01,ben_10,Chevrolet::Attack_free_CHEVROLET_Spark_train.csv::Chevrolet::Attack_free_CHEVROLET_Spark_train.csv::seg_test::317,-1,0,Chevrolet,Attack_free_CHEVROLET_Spark_train.csv
97,unrelated_incidents,ben_10-w02,ben_10,Hyundai::Attack_free_HY_Sonata_train.csv::Hyundai::Attack_free_HY_Sonata_train.csv::seg_test::861,-1,0,Hyundai,Attack_free_HY_Sonata_train.csv
97,unrelated_incidents,ben_10-w03,ben_10,Chevrolet::Malfunction_CHEVROLET_Spark_train.csv::Chevrolet::Malfunction_CHEVROLET_Spark_train.csv::seg_test::105,-1,0,Chevrolet,Malfunction_CHEVROLET_Spark_train.csv
97,unrelated_incidents,ben_10-w04,ben_10,Kia::Fuzzy_dataset_KIA_Soul_train.csv::Kia::Fuzzy_dataset_KIA_Soul_train.csv::full_trace::4744,-1,0,Kia,Fuzzy_dataset_KIA_Soul_train.csv
97,unrelated_incidents,ben_10-w05,ben_10,Kia::Fuzzy_dataset_KIA_Soul_train.csv::Kia::Fuzzy_dataset_KIA_Soul_train.csv::full_trace::110,-1,0,Kia,Fuzzy_dataset_KIA_Soul_train.csv
97,unrelated_incidents,ben_10-w06,ben_10,Kia::Fuzzy_dataset_KIA_Soul_train.csv::Kia::Fuzzy_dataset_KIA_Soul_train.csv::full_trace::7031,-1,0,Kia,Fuzzy_dataset_KIA_Soul_train.csv
97,unrelated_incidents,ben_10-w07,ben_10,Kia::Attack_free_KIA_Soul_train.csv::Kia::Attack_free_KIA_Soul_train.csv::seg_test::474,-1,0,Kia,Attack_free_KIA_Soul_train.csv
97,unrelated_incidents,ben_10-w08,ben_10,Hyundai::Fuzzy_HYUNDAI_Sonata_train.csv::Hyundai::Fuzzy_HYUNDAI_Sonata_train.csv::full_trace::1740,-1,0,Hyundai,Fuzzy_HYUNDAI_Sonata_train.csv
97,unrelated_incidents,ben_10-w09,ben_10,Kia::Fuzzy_dataset_KIA_Soul_train.csv::Kia::Fuzzy_dataset_KIA_Soul_train.csv::full_trace::4670,-1,0,Kia,Fuzzy_dataset_KIA_Soul_train.csv
97,unrelated_incidents,ben_11-w00,ben_11,Kia::Attack_free_KIA_Soul_train.csv::Kia::Attack_free_KIA_Soul_train.csv::seg_test::559,-1,0,Kia,Attack_free_KIA_Soul_train.csv
97,unrelated_incidents,ben_11-w01,ben_11,Chevrolet::Flooding_CHEVROLET_Spark_train.csv::Chevrolet::Flooding_CHEVROLET_Spark_train.csv::seg_test::235,-1,0,Chevrolet,Flooding_CHEVROLET_Spark_train.csv
97,unrelated_incidents,ben_11-w02,ben_11,Kia::Attack_free_KIA_Soul_train.csv::Kia::Attack_free_KIA_Soul_train.csv::seg_test::1318,-1,0,Kia,Attack_free_KIA_Soul_train.csv
97,unrelated_incidents,ben_11-w03,ben_11,Hyundai::Attack_free_HY_Sonata_train.csv::Hyundai::Attack_free_HY_Sonata_train.csv::seg_test::1024,-1,0,Hyundai,Attack_free_HY_Sonata_train.csv
97,unrelated_incidents,ben_11-w04,ben_11,Kia::Fuzzy_dataset_KIA_Soul_train.csv::Kia::Fuzzy_dataset_KIA_Soul_train.csv::full_trace::6777,-1,0,Kia,Fuzzy_dataset_KIA_Soul_train.csv
97,unrelated_incidents,ben_11-w05,ben_11,Kia::Fuzzy_dataset_KIA_Soul_train.csv::Kia::Fuzzy_dataset_KIA_Soul_train.csv::full_trace::8015,-1,0,Kia,Fuzzy_dataset_KIA_Soul_train.csv
97,unrelated_incidents,ben_11-w06,ben_11,Kia::Fuzzy_dataset_KIA_Soul_train.csv::Kia::Fuzzy_dataset_KIA_Soul_train.csv::full_trace::2330,-1,0,Kia,Fuzzy_dataset_KIA_Soul_train.csv
97,unrelated_incidents,ben_11-w07,ben_11,Chevrolet::Malfunction_CHEVROLET_Spark_train.csv::Chevrolet::Malfunction_CHEVROLET_Spark_train.csv::seg_test::27,-1,0,Chevrolet,Malfunction_CHEVROLET_Spark_train.csv
97,unrelated_incidents,ben_11-w08,ben_11,Hyundai::Fuzzy_HYUNDAI_Sonata_train.csv::Hyundai::Fuzzy_HYUNDAI_Sonata_train.csv::full_trace::391,-1,0,Hyundai,Fuzzy_HYUNDAI_Sonata_train.csv
97,unrelated_incidents,ben_11-w09,ben_11,Kia::Fuzzy_dataset_KIA_Soul_train.csv::Kia::Fuzzy_dataset_KIA_Soul_train.csv::full_trace::2401,-1,0,Kia,Fuzzy_dataset_KIA_Soul_train.csv
97,unrelated_incidents,ben_12-w00,ben_12,Chevrolet::Attack_free_CHEVROLET_Spark_train.csv::Chevrolet::Attack_free_CHEVROLET_Spark_train.csv::seg_test::44,-1,0,Chevrolet,Attack_free_CHEVROLET_Spark_train.csv
97,unrelated_incidents,ben_12-w01,ben_12,Hyundai::Fuzzy_HYUNDAI_Sonata_train.csv::Hyundai::Fuzzy_HYUNDAI_Sonata_train.csv::full_trace::1210,-1,0,Hyundai,Fuzzy_HYUNDAI_Sonata_train.csv
97,unrelated_incidents,ben_12-w02,ben_12,Kia::Fuzzy_dataset_KIA_Soul_train.csv::Kia::Fuzzy_dataset_KIA_Soul_train.csv::full_trace::7799,-1,0,Kia,Fuzzy_dataset_KIA_Soul_train.csv
97,unrelated_incidents,ben_12-w03,ben_12,Hyundai::Attack_free_HY_Sonata_train.csv::Hyundai::Attack_free_HY_Sonata_train.csv::seg_test::712,-1,0,Hyundai,Attack_free_HY_Sonata_train.csv
97,unrelated_incidents,ben_12-w04,ben_12,Kia::Fuzzy_dataset_KIA_Soul_train.csv::Kia::Fuzzy_dataset_KIA_Soul_train.csv::full_trace::1156,-1,0,Kia,Fuzzy_dataset_KIA_Soul_train.csv
97,unrelated_incidents,ben_12-w05,ben_12,Kia::Fuzzy_dataset_KIA_Soul_train.csv::Kia::Fuzzy_dataset_KIA_Soul_train.csv::full_trace::3626,-1,0,Kia,Fuzzy_dataset_KIA_Soul_train.csv
97,unrelated_incidents,ben_12-w06,ben_12,Kia::Fuzzy_dataset_KIA_Soul_train.csv::Kia::Fuzzy_dataset_KIA_Soul_train.csv::full_trace::78,-1,0,Kia,Fuzzy_dataset_KIA_Soul_train.csv
97,unrelated_incidents,ben_12-w07,ben_12,Hyundai::Fuzzy_HYUNDAI_Sonata_train.csv::Hyundai::Fuzzy_HYUNDAI_Sonata_train.csv::full_trace::1129,-1,0,Hyundai,Fuzzy_HYUNDAI_Sonata_train.csv
97,unrelated_incidents,ben_12-w08,ben_12,Kia::Attack_free_KIA_Soul_train.csv::Kia::Attack_free_KIA_Soul_train.csv::seg_test::432,-1,0,Kia,Attack_free_KIA_Soul_train.csv
97,unrelated_incidents,ben_12-w09,ben_12,Hyundai::Attack_free_HY_Sonata_train.csv::Hyundai::Attack_free_HY_Sonata_train.csv::seg_test::655,-1,0,Hyundai,Attack_free_HY_Sonata_train.csv
97,unrelated_incidents,ben_13-w00,ben_13,Kia::Fuzzy_dataset_KIA_Soul_train.csv::Kia::Fuzzy_dataset_KIA_Soul_train.csv::full_trace::7041,-1,0,Kia,Fuzzy_dataset_KIA_Soul_train.csv
97,unrelated_incidents,ben_13-w01,ben_13,Kia::Fuzzy_dataset_KIA_Soul_train.csv::Kia::Fuzzy_dataset_KIA_Soul_train.csv::full_trace::8117,-1,0,Kia,Fuzzy_dataset_KIA_Soul_train.csv
97,unrelated_incidents,ben_13-w02,ben_13,Kia::Fuzzy_dataset_KIA_Soul_train.csv::Kia::Fuzzy_dataset_KIA_Soul_train.csv::full_trace::8804,-1,0,Kia,Fuzzy_dataset_KIA_Soul_train.csv
97,unrelated_incidents,ben_13-w03,ben_13,Kia::Fuzzy_dataset_KIA_Soul_train.csv::Kia::Fuzzy_dataset_KIA_Soul_train.csv::full_trace::2156,-1,0,Kia,Fuzzy_dataset_KIA_Soul_train.csv
97,unrelated_incidents,ben_13-w04,ben_13,Hyundai::Fuzzy_HYUNDAI_Sonata_train.csv::Hyundai::Fuzzy_HYUNDAI_Sonata_train.csv::full_trace::1121,-1,0,Hyundai,Fuzzy_HYUNDAI_Sonata_train.csv
97,unrelated_incidents,ben_13-w05,ben_13,Kia::Fuzzy_dataset_KIA_Soul_train.csv::Kia::Fuzzy_dataset_KIA_Soul_train.csv::full_trace::8973,-1,0,Kia,Fuzzy_dataset_KIA_Soul_train.csv
97,unrelated_incidents,ben_13-w06,ben_13,Hyundai::Fuzzy_HYUNDAI_Sonata_train.csv::Hyundai::Fuzzy_HYUNDAI_Sonata_train.csv::full_trace::1582,-1,0,Hyundai,Fuzzy_HYUNDAI_Sonata_train.csv
97,unrelated_incidents,ben_13-w07,ben_13,Kia::Fuzzy_dataset_KIA_Soul_train.csv::Kia::Fuzzy_dataset_KIA_Soul_train.csv::full_trace::9178,-1,0,Kia,Fuzzy_dataset_KIA_Soul_train.csv
97,unrelated_incidents,ben_13-w08,ben_13,Hyundai::Fuzzy_HYUNDAI_Sonata_train.csv::Hyundai::Fuzzy_HYUNDAI_Sonata_train.csv::full_trace::1189,-1,0,Hyundai,Fuzzy_HYUNDAI_Sonata_train.csv
97,unrelated_incidents,ben_13-w09,ben_13,Kia::Attack_free_KIA_Soul_train.csv::Kia::Attack_free_KIA_Soul_train.csv::seg_test::500,-1,0,Kia,Attack_free_KIA_Soul_train.csv
97,unrelated_incidents,ben_14-w00,ben_14,Chevrolet::Malfunction_CHEVROLET_Spark_train.csv::Chevrolet::Malfunction_CHEVROLET_Spark_train.csv::seg_test::50,-1,0,Chevrolet,Malfunction_CHEVROLET_Spark_train.csv
97,unrelated_incidents,ben_14-w01,ben_14,Kia::Attack_free_KIA_Soul_train.csv::Kia::Attack_free_KIA_Soul_train.csv::seg_test::178,-1,0,Kia,Attack_free_KIA_Soul_train.csv
97,unrelated_incidents,ben_14-w02,ben_14,Hyundai::Attack_free_HY_Sonata_train.csv::Hyundai::Attack_free_HY_Sonata_train.csv::seg_test::933,-1,0,Hyundai,Attack_free_HY_Sonata_train.csv
97,unrelated_incidents,ben_14-w03,ben_14,Kia::Fuzzy_dataset_KIA_Soul_train.csv::Kia::Fuzzy_dataset_KIA_Soul_train.csv::full_trace::4535,-1,0,Kia,Fuzzy_dataset_KIA_Soul_train.csv
97,unrelated_incidents,ben_14-w04,ben_14,Hyundai::Fuzzy_HYUNDAI_Sonata_train.csv::Hyundai::Fuzzy_HYUNDAI_Sonata_train.csv::full_trace::208,-1,0,Hyundai,Fuzzy_HYUNDAI_Sonata_train.csv
97,unrelated_incidents,ben_14-w05,ben_14,Hyundai::Attack_free_HY_Sonata_train.csv::Hyundai::Attack_free_HY_Sonata_train.csv::seg_test::678,-1,0,Hyundai,Attack_free_HY_Sonata_train.csv
97,unrelated_incidents,ben_14-w06,ben_14,Hyundai::Fuzzy_HYUNDAI_Sonata_train.csv::Hyundai::Fuzzy_HYUNDAI_Sonata_train.csv::full_trace::243,-1,0,Hyundai,Fuzzy_HYUNDAI_Sonata_train.csv
97,unrelated_incidents,ben_14-w07,ben_14,Kia::Fuzzy_dataset_KIA_Soul_train.csv::Kia::Fuzzy_dataset_KIA_Soul_train.csv::full_trace::4621,-1,0,Kia,Fuzzy_dataset_KIA_Soul_train.csv
97,unrelated_incidents,ben_14-w08,ben_14,Kia::Fuzzy_dataset_KIA_Soul_train.csv::Kia::Fuzzy_dataset_KIA_Soul_train.csv::full_trace::6860,-1,0,Kia,Fuzzy_dataset_KIA_Soul_train.csv
97,unrelated_incidents,ben_14-w09,ben_14,Kia::Fuzzy_dataset_KIA_Soul_train.csv::Kia::Fuzzy_dataset_KIA_Soul_train.csv::full_trace::3276,-1,0,Kia,Fuzzy_dataset_KIA_Soul_train.csv
101,strong_campaign,atk_Hyundai_0-w00,atk_Hyundai_0,Hyundai::Fuzzy_HYUNDAI_Sonata_train.csv::Hyundai::Fuzzy_HYUNDAI_Sonata_train.csv::full_trace::976,0,1,Hyundai,Fuzzy_HYUNDAI_Sonata_train.csv
101,strong_campaign,atk_Hyundai_0-w01,atk_Hyundai_0,Hyundai::Fuzzy_HYUNDAI_Sonata_train.csv::Hyundai::Fuzzy_HYUNDAI_Sonata_train.csv::full_trace::1392,0,1,Hyundai,Fuzzy_HYUNDAI_Sonata_train.csv
101,strong_campaign,atk_Hyundai_0-w02,atk_Hyundai_0,Hyundai::Fuzzy_HYUNDAI_Sonata_train.csv::Hyundai::Fuzzy_HYUNDAI_Sonata_train.csv::full_trace::882,0,1,Hyundai,Fuzzy_HYUNDAI_Sonata_train.csv
101,strong_campaign,atk_Hyundai_0-w03,atk_Hyundai_0,Hyundai::Fuzzy_HYUNDAI_Sonata_train.csv::Hyundai::Fuzzy_HYUNDAI_Sonata_train.csv::full_trace::1525,0,1,Hyundai,Fuzzy_HYUNDAI_Sonata_train.csv
101,strong_campaign,atk_Hyundai_0-w04,atk_Hyundai_0,Hyundai::Fuzzy_HYUNDAI_Sonata_train.csv::Hyundai::Fuzzy_HYUNDAI_Sonata_train.csv::full_trace::1004,0,1,Hyundai,Fuzzy_HYUNDAI_Sonata_train.csv
101,strong_campaign,atk_Hyundai_0-w05,atk_Hyundai_0,Hyundai::Fuzzy_HYUNDAI_Sonata_train.csv::Hyundai::Fuzzy_HYUNDAI_Sonata_train.csv::full_trace::1557,0,0,Hyundai,Fuzzy_HYUNDAI_Sonata_train.csv
101,strong_campaign,atk_Hyundai_0-w06,atk_Hyundai_0,Hyundai::Fuzzy_HYUNDAI_Sonata_train.csv::Hyundai::Fuzzy_HYUNDAI_Sonata_train.csv::full_trace::649,0,0,Hyundai,Fuzzy_HYUNDAI_Sonata_train.csv
101,strong_campaign,atk_Hyundai_0-w07,atk_Hyundai_0,Hyundai::Fuzzy_HYUNDAI_Sonata_train.csv::Hyundai::Fuzzy_HYUNDAI_Sonata_train.csv::full_trace::1150,0,0,Hyundai,Fuzzy_HYUNDAI_Sonata_train.csv
101,strong_campaign,atk_Hyundai_0-w08,atk_Hyundai_0,Hyundai::Attack_free_HY_Sonata_train.csv::Hyundai::Attack_free_HY_Sonata_train.csv::seg_test::913,0,0,Hyundai,Attack_free_HY_Sonata_train.csv
101,strong_campaign,atk_Hyundai_0-w09,atk_Hyundai_0,Hyundai::Attack_free_HY_Sonata_train.csv::Hyundai::Attack_free_HY_Sonata_train.csv::seg_test::735,0,0,Hyundai,Attack_free_HY_Sonata_train.csv
101,strong_campaign,atk_Hyundai_1-w00,atk_Hyundai_1,Hyundai::Fuzzy_HYUNDAI_Sonata_train.csv::Hyundai::Fuzzy_HYUNDAI_Sonata_train.csv::full_trace::984,0,1,Hyundai,Fuzzy_HYUNDAI_Sonata_train.csv
101,strong_campaign,atk_Hyundai_1-w01,atk_Hyundai_1,Hyundai::Fuzzy_HYUNDAI_Sonata_train.csv::Hyundai::Fuzzy_HYUNDAI_Sonata_train.csv::full_trace::1456,0,1,Hyundai,Fuzzy_HYUNDAI_Sonata_train.csv
101,strong_campaign,atk_Hyundai_1-w02,atk_Hyundai_1,Hyundai::Fuzzy_HYUNDAI_Sonata_train.csv::Hyundai::Fuzzy_HYUNDAI_Sonata_train.csv::full_trace::930,0,1,Hyundai,Fuzzy_HYUNDAI_Sonata_train.csv
101,strong_campaign,atk_Hyundai_1-w03,atk_Hyundai_1,Hyundai::Fuzzy_HYUNDAI_Sonata_train.csv::Hyundai::Fuzzy_HYUNDAI_Sonata_train.csv::full_trace::1372,0,1,Hyundai,Fuzzy_HYUNDAI_Sonata_train.csv
101,strong_campaign,atk_Hyundai_1-w04,atk_Hyundai_1,Hyundai::Fuzzy_HYUNDAI_Sonata_train.csv::Hyundai::Fuzzy_HYUNDAI_Sonata_train.csv::full_trace::1452,0,1,Hyundai,Fuzzy_HYUNDAI_Sonata_train.csv
101,strong_campaign,atk_Hyundai_1-w05,atk_Hyundai_1,Hyundai::Fuzzy_HYUNDAI_Sonata_train.csv::Hyundai::Fuzzy_HYUNDAI_Sonata_train.csv::full_trace::1211,0,0,Hyundai,Fuzzy_HYUNDAI_Sonata_train.csv
101,strong_campaign,atk_Hyundai_1-w06,atk_Hyundai_1,Hyundai::Attack_free_HY_Sonata_train.csv::Hyundai::Attack_free_HY_Sonata_train.csv::seg_test::76,0,0,Hyundai,Attack_free_HY_Sonata_train.csv
101,strong_campaign,atk_Hyundai_1-w07,atk_Hyundai_1,Hyundai::Fuzzy_HYUNDAI_Sonata_train.csv::Hyundai::Fuzzy_HYUNDAI_Sonata_train.csv::full_trace::474,0,0,Hyundai,Fuzzy_HYUNDAI_Sonata_train.csv
101,strong_campaign,atk_Hyundai_1-w08,atk_Hyundai_1,Hyundai::Fuzzy_HYUNDAI_Sonata_train.csv::Hyundai::Fuzzy_HYUNDAI_Sonata_train.csv::full_trace::607,0,0,Hyundai,Fuzzy_HYUNDAI_Sonata_train.csv
101,strong_campaign,atk_Hyundai_1-w09,atk_Hyundai_1,Hyundai::Fuzzy_HYUNDAI_Sonata_train.csv::Hyundai::Fuzzy_HYUNDAI_Sonata_train.csv::full_trace::144,0,0,Hyundai,Fuzzy_HYUNDAI_Sonata_train.csv
101,strong_campaign,atk_Kia_2-w00,atk_Kia_2,Kia::Fuzzy_dataset_KIA_Soul_train.csv::Kia::Fuzzy_dataset_KIA_Soul_train.csv::full_trace::5326,0,1,Kia,Fuzzy_dataset_KIA_Soul_train.csv
101,strong_campaign,atk_Kia_2-w01,atk_Kia_2,Kia::Fuzzy_dataset_KIA_Soul_train.csv::Kia::Fuzzy_dataset_KIA_Soul_train.csv::full_trace::3030,0,1,Kia,Fuzzy_dataset_KIA_Soul_train.csv
101,strong_campaign,atk_Kia_2-w02,atk_Kia_2,Kia::Fuzzy_dataset_KIA_Soul_train.csv::Kia::Fuzzy_dataset_KIA_Soul_train.csv::full_trace::5991,0,1,Kia,Fuzzy_dataset_KIA_Soul_train.csv
101,strong_campaign,atk_Kia_2-w03,atk_Kia_2,Kia::Fuzzy_dataset_KIA_Soul_train.csv::Kia::Fuzzy_dataset_KIA_Soul_train.csv::full_trace::4062,0,1,Kia,Fuzzy_dataset_KIA_Soul_train.csv
101,strong_campaign,atk_Kia_2-w04,atk_Kia_2,Kia::Fuzzy_dataset_KIA_Soul_train.csv::Kia::Fuzzy_dataset_KIA_Soul_train.csv::full_trace::4271,0,1,Kia,Fuzzy_dataset_KIA_Soul_train.csv
101,strong_campaign,atk_Kia_2-w05,atk_Kia_2,Kia::Attack_free_KIA_Soul_train.csv::Kia::Attack_free_KIA_Soul_train.csv::seg_test::275,0,0,Kia,Attack_free_KIA_Soul_train.csv
101,strong_campaign,atk_Kia_2-w06,atk_Kia_2,Kia::Attack_free_KIA_Soul_train.csv::Kia::Attack_free_KIA_Soul_train.csv::seg_test::1250,0,0,Kia,Attack_free_KIA_Soul_train.csv
101,strong_campaign,atk_Kia_2-w07,atk_Kia_2,Kia::Attack_free_KIA_Soul_train.csv::Kia::Attack_free_KIA_Soul_train.csv::seg_test::167,0,0,Kia,Attack_free_KIA_Soul_train.csv
101,strong_campaign,atk_Kia_2-w08,atk_Kia_2,Kia::Attack_free_KIA_Soul_train.csv::Kia::Attack_free_KIA_Soul_train.csv::seg_test::1236,0,0,Kia,Attack_free_KIA_Soul_train.csv
101,strong_campaign,atk_Kia_2-w09,atk_Kia_2,Kia::Fuzzy_dataset_KIA_Soul_train.csv::Kia::Fuzzy_dataset_KIA_Soul_train.csv::full_trace::7810,0,0,Kia,Fuzzy_dataset_KIA_Soul_train.csv
101,strong_campaign,atk_Kia_3-w00,atk_Kia_3,Kia::Fuzzy_dataset_KIA_Soul_train.csv::Kia::Fuzzy_dataset_KIA_Soul_train.csv::full_trace::3852,0,1,Kia,Fuzzy_dataset_KIA_Soul_train.csv
101,strong_campaign,atk_Kia_3-w01,atk_Kia_3,Kia::Fuzzy_dataset_KIA_Soul_train.csv::Kia::Fuzzy_dataset_KIA_Soul_train.csv::full_trace::8612,0,1,Kia,Fuzzy_dataset_KIA_Soul_train.csv
101,strong_campaign,atk_Kia_3-w02,atk_Kia_3,Kia::Fuzzy_dataset_KIA_Soul_train.csv::Kia::Fuzzy_dataset_KIA_Soul_train.csv::full_trace::6091,0,1,Kia,Fuzzy_dataset_KIA_Soul_train.csv
101,strong_campaign,atk_Kia_3-w03,atk_Kia_3,Kia::Fuzzy_dataset_KIA_Soul_train.csv::Kia::Fuzzy_dataset_KIA_Soul_train.csv::full_trace::4140,0,1,Kia,Fuzzy_dataset_KIA_Soul_train.csv
101,strong_campaign,atk_Kia_3-w04,atk_Kia_3,Kia::Fuzzy_dataset_KIA_Soul_train.csv::Kia::Fuzzy_dataset_KIA_Soul_train.csv::full_trace::4051,0,1,Kia,Fuzzy_dataset_KIA_Soul_train.csv
101,strong_campaign,atk_Kia_3-w05,atk_Kia_3,Kia::Attack_free_KIA_Soul_train.csv::Kia::Attack_free_KIA_Soul_train.csv::seg_test::465,0,0,Kia,Attack_free_KIA_Soul_train.csv
101,strong_campaign,atk_Kia_3-w06,atk_Kia_3,Kia::Fuzzy_dataset_KIA_Soul_train.csv::Kia::Fuzzy_dataset_KIA_Soul_train.csv::full_trace::3569,0,0,Kia,Fuzzy_dataset_KIA_Soul_train.csv
101,strong_campaign,atk_Kia_3-w07,atk_Kia_3,Kia::Fuzzy_dataset_KIA_Soul_train.csv::Kia::Fuzzy_dataset_KIA_Soul_train.csv::full_trace::8975,0,0,Kia,Fuzzy_dataset_KIA_Soul_train.csv
101,strong_campaign,atk_Kia_3-w08,atk_Kia_3,Kia::Fuzzy_dataset_KIA_Soul_train.csv::Kia::Fuzzy_dataset_KIA_Soul_train.csv::full_trace::6815,0,0,Kia,Fuzzy_dataset_KIA_Soul_train.csv
101,strong_campaign,atk_Kia_3-w09,atk_Kia_3,Kia::Fuzzy_dataset_KIA_Soul_train.csv::Kia::Fuzzy_dataset_KIA_Soul_train.csv::full_trace::3644,0,0,Kia,Fuzzy_dataset_KIA_Soul_train.csv
101,strong_campaign,atk_Chevrolet_4-w00,atk_Chevrolet_4,Chevrolet::Fuzzy_CHEVROLET_Spark_train.csv::Chevrolet::Fuzzy_CHEVROLET_Spark_train.csv::seg_test::89,0,1,Chevrolet,Fuzzy_CHEVROLET_Spark_train.csv
101,strong_campaign,atk_Chevrolet_4-w01,atk_Chevrolet_4,Chevrolet::Fuzzy_CHEVROLET_Spark_train.csv::Chevrolet::Fuzzy_CHEVROLET_Spark_train.csv::seg_test::20,0,1,Chevrolet,Fuzzy_CHEVROLET_Spark_train.csv
101,strong_campaign,atk_Chevrolet_4-w02,atk_Chevrolet_4,Chevrolet::Fuzzy_CHEVROLET_Spark_train.csv::Chevrolet::Fuzzy_CHEVROLET_Spark_train.csv::seg_test::60,0,1,Chevrolet,Fuzzy_CHEVROLET_Spark_train.csv
101,strong_campaign,atk_Chevrolet_4-w03,atk_Chevrolet_4,Chevrolet::Fuzzy_CHEVROLET_Spark_train.csv::Chevrolet::Fuzzy_CHEVROLET_Spark_train.csv::seg_test::10,0,1,Chevrolet,Fuzzy_CHEVROLET_Spark_train.csv
101,strong_campaign,atk_Chevrolet_4-w04,atk_Chevrolet_4,Chevrolet::Fuzzy_CHEVROLET_Spark_train.csv::Chevrolet::Fuzzy_CHEVROLET_Spark_train.csv::seg_test::107,0,1,Chevrolet,Fuzzy_CHEVROLET_Spark_train.csv
101,strong_campaign,atk_Chevrolet_4-w05,atk_Chevrolet_4,Chevrolet::Attack_free_CHEVROLET_Spark_train.csv::Chevrolet::Attack_free_CHEVROLET_Spark_train.csv::seg_test::106,0,0,Chevrolet,Attack_free_CHEVROLET_Spark_train.csv
101,strong_campaign,atk_Chevrolet_4-w06,atk_Chevrolet_4,Chevrolet::Attack_free_CHEVROLET_Spark_train.csv::Chevrolet::Attack_free_CHEVROLET_Spark_train.csv::seg_test::56,0,0,Chevrolet,Attack_free_CHEVROLET_Spark_train.csv
101,strong_campaign,atk_Chevrolet_4-w07,atk_Chevrolet_4,Chevrolet::Attack_free_CHEVROLET_Spark_train.csv::Chevrolet::Attack_free_CHEVROLET_Spark_train.csv::seg_test::301,0,0,Chevrolet,Attack_free_CHEVROLET_Spark_train.csv
101,strong_campaign,atk_Chevrolet_4-w08,atk_Chevrolet_4,Chevrolet::Attack_free_CHEVROLET_Spark_train.csv::Chevrolet::Attack_free_CHEVROLET_Spark_train.csv::seg_test::281,0,0,Chevrolet,Attack_free_CHEVROLET_Spark_train.csv
101,strong_campaign,atk_Chevrolet_4-w09,atk_Chevrolet_4,Chevrolet::Attack_free_CHEVROLET_Spark_train.csv::Chevrolet::Attack_free_CHEVROLET_Spark_train.csv::seg_test::155,0,0,Chevrolet,Attack_free_CHEVROLET_Spark_train.csv
101,strong_campaign,ben_00-w00,ben_00,Hyundai::Fuzzy_HYUNDAI_Sonata_train.csv::Hyundai::Fuzzy_HYUNDAI_Sonata_train.csv::full_trace::457,-1,0,Hyundai,Fuzzy_HYUNDAI_Sonata_train.csv
101,strong_campaign,ben_00-w01,ben_00,Kia::Fuzzy_dataset_KIA_Soul_train.csv::Kia::Fuzzy_dataset_KIA_Soul_train.csv::full_trace::57,-1,0,Kia,Fuzzy_dataset_KIA_Soul_train.csv
101,strong_campaign,ben_00-w02,ben_00,Kia::Attack_free_KIA_Soul_train.csv::Kia::Attack_free_KIA_Soul_train.csv::seg_test::606,-1,0,Kia,Attack_free_KIA_Soul_train.csv
101,strong_campaign,ben_00-w03,ben_00,Hyundai::Attack_free_HY_Sonata_train.csv::Hyundai::Attack_free_HY_Sonata_train.csv::seg_test::739,-1,0,Hyundai,Attack_free_HY_Sonata_train.csv
101,strong_campaign,ben_00-w04,ben_00,Hyundai::Fuzzy_HYUNDAI_Sonata_train.csv::Hyundai::Fuzzy_HYUNDAI_Sonata_train.csv::full_trace::162,-1,0,Hyundai,Fuzzy_HYUNDAI_Sonata_train.csv
101,strong_campaign,ben_00-w05,ben_00,Hyundai::Attack_free_HY_Sonata_train.csv::Hyundai::Attack_free_HY_Sonata_train.csv::seg_test::24,-1,0,Hyundai,Attack_free_HY_Sonata_train.csv
101,strong_campaign,ben_00-w06,ben_00,Hyundai::Attack_free_HY_Sonata_train.csv::Hyundai::Attack_free_HY_Sonata_train.csv::seg_test::218,-1,0,Hyundai,Attack_free_HY_Sonata_train.csv
101,strong_campaign,ben_00-w07,ben_00,Kia::Attack_free_KIA_Soul_train.csv::Kia::Attack_free_KIA_Soul_train.csv::seg_test::38,-1,0,Kia,Attack_free_KIA_Soul_train.csv
101,strong_campaign,ben_00-w08,ben_00,Kia::Fuzzy_dataset_KIA_Soul_train.csv::Kia::Fuzzy_dataset_KIA_Soul_train.csv::full_trace::4617,-1,0,Kia,Fuzzy_dataset_KIA_Soul_train.csv
101,strong_campaign,ben_00-w09,ben_00,Kia::Fuzzy_dataset_KIA_Soul_train.csv::Kia::Fuzzy_dataset_KIA_Soul_train.csv::full_trace::2126,-1,0,Kia,Fuzzy_dataset_KIA_Soul_train.csv
101,strong_campaign,ben_01-w00,ben_01,Chevrolet::Flooding_CHEVROLET_Spark_train.csv::Chevrolet::Flooding_CHEVROLET_Spark_train.csv::seg_test::238,-1,0,Chevrolet,Flooding_CHEVROLET_Spark_train.csv
101,strong_campaign,ben_01-w01,ben_01,Kia::Fuzzy_dataset_KIA_Soul_train.csv::Kia::Fuzzy_dataset_KIA_Soul_train.csv::full_trace::3458,-1,0,Kia,Fuzzy_dataset_KIA_Soul_train.csv
101,strong_campaign,ben_01-w02,ben_01,Kia::Attack_free_KIA_Soul_train.csv::Kia::Attack_free_KIA_Soul_train.csv::seg_test::942,-1,0,Kia,Attack_free_KIA_Soul_train.csv
101,strong_campaign,ben_01-w03,ben_01,Kia::Fuzzy_dataset_KIA_Soul_train.csv::Kia::Fuzzy_dataset_KIA_Soul_train.csv::full_trace::9192,-1,0,Kia,Fuzzy_dataset_KIA_Soul_train.csv
101,strong_campaign,ben_01-w04,ben_01,Kia::Fuzzy_dataset_KIA_Soul_train.csv::Kia::Fuzzy_dataset_KIA_Soul_train.csv::full_trace::9058,-1,0,Kia,Fuzzy_dataset_KIA_Soul_train.csv
101,strong_campaign,ben_01-w05,ben_01,Hyundai::Attack_free_HY_Sonata_train.csv::Hyundai::Attack_free_HY_Sonata_train.csv::seg_test::385,-1,0,Hyundai,Attack_free_HY_Sonata_train.csv
101,strong_campaign,ben_01-w06,ben_01,Hyundai::Attack_free_HY_Sonata_train.csv::Hyundai::Attack_free_HY_Sonata_train.csv::seg_test::284,-1,0,Hyundai,Attack_free_HY_Sonata_train.csv
101,strong_campaign,ben_01-w07,ben_01,Kia::Fuzzy_dataset_KIA_Soul_train.csv::Kia::Fuzzy_dataset_KIA_Soul_train.csv::full_trace::3308,-1,0,Kia,Fuzzy_dataset_KIA_Soul_train.csv
101,strong_campaign,ben_01-w08,ben_01,Hyundai::Fuzzy_HYUNDAI_Sonata_train.csv::Hyundai::Fuzzy_HYUNDAI_Sonata_train.csv::full_trace::741,-1,0,Hyundai,Fuzzy_HYUNDAI_Sonata_train.csv
101,strong_campaign,ben_01-w09,ben_01,Hyundai::Attack_free_HY_Sonata_train.csv::Hyundai::Attack_free_HY_Sonata_train.csv::seg_test::187,-1,0,Hyundai,Attack_free_HY_Sonata_train.csv
101,strong_campaign,ben_02-w00,ben_02,Hyundai::Fuzzy_HYUNDAI_Sonata_train.csv::Hyundai::Fuzzy_HYUNDAI_Sonata_train.csv::full_trace::106,-1,0,Hyundai,Fuzzy_HYUNDAI_Sonata_train.csv
101,strong_campaign,ben_02-w01,ben_02,Kia::Fuzzy_dataset_KIA_Soul_train.csv::Kia::Fuzzy_dataset_KIA_Soul_train.csv::full_trace::3501,-1,0,Kia,Fuzzy_dataset_KIA_Soul_train.csv
101,strong_campaign,ben_02-w02,ben_02,Kia::Fuzzy_dataset_KIA_Soul_train.csv::Kia::Fuzzy_dataset_KIA_Soul_train.csv::full_trace::8998,-1,0,Kia,Fuzzy_dataset_KIA_Soul_train.csv
101,strong_campaign,ben_02-w03,ben_02,Kia::Fuzzy_dataset_KIA_Soul_train.csv::Kia::Fuzzy_dataset_KIA_Soul_train.csv::full_trace::3600,-1,0,Kia,Fuzzy_dataset_KIA_Soul_train.csv
101,strong_campaign,ben_02-w04,ben_02,Hyundai::Fuzzy_HYUNDAI_Sonata_train.csv::Hyundai::Fuzzy_HYUNDAI_Sonata_train.csv::full_trace::571,-1,0,Hyundai,Fuzzy_HYUNDAI_Sonata_train.csv
101,strong_campaign,ben_02-w05,ben_02,Kia::Fuzzy_dataset_KIA_Soul_train.csv::Kia::Fuzzy_dataset_KIA_Soul_train.csv::full_trace::9191,-1,0,Kia,Fuzzy_dataset_KIA_Soul_train.csv
101,strong_campaign,ben_02-w06,ben_02,Kia::Fuzzy_dataset_KIA_Soul_train.csv::Kia::Fuzzy_dataset_KIA_Soul_train.csv::full_trace::6732,-1,0,Kia,Fuzzy_dataset_KIA_Soul_train.csv
101,strong_campaign,ben_02-w07,ben_02,Kia::Fuzzy_dataset_KIA_Soul_train.csv::Kia::Fuzzy_dataset_KIA_Soul_train.csv::full_trace::8875,-1,0,Kia,Fuzzy_dataset_KIA_Soul_train.csv
101,strong_campaign,ben_02-w08,ben_02,Hyundai::Attack_free_HY_Sonata_train.csv::Hyundai::Attack_free_HY_Sonata_train.csv::seg_test::712,-1,0,Hyundai,Attack_free_HY_Sonata_train.csv
101,strong_campaign,ben_02-w09,ben_02,Hyundai::Fuzzy_HYUNDAI_Sonata_train.csv::Hyundai::Fuzzy_HYUNDAI_Sonata_train.csv::full_trace::1639,-1,0,Hyundai,Fuzzy_HYUNDAI_Sonata_train.csv
101,strong_campaign,ben_03-w00,ben_03,Kia::Fuzzy_dataset_KIA_Soul_train.csv::Kia::Fuzzy_dataset_KIA_Soul_train.csv::full_trace::5721,-1,0,Kia,Fuzzy_dataset_KIA_Soul_train.csv
101,strong_campaign,ben_03-w01,ben_03,Kia::Fuzzy_dataset_KIA_Soul_train.csv::Kia::Fuzzy_dataset_KIA_Soul_train.csv::full_trace::8993,-1,0,Kia,Fuzzy_dataset_KIA_Soul_train.csv
101,strong_campaign,ben_03-w02,ben_03,Chevrolet::Attack_free_CHEVROLET_Spark_train.csv::Chevrolet::Attack_free_CHEVROLET_Spark_train.csv::seg_test::1,-1,0,Chevrolet,Attack_free_CHEVROLET_Spark_train.csv
101,strong_campaign,ben_03-w03,ben_03,Hyundai::Fuzzy_HYUNDAI_Sonata_train.csv::Hyundai::Fuzzy_HYUNDAI_Sonata_train.csv::full_trace::503,-1,0,Hyundai,Fuzzy_HYUNDAI_Sonata_train.csv
101,strong_campaign,ben_03-w04,ben_03,Hyundai::Attack_free_HY_Sonata_train.csv::Hyundai::Attack_free_HY_Sonata_train.csv::seg_test::1127,-1,0,Hyundai,Attack_free_HY_Sonata_train.csv
101,strong_campaign,ben_03-w05,ben_03,Chevrolet::Attack_free_CHEVROLET_Spark_train.csv::Chevrolet::Attack_free_CHEVROLET_Spark_train.csv::seg_test::176,-1,0,Chevrolet,Attack_free_CHEVROLET_Spark_train.csv
101,strong_campaign,ben_03-w06,ben_03,Chevrolet::Malfunction_CHEVROLET_Spark_train.csv::Chevrolet::Malfunction_CHEVROLET_Spark_train.csv::seg_test::83,-1,0,Chevrolet,Malfunction_CHEVROLET_Spark_train.csv
101,strong_campaign,ben_03-w07,ben_03,Kia::Fuzzy_dataset_KIA_Soul_train.csv::Kia::Fuzzy_dataset_KIA_Soul_train.csv::full_trace::8014,-1,0,Kia,Fuzzy_dataset_KIA_Soul_train.csv
101,strong_campaign,ben_03-w08,ben_03,Kia::Fuzzy_dataset_KIA_Soul_train.csv::Kia::Fuzzy_dataset_KIA_Soul_train.csv::full_trace::6671,-1,0,Kia,Fuzzy_dataset_KIA_Soul_train.csv
101,strong_campaign,ben_03-w09,ben_03,Kia::Attack_free_KIA_Soul_train.csv::Kia::Attack_free_KIA_Soul_train.csv::seg_test::410,-1,0,Kia,Attack_free_KIA_Soul_train.csv
101,strong_campaign,ben_04-w00,ben_04,Kia::Attack_free_KIA_Soul_train.csv::Kia::Attack_free_KIA_Soul_train.csv::seg_test::1068,-1,0,Kia,Attack_free_KIA_Soul_train.csv
101,strong_campaign,ben_04-w01,ben_04,Kia::Fuzzy_dataset_KIA_Soul_train.csv::Kia::Fuzzy_dataset_KIA_Soul_train.csv::full_trace::2411,-1,0,Kia,Fuzzy_dataset_KIA_Soul_train.csv
101,strong_campaign,ben_04-w02,ben_04,Kia::Attack_free_KIA_Soul_train.csv::Kia::Attack_free_KIA_Soul_train.csv::seg_test::790,-1,0,Kia,Attack_free_KIA_Soul_train.csv
101,strong_campaign,ben_04-w03,ben_04,Kia::Fuzzy_dataset_KIA_Soul_train.csv::Kia::Fuzzy_dataset_KIA_Soul_train.csv::full_trace::2470,-1,0,Kia,Fuzzy_dataset_KIA_Soul_train.csv
101,strong_campaign,ben_04-w04,ben_04,Kia::Fuzzy_dataset_KIA_Soul_train.csv::Kia::Fuzzy_dataset_KIA_Soul_train.csv::full_trace::5660,-1,0,Kia,Fuzzy_dataset_KIA_Soul_train.csv
101,strong_campaign,ben_04-w05,ben_04,Hyundai::Fuzzy_HYUNDAI_Sonata_train.csv::Hyundai::Fuzzy_HYUNDAI_Sonata_train.csv::full_trace::1625,-1,0,Hyundai,Fuzzy_HYUNDAI_Sonata_train.csv
101,strong_campaign,ben_04-w06,ben_04,Hyundai::Attack_free_HY_Sonata_train.csv::Hyundai::Attack_free_HY_Sonata_train.csv::seg_test::855,-1,0,Hyundai,Attack_free_HY_Sonata_train.csv
101,strong_campaign,ben_04-w07,ben_04,Kia::Fuzzy_dataset_KIA_Soul_train.csv::Kia::Fuzzy_dataset_KIA_Soul_train.csv::full_trace::3424,-1,0,Kia,Fuzzy_dataset_KIA_Soul_train.csv
101,strong_campaign,ben_04-w08,ben_04,Hyundai::Attack_free_HY_Sonata_train.csv::Hyundai::Attack_free_HY_Sonata_train.csv::seg_test::747,-1,0,Hyundai,Attack_free_HY_Sonata_train.csv
101,strong_campaign,ben_04-w09,ben_04,Kia::Fuzzy_dataset_KIA_Soul_train.csv::Kia::Fuzzy_dataset_KIA_Soul_train.csv::full_trace::8831,-1,0,Kia,Fuzzy_dataset_KIA_Soul_train.csv
101,strong_campaign,ben_05-w00,ben_05,Hyundai::Attack_free_HY_Sonata_train.csv::Hyundai::Attack_free_HY_Sonata_train.csv::seg_test::527,-1,0,Hyundai,Attack_free_HY_Sonata_train.csv
101,strong_campaign,ben_05-w01,ben_05,Kia::Attack_free_KIA_Soul_train.csv::Kia::Attack_free_KIA_Soul_train.csv::seg_test::1154,-1,0,Kia,Attack_free_KIA_Soul_train.csv
101,strong_campaign,ben_05-w02,ben_05,Kia::Attack_free_KIA_Soul_train.csv::Kia::Attack_free_KIA_Soul_train.csv::seg_test::593,-1,0,Kia,Attack_free_KIA_Soul_train.csv
101,strong_campaign,ben_05-w03,ben_05,Kia::Fuzzy_dataset_KIA_Soul_train.csv::Kia::Fuzzy_dataset_KIA_Soul_train.csv::full_trace::3272,-1,0,Kia,Fuzzy_dataset_KIA_Soul_train.csv
101,strong_campaign,ben_05-w04,ben_05,Kia::Attack_free_KIA_Soul_train.csv::Kia::Attack_free_KIA_Soul_train.csv::seg_test::475,-1,0,Kia,Attack_free_KIA_Soul_train.csv
101,strong_campaign,ben_05-w05,ben_05,Kia::Fuzzy_dataset_KIA_Soul_train.csv::Kia::Fuzzy_dataset_KIA_Soul_train.csv::full_trace::219,-1,0,Kia,Fuzzy_dataset_KIA_Soul_train.csv
101,strong_campaign,ben_05-w06,ben_05,Kia::Fuzzy_dataset_KIA_Soul_train.csv::Kia::Fuzzy_dataset_KIA_Soul_train.csv::full_trace::5505,-1,0,Kia,Fuzzy_dataset_KIA_Soul_train.csv
101,strong_campaign,ben_05-w07,ben_05,Kia::Fuzzy_dataset_KIA_Soul_train.csv::Kia::Fuzzy_dataset_KIA_Soul_train.csv::full_trace::4571,-1,0,Kia,Fuzzy_dataset_KIA_Soul_train.csv
101,strong_campaign,ben_05-w08,ben_05,Hyundai::Fuzzy_HYUNDAI_Sonata_train.csv::Hyundai::Fuzzy_HYUNDAI_Sonata_train.csv::full_trace::32,-1,0,Hyundai,Fuzzy_HYUNDAI_Sonata_train.csv
101,strong_campaign,ben_05-w09,ben_05,Kia::Fuzzy_dataset_KIA_Soul_train.csv::Kia::Fuzzy_dataset_KIA_Soul_train.csv::full_trace::9154,-1,0,Kia,Fuzzy_dataset_KIA_Soul_train.csv
101,strong_campaign,ben_06-w00,ben_06,Kia::Fuzzy_dataset_KIA_Soul_train.csv::Kia::Fuzzy_dataset_KIA_Soul_train.csv::full_trace::2434,-1,0,Kia,Fuzzy_dataset_KIA_Soul_train.csv
101,strong_campaign,ben_06-w01,ben_06,Hyundai::Attack_free_HY_Sonata_train.csv::Hyundai::Attack_free_HY_Sonata_train.csv::seg_test::1250,-1,0,Hyundai,Attack_free_HY_Sonata_train.csv
101,strong_campaign,ben_06-w02,ben_06,Kia::Attack_free_KIA_Soul_train.csv::Kia::Attack_free_KIA_Soul_train.csv::seg_test::783,-1,0,Kia,Attack_free_KIA_Soul_train.csv
101,strong_campaign,ben_06-w03,ben_06,Kia::Fuzzy_dataset_KIA_Soul_train.csv::Kia::Fuzzy_dataset_KIA_Soul_train.csv::full_trace::1165,-1,0,Kia,Fuzzy_dataset_KIA_Soul_train.csv
101,strong_campaign,ben_06-w04,ben_06,Kia::Fuzzy_dataset_KIA_Soul_train.csv::Kia::Fuzzy_dataset_KIA_Soul_train.csv::full_trace::7007,-1,0,Kia,Fuzzy_dataset_KIA_Soul_train.csv
101,strong_campaign,ben_06-w05,ben_06,Kia::Attack_free_KIA_Soul_train.csv::Kia::Attack_free_KIA_Soul_train.csv::seg_test::610,-1,0,Kia,Attack_free_KIA_Soul_train.csv
101,strong_campaign,ben_06-w06,ben_06,Hyundai::Attack_free_HY_Sonata_train.csv::Hyundai::Attack_free_HY_Sonata_train.csv::seg_test::328,-1,0,Hyundai,Attack_free_HY_Sonata_train.csv
101,strong_campaign,ben_06-w07,ben_06,Kia::Fuzzy_dataset_KIA_Soul_train.csv::Kia::Fuzzy_dataset_KIA_Soul_train.csv::full_trace::8841,-1,0,Kia,Fuzzy_dataset_KIA_Soul_train.csv
101,strong_campaign,ben_06-w08,ben_06,Kia::Attack_free_KIA_Soul_train.csv::Kia::Attack_free_KIA_Soul_train.csv::seg_test::773,-1,0,Kia,Attack_free_KIA_Soul_train.csv
101,strong_campaign,ben_06-w09,ben_06,Hyundai::Attack_free_HY_Sonata_train.csv::Hyundai::Attack_free_HY_Sonata_train.csv::seg_test::421,-1,0,Hyundai,Attack_free_HY_Sonata_train.csv
101,strong_campaign,ben_07-w00,ben_07,Kia::Attack_free_KIA_Soul_train.csv::Kia::Attack_free_KIA_Soul_train.csv::seg_test::712,-1,0,Kia,Attack_free_KIA_Soul_train.csv
101,strong_campaign,ben_07-w01,ben_07,Kia::Attack_free_KIA_Soul_train.csv::Kia::Attack_free_KIA_Soul_train.csv::seg_test::1071,-1,0,Kia,Attack_free_KIA_Soul_train.csv
101,strong_campaign,ben_07-w02,ben_07,Hyundai::Fuzzy_HYUNDAI_Sonata_train.csv::Hyundai::Fuzzy_HYUNDAI_Sonata_train.csv::full_trace::1676,-1,0,Hyundai,Fuzzy_HYUNDAI_Sonata_train.csv
101,strong_campaign,ben_07-w03,ben_07,Kia::Fuzzy_dataset_KIA_Soul_train.csv::Kia::Fuzzy_dataset_KIA_Soul_train.csv::full_trace::1187,-1,0,Kia,Fuzzy_dataset_KIA_Soul_train.csv
101,strong_campaign,ben_07-w04,ben_07,Kia::Fuzzy_dataset_KIA_Soul_train.csv::Kia::Fuzzy_dataset_KIA_Soul_train.csv::full_trace::4746,-1,0,Kia,Fuzzy_dataset_KIA_Soul_train.csv
101,strong_campaign,ben_07-w05,ben_07,Kia::Attack_free_KIA_Soul_train.csv::Kia::Attack_free_KIA_Soul_train.csv::seg_test::245,-1,0,Kia,Attack_free_KIA_Soul_train.csv
101,strong_campaign,ben_07-w06,ben_07,Kia::Fuzzy_dataset_KIA_Soul_train.csv::Kia::Fuzzy_dataset_KIA_Soul_train.csv::full_trace::2282,-1,0,Kia,Fuzzy_dataset_KIA_Soul_train.csv
101,strong_campaign,ben_07-w07,ben_07,Hyundai::Attack_free_HY_Sonata_train.csv::Hyundai::Attack_free_HY_Sonata_train.csv::seg_test::519,-1,0,Hyundai,Attack_free_HY_Sonata_train.csv
101,strong_campaign,ben_07-w08,ben_07,Kia::Fuzzy_dataset_KIA_Soul_train.csv::Kia::Fuzzy_dataset_KIA_Soul_train.csv::full_trace::3557,-1,0,Kia,Fuzzy_dataset_KIA_Soul_train.csv
101,strong_campaign,ben_07-w09,ben_07,Kia::Attack_free_KIA_Soul_train.csv::Kia::Attack_free_KIA_Soul_train.csv::seg_test::538,-1,0,Kia,Attack_free_KIA_Soul_train.csv
101,strong_campaign,ben_08-w00,ben_08,Kia::Fuzzy_dataset_KIA_Soul_train.csv::Kia::Fuzzy_dataset_KIA_Soul_train.csv::full_trace::1128,-1,0,Kia,Fuzzy_dataset_KIA_Soul_train.csv
101,strong_campaign,ben_08-w01,ben_08,Kia::Fuzzy_dataset_KIA_Soul_train.csv::Kia::Fuzzy_dataset_KIA_Soul_train.csv::full_trace::4544,-1,0,Kia,Fuzzy_dataset_KIA_Soul_train.csv
101,strong_campaign,ben_08-w02,ben_08,Kia::Attack_free_KIA_Soul_train.csv::Kia::Attack_free_KIA_Soul_train.csv::seg_test::546,-1,0,Kia,Attack_free_KIA_Soul_train.csv
101,strong_campaign,ben_08-w03,ben_08,Kia::Attack_free_KIA_Soul_train.csv::Kia::Attack_free_KIA_Soul_train.csv::seg_test::437,-1,0,Kia,Attack_free_KIA_Soul_train.csv
101,strong_campaign,ben_08-w04,ben_08,Hyundai::Fuzzy_HYUNDAI_Sonata_train.csv::Hyundai::Fuzzy_HYUNDAI_Sonata_train.csv::full_trace::1163,-1,0,Hyundai,Fuzzy_HYUNDAI_Sonata_train.csv
101,strong_campaign,ben_08-w05,ben_08,Kia::Fuzzy_dataset_KIA_Soul_train.csv::Kia::Fuzzy_dataset_KIA_Soul_train.csv::full_trace::6790,-1,0,Kia,Fuzzy_dataset_KIA_Soul_train.csv
101,strong_campaign,ben_08-w06,ben_08,Kia::Fuzzy_dataset_KIA_Soul_train.csv::Kia::Fuzzy_dataset_KIA_Soul_train.csv::full_trace::6997,-1,0,Kia,Fuzzy_dataset_KIA_Soul_train.csv
101,strong_campaign,ben_08-w07,ben_08,Hyundai::Fuzzy_HYUNDAI_Sonata_train.csv::Hyundai::Fuzzy_HYUNDAI_Sonata_train.csv::full_trace::186,-1,0,Hyundai,Fuzzy_HYUNDAI_Sonata_train.csv
101,strong_campaign,ben_08-w08,ben_08,Kia::Fuzzy_dataset_KIA_Soul_train.csv::Kia::Fuzzy_dataset_KIA_Soul_train.csv::full_trace::6809,-1,0,Kia,Fuzzy_dataset_KIA_Soul_train.csv
101,strong_campaign,ben_08-w09,ben_08,Kia::Attack_free_KIA_Soul_train.csv::Kia::Attack_free_KIA_Soul_train.csv::seg_test::487,-1,0,Kia,Attack_free_KIA_Soul_train.csv
101,strong_campaign,ben_09-w00,ben_09,Kia::Attack_free_KIA_Soul_train.csv::Kia::Attack_free_KIA_Soul_train.csv::seg_test::1355,-1,0,Kia,Attack_free_KIA_Soul_train.csv
101,strong_campaign,ben_09-w01,ben_09,Hyundai::Fuzzy_HYUNDAI_Sonata_train.csv::Hyundai::Fuzzy_HYUNDAI_Sonata_train.csv::full_trace::644,-1,0,Hyundai,Fuzzy_HYUNDAI_Sonata_train.csv
101,strong_campaign,ben_09-w02,ben_09,Hyundai::Fuzzy_HYUNDAI_Sonata_train.csv::Hyundai::Fuzzy_HYUNDAI_Sonata_train.csv::full_trace::1596,-1,0,Hyundai,Fuzzy_HYUNDAI_Sonata_train.csv
101,strong_campaign,ben_09-w03,ben_09,Kia::Fuzzy_dataset_KIA_Soul_train.csv::Kia::Fuzzy_dataset_KIA_Soul_train.csv::full_trace::8836,-1,0,Kia,Fuzzy_dataset_KIA_Soul_train.csv
101,strong_campaign,ben_09-w04,ben_09,Kia::Fuzzy_dataset_KIA_Soul_train.csv::Kia::Fuzzy_dataset_KIA_Soul_train.csv::full_trace::3427,-1,0,Kia,Fuzzy_dataset_KIA_Soul_train.csv
101,strong_campaign,ben_09-w05,ben_09,Kia::Fuzzy_dataset_KIA_Soul_train.csv::Kia::Fuzzy_dataset_KIA_Soul_train.csv::full_trace::7904,-1,0,Kia,Fuzzy_dataset_KIA_Soul_train.csv
101,strong_campaign,ben_09-w06,ben_09,Hyundai::Attack_free_HY_Sonata_train.csv::Hyundai::Attack_free_HY_Sonata_train.csv::seg_test::183,-1,0,Hyundai,Attack_free_HY_Sonata_train.csv
101,strong_campaign,ben_09-w07,ben_09,Kia::Fuzzy_dataset_KIA_Soul_train.csv::Kia::Fuzzy_dataset_KIA_Soul_train.csv::full_trace::4653,-1,0,Kia,Fuzzy_dataset_KIA_Soul_train.csv
101,strong_campaign,ben_09-w08,ben_09,Chevrolet::Malfunction_CHEVROLET_Spark_train.csv::Chevrolet::Malfunction_CHEVROLET_Spark_train.csv::seg_test::119,-1,0,Chevrolet,Malfunction_CHEVROLET_Spark_train.csv
101,strong_campaign,ben_09-w09,ben_09,Kia::Fuzzy_dataset_KIA_Soul_train.csv::Kia::Fuzzy_dataset_KIA_Soul_train.csv::full_trace::4755,-1,0,Kia,Fuzzy_dataset_KIA_Soul_train.csv
101,strong_campaign,ben_10-w00,ben_10,Hyundai::Fuzzy_HYUNDAI_Sonata_train.csv::Hyundai::Fuzzy_HYUNDAI_Sonata_train.csv::full_trace::1646,-1,0,Hyundai,Fuzzy_HYUNDAI_Sonata_train.csv
101,strong_campaign,ben_10-w01,ben_10,Hyundai::Fuzzy_HYUNDAI_Sonata_train.csv::Hyundai::Fuzzy_HYUNDAI_Sonata_train.csv::full_trace::1592,-1,0,Hyundai,Fuzzy_HYUNDAI_Sonata_train.csv
101,strong_campaign,ben_10-w02,ben_10,Hyundai::Fuzzy_HYUNDAI_Sonata_train.csv::Hyundai::Fuzzy_HYUNDAI_Sonata_train.csv::full_trace::425,-1,0,Hyundai,Fuzzy_HYUNDAI_Sonata_train.csv
101,strong_campaign,ben_10-w03,ben_10,Kia::Fuzzy_dataset_KIA_Soul_train.csv::Kia::Fuzzy_dataset_KIA_Soul_train.csv::full_trace::2134,-1,0,Kia,Fuzzy_dataset_KIA_Soul_train.csv
101,strong_campaign,ben_10-w04,ben_10,Hyundai::Fuzzy_HYUNDAI_Sonata_train.csv::Hyundai::Fuzzy_HYUNDAI_Sonata_train.csv::full_trace::1658,-1,0,Hyundai,Fuzzy_HYUNDAI_Sonata_train.csv
101,strong_campaign,ben_10-w05,ben_10,Kia::Fuzzy_dataset_KIA_Soul_train.csv::Kia::Fuzzy_dataset_KIA_Soul_train.csv::full_trace::2237,-1,0,Kia,Fuzzy_dataset_KIA_Soul_train.csv
101,strong_campaign,ben_10-w06,ben_10,Hyundai::Attack_free_HY_Sonata_train.csv::Hyundai::Attack_free_HY_Sonata_train.csv::seg_test::929,-1,0,Hyundai,Attack_free_HY_Sonata_train.csv
101,strong_campaign,ben_10-w07,ben_10,Hyundai::Attack_free_HY_Sonata_train.csv::Hyundai::Attack_free_HY_Sonata_train.csv::seg_test::732,-1,0,Hyundai,Attack_free_HY_Sonata_train.csv
101,strong_campaign,ben_10-w08,ben_10,Kia::Fuzzy_dataset_KIA_Soul_train.csv::Kia::Fuzzy_dataset_KIA_Soul_train.csv::full_trace::7819,-1,0,Kia,Fuzzy_dataset_KIA_Soul_train.csv
101,strong_campaign,ben_10-w09,ben_10,Hyundai::Attack_free_HY_Sonata_train.csv::Hyundai::Attack_free_HY_Sonata_train.csv::seg_test::738,-1,0,Hyundai,Attack_free_HY_Sonata_train.csv
101,strong_campaign,ben_11-w00,ben_11,Kia::Fuzzy_dataset_KIA_Soul_train.csv::Kia::Fuzzy_dataset_KIA_Soul_train.csv::full_trace::2217,-1,0,Kia,Fuzzy_dataset_KIA_Soul_train.csv
101,strong_campaign,ben_11-w01,ben_11,Kia::Fuzzy_dataset_KIA_Soul_train.csv::Kia::Fuzzy_dataset_KIA_Soul_train.csv::full_trace::6911,-1,0,Kia,Fuzzy_dataset_KIA_Soul_train.csv
101,strong_campaign,ben_11-w02,ben_11,Kia::Fuzzy_dataset_KIA_Soul_train.csv::Kia::Fuzzy_dataset_KIA_Soul_train.csv::full_trace::5606,-1,0,Kia,Fuzzy_dataset_KIA_Soul_train.csv
101,strong_campaign,ben_11-w03,ben_11,Hyundai::Fuzzy_HYUNDAI_Sonata_train.csv::Hyundai::Fuzzy_HYUNDAI_Sonata_train.csv::full_trace::311,-1,0,Hyundai,Fuzzy_HYUNDAI_Sonata_train.csv
101,strong_campaign,ben_11-w04,ben_11,Hyundai::Fuzzy_HYUNDAI_Sonata_train.csv::Hyundai::Fuzzy_HYUNDAI_Sonata_train.csv::full_trace::43,-1,0,Hyundai,Fuzzy_HYUNDAI_Sonata_train.csv
101,strong_campaign,ben_11-w05,ben_11,Hyundai::Attack_free_HY_Sonata_train.csv::Hyundai::Attack_free_HY_Sonata_train.csv::seg_test::1160,-1,0,Hyundai,Attack_free_HY_Sonata_train.csv
101,strong_campaign,ben_11-w06,ben_11,Chevrolet::Attack_free_CHEVROLET_Spark_train.csv::Chevrolet::Attack_free_CHEVROLET_Spark_train.csv::seg_test::28,-1,0,Chevrolet,Attack_free_CHEVROLET_Spark_train.csv
101,strong_campaign,ben_11-w07,ben_11,Hyundai::Fuzzy_HYUNDAI_Sonata_train.csv::Hyundai::Fuzzy_HYUNDAI_Sonata_train.csv::full_trace::1276,-1,0,Hyundai,Fuzzy_HYUNDAI_Sonata_train.csv
101,strong_campaign,ben_11-w08,ben_11,Kia::Fuzzy_dataset_KIA_Soul_train.csv::Kia::Fuzzy_dataset_KIA_Soul_train.csv::full_trace::5775,-1,0,Kia,Fuzzy_dataset_KIA_Soul_train.csv
101,strong_campaign,ben_11-w09,ben_11,Kia::Fuzzy_dataset_KIA_Soul_train.csv::Kia::Fuzzy_dataset_KIA_Soul_train.csv::full_trace::8844,-1,0,Kia,Fuzzy_dataset_KIA_Soul_train.csv
101,strong_campaign,ben_12-w00,ben_12,Kia::Fuzzy_dataset_KIA_Soul_train.csv::Kia::Fuzzy_dataset_KIA_Soul_train.csv::full_trace::7893,-1,0,Kia,Fuzzy_dataset_KIA_Soul_train.csv
101,strong_campaign,ben_12-w01,ben_12,Kia::Fuzzy_dataset_KIA_Soul_train.csv::Kia::Fuzzy_dataset_KIA_Soul_train.csv::full_trace::3542,-1,0,Kia,Fuzzy_dataset_KIA_Soul_train.csv
101,strong_campaign,ben_12-w02,ben_12,Kia::Fuzzy_dataset_KIA_Soul_train.csv::Kia::Fuzzy_dataset_KIA_Soul_train.csv::full_trace::7782,-1,0,Kia,Fuzzy_dataset_KIA_Soul_train.csv
101,strong_campaign,ben_12-w03,ben_12,Kia::Fuzzy_dataset_KIA_Soul_train.csv::Kia::Fuzzy_dataset_KIA_Soul_train.csv::full_trace::105,-1,0,Kia,Fuzzy_dataset_KIA_Soul_train.csv
101,strong_campaign,ben_12-w04,ben_12,Hyundai::Fuzzy_HYUNDAI_Sonata_train.csv::Hyundai::Fuzzy_HYUNDAI_Sonata_train.csv::full_trace::638,-1,0,Hyundai,Fuzzy_HYUNDAI_Sonata_train.csv
101,strong_campaign,ben_12-w05,ben_12,Kia::Fuzzy_dataset_KIA_Soul_train.csv::Kia::Fuzzy_dataset_KIA_Soul_train.csv::full_trace::3499,-1,0,Kia,Fuzzy_dataset_KIA_Soul_train.csv
101,strong_campaign,ben_12-w06,ben_12,Hyundai::Attack_free_HY_Sonata_train.csv::Hyundai::Attack_free_HY_Sonata_train.csv::seg_test::1256,-1,0,Hyundai,Attack_free_HY_Sonata_train.csv
101,strong_campaign,ben_12-w07,ben_12,Hyundai::Fuzzy_HYUNDAI_Sonata_train.csv::Hyundai::Fuzzy_HYUNDAI_Sonata_train.csv::full_trace::611,-1,0,Hyundai,Fuzzy_HYUNDAI_Sonata_train.csv
101,strong_campaign,ben_12-w08,ben_12,Hyundai::Attack_free_HY_Sonata_train.csv::Hyundai::Attack_free_HY_Sonata_train.csv::seg_test::1217,-1,0,Hyundai,Attack_free_HY_Sonata_train.csv
101,strong_campaign,ben_12-w09,ben_12,Kia::Attack_free_KIA_Soul_train.csv::Kia::Attack_free_KIA_Soul_train.csv::seg_test::1395,-1,0,Kia,Attack_free_KIA_Soul_train.csv
101,strong_campaign,ben_13-w00,ben_13,Hyundai::Fuzzy_HYUNDAI_Sonata_train.csv::Hyundai::Fuzzy_HYUNDAI_Sonata_train.csv::full_trace::1656,-1,0,Hyundai,Fuzzy_HYUNDAI_Sonata_train.csv
101,strong_campaign,ben_13-w01,ben_13,Kia::Fuzzy_dataset_KIA_Soul_train.csv::Kia::Fuzzy_dataset_KIA_Soul_train.csv::full_trace::4698,-1,0,Kia,Fuzzy_dataset_KIA_Soul_train.csv
101,strong_campaign,ben_13-w02,ben_13,Kia::Fuzzy_dataset_KIA_Soul_train.csv::Kia::Fuzzy_dataset_KIA_Soul_train.csv::full_trace::2449,-1,0,Kia,Fuzzy_dataset_KIA_Soul_train.csv
101,strong_campaign,ben_13-w03,ben_13,Kia::Attack_free_KIA_Soul_train.csv::Kia::Attack_free_KIA_Soul_train.csv::seg_test::992,-1,0,Kia,Attack_free_KIA_Soul_train.csv
101,strong_campaign,ben_13-w04,ben_13,Kia::Fuzzy_dataset_KIA_Soul_train.csv::Kia::Fuzzy_dataset_KIA_Soul_train.csv::full_trace::4657,-1,0,Kia,Fuzzy_dataset_KIA_Soul_train.csv
101,strong_campaign,ben_13-w05,ben_13,Hyundai::Attack_free_HY_Sonata_train.csv::Hyundai::Attack_free_HY_Sonata_train.csv::seg_test::635,-1,0,Hyundai,Attack_free_HY_Sonata_train.csv
101,strong_campaign,ben_13-w06,ben_13,Hyundai::Fuzzy_HYUNDAI_Sonata_train.csv::Hyundai::Fuzzy_HYUNDAI_Sonata_train.csv::full_trace::1665,-1,0,Hyundai,Fuzzy_HYUNDAI_Sonata_train.csv
101,strong_campaign,ben_13-w07,ben_13,Chevrolet::Attack_free_CHEVROLET_Spark_train.csv::Chevrolet::Attack_free_CHEVROLET_Spark_train.csv::seg_test::384,-1,0,Chevrolet,Attack_free_CHEVROLET_Spark_train.csv
101,strong_campaign,ben_13-w08,ben_13,Hyundai::Attack_free_HY_Sonata_train.csv::Hyundai::Attack_free_HY_Sonata_train.csv::seg_test::939,-1,0,Hyundai,Attack_free_HY_Sonata_train.csv
101,strong_campaign,ben_13-w09,ben_13,Hyundai::Fuzzy_HYUNDAI_Sonata_train.csv::Hyundai::Fuzzy_HYUNDAI_Sonata_train.csv::full_trace::515,-1,0,Hyundai,Fuzzy_HYUNDAI_Sonata_train.csv
101,strong_campaign,ben_14-w00,ben_14,Hyundai::Fuzzy_HYUNDAI_Sonata_train.csv::Hyundai::Fuzzy_HYUNDAI_Sonata_train.csv::full_trace::1202,-1,0,Hyundai,Fuzzy_HYUNDAI_Sonata_train.csv
101,strong_campaign,ben_14-w01,ben_14,Hyundai::Fuzzy_HYUNDAI_Sonata_train.csv::Hyundai::Fuzzy_HYUNDAI_Sonata_train.csv::full_trace::512,-1,0,Hyundai,Fuzzy_HYUNDAI_Sonata_train.csv
101,strong_campaign,ben_14-w02,ben_14,Hyundai::Attack_free_HY_Sonata_train.csv::Hyundai::Attack_free_HY_Sonata_train.csv::seg_test::666,-1,0,Hyundai,Attack_free_HY_Sonata_train.csv
101,strong_campaign,ben_14-w03,ben_14,Kia::Fuzzy_dataset_KIA_Soul_train.csv::Kia::Fuzzy_dataset_KIA_Soul_train.csv::full_trace::7873,-1,0,Kia,Fuzzy_dataset_KIA_Soul_train.csv
101,strong_campaign,ben_14-w04,ben_14,Kia::Fuzzy_dataset_KIA_Soul_train.csv::Kia::Fuzzy_dataset_KIA_Soul_train.csv::full_trace::1336,-1,0,Kia,Fuzzy_dataset_KIA_Soul_train.csv
101,strong_campaign,ben_14-w05,ben_14,Kia::Attack_free_KIA_Soul_train.csv::Kia::Attack_free_KIA_Soul_train.csv::seg_test::510,-1,0,Kia,Attack_free_KIA_Soul_train.csv
101,strong_campaign,ben_14-w06,ben_14,Hyundai::Fuzzy_HYUNDAI_Sonata_train.csv::Hyundai::Fuzzy_HYUNDAI_Sonata_train.csv::full_trace::548,-1,0,Hyundai,Fuzzy_HYUNDAI_Sonata_train.csv
101,strong_campaign,ben_14-w07,ben_14,Kia::Fuzzy_dataset_KIA_Soul_train.csv::Kia::Fuzzy_dataset_KIA_Soul_train.csv::full_trace::2483,-1,0,Kia,Fuzzy_dataset_KIA_Soul_train.csv
101,strong_campaign,ben_14-w08,ben_14,Kia::Fuzzy_dataset_KIA_Soul_train.csv::Kia::Fuzzy_dataset_KIA_Soul_train.csv::full_trace::6733,-1,0,Kia,Fuzzy_dataset_KIA_Soul_train.csv
101,strong_campaign,ben_14-w09,ben_14,Kia::Fuzzy_dataset_KIA_Soul_train.csv::Kia::Fuzzy_dataset_KIA_Soul_train.csv::full_trace::8047,-1,0,Kia,Fuzzy_dataset_KIA_Soul_train.csv
101,unrelated_incidents,ind_00-w00,ind_00,Kia::Fuzzy_dataset_KIA_Soul_train.csv::Kia::Fuzzy_dataset_KIA_Soul_train.csv::full_trace::2065,0,1,Kia,Fuzzy_dataset_KIA_Soul_train.csv
101,unrelated_incidents,ind_00-w01,ind_00,Kia::Fuzzy_dataset_KIA_Soul_train.csv::Kia::Fuzzy_dataset_KIA_Soul_train.csv::full_trace::6160,0,1,Kia,Fuzzy_dataset_KIA_Soul_train.csv
101,unrelated_incidents,ind_00-w02,ind_00,Kia::Fuzzy_dataset_KIA_Soul_train.csv::Kia::Fuzzy_dataset_KIA_Soul_train.csv::full_trace::545,0,1,Kia,Fuzzy_dataset_KIA_Soul_train.csv
101,unrelated_incidents,ind_00-w03,ind_00,Kia::Fuzzy_dataset_KIA_Soul_train.csv::Kia::Fuzzy_dataset_KIA_Soul_train.csv::full_trace::8545,0,1,Kia,Fuzzy_dataset_KIA_Soul_train.csv
101,unrelated_incidents,ind_00-w04,ind_00,Kia::Fuzzy_dataset_KIA_Soul_train.csv::Kia::Fuzzy_dataset_KIA_Soul_train.csv::full_trace::2792,0,1,Kia,Fuzzy_dataset_KIA_Soul_train.csv
101,unrelated_incidents,ind_00-w05,ind_00,Kia::Fuzzy_dataset_KIA_Soul_train.csv::Kia::Fuzzy_dataset_KIA_Soul_train.csv::full_trace::9181,-1,0,Kia,Fuzzy_dataset_KIA_Soul_train.csv
101,unrelated_incidents,ind_00-w06,ind_00,Kia::Fuzzy_dataset_KIA_Soul_train.csv::Kia::Fuzzy_dataset_KIA_Soul_train.csv::full_trace::6678,-1,0,Kia,Fuzzy_dataset_KIA_Soul_train.csv
101,unrelated_incidents,ind_00-w07,ind_00,Kia::Fuzzy_dataset_KIA_Soul_train.csv::Kia::Fuzzy_dataset_KIA_Soul_train.csv::full_trace::8158,-1,0,Kia,Fuzzy_dataset_KIA_Soul_train.csv
101,unrelated_incidents,ind_00-w08,ind_00,Kia::Attack_free_KIA_Soul_train.csv::Kia::Attack_free_KIA_Soul_train.csv::seg_test::461,-1,0,Kia,Attack_free_KIA_Soul_train.csv
101,unrelated_incidents,ind_00-w09,ind_00,Hyundai::Fuzzy_HYUNDAI_Sonata_train.csv::Hyundai::Fuzzy_HYUNDAI_Sonata_train.csv::full_trace::1636,-1,0,Hyundai,Fuzzy_HYUNDAI_Sonata_train.csv
101,unrelated_incidents,ind_01-w00,ind_01,Chevrolet::Flooding_CHEVROLET_Spark_train.csv::Chevrolet::Flooding_CHEVROLET_Spark_train.csv::seg_test::63,1,1,Chevrolet,Flooding_CHEVROLET_Spark_train.csv
101,unrelated_incidents,ind_01-w01,ind_01,Chevrolet::Flooding_CHEVROLET_Spark_train.csv::Chevrolet::Flooding_CHEVROLET_Spark_train.csv::seg_test::158,1,1,Chevrolet,Flooding_CHEVROLET_Spark_train.csv
101,unrelated_incidents,ind_01-w02,ind_01,Chevrolet::Flooding_CHEVROLET_Spark_train.csv::Chevrolet::Flooding_CHEVROLET_Spark_train.csv::seg_test::43,1,1,Chevrolet,Flooding_CHEVROLET_Spark_train.csv
101,unrelated_incidents,ind_01-w03,ind_01,Chevrolet::Flooding_CHEVROLET_Spark_train.csv::Chevrolet::Flooding_CHEVROLET_Spark_train.csv::seg_test::128,1,1,Chevrolet,Flooding_CHEVROLET_Spark_train.csv
101,unrelated_incidents,ind_01-w04,ind_01,Chevrolet::Flooding_CHEVROLET_Spark_train.csv::Chevrolet::Flooding_CHEVROLET_Spark_train.csv::seg_test::157,1,1,Chevrolet,Flooding_CHEVROLET_Spark_train.csv
101,unrelated_incidents,ind_01-w05,ind_01,Kia::Fuzzy_dataset_KIA_Soul_train.csv::Kia::Fuzzy_dataset_KIA_Soul_train.csv::full_trace::8954,-1,0,Kia,Fuzzy_dataset_KIA_Soul_train.csv
101,unrelated_incidents,ind_01-w06,ind_01,Hyundai::Attack_free_HY_Sonata_train.csv::Hyundai::Attack_free_HY_Sonata_train.csv::seg_test::249,-1,0,Hyundai,Attack_free_HY_Sonata_train.csv
101,unrelated_incidents,ind_01-w07,ind_01,Kia::Fuzzy_dataset_KIA_Soul_train.csv::Kia::Fuzzy_dataset_KIA_Soul_train.csv::full_trace::4674,-1,0,Kia,Fuzzy_dataset_KIA_Soul_train.csv
101,unrelated_incidents,ind_01-w08,ind_01,Kia::Fuzzy_dataset_KIA_Soul_train.csv::Kia::Fuzzy_dataset_KIA_Soul_train.csv::full_trace::5832,-1,0,Kia,Fuzzy_dataset_KIA_Soul_train.csv
101,unrelated_incidents,ind_01-w09,ind_01,Kia::Fuzzy_dataset_KIA_Soul_train.csv::Kia::Fuzzy_dataset_KIA_Soul_train.csv::full_trace::2167,-1,0,Kia,Fuzzy_dataset_KIA_Soul_train.csv
101,unrelated_incidents,ind_02-w00,ind_02,Kia::Fuzzy_dataset_KIA_Soul_train.csv::Kia::Fuzzy_dataset_KIA_Soul_train.csv::full_trace::5184,2,1,Kia,Fuzzy_dataset_KIA_Soul_train.csv
101,unrelated_incidents,ind_02-w01,ind_02,Kia::Fuzzy_dataset_KIA_Soul_train.csv::Kia::Fuzzy_dataset_KIA_Soul_train.csv::full_trace::2714,2,1,Kia,Fuzzy_dataset_KIA_Soul_train.csv
101,unrelated_incidents,ind_02-w02,ind_02,Kia::Fuzzy_dataset_KIA_Soul_train.csv::Kia::Fuzzy_dataset_KIA_Soul_train.csv::full_trace::5462,2,1,Kia,Fuzzy_dataset_KIA_Soul_train.csv
101,unrelated_incidents,ind_02-w03,ind_02,Kia::Fuzzy_dataset_KIA_Soul_train.csv::Kia::Fuzzy_dataset_KIA_Soul_train.csv::full_trace::3820,2,1,Kia,Fuzzy_dataset_KIA_Soul_train.csv
101,unrelated_incidents,ind_02-w04,ind_02,Kia::Fuzzy_dataset_KIA_Soul_train.csv::Kia::Fuzzy_dataset_KIA_Soul_train.csv::full_trace::4054,2,1,Kia,Fuzzy_dataset_KIA_Soul_train.csv
101,unrelated_incidents,ind_02-w05,ind_02,Hyundai::Attack_free_HY_Sonata_train.csv::Hyundai::Attack_free_HY_Sonata_train.csv::seg_test::447,-1,0,Hyundai,Attack_free_HY_Sonata_train.csv
101,unrelated_incidents,ind_02-w06,ind_02,Hyundai::Fuzzy_HYUNDAI_Sonata_train.csv::Hyundai::Fuzzy_HYUNDAI_Sonata_train.csv::full_trace::738,-1,0,Hyundai,Fuzzy_HYUNDAI_Sonata_train.csv
101,unrelated_incidents,ind_02-w07,ind_02,Hyundai::Attack_free_HY_Sonata_train.csv::Hyundai::Attack_free_HY_Sonata_train.csv::seg_test::272,-1,0,Hyundai,Attack_free_HY_Sonata_train.csv
101,unrelated_incidents,ind_02-w08,ind_02,Hyundai::Fuzzy_HYUNDAI_Sonata_train.csv::Hyundai::Fuzzy_HYUNDAI_Sonata_train.csv::full_trace::715,-1,0,Hyundai,Fuzzy_HYUNDAI_Sonata_train.csv
101,unrelated_incidents,ind_02-w09,ind_02,Kia::Fuzzy_dataset_KIA_Soul_train.csv::Kia::Fuzzy_dataset_KIA_Soul_train.csv::full_trace::7926,-1,0,Kia,Fuzzy_dataset_KIA_Soul_train.csv
101,unrelated_incidents,ind_03-w00,ind_03,Chevrolet::Flooding_CHEVROLET_Spark_train.csv::Chevrolet::Flooding_CHEVROLET_Spark_train.csv::seg_test::81,3,1,Chevrolet,Flooding_CHEVROLET_Spark_train.csv
101,unrelated_incidents,ind_03-w01,ind_03,Chevrolet::Flooding_CHEVROLET_Spark_train.csv::Chevrolet::Flooding_CHEVROLET_Spark_train.csv::seg_test::190,3,1,Chevrolet,Flooding_CHEVROLET_Spark_train.csv
101,unrelated_incidents,ind_03-w02,ind_03,Chevrolet::Flooding_CHEVROLET_Spark_train.csv::Chevrolet::Flooding_CHEVROLET_Spark_train.csv::seg_test::127,3,1,Chevrolet,Flooding_CHEVROLET_Spark_train.csv
101,unrelated_incidents,ind_03-w03,ind_03,Chevrolet::Flooding_CHEVROLET_Spark_train.csv::Chevrolet::Flooding_CHEVROLET_Spark_train.csv::seg_test::90,3,1,Chevrolet,Flooding_CHEVROLET_Spark_train.csv
101,unrelated_incidents,ind_03-w04,ind_03,Chevrolet::Flooding_CHEVROLET_Spark_train.csv::Chevrolet::Flooding_CHEVROLET_Spark_train.csv::seg_test::89,3,1,Chevrolet,Flooding_CHEVROLET_Spark_train.csv
101,unrelated_incidents,ind_03-w05,ind_03,Hyundai::Attack_free_HY_Sonata_train.csv::Hyundai::Attack_free_HY_Sonata_train.csv::seg_test::755,-1,0,Hyundai,Attack_free_HY_Sonata_train.csv
101,unrelated_incidents,ind_03-w06,ind_03,Kia::Fuzzy_dataset_KIA_Soul_train.csv::Kia::Fuzzy_dataset_KIA_Soul_train.csv::full_trace::2115,-1,0,Kia,Fuzzy_dataset_KIA_Soul_train.csv
101,unrelated_incidents,ind_03-w07,ind_03,Chevrolet::Attack_free_CHEVROLET_Spark_train.csv::Chevrolet::Attack_free_CHEVROLET_Spark_train.csv::seg_test::254,-1,0,Chevrolet,Attack_free_CHEVROLET_Spark_train.csv
101,unrelated_incidents,ind_03-w08,ind_03,Kia::Fuzzy_dataset_KIA_Soul_train.csv::Kia::Fuzzy_dataset_KIA_Soul_train.csv::full_trace::6759,-1,0,Kia,Fuzzy_dataset_KIA_Soul_train.csv
101,unrelated_incidents,ind_03-w09,ind_03,Kia::Fuzzy_dataset_KIA_Soul_train.csv::Kia::Fuzzy_dataset_KIA_Soul_train.csv::full_trace::2236,-1,0,Kia,Fuzzy_dataset_KIA_Soul_train.csv
101,unrelated_incidents,ind_04-w00,ind_04,Kia::Fuzzy_dataset_KIA_Soul_train.csv::Kia::Fuzzy_dataset_KIA_Soul_train.csv::full_trace::6559,4,1,Kia,Fuzzy_dataset_KIA_Soul_train.csv
101,unrelated_incidents,ind_04-w01,ind_04,Kia::Fuzzy_dataset_KIA_Soul_train.csv::Kia::Fuzzy_dataset_KIA_Soul_train.csv::full_trace::827,4,1,Kia,Fuzzy_dataset_KIA_Soul_train.csv
101,unrelated_incidents,ind_04-w02,ind_04,Kia::Fuzzy_dataset_KIA_Soul_train.csv::Kia::Fuzzy_dataset_KIA_Soul_train.csv::full_trace::4204,4,1,Kia,Fuzzy_dataset_KIA_Soul_train.csv
101,unrelated_incidents,ind_04-w03,ind_04,Kia::Fuzzy_dataset_KIA_Soul_train.csv::Kia::Fuzzy_dataset_KIA_Soul_train.csv::full_trace::267,4,1,Kia,Fuzzy_dataset_KIA_Soul_train.csv
101,unrelated_incidents,ind_04-w04,ind_04,Kia::Fuzzy_dataset_KIA_Soul_train.csv::Kia::Fuzzy_dataset_KIA_Soul_train.csv::full_trace::8285,4,1,Kia,Fuzzy_dataset_KIA_Soul_train.csv
101,unrelated_incidents,ind_04-w05,ind_04,Hyundai::Fuzzy_HYUNDAI_Sonata_train.csv::Hyundai::Fuzzy_HYUNDAI_Sonata_train.csv::full_trace::131,-1,0,Hyundai,Fuzzy_HYUNDAI_Sonata_train.csv
101,unrelated_incidents,ind_04-w06,ind_04,Hyundai::Attack_free_HY_Sonata_train.csv::Hyundai::Attack_free_HY_Sonata_train.csv::seg_test::749,-1,0,Hyundai,Attack_free_HY_Sonata_train.csv
101,unrelated_incidents,ind_04-w07,ind_04,Kia::Fuzzy_dataset_KIA_Soul_train.csv::Kia::Fuzzy_dataset_KIA_Soul_train.csv::full_trace::70,-1,0,Kia,Fuzzy_dataset_KIA_Soul_train.csv
101,unrelated_incidents,ind_04-w08,ind_04,Kia::Attack_free_KIA_Soul_train.csv::Kia::Attack_free_KIA_Soul_train.csv::seg_test::1242,-1,0,Kia,Attack_free_KIA_Soul_train.csv
101,unrelated_incidents,ind_04-w09,ind_04,Hyundai::Fuzzy_HYUNDAI_Sonata_train.csv::Hyundai::Fuzzy_HYUNDAI_Sonata_train.csv::full_trace::768,-1,0,Hyundai,Fuzzy_HYUNDAI_Sonata_train.csv
101,unrelated_incidents,ben_00-w00,ben_00,Hyundai::Fuzzy_HYUNDAI_Sonata_train.csv::Hyundai::Fuzzy_HYUNDAI_Sonata_train.csv::full_trace::459,-1,0,Hyundai,Fuzzy_HYUNDAI_Sonata_train.csv
101,unrelated_incidents,ben_00-w01,ben_00,Kia::Fuzzy_dataset_KIA_Soul_train.csv::Kia::Fuzzy_dataset_KIA_Soul_train.csv::full_trace::54,-1,0,Kia,Fuzzy_dataset_KIA_Soul_train.csv
101,unrelated_incidents,ben_00-w02,ben_00,Kia::Attack_free_KIA_Soul_train.csv::Kia::Attack_free_KIA_Soul_train.csv::seg_test::604,-1,0,Kia,Attack_free_KIA_Soul_train.csv
101,unrelated_incidents,ben_00-w03,ben_00,Hyundai::Attack_free_HY_Sonata_train.csv::Hyundai::Attack_free_HY_Sonata_train.csv::seg_test::740,-1,0,Hyundai,Attack_free_HY_Sonata_train.csv
101,unrelated_incidents,ben_00-w04,ben_00,Hyundai::Fuzzy_HYUNDAI_Sonata_train.csv::Hyundai::Fuzzy_HYUNDAI_Sonata_train.csv::full_trace::164,-1,0,Hyundai,Fuzzy_HYUNDAI_Sonata_train.csv
101,unrelated_incidents,ben_00-w05,ben_00,Hyundai::Attack_free_HY_Sonata_train.csv::Hyundai::Attack_free_HY_Sonata_train.csv::seg_test::24,-1,0,Hyundai,Attack_free_HY_Sonata_train.csv
101,unrelated_incidents,ben_00-w06,ben_00,Hyundai::Attack_free_HY_Sonata_train.csv::Hyundai::Attack_free_HY_Sonata_train.csv::seg_test::217,-1,0,Hyundai,Attack_free_HY_Sonata_train.csv
101,unrelated_incidents,ben_00-w07,ben_00,Kia::Attack_free_KIA_Soul_train.csv::Kia::Attack_free_KIA_Soul_train.csv::seg_test::38,-1,0,Kia,Attack_free_KIA_Soul_train.csv
101,unrelated_incidents,ben_00-w08,ben_00,Kia::Fuzzy_dataset_KIA_Soul_train.csv::Kia::Fuzzy_dataset_KIA_Soul_train.csv::full_trace::4616,-1,0,Kia,Fuzzy_dataset_KIA_Soul_train.csv
101,unrelated_incidents,ben_00-w09,ben_00,Kia::Fuzzy_dataset_KIA_Soul_train.csv::Kia::Fuzzy_dataset_KIA_Soul_train.csv::full_trace::2125,-1,0,Kia,Fuzzy_dataset_KIA_Soul_train.csv
101,unrelated_incidents,ben_01-w00,ben_01,Chevrolet::Flooding_CHEVROLET_Spark_train.csv::Chevrolet::Flooding_CHEVROLET_Spark_train.csv::seg_test::238,-1,0,Chevrolet,Flooding_CHEVROLET_Spark_train.csv
101,unrelated_incidents,ben_01-w01,ben_01,Kia::Fuzzy_dataset_KIA_Soul_train.csv::Kia::Fuzzy_dataset_KIA_Soul_train.csv::full_trace::3459,-1,0,Kia,Fuzzy_dataset_KIA_Soul_train.csv
101,unrelated_incidents,ben_01-w02,ben_01,Kia::Attack_free_KIA_Soul_train.csv::Kia::Attack_free_KIA_Soul_train.csv::seg_test::940,-1,0,Kia,Attack_free_KIA_Soul_train.csv
101,unrelated_incidents,ben_01-w03,ben_01,Kia::Fuzzy_dataset_KIA_Soul_train.csv::Kia::Fuzzy_dataset_KIA_Soul_train.csv::full_trace::9196,-1,0,Kia,Fuzzy_dataset_KIA_Soul_train.csv
101,unrelated_incidents,ben_01-w04,ben_01,Kia::Fuzzy_dataset_KIA_Soul_train.csv::Kia::Fuzzy_dataset_KIA_Soul_train.csv::full_trace::9061,-1,0,Kia,Fuzzy_dataset_KIA_Soul_train.csv
101,unrelated_incidents,ben_01-w05,ben_01,Hyundai::Attack_free_HY_Sonata_train.csv::Hyundai::Attack_free_HY_Sonata_train.csv::seg_test::386,-1,0,Hyundai,Attack_free_HY_Sonata_train.csv
101,unrelated_incidents,ben_01-w06,ben_01,Hyundai::Attack_free_HY_Sonata_train.csv::Hyundai::Attack_free_HY_Sonata_train.csv::seg_test::285,-1,0,Hyundai,Attack_free_HY_Sonata_train.csv
101,unrelated_incidents,ben_01-w07,ben_01,Kia::Fuzzy_dataset_KIA_Soul_train.csv::Kia::Fuzzy_dataset_KIA_Soul_train.csv::full_trace::3309,-1,0,Kia,Fuzzy_dataset_KIA_Soul_train.csv
101,unrelated_incidents,ben_01-w08,ben_01,Hyundai::Fuzzy_HYUNDAI_Sonata_train.csv::Hyundai::Fuzzy_HYUNDAI_Sonata_train.csv::full_trace::742,-1,0,Hyundai,Fuzzy_HYUNDAI_Sonata_train.csv
101,unrelated_incidents,ben_01-w09,ben_01,Hyundai::Attack_free_HY_Sonata_train.csv::Hyundai::Attack_free_HY_Sonata_train.csv::seg_test::186,-1,0,Hyundai,Attack_free_HY_Sonata_train.csv
101,unrelated_incidents,ben_02-w00,ben_02,Hyundai::Fuzzy_HYUNDAI_Sonata_train.csv::Hyundai::Fuzzy_HYUNDAI_Sonata_train.csv::full_trace::108,-1,0,Hyundai,Fuzzy_HYUNDAI_Sonata_train.csv
101,unrelated_incidents,ben_02-w01,ben_02,Kia::Fuzzy_dataset_KIA_Soul_train.csv::Kia::Fuzzy_dataset_KIA_Soul_train.csv::full_trace::3502,-1,0,Kia,Fuzzy_dataset_KIA_Soul_train.csv
101,unrelated_incidents,ben_02-w02,ben_02,Kia::Fuzzy_dataset_KIA_Soul_train.csv::Kia::Fuzzy_dataset_KIA_Soul_train.csv::full_trace::9001,-1,0,Kia,Fuzzy_dataset_KIA_Soul_train.csv
101,unrelated_incidents,ben_02-w03,ben_02,Kia::Fuzzy_dataset_KIA_Soul_train.csv::Kia::Fuzzy_dataset_KIA_Soul_train.csv::full_trace::3600,-1,0,Kia,Fuzzy_dataset_KIA_Soul_train.csv
101,unrelated_incidents,ben_02-w04,ben_02,Hyundai::Fuzzy_HYUNDAI_Sonata_train.csv::Hyundai::Fuzzy_HYUNDAI_Sonata_train.csv::full_trace::572,-1,0,Hyundai,Fuzzy_HYUNDAI_Sonata_train.csv
101,unrelated_incidents,ben_02-w05,ben_02,Kia::Fuzzy_dataset_KIA_Soul_train.csv::Kia::Fuzzy_dataset_KIA_Soul_train.csv::full_trace::9195,-1,0,Kia,Fuzzy_dataset_KIA_Soul_train.csv
101,unrelated_incidents,ben_02-w06,ben_02,Kia::Fuzzy_dataset_KIA_Soul_train.csv::Kia::Fuzzy_dataset_KIA_Soul_train.csv::full_trace::6734,-1,0,Kia,Fuzzy_dataset_KIA_Soul_train.csv
101,unrelated_incidents,ben_02-w07,ben_02,Kia::Fuzzy_dataset_KIA_Soul_train.csv::Kia::Fuzzy_dataset_KIA_Soul_train.csv::full_trace::8878,-1,0,Kia,Fuzzy_dataset_KIA_Soul_train.csv
101,unrelated_incidents,ben_02-w08,ben_02,Hyundai::Attack_free_HY_Sonata_train.csv::Hyundai::Attack_free_HY_Sonata_train.csv::seg_test::714,-1,0,Hyundai,Attack_free_HY_Sonata_train.csv
101,unrelated_incidents,ben_02-w09,ben_02,Hyundai::Fuzzy_HYUNDAI_Sonata_train.csv::Hyundai::Fuzzy_HYUNDAI_Sonata_train.csv::full_trace::1639,-1,0,Hyundai,Fuzzy_HYUNDAI_Sonata_train.csv
101,unrelated_incidents,ben_03-w00,ben_03,Kia::Fuzzy_dataset_KIA_Soul_train.csv::Kia::Fuzzy_dataset_KIA_Soul_train.csv::full_trace::5721,-1,0,Kia,Fuzzy_dataset_KIA_Soul_train.csv
101,unrelated_incidents,ben_03-w01,ben_03,Kia::Fuzzy_dataset_KIA_Soul_train.csv::Kia::Fuzzy_dataset_KIA_Soul_train.csv::full_trace::8996,-1,0,Kia,Fuzzy_dataset_KIA_Soul_train.csv
101,unrelated_incidents,ben_03-w02,ben_03,Chevrolet::Attack_free_CHEVROLET_Spark_train.csv::Chevrolet::Attack_free_CHEVROLET_Spark_train.csv::seg_test::5,-1,0,Chevrolet,Attack_free_CHEVROLET_Spark_train.csv
101,unrelated_incidents,ben_03-w03,ben_03,Hyundai::Fuzzy_HYUNDAI_Sonata_train.csv::Hyundai::Fuzzy_HYUNDAI_Sonata_train.csv::full_trace::504,-1,0,Hyundai,Fuzzy_HYUNDAI_Sonata_train.csv
101,unrelated_incidents,ben_03-w04,ben_03,Hyundai::Attack_free_HY_Sonata_train.csv::Hyundai::Attack_free_HY_Sonata_train.csv::seg_test::1129,-1,0,Hyundai,Attack_free_HY_Sonata_train.csv
101,unrelated_incidents,ben_03-w05,ben_03,Chevrolet::Attack_free_CHEVROLET_Spark_train.csv::Chevrolet::Attack_free_CHEVROLET_Spark_train.csv::seg_test::177,-1,0,Chevrolet,Attack_free_CHEVROLET_Spark_train.csv
101,unrelated_incidents,ben_03-w06,ben_03,Chevrolet::Malfunction_CHEVROLET_Spark_train.csv::Chevrolet::Malfunction_CHEVROLET_Spark_train.csv::seg_test::83,-1,0,Chevrolet,Malfunction_CHEVROLET_Spark_train.csv
101,unrelated_incidents,ben_03-w07,ben_03,Kia::Fuzzy_dataset_KIA_Soul_train.csv::Kia::Fuzzy_dataset_KIA_Soul_train.csv::full_trace::8016,-1,0,Kia,Fuzzy_dataset_KIA_Soul_train.csv
101,unrelated_incidents,ben_03-w08,ben_03,Kia::Fuzzy_dataset_KIA_Soul_train.csv::Kia::Fuzzy_dataset_KIA_Soul_train.csv::full_trace::6672,-1,0,Kia,Fuzzy_dataset_KIA_Soul_train.csv
101,unrelated_incidents,ben_03-w09,ben_03,Kia::Attack_free_KIA_Soul_train.csv::Kia::Attack_free_KIA_Soul_train.csv::seg_test::408,-1,0,Kia,Attack_free_KIA_Soul_train.csv
101,unrelated_incidents,ben_04-w00,ben_04,Kia::Attack_free_KIA_Soul_train.csv::Kia::Attack_free_KIA_Soul_train.csv::seg_test::1066,-1,0,Kia,Attack_free_KIA_Soul_train.csv
101,unrelated_incidents,ben_04-w01,ben_04,Kia::Fuzzy_dataset_KIA_Soul_train.csv::Kia::Fuzzy_dataset_KIA_Soul_train.csv::full_trace::2412,-1,0,Kia,Fuzzy_dataset_KIA_Soul_train.csv
101,unrelated_incidents,ben_04-w02,ben_04,Kia::Attack_free_KIA_Soul_train.csv::Kia::Attack_free_KIA_Soul_train.csv::seg_test::788,-1,0,Kia,Attack_free_KIA_Soul_train.csv
101,unrelated_incidents,ben_04-w03,ben_04,Kia::Fuzzy_dataset_KIA_Soul_train.csv::Kia::Fuzzy_dataset_KIA_Soul_train.csv::full_trace::2471,-1,0,Kia,Fuzzy_dataset_KIA_Soul_train.csv
101,unrelated_incidents,ben_04-w04,ben_04,Kia::Fuzzy_dataset_KIA_Soul_train.csv::Kia::Fuzzy_dataset_KIA_Soul_train.csv::full_trace::5660,-1,0,Kia,Fuzzy_dataset_KIA_Soul_train.csv
101,unrelated_incidents,ben_04-w05,ben_04,Hyundai::Fuzzy_HYUNDAI_Sonata_train.csv::Hyundai::Fuzzy_HYUNDAI_Sonata_train.csv::full_trace::1624,-1,0,Hyundai,Fuzzy_HYUNDAI_Sonata_train.csv
101,unrelated_incidents,ben_04-w06,ben_04,Hyundai::Attack_free_HY_Sonata_train.csv::Hyundai::Attack_free_HY_Sonata_train.csv::seg_test::858,-1,0,Hyundai,Attack_free_HY_Sonata_train.csv
101,unrelated_incidents,ben_04-w07,ben_04,Kia::Fuzzy_dataset_KIA_Soul_train.csv::Kia::Fuzzy_dataset_KIA_Soul_train.csv::full_trace::3425,-1,0,Kia,Fuzzy_dataset_KIA_Soul_train.csv
101,unrelated_incidents,ben_04-w08,ben_04,Hyundai::Attack_free_HY_Sonata_train.csv::Hyundai::Attack_free_HY_Sonata_train.csv::seg_test::748,-1,0,Hyundai,Attack_free_HY_Sonata_train.csv
101,unrelated_incidents,ben_04-w09,ben_04,Kia::Fuzzy_dataset_KIA_Soul_train.csv::Kia::Fuzzy_dataset_KIA_Soul_train.csv::full_trace::8834,-1,0,Kia,Fuzzy_dataset_KIA_Soul_train.csv
101,unrelated_incidents,ben_05-w00,ben_05,Hyundai::Attack_free_HY_Sonata_train.csv::Hyundai::Attack_free_HY_Sonata_train.csv::seg_test::529,-1,0,Hyundai,Attack_free_HY_Sonata_train.csv
101,unrelated_incidents,ben_05-w01,ben_05,Kia::Attack_free_KIA_Soul_train.csv::Kia::Attack_free_KIA_Soul_train.csv::seg_test::1152,-1,0,Kia,Attack_free_KIA_Soul_train.csv
101,unrelated_incidents,ben_05-w02,ben_05,Kia::Attack_free_KIA_Soul_train.csv::Kia::Attack_free_KIA_Soul_train.csv::seg_test::591,-1,0,Kia,Attack_free_KIA_Soul_train.csv
101,unrelated_incidents,ben_05-w03,ben_05,Kia::Fuzzy_dataset_KIA_Soul_train.csv::Kia::Fuzzy_dataset_KIA_Soul_train.csv::full_trace::3273,-1,0,Kia,Fuzzy_dataset_KIA_Soul_train.csv
101,unrelated_incidents,ben_05-w04,ben_05,Kia::Attack_free_KIA_Soul_train.csv::Kia::Attack_free_KIA_Soul_train.csv::seg_test::473,-1,0,Kia,Attack_free_KIA_Soul_train.csv
101,unrelated_incidents,ben_05-w05,ben_05,Kia::Fuzzy_dataset_KIA_Soul_train.csv::Kia::Fuzzy_dataset_KIA_Soul_train.csv::full_trace::217,-1,0,Kia,Fuzzy_dataset_KIA_Soul_train.csv
101,unrelated_incidents,ben_05-w06,ben_05,Kia::Fuzzy_dataset_KIA_Soul_train.csv::Kia::Fuzzy_dataset_KIA_Soul_train.csv::full_trace::5505,-1,0,Kia,Fuzzy_dataset_KIA_Soul_train.csv
101,unrelated_incidents,ben_05-w07,ben_05,Kia::Fuzzy_dataset_KIA_Soul_train.csv::Kia::Fuzzy_dataset_KIA_Soul_train.csv::full_trace::4570,-1,0,Kia,Fuzzy_dataset_KIA_Soul_train.csv
101,unrelated_incidents,ben_05-w08,ben_05,Hyundai::Fuzzy_HYUNDAI_Sonata_train.csv::Hyundai::Fuzzy_HYUNDAI_Sonata_train.csv::full_trace::34,-1,0,Hyundai,Fuzzy_HYUNDAI_Sonata_train.csv
101,unrelated_incidents,ben_05-w09,ben_05,Kia::Fuzzy_dataset_KIA_Soul_train.csv::Kia::Fuzzy_dataset_KIA_Soul_train.csv::full_trace::9157,-1,0,Kia,Fuzzy_dataset_KIA_Soul_train.csv
101,unrelated_incidents,ben_06-w00,ben_06,Kia::Fuzzy_dataset_KIA_Soul_train.csv::Kia::Fuzzy_dataset_KIA_Soul_train.csv::full_trace::2435,-1,0,Kia,Fuzzy_dataset_KIA_Soul_train.csv
101,unrelated_incidents,ben_06-w01,ben_06,Hyundai::Attack_free_HY_Sonata_train.csv::Hyundai::Attack_free_HY_Sonata_train.csv::seg_test::1252,-1,0,Hyundai,Attack_free_HY_Sonata_train.csv
101,unrelated_incidents,ben_06-w02,ben_06,Kia::Attack_free_KIA_Soul_train.csv::Kia::Attack_free_KIA_Soul_train.csv::seg_test::781,-1,0,Kia,Attack_free_KIA_Soul_train.csv
101,unrelated_incidents,ben_06-w03,ben_06,Kia::Fuzzy_dataset_KIA_Soul_train.csv::Kia::Fuzzy_dataset_KIA_Soul_train.csv::full_trace::1163,-1,0,Kia,Fuzzy_dataset_KIA_Soul_train.csv
101,unrelated_incidents,ben_06-w04,ben_06,Kia::Fuzzy_dataset_KIA_Soul_train.csv::Kia::Fuzzy_dataset_KIA_Soul_train.csv::full_trace::7009,-1,0,Kia,Fuzzy_dataset_KIA_Soul_train.csv
101,unrelated_incidents,ben_06-w05,ben_06,Kia::Attack_free_KIA_Soul_train.csv::Kia::Attack_free_KIA_Soul_train.csv::seg_test::608,-1,0,Kia,Attack_free_KIA_Soul_train.csv
101,unrelated_incidents,ben_06-w06,ben_06,Hyundai::Attack_free_HY_Sonata_train.csv::Hyundai::Attack_free_HY_Sonata_train.csv::seg_test::329,-1,0,Hyundai,Attack_free_HY_Sonata_train.csv
101,unrelated_incidents,ben_06-w07,ben_06,Kia::Fuzzy_dataset_KIA_Soul_train.csv::Kia::Fuzzy_dataset_KIA_Soul_train.csv::full_trace::8844,-1,0,Kia,Fuzzy_dataset_KIA_Soul_train.csv
101,unrelated_incidents,ben_06-w08,ben_06,Kia::Attack_free_KIA_Soul_train.csv::Kia::Attack_free_KIA_Soul_train.csv::seg_test::771,-1,0,Kia,Attack_free_KIA_Soul_train.csv
101,unrelated_incidents,ben_06-w09,ben_06,Hyundai::Attack_free_HY_Sonata_train.csv::Hyundai::Attack_free_HY_Sonata_train.csv::seg_test::422,-1,0,Hyundai,Attack_free_HY_Sonata_train.csv
101,unrelated_incidents,ben_07-w00,ben_07,Kia::Attack_free_KIA_Soul_train.csv::Kia::Attack_free_KIA_Soul_train.csv::seg_test::710,-1,0,Kia,Attack_free_KIA_Soul_train.csv
101,unrelated_incidents,ben_07-w01,ben_07,Kia::Attack_free_KIA_Soul_train.csv::Kia::Attack_free_KIA_Soul_train.csv::seg_test::1069,-1,0,Kia,Attack_free_KIA_Soul_train.csv
101,unrelated_incidents,ben_07-w02,ben_07,Hyundai::Fuzzy_HYUNDAI_Sonata_train.csv::Hyundai::Fuzzy_HYUNDAI_Sonata_train.csv::full_trace::1676,-1,0,Hyundai,Fuzzy_HYUNDAI_Sonata_train.csv
101,unrelated_incidents,ben_07-w03,ben_07,Kia::Fuzzy_dataset_KIA_Soul_train.csv::Kia::Fuzzy_dataset_KIA_Soul_train.csv::full_trace::1185,-1,0,Kia,Fuzzy_dataset_KIA_Soul_train.csv
101,unrelated_incidents,ben_07-w04,ben_07,Kia::Fuzzy_dataset_KIA_Soul_train.csv::Kia::Fuzzy_dataset_KIA_Soul_train.csv::full_trace::4746,-1,0,Kia,Fuzzy_dataset_KIA_Soul_train.csv
101,unrelated_incidents,ben_07-w05,ben_07,Kia::Attack_free_KIA_Soul_train.csv::Kia::Attack_free_KIA_Soul_train.csv::seg_test::244,-1,0,Kia,Attack_free_KIA_Soul_train.csv
101,unrelated_incidents,ben_07-w06,ben_07,Kia::Fuzzy_dataset_KIA_Soul_train.csv::Kia::Fuzzy_dataset_KIA_Soul_train.csv::full_trace::2283,-1,0,Kia,Fuzzy_dataset_KIA_Soul_train.csv
101,unrelated_incidents,ben_07-w07,ben_07,Hyundai::Attack_free_HY_Sonata_train.csv::Hyundai::Attack_free_HY_Sonata_train.csv::seg_test::521,-1,0,Hyundai,Attack_free_HY_Sonata_train.csv
101,unrelated_incidents,ben_07-w08,ben_07,Kia::Fuzzy_dataset_KIA_Soul_train.csv::Kia::Fuzzy_dataset_KIA_Soul_train.csv::full_trace::3558,-1,0,Kia,Fuzzy_dataset_KIA_Soul_train.csv
101,unrelated_incidents,ben_07-w09,ben_07,Kia::Attack_free_KIA_Soul_train.csv::Kia::Attack_free_KIA_Soul_train.csv::seg_test::536,-1,0,Kia,Attack_free_KIA_Soul_train.csv
101,unrelated_incidents,ben_08-w00,ben_08,Kia::Fuzzy_dataset_KIA_Soul_train.csv::Kia::Fuzzy_dataset_KIA_Soul_train.csv::full_trace::1126,-1,0,Kia,Fuzzy_dataset_KIA_Soul_train.csv
101,unrelated_incidents,ben_08-w01,ben_08,Kia::Fuzzy_dataset_KIA_Soul_train.csv::Kia::Fuzzy_dataset_KIA_Soul_train.csv::full_trace::4543,-1,0,Kia,Fuzzy_dataset_KIA_Soul_train.csv
101,unrelated_incidents,ben_08-w02,ben_08,Kia::Attack_free_KIA_Soul_train.csv::Kia::Attack_free_KIA_Soul_train.csv::seg_test::544,-1,0,Kia,Attack_free_KIA_Soul_train.csv
101,unrelated_incidents,ben_08-w03,ben_08,Kia::Attack_free_KIA_Soul_train.csv::Kia::Attack_free_KIA_Soul_train.csv::seg_test::435,-1,0,Kia,Attack_free_KIA_Soul_train.csv
101,unrelated_incidents,ben_08-w04,ben_08,Hyundai::Fuzzy_HYUNDAI_Sonata_train.csv::Hyundai::Fuzzy_HYUNDAI_Sonata_train.csv::full_trace::1164,-1,0,Hyundai,Fuzzy_HYUNDAI_Sonata_train.csv
101,unrelated_incidents,ben_08-w05,ben_08,Kia::Fuzzy_dataset_KIA_Soul_train.csv::Kia::Fuzzy_dataset_KIA_Soul_train.csv::full_trace::6793,-1,0,Kia,Fuzzy_dataset_KIA_Soul_train.csv
101,unrelated_incidents,ben_08-w06,ben_08,Kia::Fuzzy_dataset_KIA_Soul_train.csv::Kia::Fuzzy_dataset_KIA_Soul_train.csv::full_trace::6999,-1,0,Kia,Fuzzy_dataset_KIA_Soul_train.csv
101,unrelated_incidents,ben_08-w07,ben_08,Hyundai::Fuzzy_HYUNDAI_Sonata_train.csv::Hyundai::Fuzzy_HYUNDAI_Sonata_train.csv::full_trace::188,-1,0,Hyundai,Fuzzy_HYUNDAI_Sonata_train.csv
101,unrelated_incidents,ben_08-w08,ben_08,Kia::Fuzzy_dataset_KIA_Soul_train.csv::Kia::Fuzzy_dataset_KIA_Soul_train.csv::full_trace::6812,-1,0,Kia,Fuzzy_dataset_KIA_Soul_train.csv
101,unrelated_incidents,ben_08-w09,ben_08,Kia::Attack_free_KIA_Soul_train.csv::Kia::Attack_free_KIA_Soul_train.csv::seg_test::485,-1,0,Kia,Attack_free_KIA_Soul_train.csv
101,unrelated_incidents,ben_09-w00,ben_09,Kia::Attack_free_KIA_Soul_train.csv::Kia::Attack_free_KIA_Soul_train.csv::seg_test::1352,-1,0,Kia,Attack_free_KIA_Soul_train.csv
101,unrelated_incidents,ben_09-w01,ben_09,Hyundai::Fuzzy_HYUNDAI_Sonata_train.csv::Hyundai::Fuzzy_HYUNDAI_Sonata_train.csv::full_trace::644,-1,0,Hyundai,Fuzzy_HYUNDAI_Sonata_train.csv
101,unrelated_incidents,ben_09-w02,ben_09,Hyundai::Fuzzy_HYUNDAI_Sonata_train.csv::Hyundai::Fuzzy_HYUNDAI_Sonata_train.csv::full_trace::1595,-1,0,Hyundai,Fuzzy_HYUNDAI_Sonata_train.csv
101,unrelated_incidents,ben_09-w03,ben_09,Kia::Fuzzy_dataset_KIA_Soul_train.csv::Kia::Fuzzy_dataset_KIA_Soul_train.csv::full_trace::8839,-1,0,Kia,Fuzzy_dataset_KIA_Soul_train.csv
101,unrelated_incidents,ben_09-w04,ben_09,Kia::Fuzzy_dataset_KIA_Soul_train.csv::Kia::Fuzzy_dataset_KIA_Soul_train.csv::full_trace::3428,-1,0,Kia,Fuzzy_dataset_KIA_Soul_train.csv
101,unrelated_incidents,ben_09-w05,ben_09,Kia::Fuzzy_dataset_KIA_Soul_train.csv::Kia::Fuzzy_dataset_KIA_Soul_train.csv::full_trace::7905,-1,0,Kia,Fuzzy_dataset_KIA_Soul_train.csv
101,unrelated_incidents,ben_09-w06,ben_09,Hyundai::Attack_free_HY_Sonata_train.csv::Hyundai::Attack_free_HY_Sonata_train.csv::seg_test::182,-1,0,Hyundai,Attack_free_HY_Sonata_train.csv
101,unrelated_incidents,ben_09-w07,ben_09,Kia::Fuzzy_dataset_KIA_Soul_train.csv::Kia::Fuzzy_dataset_KIA_Soul_train.csv::full_trace::4652,-1,0,Kia,Fuzzy_dataset_KIA_Soul_train.csv
101,unrelated_incidents,ben_09-w08,ben_09,Chevrolet::Malfunction_CHEVROLET_Spark_train.csv::Chevrolet::Malfunction_CHEVROLET_Spark_train.csv::seg_test::119,-1,0,Chevrolet,Malfunction_CHEVROLET_Spark_train.csv
101,unrelated_incidents,ben_09-w09,ben_09,Kia::Fuzzy_dataset_KIA_Soul_train.csv::Kia::Fuzzy_dataset_KIA_Soul_train.csv::full_trace::4755,-1,0,Kia,Fuzzy_dataset_KIA_Soul_train.csv
101,unrelated_incidents,ben_10-w00,ben_10,Hyundai::Fuzzy_HYUNDAI_Sonata_train.csv::Hyundai::Fuzzy_HYUNDAI_Sonata_train.csv::full_trace::1646,-1,0,Hyundai,Fuzzy_HYUNDAI_Sonata_train.csv
101,unrelated_incidents,ben_10-w01,ben_10,Hyundai::Fuzzy_HYUNDAI_Sonata_train.csv::Hyundai::Fuzzy_HYUNDAI_Sonata_train.csv::full_trace::1591,-1,0,Hyundai,Fuzzy_HYUNDAI_Sonata_train.csv
101,unrelated_incidents,ben_10-w02,ben_10,Hyundai::Fuzzy_HYUNDAI_Sonata_train.csv::Hyundai::Fuzzy_HYUNDAI_Sonata_train.csv::full_trace::427,-1,0,Hyundai,Fuzzy_HYUNDAI_Sonata_train.csv
101,unrelated_incidents,ben_10-w03,ben_10,Kia::Fuzzy_dataset_KIA_Soul_train.csv::Kia::Fuzzy_dataset_KIA_Soul_train.csv::full_trace::2133,-1,0,Kia,Fuzzy_dataset_KIA_Soul_train.csv
101,unrelated_incidents,ben_10-w04,ben_10,Hyundai::Fuzzy_HYUNDAI_Sonata_train.csv::Hyundai::Fuzzy_HYUNDAI_Sonata_train.csv::full_trace::1658,-1,0,Hyundai,Fuzzy_HYUNDAI_Sonata_train.csv
101,unrelated_incidents,ben_10-w05,ben_10,Kia::Fuzzy_dataset_KIA_Soul_train.csv::Kia::Fuzzy_dataset_KIA_Soul_train.csv::full_trace::2238,-1,0,Kia,Fuzzy_dataset_KIA_Soul_train.csv
101,unrelated_incidents,ben_10-w06,ben_10,Hyundai::Attack_free_HY_Sonata_train.csv::Hyundai::Attack_free_HY_Sonata_train.csv::seg_test::931,-1,0,Hyundai,Attack_free_HY_Sonata_train.csv
101,unrelated_incidents,ben_10-w07,ben_10,Hyundai::Attack_free_HY_Sonata_train.csv::Hyundai::Attack_free_HY_Sonata_train.csv::seg_test::734,-1,0,Hyundai,Attack_free_HY_Sonata_train.csv
101,unrelated_incidents,ben_10-w08,ben_10,Kia::Fuzzy_dataset_KIA_Soul_train.csv::Kia::Fuzzy_dataset_KIA_Soul_train.csv::full_trace::7820,-1,0,Kia,Fuzzy_dataset_KIA_Soul_train.csv
101,unrelated_incidents,ben_10-w09,ben_10,Hyundai::Attack_free_HY_Sonata_train.csv::Hyundai::Attack_free_HY_Sonata_train.csv::seg_test::739,-1,0,Hyundai,Attack_free_HY_Sonata_train.csv
101,unrelated_incidents,ben_11-w00,ben_11,Kia::Fuzzy_dataset_KIA_Soul_train.csv::Kia::Fuzzy_dataset_KIA_Soul_train.csv::full_trace::2217,-1,0,Kia,Fuzzy_dataset_KIA_Soul_train.csv
101,unrelated_incidents,ben_11-w01,ben_11,Kia::Fuzzy_dataset_KIA_Soul_train.csv::Kia::Fuzzy_dataset_KIA_Soul_train.csv::full_trace::6913,-1,0,Kia,Fuzzy_dataset_KIA_Soul_train.csv
101,unrelated_incidents,ben_11-w02,ben_11,Kia::Fuzzy_dataset_KIA_Soul_train.csv::Kia::Fuzzy_dataset_KIA_Soul_train.csv::full_trace::5606,-1,0,Kia,Fuzzy_dataset_KIA_Soul_train.csv
101,unrelated_incidents,ben_11-w03,ben_11,Hyundai::Fuzzy_HYUNDAI_Sonata_train.csv::Hyundai::Fuzzy_HYUNDAI_Sonata_train.csv::full_trace::313,-1,0,Hyundai,Fuzzy_HYUNDAI_Sonata_train.csv
101,unrelated_incidents,ben_11-w04,ben_11,Hyundai::Fuzzy_HYUNDAI_Sonata_train.csv::Hyundai::Fuzzy_HYUNDAI_Sonata_train.csv::full_trace::45,-1,0,Hyundai,Fuzzy_HYUNDAI_Sonata_train.csv
101,unrelated_incidents,ben_11-w05,ben_11,Hyundai::Attack_free_HY_Sonata_train.csv::Hyundai::Attack_free_HY_Sonata_train.csv::seg_test::1162,-1,0,Hyundai,Attack_free_HY_Sonata_train.csv
101,unrelated_incidents,ben_11-w06,ben_11,Chevrolet::Attack_free_CHEVROLET_Spark_train.csv::Chevrolet::Attack_free_CHEVROLET_Spark_train.csv::seg_test::32,-1,0,Chevrolet,Attack_free_CHEVROLET_Spark_train.csv
101,unrelated_incidents,ben_11-w07,ben_11,Hyundai::Fuzzy_HYUNDAI_Sonata_train.csv::Hyundai::Fuzzy_HYUNDAI_Sonata_train.csv::full_trace::1276,-1,0,Hyundai,Fuzzy_HYUNDAI_Sonata_train.csv
101,unrelated_incidents,ben_11-w08,ben_11,Kia::Fuzzy_dataset_KIA_Soul_train.csv::Kia::Fuzzy_dataset_KIA_Soul_train.csv::full_trace::5775,-1,0,Kia,Fuzzy_dataset_KIA_Soul_train.csv
101,unrelated_incidents,ben_11-w09,ben_11,Kia::Fuzzy_dataset_KIA_Soul_train.csv::Kia::Fuzzy_dataset_KIA_Soul_train.csv::full_trace::8847,-1,0,Kia,Fuzzy_dataset_KIA_Soul_train.csv
101,unrelated_incidents,ben_12-w00,ben_12,Kia::Fuzzy_dataset_KIA_Soul_train.csv::Kia::Fuzzy_dataset_KIA_Soul_train.csv::full_trace::7894,-1,0,Kia,Fuzzy_dataset_KIA_Soul_train.csv
101,unrelated_incidents,ben_12-w01,ben_12,Kia::Fuzzy_dataset_KIA_Soul_train.csv::Kia::Fuzzy_dataset_KIA_Soul_train.csv::full_trace::3543,-1,0,Kia,Fuzzy_dataset_KIA_Soul_train.csv
101,unrelated_incidents,ben_12-w02,ben_12,Kia::Fuzzy_dataset_KIA_Soul_train.csv::Kia::Fuzzy_dataset_KIA_Soul_train.csv::full_trace::7784,-1,0,Kia,Fuzzy_dataset_KIA_Soul_train.csv
101,unrelated_incidents,ben_12-w03,ben_12,Kia::Fuzzy_dataset_KIA_Soul_train.csv::Kia::Fuzzy_dataset_KIA_Soul_train.csv::full_trace::103,-1,0,Kia,Fuzzy_dataset_KIA_Soul_train.csv
101,unrelated_incidents,ben_12-w04,ben_12,Hyundai::Fuzzy_HYUNDAI_Sonata_train.csv::Hyundai::Fuzzy_HYUNDAI_Sonata_train.csv::full_trace::638,-1,0,Hyundai,Fuzzy_HYUNDAI_Sonata_train.csv
101,unrelated_incidents,ben_12-w05,ben_12,Kia::Fuzzy_dataset_KIA_Soul_train.csv::Kia::Fuzzy_dataset_KIA_Soul_train.csv::full_trace::3500,-1,0,Kia,Fuzzy_dataset_KIA_Soul_train.csv
101,unrelated_incidents,ben_12-w06,ben_12,Hyundai::Attack_free_HY_Sonata_train.csv::Hyundai::Attack_free_HY_Sonata_train.csv::seg_test::1258,-1,0,Hyundai,Attack_free_HY_Sonata_train.csv
101,unrelated_incidents,ben_12-w07,ben_12,Hyundai::Fuzzy_HYUNDAI_Sonata_train.csv::Hyundai::Fuzzy_HYUNDAI_Sonata_train.csv::full_trace::611,-1,0,Hyundai,Fuzzy_HYUNDAI_Sonata_train.csv
101,unrelated_incidents,ben_12-w08,ben_12,Hyundai::Attack_free_HY_Sonata_train.csv::Hyundai::Attack_free_HY_Sonata_train.csv::seg_test::1219,-1,0,Hyundai,Attack_free_HY_Sonata_train.csv
101,unrelated_incidents,ben_12-w09,ben_12,Kia::Attack_free_KIA_Soul_train.csv::Kia::Attack_free_KIA_Soul_train.csv::seg_test::1392,-1,0,Kia,Attack_free_KIA_Soul_train.csv
101,unrelated_incidents,ben_13-w00,ben_13,Hyundai::Fuzzy_HYUNDAI_Sonata_train.csv::Hyundai::Fuzzy_HYUNDAI_Sonata_train.csv::full_trace::1656,-1,0,Hyundai,Fuzzy_HYUNDAI_Sonata_train.csv
101,unrelated_incidents,ben_13-w01,ben_13,Kia::Fuzzy_dataset_KIA_Soul_train.csv::Kia::Fuzzy_dataset_KIA_Soul_train.csv::full_trace::4698,-1,0,Kia,Fuzzy_dataset_KIA_Soul_train.csv
101,unrelated_incidents,ben_13-w02,ben_13,Kia::Fuzzy_dataset_KIA_Soul_train.csv::Kia::Fuzzy_dataset_KIA_Soul_train.csv::full_trace::2450,-1,0,Kia,Fuzzy_dataset_KIA_Soul_train.csv
101,unrelated_incidents,ben_13-w03,ben_13,Kia::Attack_free_KIA_Soul_train.csv::Kia::Attack_free_KIA_Soul_train.csv::seg_test::990,-1,0,Kia,Attack_free_KIA_Soul_train.csv
101,unrelated_incidents,ben_13-w04,ben_13,Kia::Fuzzy_dataset_KIA_Soul_train.csv::Kia::Fuzzy_dataset_KIA_Soul_train.csv::full_trace::4656,-1,0,Kia,Fuzzy_dataset_KIA_Soul_train.csv
101,unrelated_incidents,ben_13-w05,ben_13,Hyundai::Attack_free_HY_Sonata_train.csv::Hyundai::Attack_free_HY_Sonata_train.csv::seg_test::637,-1,0,Hyundai,Attack_free_HY_Sonata_train.csv
101,unrelated_incidents,ben_13-w06,ben_13,Hyundai::Fuzzy_HYUNDAI_Sonata_train.csv::Hyundai::Fuzzy_HYUNDAI_Sonata_train.csv::full_trace::1665,-1,0,Hyundai,Fuzzy_HYUNDAI_Sonata_train.csv
101,unrelated_incidents,ben_13-w07,ben_13,Chevrolet::Attack_free_CHEVROLET_Spark_train.csv::Chevrolet::Attack_free_CHEVROLET_Spark_train.csv::seg_test::384,-1,0,Chevrolet,Attack_free_CHEVROLET_Spark_train.csv
101,unrelated_incidents,ben_13-w08,ben_13,Hyundai::Attack_free_HY_Sonata_train.csv::Hyundai::Attack_free_HY_Sonata_train.csv::seg_test::941,-1,0,Hyundai,Attack_free_HY_Sonata_train.csv
101,unrelated_incidents,ben_13-w09,ben_13,Hyundai::Fuzzy_HYUNDAI_Sonata_train.csv::Hyundai::Fuzzy_HYUNDAI_Sonata_train.csv::full_trace::516,-1,0,Hyundai,Fuzzy_HYUNDAI_Sonata_train.csv
101,unrelated_incidents,ben_14-w00,ben_14,Hyundai::Fuzzy_HYUNDAI_Sonata_train.csv::Hyundai::Fuzzy_HYUNDAI_Sonata_train.csv::full_trace::1203,-1,0,Hyundai,Fuzzy_HYUNDAI_Sonata_train.csv
101,unrelated_incidents,ben_14-w01,ben_14,Hyundai::Fuzzy_HYUNDAI_Sonata_train.csv::Hyundai::Fuzzy_HYUNDAI_Sonata_train.csv::full_trace::513,-1,0,Hyundai,Fuzzy_HYUNDAI_Sonata_train.csv
101,unrelated_incidents,ben_14-w02,ben_14,Hyundai::Attack_free_HY_Sonata_train.csv::Hyundai::Attack_free_HY_Sonata_train.csv::seg_test::668,-1,0,Hyundai,Attack_free_HY_Sonata_train.csv
101,unrelated_incidents,ben_14-w03,ben_14,Kia::Fuzzy_dataset_KIA_Soul_train.csv::Kia::Fuzzy_dataset_KIA_Soul_train.csv::full_trace::7874,-1,0,Kia,Fuzzy_dataset_KIA_Soul_train.csv
101,unrelated_incidents,ben_14-w04,ben_14,Kia::Fuzzy_dataset_KIA_Soul_train.csv::Kia::Fuzzy_dataset_KIA_Soul_train.csv::full_trace::1334,-1,0,Kia,Fuzzy_dataset_KIA_Soul_train.csv
101,unrelated_incidents,ben_14-w05,ben_14,Kia::Attack_free_KIA_Soul_train.csv::Kia::Attack_free_KIA_Soul_train.csv::seg_test::508,-1,0,Kia,Attack_free_KIA_Soul_train.csv
101,unrelated_incidents,ben_14-w06,ben_14,Hyundai::Fuzzy_HYUNDAI_Sonata_train.csv::Hyundai::Fuzzy_HYUNDAI_Sonata_train.csv::full_trace::549,-1,0,Hyundai,Fuzzy_HYUNDAI_Sonata_train.csv
101,unrelated_incidents,ben_14-w07,ben_14,Kia::Fuzzy_dataset_KIA_Soul_train.csv::Kia::Fuzzy_dataset_KIA_Soul_train.csv::full_trace::2484,-1,0,Kia,Fuzzy_dataset_KIA_Soul_train.csv
101,unrelated_incidents,ben_14-w08,ben_14,Kia::Fuzzy_dataset_KIA_Soul_train.csv::Kia::Fuzzy_dataset_KIA_Soul_train.csv::full_trace::6735,-1,0,Kia,Fuzzy_dataset_KIA_Soul_train.csv
101,unrelated_incidents,ben_14-w09,ben_14,Kia::Fuzzy_dataset_KIA_Soul_train.csv::Kia::Fuzzy_dataset_KIA_Soul_train.csv::full_trace::8049,-1,0,Kia,Fuzzy_dataset_KIA_Soul_train.csv
