run_id,method,false_campaign_memberships,missed_campaign_memberships,n_errors,framework_config,scenario_id,scenario_key,seed,campaign_size,coordination_strength
campaign_size_corrected_strong_n10_descriptor_clustering_seed101_20260611T122913_c25d37dd,descriptor_clustering,0.0,0.0,0,C2,S3,campaign_size_corrected_strong,101,10,1.0
campaign_size_corrected_strong_n10_descriptor_clustering_seed11_20260611T122830_80466fa4,descriptor_clustering,0.0,2.0,2,C2,S3,campaign_size_corrected_strong,11,10,1.0
campaign_size_corrected_strong_n10_descriptor_clustering_seed23_20260611T122835_666d8d1d,descriptor_clustering,0.0,2.0,2,C2,S3,campaign_size_corrected_strong,23,10,1.0
campaign_size_corrected_strong_n10_descriptor_clustering_seed37_20260611T122840_80a83d3d,descriptor_clustering,0.0,20.0,20,C2,S3,campaign_size_corrected_strong,37,10,1.0
campaign_size_corrected_strong_n10_descriptor_clustering_seed41_20260611T122844_784f96d1,descriptor_clustering,0.0,0.0,0,C2,S3,campaign_size_corrected_strong,41,10,1.0
campaign_size_corrected_strong_n10_descriptor_clustering_seed53_20260611T122849_8dbc82d2,descriptor_clustering,0.0,0.0,0,C2,S3,campaign_size_corrected_strong,53,10,1.0
campaign_size_corrected_strong_n10_descriptor_clustering_seed67_20260611T122854_0b5b6035,descriptor_clustering,0.0,1.0,1,C2,S3,campaign_size_corrected_strong,67,10,1.0
campaign_size_corrected_strong_n10_descriptor_clustering_seed71_20260611T122859_a2977eaa,descriptor_clustering,0.0,0.0,0,C2,S3,campaign_size_corrected_strong,71,10,1.0
campaign_size_corrected_strong_n10_descriptor_clustering_seed83_20260611T122903_338f4ad3,descriptor_clustering,0.0,0.0,0,C2,S3,campaign_size_corrected_strong,83,10,1.0
campaign_size_corrected_strong_n10_descriptor_clustering_seed97_20260611T122908_52fc4499,descriptor_clustering,0.0,0.0,0,C2,S3,campaign_size_corrected_strong,97,10,1.0
campaign_size_corrected_strong_n10_fcgnn_seed101_20260611T122915_be896376,fcgnn,0.0,8.0,8,C3,S3,campaign_size_corrected_strong,101,10,1.0
campaign_size_corrected_strong_n10_fcgnn_seed11_20260611T122833_90e565a7,fcgnn,0.0,31.0,31,C3,S3,campaign_size_corrected_strong,11,10,1.0
campaign_size_corrected_strong_n10_fcgnn_seed23_20260611T122837_ae3d10de,fcgnn,0.0,5.0,5,C3,S3,campaign_size_corrected_strong,23,10,1.0
campaign_size_corrected_strong_n10_fcgnn_seed37_20260611T122842_d8e10da5,fcgnn,0.0,4.0,4,C3,S3,campaign_size_corrected_strong,37,10,1.0
campaign_size_corrected_strong_n10_fcgnn_seed41_20260611T122847_4cdafffb,fcgnn,0.0,6.0,6,C3,S3,campaign_size_corrected_strong,41,10,1.0
campaign_size_corrected_strong_n10_fcgnn_seed53_20260611T122852_b9be219b,fcgnn,0.0,3.0,3,C3,S3,campaign_size_corrected_strong,53,10,1.0
campaign_size_corrected_strong_n10_fcgnn_seed67_20260611T122856_a0d607bf,fcgnn,0.0,8.0,8,C3,S3,campaign_size_corrected_strong,67,10,1.0
campaign_size_corrected_strong_n10_fcgnn_seed71_20260611T122901_787804a5,fcgnn,0.0,6.0,6,C3,S3,campaign_size_corrected_strong,71,10,1.0
campaign_size_corrected_strong_n10_fcgnn_seed83_20260611T122906_f8ae0e93,fcgnn,0.0,5.0,5,C3,S3,campaign_size_corrected_strong,83,10,1.0
campaign_size_corrected_strong_n10_fcgnn_seed97_20260611T122911_f6e5a38f,fcgnn,0.0,10.0,10,C3,S3,campaign_size_corrected_strong,97,10,1.0
campaign_size_corrected_strong_n10_local_ids_seed101_20260611T122912_6dbf30b1,local_ids,,,0,C1,S3,campaign_size_corrected_strong,101,10,1.0
campaign_size_corrected_strong_n10_local_ids_seed11_20260611T122829_280f4f68,local_ids,,,0,C1,S3,campaign_size_corrected_strong,11,10,1.0
campaign_size_corrected_strong_n10_local_ids_seed23_20260611T122834_55b7e2b6,local_ids,,,0,C1,S3,campaign_size_corrected_strong,23,10,1.0
campaign_size_corrected_strong_n10_local_ids_seed37_20260611T122839_bff3ae72,local_ids,,,0,C1,S3,campaign_size_corrected_strong,37,10,1.0
campaign_size_corrected_strong_n10_local_ids_seed41_20260611T122843_1b3e0509,local_ids,,,0,C1,S3,campaign_size_corrected_strong,41,10,1.0
campaign_size_corrected_strong_n10_local_ids_seed53_20260611T122848_354daa29,local_ids,,,0,C1,S3,campaign_size_corrected_strong,53,10,1.0
campaign_size_corrected_strong_n10_local_ids_seed67_20260611T122853_5d1238f3,local_ids,,,0,C1,S3,campaign_size_corrected_strong,67,10,1.0
campaign_size_corrected_strong_n10_local_ids_seed71_20260611T122858_81233189,local_ids,,,0,C1,S3,campaign_size_corrected_strong,71,10,1.0
campaign_size_corrected_strong_n10_local_ids_seed83_20260611T122902_6de8ff78,local_ids,,,0,C1,S3,campaign_size_corrected_strong,83,10,1.0
campaign_size_corrected_strong_n10_local_ids_seed97_20260611T122907_a01a757d,local_ids,,,0,C1,S3,campaign_size_corrected_strong,97,10,1.0
campaign_size_corrected_strong_n2_descriptor_clustering_seed101_20260611T122740_73c3617f,descriptor_clustering,0.0,10.0,10,C2,S3,campaign_size_corrected_strong,101,2,1.0
campaign_size_corrected_strong_n2_descriptor_clustering_seed11_20260611T122700_3a1222cf,descriptor_clustering,0.0,10.0,10,C2,S3,campaign_size_corrected_strong,11,2,1.0
campaign_size_corrected_strong_n2_descriptor_clustering_seed23_20260611T122705_5db30cad,descriptor_clustering,0.0,10.0,10,C2,S3,campaign_size_corrected_strong,23,2,1.0
campaign_size_corrected_strong_n2_descriptor_clustering_seed37_20260611T122709_c48fd273,descriptor_clustering,0.0,10.0,10,C2,S3,campaign_size_corrected_strong,37,2,1.0
campaign_size_corrected_strong_n2_descriptor_clustering_seed41_20260611T122714_6f66d1df,descriptor_clustering,0.0,10.0,10,C2,S3,campaign_size_corrected_strong,41,2,1.0
campaign_size_corrected_strong_n2_descriptor_clustering_seed53_20260611T122718_c12a297a,descriptor_clustering,0.0,10.0,10,C2,S3,campaign_size_corrected_strong,53,2,1.0
campaign_size_corrected_strong_n2_descriptor_clustering_seed67_20260611T122722_ea78e395,descriptor_clustering,0.0,10.0,10,C2,S3,campaign_size_corrected_strong,67,2,1.0
campaign_size_corrected_strong_n2_descriptor_clustering_seed71_20260611T122727_68aff24b,descriptor_clustering,0.0,10.0,10,C2,S3,campaign_size_corrected_strong,71,2,1.0
campaign_size_corrected_strong_n2_descriptor_clustering_seed83_20260611T122731_2fb8cd0c,descriptor_clustering,0.0,10.0,10,C2,S3,campaign_size_corrected_strong,83,2,1.0
campaign_size_corrected_strong_n2_descriptor_clustering_seed97_20260611T122736_b40bda2f,descriptor_clustering,0.0,10.0,10,C2,S3,campaign_size_corrected_strong,97,2,1.0
campaign_size_corrected_strong_n2_fcgnn_seed101_20260611T122742_7c6777b4,fcgnn,0.0,4.0,4,C3,S3,campaign_size_corrected_strong,101,2,1.0
campaign_size_corrected_strong_n2_fcgnn_seed11_20260611T122703_3912574d,fcgnn,0.0,2.0,2,C3,S3,campaign_size_corrected_strong,11,2,1.0
campaign_size_corrected_strong_n2_fcgnn_seed23_20260611T122707_37652a58,fcgnn,0.0,5.0,5,C3,S3,campaign_size_corrected_strong,23,2,1.0
campaign_size_corrected_strong_n2_fcgnn_seed37_20260611T122711_3fc6653e,fcgnn,0.0,4.0,4,C3,S3,campaign_size_corrected_strong,37,2,1.0
campaign_size_corrected_strong_n2_fcgnn_seed41_20260611T122716_943b82bc,fcgnn,0.0,5.0,5,C3,S3,campaign_size_corrected_strong,41,2,1.0
campaign_size_corrected_strong_n2_fcgnn_seed53_20260611T122720_5b7a15d2,fcgnn,0.0,4.0,4,C3,S3,campaign_size_corrected_strong,53,2,1.0
campaign_size_corrected_strong_n2_fcgnn_seed67_20260611T122725_ba4a1ddb,fcgnn,0.0,4.0,4,C3,S3,campaign_size_corrected_strong,67,2,1.0
campaign_size_corrected_strong_n2_fcgnn_seed71_20260611T122729_e4b0ea4a,fcgnn,0.0,10.0,10,C3,S3,campaign_size_corrected_strong,71,2,1.0
campaign_size_corrected_strong_n2_fcgnn_seed83_20260611T122733_77545f7d,fcgnn,0.0,4.0,4,C3,S3,campaign_size_corrected_strong,83,2,1.0
campaign_size_corrected_strong_n2_fcgnn_seed97_20260611T122738_81d5a213,fcgnn,0.0,3.0,3,C3,S3,campaign_size_corrected_strong,97,2,1.0
campaign_size_corrected_strong_n2_local_ids_seed101_20260611T122739_5e2c93f1,local_ids,,,0,C1,S3,campaign_size_corrected_strong,101,2,1.0
campaign_size_corrected_strong_n2_local_ids_seed11_20260611T122659_6634eea1,local_ids,,,0,C1,S3,campaign_size_corrected_strong,11,2,1.0
campaign_size_corrected_strong_n2_local_ids_seed23_20260611T122704_0b170656,local_ids,,,0,C1,S3,campaign_size_corrected_strong,23,2,1.0
campaign_size_corrected_strong_n2_local_ids_seed37_20260611T122708_ef3d88e6,local_ids,,,0,C1,S3,campaign_size_corrected_strong,37,2,1.0
campaign_size_corrected_strong_n2_local_ids_seed41_20260611T122713_e5df9e36,local_ids,,,0,C1,S3,campaign_size_corrected_strong,41,2,1.0
campaign_size_corrected_strong_n2_local_ids_seed53_20260611T122717_73ef2ca3,local_ids,,,0,C1,S3,campaign_size_corrected_strong,53,2,1.0
campaign_size_corrected_strong_n2_local_ids_seed67_20260611T122721_503ec980,local_ids,,,0,C1,S3,campaign_size_corrected_strong,67,2,1.0
campaign_size_corrected_strong_n2_local_ids_seed71_20260611T122726_8d3f38f1,local_ids,,,0,C1,S3,campaign_size_corrected_strong,71,2,1.0
campaign_size_corrected_strong_n2_local_ids_seed83_20260611T122730_e40aeda5,local_ids,,,0,C1,S3,campaign_size_corrected_strong,83,2,1.0
campaign_size_corrected_strong_n2_local_ids_seed97_20260611T122735_81e225ec,local_ids,,,0,C1,S3,campaign_size_corrected_strong,97,2,1.0
campaign_size_corrected_strong_n5_descriptor_clustering_seed101_20260611T122825_c8abec22,descriptor_clustering,0.0,25.0,25,C2,S3,campaign_size_corrected_strong,101,5,1.0
campaign_size_corrected_strong_n5_descriptor_clustering_seed11_20260611T122744_ebac02fe,descriptor_clustering,0.0,16.0,16,C2,S3,campaign_size_corrected_strong,11,5,1.0
campaign_size_corrected_strong_n5_descriptor_clustering_seed23_20260611T122749_a3dddc76,descriptor_clustering,0.0,25.0,25,C2,S3,campaign_size_corrected_strong,23,5,1.0
campaign_size_corrected_strong_n5_descriptor_clustering_seed37_20260611T122754_dc4bf5c9,descriptor_clustering,0.0,16.0,16,C2,S3,campaign_size_corrected_strong,37,5,1.0
campaign_size_corrected_strong_n5_descriptor_clustering_seed41_20260611T122758_87d46729,descriptor_clustering,0.0,24.0,24,C2,S3,campaign_size_corrected_strong,41,5,1.0
campaign_size_corrected_strong_n5_descriptor_clustering_seed53_20260611T122803_9e13fef2,descriptor_clustering,0.0,25.0,25,C2,S3,campaign_size_corrected_strong,53,5,1.0
campaign_size_corrected_strong_n5_descriptor_clustering_seed67_20260611T122807_1eb6d72b,descriptor_clustering,0.0,25.0,25,C2,S3,campaign_size_corrected_strong,67,5,1.0
campaign_size_corrected_strong_n5_descriptor_clustering_seed71_20260611T122812_4e56660f,descriptor_clustering,0.0,15.0,15,C2,S3,campaign_size_corrected_strong,71,5,1.0
campaign_size_corrected_strong_n5_descriptor_clustering_seed83_20260611T122816_9b02d21d,descriptor_clustering,0.0,25.0,25,C2,S3,campaign_size_corrected_strong,83,5,1.0
campaign_size_corrected_strong_n5_descriptor_clustering_seed97_20260611T122821_8b74d61b,descriptor_clustering,0.0,25.0,25,C2,S3,campaign_size_corrected_strong,97,5,1.0
campaign_size_corrected_strong_n5_fcgnn_seed101_20260611T122828_d22879ef,fcgnn,0.0,5.0,5,C3,S3,campaign_size_corrected_strong,101,5,1.0
campaign_size_corrected_strong_n5_fcgnn_seed11_20260611T122747_3e587134,fcgnn,0.0,10.0,10,C3,S3,campaign_size_corrected_strong,11,5,1.0
campaign_size_corrected_strong_n5_fcgnn_seed23_20260611T122751_a7d33ea1,fcgnn,0.0,5.0,5,C3,S3,campaign_size_corrected_strong,23,5,1.0
campaign_size_corrected_strong_n5_fcgnn_seed37_20260611T122756_d31bcd97,fcgnn,0.0,4.0,4,C3,S3,campaign_size_corrected_strong,37,5,1.0
campaign_size_corrected_strong_n5_fcgnn_seed41_20260611T122801_2bdd7d44,fcgnn,0.0,15.0,15,C3,S3,campaign_size_corrected_strong,41,5,1.0
campaign_size_corrected_strong_n5_fcgnn_seed53_20260611T122805_b2de25d9,fcgnn,0.0,9.0,9,C3,S3,campaign_size_corrected_strong,53,5,1.0
campaign_size_corrected_strong_n5_fcgnn_seed67_20260611T122810_c99356ea,fcgnn,0.0,16.0,16,C3,S3,campaign_size_corrected_strong,67,5,1.0
campaign_size_corrected_strong_n5_fcgnn_seed71_20260611T122814_ed072d60,fcgnn,0.0,12.0,12,C3,S3,campaign_size_corrected_strong,71,5,1.0
campaign_size_corrected_strong_n5_fcgnn_seed83_20260611T122819_9bdb60c2,fcgnn,0.0,10.0,10,C3,S3,campaign_size_corrected_strong,83,5,1.0
campaign_size_corrected_strong_n5_fcgnn_seed97_20260611T122823_47afe1a2,fcgnn,0.0,8.0,8,C3,S3,campaign_size_corrected_strong,97,5,1.0
campaign_size_corrected_strong_n5_local_ids_seed101_20260611T122824_3f5f9ac7,local_ids,,,0,C1,S3,campaign_size_corrected_strong,101,5,1.0
campaign_size_corrected_strong_n5_local_ids_seed11_20260611T122743_08919d2d,local_ids,,,0,C1,S3,campaign_size_corrected_strong,11,5,1.0
campaign_size_corrected_strong_n5_local_ids_seed23_20260611T122748_b490a39d,local_ids,,,0,C1,S3,campaign_size_corrected_strong,23,5,1.0
campaign_size_corrected_strong_n5_local_ids_seed37_20260611T122753_6f90c691,local_ids,,,0,C1,S3,campaign_size_corrected_strong,37,5,1.0
campaign_size_corrected_strong_n5_local_ids_seed41_20260611T122757_e4f65bf8,local_ids,,,0,C1,S3,campaign_size_corrected_strong,41,5,1.0
campaign_size_corrected_strong_n5_local_ids_seed53_20260611T122802_84e45227,local_ids,,,0,C1,S3,campaign_size_corrected_strong,53,5,1.0
campaign_size_corrected_strong_n5_local_ids_seed67_20260611T122806_c6a68ac7,local_ids,,,0,C1,S3,campaign_size_corrected_strong,67,5,1.0
campaign_size_corrected_strong_n5_local_ids_seed71_20260611T122811_0174a65f,local_ids,,,0,C1,S3,campaign_size_corrected_strong,71,5,1.0
campaign_size_corrected_strong_n5_local_ids_seed83_20260611T122815_14a435d8,local_ids,,,0,C1,S3,campaign_size_corrected_strong,83,5,1.0
campaign_size_corrected_strong_n5_local_ids_seed97_20260611T122820_e0bd326e,local_ids,,,0,C1,S3,campaign_size_corrected_strong,97,5,1.0
campaign_size_corrected_weak_n10_descriptor_clustering_seed101_20260611T123131_db90d095,descriptor_clustering,0.0,21.0,21,C2,S4,campaign_size_corrected_weak,101,10,1.0
campaign_size_corrected_weak_n10_descriptor_clustering_seed11_20260611T123048_a73cacd8,descriptor_clustering,0.0,16.0,16,C2,S4,campaign_size_corrected_weak,11,10,1.0
campaign_size_corrected_weak_n10_descriptor_clustering_seed23_20260611T123053_7f316e11,descriptor_clustering,0.0,17.0,17,C2,S4,campaign_size_corrected_weak,23,10,1.0
campaign_size_corrected_weak_n10_descriptor_clustering_seed37_20260611T123057_ce99bc0a,descriptor_clustering,0.0,20.0,20,C2,S4,campaign_size_corrected_weak,37,10,1.0
campaign_size_corrected_weak_n10_descriptor_clustering_seed41_20260611T123102_c163a981,descriptor_clustering,0.0,22.0,22,C2,S4,campaign_size_corrected_weak,41,10,1.0
campaign_size_corrected_weak_n10_descriptor_clustering_seed53_20260611T123107_989a1af1,descriptor_clustering,0.0,23.0,23,C2,S4,campaign_size_corrected_weak,53,10,1.0
campaign_size_corrected_weak_n10_descriptor_clustering_seed67_20260611T123112_247afb7b,descriptor_clustering,0.0,23.0,23,C2,S4,campaign_size_corrected_weak,67,10,1.0
campaign_size_corrected_weak_n10_descriptor_clustering_seed71_20260611T123117_328d32fe,descriptor_clustering,0.0,23.0,23,C2,S4,campaign_size_corrected_weak,71,10,1.0
campaign_size_corrected_weak_n10_descriptor_clustering_seed83_20260611T123121_71e4e697,descriptor_clustering,0.0,18.0,18,C2,S4,campaign_size_corrected_weak,83,10,1.0
campaign_size_corrected_weak_n10_descriptor_clustering_seed97_20260611T123126_451939e5,descriptor_clustering,0.0,21.0,21,C2,S4,campaign_size_corrected_weak,97,10,1.0
campaign_size_corrected_weak_n10_fcgnn_seed101_20260611T123133_38292059,fcgnn,0.0,29.0,29,C3,S4,campaign_size_corrected_weak,101,10,1.0
campaign_size_corrected_weak_n10_fcgnn_seed11_20260611T123050_122fea34,fcgnn,0.0,29.0,29,C3,S4,campaign_size_corrected_weak,11,10,1.0
campaign_size_corrected_weak_n10_fcgnn_seed23_20260611T123055_84541cff,fcgnn,0.0,26.0,26,C3,S4,campaign_size_corrected_weak,23,10,1.0
campaign_size_corrected_weak_n10_fcgnn_seed37_20260611T123100_27312343,fcgnn,0.0,31.0,31,C3,S4,campaign_size_corrected_weak,37,10,1.0
campaign_size_corrected_weak_n10_fcgnn_seed41_20260611T123105_6756659c,fcgnn,0.0,35.0,35,C3,S4,campaign_size_corrected_weak,41,10,1.0
campaign_size_corrected_weak_n10_fcgnn_seed53_20260611T123109_79357b1f,fcgnn,0.0,34.0,34,C3,S4,campaign_size_corrected_weak,53,10,1.0
campaign_size_corrected_weak_n10_fcgnn_seed67_20260611T123114_6c8c96c6,fcgnn,0.0,28.0,28,C3,S4,campaign_size_corrected_weak,67,10,1.0
campaign_size_corrected_weak_n10_fcgnn_seed71_20260611T123119_861fcfd8,fcgnn,0.0,35.0,35,C3,S4,campaign_size_corrected_weak,71,10,1.0
campaign_size_corrected_weak_n10_fcgnn_seed83_20260611T123124_8b7ec2f2,fcgnn,0.0,40.0,40,C3,S4,campaign_size_corrected_weak,83,10,1.0
campaign_size_corrected_weak_n10_fcgnn_seed97_20260611T123129_89c7cfff,fcgnn,0.0,31.0,31,C3,S4,campaign_size_corrected_weak,97,10,1.0
campaign_size_corrected_weak_n10_local_ids_seed101_20260611T123130_ca0bb6c6,local_ids,,,0,C1,S4,campaign_size_corrected_weak,101,10,1.0
campaign_size_corrected_weak_n10_local_ids_seed11_20260611T123047_dd7764d9,local_ids,,,0,C1,S4,campaign_size_corrected_weak,11,10,1.0
campaign_size_corrected_weak_n10_local_ids_seed23_20260611T123051_796b0048,local_ids,,,0,C1,S4,campaign_size_corrected_weak,23,10,1.0
campaign_size_corrected_weak_n10_local_ids_seed37_20260611T123056_a2031e3b,local_ids,,,0,C1,S4,campaign_size_corrected_weak,37,10,1.0
campaign_size_corrected_weak_n10_local_ids_seed41_20260611T123101_a1dcdf19,local_ids,,,0,C1,S4,campaign_size_corrected_weak,41,10,1.0
campaign_size_corrected_weak_n10_local_ids_seed53_20260611T123106_03c5f4a7,local_ids,,,0,C1,S4,campaign_size_corrected_weak,53,10,1.0
campaign_size_corrected_weak_n10_local_ids_seed67_20260611T123111_eaf214a4,local_ids,,,0,C1,S4,campaign_size_corrected_weak,67,10,1.0
campaign_size_corrected_weak_n10_local_ids_seed71_20260611T123115_f35a884c,local_ids,,,0,C1,S4,campaign_size_corrected_weak,71,10,1.0
campaign_size_corrected_weak_n10_local_ids_seed83_20260611T123120_21c6c8b7,local_ids,,,0,C1,S4,campaign_size_corrected_weak,83,10,1.0
campaign_size_corrected_weak_n10_local_ids_seed97_20260611T123125_d812516e,local_ids,,,0,C1,S4,campaign_size_corrected_weak,97,10,1.0
campaign_size_corrected_weak_n2_descriptor_clustering_seed101_20260611T122958_dc467cf6,descriptor_clustering,0.0,10.0,10,C2,S4,campaign_size_corrected_weak,101,2,1.0
campaign_size_corrected_weak_n2_descriptor_clustering_seed11_20260611T122918_569cdd51,descriptor_clustering,0.0,10.0,10,C2,S4,campaign_size_corrected_weak,11,2,1.0
campaign_size_corrected_weak_n2_descriptor_clustering_seed23_20260611T122922_cb9ed629,descriptor_clustering,0.0,10.0,10,C2,S4,campaign_size_corrected_weak,23,2,1.0
campaign_size_corrected_weak_n2_descriptor_clustering_seed37_20260611T122927_efeaf237,descriptor_clustering,0.0,10.0,10,C2,S4,campaign_size_corrected_weak,37,2,1.0
campaign_size_corrected_weak_n2_descriptor_clustering_seed41_20260611T122931_2c6863f5,descriptor_clustering,0.0,10.0,10,C2,S4,campaign_size_corrected_weak,41,2,1.0
campaign_size_corrected_weak_n2_descriptor_clustering_seed53_20260611T122936_60dae142,descriptor_clustering,0.0,10.0,10,C2,S4,campaign_size_corrected_weak,53,2,1.0
campaign_size_corrected_weak_n2_descriptor_clustering_seed67_20260611T122940_44523ab0,descriptor_clustering,0.0,3.0,3,C2,S4,campaign_size_corrected_weak,67,2,1.0
campaign_size_corrected_weak_n2_descriptor_clustering_seed71_20260611T122944_f16cc106,descriptor_clustering,0.0,10.0,10,C2,S4,campaign_size_corrected_weak,71,2,1.0
campaign_size_corrected_weak_n2_descriptor_clustering_seed83_20260611T122949_aca6f961,descriptor_clustering,0.0,10.0,10,C2,S4,campaign_size_corrected_weak,83,2,1.0
campaign_size_corrected_weak_n2_descriptor_clustering_seed97_20260611T122953_eee15188,descriptor_clustering,0.0,6.0,6,C2,S4,campaign_size_corrected_weak,97,2,1.0
campaign_size_corrected_weak_n2_fcgnn_seed101_20260611T123000_a2e707a5,fcgnn,0.0,2.0,2,C3,S4,campaign_size_corrected_weak,101,2,1.0
campaign_size_corrected_weak_n2_fcgnn_seed11_20260611T122920_947cc601,fcgnn,0.0,1.0,1,C3,S4,campaign_size_corrected_weak,11,2,1.0
campaign_size_corrected_weak_n2_fcgnn_seed23_20260611T122924_f38024a3,fcgnn,0.0,2.0,2,C3,S4,campaign_size_corrected_weak,23,2,1.0
campaign_size_corrected_weak_n2_fcgnn_seed37_20260611T122929_fda9249d,fcgnn,0.0,10.0,10,C3,S4,campaign_size_corrected_weak,37,2,1.0
campaign_size_corrected_weak_n2_fcgnn_seed41_20260611T122933_349a78e8,fcgnn,0.0,9.0,9,C3,S4,campaign_size_corrected_weak,41,2,1.0
campaign_size_corrected_weak_n2_fcgnn_seed53_20260611T122938_317eb40e,fcgnn,0.0,2.0,2,C3,S4,campaign_size_corrected_weak,53,2,1.0
campaign_size_corrected_weak_n2_fcgnn_seed67_20260611T122942_6e77bac2,fcgnn,0.0,10.0,10,C3,S4,campaign_size_corrected_weak,67,2,1.0
campaign_size_corrected_weak_n2_fcgnn_seed71_20260611T122947_c31fb8b1,fcgnn,0.0,10.0,10,C3,S4,campaign_size_corrected_weak,71,2,1.0
campaign_size_corrected_weak_n2_fcgnn_seed83_20260611T122951_c27d3755,fcgnn,0.0,1.0,1,C3,S4,campaign_size_corrected_weak,83,2,1.0
campaign_size_corrected_weak_n2_fcgnn_seed97_20260611T122955_b2f38bed,fcgnn,0.0,1.0,1,C3,S4,campaign_size_corrected_weak,97,2,1.0
campaign_size_corrected_weak_n2_local_ids_seed101_20260611T122957_03983abe,local_ids,,,0,C1,S4,campaign_size_corrected_weak,101,2,1.0
campaign_size_corrected_weak_n2_local_ids_seed11_20260611T122917_2aa090a1,local_ids,,,0,C1,S4,campaign_size_corrected_weak,11,2,1.0
campaign_size_corrected_weak_n2_local_ids_seed23_20260611T122921_9f7f5ad2,local_ids,,,0,C1,S4,campaign_size_corrected_weak,23,2,1.0
campaign_size_corrected_weak_n2_local_ids_seed37_20260611T122925_f3c09bbd,local_ids,,,0,C1,S4,campaign_size_corrected_weak,37,2,1.0
campaign_size_corrected_weak_n2_local_ids_seed41_20260611T122930_542aba19,local_ids,,,0,C1,S4,campaign_size_corrected_weak,41,2,1.0
campaign_size_corrected_weak_n2_local_ids_seed53_20260611T122934_b8088f2d,local_ids,,,0,C1,S4,campaign_size_corrected_weak,53,2,1.0
campaign_size_corrected_weak_n2_local_ids_seed67_20260611T122939_d5852dc0,local_ids,,,0,C1,S4,campaign_size_corrected_weak,67,2,1.0
campaign_size_corrected_weak_n2_local_ids_seed71_20260611T122943_9843e444,local_ids,,,0,C1,S4,campaign_size_corrected_weak,71,2,1.0
campaign_size_corrected_weak_n2_local_ids_seed83_20260611T122948_d7fe48d1,local_ids,,,0,C1,S4,campaign_size_corrected_weak,83,2,1.0
campaign_size_corrected_weak_n2_local_ids_seed97_20260611T122952_c1cae5cf,local_ids,,,0,C1,S4,campaign_size_corrected_weak,97,2,1.0
campaign_size_corrected_weak_n5_descriptor_clustering_seed101_20260611T123043_70578370,descriptor_clustering,0.0,9.0,9,C2,S4,campaign_size_corrected_weak,101,5,1.0
campaign_size_corrected_weak_n5_descriptor_clustering_seed11_20260611T123002_02162920,descriptor_clustering,0.0,7.0,7,C2,S4,campaign_size_corrected_weak,11,5,1.0
campaign_size_corrected_weak_n5_descriptor_clustering_seed23_20260611T123007_00c588a8,descriptor_clustering,0.0,10.0,10,C2,S4,campaign_size_corrected_weak,23,5,1.0
campaign_size_corrected_weak_n5_descriptor_clustering_seed37_20260611T123011_991e030c,descriptor_clustering,0.0,10.0,10,C2,S4,campaign_size_corrected_weak,37,5,1.0
campaign_size_corrected_weak_n5_descriptor_clustering_seed41_20260611T123016_0f2da345,descriptor_clustering,0.0,12.0,12,C2,S4,campaign_size_corrected_weak,41,5,1.0
campaign_size_corrected_weak_n5_descriptor_clustering_seed53_20260611T123020_7c7c37af,descriptor_clustering,0.0,12.0,12,C2,S4,campaign_size_corrected_weak,53,5,1.0
campaign_size_corrected_weak_n5_descriptor_clustering_seed67_20260611T123025_7e454948,descriptor_clustering,0.0,12.0,12,C2,S4,campaign_size_corrected_weak,67,5,1.0
campaign_size_corrected_weak_n5_descriptor_clustering_seed71_20260611T123030_4ed2b8a7,descriptor_clustering,0.0,12.0,12,C2,S4,campaign_size_corrected_weak,71,5,1.0
campaign_size_corrected_weak_n5_descriptor_clustering_seed83_20260611T123034_655c1e81,descriptor_clustering,0.0,8.0,8,C2,S4,campaign_size_corrected_weak,83,5,1.0
campaign_size_corrected_weak_n5_descriptor_clustering_seed97_20260611T123039_b8c299f0,descriptor_clustering,0.0,9.0,9,C2,S4,campaign_size_corrected_weak,97,5,1.0
campaign_size_corrected_weak_n5_fcgnn_seed101_20260611T123046_ca9eea20,fcgnn,0.0,11.0,11,C3,S4,campaign_size_corrected_weak,101,5,1.0
campaign_size_corrected_weak_n5_fcgnn_seed11_20260611T123004_4b405120,fcgnn,0.0,7.0,7,C3,S4,campaign_size_corrected_weak,11,5,1.0
campaign_size_corrected_weak_n5_fcgnn_seed23_20260611T123009_cd49b87b,fcgnn,0.0,12.0,12,C3,S4,campaign_size_corrected_weak,23,5,1.0
campaign_size_corrected_weak_n5_fcgnn_seed37_20260611T123014_508a5d1c,fcgnn,0.0,17.0,17,C3,S4,campaign_size_corrected_weak,37,5,1.0
campaign_size_corrected_weak_n5_fcgnn_seed41_20260611T123018_0e5462d3,fcgnn,0.0,15.0,15,C3,S4,campaign_size_corrected_weak,41,5,1.0
campaign_size_corrected_weak_n5_fcgnn_seed53_20260611T123023_cc0e73c3,fcgnn,0.0,14.0,14,C3,S4,campaign_size_corrected_weak,53,5,1.0
campaign_size_corrected_weak_n5_fcgnn_seed67_20260611T123027_1de465ea,fcgnn,0.0,13.0,13,C3,S4,campaign_size_corrected_weak,67,5,1.0
campaign_size_corrected_weak_n5_fcgnn_seed71_20260611T123032_5611f939,fcgnn,0.0,15.0,15,C3,S4,campaign_size_corrected_weak,71,5,1.0
campaign_size_corrected_weak_n5_fcgnn_seed83_20260611T123036_9ae7536c,fcgnn,0.0,12.0,12,C3,S4,campaign_size_corrected_weak,83,5,1.0
campaign_size_corrected_weak_n5_fcgnn_seed97_20260611T123041_d0670617,fcgnn,0.0,14.0,14,C3,S4,campaign_size_corrected_weak,97,5,1.0
campaign_size_corrected_weak_n5_local_ids_seed101_20260611T123042_8bb415a9,local_ids,,,0,C1,S4,campaign_size_corrected_weak,101,5,1.0
campaign_size_corrected_weak_n5_local_ids_seed11_20260611T123001_08dfa619,local_ids,,,0,C1,S4,campaign_size_corrected_weak,11,5,1.0
campaign_size_corrected_weak_n5_local_ids_seed23_20260611T123006_8815ae29,local_ids,,,0,C1,S4,campaign_size_corrected_weak,23,5,1.0
campaign_size_corrected_weak_n5_local_ids_seed37_20260611T123010_899a6b44,local_ids,,,0,C1,S4,campaign_size_corrected_weak,37,5,1.0
campaign_size_corrected_weak_n5_local_ids_seed41_20260611T123015_6025bea0,local_ids,,,0,C1,S4,campaign_size_corrected_weak,41,5,1.0
campaign_size_corrected_weak_n5_local_ids_seed53_20260611T123019_f331ce37,local_ids,,,0,C1,S4,campaign_size_corrected_weak,53,5,1.0
campaign_size_corrected_weak_n5_local_ids_seed67_20260611T123024_e8d560ba,local_ids,,,0,C1,S4,campaign_size_corrected_weak,67,5,1.0
campaign_size_corrected_weak_n5_local_ids_seed71_20260611T123028_dfa915a2,local_ids,,,0,C1,S4,campaign_size_corrected_weak,71,5,1.0
campaign_size_corrected_weak_n5_local_ids_seed83_20260611T123033_bb9b9c63,local_ids,,,0,C1,S4,campaign_size_corrected_weak,83,5,1.0
campaign_size_corrected_weak_n5_local_ids_seed97_20260611T123038_8d76a2b6,local_ids,,,0,C1,S4,campaign_size_corrected_weak,97,5,1.0
S0_benign_control_descriptor_clustering_n0_cs0p00_seed101_20260611T102839_16fc93fc,descriptor_clustering,0.0,0.0,0,C2,S0,S0_benign_control,101,0,0.0
S0_benign_control_descriptor_clustering_n0_cs0p00_seed11_20260611T100441_0c1a9279,descriptor_clustering,0.0,0.0,0,C2,S0,S0_benign_control,11,0,0.0
S0_benign_control_descriptor_clustering_n0_cs0p00_seed11_20260611T102834_c2ecc61c,descriptor_clustering,0.0,0.0,0,C2,S0,S0_benign_control,11,0,0.0
S0_benign_control_descriptor_clustering_n0_cs0p00_seed23_20260611T102835_1e0f13b8,descriptor_clustering,0.0,0.0,0,C2,S0,S0_benign_control,23,0,0.0
S0_benign_control_descriptor_clustering_n0_cs0p00_seed37_20260611T102835_94eff4a3,descriptor_clustering,0.0,0.0,0,C2,S0,S0_benign_control,37,0,0.0
S0_benign_control_descriptor_clustering_n0_cs0p00_seed41_20260611T102836_7a4888c2,descriptor_clustering,0.0,0.0,0,C2,S0,S0_benign_control,41,0,0.0
S0_benign_control_descriptor_clustering_n0_cs0p00_seed53_20260611T102836_4574b9e7,descriptor_clustering,0.0,0.0,0,C2,S0,S0_benign_control,53,0,0.0
S0_benign_control_descriptor_clustering_n0_cs0p00_seed67_20260611T102837_894a62bb,descriptor_clustering,0.0,0.0,0,C2,S0,S0_benign_control,67,0,0.0
S0_benign_control_descriptor_clustering_n0_cs0p00_seed71_20260611T102837_31599d70,descriptor_clustering,0.0,0.0,0,C2,S0,S0_benign_control,71,0,0.0
S0_benign_control_descriptor_clustering_n0_cs0p00_seed83_20260611T102838_d6424262,descriptor_clustering,0.0,0.0,0,C2,S0,S0_benign_control,83,0,0.0
S0_benign_control_descriptor_clustering_n0_cs0p00_seed97_20260611T102838_d1c7ed82,descriptor_clustering,0.0,0.0,0,C2,S0,S0_benign_control,97,0,0.0
S0_benign_control_fcgnn_n0_cs0p00_seed101_20260611T102839_4848fffe,fcgnn,0.0,0.0,0,C3,S0,S0_benign_control,101,0,0.0
S0_benign_control_fcgnn_n0_cs0p00_seed11_20260611T100441_da421daa,fcgnn,0.0,0.0,0,C3,S0,S0_benign_control,11,0,0.0
S0_benign_control_fcgnn_n0_cs0p00_seed11_20260611T102834_2b62d361,fcgnn,0.0,0.0,0,C3,S0,S0_benign_control,11,0,0.0
S0_benign_control_fcgnn_n0_cs0p00_seed23_20260611T102835_044b9166,fcgnn,0.0,0.0,0,C3,S0,S0_benign_control,23,0,0.0
S0_benign_control_fcgnn_n0_cs0p00_seed37_20260611T102836_152c400c,fcgnn,0.0,0.0,0,C3,S0,S0_benign_control,37,0,0.0
S0_benign_control_fcgnn_n0_cs0p00_seed41_20260611T102836_f8029cdc,fcgnn,0.0,0.0,0,C3,S0,S0_benign_control,41,0,0.0
S0_benign_control_fcgnn_n0_cs0p00_seed53_20260611T102837_6b165efe,fcgnn,0.0,0.0,0,C3,S0,S0_benign_control,53,0,0.0
S0_benign_control_fcgnn_n0_cs0p00_seed67_20260611T102837_bfa59c0b,fcgnn,0.0,0.0,0,C3,S0,S0_benign_control,67,0,0.0
S0_benign_control_fcgnn_n0_cs0p00_seed71_20260611T102838_bd68588d,fcgnn,0.0,0.0,0,C3,S0,S0_benign_control,71,0,0.0
S0_benign_control_fcgnn_n0_cs0p00_seed83_20260611T102838_cbaa52f5,fcgnn,0.0,0.0,0,C3,S0,S0_benign_control,83,0,0.0
S0_benign_control_fcgnn_n0_cs0p00_seed97_20260611T102839_183d71f8,fcgnn,0.0,0.0,0,C3,S0,S0_benign_control,97,0,0.0
S0_benign_control_local_ids_n0_cs0p00_seed101_20260611T102839_950525d4,local_ids,,,0,C1,S0,S0_benign_control,101,0,0.0
S0_benign_control_local_ids_n0_cs0p00_seed11_20260611T100441_e93a16b2,local_ids,,,0,C1,S0,S0_benign_control,11,0,0.0
S0_benign_control_local_ids_n0_cs0p00_seed11_20260611T102834_00a2a8ff,local_ids,,,0,C1,S0,S0_benign_control,11,0,0.0
S0_benign_control_local_ids_n0_cs0p00_seed23_20260611T102835_c8a29b88,local_ids,,,0,C1,S0,S0_benign_control,23,0,0.0
S0_benign_control_local_ids_n0_cs0p00_seed37_20260611T102835_3d3e4d57,local_ids,,,0,C1,S0,S0_benign_control,37,0,0.0
S0_benign_control_local_ids_n0_cs0p00_seed41_20260611T102836_545028c2,local_ids,,,0,C1,S0,S0_benign_control,41,0,0.0
S0_benign_control_local_ids_n0_cs0p00_seed53_20260611T102836_317ae63f,local_ids,,,0,C1,S0,S0_benign_control,53,0,0.0
S0_benign_control_local_ids_n0_cs0p00_seed67_20260611T102837_591ff0e3,local_ids,,,0,C1,S0,S0_benign_control,67,0,0.0
S0_benign_control_local_ids_n0_cs0p00_seed71_20260611T102837_a5fa509d,local_ids,,,0,C1,S0,S0_benign_control,71,0,0.0
S0_benign_control_local_ids_n0_cs0p00_seed83_20260611T102838_a856e103,local_ids,,,0,C1,S0,S0_benign_control,83,0,0.0
S0_benign_control_local_ids_n0_cs0p00_seed97_20260611T102838_2e85f8ee,local_ids,,,0,C1,S0,S0_benign_control,97,0,0.0
S1_isolated_descriptor_clustering_n1_cs0p00_seed101_20260611T102848_9021de9d,descriptor_clustering,0.0,120.0,120,C2,S1,S1_isolated,101,1,0.0
S1_isolated_descriptor_clustering_n1_cs0p00_seed11_20260611T100442_46484e71,descriptor_clustering,0.0,120.0,120,C2,S1,S1_isolated,11,1,0.0
S1_isolated_descriptor_clustering_n1_cs0p00_seed11_20260611T102840_19b561df,descriptor_clustering,0.0,120.0,120,C2,S1,S1_isolated,11,1,0.0
S1_isolated_descriptor_clustering_n1_cs0p00_seed23_20260611T102841_4897e70c,descriptor_clustering,0.0,120.0,120,C2,S1,S1_isolated,23,1,0.0
S1_isolated_descriptor_clustering_n1_cs0p00_seed37_20260611T102841_7bd310b8,descriptor_clustering,0.0,120.0,120,C2,S1,S1_isolated,37,1,0.0
S1_isolated_descriptor_clustering_n1_cs0p00_seed41_20260611T102842_bcdc65fb,descriptor_clustering,0.0,120.0,120,C2,S1,S1_isolated,41,1,0.0
S1_isolated_descriptor_clustering_n1_cs0p00_seed53_20260611T102843_798b8432,descriptor_clustering,0.0,120.0,120,C2,S1,S1_isolated,53,1,0.0
S1_isolated_descriptor_clustering_n1_cs0p00_seed67_20260611T102844_fb90efda,descriptor_clustering,0.0,120.0,120,C2,S1,S1_isolated,67,1,0.0
S1_isolated_descriptor_clustering_n1_cs0p00_seed71_20260611T102845_cb852f84,descriptor_clustering,0.0,120.0,120,C2,S1,S1_isolated,71,1,0.0
S1_isolated_descriptor_clustering_n1_cs0p00_seed83_20260611T102846_056f5d0a,descriptor_clustering,0.0,120.0,120,C2,S1,S1_isolated,83,1,0.0
S1_isolated_descriptor_clustering_n1_cs0p00_seed97_20260611T102847_c82e1095,descriptor_clustering,0.0,120.0,120,C2,S1,S1_isolated,97,1,0.0
S1_isolated_fcgnn_n1_cs0p00_seed101_20260611T102849_193a4694,fcgnn,0.0,120.0,120,C3,S1,S1_isolated,101,1,0.0
S1_isolated_fcgnn_n1_cs0p00_seed11_20260611T100442_8b04dd51,fcgnn,0.0,120.0,120,C3,S1,S1_isolated,11,1,0.0
S1_isolated_fcgnn_n1_cs0p00_seed11_20260611T102840_c7bebe88,fcgnn,0.0,120.0,120,C3,S1,S1_isolated,11,1,0.0
S1_isolated_fcgnn_n1_cs0p00_seed23_20260611T102841_0545d375,fcgnn,0.0,120.0,120,C3,S1,S1_isolated,23,1,0.0
S1_isolated_fcgnn_n1_cs0p00_seed37_20260611T102842_e7e42d66,fcgnn,0.0,120.0,120,C3,S1,S1_isolated,37,1,0.0
S1_isolated_fcgnn_n1_cs0p00_seed41_20260611T102843_5cffa205,fcgnn,0.0,120.0,120,C3,S1,S1_isolated,41,1,0.0
S1_isolated_fcgnn_n1_cs0p00_seed53_20260611T102844_bc69287b,fcgnn,0.0,120.0,120,C3,S1,S1_isolated,53,1,0.0
S1_isolated_fcgnn_n1_cs0p00_seed67_20260611T102845_a2388fe9,fcgnn,0.0,120.0,120,C3,S1,S1_isolated,67,1,0.0
S1_isolated_fcgnn_n1_cs0p00_seed71_20260611T102846_3555f860,fcgnn,0.0,120.0,120,C3,S1,S1_isolated,71,1,0.0
S1_isolated_fcgnn_n1_cs0p00_seed83_20260611T102847_72df3734,fcgnn,0.0,120.0,120,C3,S1,S1_isolated,83,1,0.0
S1_isolated_fcgnn_n1_cs0p00_seed97_20260611T102848_bc645615,fcgnn,0.0,120.0,120,C3,S1,S1_isolated,97,1,0.0
S1_isolated_local_ids_n1_cs0p00_seed101_20260611T102848_ea8cab7f,local_ids,,,0,C1,S1,S1_isolated,101,1,0.0
S1_isolated_local_ids_n1_cs0p00_seed11_20260611T100441_4ae0746a,local_ids,,,0,C1,S1,S1_isolated,11,1,0.0
S1_isolated_local_ids_n1_cs0p00_seed11_20260611T102839_c014b584,local_ids,,,0,C1,S1,S1_isolated,11,1,0.0
S1_isolated_local_ids_n1_cs0p00_seed23_20260611T102840_219af55b,local_ids,,,0,C1,S1,S1_isolated,23,1,0.0
S1_isolated_local_ids_n1_cs0p00_seed37_20260611T102841_9ffbc894,local_ids,,,0,C1,S1,S1_isolated,37,1,0.0
S1_isolated_local_ids_n1_cs0p00_seed41_20260611T102842_7cc9dfec,local_ids,,,0,C1,S1,S1_isolated,41,1,0.0
S1_isolated_local_ids_n1_cs0p00_seed53_20260611T102843_df44db7d,local_ids,,,0,C1,S1,S1_isolated,53,1,0.0
S1_isolated_local_ids_n1_cs0p00_seed67_20260611T102844_2b20f1e5,local_ids,,,0,C1,S1,S1_isolated,67,1,0.0
S1_isolated_local_ids_n1_cs0p00_seed71_20260611T102845_880e94de,local_ids,,,0,C1,S1,S1_isolated,71,1,0.0
S1_isolated_local_ids_n1_cs0p00_seed83_20260611T102846_71cf812c,local_ids,,,0,C1,S1,S1_isolated,83,1,0.0
S1_isolated_local_ids_n1_cs0p00_seed97_20260611T102847_ebf0ad42,local_ids,,,0,C1,S1,S1_isolated,97,1,0.0
S2_non_coordinated_descriptor_clustering_n10_cs0p00_seed101_20260611T103019_f1afcdee,descriptor_clustering,0.0,38.0,38,C2,S2,S2_non_coordinated,101,10,0.0
S2_non_coordinated_descriptor_clustering_n10_cs0p00_seed11_20260611T100449_ac730c41,descriptor_clustering,0.0,34.0,34,C2,S2,S2_non_coordinated,11,10,0.0
S2_non_coordinated_descriptor_clustering_n10_cs0p00_seed11_20260611T102855_3fe0b269,descriptor_clustering,0.0,34.0,34,C2,S2,S2_non_coordinated,11,10,0.0
S2_non_coordinated_descriptor_clustering_n10_cs0p00_seed23_20260611T102905_3204f434,descriptor_clustering,0.0,8.0,8,C2,S2,S2_non_coordinated,23,10,0.0
S2_non_coordinated_descriptor_clustering_n10_cs0p00_seed37_20260611T102914_4615abb5,descriptor_clustering,0.0,26.0,26,C2,S2,S2_non_coordinated,37,10,0.0
S2_non_coordinated_descriptor_clustering_n10_cs0p00_seed41_20260611T102923_396fdfaf,descriptor_clustering,0.0,46.0,46,C2,S2,S2_non_coordinated,41,10,0.0
S2_non_coordinated_descriptor_clustering_n10_cs0p00_seed53_20260611T102933_8fd71a48,descriptor_clustering,0.0,32.0,32,C2,S2,S2_non_coordinated,53,10,0.0
S2_non_coordinated_descriptor_clustering_n10_cs0p00_seed67_20260611T102942_59fe9e28,descriptor_clustering,0.0,20.0,20,C2,S2,S2_non_coordinated,67,10,0.0
S2_non_coordinated_descriptor_clustering_n10_cs0p00_seed71_20260611T102951_d3e17307,descriptor_clustering,0.0,42.0,42,C2,S2,S2_non_coordinated,71,10,0.0
S2_non_coordinated_descriptor_clustering_n10_cs0p00_seed83_20260611T103001_5ad97dd9,descriptor_clustering,0.0,53.0,53,C2,S2,S2_non_coordinated,83,10,0.0
S2_non_coordinated_descriptor_clustering_n10_cs0p00_seed97_20260611T103010_3ffa3968,descriptor_clustering,0.0,30.0,30,C2,S2,S2_non_coordinated,97,10,0.0
S2_non_coordinated_descriptor_clustering_n10_cs0p25_seed101_20260611T103021_2c837e9e,descriptor_clustering,0.0,38.0,38,C2,S2,S2_non_coordinated,101,10,0.25
S2_non_coordinated_descriptor_clustering_n10_cs0p25_seed11_20260611T100451_5b9c3275,descriptor_clustering,0.0,34.0,34,C2,S2,S2_non_coordinated,11,10,0.25
S2_non_coordinated_descriptor_clustering_n10_cs0p25_seed11_20260611T102857_85d10c89,descriptor_clustering,0.0,34.0,34,C2,S2,S2_non_coordinated,11,10,0.25
S2_non_coordinated_descriptor_clustering_n10_cs0p25_seed23_20260611T102906_1b3a9899,descriptor_clustering,0.0,8.0,8,C2,S2,S2_non_coordinated,23,10,0.25
S2_non_coordinated_descriptor_clustering_n10_cs0p25_seed37_20260611T102916_6cef8fb4,descriptor_clustering,0.0,26.0,26,C2,S2,S2_non_coordinated,37,10,0.25
S2_non_coordinated_descriptor_clustering_n10_cs0p25_seed41_20260611T102925_c2d2e942,descriptor_clustering,0.0,46.0,46,C2,S2,S2_non_coordinated,41,10,0.25
S2_non_coordinated_descriptor_clustering_n10_cs0p25_seed53_20260611T102934_48768301,descriptor_clustering,0.0,32.0,32,C2,S2,S2_non_coordinated,53,10,0.25
S2_non_coordinated_descriptor_clustering_n10_cs0p25_seed67_20260611T102944_553d2122,descriptor_clustering,0.0,20.0,20,C2,S2,S2_non_coordinated,67,10,0.25
S2_non_coordinated_descriptor_clustering_n10_cs0p25_seed71_20260611T102953_367e61d8,descriptor_clustering,0.0,42.0,42,C2,S2,S2_non_coordinated,71,10,0.25
S2_non_coordinated_descriptor_clustering_n10_cs0p25_seed83_20260611T103002_db2b860f,descriptor_clustering,0.0,53.0,53,C2,S2,S2_non_coordinated,83,10,0.25
S2_non_coordinated_descriptor_clustering_n10_cs0p25_seed97_20260611T103012_58ae6529,descriptor_clustering,0.0,30.0,30,C2,S2,S2_non_coordinated,97,10,0.25
S2_non_coordinated_descriptor_clustering_n2_cs0p00_seed101_20260611T103013_17255aa4,descriptor_clustering,0.0,20.0,20,C2,S2,S2_non_coordinated,101,2,0.0
S2_non_coordinated_descriptor_clustering_n2_cs0p00_seed11_20260611T100443_5f558c7a,descriptor_clustering,0.0,10.0,10,C2,S2,S2_non_coordinated,11,2,0.0
S2_non_coordinated_descriptor_clustering_n2_cs0p00_seed11_20260611T102849_be23d037,descriptor_clustering,0.0,10.0,10,C2,S2,S2_non_coordinated,11,2,0.0
S2_non_coordinated_descriptor_clustering_n2_cs0p00_seed23_20260611T102858_ef9a1d39,descriptor_clustering,0.0,0.0,0,C2,S2,S2_non_coordinated,23,2,0.0
S2_non_coordinated_descriptor_clustering_n2_cs0p00_seed37_20260611T102908_64f93547,descriptor_clustering,0.0,20.0,20,C2,S2,S2_non_coordinated,37,2,0.0
S2_non_coordinated_descriptor_clustering_n2_cs0p00_seed41_20260611T102917_73ce886d,descriptor_clustering,0.0,14.0,14,C2,S2,S2_non_coordinated,41,2,0.0
S2_non_coordinated_descriptor_clustering_n2_cs0p00_seed53_20260611T102926_21e79653,descriptor_clustering,0.0,20.0,20,C2,S2,S2_non_coordinated,53,2,0.0
S2_non_coordinated_descriptor_clustering_n2_cs0p00_seed67_20260611T102936_5bc013c1,descriptor_clustering,0.0,15.0,15,C2,S2,S2_non_coordinated,67,2,0.0
S2_non_coordinated_descriptor_clustering_n2_cs0p00_seed71_20260611T102945_659cb397,descriptor_clustering,0.0,17.0,17,C2,S2,S2_non_coordinated,71,2,0.0
S2_non_coordinated_descriptor_clustering_n2_cs0p00_seed83_20260611T102955_b8da46f4,descriptor_clustering,0.0,20.0,20,C2,S2,S2_non_coordinated,83,2,0.0
S2_non_coordinated_descriptor_clustering_n2_cs0p00_seed97_20260611T103004_ae93dc21,descriptor_clustering,0.0,20.0,20,C2,S2,S2_non_coordinated,97,2,0.0
S2_non_coordinated_descriptor_clustering_n2_cs0p25_seed101_20260611T103015_4654b7a3,descriptor_clustering,0.0,20.0,20,C2,S2,S2_non_coordinated,101,2,0.25
S2_non_coordinated_descriptor_clustering_n2_cs0p25_seed11_20260611T100444_3c78da1b,descriptor_clustering,0.0,10.0,10,C2,S2,S2_non_coordinated,11,2,0.25
S2_non_coordinated_descriptor_clustering_n2_cs0p25_seed11_20260611T102851_ea13028f,descriptor_clustering,0.0,10.0,10,C2,S2,S2_non_coordinated,11,2,0.25
S2_non_coordinated_descriptor_clustering_n2_cs0p25_seed23_20260611T102900_6ce1fa6e,descriptor_clustering,0.0,0.0,0,C2,S2,S2_non_coordinated,23,2,0.25
S2_non_coordinated_descriptor_clustering_n2_cs0p25_seed37_20260611T102909_8b9056d4,descriptor_clustering,0.0,20.0,20,C2,S2,S2_non_coordinated,37,2,0.25
S2_non_coordinated_descriptor_clustering_n2_cs0p25_seed41_20260611T102919_9558e5c4,descriptor_clustering,0.0,14.0,14,C2,S2,S2_non_coordinated,41,2,0.25
S2_non_coordinated_descriptor_clustering_n2_cs0p25_seed53_20260611T102928_2acce4fb,descriptor_clustering,0.0,20.0,20,C2,S2,S2_non_coordinated,53,2,0.25
S2_non_coordinated_descriptor_clustering_n2_cs0p25_seed67_20260611T102937_5390b60c,descriptor_clustering,0.0,15.0,15,C2,S2,S2_non_coordinated,67,2,0.25
S2_non_coordinated_descriptor_clustering_n2_cs0p25_seed71_20260611T102947_b55db781,descriptor_clustering,0.0,17.0,17,C2,S2,S2_non_coordinated,71,2,0.25
S2_non_coordinated_descriptor_clustering_n2_cs0p25_seed83_20260611T102956_e476d743,descriptor_clustering,0.0,20.0,20,C2,S2,S2_non_coordinated,83,2,0.25
S2_non_coordinated_descriptor_clustering_n2_cs0p25_seed97_20260611T103006_51d88d21,descriptor_clustering,0.0,20.0,20,C2,S2,S2_non_coordinated,97,2,0.25
S2_non_coordinated_descriptor_clustering_n5_cs0p00_seed101_20260611T103016_778b1ccb,descriptor_clustering,0.0,28.0,28,C2,S2,S2_non_coordinated,101,5,0.0
S2_non_coordinated_descriptor_clustering_n5_cs0p00_seed11_20260611T100446_401e9b73,descriptor_clustering,0.0,10.0,10,C2,S2,S2_non_coordinated,11,5,0.0
S2_non_coordinated_descriptor_clustering_n5_cs0p00_seed11_20260611T102852_1a9c1277,descriptor_clustering,0.0,10.0,10,C2,S2,S2_non_coordinated,11,5,0.0
S2_non_coordinated_descriptor_clustering_n5_cs0p00_seed23_20260611T102902_5bb35a7f,descriptor_clustering,0.0,6.0,6,C2,S2,S2_non_coordinated,23,5,0.0
S2_non_coordinated_descriptor_clustering_n5_cs0p00_seed37_20260611T102911_bab998f2,descriptor_clustering,0.0,10.0,10,C2,S2,S2_non_coordinated,37,5,0.0
S2_non_coordinated_descriptor_clustering_n5_cs0p00_seed41_20260611T102920_5f54e4fd,descriptor_clustering,0.0,21.0,21,C2,S2,S2_non_coordinated,41,5,0.0
S2_non_coordinated_descriptor_clustering_n5_cs0p00_seed53_20260611T102930_ed73e13c,descriptor_clustering,0.0,32.0,32,C2,S2,S2_non_coordinated,53,5,0.0
S2_non_coordinated_descriptor_clustering_n5_cs0p00_seed67_20260611T102939_d2d20382,descriptor_clustering,0.0,12.0,12,C2,S2,S2_non_coordinated,67,5,0.0
S2_non_coordinated_descriptor_clustering_n5_cs0p00_seed71_20260611T102948_cb89d94f,descriptor_clustering,0.0,34.0,34,C2,S2,S2_non_coordinated,71,5,0.0
S2_non_coordinated_descriptor_clustering_n5_cs0p00_seed83_20260611T102958_9b6c02eb,descriptor_clustering,0.0,25.0,25,C2,S2,S2_non_coordinated,83,5,0.0
S2_non_coordinated_descriptor_clustering_n5_cs0p00_seed97_20260611T103007_bc766f6c,descriptor_clustering,0.0,16.0,16,C2,S2,S2_non_coordinated,97,5,0.0
S2_non_coordinated_descriptor_clustering_n5_cs0p25_seed101_20260611T103018_2e581d36,descriptor_clustering,0.0,28.0,28,C2,S2,S2_non_coordinated,101,5,0.25
S2_non_coordinated_descriptor_clustering_n5_cs0p25_seed11_20260611T100447_0269b2e1,descriptor_clustering,0.0,10.0,10,C2,S2,S2_non_coordinated,11,5,0.25
S2_non_coordinated_descriptor_clustering_n5_cs0p25_seed11_20260611T102854_2184243b,descriptor_clustering,0.0,10.0,10,C2,S2,S2_non_coordinated,11,5,0.25
S2_non_coordinated_descriptor_clustering_n5_cs0p25_seed23_20260611T102903_14ad3857,descriptor_clustering,0.0,6.0,6,C2,S2,S2_non_coordinated,23,5,0.25
S2_non_coordinated_descriptor_clustering_n5_cs0p25_seed37_20260611T102912_db2a588c,descriptor_clustering,0.0,10.0,10,C2,S2,S2_non_coordinated,37,5,0.25
S2_non_coordinated_descriptor_clustering_n5_cs0p25_seed41_20260611T102922_d0acbafe,descriptor_clustering,0.0,21.0,21,C2,S2,S2_non_coordinated,41,5,0.25
S2_non_coordinated_descriptor_clustering_n5_cs0p25_seed53_20260611T102931_36d0d82e,descriptor_clustering,0.0,32.0,32,C2,S2,S2_non_coordinated,53,5,0.25
S2_non_coordinated_descriptor_clustering_n5_cs0p25_seed67_20260611T102941_b7701e09,descriptor_clustering,0.0,12.0,12,C2,S2,S2_non_coordinated,67,5,0.25
S2_non_coordinated_descriptor_clustering_n5_cs0p25_seed71_20260611T102950_e02ca61c,descriptor_clustering,0.0,34.0,34,C2,S2,S2_non_coordinated,71,5,0.25
S2_non_coordinated_descriptor_clustering_n5_cs0p25_seed83_20260611T102959_648ebfd7,descriptor_clustering,0.0,25.0,25,C2,S2,S2_non_coordinated,83,5,0.25
S2_non_coordinated_descriptor_clustering_n5_cs0p25_seed97_20260611T103009_c777fb3f,descriptor_clustering,0.0,16.0,16,C2,S2,S2_non_coordinated,97,5,0.25
S2_non_coordinated_fcgnn_n10_cs0p00_seed101_20260611T103020_e231ccd4,fcgnn,0.0,68.0,68,C3,S2,S2_non_coordinated,101,10,0.0
S2_non_coordinated_fcgnn_n10_cs0p00_seed11_20260611T100450_baa63a0a,fcgnn,0.0,30.0,30,C3,S2,S2_non_coordinated,11,10,0.0
S2_non_coordinated_fcgnn_n10_cs0p00_seed11_20260611T102856_3a12e1ce,fcgnn,0.0,30.0,30,C3,S2,S2_non_coordinated,11,10,0.0
S2_non_coordinated_fcgnn_n10_cs0p00_seed23_20260611T102905_8c7994c7,fcgnn,0.0,39.0,39,C3,S2,S2_non_coordinated,23,10,0.0
S2_non_coordinated_fcgnn_n10_cs0p00_seed37_20260611T102915_babf70fe,fcgnn,0.0,44.0,44,C3,S2,S2_non_coordinated,37,10,0.0
S2_non_coordinated_fcgnn_n10_cs0p00_seed41_20260611T102924_299ac955,fcgnn,0.0,66.0,66,C3,S2,S2_non_coordinated,41,10,0.0
S2_non_coordinated_fcgnn_n10_cs0p00_seed53_20260611T102933_f7aeb624,fcgnn,0.0,46.0,46,C3,S2,S2_non_coordinated,53,10,0.0
S2_non_coordinated_fcgnn_n10_cs0p00_seed67_20260611T102943_ca781315,fcgnn,0.0,39.0,39,C3,S2,S2_non_coordinated,67,10,0.0
S2_non_coordinated_fcgnn_n10_cs0p00_seed71_20260611T102952_8e298d31,fcgnn,0.0,52.0,52,C3,S2,S2_non_coordinated,71,10,0.0
S2_non_coordinated_fcgnn_n10_cs0p00_seed83_20260611T103002_d18e4473,fcgnn,0.0,73.0,73,C3,S2,S2_non_coordinated,83,10,0.0
S2_non_coordinated_fcgnn_n10_cs0p00_seed97_20260611T103011_e4a830b5,fcgnn,0.0,52.0,52,C3,S2,S2_non_coordinated,97,10,0.0
S2_non_coordinated_fcgnn_n10_cs0p25_seed101_20260611T103022_616277fc,fcgnn,0.0,68.0,68,C3,S2,S2_non_coordinated,101,10,0.25
S2_non_coordinated_fcgnn_n10_cs0p25_seed11_20260611T100451_08ed9363,fcgnn,0.0,30.0,30,C3,S2,S2_non_coordinated,11,10,0.25
S2_non_coordinated_fcgnn_n10_cs0p25_seed11_20260611T102858_7607d98f,fcgnn,0.0,30.0,30,C3,S2,S2_non_coordinated,11,10,0.25
S2_non_coordinated_fcgnn_n10_cs0p25_seed23_20260611T102907_f5f9f825,fcgnn,0.0,39.0,39,C3,S2,S2_non_coordinated,23,10,0.25
S2_non_coordinated_fcgnn_n10_cs0p25_seed37_20260611T102916_d93fff6d,fcgnn,0.0,44.0,44,C3,S2,S2_non_coordinated,37,10,0.25
S2_non_coordinated_fcgnn_n10_cs0p25_seed41_20260611T102926_e02e6665,fcgnn,0.0,66.0,66,C3,S2,S2_non_coordinated,41,10,0.25
S2_non_coordinated_fcgnn_n10_cs0p25_seed53_20260611T102935_0e8d6a09,fcgnn,0.0,46.0,46,C3,S2,S2_non_coordinated,53,10,0.25
S2_non_coordinated_fcgnn_n10_cs0p25_seed67_20260611T102945_37c989bc,fcgnn,0.0,39.0,39,C3,S2,S2_non_coordinated,67,10,0.25
S2_non_coordinated_fcgnn_n10_cs0p25_seed71_20260611T102954_ff819d10,fcgnn,0.0,52.0,52,C3,S2,S2_non_coordinated,71,10,0.25
S2_non_coordinated_fcgnn_n10_cs0p25_seed83_20260611T103003_8a09e3b2,fcgnn,0.0,73.0,73,C3,S2,S2_non_coordinated,83,10,0.25
S2_non_coordinated_fcgnn_n10_cs0p25_seed97_20260611T103013_07e5aed6,fcgnn,0.0,52.0,52,C3,S2,S2_non_coordinated,97,10,0.25
S2_non_coordinated_fcgnn_n2_cs0p00_seed101_20260611T103014_3e9cdefe,fcgnn,0.0,20.0,20,C3,S2,S2_non_coordinated,101,2,0.0
S2_non_coordinated_fcgnn_n2_cs0p00_seed11_20260611T100443_17552b29,fcgnn,0.0,7.0,7,C3,S2,S2_non_coordinated,11,2,0.0
S2_non_coordinated_fcgnn_n2_cs0p00_seed11_20260611T102850_8d09005d,fcgnn,0.0,7.0,7,C3,S2,S2_non_coordinated,11,2,0.0
S2_non_coordinated_fcgnn_n2_cs0p00_seed23_20260611T102859_815026fe,fcgnn,0.0,6.0,6,C3,S2,S2_non_coordinated,23,2,0.0
S2_non_coordinated_fcgnn_n2_cs0p00_seed37_20260611T102909_9b2c1d35,fcgnn,0.0,20.0,20,C3,S2,S2_non_coordinated,37,2,0.0
S2_non_coordinated_fcgnn_n2_cs0p00_seed41_20260611T102918_c145630d,fcgnn,0.0,20.0,20,C3,S2,S2_non_coordinated,41,2,0.0
S2_non_coordinated_fcgnn_n2_cs0p00_seed53_20260611T102927_b64c132e,fcgnn,0.0,20.0,20,C3,S2,S2_non_coordinated,53,2,0.0
S2_non_coordinated_fcgnn_n2_cs0p00_seed67_20260611T102937_f7b1a348,fcgnn,0.0,15.0,15,C3,S2,S2_non_coordinated,67,2,0.0
S2_non_coordinated_fcgnn_n2_cs0p00_seed71_20260611T102946_6bc0275f,fcgnn,0.0,17.0,17,C3,S2,S2_non_coordinated,71,2,0.0
S2_non_coordinated_fcgnn_n2_cs0p00_seed83_20260611T102955_0e25a0e8,fcgnn,0.0,20.0,20,C3,S2,S2_non_coordinated,83,2,0.0
S2_non_coordinated_fcgnn_n2_cs0p00_seed97_20260611T103005_002a700f,fcgnn,0.0,18.0,18,C3,S2,S2_non_coordinated,97,2,0.0
S2_non_coordinated_fcgnn_n2_cs0p25_seed101_20260611T103016_b6aa1ef0,fcgnn,0.0,20.0,20,C3,S2,S2_non_coordinated,101,2,0.25
S2_non_coordinated_fcgnn_n2_cs0p25_seed11_20260611T100445_9049e86a,fcgnn,0.0,7.0,7,C3,S2,S2_non_coordinated,11,2,0.25
S2_non_coordinated_fcgnn_n2_cs0p25_seed11_20260611T102852_6f03b2c2,fcgnn,0.0,7.0,7,C3,S2,S2_non_coordinated,11,2,0.25
S2_non_coordinated_fcgnn_n2_cs0p25_seed23_20260611T102901_711e777d,fcgnn,0.0,6.0,6,C3,S2,S2_non_coordinated,23,2,0.25
S2_non_coordinated_fcgnn_n2_cs0p25_seed37_20260611T102910_9b0928de,fcgnn,0.0,20.0,20,C3,S2,S2_non_coordinated,37,2,0.25
S2_non_coordinated_fcgnn_n2_cs0p25_seed41_20260611T102919_246772f9,fcgnn,0.0,20.0,20,C3,S2,S2_non_coordinated,41,2,0.25
S2_non_coordinated_fcgnn_n2_cs0p25_seed53_20260611T102929_43147767,fcgnn,0.0,20.0,20,C3,S2,S2_non_coordinated,53,2,0.25
S2_non_coordinated_fcgnn_n2_cs0p25_seed67_20260611T102938_36ce4233,fcgnn,0.0,15.0,15,C3,S2,S2_non_coordinated,67,2,0.25
S2_non_coordinated_fcgnn_n2_cs0p25_seed71_20260611T102948_a211d59a,fcgnn,0.0,17.0,17,C3,S2,S2_non_coordinated,71,2,0.25
S2_non_coordinated_fcgnn_n2_cs0p25_seed83_20260611T102957_e5985481,fcgnn,0.0,20.0,20,C3,S2,S2_non_coordinated,83,2,0.25
S2_non_coordinated_fcgnn_n2_cs0p25_seed97_20260611T103006_7a6950c8,fcgnn,0.0,18.0,18,C3,S2,S2_non_coordinated,97,2,0.25
S2_non_coordinated_fcgnn_n5_cs0p00_seed101_20260611T103017_c6dbbc2e,fcgnn,0.0,43.0,43,C3,S2,S2_non_coordinated,101,5,0.0
S2_non_coordinated_fcgnn_n5_cs0p00_seed11_20260611T100447_371324ca,fcgnn,0.0,15.0,15,C3,S2,S2_non_coordinated,11,5,0.0
S2_non_coordinated_fcgnn_n5_cs0p00_seed11_20260611T102853_8e6bf713,fcgnn,0.0,15.0,15,C3,S2,S2_non_coordinated,11,5,0.0
S2_non_coordinated_fcgnn_n5_cs0p00_seed23_20260611T102902_95526781,fcgnn,0.0,29.0,29,C3,S2,S2_non_coordinated,23,5,0.0
S2_non_coordinated_fcgnn_n5_cs0p00_seed37_20260611T102912_989c4a9d,fcgnn,0.0,30.0,30,C3,S2,S2_non_coordinated,37,5,0.0
S2_non_coordinated_fcgnn_n5_cs0p00_seed41_20260611T102921_541b3eec,fcgnn,0.0,47.0,47,C3,S2,S2_non_coordinated,41,5,0.0
S2_non_coordinated_fcgnn_n5_cs0p00_seed53_20260611T102930_d005ecc7,fcgnn,0.0,38.0,38,C3,S2,S2_non_coordinated,53,5,0.0
S2_non_coordinated_fcgnn_n5_cs0p00_seed67_20260611T102940_2d82bce8,fcgnn,0.0,19.0,19,C3,S2,S2_non_coordinated,67,5,0.0
S2_non_coordinated_fcgnn_n5_cs0p00_seed71_20260611T102949_fa273c23,fcgnn,0.0,32.0,32,C3,S2,S2_non_coordinated,71,5,0.0
S2_non_coordinated_fcgnn_n5_cs0p00_seed83_20260611T102959_19c18a06,fcgnn,0.0,35.0,35,C3,S2,S2_non_coordinated,83,5,0.0
S2_non_coordinated_fcgnn_n5_cs0p00_seed97_20260611T103008_2ace0921,fcgnn,0.0,19.0,19,C3,S2,S2_non_coordinated,97,5,0.0
S2_non_coordinated_fcgnn_n5_cs0p25_seed101_20260611T103019_e8660cb6,fcgnn,0.0,43.0,43,C3,S2,S2_non_coordinated,101,5,0.25
S2_non_coordinated_fcgnn_n5_cs0p25_seed11_20260611T100448_e765a05a,fcgnn,0.0,15.0,15,C3,S2,S2_non_coordinated,11,5,0.25
S2_non_coordinated_fcgnn_n5_cs0p25_seed11_20260611T102855_aa2cf124,fcgnn,0.0,15.0,15,C3,S2,S2_non_coordinated,11,5,0.25
S2_non_coordinated_fcgnn_n5_cs0p25_seed23_20260611T102904_8b032e76,fcgnn,0.0,29.0,29,C3,S2,S2_non_coordinated,23,5,0.25
S2_non_coordinated_fcgnn_n5_cs0p25_seed37_20260611T102913_5a7f4f9f,fcgnn,0.0,30.0,30,C3,S2,S2_non_coordinated,37,5,0.25
S2_non_coordinated_fcgnn_n5_cs0p25_seed41_20260611T102923_9d63a98b,fcgnn,0.0,47.0,47,C3,S2,S2_non_coordinated,41,5,0.25
S2_non_coordinated_fcgnn_n5_cs0p25_seed53_20260611T102932_be4930d7,fcgnn,0.0,38.0,38,C3,S2,S2_non_coordinated,53,5,0.25
S2_non_coordinated_fcgnn_n5_cs0p25_seed67_20260611T102941_7722e492,fcgnn,0.0,19.0,19,C3,S2,S2_non_coordinated,67,5,0.25
S2_non_coordinated_fcgnn_n5_cs0p25_seed71_20260611T102951_01aa497e,fcgnn,0.0,32.0,32,C3,S2,S2_non_coordinated,71,5,0.25
S2_non_coordinated_fcgnn_n5_cs0p25_seed83_20260611T103000_381df6dc,fcgnn,0.0,35.0,35,C3,S2,S2_non_coordinated,83,5,0.25
S2_non_coordinated_fcgnn_n5_cs0p25_seed97_20260611T103009_52a9b95d,fcgnn,0.0,19.0,19,C3,S2,S2_non_coordinated,97,5,0.25
S2_non_coordinated_local_ids_n10_cs0p00_seed101_20260611T103019_ebc6d310,local_ids,,,0,C1,S2,S2_non_coordinated,101,10,0.0
S2_non_coordinated_local_ids_n10_cs0p00_seed11_20260611T100449_189eb024,local_ids,,,0,C1,S2,S2_non_coordinated,11,10,0.0
S2_non_coordinated_local_ids_n10_cs0p00_seed11_20260611T102855_ef54e73a,local_ids,,,0,C1,S2,S2_non_coordinated,11,10,0.0
S2_non_coordinated_local_ids_n10_cs0p00_seed23_20260611T102904_af03ff38,local_ids,,,0,C1,S2,S2_non_coordinated,23,10,0.0
S2_non_coordinated_local_ids_n10_cs0p00_seed37_20260611T102914_60b9cc0e,local_ids,,,0,C1,S2,S2_non_coordinated,37,10,0.0
S2_non_coordinated_local_ids_n10_cs0p00_seed41_20260611T102923_21006a00,local_ids,,,0,C1,S2,S2_non_coordinated,41,10,0.0
S2_non_coordinated_local_ids_n10_cs0p00_seed53_20260611T102932_a5fd437d,local_ids,,,0,C1,S2,S2_non_coordinated,53,10,0.0
S2_non_coordinated_local_ids_n10_cs0p00_seed67_20260611T102942_e1ba1ac8,local_ids,,,0,C1,S2,S2_non_coordinated,67,10,0.0
S2_non_coordinated_local_ids_n10_cs0p00_seed71_20260611T102951_de959afd,local_ids,,,0,C1,S2,S2_non_coordinated,71,10,0.0
S2_non_coordinated_local_ids_n10_cs0p00_seed83_20260611T103001_4ded8c7b,local_ids,,,0,C1,S2,S2_non_coordinated,83,10,0.0
S2_non_coordinated_local_ids_n10_cs0p00_seed97_20260611T103010_52139248,local_ids,,,0,C1,S2,S2_non_coordinated,97,10,0.0
S2_non_coordinated_local_ids_n10_cs0p25_seed101_20260611T103021_4bc732ab,local_ids,,,0,C1,S2,S2_non_coordinated,101,10,0.25
S2_non_coordinated_local_ids_n10_cs0p25_seed11_20260611T100450_f4e5adc8,local_ids,,,0,C1,S2,S2_non_coordinated,11,10,0.25
S2_non_coordinated_local_ids_n10_cs0p25_seed11_20260611T102857_fa538813,local_ids,,,0,C1,S2,S2_non_coordinated,11,10,0.25
S2_non_coordinated_local_ids_n10_cs0p25_seed23_20260611T102906_f1002ee2,local_ids,,,0,C1,S2,S2_non_coordinated,23,10,0.25
S2_non_coordinated_local_ids_n10_cs0p25_seed37_20260611T102915_0418a4a2,local_ids,,,0,C1,S2,S2_non_coordinated,37,10,0.25
S2_non_coordinated_local_ids_n10_cs0p25_seed41_20260611T102925_5b7e465a,local_ids,,,0,C1,S2,S2_non_coordinated,41,10,0.25
S2_non_coordinated_local_ids_n10_cs0p25_seed53_20260611T102934_1202c2c1,local_ids,,,0,C1,S2,S2_non_coordinated,53,10,0.25
S2_non_coordinated_local_ids_n10_cs0p25_seed67_20260611T102943_e949f37c,local_ids,,,0,C1,S2,S2_non_coordinated,67,10,0.25
S2_non_coordinated_local_ids_n10_cs0p25_seed71_20260611T102953_4c0e61fd,local_ids,,,0,C1,S2,S2_non_coordinated,71,10,0.25
S2_non_coordinated_local_ids_n10_cs0p25_seed83_20260611T103002_2933e424,local_ids,,,0,C1,S2,S2_non_coordinated,83,10,0.25
S2_non_coordinated_local_ids_n10_cs0p25_seed97_20260611T103011_f137bd05,local_ids,,,0,C1,S2,S2_non_coordinated,97,10,0.25
S2_non_coordinated_local_ids_n2_cs0p00_seed101_20260611T103013_f2e52aca,local_ids,,,0,C1,S2,S2_non_coordinated,101,2,0.0
S2_non_coordinated_local_ids_n2_cs0p00_seed11_20260611T100442_8c442004,local_ids,,,0,C1,S2,S2_non_coordinated,11,2,0.0
S2_non_coordinated_local_ids_n2_cs0p00_seed11_20260611T102849_8a801f46,local_ids,,,0,C1,S2,S2_non_coordinated,11,2,0.0
S2_non_coordinated_local_ids_n2_cs0p00_seed23_20260611T102858_01c44a0d,local_ids,,,0,C1,S2,S2_non_coordinated,23,2,0.0
S2_non_coordinated_local_ids_n2_cs0p00_seed37_20260611T102908_c0f2294e,local_ids,,,0,C1,S2,S2_non_coordinated,37,2,0.0
S2_non_coordinated_local_ids_n2_cs0p00_seed41_20260611T102917_14910d26,local_ids,,,0,C1,S2,S2_non_coordinated,41,2,0.0
S2_non_coordinated_local_ids_n2_cs0p00_seed53_20260611T102926_7bdbbefb,local_ids,,,0,C1,S2,S2_non_coordinated,53,2,0.0
S2_non_coordinated_local_ids_n2_cs0p00_seed67_20260611T102936_10e5209d,local_ids,,,0,C1,S2,S2_non_coordinated,67,2,0.0
S2_non_coordinated_local_ids_n2_cs0p00_seed71_20260611T102945_099325e8,local_ids,,,0,C1,S2,S2_non_coordinated,71,2,0.0
S2_non_coordinated_local_ids_n2_cs0p00_seed83_20260611T102954_3b5135b7,local_ids,,,0,C1,S2,S2_non_coordinated,83,2,0.0
S2_non_coordinated_local_ids_n2_cs0p00_seed97_20260611T103004_991cbd3a,local_ids,,,0,C1,S2,S2_non_coordinated,97,2,0.0
S2_non_coordinated_local_ids_n2_cs0p25_seed101_20260611T103015_034d50c5,local_ids,,,0,C1,S2,S2_non_coordinated,101,2,0.25
S2_non_coordinated_local_ids_n2_cs0p25_seed11_20260611T100444_4cf125f5,local_ids,,,0,C1,S2,S2_non_coordinated,11,2,0.25
S2_non_coordinated_local_ids_n2_cs0p25_seed11_20260611T102851_651612f5,local_ids,,,0,C1,S2,S2_non_coordinated,11,2,0.25
S2_non_coordinated_local_ids_n2_cs0p25_seed23_20260611T102900_e6d6a133,local_ids,,,0,C1,S2,S2_non_coordinated,23,2,0.25
S2_non_coordinated_local_ids_n2_cs0p25_seed37_20260611T102909_18bf1f28,local_ids,,,0,C1,S2,S2_non_coordinated,37,2,0.25
S2_non_coordinated_local_ids_n2_cs0p25_seed41_20260611T102918_3b5818a5,local_ids,,,0,C1,S2,S2_non_coordinated,41,2,0.25
S2_non_coordinated_local_ids_n2_cs0p25_seed53_20260611T102928_5ef27a43,local_ids,,,0,C1,S2,S2_non_coordinated,53,2,0.25
S2_non_coordinated_local_ids_n2_cs0p25_seed67_20260611T102937_0e9a7bfe,local_ids,,,0,C1,S2,S2_non_coordinated,67,2,0.25
S2_non_coordinated_local_ids_n2_cs0p25_seed71_20260611T102947_5d98cc28,local_ids,,,0,C1,S2,S2_non_coordinated,71,2,0.25
S2_non_coordinated_local_ids_n2_cs0p25_seed83_20260611T102956_d640d31c,local_ids,,,0,C1,S2,S2_non_coordinated,83,2,0.25
S2_non_coordinated_local_ids_n2_cs0p25_seed97_20260611T103005_4cc0ac3f,local_ids,,,0,C1,S2,S2_non_coordinated,97,2,0.25
S2_non_coordinated_local_ids_n5_cs0p00_seed101_20260611T103016_967ed34c,local_ids,,,0,C1,S2,S2_non_coordinated,101,5,0.0
S2_non_coordinated_local_ids_n5_cs0p00_seed11_20260611T100445_5a63d88b,local_ids,,,0,C1,S2,S2_non_coordinated,11,5,0.0
S2_non_coordinated_local_ids_n5_cs0p00_seed11_20260611T102852_4d777b63,local_ids,,,0,C1,S2,S2_non_coordinated,11,5,0.0
S2_non_coordinated_local_ids_n5_cs0p00_seed23_20260611T102901_c6447974,local_ids,,,0,C1,S2,S2_non_coordinated,23,5,0.0
S2_non_coordinated_local_ids_n5_cs0p00_seed37_20260611T102911_7a997bdc,local_ids,,,0,C1,S2,S2_non_coordinated,37,5,0.0
S2_non_coordinated_local_ids_n5_cs0p00_seed41_20260611T102920_89fca85e,local_ids,,,0,C1,S2,S2_non_coordinated,41,5,0.0
S2_non_coordinated_local_ids_n5_cs0p00_seed53_20260611T102929_2defd566,local_ids,,,0,C1,S2,S2_non_coordinated,53,5,0.0
S2_non_coordinated_local_ids_n5_cs0p00_seed67_20260611T102939_0c9387ae,local_ids,,,0,C1,S2,S2_non_coordinated,67,5,0.0
S2_non_coordinated_local_ids_n5_cs0p00_seed71_20260611T102948_7a104fc1,local_ids,,,0,C1,S2,S2_non_coordinated,71,5,0.0
S2_non_coordinated_local_ids_n5_cs0p00_seed83_20260611T102957_295ee805,local_ids,,,0,C1,S2,S2_non_coordinated,83,5,0.0
S2_non_coordinated_local_ids_n5_cs0p00_seed97_20260611T103007_29cd090b,local_ids,,,0,C1,S2,S2_non_coordinated,97,5,0.0
S2_non_coordinated_local_ids_n5_cs0p25_seed101_20260611T103018_c7df4828,local_ids,,,0,C1,S2,S2_non_coordinated,101,5,0.25
S2_non_coordinated_local_ids_n5_cs0p25_seed11_20260611T100447_acc2cdbc,local_ids,,,0,C1,S2,S2_non_coordinated,11,5,0.25
S2_non_coordinated_local_ids_n5_cs0p25_seed11_20260611T102853_4b8250cd,local_ids,,,0,C1,S2,S2_non_coordinated,11,5,0.25
S2_non_coordinated_local_ids_n5_cs0p25_seed23_20260611T102903_4d0da05a,local_ids,,,0,C1,S2,S2_non_coordinated,23,5,0.25
S2_non_coordinated_local_ids_n5_cs0p25_seed37_20260611T102912_84e3cdf3,local_ids,,,0,C1,S2,S2_non_coordinated,37,5,0.25
S2_non_coordinated_local_ids_n5_cs0p25_seed41_20260611T102921_07fe0cab,local_ids,,,0,C1,S2,S2_non_coordinated,41,5,0.25
S2_non_coordinated_local_ids_n5_cs0p25_seed53_20260611T102931_5fbb88e1,local_ids,,,0,C1,S2,S2_non_coordinated,53,5,0.25
S2_non_coordinated_local_ids_n5_cs0p25_seed67_20260611T102940_dba34a0d,local_ids,,,0,C1,S2,S2_non_coordinated,67,5,0.25
S2_non_coordinated_local_ids_n5_cs0p25_seed71_20260611T102950_6d823062,local_ids,,,0,C1,S2,S2_non_coordinated,71,5,0.25
S2_non_coordinated_local_ids_n5_cs0p25_seed83_20260611T102959_f530fe89,local_ids,,,0,C1,S2,S2_non_coordinated,83,5,0.25
S2_non_coordinated_local_ids_n5_cs0p25_seed97_20260611T103008_3d63e510,local_ids,,,0,C1,S2,S2_non_coordinated,97,5,0.25
S3_strong_campaign_descriptor_clustering_n10_cs0p75_seed101_20260611T103207_eed0ff12,descriptor_clustering,0.0,27.0,27,C2,S3,S3_strong_campaign,101,10,0.75
S3_strong_campaign_descriptor_clustering_n10_cs0p75_seed11_20260611T100459_26531d65,descriptor_clustering,0.0,22.0,22,C2,S3,S3_strong_campaign,11,10,0.75
S3_strong_campaign_descriptor_clustering_n10_cs0p75_seed11_20260611T103030_da64cc3a,descriptor_clustering,0.0,22.0,22,C2,S3,S3_strong_campaign,11,10,0.75
S3_strong_campaign_descriptor_clustering_n10_cs0p75_seed23_20260611T103040_2c597ead,descriptor_clustering,0.0,27.0,27,C2,S3,S3_strong_campaign,23,10,0.75
S3_strong_campaign_descriptor_clustering_n10_cs0p75_seed37_20260611T103051_20797932,descriptor_clustering,0.0,19.0,19,C2,S3,S3_strong_campaign,37,10,0.75
S3_strong_campaign_descriptor_clustering_n10_cs0p75_seed41_20260611T103102_9e085a9b,descriptor_clustering,0.0,23.0,23,C2,S3,S3_strong_campaign,41,10,0.75
S3_strong_campaign_descriptor_clustering_n10_cs0p75_seed53_20260611T103113_59d8069f,descriptor_clustering,0.0,85.0,85,C2,S3,S3_strong_campaign,53,10,0.75
S3_strong_campaign_descriptor_clustering_n10_cs0p75_seed67_20260611T103124_1326ab74,descriptor_clustering,0.0,22.0,22,C2,S3,S3_strong_campaign,67,10,0.75
S3_strong_campaign_descriptor_clustering_n10_cs0p75_seed71_20260611T103134_b8f79b8e,descriptor_clustering,0.0,25.0,25,C2,S3,S3_strong_campaign,71,10,0.75
S3_strong_campaign_descriptor_clustering_n10_cs0p75_seed83_20260611T103145_576f8da6,descriptor_clustering,0.0,25.0,25,C2,S3,S3_strong_campaign,83,10,0.75
S3_strong_campaign_descriptor_clustering_n10_cs0p75_seed97_20260611T103156_c682ec82,descriptor_clustering,0.0,18.0,18,C2,S3,S3_strong_campaign,97,10,0.75
S3_strong_campaign_descriptor_clustering_n10_cs1p00_seed101_20260611T103209_16110740,descriptor_clustering,0.0,3.0,3,C2,S3,S3_strong_campaign,101,10,1.0
S3_strong_campaign_descriptor_clustering_n10_cs1p00_seed11_20260611T100501_aba0e45c,descriptor_clustering,0.0,7.0,7,C2,S3,S3_strong_campaign,11,10,1.0
S3_strong_campaign_descriptor_clustering_n10_cs1p00_seed11_20260611T103031_de154286,descriptor_clustering,0.0,7.0,7,C2,S3,S3_strong_campaign,11,10,1.0
S3_strong_campaign_descriptor_clustering_n10_cs1p00_seed23_20260611T103042_5b81131e,descriptor_clustering,0.0,1.0,1,C2,S3,S3_strong_campaign,23,10,1.0
S3_strong_campaign_descriptor_clustering_n10_cs1p00_seed37_20260611T103053_b62e3fb0,descriptor_clustering,0.0,4.0,4,C2,S3,S3_strong_campaign,37,10,1.0
S3_strong_campaign_descriptor_clustering_n10_cs1p00_seed41_20260611T103104_c0313fbe,descriptor_clustering,0.0,3.0,3,C2,S3,S3_strong_campaign,41,10,1.0
S3_strong_campaign_descriptor_clustering_n10_cs1p00_seed53_20260611T103115_b4455596,descriptor_clustering,0.0,85.0,85,C2,S3,S3_strong_campaign,53,10,1.0
S3_strong_campaign_descriptor_clustering_n10_cs1p00_seed67_20260611T103126_ca173c42,descriptor_clustering,0.0,67.0,67,C2,S3,S3_strong_campaign,67,10,1.0
S3_strong_campaign_descriptor_clustering_n10_cs1p00_seed71_20260611T103136_5d5f8898,descriptor_clustering,0.0,6.0,6,C2,S3,S3_strong_campaign,71,10,1.0
S3_strong_campaign_descriptor_clustering_n10_cs1p00_seed83_20260611T103147_b190c00e,descriptor_clustering,0.0,7.0,7,C2,S3,S3_strong_campaign,83,10,1.0
S3_strong_campaign_descriptor_clustering_n10_cs1p00_seed97_20260611T103158_f475576f,descriptor_clustering,0.0,0.0,0,C2,S3,S3_strong_campaign,97,10,1.0
S3_strong_campaign_descriptor_clustering_n2_cs0p75_seed101_20260611T103200_807d548b,descriptor_clustering,0.0,20.0,20,C2,S3,S3_strong_campaign,101,2,0.75
S3_strong_campaign_descriptor_clustering_n2_cs0p75_seed11_20260611T100452_ceb65df1,descriptor_clustering,0.0,10.0,10,C2,S3,S3_strong_campaign,11,2,0.75
S3_strong_campaign_descriptor_clustering_n2_cs0p75_seed11_20260611T103023_c8625799,descriptor_clustering,0.0,10.0,10,C2,S3,S3_strong_campaign,11,2,0.75
S3_strong_campaign_descriptor_clustering_n2_cs0p75_seed23_20260611T103033_b9307d9e,descriptor_clustering,0.0,0.0,0,C2,S3,S3_strong_campaign,23,2,0.75
S3_strong_campaign_descriptor_clustering_n2_cs0p75_seed37_20260611T103044_675ccfa5,descriptor_clustering,0.0,20.0,20,C2,S3,S3_strong_campaign,37,2,0.75
S3_strong_campaign_descriptor_clustering_n2_cs0p75_seed41_20260611T103055_9cd0686b,descriptor_clustering,0.0,9.0,9,C2,S3,S3_strong_campaign,41,2,0.75
S3_strong_campaign_descriptor_clustering_n2_cs0p75_seed53_20260611T103106_26909d1d,descriptor_clustering,0.0,20.0,20,C2,S3,S3_strong_campaign,53,2,0.75
S3_strong_campaign_descriptor_clustering_n2_cs0p75_seed67_20260611T103117_b04fe86c,descriptor_clustering,0.0,15.0,15,C2,S3,S3_strong_campaign,67,2,0.75
S3_strong_campaign_descriptor_clustering_n2_cs0p75_seed71_20260611T103127_f2ac19d6,descriptor_clustering,0.0,17.0,17,C2,S3,S3_strong_campaign,71,2,0.75
S3_strong_campaign_descriptor_clustering_n2_cs0p75_seed83_20260611T103138_3ef4aea7,descriptor_clustering,0.0,20.0,20,C2,S3,S3_strong_campaign,83,2,0.75
S3_strong_campaign_descriptor_clustering_n2_cs0p75_seed97_20260611T103149_dbdd5261,descriptor_clustering,0.0,20.0,20,C2,S3,S3_strong_campaign,97,2,0.75
S3_strong_campaign_descriptor_clustering_n2_cs1p00_seed101_20260611T103201_3c39a080,descriptor_clustering,0.0,20.0,20,C2,S3,S3_strong_campaign,101,2,1.0
S3_strong_campaign_descriptor_clustering_n2_cs1p00_seed11_20260611T100454_da5b9248,descriptor_clustering,0.0,10.0,10,C2,S3,S3_strong_campaign,11,2,1.0
S3_strong_campaign_descriptor_clustering_n2_cs1p00_seed11_20260611T103024_f090aa1e,descriptor_clustering,0.0,10.0,10,C2,S3,S3_strong_campaign,11,2,1.0
S3_strong_campaign_descriptor_clustering_n2_cs1p00_seed23_20260611T103035_ef3370ba,descriptor_clustering,0.0,0.0,0,C2,S3,S3_strong_campaign,23,2,1.0
S3_strong_campaign_descriptor_clustering_n2_cs1p00_seed37_20260611T103046_3fc07a17,descriptor_clustering,0.0,20.0,20,C2,S3,S3_strong_campaign,37,2,1.0
S3_strong_campaign_descriptor_clustering_n2_cs1p00_seed41_20260611T103057_e45922fd,descriptor_clustering,0.0,0.0,0,C2,S3,S3_strong_campaign,41,2,1.0
S3_strong_campaign_descriptor_clustering_n2_cs1p00_seed53_20260611T103108_4a6a32a8,descriptor_clustering,0.0,20.0,20,C2,S3,S3_strong_campaign,53,2,1.0
S3_strong_campaign_descriptor_clustering_n2_cs1p00_seed67_20260611T103119_afaac37b,descriptor_clustering,0.0,15.0,15,C2,S3,S3_strong_campaign,67,2,1.0
S3_strong_campaign_descriptor_clustering_n2_cs1p00_seed71_20260611T103129_04cd83fb,descriptor_clustering,0.0,1.0,1,C2,S3,S3_strong_campaign,71,2,1.0
S3_strong_campaign_descriptor_clustering_n2_cs1p00_seed83_20260611T103140_152fe9d5,descriptor_clustering,0.0,0.0,0,C2,S3,S3_strong_campaign,83,2,1.0
S3_strong_campaign_descriptor_clustering_n2_cs1p00_seed97_20260611T103150_4a9bd635,descriptor_clustering,0.0,0.0,0,C2,S3,S3_strong_campaign,97,2,1.0
S3_strong_campaign_descriptor_clustering_n5_cs0p75_seed101_20260611T103203_d742ab3c,descriptor_clustering,0.0,29.0,29,C2,S3,S3_strong_campaign,101,5,0.75
S3_strong_campaign_descriptor_clustering_n5_cs0p75_seed11_20260611T100455_a4b47ef8,descriptor_clustering,0.0,40.0,40,C2,S3,S3_strong_campaign,11,5,0.75
S3_strong_campaign_descriptor_clustering_n5_cs0p75_seed11_20260611T103026_63c86cbf,descriptor_clustering,0.0,40.0,40,C2,S3,S3_strong_campaign,11,5,0.75
S3_strong_campaign_descriptor_clustering_n5_cs0p75_seed23_20260611T103037_e3189912,descriptor_clustering,0.0,0.0,0,C2,S3,S3_strong_campaign,23,5,0.75
S3_strong_campaign_descriptor_clustering_n5_cs0p75_seed37_20260611T103048_a96e3152,descriptor_clustering,0.0,6.0,6,C2,S3,S3_strong_campaign,37,5,0.75
S3_strong_campaign_descriptor_clustering_n5_cs0p75_seed41_20260611T103058_12dade4a,descriptor_clustering,0.0,19.0,19,C2,S3,S3_strong_campaign,41,5,0.75
S3_strong_campaign_descriptor_clustering_n5_cs0p75_seed53_20260611T103109_9a3d3127,descriptor_clustering,0.0,46.0,46,C2,S3,S3_strong_campaign,53,5,0.75
S3_strong_campaign_descriptor_clustering_n5_cs0p75_seed67_20260611T103120_b897fbcd,descriptor_clustering,0.0,30.0,30,C2,S3,S3_strong_campaign,67,5,0.75
S3_strong_campaign_descriptor_clustering_n5_cs0p75_seed71_20260611T103131_7d3dcb7f,descriptor_clustering,0.0,24.0,24,C2,S3,S3_strong_campaign,71,5,0.75
S3_strong_campaign_descriptor_clustering_n5_cs0p75_seed83_20260611T103141_97360e21,descriptor_clustering,0.0,11.0,11,C2,S3,S3_strong_campaign,83,5,0.75
S3_strong_campaign_descriptor_clustering_n5_cs0p75_seed97_20260611T103152_ac1b0a18,descriptor_clustering,0.0,23.0,23,C2,S3,S3_strong_campaign,97,5,0.75
S3_strong_campaign_descriptor_clustering_n5_cs1p00_seed101_20260611T103205_503deed5,descriptor_clustering,0.0,44.0,44,C2,S3,S3_strong_campaign,101,5,1.0
S3_strong_campaign_descriptor_clustering_n5_cs1p00_seed11_20260611T100457_6ad7f0e4,descriptor_clustering,0.0,4.0,4,C2,S3,S3_strong_campaign,11,5,1.0
S3_strong_campaign_descriptor_clustering_n5_cs1p00_seed11_20260611T103028_071f18a1,descriptor_clustering,0.0,4.0,4,C2,S3,S3_strong_campaign,11,5,1.0
S3_strong_campaign_descriptor_clustering_n5_cs1p00_seed23_20260611T103039_e3dfff71,descriptor_clustering,0.0,0.0,0,C2,S3,S3_strong_campaign,23,5,1.0
S3_strong_campaign_descriptor_clustering_n5_cs1p00_seed37_20260611T103049_02642243,descriptor_clustering,0.0,0.0,0,C2,S3,S3_strong_campaign,37,5,1.0
S3_strong_campaign_descriptor_clustering_n5_cs1p00_seed41_20260611T103100_aaa3f4ee,descriptor_clustering,0.0,0.0,0,C2,S3,S3_strong_campaign,41,5,1.0
S3_strong_campaign_descriptor_clustering_n5_cs1p00_seed53_20260611T103111_085d8c81,descriptor_clustering,0.0,46.0,46,C2,S3,S3_strong_campaign,53,5,1.0
S3_strong_campaign_descriptor_clustering_n5_cs1p00_seed67_20260611T103122_1c1a57e7,descriptor_clustering,0.0,30.0,30,C2,S3,S3_strong_campaign,67,5,1.0
S3_strong_campaign_descriptor_clustering_n5_cs1p00_seed71_20260611T103132_19450111,descriptor_clustering,0.0,4.0,4,C2,S3,S3_strong_campaign,71,5,1.0
S3_strong_campaign_descriptor_clustering_n5_cs1p00_seed83_20260611T103143_06fc1a8c,descriptor_clustering,0.0,0.0,0,C2,S3,S3_strong_campaign,83,5,1.0
S3_strong_campaign_descriptor_clustering_n5_cs1p00_seed97_20260611T103154_1936c1d8,descriptor_clustering,0.0,0.0,0,C2,S3,S3_strong_campaign,97,5,1.0
S3_strong_campaign_fcgnn_n10_cs0p75_seed101_20260611T103208_aa60a787,fcgnn,0.0,80.0,80,C3,S3,S3_strong_campaign,101,10,0.75
S3_strong_campaign_fcgnn_n10_cs0p75_seed11_20260611T100500_6af6bc16,fcgnn,0.0,66.0,66,C3,S3,S3_strong_campaign,11,10,0.75
S3_strong_campaign_fcgnn_n10_cs0p75_seed11_20260611T103031_cec3a77b,fcgnn,0.0,66.0,66,C3,S3,S3_strong_campaign,11,10,0.75
S3_strong_campaign_fcgnn_n10_cs0p75_seed23_20260611T103041_9169e7e6,fcgnn,0.0,93.0,93,C3,S3,S3_strong_campaign,23,10,0.75
S3_strong_campaign_fcgnn_n10_cs0p75_seed37_20260611T103052_db07927a,fcgnn,0.0,47.0,47,C3,S3,S3_strong_campaign,37,10,0.75
S3_strong_campaign_fcgnn_n10_cs0p75_seed41_20260611T103103_1c0f305c,fcgnn,0.0,62.0,62,C3,S3,S3_strong_campaign,41,10,0.75
S3_strong_campaign_fcgnn_n10_cs0p75_seed53_20260611T103114_afc50626,fcgnn,0.0,85.0,85,C3,S3,S3_strong_campaign,53,10,0.75
S3_strong_campaign_fcgnn_n10_cs0p75_seed67_20260611T103125_88d2cd6d,fcgnn,0.0,43.0,43,C3,S3,S3_strong_campaign,67,10,0.75
S3_strong_campaign_fcgnn_n10_cs0p75_seed71_20260611T103135_da9cf0f3,fcgnn,0.0,57.0,57,C3,S3,S3_strong_campaign,71,10,0.75
S3_strong_campaign_fcgnn_n10_cs0p75_seed83_20260611T103146_0a03aafc,fcgnn,0.0,66.0,66,C3,S3,S3_strong_campaign,83,10,0.75
S3_strong_campaign_fcgnn_n10_cs0p75_seed97_20260611T103157_2d5f31d2,fcgnn,0.0,100.0,100,C3,S3,S3_strong_campaign,97,10,0.75
S3_strong_campaign_fcgnn_n10_cs1p00_seed101_20260611T103210_681fe31c,fcgnn,0.0,8.0,8,C3,S3,S3_strong_campaign,101,10,1.0
S3_strong_campaign_fcgnn_n10_cs1p00_seed11_20260611T100502_df6fd39e,fcgnn,0.0,20.0,20,C3,S3,S3_strong_campaign,11,10,1.0
S3_strong_campaign_fcgnn_n10_cs1p00_seed11_20260611T103032_3039589a,fcgnn,0.0,20.0,20,C3,S3,S3_strong_campaign,11,10,1.0
S3_strong_campaign_fcgnn_n10_cs1p00_seed23_20260611T103043_1fe2f75b,fcgnn,0.0,12.0,12,C3,S3,S3_strong_campaign,23,10,1.0
S3_strong_campaign_fcgnn_n10_cs1p00_seed37_20260611T103054_7483a149,fcgnn,0.0,5.0,5,C3,S3,S3_strong_campaign,37,10,1.0
S3_strong_campaign_fcgnn_n10_cs1p00_seed41_20260611T103105_ca680d70,fcgnn,0.0,10.0,10,C3,S3,S3_strong_campaign,41,10,1.0
S3_strong_campaign_fcgnn_n10_cs1p00_seed53_20260611T103116_e0f86f19,fcgnn,0.0,15.0,15,C3,S3,S3_strong_campaign,53,10,1.0
S3_strong_campaign_fcgnn_n10_cs1p00_seed67_20260611T103126_3300d190,fcgnn,0.0,11.0,11,C3,S3,S3_strong_campaign,67,10,1.0
S3_strong_campaign_fcgnn_n10_cs1p00_seed71_20260611T103137_bff0b0ad,fcgnn,0.0,9.0,9,C3,S3,S3_strong_campaign,71,10,1.0
S3_strong_campaign_fcgnn_n10_cs1p00_seed83_20260611T103148_cdbab451,fcgnn,0.0,16.0,16,C3,S3,S3_strong_campaign,83,10,1.0
S3_strong_campaign_fcgnn_n10_cs1p00_seed97_20260611T103159_cf385339,fcgnn,0.0,3.0,3,C3,S3,S3_strong_campaign,97,10,1.0
S3_strong_campaign_fcgnn_n2_cs0p75_seed101_20260611T103201_18026ab0,fcgnn,0.0,20.0,20,C3,S3,S3_strong_campaign,101,2,0.75
S3_strong_campaign_fcgnn_n2_cs0p75_seed11_20260611T100453_9a1d8767,fcgnn,0.0,8.0,8,C3,S3,S3_strong_campaign,11,2,0.75
S3_strong_campaign_fcgnn_n2_cs0p75_seed11_20260611T103024_d4a545b6,fcgnn,0.0,8.0,8,C3,S3,S3_strong_campaign,11,2,0.75
S3_strong_campaign_fcgnn_n2_cs0p75_seed23_20260611T103034_a285b551,fcgnn,0.0,4.0,4,C3,S3,S3_strong_campaign,23,2,0.75
S3_strong_campaign_fcgnn_n2_cs0p75_seed37_20260611T103045_23f20928,fcgnn,0.0,3.0,3,C3,S3,S3_strong_campaign,37,2,0.75
S3_strong_campaign_fcgnn_n2_cs0p75_seed41_20260611T103056_d881aa4b,fcgnn,0.0,20.0,20,C3,S3,S3_strong_campaign,41,2,0.75
S3_strong_campaign_fcgnn_n2_cs0p75_seed53_20260611T103107_4ada1ad5,fcgnn,0.0,20.0,20,C3,S3,S3_strong_campaign,53,2,0.75
S3_strong_campaign_fcgnn_n2_cs0p75_seed67_20260611T103118_d2c436d0,fcgnn,0.0,15.0,15,C3,S3,S3_strong_campaign,67,2,0.75
S3_strong_campaign_fcgnn_n2_cs0p75_seed71_20260611T103128_cbb7c462,fcgnn,0.0,17.0,17,C3,S3,S3_strong_campaign,71,2,0.75
S3_strong_campaign_fcgnn_n2_cs0p75_seed83_20260611T103139_69a74864,fcgnn,0.0,20.0,20,C3,S3,S3_strong_campaign,83,2,0.75
S3_strong_campaign_fcgnn_n2_cs0p75_seed97_20260611T103150_d33e74b1,fcgnn,0.0,20.0,20,C3,S3,S3_strong_campaign,97,2,0.75
S3_strong_campaign_fcgnn_n2_cs1p00_seed101_20260611T103202_2b530b78,fcgnn,0.0,3.0,3,C3,S3,S3_strong_campaign,101,2,1.0
S3_strong_campaign_fcgnn_n2_cs1p00_seed11_20260611T100454_c07ce04e,fcgnn,0.0,10.0,10,C3,S3,S3_strong_campaign,11,2,1.0
S3_strong_campaign_fcgnn_n2_cs1p00_seed11_20260611T103025_b371f0aa,fcgnn,0.0,10.0,10,C3,S3,S3_strong_campaign,11,2,1.0
S3_strong_campaign_fcgnn_n2_cs1p00_seed23_20260611T103036_9ac57e58,fcgnn,0.0,3.0,3,C3,S3,S3_strong_campaign,23,2,1.0
S3_strong_campaign_fcgnn_n2_cs1p00_seed37_20260611T103047_671ba1f5,fcgnn,0.0,3.0,3,C3,S3,S3_strong_campaign,37,2,1.0
S3_strong_campaign_fcgnn_n2_cs1p00_seed41_20260611T103058_609b87c1,fcgnn,0.0,3.0,3,C3,S3,S3_strong_campaign,41,2,1.0
S3_strong_campaign_fcgnn_n2_cs1p00_seed53_20260611T103109_4317a917,fcgnn,0.0,3.0,3,C3,S3,S3_strong_campaign,53,2,1.0
S3_strong_campaign_fcgnn_n2_cs1p00_seed67_20260611T103119_3de76dc7,fcgnn,0.0,3.0,3,C3,S3,S3_strong_campaign,67,2,1.0
S3_strong_campaign_fcgnn_n2_cs1p00_seed71_20260611T103130_fc2a531e,fcgnn,0.0,3.0,3,C3,S3,S3_strong_campaign,71,2,1.0
S3_strong_campaign_fcgnn_n2_cs1p00_seed83_20260611T103140_eafd0515,fcgnn,0.0,4.0,4,C3,S3,S3_strong_campaign,83,2,1.0
S3_strong_campaign_fcgnn_n2_cs1p00_seed97_20260611T103151_7cc04bd3,fcgnn,0.0,3.0,3,C3,S3,S3_strong_campaign,97,2,1.0
S3_strong_campaign_fcgnn_n5_cs0p75_seed101_20260611T103204_d2842cc4,fcgnn,0.0,44.0,44,C3,S3,S3_strong_campaign,101,5,0.75
S3_strong_campaign_fcgnn_n5_cs0p75_seed11_20260611T100456_f26b644f,fcgnn,0.0,30.0,30,C3,S3,S3_strong_campaign,11,5,0.75
S3_strong_campaign_fcgnn_n5_cs0p75_seed11_20260611T103027_e30402e9,fcgnn,0.0,30.0,30,C3,S3,S3_strong_campaign,11,5,0.75
S3_strong_campaign_fcgnn_n5_cs0p75_seed23_20260611T103038_80e31633,fcgnn,0.0,13.0,13,C3,S3,S3_strong_campaign,23,5,0.75
S3_strong_campaign_fcgnn_n5_cs0p75_seed37_20260611T103048_b3d16464,fcgnn,0.0,16.0,16,C3,S3,S3_strong_campaign,37,5,0.75
S3_strong_campaign_fcgnn_n5_cs0p75_seed41_20260611T103059_76dabe05,fcgnn,0.0,25.0,25,C3,S3,S3_strong_campaign,41,5,0.75
S3_strong_campaign_fcgnn_n5_cs0p75_seed53_20260611T103110_fd7809ac,fcgnn,0.0,46.0,46,C3,S3,S3_strong_campaign,53,5,0.75
S3_strong_campaign_fcgnn_n5_cs0p75_seed67_20260611T103121_69fe6fe6,fcgnn,0.0,30.0,30,C3,S3,S3_strong_campaign,67,5,0.75
S3_strong_campaign_fcgnn_n5_cs0p75_seed71_20260611T103132_8fe84901,fcgnn,0.0,34.0,34,C3,S3,S3_strong_campaign,71,5,0.75
S3_strong_campaign_fcgnn_n5_cs0p75_seed83_20260611T103142_dbe95876,fcgnn,0.0,49.0,49,C3,S3,S3_strong_campaign,83,5,0.75
S3_strong_campaign_fcgnn_n5_cs0p75_seed97_20260611T103153_7977ce59,fcgnn,0.0,29.0,29,C3,S3,S3_strong_campaign,97,5,0.75
S3_strong_campaign_fcgnn_n5_cs1p00_seed101_20260611T103206_d6a3556e,fcgnn,0.0,6.0,6,C3,S3,S3_strong_campaign,101,5,1.0
S3_strong_campaign_fcgnn_n5_cs1p00_seed11_20260611T100458_f92266a1,fcgnn,0.0,8.0,8,C3,S3,S3_strong_campaign,11,5,1.0
S3_strong_campaign_fcgnn_n5_cs1p00_seed11_20260611T103029_04bb7e35,fcgnn,0.0,8.0,8,C3,S3,S3_strong_campaign,11,5,1.0
S3_strong_campaign_fcgnn_n5_cs1p00_seed23_20260611T103039_ea848847,fcgnn,0.0,9.0,9,C3,S3,S3_strong_campaign,23,5,1.0
S3_strong_campaign_fcgnn_n5_cs1p00_seed37_20260611T103050_bbdeaef0,fcgnn,0.0,9.0,9,C3,S3,S3_strong_campaign,37,5,1.0
S3_strong_campaign_fcgnn_n5_cs1p00_seed41_20260611T103101_113a87f9,fcgnn,0.0,6.0,6,C3,S3,S3_strong_campaign,41,5,1.0
S3_strong_campaign_fcgnn_n5_cs1p00_seed53_20260611T103112_c2f5ea54,fcgnn,0.0,6.0,6,C3,S3,S3_strong_campaign,53,5,1.0
S3_strong_campaign_fcgnn_n5_cs1p00_seed67_20260611T103123_2c1246b4,fcgnn,0.0,6.0,6,C3,S3,S3_strong_campaign,67,5,1.0
S3_strong_campaign_fcgnn_n5_cs1p00_seed71_20260611T103133_37ef4ac1,fcgnn,0.0,6.0,6,C3,S3,S3_strong_campaign,71,5,1.0
S3_strong_campaign_fcgnn_n5_cs1p00_seed83_20260611T103144_9f0d711e,fcgnn,0.0,9.0,9,C3,S3,S3_strong_campaign,83,5,1.0
S3_strong_campaign_fcgnn_n5_cs1p00_seed97_20260611T103155_5d2fd06b,fcgnn,0.0,3.0,3,C3,S3,S3_strong_campaign,97,5,1.0
S3_strong_campaign_local_ids_n10_cs0p75_seed101_20260611T103206_95b934e1,local_ids,,,0,C1,S3,S3_strong_campaign,101,10,0.75
S3_strong_campaign_local_ids_n10_cs0p75_seed11_20260611T100458_5183553b,local_ids,,,0,C1,S3,S3_strong_campaign,11,10,0.75
S3_strong_campaign_local_ids_n10_cs0p75_seed11_20260611T103029_4d3f975c,local_ids,,,0,C1,S3,S3_strong_campaign,11,10,0.75
S3_strong_campaign_local_ids_n10_cs0p75_seed23_20260611T103040_101f6e07,local_ids,,,0,C1,S3,S3_strong_campaign,23,10,0.75
S3_strong_campaign_local_ids_n10_cs0p75_seed37_20260611T103051_7486ff9d,local_ids,,,0,C1,S3,S3_strong_campaign,37,10,0.75
S3_strong_campaign_local_ids_n10_cs0p75_seed41_20260611T103102_c321dfba,local_ids,,,0,C1,S3,S3_strong_campaign,41,10,0.75
S3_strong_campaign_local_ids_n10_cs0p75_seed53_20260611T103113_290c46f6,local_ids,,,0,C1,S3,S3_strong_campaign,53,10,0.75
S3_strong_campaign_local_ids_n10_cs0p75_seed67_20260611T103123_a763c3da,local_ids,,,0,C1,S3,S3_strong_campaign,67,10,0.75
S3_strong_campaign_local_ids_n10_cs0p75_seed71_20260611T103134_1de88492,local_ids,,,0,C1,S3,S3_strong_campaign,71,10,0.75
S3_strong_campaign_local_ids_n10_cs0p75_seed83_20260611T103144_f47d5020,local_ids,,,0,C1,S3,S3_strong_campaign,83,10,0.75
S3_strong_campaign_local_ids_n10_cs0p75_seed97_20260611T103155_d47ee605,local_ids,,,0,C1,S3,S3_strong_campaign,97,10,0.75
S3_strong_campaign_local_ids_n10_cs1p00_seed101_20260611T103208_89efea63,local_ids,,,0,C1,S3,S3_strong_campaign,101,10,1.0
S3_strong_campaign_local_ids_n10_cs1p00_seed11_20260611T100500_2ef93130,local_ids,,,0,C1,S3,S3_strong_campaign,11,10,1.0
S3_strong_campaign_local_ids_n10_cs1p00_seed11_20260611T103031_76df1151,local_ids,,,0,C1,S3,S3_strong_campaign,11,10,1.0
S3_strong_campaign_local_ids_n10_cs1p00_seed23_20260611T103042_a9287525,local_ids,,,0,C1,S3,S3_strong_campaign,23,10,1.0
S3_strong_campaign_local_ids_n10_cs1p00_seed37_20260611T103053_6e26d97f,local_ids,,,0,C1,S3,S3_strong_campaign,37,10,1.0
S3_strong_campaign_local_ids_n10_cs1p00_seed41_20260611T103104_8b9907cc,local_ids,,,0,C1,S3,S3_strong_campaign,41,10,1.0
S3_strong_campaign_local_ids_n10_cs1p00_seed53_20260611T103115_10d78854,local_ids,,,0,C1,S3,S3_strong_campaign,53,10,1.0
S3_strong_campaign_local_ids_n10_cs1p00_seed67_20260611T103125_2f63449f,local_ids,,,0,C1,S3,S3_strong_campaign,67,10,1.0
S3_strong_campaign_local_ids_n10_cs1p00_seed71_20260611T103136_8f812f11,local_ids,,,0,C1,S3,S3_strong_campaign,71,10,1.0
S3_strong_campaign_local_ids_n10_cs1p00_seed83_20260611T103146_7ec3a041,local_ids,,,0,C1,S3,S3_strong_campaign,83,10,1.0
S3_strong_campaign_local_ids_n10_cs1p00_seed97_20260611T103157_5f450ed1,local_ids,,,0,C1,S3,S3_strong_campaign,97,10,1.0
S3_strong_campaign_local_ids_n2_cs0p75_seed101_20260611T103159_6e5480d6,local_ids,,,0,C1,S3,S3_strong_campaign,101,2,0.75
S3_strong_campaign_local_ids_n2_cs0p75_seed11_20260611T100452_576425e2,local_ids,,,0,C1,S3,S3_strong_campaign,11,2,0.75
S3_strong_campaign_local_ids_n2_cs0p75_seed11_20260611T103022_0ffb2d93,local_ids,,,0,C1,S3,S3_strong_campaign,11,2,0.75
S3_strong_campaign_local_ids_n2_cs0p75_seed23_20260611T103033_a0094305,local_ids,,,0,C1,S3,S3_strong_campaign,23,2,0.75
S3_strong_campaign_local_ids_n2_cs0p75_seed37_20260611T103044_5392bd73,local_ids,,,0,C1,S3,S3_strong_campaign,37,2,0.75
S3_strong_campaign_local_ids_n2_cs0p75_seed41_20260611T103055_7b74d65e,local_ids,,,0,C1,S3,S3_strong_campaign,41,2,0.75
S3_strong_campaign_local_ids_n2_cs0p75_seed53_20260611T103106_a4cde656,local_ids,,,0,C1,S3,S3_strong_campaign,53,2,0.75
S3_strong_campaign_local_ids_n2_cs0p75_seed67_20260611T103117_8b854482,local_ids,,,0,C1,S3,S3_strong_campaign,67,2,0.75
S3_strong_campaign_local_ids_n2_cs0p75_seed71_20260611T103127_41cc307a,local_ids,,,0,C1,S3,S3_strong_campaign,71,2,0.75
S3_strong_campaign_local_ids_n2_cs0p75_seed83_20260611T103138_3ec1342e,local_ids,,,0,C1,S3,S3_strong_campaign,83,2,0.75
S3_strong_campaign_local_ids_n2_cs0p75_seed97_20260611T103148_139611aa,local_ids,,,0,C1,S3,S3_strong_campaign,97,2,0.75
S3_strong_campaign_local_ids_n2_cs1p00_seed101_20260611T103201_1f8d6354,local_ids,,,0,C1,S3,S3_strong_campaign,101,2,1.0
S3_strong_campaign_local_ids_n2_cs1p00_seed11_20260611T100453_eed80fa6,local_ids,,,0,C1,S3,S3_strong_campaign,11,2,1.0
S3_strong_campaign_local_ids_n2_cs1p00_seed11_20260611T103024_a7a6b72b,local_ids,,,0,C1,S3,S3_strong_campaign,11,2,1.0
S3_strong_campaign_local_ids_n2_cs1p00_seed23_20260611T103035_49d36689,local_ids,,,0,C1,S3,S3_strong_campaign,23,2,1.0
S3_strong_campaign_local_ids_n2_cs1p00_seed37_20260611T103046_da928507,local_ids,,,0,C1,S3,S3_strong_campaign,37,2,1.0
S3_strong_campaign_local_ids_n2_cs1p00_seed41_20260611T103056_20a8d8fa,local_ids,,,0,C1,S3,S3_strong_campaign,41,2,1.0
S3_strong_campaign_local_ids_n2_cs1p00_seed53_20260611T103107_bda270a9,local_ids,,,0,C1,S3,S3_strong_campaign,53,2,1.0
S3_strong_campaign_local_ids_n2_cs1p00_seed67_20260611T103118_081fa0aa,local_ids,,,0,C1,S3,S3_strong_campaign,67,2,1.0
S3_strong_campaign_local_ids_n2_cs1p00_seed71_20260611T103129_5c89f2bb,local_ids,,,0,C1,S3,S3_strong_campaign,71,2,1.0
S3_strong_campaign_local_ids_n2_cs1p00_seed83_20260611T103139_f69f6e3f,local_ids,,,0,C1,S3,S3_strong_campaign,83,2,1.0
S3_strong_campaign_local_ids_n2_cs1p00_seed97_20260611T103150_f0f55ca1,local_ids,,,0,C1,S3,S3_strong_campaign,97,2,1.0
S3_strong_campaign_local_ids_n5_cs0p75_seed101_20260611T103203_7fdfee59,local_ids,,,0,C1,S3,S3_strong_campaign,101,5,0.75
S3_strong_campaign_local_ids_n5_cs0p75_seed11_20260611T100455_622de475,local_ids,,,0,C1,S3,S3_strong_campaign,11,5,0.75
S3_strong_campaign_local_ids_n5_cs0p75_seed11_20260611T103026_f18b27bb,local_ids,,,0,C1,S3,S3_strong_campaign,11,5,0.75
S3_strong_campaign_local_ids_n5_cs0p75_seed23_20260611T103036_1672fb00,local_ids,,,0,C1,S3,S3_strong_campaign,23,5,0.75
S3_strong_campaign_local_ids_n5_cs0p75_seed37_20260611T103047_e7a6f641,local_ids,,,0,C1,S3,S3_strong_campaign,37,5,0.75
S3_strong_campaign_local_ids_n5_cs0p75_seed41_20260611T103058_753c0ca2,local_ids,,,0,C1,S3,S3_strong_campaign,41,5,0.75
S3_strong_campaign_local_ids_n5_cs0p75_seed53_20260611T103109_6479746d,local_ids,,,0,C1,S3,S3_strong_campaign,53,5,0.75
S3_strong_campaign_local_ids_n5_cs0p75_seed67_20260611T103120_2a306f65,local_ids,,,0,C1,S3,S3_strong_campaign,67,5,0.75
S3_strong_campaign_local_ids_n5_cs0p75_seed71_20260611T103130_c690f67e,local_ids,,,0,C1,S3,S3_strong_campaign,71,5,0.75
S3_strong_campaign_local_ids_n5_cs0p75_seed83_20260611T103141_b4625de9,local_ids,,,0,C1,S3,S3_strong_campaign,83,5,0.75
S3_strong_campaign_local_ids_n5_cs0p75_seed97_20260611T103152_75a03e32,local_ids,,,0,C1,S3,S3_strong_campaign,97,5,0.75
S3_strong_campaign_local_ids_n5_cs1p00_seed101_20260611T103204_54a51413,local_ids,,,0,C1,S3,S3_strong_campaign,101,5,1.0
S3_strong_campaign_local_ids_n5_cs1p00_seed11_20260611T100457_01c4120f,local_ids,,,0,C1,S3,S3_strong_campaign,11,5,1.0
S3_strong_campaign_local_ids_n5_cs1p00_seed11_20260611T103027_bddcf253,local_ids,,,0,C1,S3,S3_strong_campaign,11,5,1.0
S3_strong_campaign_local_ids_n5_cs1p00_seed23_20260611T103038_95660319,local_ids,,,0,C1,S3,S3_strong_campaign,23,5,1.0
S3_strong_campaign_local_ids_n5_cs1p00_seed37_20260611T103049_4003f2c9,local_ids,,,0,C1,S3,S3_strong_campaign,37,5,1.0
S3_strong_campaign_local_ids_n5_cs1p00_seed41_20260611T103100_22443e27,local_ids,,,0,C1,S3,S3_strong_campaign,41,5,1.0
S3_strong_campaign_local_ids_n5_cs1p00_seed53_20260611T103111_ddbfce62,local_ids,,,0,C1,S3,S3_strong_campaign,53,5,1.0
S3_strong_campaign_local_ids_n5_cs1p00_seed67_20260611T103122_480ce542,local_ids,,,0,C1,S3,S3_strong_campaign,67,5,1.0
S3_strong_campaign_local_ids_n5_cs1p00_seed71_20260611T103132_5a07dfbc,local_ids,,,0,C1,S3,S3_strong_campaign,71,5,1.0
S3_strong_campaign_local_ids_n5_cs1p00_seed83_20260611T103143_a477da11,local_ids,,,0,C1,S3,S3_strong_campaign,83,5,1.0
S3_strong_campaign_local_ids_n5_cs1p00_seed97_20260611T103153_a7a8782e,local_ids,,,0,C1,S3,S3_strong_campaign,97,5,1.0
S4_weak_campaign_descriptor_clustering_n10_cs0p75_seed101_20260611T103354_a86abbc9,descriptor_clustering,0.0,29.0,29,C2,S4,S4_weak_campaign,101,10,0.75
S4_weak_campaign_descriptor_clustering_n10_cs0p75_seed11_20260611T100509_6843f351,descriptor_clustering,0.0,70.0,70,C2,S4,S4_weak_campaign,11,10,0.75
S4_weak_campaign_descriptor_clustering_n10_cs0p75_seed11_20260611T103217_2a9e9425,descriptor_clustering,0.0,70.0,70,C2,S4,S4_weak_campaign,11,10,0.75
S4_weak_campaign_descriptor_clustering_n10_cs0p75_seed23_20260611T103228_bbcc70f8,descriptor_clustering,0.0,16.0,16,C2,S4,S4_weak_campaign,23,10,0.75
S4_weak_campaign_descriptor_clustering_n10_cs0p75_seed37_20260611T103239_4c21fe31,descriptor_clustering,0.0,33.0,33,C2,S4,S4_weak_campaign,37,10,0.75
S4_weak_campaign_descriptor_clustering_n10_cs0p75_seed41_20260611T103250_789a20cd,descriptor_clustering,0.0,57.0,57,C2,S4,S4_weak_campaign,41,10,0.75
S4_weak_campaign_descriptor_clustering_n10_cs0p75_seed53_20260611T103301_6b4aadbb,descriptor_clustering,0.0,24.0,24,C2,S4,S4_weak_campaign,53,10,0.75
S4_weak_campaign_descriptor_clustering_n10_cs0p75_seed67_20260611T103311_e07b837b,descriptor_clustering,0.0,32.0,32,C2,S4,S4_weak_campaign,67,10,0.75
S4_weak_campaign_descriptor_clustering_n10_cs0p75_seed71_20260611T103322_fb7069a2,descriptor_clustering,0.0,57.0,57,C2,S4,S4_weak_campaign,71,10,0.75
S4_weak_campaign_descriptor_clustering_n10_cs0p75_seed83_20260611T103333_0625d4b3,descriptor_clustering,0.0,58.0,58,C2,S4,S4_weak_campaign,83,10,0.75
S4_weak_campaign_descriptor_clustering_n10_cs0p75_seed97_20260611T103343_c0aba997,descriptor_clustering,0.0,21.0,21,C2,S4,S4_weak_campaign,97,10,0.75
S4_weak_campaign_descriptor_clustering_n10_cs1p00_seed101_20260611T103356_3e6566c2,descriptor_clustering,0.0,84.0,84,C2,S4,S4_weak_campaign,101,10,1.0
S4_weak_campaign_descriptor_clustering_n10_cs1p00_seed11_20260611T100511_86a91b40,descriptor_clustering,0.0,0.0,0,C2,S4,S4_weak_campaign,11,10,1.0
S4_weak_campaign_descriptor_clustering_n10_cs1p00_seed11_20260611T103219_c0a68acb,descriptor_clustering,0.0,0.0,0,C2,S4,S4_weak_campaign,11,10,1.0
S4_weak_campaign_descriptor_clustering_n10_cs1p00_seed23_20260611T103230_e0a84f7b,descriptor_clustering,0.0,7.0,7,C2,S4,S4_weak_campaign,23,10,1.0
S4_weak_campaign_descriptor_clustering_n10_cs1p00_seed37_20260611T103241_645c14b2,descriptor_clustering,0.0,9.0,9,C2,S4,S4_weak_campaign,37,10,1.0
S4_weak_campaign_descriptor_clustering_n10_cs1p00_seed41_20260611T103252_09a6bbe7,descriptor_clustering,0.0,83.0,83,C2,S4,S4_weak_campaign,41,10,1.0
S4_weak_campaign_descriptor_clustering_n10_cs1p00_seed53_20260611T103303_0d256d09,descriptor_clustering,0.0,1.0,1,C2,S4,S4_weak_campaign,53,10,1.0
S4_weak_campaign_descriptor_clustering_n10_cs1p00_seed67_20260611T103313_2c70835b,descriptor_clustering,0.0,70.0,70,C2,S4,S4_weak_campaign,67,10,1.0
S4_weak_campaign_descriptor_clustering_n10_cs1p00_seed71_20260611T103324_28ecd8aa,descriptor_clustering,0.0,73.0,73,C2,S4,S4_weak_campaign,71,10,1.0
S4_weak_campaign_descriptor_clustering_n10_cs1p00_seed83_20260611T103334_b299e726,descriptor_clustering,0.0,1.0,1,C2,S4,S4_weak_campaign,83,10,1.0
S4_weak_campaign_descriptor_clustering_n10_cs1p00_seed97_20260611T103345_824fb2b0,descriptor_clustering,0.0,0.0,0,C2,S4,S4_weak_campaign,97,10,1.0
S4_weak_campaign_descriptor_clustering_n2_cs0p75_seed101_20260611T103347_83c227fb,descriptor_clustering,0.0,20.0,20,C2,S4,S4_weak_campaign,101,2,0.75
S4_weak_campaign_descriptor_clustering_n2_cs0p75_seed11_20260611T100503_4b3c0f92,descriptor_clustering,0.0,10.0,10,C2,S4,S4_weak_campaign,11,2,0.75
S4_weak_campaign_descriptor_clustering_n2_cs0p75_seed11_20260611T103211_f27e0e93,descriptor_clustering,0.0,10.0,10,C2,S4,S4_weak_campaign,11,2,0.75
S4_weak_campaign_descriptor_clustering_n2_cs0p75_seed23_20260611T103221_42a2d440,descriptor_clustering,0.0,0.0,0,C2,S4,S4_weak_campaign,23,2,0.75
S4_weak_campaign_descriptor_clustering_n2_cs0p75_seed37_20260611T103232_9e0484b9,descriptor_clustering,0.0,20.0,20,C2,S4,S4_weak_campaign,37,2,0.75
S4_weak_campaign_descriptor_clustering_n2_cs0p75_seed41_20260611T103243_f1da7641,descriptor_clustering,0.0,20.0,20,C2,S4,S4_weak_campaign,41,2,0.75
S4_weak_campaign_descriptor_clustering_n2_cs0p75_seed53_20260611T103254_a0a9c5a0,descriptor_clustering,0.0,20.0,20,C2,S4,S4_weak_campaign,53,2,0.75
S4_weak_campaign_descriptor_clustering_n2_cs0p75_seed67_20260611T103304_a258f079,descriptor_clustering,0.0,15.0,15,C2,S4,S4_weak_campaign,67,2,0.75
S4_weak_campaign_descriptor_clustering_n2_cs0p75_seed71_20260611T103315_00e9b62e,descriptor_clustering,0.0,13.0,13,C2,S4,S4_weak_campaign,71,2,0.75
S4_weak_campaign_descriptor_clustering_n2_cs0p75_seed83_20260611T103326_08187715,descriptor_clustering,0.0,20.0,20,C2,S4,S4_weak_campaign,83,2,0.75
S4_weak_campaign_descriptor_clustering_n2_cs0p75_seed97_20260611T103336_2cb2b63e,descriptor_clustering,0.0,20.0,20,C2,S4,S4_weak_campaign,97,2,0.75
S4_weak_campaign_descriptor_clustering_n2_cs1p00_seed101_20260611T103349_82ad43fe,descriptor_clustering,0.0,20.0,20,C2,S4,S4_weak_campaign,101,2,1.0
S4_weak_campaign_descriptor_clustering_n2_cs1p00_seed11_20260611T100504_94a92f48,descriptor_clustering,0.0,10.0,10,C2,S4,S4_weak_campaign,11,2,1.0
S4_weak_campaign_descriptor_clustering_n2_cs1p00_seed11_20260611T103212_c80a7b44,descriptor_clustering,0.0,10.0,10,C2,S4,S4_weak_campaign,11,2,1.0
S4_weak_campaign_descriptor_clustering_n2_cs1p00_seed23_20260611T103223_35dc8f90,descriptor_clustering,0.0,0.0,0,C2,S4,S4_weak_campaign,23,2,1.0
S4_weak_campaign_descriptor_clustering_n2_cs1p00_seed37_20260611T103234_e8934c5e,descriptor_clustering,0.0,20.0,20,C2,S4,S4_weak_campaign,37,2,1.0
S4_weak_campaign_descriptor_clustering_n2_cs1p00_seed41_20260611T103245_0ae9a830,descriptor_clustering,0.0,20.0,20,C2,S4,S4_weak_campaign,41,2,1.0
S4_weak_campaign_descriptor_clustering_n2_cs1p00_seed53_20260611T103255_2b4689fe,descriptor_clustering,0.0,0.0,0,C2,S4,S4_weak_campaign,53,2,1.0
S4_weak_campaign_descriptor_clustering_n2_cs1p00_seed67_20260611T103306_f9ba3f54,descriptor_clustering,0.0,13.0,13,C2,S4,S4_weak_campaign,67,2,1.0
S4_weak_campaign_descriptor_clustering_n2_cs1p00_seed71_20260611T103317_28939a3f,descriptor_clustering,0.0,13.0,13,C2,S4,S4_weak_campaign,71,2,1.0
S4_weak_campaign_descriptor_clustering_n2_cs1p00_seed83_20260611T103327_b4721e28,descriptor_clustering,0.0,20.0,20,C2,S4,S4_weak_campaign,83,2,1.0
S4_weak_campaign_descriptor_clustering_n2_cs1p00_seed97_20260611T103338_a36ad5d2,descriptor_clustering,0.0,20.0,20,C2,S4,S4_weak_campaign,97,2,1.0
S4_weak_campaign_descriptor_clustering_n5_cs0p75_seed101_20260611T103351_3da9d69c,descriptor_clustering,0.0,36.0,36,C2,S4,S4_weak_campaign,101,5,0.75
S4_weak_campaign_descriptor_clustering_n5_cs0p75_seed11_20260611T100506_b204fc79,descriptor_clustering,0.0,40.0,40,C2,S4,S4_weak_campaign,11,5,0.75
S4_weak_campaign_descriptor_clustering_n5_cs0p75_seed11_20260611T103214_8f4ac6b8,descriptor_clustering,0.0,40.0,40,C2,S4,S4_weak_campaign,11,5,0.75
S4_weak_campaign_descriptor_clustering_n5_cs0p75_seed23_20260611T103225_2904dc94,descriptor_clustering,0.0,0.0,0,C2,S4,S4_weak_campaign,23,5,0.75
S4_weak_campaign_descriptor_clustering_n5_cs0p75_seed37_20260611T103235_f049a7ee,descriptor_clustering,0.0,6.0,6,C2,S4,S4_weak_campaign,37,5,0.75
S4_weak_campaign_descriptor_clustering_n5_cs0p75_seed41_20260611T103246_ef945890,descriptor_clustering,0.0,19.0,19,C2,S4,S4_weak_campaign,41,5,0.75
S4_weak_campaign_descriptor_clustering_n5_cs0p75_seed53_20260611T103257_bf518666,descriptor_clustering,0.0,43.0,43,C2,S4,S4_weak_campaign,53,5,0.75
S4_weak_campaign_descriptor_clustering_n5_cs0p75_seed67_20260611T103308_7b1d6a29,descriptor_clustering,0.0,39.0,39,C2,S4,S4_weak_campaign,67,5,0.75
S4_weak_campaign_descriptor_clustering_n5_cs0p75_seed71_20260611T103318_515cfb5e,descriptor_clustering,0.0,36.0,36,C2,S4,S4_weak_campaign,71,5,0.75
S4_weak_campaign_descriptor_clustering_n5_cs0p75_seed83_20260611T103329_92157922,descriptor_clustering,0.0,41.0,41,C2,S4,S4_weak_campaign,83,5,0.75
S4_weak_campaign_descriptor_clustering_n5_cs0p75_seed97_20260611T103340_d260350a,descriptor_clustering,0.0,24.0,24,C2,S4,S4_weak_campaign,97,5,0.75
S4_weak_campaign_descriptor_clustering_n5_cs1p00_seed101_20260611T103352_a5ea6a39,descriptor_clustering,0.0,34.0,34,C2,S4,S4_weak_campaign,101,5,1.0
S4_weak_campaign_descriptor_clustering_n5_cs1p00_seed11_20260611T100508_53338bb2,descriptor_clustering,0.0,10.0,10,C2,S4,S4_weak_campaign,11,5,1.0
S4_weak_campaign_descriptor_clustering_n5_cs1p00_seed11_20260611T103216_8d77799f,descriptor_clustering,0.0,10.0,10,C2,S4,S4_weak_campaign,11,5,1.0
S4_weak_campaign_descriptor_clustering_n5_cs1p00_seed23_20260611T103226_fdd062ec,descriptor_clustering,0.0,50.0,50,C2,S4,S4_weak_campaign,23,5,1.0
S4_weak_campaign_descriptor_clustering_n5_cs1p00_seed37_20260611T103237_8733966b,descriptor_clustering,0.0,0.0,0,C2,S4,S4_weak_campaign,37,5,1.0
S4_weak_campaign_descriptor_clustering_n5_cs1p00_seed41_20260611T103248_c769e5d3,descriptor_clustering,0.0,50.0,50,C2,S4,S4_weak_campaign,41,5,1.0
S4_weak_campaign_descriptor_clustering_n5_cs1p00_seed53_20260611T103259_71efeb04,descriptor_clustering,0.0,4.0,4,C2,S4,S4_weak_campaign,53,5,1.0
S4_weak_campaign_descriptor_clustering_n5_cs1p00_seed67_20260611T103309_329c1862,descriptor_clustering,0.0,32.0,32,C2,S4,S4_weak_campaign,67,5,1.0
S4_weak_campaign_descriptor_clustering_n5_cs1p00_seed71_20260611T103320_10e009b8,descriptor_clustering,0.0,31.0,31,C2,S4,S4_weak_campaign,71,5,1.0
S4_weak_campaign_descriptor_clustering_n5_cs1p00_seed83_20260611T103331_3c719b22,descriptor_clustering,0.0,41.0,41,C2,S4,S4_weak_campaign,83,5,1.0
S4_weak_campaign_descriptor_clustering_n5_cs1p00_seed97_20260611T103341_86093143,descriptor_clustering,0.0,0.0,0,C2,S4,S4_weak_campaign,97,5,1.0
S4_weak_campaign_fcgnn_n10_cs0p75_seed101_20260611T103355_95cff719,fcgnn,0.0,86.0,86,C3,S4,S4_weak_campaign,101,10,0.75
S4_weak_campaign_fcgnn_n10_cs0p75_seed11_20260611T100510_616581d8,fcgnn,0.0,81.0,81,C3,S4,S4_weak_campaign,11,10,0.75
S4_weak_campaign_fcgnn_n10_cs0p75_seed11_20260611T103218_69586cf7,fcgnn,0.0,81.0,81,C3,S4,S4_weak_campaign,11,10,0.75
S4_weak_campaign_fcgnn_n10_cs0p75_seed23_20260611T103229_f6c590b6,fcgnn,0.0,74.0,74,C3,S4,S4_weak_campaign,23,10,0.75
S4_weak_campaign_fcgnn_n10_cs0p75_seed37_20260611T103240_94eb95ac,fcgnn,0.0,64.0,64,C3,S4,S4_weak_campaign,37,10,0.75
S4_weak_campaign_fcgnn_n10_cs0p75_seed41_20260611T103251_cd2ea70d,fcgnn,0.0,76.0,76,C3,S4,S4_weak_campaign,41,10,0.75
S4_weak_campaign_fcgnn_n10_cs0p75_seed53_20260611T103302_6dabf2f8,fcgnn,0.0,85.0,85,C3,S4,S4_weak_campaign,53,10,0.75
S4_weak_campaign_fcgnn_n10_cs0p75_seed67_20260611T103312_0738a184,fcgnn,0.0,73.0,73,C3,S4,S4_weak_campaign,67,10,0.75
S4_weak_campaign_fcgnn_n10_cs0p75_seed71_20260611T103323_b1968261,fcgnn,0.0,69.0,69,C3,S4,S4_weak_campaign,71,10,0.75
S4_weak_campaign_fcgnn_n10_cs0p75_seed83_20260611T103334_61583917,fcgnn,0.0,71.0,71,C3,S4,S4_weak_campaign,83,10,0.75
S4_weak_campaign_fcgnn_n10_cs0p75_seed97_20260611T103344_a19d3356,fcgnn,0.0,87.0,87,C3,S4,S4_weak_campaign,97,10,0.75
S4_weak_campaign_fcgnn_n10_cs1p00_seed101_20260611T103357_a93e6162,fcgnn,0.0,14.0,14,C3,S4,S4_weak_campaign,101,10,1.0
S4_weak_campaign_fcgnn_n10_cs1p00_seed11_20260611T100512_09eea1b8,fcgnn,0.0,19.0,19,C3,S4,S4_weak_campaign,11,10,1.0
S4_weak_campaign_fcgnn_n10_cs1p00_seed11_20260611T103220_0f20de50,fcgnn,0.0,19.0,19,C3,S4,S4_weak_campaign,11,10,1.0
S4_weak_campaign_fcgnn_n10_cs1p00_seed23_20260611T103231_2a17b845,fcgnn,0.0,19.0,19,C3,S4,S4_weak_campaign,23,10,1.0
S4_weak_campaign_fcgnn_n10_cs1p00_seed37_20260611T103242_3555b3c4,fcgnn,0.0,18.0,18,C3,S4,S4_weak_campaign,37,10,1.0
S4_weak_campaign_fcgnn_n10_cs1p00_seed41_20260611T103253_70193941,fcgnn,0.0,14.0,14,C3,S4,S4_weak_campaign,41,10,1.0
S4_weak_campaign_fcgnn_n10_cs1p00_seed53_20260611T103304_cceea384,fcgnn,0.0,6.0,6,C3,S4,S4_weak_campaign,53,10,1.0
S4_weak_campaign_fcgnn_n10_cs1p00_seed67_20260611T103314_badab256,fcgnn,0.0,18.0,18,C3,S4,S4_weak_campaign,67,10,1.0
S4_weak_campaign_fcgnn_n10_cs1p00_seed71_20260611T103325_4711abc6,fcgnn,0.0,14.0,14,C3,S4,S4_weak_campaign,71,10,1.0
S4_weak_campaign_fcgnn_n10_cs1p00_seed83_20260611T103336_cf4a8283,fcgnn,0.0,20.0,20,C3,S4,S4_weak_campaign,83,10,1.0
S4_weak_campaign_fcgnn_n10_cs1p00_seed97_20260611T103346_f3f7a0f2,fcgnn,0.0,12.0,12,C3,S4,S4_weak_campaign,97,10,1.0
S4_weak_campaign_fcgnn_n2_cs0p75_seed101_20260611T103348_a86b74ab,fcgnn,0.0,20.0,20,C3,S4,S4_weak_campaign,101,2,0.75
S4_weak_campaign_fcgnn_n2_cs0p75_seed11_20260611T100504_84f51811,fcgnn,0.0,10.0,10,C3,S4,S4_weak_campaign,11,2,0.75
S4_weak_campaign_fcgnn_n2_cs0p75_seed11_20260611T103211_839bceb6,fcgnn,0.0,10.0,10,C3,S4,S4_weak_campaign,11,2,0.75
S4_weak_campaign_fcgnn_n2_cs0p75_seed23_20260611T103222_e159a1d2,fcgnn,0.0,4.0,4,C3,S4,S4_weak_campaign,23,2,0.75
S4_weak_campaign_fcgnn_n2_cs0p75_seed37_20260611T103233_bd7622b5,fcgnn,0.0,3.0,3,C3,S4,S4_weak_campaign,37,2,0.75
S4_weak_campaign_fcgnn_n2_cs0p75_seed41_20260611T103244_0b735d12,fcgnn,0.0,20.0,20,C3,S4,S4_weak_campaign,41,2,0.75
S4_weak_campaign_fcgnn_n2_cs0p75_seed53_20260611T103255_073ee2a2,fcgnn,0.0,20.0,20,C3,S4,S4_weak_campaign,53,2,0.75
S4_weak_campaign_fcgnn_n2_cs0p75_seed67_20260611T103305_96104ea1,fcgnn,0.0,15.0,15,C3,S4,S4_weak_campaign,67,2,0.75
S4_weak_campaign_fcgnn_n2_cs0p75_seed71_20260611T103316_27716d70,fcgnn,0.0,13.0,13,C3,S4,S4_weak_campaign,71,2,0.75
S4_weak_campaign_fcgnn_n2_cs0p75_seed83_20260611T103327_66d7d598,fcgnn,0.0,20.0,20,C3,S4,S4_weak_campaign,83,2,0.75
S4_weak_campaign_fcgnn_n2_cs0p75_seed97_20260611T103337_eaa35596,fcgnn,0.0,20.0,20,C3,S4,S4_weak_campaign,97,2,0.75
S4_weak_campaign_fcgnn_n2_cs1p00_seed101_20260611T103350_ad28083e,fcgnn,0.0,2.0,2,C3,S4,S4_weak_campaign,101,2,1.0
S4_weak_campaign_fcgnn_n2_cs1p00_seed11_20260611T100505_95c112ae,fcgnn,0.0,10.0,10,C3,S4,S4_weak_campaign,11,2,1.0
S4_weak_campaign_fcgnn_n2_cs1p00_seed11_20260611T103213_a9a9b298,fcgnn,0.0,10.0,10,C3,S4,S4_weak_campaign,11,2,1.0
S4_weak_campaign_fcgnn_n2_cs1p00_seed23_20260611T103224_2f221805,fcgnn,0.0,4.0,4,C3,S4,S4_weak_campaign,23,2,1.0
S4_weak_campaign_fcgnn_n2_cs1p00_seed37_20260611T103235_44167534,fcgnn,0.0,3.0,3,C3,S4,S4_weak_campaign,37,2,1.0
S4_weak_campaign_fcgnn_n2_cs1p00_seed41_20260611T103245_93542628,fcgnn,0.0,2.0,2,C3,S4,S4_weak_campaign,41,2,1.0
S4_weak_campaign_fcgnn_n2_cs1p00_seed53_20260611T103256_8f967884,fcgnn,0.0,2.0,2,C3,S4,S4_weak_campaign,53,2,1.0
S4_weak_campaign_fcgnn_n2_cs1p00_seed67_20260611T103307_ba8fab7b,fcgnn,0.0,15.0,15,C3,S4,S4_weak_campaign,67,2,1.0
S4_weak_campaign_fcgnn_n2_cs1p00_seed71_20260611T103318_b4585d79,fcgnn,0.0,13.0,13,C3,S4,S4_weak_campaign,71,2,1.0
S4_weak_campaign_fcgnn_n2_cs1p00_seed83_20260611T103328_00b5d6bf,fcgnn,0.0,2.0,2,C3,S4,S4_weak_campaign,83,2,1.0
S4_weak_campaign_fcgnn_n2_cs1p00_seed97_20260611T103339_57ef2338,fcgnn,0.0,2.0,2,C3,S4,S4_weak_campaign,97,2,1.0
S4_weak_campaign_fcgnn_n5_cs0p75_seed101_20260611T103351_ffbf08c8,fcgnn,0.0,36.0,36,C3,S4,S4_weak_campaign,101,5,0.75
S4_weak_campaign_fcgnn_n5_cs0p75_seed11_20260611T100507_fc0c21d8,fcgnn,0.0,40.0,40,C3,S4,S4_weak_campaign,11,5,0.75
S4_weak_campaign_fcgnn_n5_cs0p75_seed11_20260611T103215_5266a075,fcgnn,0.0,40.0,40,C3,S4,S4_weak_campaign,11,5,0.75
S4_weak_campaign_fcgnn_n5_cs0p75_seed23_20260611T103226_01c2fdd2,fcgnn,0.0,23.0,23,C3,S4,S4_weak_campaign,23,5,0.75
S4_weak_campaign_fcgnn_n5_cs0p75_seed37_20260611T103236_fb3b75e3,fcgnn,0.0,18.0,18,C3,S4,S4_weak_campaign,37,5,0.75
S4_weak_campaign_fcgnn_n5_cs0p75_seed41_20260611T103247_19dff8c0,fcgnn,0.0,50.0,50,C3,S4,S4_weak_campaign,41,5,0.75
S4_weak_campaign_fcgnn_n5_cs0p75_seed53_20260611T103258_5e9ef127,fcgnn,0.0,44.0,44,C3,S4,S4_weak_campaign,53,5,0.75
S4_weak_campaign_fcgnn_n5_cs0p75_seed67_20260611T103309_0bb4ea2d,fcgnn,0.0,40.0,40,C3,S4,S4_weak_campaign,67,5,0.75
S4_weak_campaign_fcgnn_n5_cs0p75_seed71_20260611T103319_3d4b7c98,fcgnn,0.0,36.0,36,C3,S4,S4_weak_campaign,71,5,0.75
S4_weak_campaign_fcgnn_n5_cs0p75_seed83_20260611T103330_62e00814,fcgnn,0.0,41.0,41,C3,S4,S4_weak_campaign,83,5,0.75
S4_weak_campaign_fcgnn_n5_cs0p75_seed97_20260611T103341_a1aba398,fcgnn,0.0,50.0,50,C3,S4,S4_weak_campaign,97,5,0.75
S4_weak_campaign_fcgnn_n5_cs1p00_seed101_20260611T103353_0a0de5cd,fcgnn,0.0,8.0,8,C3,S4,S4_weak_campaign,101,5,1.0
S4_weak_campaign_fcgnn_n5_cs1p00_seed11_20260611T100508_b5a7b276,fcgnn,0.0,13.0,13,C3,S4,S4_weak_campaign,11,5,1.0
S4_weak_campaign_fcgnn_n5_cs1p00_seed11_20260611T103216_4f019def,fcgnn,0.0,13.0,13,C3,S4,S4_weak_campaign,11,5,1.0
S4_weak_campaign_fcgnn_n5_cs1p00_seed23_20260611T103227_854c0856,fcgnn,0.0,3.0,3,C3,S4,S4_weak_campaign,23,5,1.0
S4_weak_campaign_fcgnn_n5_cs1p00_seed37_20260611T103238_b3160f85,fcgnn,0.0,9.0,9,C3,S4,S4_weak_campaign,37,5,1.0
S4_weak_campaign_fcgnn_n5_cs1p00_seed41_20260611T103249_e02861b6,fcgnn,0.0,6.0,6,C3,S4,S4_weak_campaign,41,5,1.0
S4_weak_campaign_fcgnn_n5_cs1p00_seed53_20260611T103300_2a51368f,fcgnn,0.0,8.0,8,C3,S4,S4_weak_campaign,53,5,1.0
S4_weak_campaign_fcgnn_n5_cs1p00_seed67_20260611T103310_3eaefbda,fcgnn,0.0,5.0,5,C3,S4,S4_weak_campaign,67,5,1.0
S4_weak_campaign_fcgnn_n5_cs1p00_seed71_20260611T103321_30b59c7d,fcgnn,0.0,8.0,8,C3,S4,S4_weak_campaign,71,5,1.0
S4_weak_campaign_fcgnn_n5_cs1p00_seed83_20260611T103332_013b2905,fcgnn,0.0,5.0,5,C3,S4,S4_weak_campaign,83,5,1.0
S4_weak_campaign_fcgnn_n5_cs1p00_seed97_20260611T103342_ddcfb17e,fcgnn,0.0,3.0,3,C3,S4,S4_weak_campaign,97,5,1.0
S4_weak_campaign_local_ids_n10_cs0p75_seed101_20260611T103354_e008bb0a,local_ids,,,0,C1,S4,S4_weak_campaign,101,10,0.75
S4_weak_campaign_local_ids_n10_cs0p75_seed11_20260611T100509_1dffd03e,local_ids,,,0,C1,S4,S4_weak_campaign,11,10,0.75
S4_weak_campaign_local_ids_n10_cs0p75_seed11_20260611T103217_b953725e,local_ids,,,0,C1,S4,S4_weak_campaign,11,10,0.75
S4_weak_campaign_local_ids_n10_cs0p75_seed23_20260611T103228_3cd4c81b,local_ids,,,0,C1,S4,S4_weak_campaign,23,10,0.75
S4_weak_campaign_local_ids_n10_cs0p75_seed37_20260611T103239_80aadfbc,local_ids,,,0,C1,S4,S4_weak_campaign,37,10,0.75
S4_weak_campaign_local_ids_n10_cs0p75_seed41_20260611T103249_9b8c7c89,local_ids,,,0,C1,S4,S4_weak_campaign,41,10,0.75
S4_weak_campaign_local_ids_n10_cs0p75_seed53_20260611T103300_dc8f6392,local_ids,,,0,C1,S4,S4_weak_campaign,53,10,0.75
S4_weak_campaign_local_ids_n10_cs0p75_seed67_20260611T103311_67db9be0,local_ids,,,0,C1,S4,S4_weak_campaign,67,10,0.75
S4_weak_campaign_local_ids_n10_cs0p75_seed71_20260611T103321_e8001108,local_ids,,,0,C1,S4,S4_weak_campaign,71,10,0.75
S4_weak_campaign_local_ids_n10_cs0p75_seed83_20260611T103332_8a6d618d,local_ids,,,0,C1,S4,S4_weak_campaign,83,10,0.75
S4_weak_campaign_local_ids_n10_cs0p75_seed97_20260611T103343_8bf678c5,local_ids,,,0,C1,S4,S4_weak_campaign,97,10,0.75
S4_weak_campaign_local_ids_n10_cs1p00_seed101_20260611T103356_8354dca3,local_ids,,,0,C1,S4,S4_weak_campaign,101,10,1.0
S4_weak_campaign_local_ids_n10_cs1p00_seed11_20260611T100511_47ae0fc4,local_ids,,,0,C1,S4,S4_weak_campaign,11,10,1.0
S4_weak_campaign_local_ids_n10_cs1p00_seed11_20260611T103219_035a7ca8,local_ids,,,0,C1,S4,S4_weak_campaign,11,10,1.0
S4_weak_campaign_local_ids_n10_cs1p00_seed23_20260611T103230_9c8d573d,local_ids,,,0,C1,S4,S4_weak_campaign,23,10,1.0
S4_weak_campaign_local_ids_n10_cs1p00_seed37_20260611T103241_c32c2020,local_ids,,,0,C1,S4,S4_weak_campaign,37,10,1.0
S4_weak_campaign_local_ids_n10_cs1p00_seed41_20260611T103251_1bee2489,local_ids,,,0,C1,S4,S4_weak_campaign,41,10,1.0
S4_weak_campaign_local_ids_n10_cs1p00_seed53_20260611T103302_ee45ee02,local_ids,,,0,C1,S4,S4_weak_campaign,53,10,1.0
S4_weak_campaign_local_ids_n10_cs1p00_seed67_20260611T103313_bba70633,local_ids,,,0,C1,S4,S4_weak_campaign,67,10,1.0
S4_weak_campaign_local_ids_n10_cs1p00_seed71_20260611T103323_dd0d1c2b,local_ids,,,0,C1,S4,S4_weak_campaign,71,10,1.0
S4_weak_campaign_local_ids_n10_cs1p00_seed83_20260611T103334_68e9bbc5,local_ids,,,0,C1,S4,S4_weak_campaign,83,10,1.0
S4_weak_campaign_local_ids_n10_cs1p00_seed97_20260611T103345_f7a7d83c,local_ids,,,0,C1,S4,S4_weak_campaign,97,10,1.0
S4_weak_campaign_local_ids_n2_cs0p75_seed101_20260611T103347_db7616e4,local_ids,,,0,C1,S4,S4_weak_campaign,101,2,0.75
S4_weak_campaign_local_ids_n2_cs0p75_seed11_20260611T100502_4c52acbe,local_ids,,,0,C1,S4,S4_weak_campaign,11,2,0.75
S4_weak_campaign_local_ids_n2_cs0p75_seed11_20260611T103210_c2cf6966,local_ids,,,0,C1,S4,S4_weak_campaign,11,2,0.75
S4_weak_campaign_local_ids_n2_cs0p75_seed23_20260611T103221_e6565f6b,local_ids,,,0,C1,S4,S4_weak_campaign,23,2,0.75
S4_weak_campaign_local_ids_n2_cs0p75_seed37_20260611T103232_638b6b38,local_ids,,,0,C1,S4,S4_weak_campaign,37,2,0.75
S4_weak_campaign_local_ids_n2_cs0p75_seed41_20260611T103243_5625401a,local_ids,,,0,C1,S4,S4_weak_campaign,41,2,0.75
S4_weak_campaign_local_ids_n2_cs0p75_seed53_20260611T103253_e9b43bc9,local_ids,,,0,C1,S4,S4_weak_campaign,53,2,0.75
S4_weak_campaign_local_ids_n2_cs0p75_seed67_20260611T103304_70106955,local_ids,,,0,C1,S4,S4_weak_campaign,67,2,0.75
S4_weak_campaign_local_ids_n2_cs0p75_seed71_20260611T103315_21ff62b8,local_ids,,,0,C1,S4,S4_weak_campaign,71,2,0.75
S4_weak_campaign_local_ids_n2_cs0p75_seed83_20260611T103325_1680a6ef,local_ids,,,0,C1,S4,S4_weak_campaign,83,2,0.75
S4_weak_campaign_local_ids_n2_cs0p75_seed97_20260611T103336_b165f9fc,local_ids,,,0,C1,S4,S4_weak_campaign,97,2,0.75
S4_weak_campaign_local_ids_n2_cs1p00_seed101_20260611T103349_9f62d0bc,local_ids,,,0,C1,S4,S4_weak_campaign,101,2,1.0
S4_weak_campaign_local_ids_n2_cs1p00_seed11_20260611T100504_b5afe252,local_ids,,,0,C1,S4,S4_weak_campaign,11,2,1.0
S4_weak_campaign_local_ids_n2_cs1p00_seed11_20260611T103212_4c52d5de,local_ids,,,0,C1,S4,S4_weak_campaign,11,2,1.0
S4_weak_campaign_local_ids_n2_cs1p00_seed23_20260611T103223_45d296b6,local_ids,,,0,C1,S4,S4_weak_campaign,23,2,1.0
S4_weak_campaign_local_ids_n2_cs1p00_seed37_20260611T103233_d56814fd,local_ids,,,0,C1,S4,S4_weak_campaign,37,2,1.0
S4_weak_campaign_local_ids_n2_cs1p00_seed41_20260611T103244_6a027698,local_ids,,,0,C1,S4,S4_weak_campaign,41,2,1.0
S4_weak_campaign_local_ids_n2_cs1p00_seed53_20260611T103255_1a3d390d,local_ids,,,0,C1,S4,S4_weak_campaign,53,2,1.0
S4_weak_campaign_local_ids_n2_cs1p00_seed67_20260611T103306_1baad394,local_ids,,,0,C1,S4,S4_weak_campaign,67,2,1.0
S4_weak_campaign_local_ids_n2_cs1p00_seed71_20260611T103316_6b935cd9,local_ids,,,0,C1,S4,S4_weak_campaign,71,2,1.0
S4_weak_campaign_local_ids_n2_cs1p00_seed83_20260611T103327_6fea0982,local_ids,,,0,C1,S4,S4_weak_campaign,83,2,1.0
S4_weak_campaign_local_ids_n2_cs1p00_seed97_20260611T103338_48d579f8,local_ids,,,0,C1,S4,S4_weak_campaign,97,2,1.0
S4_weak_campaign_local_ids_n5_cs0p75_seed101_20260611T103350_00c6a7c9,local_ids,,,0,C1,S4,S4_weak_campaign,101,5,0.75
S4_weak_campaign_local_ids_n5_cs0p75_seed11_20260611T100506_e4ad4e04,local_ids,,,0,C1,S4,S4_weak_campaign,11,5,0.75
S4_weak_campaign_local_ids_n5_cs0p75_seed11_20260611T103213_f1e36235,local_ids,,,0,C1,S4,S4_weak_campaign,11,5,0.75
S4_weak_campaign_local_ids_n5_cs0p75_seed23_20260611T103224_1fe2c181,local_ids,,,0,C1,S4,S4_weak_campaign,23,5,0.75
S4_weak_campaign_local_ids_n5_cs0p75_seed37_20260611T103235_b4e0322b,local_ids,,,0,C1,S4,S4_weak_campaign,37,5,0.75
S4_weak_campaign_local_ids_n5_cs0p75_seed41_20260611T103246_37d3e591,local_ids,,,0,C1,S4,S4_weak_campaign,41,5,0.75
S4_weak_campaign_local_ids_n5_cs0p75_seed53_20260611T103257_55ad6a4a,local_ids,,,0,C1,S4,S4_weak_campaign,53,5,0.75
S4_weak_campaign_local_ids_n5_cs0p75_seed67_20260611T103307_29e55cf8,local_ids,,,0,C1,S4,S4_weak_campaign,67,5,0.75
S4_weak_campaign_local_ids_n5_cs0p75_seed71_20260611T103318_5a467d19,local_ids,,,0,C1,S4,S4_weak_campaign,71,5,0.75
S4_weak_campaign_local_ids_n5_cs0p75_seed83_20260611T103329_1ace82ee,local_ids,,,0,C1,S4,S4_weak_campaign,83,5,0.75
S4_weak_campaign_local_ids_n5_cs0p75_seed97_20260611T103339_32dc2f5f,local_ids,,,0,C1,S4,S4_weak_campaign,97,5,0.75
S4_weak_campaign_local_ids_n5_cs1p00_seed101_20260611T103352_4282cebe,local_ids,,,0,C1,S4,S4_weak_campaign,101,5,1.0
S4_weak_campaign_local_ids_n5_cs1p00_seed11_20260611T100507_77889793,local_ids,,,0,C1,S4,S4_weak_campaign,11,5,1.0
S4_weak_campaign_local_ids_n5_cs1p00_seed11_20260611T103215_38c6a86d,local_ids,,,0,C1,S4,S4_weak_campaign,11,5,1.0
S4_weak_campaign_local_ids_n5_cs1p00_seed23_20260611T103226_3beacae4,local_ids,,,0,C1,S4,S4_weak_campaign,23,5,1.0
S4_weak_campaign_local_ids_n5_cs1p00_seed37_20260611T103237_51830192,local_ids,,,0,C1,S4,S4_weak_campaign,37,5,1.0
S4_weak_campaign_local_ids_n5_cs1p00_seed41_20260611T103248_0512d859,local_ids,,,0,C1,S4,S4_weak_campaign,41,5,1.0
S4_weak_campaign_local_ids_n5_cs1p00_seed53_20260611T103258_959818f2,local_ids,,,0,C1,S4,S4_weak_campaign,53,5,1.0
S4_weak_campaign_local_ids_n5_cs1p00_seed67_20260611T103309_556ad525,local_ids,,,0,C1,S4,S4_weak_campaign,67,5,1.0
S4_weak_campaign_local_ids_n5_cs1p00_seed71_20260611T103320_c9b109ca,local_ids,,,0,C1,S4,S4_weak_campaign,71,5,1.0
S4_weak_campaign_local_ids_n5_cs1p00_seed83_20260611T103330_f3d7a5da,local_ids,,,0,C1,S4,S4_weak_campaign,83,5,1.0
S4_weak_campaign_local_ids_n5_cs1p00_seed97_20260611T103341_4e03fe42,local_ids,,,0,C1,S4,S4_weak_campaign,97,5,1.0
