method,seed,scenario_key,campaign_size,coordination_strength,tp,fp,tn,fn,precision,recall,f1,fpr,fnr,roc_auc,pr_auc,weak_malicious_recovered,weak_benign_promoted,vehicle_precision,vehicle_recall,vehicle_f1,attacked_vehicles_recovered,benign_vehicles_incorrectly_included,campaign_detection_rate,campaign_precision,campaign_recall,campaign_f1,false_campaign_alert_rate,n_detected_campaign_clusters,n_ground_truth_campaigns,incorrect_campaign_merging,coordinated_events,runtime_graph_construction_sec,runtime_gnn_inference_sec,runtime_clustering_sec,runtime_total_sec,runtime_local_ids_sec,scenario_id
standard_gnn,101,S0_benign_control,0,0.0,0,1,0,0,0.0,0.0,0.0,1.0,0.0,,,0,182,0.0,0.0,0.0,0,1,1.0,1.0,1.0,1.0,0.0,0,0,0,0,0.0276425419724546,0.0452766249654814,0.0018907919875346,0.1394872920354828,,S0
standard_gnn,23,S0_benign_control,0,0.0,0,1,0,0,0.0,0.0,0.0,1.0,0.0,,,0,178,0.0,0.0,0.0,0,1,1.0,1.0,1.0,1.0,0.0,0,0,0,0,0.0262074999627657,0.0460053329588845,0.0041157500236295,0.1442082080175168,,S0
local_ids,97,S0_benign_control,0,0.0,0,1,0,0,0.0,0.0,0.0,1.0,0.0,,,0,188,0.0,0.0,0.0,0,1,1.0,1.0,1.0,1.0,0.0,0,0,0,0,,,,0.0590972090139985,0.0,S0
fcgnn,67,S0_benign_control,0,0.0,0,1,0,0,0.0,0.0,0.0,1.0,0.0,,,0,173,0.0,0.0,0.0,0,1,1.0,1.0,1.0,1.0,0.0,0,0,0,0,0.0280935839982703,0.0511961249867454,0.0039242089842446,0.1526765839662403,,S0
fcgnn,101,S0_benign_control,0,0.0,0,1,0,0,0.0,0.0,0.0,1.0,0.0,,,0,182,0.0,0.0,0.0,0,1,1.0,1.0,1.0,1.0,0.0,0,0,0,0,0.0260762500111013,0.0475787079776637,0.0039475000230595,0.1449875410180539,,S0
fcgnn,11,S0_benign_control,0,0.0,0,1,0,0,0.0,0.0,0.0,1.0,0.0,,,0,170,0.0,0.0,0.0,0,1,1.0,1.0,1.0,1.0,0.0,0,0,0,0,0.027099666011054,0.0639236249844543,0.0040865420014597,0.1643777079880237,,S0
local_ids,23,S0_benign_control,0,0.0,0,1,0,0,0.0,0.0,0.0,1.0,0.0,,,0,178,0.0,0.0,0.0,0,1,1.0,1.0,1.0,1.0,0.0,0,0,0,0,,,,0.0577321670134551,0.0,S0
fcgnn,11,S0_benign_control,0,0.0,0,1,0,0,0.0,0.0,0.0,1.0,0.0,,,0,170,0.0,0.0,0.0,0,1,1.0,1.0,1.0,1.0,0.0,0,0,0,0,0.0279896249994635,0.0598704160074703,0.0043313329806551,0.1619448330020532,,S0
local_ids,41,S0_benign_control,0,0.0,0,1,0,0,0.0,0.0,0.0,1.0,0.0,,,0,178,0.0,0.0,0.0,0,1,1.0,1.0,1.0,1.0,0.0,0,0,0,0,,,,0.058024582976941,0.0,S0
descriptor_clustering,23,S0_benign_control,0,0.0,0,1,0,0,0.0,0.0,0.0,1.0,0.0,,,0,178,0.0,0.0,0.0,0,1,1.0,1.0,1.0,1.0,0.0,0,0,0,0,0.0545612080022692,,0.0016773330280557,0.1848307920154184,,S0
descriptor_clustering,11,S0_benign_control,0,0.0,0,1,0,0,0.0,0.0,0.0,1.0,0.0,,,0,170,0.0,0.0,0.0,0,1,1.0,1.0,1.0,1.0,0.0,0,0,0,0,0.0304776669945567,,0.0023507500300183,0.1121901670121587,,S0
standard_gnn,53,S0_benign_control,0,0.0,0,1,0,0,0.0,0.0,0.0,1.0,0.0,,,0,172,0.0,0.0,0.0,0,1,1.0,1.0,1.0,1.0,0.0,0,0,0,0,0.026987665973138,0.0462169999955222,0.0019050000119023,0.1427459999686107,,S0
standard_gnn,11,S0_benign_control,0,0.0,0,1,0,0,0.0,0.0,0.0,1.0,0.0,,,0,170,0.0,0.0,0.0,0,1,1.0,1.0,1.0,1.0,0.0,0,0,0,0,0.0276200419757515,0.1167827500030398,0.0060496249934658,0.218110957997851,,S0
descriptor_clustering,71,S0_benign_control,0,0.0,0,1,0,0,0.0,0.0,0.0,1.0,0.0,,,0,175,0.0,0.0,0.0,0,1,1.0,1.0,1.0,1.0,0.0,0,0,0,0,0.0288991249981336,,0.001737457991112,0.1090837920201011,,S0
fcgnn,37,S0_benign_control,0,0.0,0,1,0,0,0.0,0.0,0.0,1.0,0.0,,,0,176,0.0,0.0,0.0,0,1,1.0,1.0,1.0,1.0,0.0,0,0,0,0,0.0273735410301014,0.0498788330005481,0.0035929160076193,0.1479994579567574,,S0
standard_gnn,97,S0_benign_control,0,0.0,0,1,0,0,0.0,0.0,0.0,1.0,0.0,,,0,188,0.0,0.0,0.0,0,1,1.0,1.0,1.0,1.0,0.0,0,0,0,0,0.030329083034303,0.0435478330473415,0.0030985419871285,0.1420894169714301,,S0
descriptor_clustering,37,S0_benign_control,0,0.0,0,1,0,0,0.0,0.0,0.0,1.0,0.0,,,0,176,0.0,0.0,0.0,0,1,1.0,1.0,1.0,1.0,0.0,0,0,0,0,0.0277428330155089,,0.0020200840081088,0.102579083002638,,S0
local_ids,67,S0_benign_control,0,0.0,0,1,0,0,0.0,0.0,0.0,1.0,0.0,,,0,173,0.0,0.0,0.0,0,1,1.0,1.0,1.0,1.0,0.0,0,0,0,0,,,,0.0584242079639807,0.0,S0
local_ids,37,S0_benign_control,0,0.0,0,1,0,0,0.0,0.0,0.0,1.0,0.0,,,0,176,0.0,0.0,0.0,0,1,1.0,1.0,1.0,1.0,0.0,0,0,0,0,,,,0.0589967500418424,0.0,S0
standard_gnn,41,S0_benign_control,0,0.0,0,1,0,0,0.0,0.0,0.0,1.0,0.0,,,0,178,0.0,0.0,0.0,0,1,1.0,1.0,1.0,1.0,0.0,0,0,0,0,0.0270591250155121,0.0444790840265341,0.0035961659741587,0.1407067090040072,,S0
descriptor_clustering,83,S0_benign_control,0,0.0,0,1,0,0,0.0,0.0,0.0,1.0,0.0,,,0,173,0.0,0.0,0.0,0,1,1.0,1.0,1.0,1.0,0.0,0,0,0,0,0.0259560410049743,,0.0015179580077528,0.0997513749753125,,S0
fcgnn,41,S0_benign_control,0,0.0,0,1,0,0,0.0,0.0,0.0,1.0,0.0,,,0,178,0.0,0.0,0.0,0,1,1.0,1.0,1.0,1.0,0.0,0,0,0,0,0.0262836249894462,0.0478807080071419,0.0040119580226019,0.145244791987352,,S0
fcgnn,83,S0_benign_control,0,0.0,0,1,0,0,0.0,0.0,0.0,1.0,0.0,,,0,173,0.0,0.0,0.0,0,1,1.0,1.0,1.0,1.0,0.0,0,0,0,0,0.0259974999935366,0.0492850000155158,0.0037150839925743,0.1446715839556418,,S0
standard_gnn,71,S0_benign_control,0,0.0,0,1,0,0,0.0,0.0,0.0,1.0,0.0,,,0,175,0.0,0.0,0.0,0,1,1.0,1.0,1.0,1.0,0.0,0,0,0,0,0.0260820419644005,0.0440944169531576,0.0029300829628482,0.139740000013262,,S0
fcgnn,71,S0_benign_control,0,0.0,0,1,0,0,0.0,0.0,0.0,1.0,0.0,,,0,175,0.0,0.0,0.0,0,1,1.0,1.0,1.0,1.0,0.0,0,0,0,0,0.024849500041455,0.0469269579625688,0.0034277089871466,0.1392656660173088,,S0
local_ids,53,S0_benign_control,0,0.0,0,1,0,0,0.0,0.0,0.0,1.0,0.0,,,0,172,0.0,0.0,0.0,0,1,1.0,1.0,1.0,1.0,0.0,0,0,0,0,,,,0.0590969999902881,0.0,S0
fcgnn,97,S0_benign_control,0,0.0,0,1,0,0,0.0,0.0,0.0,1.0,0.0,,,0,188,0.0,0.0,0.0,0,1,1.0,1.0,1.0,1.0,0.0,0,0,0,0,0.0265079169766977,0.0484384589944966,0.0048932909849099,0.1464801669935695,,S0
local_ids,71,S0_benign_control,0,0.0,0,1,0,0,0.0,0.0,0.0,1.0,0.0,,,0,175,0.0,0.0,0.0,0,1,1.0,1.0,1.0,1.0,0.0,0,0,0,0,,,,0.0601850000093691,0.0,S0
standard_gnn,83,S0_benign_control,0,0.0,0,1,0,0,0.0,0.0,0.0,1.0,0.0,,,0,173,0.0,0.0,0.0,0,1,1.0,1.0,1.0,1.0,0.0,0,0,0,0,0.0275921249995008,0.0469719580141827,0.0027507499908097,0.1419379999861121,,S0
standard_gnn,11,S0_benign_control,0,0.0,0,1,0,0,0.0,0.0,0.0,1.0,0.0,,,0,170,0.0,0.0,0.0,0,1,1.0,1.0,1.0,1.0,0.0,0,0,0,0,0.0300459589925594,0.0794700419646687,0.003686582960654,0.1841029580100439,,S0
descriptor_clustering,67,S0_benign_control,0,0.0,0,1,0,0,0.0,0.0,0.0,1.0,0.0,,,0,173,0.0,0.0,0.0,0,1,1.0,1.0,1.0,1.0,0.0,0,0,0,0,0.0261412090039812,,0.0016504589584656,0.1007313340087421,,S0
descriptor_clustering,41,S0_benign_control,0,0.0,0,1,0,0,0.0,0.0,0.0,1.0,0.0,,,0,178,0.0,0.0,0.0,0,1,1.0,1.0,1.0,1.0,0.0,0,0,0,0,0.0279147920082323,,0.0017850419972091,0.1036247079609893,,S0
local_ids,83,S0_benign_control,0,0.0,0,1,0,0,0.0,0.0,0.0,1.0,0.0,,,0,173,0.0,0.0,0.0,0,1,1.0,1.0,1.0,1.0,0.0,0,0,0,0,,,,0.0590342089999467,0.0,S0
descriptor_clustering,101,S0_benign_control,0,0.0,0,1,0,0,0.0,0.0,0.0,1.0,0.0,,,0,182,0.0,0.0,0.0,0,1,1.0,1.0,1.0,1.0,0.0,0,0,0,0,0.0277424580417573,,0.0016657909727655,0.1021894589648582,,S0
local_ids,11,S0_benign_control,0,0.0,0,1,0,0,0.0,0.0,0.0,1.0,0.0,,,0,170,0.0,0.0,0.0,0,1,1.0,1.0,1.0,1.0,0.0,0,0,0,0,,,,0.0632275000098161,0.0,S0
descriptor_clustering,97,S0_benign_control,0,0.0,0,1,0,0,0.0,0.0,0.0,1.0,0.0,,,0,188,0.0,0.0,0.0,0,1,1.0,1.0,1.0,1.0,0.0,0,0,0,0,0.0255785000044852,,0.0017319579492323,0.1034947499865666,,S0
descriptor_clustering,11,S0_benign_control,0,0.0,0,1,0,0,0.0,0.0,0.0,1.0,0.0,,,0,170,0.0,0.0,0.0,0,1,1.0,1.0,1.0,1.0,0.0,0,0,0,0,0.0337887089699506,,0.0041692910017445,0.1102226249640807,,S0
local_ids,11,S0_benign_control,0,0.0,0,1,0,0,0.0,0.0,0.0,1.0,0.0,,,0,170,0.0,0.0,0.0,0,1,1.0,1.0,1.0,1.0,0.0,0,0,0,0,,,,0.065097999991849,0.0,S0
descriptor_clustering,53,S0_benign_control,0,0.0,0,1,0,0,0.0,0.0,0.0,1.0,0.0,,,0,172,0.0,0.0,0.0,0,1,1.0,1.0,1.0,1.0,0.0,0,0,0,0,0.027619041968137,,0.0016817079740576,0.1059694580035284,,S0
standard_gnn,37,S0_benign_control,0,0.0,0,1,0,0,0.0,0.0,0.0,1.0,0.0,,,0,176,0.0,0.0,0.0,0,1,1.0,1.0,1.0,1.0,0.0,0,0,0,0,0.0276666249847039,0.0424680419964715,0.0034694999922066,0.138507459021639,,S0
fcgnn,23,S0_benign_control,0,0.0,0,1,0,0,0.0,0.0,0.0,1.0,0.0,,,0,178,0.0,0.0,0.0,0,1,1.0,1.0,1.0,1.0,0.0,0,0,0,0,0.0275292500155046,0.0504990829504095,0.0039874169742688,0.1500860840314999,,S0
standard_gnn,67,S0_benign_control,0,0.0,0,1,0,0,0.0,0.0,0.0,1.0,0.0,,,0,173,0.0,0.0,0.0,0,1,1.0,1.0,1.0,1.0,0.0,0,0,0,0,0.0285400419961661,0.0481581250205636,0.0043854169780388,0.1496666669845581,,S0
local_ids,101,S0_benign_control,0,0.0,0,1,0,0,0.0,0.0,0.0,1.0,0.0,,,0,182,0.0,0.0,0.0,0,1,1.0,1.0,1.0,1.0,0.0,0,0,0,0,,,,0.0595472499844618,0.0,S0
fcgnn,53,S0_benign_control,0,0.0,0,1,0,0,0.0,0.0,0.0,1.0,0.0,,,0,172,0.0,0.0,0.0,0,1,1.0,1.0,1.0,1.0,0.0,0,0,0,0,0.0267849580268375,0.0482892500003799,0.0038170830230228,0.148403417028021,,S0
standard_gnn,41,S1_isolated,1,0.0,1,2,0,0,0.5,1.0,0.6666666666666666,1.0,0.0,0.91125,0.9142202684030152,0,73,0.3333333333333333,1.0,0.5,1,2,1.0,1.0,1.0,1.0,0.0,0,0,0,0,0.027551790990401,0.0408419999876059,0.0043329159962013,0.2890971250017173,,S1
standard_gnn,53,S1_isolated,1,0.0,1,1,0,0,0.6666666666666666,1.0,0.8,1.0,0.0,0.9991666666666666,0.9995972222222222,0,36,0.5,1.0,0.6666666666666666,1,1,1.0,1.0,1.0,1.0,0.0,0,0,0,0,0.0277435419848188,0.0361449170159176,0.0028233749908395,0.3313812079722993,,S1
fcgnn,37,S1_isolated,1,0.0,1,2,0,0,0.5,1.0,0.6666666666666666,1.0,0.0,0.9418055555555556,0.9444651885818698,0,80,0.3333333333333333,1.0,0.5,1,2,1.0,1.0,1.0,1.0,0.0,0,0,0,0,0.0271477079950273,0.0384831249830313,0.0026719580055214,0.2290805830270983,,S1
fcgnn,97,S1_isolated,1,0.0,1,2,0,0,0.5,1.0,0.6666666666666666,1.0,0.0,0.8709027777777778,0.8854857153953888,0,57,0.3333333333333333,1.0,0.5,1,2,1.0,1.0,1.0,1.0,0.0,0,0,0,0,0.031671832955908,0.0418363339849747,0.002632999967318,0.2532943750265986,,S1
descriptor_clustering,97,S1_isolated,1,0.0,1,2,0,0,0.5,1.0,0.6666666666666666,1.0,0.0,0.8709027777777778,0.8854857153953888,0,57,0.3333333333333333,1.0,0.5,1,2,1.0,1.0,1.0,1.0,0.0,0,0,0,0,0.0284506250172853,,0.0014385830145329,0.1996418749913573,,S1
fcgnn,101,S1_isolated,1,0.0,1,2,0,0,0.5,1.0,0.6666666666666666,1.0,0.0,0.9041666666666668,0.9091637429712394,0,64,0.3333333333333333,1.0,0.5,1,2,1.0,1.0,1.0,1.0,0.0,0,0,0,0,0.0315367499715648,0.0418248329660855,0.0029261250165291,0.2529428749694489,,S1
descriptor_clustering,67,S1_isolated,1,0.0,1,1,0,0,0.6666666666666666,1.0,0.8,1.0,0.0,0.9997222222222222,0.9998616850321396,0,37,0.5,1.0,0.6666666666666666,1,1,1.0,1.0,1.0,1.0,0.0,0,0,0,0,0.0224103750078938,,0.0012900829897262,0.1826450829976238,,S1
descriptor_clustering,71,S1_isolated,1,0.0,1,1,0,0,0.6666666666666666,1.0,0.8,1.0,0.0,0.9969444444444444,0.9984473310597928,0,32,0.5,1.0,0.6666666666666666,1,1,1.0,1.0,1.0,1.0,0.0,0,0,0,0,0.033090415992774,,0.0013677079696208,0.260728791996371,,S1
fcgnn,41,S1_isolated,1,0.0,1,2,0,0,0.5,1.0,0.6666666666666666,1.0,0.0,0.91125,0.9142202684030152,0,73,0.3333333333333333,1.0,0.5,1,2,1.0,1.0,1.0,1.0,0.0,0,0,0,0,0.0297509999945759,0.0424630840425379,0.0036815840285271,0.2815997910220176,,S1
local_ids,97,S1_isolated,1,0.0,1,2,0,0,0.5,1.0,0.6666666666666666,1.0,0.0,0.8709027777777778,0.8854857153953888,0,57,0.3333333333333333,1.0,0.5,1,2,1.0,1.0,1.0,1.0,0.0,0,0,0,0,,,,0.1600713750231079,0.0,S1
local_ids,37,S1_isolated,1,0.0,1,2,0,0,0.5,1.0,0.6666666666666666,1.0,0.0,0.9418055555555556,0.9444651885818698,0,80,0.3333333333333333,1.0,0.5,1,2,1.0,1.0,1.0,1.0,0.0,0,0,0,0,,,,0.153208417003043,0.0,S1
fcgnn,83,S1_isolated,1,0.0,1,2,0,0,0.5,1.0,0.6666666666666666,1.0,0.0,0.9022222222222224,0.9072425568493164,0,70,0.3333333333333333,1.0,0.5,1,2,1.0,1.0,1.0,1.0,0.0,0,0,0,0,0.034075915988069,0.0422046669991686,0.0029044169932603,0.3104745830059983,,S1
fcgnn,53,S1_isolated,1,0.0,1,1,0,0,0.6666666666666666,1.0,0.8,1.0,0.0,0.9991666666666666,0.9995972222222222,0,36,0.5,1.0,0.6666666666666666,1,1,1.0,1.0,1.0,1.0,0.0,0,0,0,0,0.023824332980439,0.0418250830261968,0.0028493750141933,0.2739099999889731,,S1
fcgnn,11,S1_isolated,1,0.0,1,2,0,0,0.5,1.0,0.6666666666666666,1.0,0.0,0.9036111111111113,0.9109348939550715,0,67,0.3333333333333333,1.0,0.5,1,2,1.0,1.0,1.0,1.0,0.0,0,0,0,0,0.0295164170092903,0.0412144580041058,0.0029092910117469,0.2420982920448295,,S1
fcgnn,11,S1_isolated,1,0.0,1,2,0,0,0.5,1.0,0.6666666666666666,1.0,0.0,0.9036111111111113,0.9109348939550715,0,67,0.3333333333333333,1.0,0.5,1,2,1.0,1.0,1.0,1.0,0.0,0,0,0,0,0.0286390000255778,0.0391526659950614,0.0029799159965477,0.2355063330032862,,S1
local_ids,11,S1_isolated,1,0.0,1,2,0,0,0.5,1.0,0.6666666666666666,1.0,0.0,0.9036111111111113,0.9109348939550715,0,67,0.3333333333333333,1.0,0.5,1,2,1.0,1.0,1.0,1.0,0.0,0,0,0,0,,,,0.1510507499915547,0.0,S1
local_ids,101,S1_isolated,1,0.0,1,2,0,0,0.5,1.0,0.6666666666666666,1.0,0.0,0.9041666666666668,0.9091637429712394,0,64,0.3333333333333333,1.0,0.5,1,2,1.0,1.0,1.0,1.0,0.0,0,0,0,0,,,,0.1539201660198159,0.0,S1
standard_gnn,83,S1_isolated,1,0.0,1,2,0,0,0.5,1.0,0.6666666666666666,1.0,0.0,0.9022222222222224,0.9072425568493164,0,70,0.3333333333333333,1.0,0.5,1,2,0.0,0.0,0.0,0.0,0.5,1,0,0,10,0.0272030000342056,0.0367649580002762,0.0035308329970575,0.2727709169848822,,S1
local_ids,71,S1_isolated,1,0.0,1,1,0,0,0.6666666666666666,1.0,0.8,1.0,0.0,0.9969444444444444,0.9984473310597928,0,32,0.5,1.0,0.6666666666666666,1,1,1.0,1.0,1.0,1.0,0.0,0,0,0,0,,,,0.1510039159911684,0.0,S1
descriptor_clustering,11,S1_isolated,1,0.0,1,2,0,0,0.5,1.0,0.6666666666666666,1.0,0.0,0.9036111111111113,0.9109348939550715,0,67,0.3333333333333333,1.0,0.5,1,2,1.0,1.0,1.0,1.0,0.0,0,0,0,0,0.029820459021721,,0.0015445000026375,0.1940963339875452,,S1
descriptor_clustering,41,S1_isolated,1,0.0,1,2,0,0,0.5,1.0,0.6666666666666666,1.0,0.0,0.91125,0.9142202684030152,0,73,0.3333333333333333,1.0,0.5,1,2,1.0,1.0,1.0,1.0,0.0,0,0,0,0,0.0314894579933024,,0.0017509159515611,0.2554599170107394,,S1
local_ids,41,S1_isolated,1,0.0,1,2,0,0,0.5,1.0,0.6666666666666666,1.0,0.0,0.91125,0.9142202684030152,0,73,0.3333333333333333,1.0,0.5,1,2,1.0,1.0,1.0,1.0,0.0,0,0,0,0,,,,0.1962816670420579,0.0,S1
local_ids,53,S1_isolated,1,0.0,1,1,0,0,0.6666666666666666,1.0,0.8,1.0,0.0,0.9991666666666666,0.9995972222222222,0,36,0.5,1.0,0.6666666666666666,1,1,1.0,1.0,1.0,1.0,0.0,0,0,0,0,,,,0.2015000419924035,0.0,S1
standard_gnn,23,S1_isolated,1,0.0,1,1,0,0,0.6666666666666666,1.0,0.8,1.0,0.0,0.9997222222222222,0.9998616850321396,0,36,0.5,1.0,0.6666666666666666,1,1,0.0,0.0,0.0,0.0,0.5,1,0,0,30,0.0227764160372316,0.0359805829939432,0.003173625038471,0.2207057080231607,,S1
standard_gnn,11,S1_isolated,1,0.0,1,2,0,0,0.5,1.0,0.6666666666666666,1.0,0.0,0.9036111111111113,0.9109348939550715,0,67,0.3333333333333333,1.0,0.5,1,2,1.0,1.0,1.0,1.0,0.0,0,0,0,0,0.0293327079853042,0.0367227499955333,0.0031203330145217,0.2333321250043809,,S1
standard_gnn,37,S1_isolated,1,0.0,1,2,0,0,0.5,1.0,0.6666666666666666,1.0,0.0,0.9418055555555556,0.9444651885818698,0,80,0.3333333333333333,1.0,0.5,1,2,1.0,1.0,1.0,1.0,0.0,0,0,0,0,0.0288112499983981,0.0366368750110268,0.0028036249568685,0.2254075829987414,,S1
descriptor_clustering,37,S1_isolated,1,0.0,1,2,0,0,0.5,1.0,0.6666666666666666,1.0,0.0,0.9418055555555556,0.9444651885818698,0,80,0.3333333333333333,1.0,0.5,1,2,1.0,1.0,1.0,1.0,0.0,0,0,0,0,0.025912832992617,,0.0013188340235501,0.1949945419910363,,S1
standard_gnn,101,S1_isolated,1,0.0,1,2,0,0,0.5,1.0,0.6666666666666666,1.0,0.0,0.9041666666666668,0.9091637429712394,0,64,0.3333333333333333,1.0,0.5,1,2,1.0,1.0,1.0,1.0,0.0,0,0,0,0,0.0278913750080391,0.0419215419678948,0.003196083009243,0.2368763329577632,,S1
descriptor_clustering,101,S1_isolated,1,0.0,1,2,0,0,0.5,1.0,0.6666666666666666,1.0,0.0,0.9041666666666668,0.9091637429712394,0,64,0.3333333333333333,1.0,0.5,1,2,1.0,1.0,1.0,1.0,0.0,0,0,0,0,0.0277544170385226,,0.0014834580360911,0.1963077079853974,,S1
standard_gnn,97,S1_isolated,1,0.0,1,2,0,0,0.5,1.0,0.6666666666666666,1.0,0.0,0.8709027777777778,0.8854857153953888,0,57,0.3333333333333333,1.0,0.5,1,2,1.0,1.0,1.0,1.0,0.0,0,0,0,0,0.0312210420379415,0.0405708329635672,0.0028639170341193,0.2480857920018024,,S1
descriptor_clustering,53,S1_isolated,1,0.0,1,1,0,0,0.6666666666666666,1.0,0.8,1.0,0.0,0.9991666666666666,0.9995972222222222,0,36,0.5,1.0,0.6666666666666666,1,1,1.0,1.0,1.0,1.0,0.0,0,0,0,0,0.025367208989337,,0.0012956670252606,0.2315946249873377,,S1
local_ids,23,S1_isolated,1,0.0,1,1,0,0,0.6666666666666666,1.0,0.8,1.0,0.0,0.9997222222222222,0.9998616850321396,0,36,0.5,1.0,0.6666666666666666,1,1,1.0,1.0,1.0,1.0,0.0,0,0,0,0,,,,0.1521782909985631,0.0,S1
fcgnn,67,S1_isolated,1,0.0,1,1,0,0,0.6666666666666666,1.0,0.8,1.0,0.0,0.9997222222222222,0.9998616850321396,0,37,0.5,1.0,0.6666666666666666,1,1,1.0,1.0,1.0,1.0,0.0,0,0,0,0,0.0263887500041164,0.0415162499994039,0.0029582920251414,0.2351771249668672,,S1
standard_gnn,71,S1_isolated,1,0.0,1,1,0,0,0.6666666666666666,1.0,0.8,1.0,0.0,0.9969444444444444,0.9984473310597928,0,32,0.5,1.0,0.6666666666666666,1,1,1.0,1.0,1.0,1.0,0.0,0,0,0,0,0.0232950000208802,0.0325247500441037,0.0026642080047167,0.2159530830103904,,S1
standard_gnn,67,S1_isolated,1,0.0,1,1,0,0,0.6666666666666666,1.0,0.8,1.0,0.0,0.9997222222222222,0.9998616850321396,0,37,0.5,1.0,0.6666666666666666,1,1,1.0,1.0,1.0,1.0,0.0,0,0,0,0,0.0223089169594459,0.0358305829577147,0.0035706660128198,0.2198210419737734,,S1
local_ids,83,S1_isolated,1,0.0,1,2,0,0,0.5,1.0,0.6666666666666666,1.0,0.0,0.9022222222222224,0.9072425568493164,0,70,0.3333333333333333,1.0,0.5,1,2,1.0,1.0,1.0,1.0,0.0,0,0,0,0,,,,0.1988697500200942,0.0,S1
standard_gnn,11,S1_isolated,1,0.0,1,2,0,0,0.5,1.0,0.6666666666666666,1.0,0.0,0.9036111111111113,0.9109348939550715,0,67,0.3333333333333333,1.0,0.5,1,2,1.0,1.0,1.0,1.0,0.0,0,0,0,0,0.0284929999615997,0.0378875419846735,0.0030366249848157,0.2382814580341801,,S1
fcgnn,71,S1_isolated,1,0.0,1,1,0,0,0.6666666666666666,1.0,0.8,1.0,0.0,0.9969444444444444,0.9984473310597928,0,32,0.5,1.0,0.6666666666666666,1,1,1.0,1.0,1.0,1.0,0.0,0,0,0,0,0.0234461670042946,0.0357202079612761,0.0028664580313488,0.2127404999919235,,S1
descriptor_clustering,83,S1_isolated,1,0.0,1,2,0,0,0.5,1.0,0.6666666666666666,1.0,0.0,0.9022222222222224,0.9072425568493164,0,70,0.3333333333333333,1.0,0.5,1,2,1.0,1.0,1.0,1.0,0.0,0,0,0,0,0.0315768339787609,,0.001418542000465,0.2502045419532805,,S1
descriptor_clustering,11,S1_isolated,1,0.0,1,2,0,0,0.5,1.0,0.6666666666666666,1.0,0.0,0.9036111111111113,0.9109348939550715,0,67,0.3333333333333333,1.0,0.5,1,2,1.0,1.0,1.0,1.0,0.0,0,0,0,0,0.0288600419880822,,0.0016244589933194,0.2653123330092057,,S1
descriptor_clustering,23,S1_isolated,1,0.0,1,1,0,0,0.6666666666666666,1.0,0.8,1.0,0.0,0.9997222222222222,0.9998616850321396,0,36,0.5,1.0,0.6666666666666666,1,1,1.0,1.0,1.0,1.0,0.0,0,0,0,0,0.0231804170180112,,0.0017344999941997,0.1889441660023294,,S1
local_ids,11,S1_isolated,1,0.0,1,2,0,0,0.5,1.0,0.6666666666666666,1.0,0.0,0.9036111111111113,0.9109348939550715,0,67,0.3333333333333333,1.0,0.5,1,2,1.0,1.0,1.0,1.0,0.0,0,0,0,0,,,,0.164083041017875,0.0,S1
fcgnn,23,S1_isolated,1,0.0,1,1,0,0,0.6666666666666666,1.0,0.8,1.0,0.0,0.9997222222222222,0.9998616850321396,0,36,0.5,1.0,0.6666666666666666,1,1,1.0,1.0,1.0,1.0,0.0,0,0,0,0,0.0226600000169128,0.0405518329935148,0.0027081250445917,0.2290472089662216,,S1
local_ids,67,S1_isolated,1,0.0,1,1,0,0,0.6666666666666666,1.0,0.8,1.0,0.0,0.9997222222222222,0.9998616850321396,0,37,0.5,1.0,0.6666666666666666,1,1,1.0,1.0,1.0,1.0,0.0,0,0,0,0,,,,0.1486416249535977,0.0,S1
local_ids,71,S2_non_coordinated,10,0.25,10,1,0,0,0.2125984251968504,1.0,0.3506493506493506,1.0,0.0,0.9499588477366254,0.8962316651173461,0,178,0.9090909090909092,1.0,0.9523809523809524,10,1,1.0,1.0,1.0,1.0,0.0,0,10,0,0,,,,0.2764706250163726,0.0,S2
fcgnn,53,S2_non_coordinated,10,0.0,10,1,0,0,0.2207792207792207,1.0,0.3617021276595745,1.0,0.0,0.9612549019607844,0.9258897419100875,0,181,0.9090909090909092,1.0,0.9523809523809524,10,1,0.0,0.0,0.0,0.0,0.6666666666666666,2,10,0,39,0.047528333030641,0.1679894999833777,0.0082622499903664,0.6133073329692706,,S2
fcgnn,97,S2_non_coordinated,5,0.0,5,1,0,0,0.1428571428571428,1.0,0.25,1.0,0.0,1.0,1.0,0,177,0.8333333333333334,1.0,0.9090909090909092,5,1,0.0,0.0,0.0,0.0,0.6666666666666666,2,5,0,73,0.0394913330092094,0.0502986250212416,0.0035142499837093,0.4708355420152657,,S2
descriptor_clustering,97,S2_non_coordinated,10,0.0,10,1,0,0,0.25,1.0,0.4,1.0,0.0,0.9998,0.9994339622641508,0,177,0.9090909090909092,1.0,0.9523809523809524,10,1,0.0,0.0,0.0,0.0,0.5,1,10,1,70,0.0493819999974221,,0.0022358749993145,0.3558564999839291,,S2
local_ids,41,S2_non_coordinated,10,0.0,10,1,0,0,0.2385786802030456,1.0,0.3852459016393442,1.0,0.0,0.9737056737588652,0.9478363049990268,0,168,0.9090909090909092,1.0,0.9523809523809524,10,1,1.0,1.0,1.0,1.0,0.0,0,10,0,0,,,,0.270833374990616,0.0,S2
fcgnn,67,S2_non_coordinated,10,0.25,10,1,0,0,0.1825613079019073,1.0,0.3087557603686636,1.0,0.0,0.9555721393034826,0.8939922351551733,0,175,0.9090909090909092,1.0,0.9523809523809524,10,1,0.0,0.0,0.0,0.0,0.6666666666666666,2,10,0,108,0.0442385000060312,0.0549895840231329,0.0034558330080471,0.3991811670130119,,S2
fcgnn,11,S2_non_coordinated,10,0.0,10,1,0,0,0.2248062015503876,1.0,0.3670886075949367,1.0,0.0,0.9539080459770116,0.9042833774452826,0,183,0.9090909090909092,1.0,0.9523809523809524,10,1,0.0,0.0,0.0,0.0,0.75,3,10,0,245,0.0469624999677762,0.0536594580044038,0.0035675420076586,0.492544665990863,,S2
standard_gnn,101,S2_non_coordinated,5,0.25,5,1,0,0,0.127906976744186,1.0,0.2268041237113402,1.0,0.0,0.9344696969696972,0.8042765966665713,0,175,0.8333333333333334,1.0,0.9090909090909092,5,1,0.0,0.0,0.0,0.0,0.5,1,5,1,14,0.0382197080180048,0.0464919169899076,0.0038509590085595,0.3790795829845592,,S2
local_ids,23,S2_non_coordinated,10,0.0,10,1,0,0,0.2366412213740458,1.0,0.382716049382716,1.0,0.0,0.9942652329749104,0.9899938814787012,0,174,0.9090909090909092,1.0,0.9523809523809524,10,1,1.0,1.0,1.0,1.0,0.0,0,10,0,0,,,,0.3317117500118911,0.0,S2
local_ids,23,S2_non_coordinated,10,0.25,10,1,0,0,0.2366412213740458,1.0,0.382716049382716,1.0,0.0,0.9942652329749104,0.9899938814787012,0,174,0.9090909090909092,1.0,0.9523809523809524,10,1,1.0,1.0,1.0,1.0,0.0,0,10,0,0,,,,0.2684054170385934,0.0,S2
standard_gnn,11,S2_non_coordinated,10,0.25,10,1,0,0,0.2248062015503876,1.0,0.3670886075949367,1.0,0.0,0.9539080459770116,0.9042833774452826,0,183,0.9090909090909092,1.0,0.9523809523809524,10,1,0.0,0.0,0.0,0.0,0.8,4,10,0,94,0.0451295420061796,0.0578717499738559,0.0041566669824533,0.401172415993642,,S2
descriptor_clustering,11,S2_non_coordinated,10,0.25,10,1,0,0,0.2248062015503876,1.0,0.3670886075949367,1.0,0.0,0.9539080459770116,0.9042833774452826,0,183,0.9090909090909092,1.0,0.9523809523809524,10,1,0.0,0.0,0.0,0.0,0.6666666666666666,2,10,0,126,0.0445050839916802,,0.0020796250319108,0.338364334020298,,S2
descriptor_clustering,41,S2_non_coordinated,5,0.0,5,1,0,0,0.1428571428571428,1.0,0.25,1.0,0.0,0.9998333333333332,0.9988307692307692,0,168,0.8333333333333334,1.0,0.9090909090909092,5,1,0.0,0.0,0.0,0.0,0.5,1,5,1,29,0.0430992079782299,,0.0021843330468982,0.3494599160039797,,S2
descriptor_clustering,23,S2_non_coordinated,5,0.25,5,1,0,0,0.1428571428571428,1.0,0.25,1.0,0.0,1.0,1.0,0,174,0.8333333333333334,1.0,0.9090909090909092,5,1,0.0,0.0,0.0,0.0,0.5,1,5,1,44,0.0420629580039531,,0.0020449589937925,0.3380761669832282,,S2
descriptor_clustering,53,S2_non_coordinated,10,0.0,10,1,0,0,0.2207792207792207,1.0,0.3617021276595745,1.0,0.0,0.9612549019607844,0.9258897419100875,0,181,0.9090909090909092,1.0,0.9523809523809524,10,1,0.0,0.0,0.0,0.0,0.6666666666666666,2,10,0,53,0.0478424580069258,,0.0022705840528942,0.3553856250364333,,S2
descriptor_clustering,53,S2_non_coordinated,2,0.25,2,1,0,0,0.0625,1.0,0.1176470588235294,1.0,0.0,1.0,1.0,0,181,0.6666666666666666,1.0,0.8,2,1,1.0,1.0,1.0,1.0,0.0,0,2,0,0,0.0343143750214949,,0.0019522500224411,0.3200869580032304,,S2
standard_gnn,71,S2_non_coordinated,2,0.0,2,1,0,0,0.0536277602523659,1.0,0.1017964071856287,1.0,0.0,0.9368627450980392,0.7074841624278903,0,178,0.6666666666666666,1.0,0.8,2,1,1.0,1.0,1.0,1.0,0.0,0,2,0,0,0.0359515000018291,0.0487760000396519,0.0030834999633952,0.4545185000170022,,S2
fcgnn,83,S2_non_coordinated,2,0.25,2,1,0,0,0.0625,1.0,0.1176470588235294,1.0,0.0,1.0,1.0,0,193,0.6666666666666666,1.0,0.8,2,1,1.0,1.0,1.0,1.0,0.0,0,2,0,0,0.0440926669980399,0.0525382089545019,0.0033046250464394,0.4297606669715605,,S2
standard_gnn,83,S2_non_coordinated,5,0.25,5,1,0,0,0.1404011461318051,1.0,0.2462311557788944,1.0,0.0,0.9985034013605444,0.99326826382727,0,193,0.8333333333333334,1.0,0.9090909090909092,5,1,0.0,0.0,0.0,0.0,0.5,1,5,1,23,0.0427851659478619,0.0476763749611564,0.0032020000508055,0.4708407499711029,,S2
fcgnn,37,S2_non_coordinated,5,0.0,5,1,0,0,0.1428571428571428,1.0,0.25,1.0,0.0,1.0,1.0,0,186,0.8333333333333334,1.0,0.9090909090909092,5,1,0.0,0.0,0.0,0.0,0.5,1,5,1,20,0.0384341660537757,0.0559100410318933,0.0034612919553183,0.4648855419945903,,S2
fcgnn,11,S2_non_coordinated,2,0.0,2,1,0,0,0.032258064516129,1.0,0.0625,1.0,0.0,0.777,0.077330487368208,0,183,0.6666666666666666,1.0,0.8,2,1,0.0,0.0,0.0,0.0,0.6666666666666666,2,2,0,21,0.0339634580304846,0.0559355419827625,0.0043279170058667,0.3578002919675782,,S2
descriptor_clustering,67,S2_non_coordinated,5,0.0,5,1,0,0,0.0909090909090909,1.0,0.1666666666666666,1.0,0.0,0.9374444444444444,0.7836185492648365,0,175,0.8333333333333334,1.0,0.9090909090909092,5,1,0.0,0.0,0.0,0.0,0.5,1,5,1,18,0.0389889159705489,,0.0018879590206779,0.4099629580159671,,S2
local_ids,37,S2_non_coordinated,2,0.0,2,1,0,0,0.0625,1.0,0.1176470588235294,1.0,0.0,1.0,1.0,0,186,0.6666666666666666,1.0,0.8,2,1,1.0,1.0,1.0,1.0,0.0,0,2,0,0,,,,0.3751079170033335,0.0,S2
local_ids,97,S2_non_coordinated,10,0.25,10,1,0,0,0.25,1.0,0.4,1.0,0.0,0.9998,0.9994339622641508,0,177,0.9090909090909092,1.0,0.9523809523809524,10,1,1.0,1.0,1.0,1.0,0.0,0,10,0,0,,,,0.281902540998999,0.0,S2
fcgnn,71,S2_non_coordinated,2,0.0,2,1,0,0,0.0536277602523659,1.0,0.1017964071856287,1.0,0.0,0.9368627450980392,0.7074841624278903,0,178,0.6666666666666666,1.0,0.8,2,1,1.0,1.0,1.0,1.0,0.0,0,2,0,0,0.035581916978117,0.0545038330019451,0.0030368330189958,0.3722940839943476,,S2
fcgnn,67,S2_non_coordinated,5,0.25,5,1,0,0,0.0909090909090909,1.0,0.1666666666666666,1.0,0.0,0.9374444444444444,0.7836185492648365,0,175,0.8333333333333334,1.0,0.9090909090909092,5,1,0.0,0.0,0.0,0.0,0.6666666666666666,2,5,0,57,0.0373526249895803,0.053547499992419,0.0032738340087234,0.3814317089854739,,S2
descriptor_clustering,53,S2_non_coordinated,10,0.25,10,1,0,0,0.2207792207792207,1.0,0.3617021276595745,1.0,0.0,0.9612549019607844,0.9258897419100875,0,181,0.9090909090909092,1.0,0.9523809523809524,10,1,0.0,0.0,0.0,0.0,0.6666666666666666,2,10,0,53,0.0460180419613607,,0.0021008750190958,0.3437358340015635,,S2
fcgnn,11,S2_non_coordinated,10,0.25,10,1,0,0,0.2248062015503876,1.0,0.3670886075949367,1.0,0.0,0.9539080459770116,0.9042833774452826,0,183,0.9090909090909092,1.0,0.9523809523809524,10,1,0.0,0.0,0.0,0.0,0.75,3,10,0,245,0.0438794170040637,0.0488447920070029,0.0032557499944232,0.460923750011716,,S2
local_ids,23,S2_non_coordinated,5,0.0,5,1,0,0,0.1428571428571428,1.0,0.25,1.0,0.0,1.0,1.0,0,174,0.8333333333333334,1.0,0.9090909090909092,5,1,1.0,1.0,1.0,1.0,0.0,0,5,0,0,,,,0.2684365840395912,0.0,S2
standard_gnn,83,S2_non_coordinated,2,0.0,2,1,0,0,0.0625,1.0,0.1176470588235294,1.0,0.0,1.0,1.0,0,193,0.6666666666666666,1.0,0.8,2,1,1.0,1.0,1.0,1.0,0.0,0,2,0,0,0.0373178749578073,0.0474954160163179,0.0035364170325919,0.3751202080165967,,S2
descriptor_clustering,83,S2_non_coordinated,5,0.0,5,1,0,0,0.1404011461318051,1.0,0.2462311557788944,1.0,0.0,0.9985034013605444,0.99326826382727,0,193,0.8333333333333334,1.0,0.9090909090909092,5,1,0.0,0.0,0.0,0.0,0.5,1,5,1,24,0.0407137089641764,,0.0018651659484021,0.4277771250344813,,S2
standard_gnn,67,S2_non_coordinated,10,0.25,10,1,0,0,0.1825613079019073,1.0,0.3087557603686636,1.0,0.0,0.9555721393034826,0.8939922351551733,0,175,0.9090909090909092,1.0,0.9523809523809524,10,1,0.0,0.0,0.0,0.0,0.6666666666666666,2,10,0,79,0.0448687090538442,0.0513427500263787,0.0033937079715542,0.3948522910359315,,S2
descriptor_clustering,53,S2_non_coordinated,5,0.25,5,1,0,0,0.1329479768786127,1.0,0.2346938775510204,1.0,0.0,0.9760869565217392,0.932456824617277,0,181,0.8333333333333334,1.0,0.9090909090909092,5,1,0.0,0.0,0.0,0.0,0.5,1,5,1,14,0.0389057919965125,,0.0019614580087363,0.3180934579577297,,S2
standard_gnn,37,S2_non_coordinated,5,0.25,5,1,0,0,0.1428571428571428,1.0,0.25,1.0,0.0,1.0,1.0,0,186,0.8333333333333334,1.0,0.9090909090909092,5,1,0.0,0.0,0.0,0.0,0.5,1,5,1,10,0.0412948750308714,0.050763541017659,0.0034728340106084,0.3864187080180272,,S2
descriptor_clustering,11,S2_non_coordinated,10,0.25,10,1,0,0,0.2248062015503876,1.0,0.3670886075949367,1.0,0.0,0.9539080459770116,0.9042833774452826,0,183,0.9090909090909092,1.0,0.9523809523809524,10,1,0.0,0.0,0.0,0.0,0.6666666666666666,2,10,0,126,0.0527203329838812,,0.0019821249879896,0.3499934159917757,,S2
local_ids,11,S2_non_coordinated,5,0.0,5,1,0,0,0.1176470588235294,1.0,0.2105263157894736,1.0,0.0,0.943,0.8257073696193494,0,183,0.8333333333333334,1.0,0.9090909090909092,5,1,1.0,1.0,1.0,1.0,0.0,0,5,0,0,,,,0.345461749995593,0.0,S2
standard_gnn,11,S2_non_coordinated,5,0.0,5,1,0,0,0.1176470588235294,1.0,0.2105263157894736,1.0,0.0,0.943,0.8257073696193494,0,183,0.8333333333333334,1.0,0.9090909090909092,5,1,0.0,0.0,0.0,0.0,0.5,1,5,1,10,0.0395872499793767,0.0506607090355828,0.0041791659896261,0.3843018329935148,,S2
descriptor_clustering,11,S2_non_coordinated,2,0.25,2,1,0,0,0.032258064516129,1.0,0.0625,1.0,0.0,0.777,0.077330487368208,0,183,0.6666666666666666,1.0,0.8,2,1,1.0,1.0,1.0,1.0,0.0,0,2,0,0,0.0330712079885415,,0.0017526249866932,0.3090769169502891,,S2
local_ids,11,S2_non_coordinated,5,0.25,5,1,0,0,0.1176470588235294,1.0,0.2105263157894736,1.0,0.0,0.943,0.8257073696193494,0,183,0.8333333333333334,1.0,0.9090909090909092,5,1,1.0,1.0,1.0,1.0,0.0,0,5,0,0,,,,0.3333903750171885,0.0,S2
descriptor_clustering,41,S2_non_coordinated,2,0.25,2,1,0,0,0.0625,1.0,0.1176470588235294,1.0,0.0,0.9995833333333332,0.9929545454545454,0,168,0.6666666666666666,1.0,0.8,2,1,0.0,0.0,0.0,0.0,0.5,1,2,1,21,0.03393395798048,,0.0017588749760761,0.309693832998164,,S2
fcgnn,67,S2_non_coordinated,2,0.25,2,1,0,0,0.0476190476190476,1.0,0.0909090909090909,1.0,0.0,0.95,0.7512363683662887,0,175,0.6666666666666666,1.0,0.8,2,1,1.0,1.0,1.0,1.0,0.0,0,2,0,0,0.0366092500044032,0.0552071669953875,0.0031713750213384,0.3789237500168383,,S2
fcgnn,23,S2_non_coordinated,2,0.25,2,1,0,0,0.0625,1.0,0.1176470588235294,1.0,0.0,1.0,1.0,0,174,0.6666666666666666,1.0,0.8,2,1,0.0,0.0,0.0,0.0,0.5,1,2,1,14,0.0349647090188227,0.0540855000144802,0.0032205830211751,0.3676063750172034,,S2
local_ids,11,S2_non_coordinated,2,0.25,2,1,0,0,0.032258064516129,1.0,0.0625,1.0,0.0,0.777,0.077330487368208,0,183,0.6666666666666666,1.0,0.8,2,1,1.0,1.0,1.0,1.0,0.0,0,2,0,0,,,,0.2626876249560155,0.0,S2
standard_gnn,53,S2_non_coordinated,5,0.0,5,1,0,0,0.1329479768786127,1.0,0.2346938775510204,1.0,0.0,0.9760869565217392,0.932456824617277,0,181,0.8333333333333334,1.0,0.9090909090909092,5,1,1.0,1.0,1.0,1.0,0.0,0,5,0,0,0.0374168750131502,0.0502034579985775,0.0028804590110667,0.3616843749769032,,S2
descriptor_clustering,37,S2_non_coordinated,10,0.0,10,1,0,0,0.2346938775510204,1.0,0.3801652892561983,1.0,0.0,0.9784420289855074,0.9580723862755244,0,186,0.9090909090909092,1.0,0.9523809523809524,10,1,0.0,0.0,0.0,0.0,0.6666666666666666,2,10,0,122,0.0444546670187264,,0.0022330830106511,0.4112427089712582,,S2
fcgnn,97,S2_non_coordinated,10,0.0,10,1,0,0,0.25,1.0,0.4,1.0,0.0,0.9998,0.9994339622641508,0,177,0.9090909090909092,1.0,0.9523809523809524,10,1,0.0,0.0,0.0,0.0,0.5,1,10,1,48,0.0488219590042717,0.0557034170487895,0.0036828750162385,0.4079573749913834,,S2
descriptor_clustering,11,S2_non_coordinated,2,0.25,2,1,0,0,0.032258064516129,1.0,0.0625,1.0,0.0,0.777,0.077330487368208,0,183,0.6666666666666666,1.0,0.8,2,1,1.0,1.0,1.0,1.0,0.0,0,2,0,0,0.0367887499742209,,0.00195404200349,0.3346261249971576,,S2
local_ids,71,S2_non_coordinated,2,0.0,2,1,0,0,0.0536277602523659,1.0,0.1017964071856287,1.0,0.0,0.9368627450980392,0.7074841624278903,0,178,0.6666666666666666,1.0,0.8,2,1,1.0,1.0,1.0,1.0,0.0,0,2,0,0,,,,0.2694348330260254,0.0,S2
standard_gnn,53,S2_non_coordinated,2,0.0,2,1,0,0,0.0625,1.0,0.1176470588235294,1.0,0.0,1.0,1.0,0,181,0.6666666666666666,1.0,0.8,2,1,1.0,1.0,1.0,1.0,0.0,0,2,0,0,0.034708333958406,0.04691749997437,0.0030470000347122,0.3536382499733008,,S2
fcgnn,23,S2_non_coordinated,5,0.0,5,1,0,0,0.1428571428571428,1.0,0.25,1.0,0.0,1.0,1.0,0,174,0.8333333333333334,1.0,0.9090909090909092,5,1,0.0,0.0,0.0,0.0,0.5,1,5,1,21,0.0381589580210857,0.0555117500480264,0.0033652919810265,0.3632920419913716,,S2
standard_gnn,83,S2_non_coordinated,10,0.0,10,1,0,0,0.2268041237113402,1.0,0.3697478991596639,1.0,0.0,0.9731439393939394,0.9507058605534704,0,193,0.9090909090909092,1.0,0.9523809523809524,10,1,0.0,0.0,0.0,0.0,0.6666666666666666,2,10,0,28,0.0456821660045534,0.050004374992568,0.0036189589882269,0.386369333951734,,S2
fcgnn,83,S2_non_coordinated,5,0.0,5,1,0,0,0.1404011461318051,1.0,0.2462311557788944,1.0,0.0,0.9985034013605444,0.99326826382727,0,193,0.8333333333333334,1.0,0.9090909090909092,5,1,0.0,0.0,0.0,0.0,0.6666666666666666,2,5,0,52,0.0410939580178819,0.0514125420013442,0.003570833010599,0.3887033330393024,,S2
descriptor_clustering,37,S2_non_coordinated,10,0.25,10,1,0,0,0.2346938775510204,1.0,0.3801652892561983,1.0,0.0,0.9784420289855074,0.9580723862755244,0,186,0.9090909090909092,1.0,0.9523809523809524,10,1,0.0,0.0,0.0,0.0,0.6666666666666666,2,10,0,122,0.0448819590383209,,0.0021223750081844,0.4324191670166328,,S2
standard_gnn,11,S2_non_coordinated,2,0.0,2,1,0,0,0.032258064516129,1.0,0.0625,1.0,0.0,0.777,0.077330487368208,0,183,0.6666666666666666,1.0,0.8,2,1,0.0,0.0,0.0,0.0,0.5,1,2,1,11,0.0326876670005731,0.0444022919982671,0.0032402499928139,0.4980178750120103,,S2
local_ids,97,S2_non_coordinated,10,0.0,10,1,0,0,0.25,1.0,0.4,1.0,0.0,0.9998,0.9994339622641508,0,177,0.9090909090909092,1.0,0.9523809523809524,10,1,1.0,1.0,1.0,1.0,0.0,0,10,0,0,,,,0.3672060839598998,0.0,S2
fcgnn,53,S2_non_coordinated,5,0.0,5,1,0,0,0.1329479768786127,1.0,0.2346938775510204,1.0,0.0,0.9760869565217392,0.932456824617277,0,181,0.8333333333333334,1.0,0.9090909090909092,5,1,0.0,0.0,0.0,0.0,0.5,1,5,1,74,0.0925662910449318,0.0504944580025039,0.0030747920391149,0.4454853750066831,,S2
standard_gnn,53,S2_non_coordinated,5,0.25,5,1,0,0,0.1329479768786127,1.0,0.2346938775510204,1.0,0.0,0.9760869565217392,0.932456824617277,0,181,0.8333333333333334,1.0,0.9090909090909092,5,1,1.0,1.0,1.0,1.0,0.0,0,5,0,0,0.0417791670188307,0.0549870419781655,0.002883750014007,0.4689437500201165,,S2
descriptor_clustering,23,S2_non_coordinated,10,0.0,10,1,0,0,0.2366412213740458,1.0,0.382716049382716,1.0,0.0,0.9942652329749104,0.9899938814787012,0,174,0.9090909090909092,1.0,0.9523809523809524,10,1,0.0,0.0,0.0,0.0,0.6666666666666666,2,10,0,85,0.0496822080458514,,0.00198633299442,0.3537712920224294,,S2
descriptor_clustering,101,S2_non_coordinated,5,0.0,5,1,0,0,0.127906976744186,1.0,0.2268041237113402,1.0,0.0,0.9344696969696972,0.8042765966665713,0,175,0.8333333333333334,1.0,0.9090909090909092,5,1,0.0,0.0,0.0,0.0,0.5,1,5,1,16,0.040629125025589,,0.0020675410050898,0.380806291999761,,S2
standard_gnn,23,S2_non_coordinated,2,0.0,2,1,0,0,0.0625,1.0,0.1176470588235294,1.0,0.0,1.0,1.0,0,174,0.6666666666666666,1.0,0.8,2,1,1.0,1.0,1.0,1.0,0.0,0,2,0,0,0.0354820830398239,0.0506699999677948,0.0027968749636784,0.3612633749726228,,S2
standard_gnn,71,S2_non_coordinated,10,0.25,10,1,0,0,0.2125984251968504,1.0,0.3506493506493506,1.0,0.0,0.9499588477366254,0.8962316651173461,0,178,0.9090909090909092,1.0,0.9523809523809524,10,1,0.0,0.0,0.0,0.0,0.75,3,10,0,177,0.1380472499877214,0.0569857090013101,0.0038702500169165,0.502781999995932,,S2
standard_gnn,67,S2_non_coordinated,10,0.0,10,1,0,0,0.1825613079019073,1.0,0.3087557603686636,1.0,0.0,0.9555721393034826,0.8939922351551733,0,175,0.9090909090909092,1.0,0.9523809523809524,10,1,0.0,0.0,0.0,0.0,0.6666666666666666,2,10,0,79,0.0423124589724466,0.0474470419576391,0.003330333973281,0.3750769589678384,,S2
standard_gnn,83,S2_non_coordinated,5,0.0,5,1,0,0,0.1404011461318051,1.0,0.2462311557788944,1.0,0.0,0.9985034013605444,0.99326826382727,0,193,0.8333333333333334,1.0,0.9090909090909092,5,1,0.0,0.0,0.0,0.0,0.5,1,5,1,23,0.0423280840041115,0.0508201670018024,0.0031459999736398,0.3904690829804167,,S2
standard_gnn,11,S2_non_coordinated,2,0.25,2,1,0,0,0.032258064516129,1.0,0.0625,1.0,0.0,0.777,0.077330487368208,0,183,0.6666666666666666,1.0,0.8,2,1,0.0,0.0,0.0,0.0,0.5,1,2,1,11,0.0358537090360187,0.04614908300573,0.0033957500127144,0.3604808339732699,,S2
fcgnn,97,S2_non_coordinated,5,0.25,5,1,0,0,0.1428571428571428,1.0,0.25,1.0,0.0,1.0,1.0,0,177,0.8333333333333334,1.0,0.9090909090909092,5,1,0.0,0.0,0.0,0.0,0.6666666666666666,2,5,0,73,0.0414515839656814,0.047688124992419,0.0033346670097671,0.3705194999929517,,S2
fcgnn,11,S2_non_coordinated,5,0.25,5,1,0,0,0.1176470588235294,1.0,0.2105263157894736,1.0,0.0,0.943,0.8257073696193494,0,183,0.8333333333333334,1.0,0.9090909090909092,5,1,0.0,0.0,0.0,0.0,0.6666666666666666,2,5,0,92,0.0404713330208323,0.0513970830361358,0.0033519169664941,0.3908049580059014,,S2
descriptor_clustering,37,S2_non_coordinated,2,0.0,2,1,0,0,0.0625,1.0,0.1176470588235294,1.0,0.0,1.0,1.0,0,186,0.6666666666666666,1.0,0.8,2,1,1.0,1.0,1.0,1.0,0.0,0,2,0,0,0.0343861249857582,,0.0018192079733125,0.3124923330033198,,S2
fcgnn,71,S2_non_coordinated,10,0.0,10,1,0,0,0.2125984251968504,1.0,0.3506493506493506,1.0,0.0,0.9499588477366254,0.8962316651173461,0,178,0.9090909090909092,1.0,0.9523809523809524,10,1,0.0,0.0,0.0,0.0,0.75,3,10,0,127,0.0433464589877985,0.0480428750161081,0.0033025409793481,0.3856242499896325,,S2
local_ids,97,S2_non_coordinated,5,0.25,5,1,0,0,0.1428571428571428,1.0,0.25,1.0,0.0,1.0,1.0,0,177,0.8333333333333334,1.0,0.9090909090909092,5,1,1.0,1.0,1.0,1.0,0.0,0,5,0,0,,,,0.3374445419758558,0.0,S2
local_ids,83,S2_non_coordinated,10,0.0,10,1,0,0,0.2268041237113402,1.0,0.3697478991596639,1.0,0.0,0.9731439393939394,0.9507058605534704,0,193,0.9090909090909092,1.0,0.9523809523809524,10,1,1.0,1.0,1.0,1.0,0.0,0,10,0,0,,,,0.2637485419982113,0.0,S2
descriptor_clustering,53,S2_non_coordinated,5,0.0,5,1,0,0,0.1329479768786127,1.0,0.2346938775510204,1.0,0.0,0.9760869565217392,0.932456824617277,0,181,0.8333333333333334,1.0,0.9090909090909092,5,1,0.0,0.0,0.0,0.0,0.5,1,5,1,14,0.0386826670146547,,0.0019712079665623,0.405203917005565,,S2
standard_gnn,41,S2_non_coordinated,10,0.25,10,1,0,0,0.2385786802030456,1.0,0.3852459016393442,1.0,0.0,0.9737056737588652,0.9478363049990268,0,168,0.9090909090909092,1.0,0.9523809523809524,10,1,0.0,0.0,0.0,0.0,0.6666666666666666,2,10,0,23,0.0451171669992618,0.0539401659625582,0.0038645419990643,0.4685715410159901,,S2
fcgnn,101,S2_non_coordinated,2,0.25,2,1,0,0,0.0625,1.0,0.1176470588235294,1.0,0.0,0.9978333333333332,0.975037037037037,0,175,0.6666666666666666,1.0,0.8,2,1,1.0,1.0,1.0,1.0,0.0,0,2,0,0,0.0369163749855943,0.0513175000087358,0.0035996250226162,0.4651082080090418,,S2
descriptor_clustering,97,S2_non_coordinated,2,0.25,2,1,0,0,0.0625,1.0,0.1176470588235294,1.0,0.0,1.0,1.0,0,177,0.6666666666666666,1.0,0.8,2,1,1.0,1.0,1.0,1.0,0.0,0,2,0,0,0.037231000023894,,0.0019599999650381,0.4116158749675378,,S2
local_ids,97,S2_non_coordinated,5,0.0,5,1,0,0,0.1428571428571428,1.0,0.25,1.0,0.0,1.0,1.0,0,177,0.8333333333333334,1.0,0.9090909090909092,5,1,1.0,1.0,1.0,1.0,0.0,0,5,0,0,,,,0.2801494160084985,0.0,S2
standard_gnn,41,S2_non_coordinated,2,0.0,2,1,0,0,0.0625,1.0,0.1176470588235294,1.0,0.0,0.9995833333333332,0.9929545454545454,0,168,0.6666666666666666,1.0,0.8,2,1,1.0,1.0,1.0,1.0,0.0,0,2,0,0,0.0375162500422447,0.0453409169567748,0.0031715829973109,0.4556811249931343,,S2
local_ids,101,S2_non_coordinated,2,0.25,2,1,0,0,0.0625,1.0,0.1176470588235294,1.0,0.0,0.9978333333333332,0.975037037037037,0,175,0.6666666666666666,1.0,0.8,2,1,1.0,1.0,1.0,1.0,0.0,0,2,0,0,,,,0.2781287089455873,0.0,S2
descriptor_clustering,71,S2_non_coordinated,2,0.25,2,1,0,0,0.0536277602523659,1.0,0.1017964071856287,1.0,0.0,0.9368627450980392,0.7074841624278903,0,178,0.6666666666666666,1.0,0.8,2,1,1.0,1.0,1.0,1.0,0.0,0,2,0,0,0.0359785420005209,,0.0020863329991698,0.3362382920458913,,S2
descriptor_clustering,11,S2_non_coordinated,10,0.0,10,1,0,0,0.2248062015503876,1.0,0.3670886075949367,1.0,0.0,0.9539080459770116,0.9042833774452826,0,183,0.9090909090909092,1.0,0.9523809523809524,10,1,0.0,0.0,0.0,0.0,0.6666666666666666,2,10,0,126,0.0439749999786727,,0.0020539169781841,0.3386764580500312,,S2
local_ids,11,S2_non_coordinated,2,0.0,2,1,0,0,0.032258064516129,1.0,0.0625,1.0,0.0,0.777,0.077330487368208,0,183,0.6666666666666666,1.0,0.8,2,1,1.0,1.0,1.0,1.0,0.0,0,2,0,0,,,,0.2713015000335872,0.0,S2
fcgnn,97,S2_non_coordinated,2,0.0,2,1,0,0,0.0625,1.0,0.1176470588235294,1.0,0.0,1.0,1.0,0,177,0.6666666666666666,1.0,0.8,2,1,0.0,0.0,0.0,0.0,0.5,1,2,1,28,0.0336797920172102,0.048810374981258,0.0028419589507393,0.3524414169951342,,S2
descriptor_clustering,41,S2_non_coordinated,10,0.25,10,1,0,0,0.2385786802030456,1.0,0.3852459016393442,1.0,0.0,0.9737056737588652,0.9478363049990268,0,168,0.9090909090909092,1.0,0.9523809523809524,10,1,0.0,0.0,0.0,0.0,0.5,1,10,1,48,0.0452290839748457,,0.0020836670300923,0.337197582994122,,S2
local_ids,53,S2_non_coordinated,10,0.25,10,1,0,0,0.2207792207792207,1.0,0.3617021276595745,1.0,0.0,0.9612549019607844,0.9258897419100875,0,181,0.9090909090909092,1.0,0.9523809523809524,10,1,1.0,1.0,1.0,1.0,0.0,0,10,0,0,,,,0.2802404590183869,0.0,S2
standard_gnn,23,S2_non_coordinated,5,0.25,5,1,0,0,0.1428571428571428,1.0,0.25,1.0,0.0,1.0,1.0,0,174,0.8333333333333334,1.0,0.9090909090909092,5,1,1.0,1.0,1.0,1.0,0.0,0,5,0,0,0.132004999963101,0.0504973329952918,0.0030629590037278,0.4707369999960065,,S2
standard_gnn,11,S2_non_coordinated,5,0.0,5,1,0,0,0.1176470588235294,1.0,0.2105263157894736,1.0,0.0,0.943,0.8257073696193494,0,183,0.8333333333333334,1.0,0.9090909090909092,5,1,0.0,0.0,0.0,0.0,0.5,1,5,1,10,0.0384833749849349,0.0508400420076213,0.0061977500445209,0.3765695830225013,,S2
standard_gnn,67,S2_non_coordinated,2,0.0,2,1,0,0,0.0476190476190476,1.0,0.0909090909090909,1.0,0.0,0.95,0.7512363683662887,0,175,0.6666666666666666,1.0,0.8,2,1,0.0,0.0,0.0,0.0,0.5,1,2,1,26,0.0362690420006401,0.0495913750492036,0.0028695410001091,0.3734508749912493,,S2
fcgnn,11,S2_non_coordinated,5,0.0,5,1,0,0,0.1176470588235294,1.0,0.2105263157894736,1.0,0.0,0.943,0.8257073696193494,0,183,0.8333333333333334,1.0,0.9090909090909092,5,1,0.0,0.0,0.0,0.0,0.6666666666666666,2,5,0,92,0.0397028750157915,0.0561997500481084,0.0037128329859115,0.4501634580083191,,S2
descriptor_clustering,83,S2_non_coordinated,2,0.25,2,1,0,0,0.0625,1.0,0.1176470588235294,1.0,0.0,1.0,1.0,0,193,0.6666666666666666,1.0,0.8,2,1,1.0,1.0,1.0,1.0,0.0,0,2,0,0,0.0330745829851366,,0.0016692500212229,0.3043553330353461,,S2
standard_gnn,67,S2_non_coordinated,5,0.0,5,1,0,0,0.0909090909090909,1.0,0.1666666666666666,1.0,0.0,0.9374444444444444,0.7836185492648365,0,175,0.8333333333333334,1.0,0.9090909090909092,5,1,0.0,0.0,0.0,0.0,0.5,1,5,1,45,0.0386074999696575,0.0474801670061424,0.0030805830028839,0.3728030000347644,,S2
fcgnn,11,S2_non_coordinated,2,0.0,2,1,0,0,0.032258064516129,1.0,0.0625,1.0,0.0,0.777,0.077330487368208,0,183,0.6666666666666666,1.0,0.8,2,1,0.0,0.0,0.0,0.0,0.6666666666666666,2,2,0,21,0.0338427090318873,0.0530179170309565,0.0048812089953571,0.4750292079988867,,S2
descriptor_clustering,67,S2_non_coordinated,5,0.25,5,1,0,0,0.0909090909090909,1.0,0.1666666666666666,1.0,0.0,0.9374444444444444,0.7836185492648365,0,175,0.8333333333333334,1.0,0.9090909090909092,5,1,0.0,0.0,0.0,0.0,0.5,1,5,1,18,0.0378830829868093,,0.0019712499924935,0.3293968749931082,,S2
fcgnn,53,S2_non_coordinated,10,0.25,10,1,0,0,0.2207792207792207,1.0,0.3617021276595745,1.0,0.0,0.9612549019607844,0.9258897419100875,0,181,0.9090909090909092,1.0,0.9523809523809524,10,1,0.0,0.0,0.0,0.0,0.6666666666666666,2,10,0,39,0.0451532920124009,0.0507571250200271,0.0035395000013522,0.3808283329708501,,S2
fcgnn,41,S2_non_coordinated,5,0.0,5,1,0,0,0.1428571428571428,1.0,0.25,1.0,0.0,0.9998333333333332,0.9988307692307692,0,168,0.8333333333333334,1.0,0.9090909090909092,5,1,0.0,0.0,0.0,0.0,0.5,1,5,1,19,0.0409257090068422,0.0522879580385051,0.003239499987103,0.3781455000280402,,S2
standard_gnn,11,S2_non_coordinated,5,0.25,5,1,0,0,0.1176470588235294,1.0,0.2105263157894736,1.0,0.0,0.943,0.8257073696193494,0,183,0.8333333333333334,1.0,0.9090909090909092,5,1,0.0,0.0,0.0,0.0,0.5,1,5,1,10,0.0374213750474154,0.0445670830085873,0.0032706249621696,0.3550540830474347,,S2
fcgnn,23,S2_non_coordinated,5,0.25,5,1,0,0,0.1428571428571428,1.0,0.25,1.0,0.0,1.0,1.0,0,174,0.8333333333333334,1.0,0.9090909090909092,5,1,0.0,0.0,0.0,0.0,0.5,1,5,1,21,0.0404531669919379,0.0542463749879971,0.0032437500194646,0.3712752920109778,,S2
descriptor_clustering,97,S2_non_coordinated,5,0.0,5,1,0,0,0.1428571428571428,1.0,0.25,1.0,0.0,1.0,1.0,0,177,0.8333333333333334,1.0,0.9090909090909092,5,1,0.0,0.0,0.0,0.0,0.5,1,5,1,34,0.0421194999944418,,0.0021061249426566,0.3448941669776104,,S2
local_ids,83,S2_non_coordinated,2,0.0,2,1,0,0,0.0625,1.0,0.1176470588235294,1.0,0.0,1.0,1.0,0,193,0.6666666666666666,1.0,0.8,2,1,1.0,1.0,1.0,1.0,0.0,0,2,0,0,,,,0.2776949580293149,0.0,S2
standard_gnn,97,S2_non_coordinated,2,0.0,2,1,0,0,0.0625,1.0,0.1176470588235294,1.0,0.0,1.0,1.0,0,177,0.6666666666666666,1.0,0.8,2,1,0.0,0.0,0.0,0.0,0.5,1,2,1,14,0.03361624997342,0.0427893330343067,0.0033553750254213,0.3563444169703871,,S2
fcgnn,23,S2_non_coordinated,10,0.0,10,1,0,0,0.2366412213740458,1.0,0.382716049382716,1.0,0.0,0.9942652329749104,0.9899938814787012,0,174,0.9090909090909092,1.0,0.9523809523809524,10,1,0.0,0.0,0.0,0.0,0.5,1,10,1,54,0.048384541994892,0.0509026669897139,0.0037526250234805,0.5508545829798095,,S2
fcgnn,53,S2_non_coordinated,2,0.0,2,1,0,0,0.0625,1.0,0.1176470588235294,1.0,0.0,1.0,1.0,0,181,0.6666666666666666,1.0,0.8,2,1,1.0,1.0,1.0,1.0,0.0,0,2,0,0,0.1198371660429984,0.054465249995701,0.003135957987979,0.4584587500430643,,S2
local_ids,83,S2_non_coordinated,5,0.25,5,1,0,0,0.1404011461318051,1.0,0.2462311557788944,1.0,0.0,0.9985034013605444,0.99326826382727,0,193,0.8333333333333334,1.0,0.9090909090909092,5,1,1.0,1.0,1.0,1.0,0.0,0,5,0,0,,,,0.283005790959578,0.0,S2
descriptor_clustering,101,S2_non_coordinated,2,0.25,2,1,0,0,0.0625,1.0,0.1176470588235294,1.0,0.0,0.9978333333333332,0.975037037037037,0,175,0.6666666666666666,1.0,0.8,2,1,1.0,1.0,1.0,1.0,0.0,0,2,0,0,0.0372817500028759,,0.0019142910023219,0.3306255420320667,,S2
standard_gnn,101,S2_non_coordinated,10,0.0,10,1,0,0,0.2385786802030456,1.0,0.3852459016393442,1.0,0.0,0.9690780141843972,0.9395021184347138,0,175,0.9090909090909092,1.0,0.9523809523809524,10,1,0.0,0.0,0.0,0.0,0.6666666666666666,2,10,0,23,0.048452291986905,0.0492282499908469,0.0044134999625384,0.3989857080159709,,S2
standard_gnn,41,S2_non_coordinated,10,0.0,10,1,0,0,0.2385786802030456,1.0,0.3852459016393442,1.0,0.0,0.9737056737588652,0.9478363049990268,0,168,0.9090909090909092,1.0,0.9523809523809524,10,1,0.0,0.0,0.0,0.0,0.6666666666666666,2,10,0,23,0.0509808750357478,0.0545617499738,0.0040699170203879,0.4013723329990171,,S2
fcgnn,101,S2_non_coordinated,5,0.25,5,1,0,0,0.127906976744186,1.0,0.2268041237113402,1.0,0.0,0.9344696969696972,0.8042765966665713,0,175,0.8333333333333334,1.0,0.9090909090909092,5,1,0.0,0.0,0.0,0.0,0.5,1,5,1,22,0.0410384589922614,0.051789249991998,0.0031603340175934,0.3857154999859631,,S2
descriptor_clustering,101,S2_non_coordinated,10,0.0,10,1,0,0,0.2385786802030456,1.0,0.3852459016393442,1.0,0.0,0.9690780141843972,0.9395021184347138,0,175,0.9090909090909092,1.0,0.9523809523809524,10,1,0.0,0.0,0.0,0.0,0.5,1,10,1,56,0.0484100410249084,,0.0023243749747052,0.4472470419714227,,S2
descriptor_clustering,97,S2_non_coordinated,2,0.0,2,1,0,0,0.0625,1.0,0.1176470588235294,1.0,0.0,1.0,1.0,0,177,0.6666666666666666,1.0,0.8,2,1,1.0,1.0,1.0,1.0,0.0,0,2,0,0,0.0361032080254517,,0.0018717920174822,0.3910744580207392,,S2
fcgnn,23,S2_non_coordinated,10,0.25,10,1,0,0,0.2366412213740458,1.0,0.382716049382716,1.0,0.0,0.9942652329749104,0.9899938814787012,0,174,0.9090909090909092,1.0,0.9523809523809524,10,1,0.0,0.0,0.0,0.0,0.5,1,10,1,54,0.0478643329697661,0.0564822080195881,0.0034820000291801,0.4021456659538671,,S2
local_ids,83,S2_non_coordinated,5,0.0,5,1,0,0,0.1404011461318051,1.0,0.2462311557788944,1.0,0.0,0.9985034013605444,0.99326826382727,0,193,0.8333333333333334,1.0,0.9090909090909092,5,1,1.0,1.0,1.0,1.0,0.0,0,5,0,0,,,,0.2800328750163317,0.0,S2
descriptor_clustering,37,S2_non_coordinated,5,0.25,5,1,0,0,0.1428571428571428,1.0,0.25,1.0,0.0,1.0,1.0,0,186,0.8333333333333334,1.0,0.9090909090909092,5,1,0.0,0.0,0.0,0.0,0.5,1,5,1,40,0.0405353750102222,,0.001980333996471,0.3282702920259908,,S2
fcgnn,11,S2_non_coordinated,2,0.25,2,1,0,0,0.032258064516129,1.0,0.0625,1.0,0.0,0.777,0.077330487368208,0,183,0.6666666666666666,1.0,0.8,2,1,0.0,0.0,0.0,0.0,0.6666666666666666,2,2,0,21,0.0356026249937713,0.0496812079800292,0.0045707499957643,0.3673017919645645,,S2
local_ids,71,S2_non_coordinated,5,0.25,5,1,0,0,0.1017964071856287,1.0,0.1847826086956521,1.0,0.0,0.916470588235294,0.7395244363356515,0,178,0.8333333333333334,1.0,0.9090909090909092,5,1,1.0,1.0,1.0,1.0,0.0,0,5,0,0,,,,0.2759153750375844,0.0,S2
descriptor_clustering,71,S2_non_coordinated,5,0.0,5,1,0,0,0.1017964071856287,1.0,0.1847826086956521,1.0,0.0,0.916470588235294,0.7395244363356515,0,178,0.8333333333333334,1.0,0.9090909090909092,5,1,1.0,1.0,1.0,1.0,0.0,0,5,0,0,0.0392400419805198,,0.0019047909881919,0.3306665829732083,,S2
standard_gnn,11,S2_non_coordinated,2,0.25,2,1,0,0,0.032258064516129,1.0,0.0625,1.0,0.0,0.777,0.077330487368208,0,183,0.6666666666666666,1.0,0.8,2,1,0.0,0.0,0.0,0.0,0.5,1,2,1,11,0.0342059579561464,0.0511244579683989,0.0032407499966211,0.3591492910054512,,S2
descriptor_clustering,11,S2_non_coordinated,2,0.0,2,1,0,0,0.032258064516129,1.0,0.0625,1.0,0.0,0.777,0.077330487368208,0,183,0.6666666666666666,1.0,0.8,2,1,1.0,1.0,1.0,1.0,0.0,0,2,0,0,0.0355606249650009,,0.0020207909983582,0.3237324999645352,,S2
fcgnn,83,S2_non_coordinated,10,0.0,10,1,0,0,0.2268041237113402,1.0,0.3697478991596639,1.0,0.0,0.9731439393939394,0.9507058605534704,0,193,0.9090909090909092,1.0,0.9523809523809524,10,1,0.0,0.0,0.0,0.0,0.6666666666666666,2,10,0,38,0.0488048329716548,0.0522692920058034,0.0039477089885622,0.4927050420083105,,S2
fcgnn,11,S2_non_coordinated,2,0.25,2,1,0,0,0.032258064516129,1.0,0.0625,1.0,0.0,0.777,0.077330487368208,0,183,0.6666666666666666,1.0,0.8,2,1,0.0,0.0,0.0,0.0,0.6666666666666666,2,2,0,21,0.0335054590250365,0.0532058340031653,0.0054821249796077,0.3620094169746153,,S2
fcgnn,67,S2_non_coordinated,2,0.0,2,1,0,0,0.0476190476190476,1.0,0.0909090909090909,1.0,0.0,0.95,0.7512363683662887,0,175,0.6666666666666666,1.0,0.8,2,1,1.0,1.0,1.0,1.0,0.0,0,2,0,0,0.037763916014228,0.0549055829760618,0.0033948749769479,0.3853169579524547,,S2
local_ids,41,S2_non_coordinated,5,0.0,5,1,0,0,0.1428571428571428,1.0,0.25,1.0,0.0,0.9998333333333332,0.9988307692307692,0,168,0.8333333333333334,1.0,0.9090909090909092,5,1,1.0,1.0,1.0,1.0,0.0,0,5,0,0,,,,0.2702594999573193,0.0,S2
local_ids,53,S2_non_coordinated,10,0.0,10,1,0,0,0.2207792207792207,1.0,0.3617021276595745,1.0,0.0,0.9612549019607844,0.9258897419100875,0,181,0.9090909090909092,1.0,0.9523809523809524,10,1,1.0,1.0,1.0,1.0,0.0,0,10,0,0,,,,0.279084709007293,0.0,S2
standard_gnn,67,S2_non_coordinated,2,0.25,2,1,0,0,0.0476190476190476,1.0,0.0909090909090909,1.0,0.0,0.95,0.7512363683662887,0,175,0.6666666666666666,1.0,0.8,2,1,0.0,0.0,0.0,0.0,0.5,1,2,1,26,0.0360530829639174,0.0483954590163193,0.0032752080005593,0.4164077909663319,,S2
fcgnn,101,S2_non_coordinated,5,0.0,5,1,0,0,0.127906976744186,1.0,0.2268041237113402,1.0,0.0,0.9344696969696972,0.8042765966665713,0,175,0.8333333333333334,1.0,0.9090909090909092,5,1,0.0,0.0,0.0,0.0,0.5,1,5,1,22,0.0371386249898932,0.0477752080187201,0.0030202500056475,0.3633662079810165,,S2
fcgnn,41,S2_non_coordinated,2,0.25,2,1,0,0,0.0625,1.0,0.1176470588235294,1.0,0.0,0.9995833333333332,0.9929545454545454,0,168,0.6666666666666666,1.0,0.8,2,1,1.0,1.0,1.0,1.0,0.0,0,2,0,0,0.0386379589908756,0.0528497080085799,0.0032430830178782,0.467863583995495,,S2
local_ids,101,S2_non_coordinated,2,0.0,2,1,0,0,0.0625,1.0,0.1176470588235294,1.0,0.0,0.9978333333333332,0.975037037037037,0,175,0.6666666666666666,1.0,0.8,2,1,1.0,1.0,1.0,1.0,0.0,0,2,0,0,,,,0.2581840410130098,0.0,S2
local_ids,67,S2_non_coordinated,5,0.25,5,1,0,0,0.0909090909090909,1.0,0.1666666666666666,1.0,0.0,0.9374444444444444,0.7836185492648365,0,175,0.8333333333333334,1.0,0.9090909090909092,5,1,1.0,1.0,1.0,1.0,0.0,0,5,0,0,,,,0.271986250008922,0.0,S2
local_ids,11,S2_non_coordinated,10,0.0,10,1,0,0,0.2248062015503876,1.0,0.3670886075949367,1.0,0.0,0.9539080459770116,0.9042833774452826,0,183,0.9090909090909092,1.0,0.9523809523809524,10,1,1.0,1.0,1.0,1.0,0.0,0,10,0,0,,,,0.2810665419674478,0.0,S2
local_ids,37,S2_non_coordinated,10,0.25,10,1,0,0,0.2346938775510204,1.0,0.3801652892561983,1.0,0.0,0.9784420289855074,0.9580723862755244,0,186,0.9090909090909092,1.0,0.9523809523809524,10,1,1.0,1.0,1.0,1.0,0.0,0,10,0,0,,,,0.2783459170022979,0.0,S2
descriptor_clustering,83,S2_non_coordinated,5,0.25,5,1,0,0,0.1404011461318051,1.0,0.2462311557788944,1.0,0.0,0.9985034013605444,0.99326826382727,0,193,0.8333333333333334,1.0,0.9090909090909092,5,1,0.0,0.0,0.0,0.0,0.5,1,5,1,24,0.0434065419831313,,0.0021223749499768,0.3445163750438951,,S2
fcgnn,37,S2_non_coordinated,10,0.25,10,1,0,0,0.2346938775510204,1.0,0.3801652892561983,1.0,0.0,0.9784420289855074,0.9580723862755244,0,186,0.9090909090909092,1.0,0.9523809523809524,10,1,0.0,0.0,0.0,0.0,0.6666666666666666,2,10,0,185,0.0487868330092169,0.0534375829738564,0.0036590829840861,0.4110081670223735,,S2
standard_gnn,101,S2_non_coordinated,10,0.25,10,1,0,0,0.2385786802030456,1.0,0.3852459016393442,1.0,0.0,0.9690780141843972,0.9395021184347138,0,175,0.9090909090909092,1.0,0.9523809523809524,10,1,0.0,0.0,0.0,0.0,0.6666666666666666,2,10,0,23,0.0441417919937521,0.0451027500093914,0.004420791985467,0.4585831250296905,,S2
standard_gnn,71,S2_non_coordinated,5,0.25,5,1,0,0,0.1017964071856287,1.0,0.1847826086956521,1.0,0.0,0.916470588235294,0.7395244363356515,0,178,0.8333333333333334,1.0,0.9090909090909092,5,1,0.0,0.0,0.0,0.0,0.5,1,5,1,107,0.0392659999779425,0.0492750829434953,0.0042106250184588,0.3794151250040158,,S2
local_ids,41,S2_non_coordinated,2,0.0,2,1,0,0,0.0625,1.0,0.1176470588235294,1.0,0.0,0.9995833333333332,0.9929545454545454,0,168,0.6666666666666666,1.0,0.8,2,1,1.0,1.0,1.0,1.0,0.0,0,2,0,0,,,,0.2624811659916304,0.0,S2
descriptor_clustering,67,S2_non_coordinated,2,0.25,2,1,0,0,0.0476190476190476,1.0,0.0909090909090909,1.0,0.0,0.95,0.7512363683662887,0,175,0.6666666666666666,1.0,0.8,2,1,1.0,1.0,1.0,1.0,0.0,0,2,0,0,0.0375620829872787,,0.0018694170285016,0.4188403750304132,,S2
local_ids,101,S2_non_coordinated,5,0.0,5,1,0,0,0.127906976744186,1.0,0.2268041237113402,1.0,0.0,0.9344696969696972,0.8042765966665713,0,175,0.8333333333333334,1.0,0.9090909090909092,5,1,1.0,1.0,1.0,1.0,0.0,0,5,0,0,,,,0.2798269579652697,0.0,S2
fcgnn,97,S2_non_coordinated,2,0.25,2,1,0,0,0.0625,1.0,0.1176470588235294,1.0,0.0,1.0,1.0,0,177,0.6666666666666666,1.0,0.8,2,1,0.0,0.0,0.0,0.0,0.5,1,2,1,28,0.0361695829778909,0.0513749999809078,0.0028835409902967,0.3776471670134924,,S2
fcgnn,97,S2_non_coordinated,10,0.25,10,1,0,0,0.25,1.0,0.4,1.0,0.0,0.9998,0.9994339622641508,0,177,0.9090909090909092,1.0,0.9523809523809524,10,1,0.0,0.0,0.0,0.0,0.5,1,10,1,48,0.0456300410442054,0.0481634589959867,0.0034346670145168,0.3874552500201389,,S2
standard_gnn,23,S2_non_coordinated,10,0.25,10,1,0,0,0.2366412213740458,1.0,0.382716049382716,1.0,0.0,0.9942652329749104,0.9899938814787012,0,174,0.9090909090909092,1.0,0.9523809523809524,10,1,0.0,0.0,0.0,0.0,0.5,1,10,1,12,0.046391665993724,0.0557267079711891,0.0034867500071413,0.3950822500046342,,S2
fcgnn,37,S2_non_coordinated,2,0.0,2,1,0,0,0.0625,1.0,0.1176470588235294,1.0,0.0,1.0,1.0,0,186,0.6666666666666666,1.0,0.8,2,1,1.0,1.0,1.0,1.0,0.0,0,2,0,0,0.034422333992552,0.0529652080149389,0.0033983339671976,0.3605602909810841,,S2
standard_gnn,97,S2_non_coordinated,10,0.25,10,1,0,0,0.25,1.0,0.4,1.0,0.0,0.9998,0.9994339622641508,0,177,0.9090909090909092,1.0,0.9523809523809524,10,1,0.0,0.0,0.0,0.0,0.75,3,10,0,47,0.0467186250025406,0.050512375019025,0.0039179580053314,0.3996318749850616,,S2
standard_gnn,11,S2_non_coordinated,10,0.0,10,1,0,0,0.2248062015503876,1.0,0.3670886075949367,1.0,0.0,0.9539080459770116,0.9042833774452826,0,183,0.9090909090909092,1.0,0.9523809523809524,10,1,0.0,0.0,0.0,0.0,0.8,4,10,0,94,0.0469541659695096,0.0540294169913977,0.003941582981497,0.3935222500003874,,S2
local_ids,11,S2_non_coordinated,10,0.25,10,1,0,0,0.2248062015503876,1.0,0.3670886075949367,1.0,0.0,0.9539080459770116,0.9042833774452826,0,183,0.9090909090909092,1.0,0.9523809523809524,10,1,1.0,1.0,1.0,1.0,0.0,0,10,0,0,,,,0.337616375007201,0.0,S2
local_ids,101,S2_non_coordinated,10,0.25,10,1,0,0,0.2385786802030456,1.0,0.3852459016393442,1.0,0.0,0.9690780141843972,0.9395021184347138,0,175,0.9090909090909092,1.0,0.9523809523809524,10,1,1.0,1.0,1.0,1.0,0.0,0,10,0,0,,,,0.3614459160016849,0.0,S2
descriptor_clustering,23,S2_non_coordinated,5,0.0,5,1,0,0,0.1428571428571428,1.0,0.25,1.0,0.0,1.0,1.0,0,174,0.8333333333333334,1.0,0.9090909090909092,5,1,0.0,0.0,0.0,0.0,0.5,1,5,1,44,0.0410463329753838,,0.0019255410297773,0.4227379169897176,,S2
fcgnn,71,S2_non_coordinated,10,0.25,10,1,0,0,0.2125984251968504,1.0,0.3506493506493506,1.0,0.0,0.9499588477366254,0.8962316651173461,0,178,0.9090909090909092,1.0,0.9523809523809524,10,1,0.0,0.0,0.0,0.0,0.75,3,10,0,127,0.0488828329835087,0.0566142500028945,0.0035877499612979,0.4160401669796556,,S2
descriptor_clustering,83,S2_non_coordinated,2,0.0,2,1,0,0,0.0625,1.0,0.1176470588235294,1.0,0.0,1.0,1.0,0,193,0.6666666666666666,1.0,0.8,2,1,1.0,1.0,1.0,1.0,0.0,0,2,0,0,0.037287707964424,,0.0019263750291429,0.3332922499976121,,S2
standard_gnn,53,S2_non_coordinated,10,0.0,10,1,0,0,0.2207792207792207,1.0,0.3617021276595745,1.0,0.0,0.9612549019607844,0.9258897419100875,0,181,0.9090909090909092,1.0,0.9523809523809524,10,1,0.0,0.0,0.0,0.0,0.5,1,10,1,14,0.046908791991882,0.0527960420004092,0.0034673340269364,0.3982822080142796,,S2
standard_gnn,37,S2_non_coordinated,5,0.0,5,1,0,0,0.1428571428571428,1.0,0.25,1.0,0.0,1.0,1.0,0,186,0.8333333333333334,1.0,0.9090909090909092,5,1,0.0,0.0,0.0,0.0,0.5,1,5,1,10,0.0383159589837305,0.0500026249792426,0.003475832985714,0.380427583004348,,S2
fcgnn,53,S2_non_coordinated,5,0.25,5,1,0,0,0.1329479768786127,1.0,0.2346938775510204,1.0,0.0,0.9760869565217392,0.932456824617277,0,181,0.8333333333333334,1.0,0.9090909090909092,5,1,0.0,0.0,0.0,0.0,0.5,1,5,1,74,0.0403171249781735,0.0527302909758873,0.0030534170218743,0.3889294170076027,,S2
local_ids,53,S2_non_coordinated,5,0.0,5,1,0,0,0.1329479768786127,1.0,0.2346938775510204,1.0,0.0,0.9760869565217392,0.932456824617277,0,181,0.8333333333333334,1.0,0.9090909090909092,5,1,1.0,1.0,1.0,1.0,0.0,0,5,0,0,,,,0.2677375000203028,0.0,S2
local_ids,67,S2_non_coordinated,5,0.0,5,1,0,0,0.0909090909090909,1.0,0.1666666666666666,1.0,0.0,0.9374444444444444,0.7836185492648365,0,175,0.8333333333333334,1.0,0.9090909090909092,5,1,1.0,1.0,1.0,1.0,0.0,0,5,0,0,,,,0.285841083037667,0.0,S2
fcgnn,67,S2_non_coordinated,10,0.0,10,1,0,0,0.1825613079019073,1.0,0.3087557603686636,1.0,0.0,0.9555721393034826,0.8939922351551733,0,175,0.9090909090909092,1.0,0.9523809523809524,10,1,0.0,0.0,0.0,0.0,0.6666666666666666,2,10,0,108,0.042293292004615,0.0517196669825352,0.0043829579954035,0.4468970830203034,,S2
descriptor_clustering,11,S2_non_coordinated,2,0.0,2,1,0,0,0.032258064516129,1.0,0.0625,1.0,0.0,0.777,0.077330487368208,0,183,0.6666666666666666,1.0,0.8,2,1,1.0,1.0,1.0,1.0,0.0,0,2,0,0,0.0356186249991878,,0.0020617499831132,0.3157438749913126,,S2
fcgnn,11,S2_non_coordinated,5,0.0,5,1,0,0,0.1176470588235294,1.0,0.2105263157894736,1.0,0.0,0.943,0.8257073696193494,0,183,0.8333333333333334,1.0,0.9090909090909092,5,1,0.0,0.0,0.0,0.0,0.6666666666666666,2,5,0,92,0.0381000420311465,0.0527695409837178,0.0030950410291552,0.3942515829694457,,S2
standard_gnn,71,S2_non_coordinated,5,0.0,5,1,0,0,0.1017964071856287,1.0,0.1847826086956521,1.0,0.0,0.916470588235294,0.7395244363356515,0,178,0.8333333333333334,1.0,0.9090909090909092,5,1,0.0,0.0,0.0,0.0,0.5,1,5,1,107,0.0390461669885553,0.0525887499679811,0.0031316669774241,0.3875402079429477,,S2
descriptor_clustering,41,S2_non_coordinated,2,0.0,2,1,0,0,0.0625,1.0,0.1176470588235294,1.0,0.0,0.9995833333333332,0.9929545454545454,0,168,0.6666666666666666,1.0,0.8,2,1,0.0,0.0,0.0,0.0,0.5,1,2,1,21,0.0356929160188883,,0.0018497499986551,0.3166018749470822,,S2
standard_gnn,71,S2_non_coordinated,10,0.0,10,1,0,0,0.2125984251968504,1.0,0.3506493506493506,1.0,0.0,0.9499588477366254,0.8962316651173461,0,178,0.9090909090909092,1.0,0.9523809523809524,10,1,0.0,0.0,0.0,0.0,0.75,3,10,0,177,0.0430552089819684,0.0434483750141225,0.0036205839714966,0.4591252920217812,,S2
standard_gnn,41,S2_non_coordinated,5,0.0,5,1,0,0,0.1428571428571428,1.0,0.25,1.0,0.0,0.9998333333333332,0.9988307692307692,0,168,0.8333333333333334,1.0,0.9090909090909092,5,1,0.0,0.0,0.0,0.0,0.6666666666666666,2,5,0,26,0.0383581250207498,0.0525289580109529,0.0035050420556217,0.3746402920223772,,S2
local_ids,71,S2_non_coordinated,5,0.0,5,1,0,0,0.1017964071856287,1.0,0.1847826086956521,1.0,0.0,0.916470588235294,0.7395244363356515,0,178,0.8333333333333334,1.0,0.9090909090909092,5,1,1.0,1.0,1.0,1.0,0.0,0,5,0,0,,,,0.2721341249998659,0.0,S2
local_ids,23,S2_non_coordinated,5,0.25,5,1,0,0,0.1428571428571428,1.0,0.25,1.0,0.0,1.0,1.0,0,174,0.8333333333333334,1.0,0.9090909090909092,5,1,1.0,1.0,1.0,1.0,0.0,0,5,0,0,,,,0.2748462909949012,0.0,S2
local_ids,67,S2_non_coordinated,2,0.0,2,1,0,0,0.0476190476190476,1.0,0.0909090909090909,1.0,0.0,0.95,0.7512363683662887,0,175,0.6666666666666666,1.0,0.8,2,1,1.0,1.0,1.0,1.0,0.0,0,2,0,0,,,,0.4196683749905787,0.0,S2
standard_gnn,71,S2_non_coordinated,2,0.25,2,1,0,0,0.0536277602523659,1.0,0.1017964071856287,1.0,0.0,0.9368627450980392,0.7074841624278903,0,178,0.6666666666666666,1.0,0.8,2,1,1.0,1.0,1.0,1.0,0.0,0,2,0,0,0.0373934170347638,0.045060749980621,0.0038957920041866,0.3737857499509118,,S2
local_ids,83,S2_non_coordinated,10,0.25,10,1,0,0,0.2268041237113402,1.0,0.3697478991596639,1.0,0.0,0.9731439393939394,0.9507058605534704,0,193,0.9090909090909092,1.0,0.9523809523809524,10,1,1.0,1.0,1.0,1.0,0.0,0,10,0,0,,,,0.2823879590141587,0.0,S2
local_ids,37,S2_non_coordinated,2,0.25,2,1,0,0,0.0625,1.0,0.1176470588235294,1.0,0.0,1.0,1.0,0,186,0.6666666666666666,1.0,0.8,2,1,1.0,1.0,1.0,1.0,0.0,0,2,0,0,,,,0.2681704999995418,0.0,S2
standard_gnn,11,S2_non_coordinated,10,0.0,10,1,0,0,0.2248062015503876,1.0,0.3670886075949367,1.0,0.0,0.9539080459770116,0.9042833774452826,0,183,0.9090909090909092,1.0,0.9523809523809524,10,1,0.0,0.0,0.0,0.0,0.8,4,10,0,94,0.050592667015735,0.0541113340295851,0.0043087500380352,0.487729666987434,,S2
local_ids,41,S2_non_coordinated,5,0.25,5,1,0,0,0.1428571428571428,1.0,0.25,1.0,0.0,0.9998333333333332,0.9988307692307692,0,168,0.8333333333333334,1.0,0.9090909090909092,5,1,1.0,1.0,1.0,1.0,0.0,0,5,0,0,,,,0.4239565409952774,0.0,S2
descriptor_clustering,23,S2_non_coordinated,2,0.0,2,1,0,0,0.0625,1.0,0.1176470588235294,1.0,0.0,1.0,1.0,0,174,0.6666666666666666,1.0,0.8,2,1,0.0,0.0,0.0,0.0,0.5,1,2,1,20,0.0693064170191064,,0.0060872079920955,0.3858559160144068,,S2
standard_gnn,41,S2_non_coordinated,2,0.25,2,1,0,0,0.0625,1.0,0.1176470588235294,1.0,0.0,0.9995833333333332,0.9929545454545454,0,168,0.6666666666666666,1.0,0.8,2,1,1.0,1.0,1.0,1.0,0.0,0,2,0,0,0.0372674579848535,0.0470663749729283,0.0034494580468162,0.3621202919748612,,S2
standard_gnn,101,S2_non_coordinated,2,0.0,2,1,0,0,0.0625,1.0,0.1176470588235294,1.0,0.0,0.9978333333333332,0.975037037037037,0,175,0.6666666666666666,1.0,0.8,2,1,0.0,0.0,0.0,0.0,0.5,1,2,1,10,0.0370096249971538,0.0483332080184482,0.003020333009772,0.3681144590373151,,S2
standard_gnn,23,S2_non_coordinated,2,0.25,2,1,0,0,0.0625,1.0,0.1176470588235294,1.0,0.0,1.0,1.0,0,174,0.6666666666666666,1.0,0.8,2,1,1.0,1.0,1.0,1.0,0.0,0,2,0,0,0.038613874989096,0.0507957909721881,0.0033917079563252,0.3886402500211261,,S2
fcgnn,37,S2_non_coordinated,2,0.25,2,1,0,0,0.0625,1.0,0.1176470588235294,1.0,0.0,1.0,1.0,0,186,0.6666666666666666,1.0,0.8,2,1,1.0,1.0,1.0,1.0,0.0,0,2,0,0,0.033279291994404,0.0475026660133153,0.0031542499782517,0.3522242499748245,,S2
fcgnn,41,S2_non_coordinated,2,0.0,2,1,0,0,0.0625,1.0,0.1176470588235294,1.0,0.0,0.9995833333333332,0.9929545454545454,0,168,0.6666666666666666,1.0,0.8,2,1,1.0,1.0,1.0,1.0,0.0,0,2,0,0,0.0348882910329848,0.0479283329914324,0.0028382919845171,0.3658478750148788,,S2
standard_gnn,11,S2_non_coordinated,2,0.0,2,1,0,0,0.032258064516129,1.0,0.0625,1.0,0.0,0.777,0.077330487368208,0,183,0.6666666666666666,1.0,0.8,2,1,0.0,0.0,0.0,0.0,0.5,1,2,1,11,0.0364253749721683,0.0503889999818056,0.0037225419655442,0.3737105420441367,,S2
standard_gnn,11,S2_non_coordinated,10,0.25,10,1,0,0,0.2248062015503876,1.0,0.3670886075949367,1.0,0.0,0.9539080459770116,0.9042833774452826,0,183,0.9090909090909092,1.0,0.9523809523809524,10,1,0.0,0.0,0.0,0.0,0.8,4,10,0,94,0.0448088749544695,0.0524016669951379,0.0039731669821776,0.3831587919848971,,S2
standard_gnn,37,S2_non_coordinated,10,0.25,10,1,0,0,0.2346938775510204,1.0,0.3801652892561983,1.0,0.0,0.9784420289855074,0.9580723862755244,0,186,0.9090909090909092,1.0,0.9523809523809524,10,1,0.0,0.0,0.0,0.0,0.6666666666666666,2,10,0,86,0.0444570829859003,0.0540512080187909,0.0033937499974854,0.3837895829929039,,S2
fcgnn,101,S2_non_coordinated,10,0.0,10,1,0,0,0.2385786802030456,1.0,0.3852459016393442,1.0,0.0,0.9690780141843972,0.9395021184347138,0,175,0.9090909090909092,1.0,0.9523809523809524,10,1,0.0,0.0,0.0,0.0,0.5,1,10,1,26,0.0485992080066353,0.0512624160037376,0.003360665985383,0.4003654170082882,,S2
fcgnn,11,S2_non_coordinated,10,0.25,10,1,0,0,0.2248062015503876,1.0,0.3670886075949367,1.0,0.0,0.9539080459770116,0.9042833774452826,0,183,0.9090909090909092,1.0,0.9523809523809524,10,1,0.0,0.0,0.0,0.0,0.75,3,10,0,245,0.0471150840166956,0.0568394169677048,0.003759000042919,0.406614665989764,,S2
local_ids,11,S2_non_coordinated,5,0.25,5,1,0,0,0.1176470588235294,1.0,0.2105263157894736,1.0,0.0,0.943,0.8257073696193494,0,183,0.8333333333333334,1.0,0.9090909090909092,5,1,1.0,1.0,1.0,1.0,0.0,0,5,0,0,,,,0.2725751249818131,0.0,S2
descriptor_clustering,11,S2_non_coordinated,5,0.0,5,1,0,0,0.1176470588235294,1.0,0.2105263157894736,1.0,0.0,0.943,0.8257073696193494,0,183,0.8333333333333334,1.0,0.9090909090909092,5,1,0.0,0.0,0.0,0.0,0.5,1,5,1,30,0.0382586659980006,,0.0018973330152221,0.427680374996271,,S2
local_ids,67,S2_non_coordinated,10,0.25,10,1,0,0,0.1825613079019073,1.0,0.3087557603686636,1.0,0.0,0.9555721393034826,0.8939922351551733,0,175,0.9090909090909092,1.0,0.9523809523809524,10,1,1.0,1.0,1.0,1.0,0.0,0,10,0,0,,,,0.2702651669969782,0.0,S2
descriptor_clustering,67,S2_non_coordinated,10,0.0,10,1,0,0,0.1825613079019073,1.0,0.3087557603686636,1.0,0.0,0.9555721393034826,0.8939922351551733,0,175,0.9090909090909092,1.0,0.9523809523809524,10,1,0.0,0.0,0.0,0.0,0.6666666666666666,2,10,0,105,0.0421531249885447,,0.0020205419859848,0.3296912080259062,,S2
standard_gnn,97,S2_non_coordinated,5,0.25,5,1,0,0,0.1428571428571428,1.0,0.25,1.0,0.0,1.0,1.0,0,177,0.8333333333333334,1.0,0.9090909090909092,5,1,0.0,0.0,0.0,0.0,0.5,1,5,1,10,0.0376317910267971,0.0476446670363657,0.0031979999621398,0.3581852499628439,,S2
fcgnn,41,S2_non_coordinated,10,0.25,10,1,0,0,0.2385786802030456,1.0,0.3852459016393442,1.0,0.0,0.9737056737588652,0.9478363049990268,0,168,0.9090909090909092,1.0,0.9523809523809524,10,1,0.0,0.0,0.0,0.0,0.6666666666666666,2,10,0,59,0.0444301660172641,0.0554562500328756,0.0037012090324424,0.3921660840278491,,S2
standard_gnn,53,S2_non_coordinated,2,0.25,2,1,0,0,0.0625,1.0,0.1176470588235294,1.0,0.0,1.0,1.0,0,181,0.6666666666666666,1.0,0.8,2,1,1.0,1.0,1.0,1.0,0.0,0,2,0,0,0.037647291959729,0.051555958983954,0.0030247909598983,0.3784946659579873,,S2
descriptor_clustering,37,S2_non_coordinated,5,0.0,5,1,0,0,0.1428571428571428,1.0,0.25,1.0,0.0,1.0,1.0,0,186,0.8333333333333334,1.0,0.9090909090909092,5,1,0.0,0.0,0.0,0.0,0.5,1,5,1,40,0.040526041004341,,0.0022724170121364,0.3358963339705951,,S2
fcgnn,11,S2_non_coordinated,10,0.0,10,1,0,0,0.2248062015503876,1.0,0.3670886075949367,1.0,0.0,0.9539080459770116,0.9042833774452826,0,183,0.9090909090909092,1.0,0.9523809523809524,10,1,0.0,0.0,0.0,0.0,0.75,3,10,0,245,0.0464475839980877,0.0550682499888353,0.004192582971882,0.4027116670040414,,S2
descriptor_clustering,23,S2_non_coordinated,10,0.25,10,1,0,0,0.2366412213740458,1.0,0.382716049382716,1.0,0.0,0.9942652329749104,0.9899938814787012,0,174,0.9090909090909092,1.0,0.9523809523809524,10,1,0.0,0.0,0.0,0.0,0.6666666666666666,2,10,0,85,0.0460368749918416,,0.0023638749844394,0.3330219589988701,,S2
local_ids,101,S2_non_coordinated,5,0.25,5,1,0,0,0.127906976744186,1.0,0.2268041237113402,1.0,0.0,0.9344696969696972,0.8042765966665713,0,175,0.8333333333333334,1.0,0.9090909090909092,5,1,1.0,1.0,1.0,1.0,0.0,0,5,0,0,,,,0.3452086669858545,0.0,S2
fcgnn,83,S2_non_coordinated,5,0.25,5,1,0,0,0.1404011461318051,1.0,0.2462311557788944,1.0,0.0,0.9985034013605444,0.99326826382727,0,193,0.8333333333333334,1.0,0.9090909090909092,5,1,0.0,0.0,0.0,0.0,0.6666666666666666,2,5,0,52,0.037908916012384,0.0472317920066416,0.0037207909626886,0.3709956249804236,,S2
local_ids,83,S2_non_coordinated,2,0.25,2,1,0,0,0.0625,1.0,0.1176470588235294,1.0,0.0,1.0,1.0,0,193,0.6666666666666666,1.0,0.8,2,1,1.0,1.0,1.0,1.0,0.0,0,2,0,0,,,,0.3533362080343067,0.0,S2
descriptor_clustering,71,S2_non_coordinated,10,0.25,10,1,0,0,0.2125984251968504,1.0,0.3506493506493506,1.0,0.0,0.9499588477366254,0.8962316651173461,0,178,0.9090909090909092,1.0,0.9523809523809524,10,1,0.0,0.0,0.0,0.0,0.6666666666666666,2,10,0,93,0.0474757910124026,,0.0022012499975971,0.3500864169909619,,S2
local_ids,53,S2_non_coordinated,2,0.25,2,1,0,0,0.0625,1.0,0.1176470588235294,1.0,0.0,1.0,1.0,0,181,0.6666666666666666,1.0,0.8,2,1,1.0,1.0,1.0,1.0,0.0,0,2,0,0,,,,0.2776477499864995,0.0,S2
local_ids,97,S2_non_coordinated,2,0.0,2,1,0,0,0.0625,1.0,0.1176470588235294,1.0,0.0,1.0,1.0,0,177,0.6666666666666666,1.0,0.8,2,1,1.0,1.0,1.0,1.0,0.0,0,2,0,0,,,,0.3688945000176318,0.0,S2
local_ids,71,S2_non_coordinated,2,0.25,2,1,0,0,0.0536277602523659,1.0,0.1017964071856287,1.0,0.0,0.9368627450980392,0.7074841624278903,0,178,0.6666666666666666,1.0,0.8,2,1,1.0,1.0,1.0,1.0,0.0,0,2,0,0,,,,0.2707445420091972,0.0,S2
local_ids,97,S2_non_coordinated,2,0.25,2,1,0,0,0.0625,1.0,0.1176470588235294,1.0,0.0,1.0,1.0,0,177,0.6666666666666666,1.0,0.8,2,1,1.0,1.0,1.0,1.0,0.0,0,2,0,0,,,,0.2602511659497395,0.0,S2
descriptor_clustering,41,S2_non_coordinated,5,0.25,5,1,0,0,0.1428571428571428,1.0,0.25,1.0,0.0,0.9998333333333332,0.9988307692307692,0,168,0.8333333333333334,1.0,0.9090909090909092,5,1,0.0,0.0,0.0,0.0,0.5,1,5,1,29,0.0408628750010393,,0.0019944579689763,0.3316802500048652,,S2
local_ids,67,S2_non_coordinated,2,0.25,2,1,0,0,0.0476190476190476,1.0,0.0909090909090909,1.0,0.0,0.95,0.7512363683662887,0,175,0.6666666666666666,1.0,0.8,2,1,1.0,1.0,1.0,1.0,0.0,0,2,0,0,,,,0.272831916983705,0.0,S2
local_ids,11,S2_non_coordinated,2,0.0,2,1,0,0,0.032258064516129,1.0,0.0625,1.0,0.0,0.777,0.077330487368208,0,183,0.6666666666666666,1.0,0.8,2,1,1.0,1.0,1.0,1.0,0.0,0,2,0,0,,,,0.2674380409880541,0.0,S2
standard_gnn,97,S2_non_coordinated,5,0.0,5,1,0,0,0.1428571428571428,1.0,0.25,1.0,0.0,1.0,1.0,0,177,0.8333333333333334,1.0,0.9090909090909092,5,1,0.0,0.0,0.0,0.0,0.5,1,5,1,10,0.0425101669970899,0.0504142090212553,0.0031691669719293,0.3854366250452585,,S2
local_ids,71,S2_non_coordinated,10,0.0,10,1,0,0,0.2125984251968504,1.0,0.3506493506493506,1.0,0.0,0.9499588477366254,0.8962316651173461,0,178,0.9090909090909092,1.0,0.9523809523809524,10,1,1.0,1.0,1.0,1.0,0.0,0,10,0,0,,,,0.2841534999897703,0.0,S2
standard_gnn,37,S2_non_coordinated,2,0.0,2,1,0,0,0.0625,1.0,0.1176470588235294,1.0,0.0,1.0,1.0,0,186,0.6666666666666666,1.0,0.8,2,1,1.0,1.0,1.0,1.0,0.0,0,2,0,0,0.036848124989774,0.0488811249961145,0.0033146669738925,0.3677293339860625,,S2
descriptor_clustering,71,S2_non_coordinated,2,0.0,2,1,0,0,0.0536277602523659,1.0,0.1017964071856287,1.0,0.0,0.9368627450980392,0.7074841624278903,0,178,0.6666666666666666,1.0,0.8,2,1,1.0,1.0,1.0,1.0,0.0,0,2,0,0,0.0389253339963033,,0.0021030000061728,0.335271333984565,,S2
standard_gnn,83,S2_non_coordinated,2,0.25,2,1,0,0,0.0625,1.0,0.1176470588235294,1.0,0.0,1.0,1.0,0,193,0.6666666666666666,1.0,0.8,2,1,1.0,1.0,1.0,1.0,0.0,0,2,0,0,0.0336704999790526,0.0435790420160628,0.0033742500236257,0.3458083749865182,,S2
descriptor_clustering,11,S2_non_coordinated,5,0.25,5,1,0,0,0.1176470588235294,1.0,0.2105263157894736,1.0,0.0,0.943,0.8257073696193494,0,183,0.8333333333333334,1.0,0.9090909090909092,5,1,0.0,0.0,0.0,0.0,0.5,1,5,1,30,0.0412678749999031,,0.0019707909668795,0.3358955410076305,,S2
local_ids,11,S2_non_coordinated,10,0.25,10,1,0,0,0.2248062015503876,1.0,0.3670886075949367,1.0,0.0,0.9539080459770116,0.9042833774452826,0,183,0.9090909090909092,1.0,0.9523809523809524,10,1,1.0,1.0,1.0,1.0,0.0,0,10,0,0,,,,0.2746199999819509,0.0,S2
fcgnn,83,S2_non_coordinated,10,0.25,10,1,0,0,0.2268041237113402,1.0,0.3697478991596639,1.0,0.0,0.9731439393939394,0.9507058605534704,0,193,0.9090909090909092,1.0,0.9523809523809524,10,1,0.0,0.0,0.0,0.0,0.6666666666666666,2,10,0,38,0.0485652920324355,0.0523830840247683,0.0039964170427992,0.405168249970302,,S2
local_ids,101,S2_non_coordinated,10,0.0,10,1,0,0,0.2385786802030456,1.0,0.3852459016393442,1.0,0.0,0.9690780141843972,0.9395021184347138,0,175,0.9090909090909092,1.0,0.9523809523809524,10,1,1.0,1.0,1.0,1.0,0.0,0,10,0,0,,,,0.2863304580096155,0.0,S2
descriptor_clustering,97,S2_non_coordinated,5,0.25,5,1,0,0,0.1428571428571428,1.0,0.25,1.0,0.0,1.0,1.0,0,177,0.8333333333333334,1.0,0.9090909090909092,5,1,0.0,0.0,0.0,0.0,0.5,1,5,1,34,0.0380809170310385,,0.0019145000260323,0.3249487080029212,,S2
standard_gnn,23,S2_non_coordinated,10,0.0,10,1,0,0,0.2366412213740458,1.0,0.382716049382716,1.0,0.0,0.9942652329749104,0.9899938814787012,0,174,0.9090909090909092,1.0,0.9523809523809524,10,1,0.0,0.0,0.0,0.0,0.5,1,10,1,12,0.0502053329837508,0.0551092919777147,0.0039309170097112,0.4214700000011362,,S2
local_ids,37,S2_non_coordinated,5,0.0,5,1,0,0,0.1428571428571428,1.0,0.25,1.0,0.0,1.0,1.0,0,186,0.8333333333333334,1.0,0.9090909090909092,5,1,1.0,1.0,1.0,1.0,0.0,0,5,0,0,,,,0.2620043749921024,0.0,S2
standard_gnn,67,S2_non_coordinated,5,0.25,5,1,0,0,0.0909090909090909,1.0,0.1666666666666666,1.0,0.0,0.9374444444444444,0.7836185492648365,0,175,0.8333333333333334,1.0,0.9090909090909092,5,1,0.0,0.0,0.0,0.0,0.5,1,5,1,45,0.0375372080015949,0.0476333750411868,0.0029091659816913,0.3737566249910742,,S2
descriptor_clustering,11,S2_non_coordinated,5,0.25,5,1,0,0,0.1176470588235294,1.0,0.2105263157894736,1.0,0.0,0.943,0.8257073696193494,0,183,0.8333333333333334,1.0,0.9090909090909092,5,1,0.0,0.0,0.0,0.0,0.5,1,5,1,30,0.039529541041702,,0.0018840829725377,0.3957548750331625,,S2
fcgnn,71,S2_non_coordinated,5,0.25,5,1,0,0,0.1017964071856287,1.0,0.1847826086956521,1.0,0.0,0.916470588235294,0.7395244363356515,0,178,0.8333333333333334,1.0,0.9090909090909092,5,1,0.0,0.0,0.0,0.0,0.5,1,5,1,68,0.0388723329524509,0.054814625007566,0.0032472499879077,0.3806075000320561,,S2
local_ids,53,S2_non_coordinated,5,0.25,5,1,0,0,0.1329479768786127,1.0,0.2346938775510204,1.0,0.0,0.9760869565217392,0.932456824617277,0,181,0.8333333333333334,1.0,0.9090909090909092,5,1,1.0,1.0,1.0,1.0,0.0,0,5,0,0,,,,0.2679197089746594,0.0,S2
fcgnn,37,S2_non_coordinated,10,0.0,10,1,0,0,0.2346938775510204,1.0,0.3801652892561983,1.0,0.0,0.9784420289855074,0.9580723862755244,0,186,0.9090909090909092,1.0,0.9523809523809524,10,1,0.0,0.0,0.0,0.0,0.6666666666666666,2,10,0,185,0.0493788339663296,0.0570359170087613,0.0041535000200383,0.4039980830275453,,S2
local_ids,41,S2_non_coordinated,10,0.25,10,1,0,0,0.2385786802030456,1.0,0.3852459016393442,1.0,0.0,0.9737056737588652,0.9478363049990268,0,168,0.9090909090909092,1.0,0.9523809523809524,10,1,1.0,1.0,1.0,1.0,0.0,0,10,0,0,,,,0.3355172500014305,0.0,S2
fcgnn,67,S2_non_coordinated,5,0.0,5,1,0,0,0.0909090909090909,1.0,0.1666666666666666,1.0,0.0,0.9374444444444444,0.7836185492648365,0,175,0.8333333333333334,1.0,0.9090909090909092,5,1,0.0,0.0,0.0,0.0,0.6666666666666666,2,5,0,57,0.0380087919766083,0.0511578330188058,0.0033552499953657,0.4671652499819174,,S2
standard_gnn,97,S2_non_coordinated,2,0.25,2,1,0,0,0.0625,1.0,0.1176470588235294,1.0,0.0,1.0,1.0,0,177,0.6666666666666666,1.0,0.8,2,1,0.0,0.0,0.0,0.0,0.5,1,2,1,14,0.037642584007699,0.0465684999944642,0.0033937089610844,0.3751133329933509,,S2
local_ids,11,S2_non_coordinated,5,0.0,5,1,0,0,0.1176470588235294,1.0,0.2105263157894736,1.0,0.0,0.943,0.8257073696193494,0,183,0.8333333333333334,1.0,0.9090909090909092,5,1,1.0,1.0,1.0,1.0,0.0,0,5,0,0,,,,0.2723097080015577,0.0,S2
descriptor_clustering,101,S2_non_coordinated,2,0.0,2,1,0,0,0.0625,1.0,0.1176470588235294,1.0,0.0,0.9978333333333332,0.975037037037037,0,175,0.6666666666666666,1.0,0.8,2,1,1.0,1.0,1.0,1.0,0.0,0,2,0,0,0.1128403750481084,,0.0018046250334009,0.3862148750340566,,S2
local_ids,37,S2_non_coordinated,10,0.0,10,1,0,0,0.2346938775510204,1.0,0.3801652892561983,1.0,0.0,0.9784420289855074,0.9580723862755244,0,186,0.9090909090909092,1.0,0.9523809523809524,10,1,1.0,1.0,1.0,1.0,0.0,0,10,0,0,,,,0.3711450839764438,0.0,S2
fcgnn,83,S2_non_coordinated,2,0.0,2,1,0,0,0.0625,1.0,0.1176470588235294,1.0,0.0,1.0,1.0,0,193,0.6666666666666666,1.0,0.8,2,1,1.0,1.0,1.0,1.0,0.0,0,2,0,0,0.0985967500018887,0.0703773749992251,0.0030706669786013,0.4589805419673212,,S2
standard_gnn,83,S2_non_coordinated,10,0.25,10,1,0,0,0.2268041237113402,1.0,0.3697478991596639,1.0,0.0,0.9731439393939394,0.9507058605534704,0,193,0.9090909090909092,1.0,0.9523809523809524,10,1,0.0,0.0,0.0,0.0,0.6666666666666666,2,10,0,28,0.045887040963862,0.0500820829765871,0.0038612500065937,0.4021449590218253,,S2
standard_gnn,37,S2_non_coordinated,10,0.0,10,1,0,0,0.2346938775510204,1.0,0.3801652892561983,1.0,0.0,0.9784420289855074,0.9580723862755244,0,186,0.9090909090909092,1.0,0.9523809523809524,10,1,0.0,0.0,0.0,0.0,0.6666666666666666,2,10,0,86,0.0452615839894861,0.0482518749777227,0.003447082999628,0.3766766249900684,,S2
standard_gnn,53,S2_non_coordinated,10,0.25,10,1,0,0,0.2207792207792207,1.0,0.3617021276595745,1.0,0.0,0.9612549019607844,0.9258897419100875,0,181,0.9090909090909092,1.0,0.9523809523809524,10,1,0.0,0.0,0.0,0.0,0.5,1,10,1,14,0.0429431669763289,0.0485861250199377,0.0032741670147515,0.3784662920515984,,S2
fcgnn,37,S2_non_coordinated,5,0.25,5,1,0,0,0.1428571428571428,1.0,0.25,1.0,0.0,1.0,1.0,0,186,0.8333333333333334,1.0,0.9090909090909092,5,1,0.0,0.0,0.0,0.0,0.5,1,5,1,20,0.0400831659790128,0.0537073329905979,0.0040853330283425,0.3891990419942885,,S2
local_ids,41,S2_non_coordinated,2,0.25,2,1,0,0,0.0625,1.0,0.1176470588235294,1.0,0.0,0.9995833333333332,0.9929545454545454,0,168,0.6666666666666666,1.0,0.8,2,1,1.0,1.0,1.0,1.0,0.0,0,2,0,0,,,,0.2579542500316165,0.0,S2
descriptor_clustering,53,S2_non_coordinated,2,0.0,2,1,0,0,0.0625,1.0,0.1176470588235294,1.0,0.0,1.0,1.0,0,181,0.6666666666666666,1.0,0.8,2,1,1.0,1.0,1.0,1.0,0.0,0,2,0,0,0.0828646669979207,,0.0020129170152358,0.3873827080242336,,S2
standard_gnn,41,S2_non_coordinated,5,0.25,5,1,0,0,0.1428571428571428,1.0,0.25,1.0,0.0,0.9998333333333332,0.9988307692307692,0,168,0.8333333333333334,1.0,0.9090909090909092,5,1,0.0,0.0,0.0,0.0,0.6666666666666666,2,5,0,26,0.0420553329749964,0.0488930830033496,0.0034459169837646,0.3851927499636076,,S2
descriptor_clustering,83,S2_non_coordinated,10,0.25,10,1,0,0,0.2268041237113402,1.0,0.3697478991596639,1.0,0.0,0.9731439393939394,0.9507058605534704,0,193,0.9090909090909092,1.0,0.9523809523809524,10,1,0.0,0.0,0.0,0.0,0.6666666666666666,2,10,0,91,0.0488836669828742,,0.0021754999761469,0.3554057090077549,,S2
fcgnn,53,S2_non_coordinated,2,0.25,2,1,0,0,0.0625,1.0,0.1176470588235294,1.0,0.0,1.0,1.0,0,181,0.6666666666666666,1.0,0.8,2,1,1.0,1.0,1.0,1.0,0.0,0,2,0,0,0.0384339169831946,0.0540728750056587,0.00293341698125,0.4443239169777371,,S2
descriptor_clustering,23,S2_non_coordinated,2,0.25,2,1,0,0,0.0625,1.0,0.1176470588235294,1.0,0.0,1.0,1.0,0,174,0.6666666666666666,1.0,0.8,2,1,0.0,0.0,0.0,0.0,0.5,1,2,1,20,0.0382667079684324,,0.0022217499790713,0.3486726250266656,,S2
descriptor_clustering,37,S2_non_coordinated,2,0.25,2,1,0,0,0.0625,1.0,0.1176470588235294,1.0,0.0,1.0,1.0,0,186,0.6666666666666666,1.0,0.8,2,1,1.0,1.0,1.0,1.0,0.0,0,2,0,0,0.034138334041927,,0.0017826660186983,0.3135932920267805,,S2
fcgnn,71,S2_non_coordinated,2,0.25,2,1,0,0,0.0536277602523659,1.0,0.1017964071856287,1.0,0.0,0.9368627450980392,0.7074841624278903,0,178,0.6666666666666666,1.0,0.8,2,1,1.0,1.0,1.0,1.0,0.0,0,2,0,0,0.0348999590496532,0.050914958002977,0.0030104579636827,0.4635658750194125,,S2
local_ids,11,S2_non_coordinated,10,0.0,10,1,0,0,0.2248062015503876,1.0,0.3670886075949367,1.0,0.0,0.9539080459770116,0.9042833774452826,0,183,0.9090909090909092,1.0,0.9523809523809524,10,1,1.0,1.0,1.0,1.0,0.0,0,10,0,0,,,,0.2908961249631829,0.0,S2
fcgnn,101,S2_non_coordinated,10,0.25,10,1,0,0,0.2385786802030456,1.0,0.3852459016393442,1.0,0.0,0.9690780141843972,0.9395021184347138,0,175,0.9090909090909092,1.0,0.9523809523809524,10,1,0.0,0.0,0.0,0.0,0.5,1,10,1,26,0.0476093749748542,0.0529841249808669,0.0035537499934434,0.391216916963458,,S2
fcgnn,11,S2_non_coordinated,5,0.25,5,1,0,0,0.1176470588235294,1.0,0.2105263157894736,1.0,0.0,0.943,0.8257073696193494,0,183,0.8333333333333334,1.0,0.9090909090909092,5,1,0.0,0.0,0.0,0.0,0.6666666666666666,2,5,0,92,0.040683125029318,0.0562297090073116,0.0034207919961772,0.3852007499663159,,S2
descriptor_clustering,11,S2_non_coordinated,5,0.0,5,1,0,0,0.1176470588235294,1.0,0.2105263157894736,1.0,0.0,0.943,0.8257073696193494,0,183,0.8333333333333334,1.0,0.9090909090909092,5,1,0.0,0.0,0.0,0.0,0.5,1,5,1,30,0.0370450830087065,,0.0018527500214986,0.3137543330085464,,S2
local_ids,23,S2_non_coordinated,2,0.25,2,1,0,0,0.0625,1.0,0.1176470588235294,1.0,0.0,1.0,1.0,0,174,0.6666666666666666,1.0,0.8,2,1,1.0,1.0,1.0,1.0,0.0,0,2,0,0,,,,0.364953999989666,0.0,S2
local_ids,67,S2_non_coordinated,10,0.0,10,1,0,0,0.1825613079019073,1.0,0.3087557603686636,1.0,0.0,0.9555721393034826,0.8939922351551733,0,175,0.9090909090909092,1.0,0.9523809523809524,10,1,1.0,1.0,1.0,1.0,0.0,0,10,0,0,,,,0.3809063750086352,0.0,S2
local_ids,11,S2_non_coordinated,2,0.25,2,1,0,0,0.032258064516129,1.0,0.0625,1.0,0.0,0.777,0.077330487368208,0,183,0.6666666666666666,1.0,0.8,2,1,1.0,1.0,1.0,1.0,0.0,0,2,0,0,,,,0.2735719580086879,0.0,S2
local_ids,23,S2_non_coordinated,2,0.0,2,1,0,0,0.0625,1.0,0.1176470588235294,1.0,0.0,1.0,1.0,0,174,0.6666666666666666,1.0,0.8,2,1,1.0,1.0,1.0,1.0,0.0,0,2,0,0,,,,0.2516338329878635,0.0,S2
descriptor_clustering,71,S2_non_coordinated,5,0.25,5,1,0,0,0.1017964071856287,1.0,0.1847826086956521,1.0,0.0,0.916470588235294,0.7395244363356515,0,178,0.8333333333333334,1.0,0.9090909090909092,5,1,1.0,1.0,1.0,1.0,0.0,0,5,0,0,0.0383524580392986,,0.0019227920565754,0.4125252920202911,,S2
standard_gnn,37,S2_non_coordinated,2,0.25,2,1,0,0,0.0625,1.0,0.1176470588235294,1.0,0.0,1.0,1.0,0,186,0.6666666666666666,1.0,0.8,2,1,1.0,1.0,1.0,1.0,0.0,0,2,0,0,0.0365996249602176,0.1387953750090673,0.0029437499470077,0.549279166967608,,S2
local_ids,37,S2_non_coordinated,5,0.25,5,1,0,0,0.1428571428571428,1.0,0.25,1.0,0.0,1.0,1.0,0,186,0.8333333333333334,1.0,0.9090909090909092,5,1,1.0,1.0,1.0,1.0,0.0,0,5,0,0,,,,0.2781598339788615,0.0,S2
descriptor_clustering,101,S2_non_coordinated,5,0.25,5,1,0,0,0.127906976744186,1.0,0.2268041237113402,1.0,0.0,0.9344696969696972,0.8042765966665713,0,175,0.8333333333333334,1.0,0.9090909090909092,5,1,0.0,0.0,0.0,0.0,0.5,1,5,1,16,0.0411102910293266,,0.0021307920105755,0.3405019170022569,,S2
standard_gnn,97,S2_non_coordinated,10,0.0,10,1,0,0,0.25,1.0,0.4,1.0,0.0,0.9998,0.9994339622641508,0,177,0.9090909090909092,1.0,0.9523809523809524,10,1,0.0,0.0,0.0,0.0,0.75,3,10,0,47,0.0477178749861195,0.0521518750465475,0.0039514590171165,0.3999435000005178,,S2
descriptor_clustering,41,S2_non_coordinated,10,0.0,10,1,0,0,0.2385786802030456,1.0,0.3852459016393442,1.0,0.0,0.9737056737588652,0.9478363049990268,0,168,0.9090909090909092,1.0,0.9523809523809524,10,1,0.0,0.0,0.0,0.0,0.5,1,10,1,48,0.1288844170048833,,0.0022113330196589,0.4259888749802485,,S2
standard_gnn,11,S2_non_coordinated,5,0.25,5,1,0,0,0.1176470588235294,1.0,0.2105263157894736,1.0,0.0,0.943,0.8257073696193494,0,183,0.8333333333333334,1.0,0.9090909090909092,5,1,0.0,0.0,0.0,0.0,0.5,1,5,1,10,0.040589208016172,0.0489097089739516,0.0036041249986737,0.467214124975726,,S2
descriptor_clustering,83,S2_non_coordinated,10,0.0,10,1,0,0,0.2268041237113402,1.0,0.3697478991596639,1.0,0.0,0.9731439393939394,0.9507058605534704,0,193,0.9090909090909092,1.0,0.9523809523809524,10,1,0.0,0.0,0.0,0.0,0.6666666666666666,2,10,0,91,0.0450083339819684,,0.0020427500130608,0.3358996660099365,,S2
fcgnn,101,S2_non_coordinated,2,0.0,2,1,0,0,0.0625,1.0,0.1176470588235294,1.0,0.0,0.9978333333333332,0.975037037037037,0,175,0.6666666666666666,1.0,0.8,2,1,1.0,1.0,1.0,1.0,0.0,0,2,0,0,0.0366815829765982,0.0518091249978169,0.0032516249921172,0.3746786669944413,,S2
standard_gnn,101,S2_non_coordinated,2,0.25,2,1,0,0,0.0625,1.0,0.1176470588235294,1.0,0.0,0.9978333333333332,0.975037037037037,0,175,0.6666666666666666,1.0,0.8,2,1,0.0,0.0,0.0,0.0,0.5,1,2,1,10,0.0376199159654788,0.0465074999956414,0.0030987499631009,0.3740740840439684,,S2
descriptor_clustering,11,S2_non_coordinated,10,0.0,10,1,0,0,0.2248062015503876,1.0,0.3670886075949367,1.0,0.0,0.9539080459770116,0.9042833774452826,0,183,0.9090909090909092,1.0,0.9523809523809524,10,1,0.0,0.0,0.0,0.0,0.6666666666666666,2,10,0,126,0.0454315830138511,,0.0022046250523999,0.3457907919655554,,S2
standard_gnn,23,S2_non_coordinated,5,0.0,5,1,0,0,0.1428571428571428,1.0,0.25,1.0,0.0,1.0,1.0,0,174,0.8333333333333334,1.0,0.9090909090909092,5,1,1.0,1.0,1.0,1.0,0.0,0,5,0,0,0.0385369579889811,0.0450224590022116,0.0030192920239642,0.356872167030815,,S2
descriptor_clustering,71,S2_non_coordinated,10,0.0,10,1,0,0,0.2125984251968504,1.0,0.3506493506493506,1.0,0.0,0.9499588477366254,0.8962316651173461,0,178,0.9090909090909092,1.0,0.9523809523809524,10,1,0.0,0.0,0.0,0.0,0.6666666666666666,2,10,0,93,0.0458362919744104,,0.0021177909802645,0.4128922080271877,,S2
fcgnn,23,S2_non_coordinated,2,0.0,2,1,0,0,0.0625,1.0,0.1176470588235294,1.0,0.0,1.0,1.0,0,174,0.6666666666666666,1.0,0.8,2,1,0.0,0.0,0.0,0.0,0.5,1,2,1,14,0.0377424170146696,0.0551782500115223,0.0037595419562421,0.3967549169901758,,S2
fcgnn,41,S2_non_coordinated,10,0.0,10,1,0,0,0.2385786802030456,1.0,0.3852459016393442,1.0,0.0,0.9737056737588652,0.9478363049990268,0,168,0.9090909090909092,1.0,0.9523809523809524,10,1,0.0,0.0,0.0,0.0,0.6666666666666666,2,10,0,59,0.0466081670019775,0.0557765000266954,0.0034464169875718,0.3941447919933125,,S2
descriptor_clustering,67,S2_non_coordinated,10,0.25,10,1,0,0,0.1825613079019073,1.0,0.3087557603686636,1.0,0.0,0.9555721393034826,0.8939922351551733,0,175,0.9090909090909092,1.0,0.9523809523809524,10,1,0.0,0.0,0.0,0.0,0.6666666666666666,2,10,0,105,0.043192041979637,,0.0020128329633735,0.4273642919724807,,S2
fcgnn,41,S2_non_coordinated,5,0.25,5,1,0,0,0.1428571428571428,1.0,0.25,1.0,0.0,0.9998333333333332,0.9988307692307692,0,168,0.8333333333333334,1.0,0.9090909090909092,5,1,0.0,0.0,0.0,0.0,0.5,1,5,1,19,0.0390032909926958,0.0504687909851782,0.0032742079929448,0.3639906669850461,,S2
descriptor_clustering,101,S2_non_coordinated,10,0.25,10,1,0,0,0.2385786802030456,1.0,0.3852459016393442,1.0,0.0,0.9690780141843972,0.9395021184347138,0,175,0.9090909090909092,1.0,0.9523809523809524,10,1,0.0,0.0,0.0,0.0,0.5,1,10,1,56,0.0446285000070929,,0.0021186249796301,0.340846374980174,,S2
descriptor_clustering,97,S2_non_coordinated,10,0.25,10,1,0,0,0.25,1.0,0.4,1.0,0.0,0.9998,0.9994339622641508,0,177,0.9090909090909092,1.0,0.9523809523809524,10,1,0.0,0.0,0.0,0.0,0.5,1,10,1,70,0.0486754169687628,,0.0019889579853042,0.4387584580108523,,S2
standard_gnn,101,S2_non_coordinated,5,0.0,5,1,0,0,0.127906976744186,1.0,0.2268041237113402,1.0,0.0,0.9344696969696972,0.8042765966665713,0,175,0.8333333333333334,1.0,0.9090909090909092,5,1,0.0,0.0,0.0,0.0,0.5,1,5,1,14,0.0437640419695526,0.0428274170262739,0.0036395839997567,0.4300377910258248,,S2
descriptor_clustering,67,S2_non_coordinated,2,0.0,2,1,0,0,0.0476190476190476,1.0,0.0909090909090909,1.0,0.0,0.95,0.7512363683662887,0,175,0.6666666666666666,1.0,0.8,2,1,1.0,1.0,1.0,1.0,0.0,0,2,0,0,0.0342468330054543,,0.0018231670255772,0.3151799999759532,,S2
fcgnn,71,S2_non_coordinated,5,0.0,5,1,0,0,0.1017964071856287,1.0,0.1847826086956521,1.0,0.0,0.916470588235294,0.7395244363356515,0,178,0.8333333333333334,1.0,0.9090909090909092,5,1,0.0,0.0,0.0,0.0,0.5,1,5,1,68,0.0391898750094696,0.0544002919923514,0.003447082999628,0.3816815839963965,,S2
local_ids,53,S2_non_coordinated,2,0.0,2,1,0,0,0.0625,1.0,0.1176470588235294,1.0,0.0,1.0,1.0,0,181,0.6666666666666666,1.0,0.8,2,1,1.0,1.0,1.0,1.0,0.0,0,2,0,0,,,,0.2675173750030808,0.0,S2
descriptor_clustering,23,S3_strong_campaign,5,1.0,5,1,0,0,0.1428571428571428,1.0,0.25,1.0,0.0,1.0,1.0,0,174,0.8333333333333334,1.0,0.9090909090909092,5,1,1.0,1.0,1.0,1.0,1.0,1,1,0,50,0.0378552909824065,,0.0018125000060535,0.370906709053088,,S3
fcgnn,97,S3_strong_campaign,5,1.0,5,1,0,0,0.1428571428571428,1.0,0.25,1.0,0.0,1.0,1.0,0,177,0.8333333333333334,1.0,0.9090909090909092,5,1,1.0,1.0,1.0,1.0,1.0,1,1,0,47,0.0410466250032186,0.0510322090121917,0.0032524580019526,0.4423682499909773,,S3
standard_gnn,53,S3_strong_campaign,10,1.0,10,1,0,0,0.2207792207792207,1.0,0.3617021276595745,1.0,0.0,0.9612549019607844,0.9258897419100875,0,181,0.9090909090909092,1.0,0.9523809523809524,10,1,1.0,1.0,1.0,1.0,1.0,1,1,0,18,0.0474838750087656,0.0495590830105356,0.003358207992278,0.577191166987177,,S3
local_ids,11,S3_strong_campaign,10,1.0,10,1,0,0,0.2248062015503876,1.0,0.3670886075949367,1.0,0.0,0.9539080459770116,0.9042833774452826,0,183,0.9090909090909092,1.0,0.9523809523809524,10,1,0.0,0.0,0.0,0.0,0.0,0,1,0,0,,,,0.506927500013262,0.0,S3
fcgnn,11,S3_strong_campaign,10,1.0,10,1,0,0,0.2248062015503876,1.0,0.3670886075949367,1.0,0.0,0.9539080459770116,0.9042833774452826,0,183,0.9090909090909092,1.0,0.9523809523809524,10,1,1.0,1.0,1.0,1.0,1.0,1,1,0,67,0.0470388339599594,0.0626308339997194,0.003733999968972,0.4985344589804299,,S3
standard_gnn,71,S3_strong_campaign,2,1.0,2,1,0,0,0.0536277602523659,1.0,0.1017964071856287,1.0,0.0,0.9368627450980392,0.7074841624278903,0,178,0.6666666666666666,1.0,0.8,2,1,0.0,0.0,0.0,0.0,0.0,0,1,0,0,0.0370837499503977,0.0422583750332705,0.0028950000414624,0.4623063330072909,,S3
descriptor_clustering,71,S3_strong_campaign,5,1.0,5,1,0,0,0.1017964071856287,1.0,0.1847826086956521,1.0,0.0,0.916470588235294,0.7395244363356515,0,178,0.8333333333333334,1.0,0.9090909090909092,5,1,1.0,1.0,1.0,1.0,1.0,1,1,0,30,0.0390435409499332,,0.0019272919744253,0.3801173330284655,,S3
local_ids,67,S3_strong_campaign,5,1.0,5,1,0,0,0.0909090909090909,1.0,0.1666666666666666,1.0,0.0,0.9374444444444444,0.7836185492648365,0,175,0.8333333333333334,1.0,0.9090909090909092,5,1,0.0,0.0,0.0,0.0,0.0,0,1,0,0,,,,0.2984373749932274,0.0,S3
standard_gnn,101,S3_strong_campaign,2,1.0,2,1,0,0,0.0625,1.0,0.1176470588235294,1.0,0.0,0.9978333333333332,0.975037037037037,0,175,0.6666666666666666,1.0,0.8,2,1,0.0,0.0,0.0,0.0,0.0,0,1,0,0,0.0351175830001011,0.0450518329744227,0.0032676659757271,0.3894380410201847,,S3
standard_gnn,83,S3_strong_campaign,2,1.0,2,1,0,0,0.0625,1.0,0.1176470588235294,1.0,0.0,1.0,1.0,0,193,0.6666666666666666,1.0,0.8,2,1,0.0,0.0,0.0,0.0,0.0,0,1,0,0,0.0365185000118799,0.0459321250091306,0.0032319580204784,0.4800912080099806,,S3
fcgnn,71,S3_strong_campaign,2,0.75,2,1,0,0,0.0536277602523659,1.0,0.1017964071856287,1.0,0.0,0.9368627450980392,0.7074841624278903,0,178,0.6666666666666666,1.0,0.8,2,1,0.0,0.0,0.0,0.0,0.0,0,1,0,0,0.0363806250388734,0.0490797499660402,0.0033622090122662,0.4011109999846667,,S3
descriptor_clustering,23,S3_strong_campaign,10,1.0,10,1,0,0,0.2366412213740458,1.0,0.382716049382716,1.0,0.0,0.9942652329749104,0.9899938814787012,0,174,0.9090909090909092,1.0,0.9523809523809524,10,1,1.0,1.0,1.0,1.0,1.0,1,1,0,92,0.0447585830115713,,0.0020517499651759,0.4386203330359421,,S3
local_ids,23,S3_strong_campaign,2,1.0,2,1,0,0,0.0625,1.0,0.1176470588235294,1.0,0.0,1.0,1.0,0,174,0.6666666666666666,1.0,0.8,2,1,0.0,0.0,0.0,0.0,0.0,0,1,0,0,,,,0.3742477499763481,0.0,S3
local_ids,37,S3_strong_campaign,10,1.0,10,1,0,0,0.2346938775510204,1.0,0.3801652892561983,1.0,0.0,0.9784420289855074,0.9580723862755244,0,186,0.9090909090909092,1.0,0.9523809523809524,10,1,0.0,0.0,0.0,0.0,0.0,0,1,0,0,,,,0.4636362090241164,0.0,S3
local_ids,97,S3_strong_campaign,10,1.0,10,1,0,0,0.25,1.0,0.4,1.0,0.0,0.9998,0.9994339622641508,0,177,0.9090909090909092,1.0,0.9523809523809524,10,1,0.0,0.0,0.0,0.0,0.0,0,1,0,0,,,,0.3768024999881163,0.0,S3
local_ids,53,S3_strong_campaign,10,0.75,10,1,0,0,0.2207792207792207,1.0,0.3617021276595745,1.0,0.0,0.9612549019607844,0.9258897419100875,0,181,0.9090909090909092,1.0,0.9523809523809524,10,1,0.0,0.0,0.0,0.0,0.0,0,1,0,0,,,,0.351397333026398,0.0,S3
local_ids,11,S3_strong_campaign,5,1.0,5,1,0,0,0.1176470588235294,1.0,0.2105263157894736,1.0,0.0,0.943,0.8257073696193494,0,183,0.8333333333333334,1.0,0.9090909090909092,5,1,0.0,0.0,0.0,0.0,0.0,0,1,0,0,,,,0.3244857499958016,0.0,S3
fcgnn,11,S3_strong_campaign,5,1.0,5,1,0,0,0.1176470588235294,1.0,0.2105263157894736,1.0,0.0,0.943,0.8257073696193494,0,183,0.8333333333333334,1.0,0.9090909090909092,5,1,1.0,1.0,1.0,1.0,1.0,1,1,0,32,0.0401220830390229,0.0512138329795561,0.0035616669920273,0.4311651659663766,,S3
local_ids,97,S3_strong_campaign,2,0.75,2,1,0,0,0.0625,1.0,0.1176470588235294,1.0,0.0,1.0,1.0,0,177,0.6666666666666666,1.0,0.8,2,1,0.0,0.0,0.0,0.0,0.0,0,1,0,0,,,,0.2895587920211255,0.0,S3
descriptor_clustering,67,S3_strong_campaign,10,1.0,10,1,0,0,0.1825613079019073,1.0,0.3087557603686636,1.0,0.0,0.9555721393034826,0.8939922351551733,0,175,0.9090909090909092,1.0,0.9523809523809524,10,1,0.0,0.0,0.0,0.0,0.0,0,1,0,0,0.0415586670278571,,0.0019015420111827,0.4053539159940555,,S3
local_ids,23,S3_strong_campaign,10,0.75,10,1,0,0,0.2366412213740458,1.0,0.382716049382716,1.0,0.0,0.9942652329749104,0.9899938814787012,0,174,0.9090909090909092,1.0,0.9523809523809524,10,1,0.0,0.0,0.0,0.0,0.0,0,1,0,0,,,,0.379473292035982,0.0,S3
standard_gnn,37,S3_strong_campaign,10,1.0,10,1,0,0,0.2346938775510204,1.0,0.3801652892561983,1.0,0.0,0.9784420289855074,0.9580723862755244,0,186,0.9090909090909092,1.0,0.9523809523809524,10,1,1.0,1.0,1.0,1.0,1.0,1,1,0,13,0.0474147080094553,0.0493960420135408,0.0035725839552469,0.4996761250076815,,S3
fcgnn,67,S3_strong_campaign,10,0.75,10,1,0,0,0.1825613079019073,1.0,0.3087557603686636,1.0,0.0,0.9555721393034826,0.8939922351551733,0,175,0.9090909090909092,1.0,0.9523809523809524,10,1,1.0,0.0,1.0,0.0,1.0,2,1,0,24,0.0434141249861568,0.0492840000079013,0.0036407909938134,0.5511139999725856,,S3
fcgnn,71,S3_strong_campaign,2,1.0,2,1,0,0,0.0536277602523659,1.0,0.1017964071856287,1.0,0.0,0.9368627450980392,0.7074841624278903,0,178,0.6666666666666666,1.0,0.8,2,1,1.0,1.0,1.0,1.0,1.0,1,1,0,14,0.0334071660181507,0.0451323330053128,0.003635375003796,0.3874248339561745,,S3
fcgnn,11,S3_strong_campaign,10,0.75,10,1,0,0,0.2248062015503876,1.0,0.3670886075949367,1.0,0.0,0.9539080459770116,0.9042833774452826,0,183,0.9090909090909092,1.0,0.9523809523809524,10,1,1.0,1.0,1.0,1.0,1.0,1,1,0,21,0.045838082965929,0.0521519579924643,0.0036783330142498,0.4833424580283463,,S3
local_ids,83,S3_strong_campaign,10,1.0,10,1,0,0,0.2268041237113402,1.0,0.3697478991596639,1.0,0.0,0.9731439393939394,0.9507058605534704,0,193,0.9090909090909092,1.0,0.9523809523809524,10,1,0.0,0.0,0.0,0.0,0.0,0,1,0,0,,,,0.3790226670098491,0.0,S3
standard_gnn,101,S3_strong_campaign,2,0.75,2,1,0,0,0.0625,1.0,0.1176470588235294,1.0,0.0,0.9978333333333332,0.975037037037037,0,175,0.6666666666666666,1.0,0.8,2,1,0.0,0.0,0.0,0.0,0.0,0,1,0,0,0.0371492080157622,0.0461701249587349,0.0046302499831654,0.4965584590099752,,S3
fcgnn,101,S3_strong_campaign,5,0.75,5,1,0,0,0.127906976744186,1.0,0.2268041237113402,1.0,0.0,0.9344696969696972,0.8042765966665713,0,175,0.8333333333333334,1.0,0.9090909090909092,5,1,0.0,0.0,0.0,0.0,0.0,0,1,0,0,0.0403557080426253,0.0502268750569783,0.0030287079862318,0.4380891249747947,,S3
fcgnn,11,S3_strong_campaign,10,1.0,10,1,0,0,0.2248062015503876,1.0,0.3670886075949367,1.0,0.0,0.9539080459770116,0.9042833774452826,0,183,0.9090909090909092,1.0,0.9523809523809524,10,1,1.0,1.0,1.0,1.0,1.0,1,1,0,67,0.04763891705079,0.0520404999842867,0.0037433330435305,0.5867349999607541,,S3
descriptor_clustering,67,S3_strong_campaign,2,1.0,2,1,0,0,0.0476190476190476,1.0,0.0909090909090909,1.0,0.0,0.95,0.7512363683662887,0,175,0.6666666666666666,1.0,0.8,2,1,0.0,0.0,0.0,0.0,0.0,0,1,0,0,0.0364848329918459,,0.001947916985955,0.3541190840187482,,S3
fcgnn,11,S3_strong_campaign,2,0.75,2,1,0,0,0.032258064516129,1.0,0.0625,1.0,0.0,0.777,0.077330487368208,0,183,0.6666666666666666,1.0,0.8,2,1,1.0,1.0,1.0,1.0,1.0,1,1,0,12,0.0343474160181358,0.04620108299423,0.0046514170244336,0.3792666670051403,,S3
local_ids,71,S3_strong_campaign,10,0.75,10,1,0,0,0.2125984251968504,1.0,0.3506493506493506,1.0,0.0,0.9499588477366254,0.8962316651173461,0,178,0.9090909090909092,1.0,0.9523809523809524,10,1,0.0,0.0,0.0,0.0,0.0,0,1,0,0,,,,0.3757506250403821,0.0,S3
fcgnn,41,S3_strong_campaign,2,1.0,2,1,0,0,0.0625,1.0,0.1176470588235294,1.0,0.0,0.9995833333333332,0.9929545454545454,0,168,0.6666666666666666,1.0,0.8,2,1,1.0,1.0,1.0,1.0,1.0,1,1,0,17,0.0361267499974928,0.0497578750364482,0.0034987920080311,0.46343716600677,,S3
standard_gnn,67,S3_strong_campaign,2,1.0,2,1,0,0,0.0476190476190476,1.0,0.0909090909090909,1.0,0.0,0.95,0.7512363683662887,0,175,0.6666666666666666,1.0,0.8,2,1,0.0,0.0,0.0,0.0,0.0,0,1,0,0,0.0364730830187909,0.0464124580030329,0.003053083026316,0.3925888749654405,,S3
descriptor_clustering,71,S3_strong_campaign,2,0.75,2,1,0,0,0.0536277602523659,1.0,0.1017964071856287,1.0,0.0,0.9368627450980392,0.7074841624278903,0,178,0.6666666666666666,1.0,0.8,2,1,0.0,0.0,0.0,0.0,0.0,0,1,0,0,0.0362859579618088,,0.0017609159694984,0.3547493329970166,,S3
fcgnn,67,S3_strong_campaign,10,1.0,10,1,0,0,0.1825613079019073,1.0,0.3087557603686636,1.0,0.0,0.9555721393034826,0.8939922351551733,0,175,0.9090909090909092,1.0,0.9523809523809524,10,1,1.0,1.0,1.0,1.0,1.0,1,1,0,56,0.0451679580146446,0.0526190420496277,0.0036652499693445,0.5603109170333482,,S3
descriptor_clustering,11,S3_strong_campaign,5,0.75,5,1,0,0,0.1176470588235294,1.0,0.2105263157894736,1.0,0.0,0.943,0.8257073696193494,0,183,0.8333333333333334,1.0,0.9090909090909092,5,1,0.0,0.0,0.0,0.0,0.0,0,1,0,0,0.0383492080145515,,0.0019050000119023,0.378857749979943,,S3
fcgnn,67,S3_strong_campaign,5,0.75,5,1,0,0,0.0909090909090909,1.0,0.1666666666666666,1.0,0.0,0.9374444444444444,0.7836185492648365,0,175,0.8333333333333334,1.0,0.9090909090909092,5,1,0.0,0.0,0.0,0.0,0.0,0,1,0,0,0.0367018330143764,0.0454022079939022,0.0029297919827513,0.4033327919896692,,S3
descriptor_clustering,37,S3_strong_campaign,2,0.75,2,1,0,0,0.0625,1.0,0.1176470588235294,1.0,0.0,1.0,1.0,0,186,0.6666666666666666,1.0,0.8,2,1,0.0,0.0,0.0,0.0,0.0,0,1,0,0,0.0352992500411346,,0.0019484160002321,0.3594739580294117,,S3
fcgnn,53,S3_strong_campaign,10,1.0,10,1,0,0,0.2207792207792207,1.0,0.3617021276595745,1.0,0.0,0.9612549019607844,0.9258897419100875,0,181,0.9090909090909092,1.0,0.9523809523809524,10,1,1.0,1.0,1.0,1.0,1.0,1,1,0,70,0.0456068339990451,0.0544572090147994,0.0033831659820862,0.5682435409980826,,S3
descriptor_clustering,67,S3_strong_campaign,10,0.75,10,1,0,0,0.1825613079019073,1.0,0.3087557603686636,1.0,0.0,0.9555721393034826,0.8939922351551733,0,175,0.9090909090909092,1.0,0.9523809523809524,10,1,1.0,0.0,1.0,0.0,1.0,3,1,0,45,0.0448560419608838,,0.0020783339859917,0.4271460830350406,,S3
fcgnn,37,S3_strong_campaign,10,0.75,10,1,0,0,0.2346938775510204,1.0,0.3801652892561983,1.0,0.0,0.9784420289855074,0.9580723862755244,0,186,0.9090909090909092,1.0,0.9523809523809524,10,1,1.0,0.0,1.0,0.0,1.0,2,1,0,45,0.0463447080110199,0.0503990419674664,0.003771791991312,0.4974269579979591,,S3
descriptor_clustering,101,S3_strong_campaign,2,0.75,2,1,0,0,0.0625,1.0,0.1176470588235294,1.0,0.0,0.9978333333333332,0.975037037037037,0,175,0.6666666666666666,1.0,0.8,2,1,0.0,0.0,0.0,0.0,0.0,0,1,0,0,0.0370639580069109,,0.001956042018719,0.3601787920342758,,S3
descriptor_clustering,41,S3_strong_campaign,10,1.0,10,1,0,0,0.2385786802030456,1.0,0.3852459016393442,1.0,0.0,0.9737056737588652,0.9478363049990268,0,168,0.9090909090909092,1.0,0.9523809523809524,10,1,1.0,1.0,1.0,1.0,1.0,1,1,0,91,0.0444327499717474,,0.0021022080327384,0.5117914580041543,,S3
descriptor_clustering,11,S3_strong_campaign,2,0.75,2,1,0,0,0.032258064516129,1.0,0.0625,1.0,0.0,0.777,0.077330487368208,0,183,0.6666666666666666,1.0,0.8,2,1,0.0,0.0,0.0,0.0,0.0,0,1,0,0,0.0357924169511534,,0.0019473329884931,0.3514421249856241,,S3
local_ids,11,S3_strong_campaign,5,1.0,5,1,0,0,0.1176470588235294,1.0,0.2105263157894736,1.0,0.0,0.943,0.8257073696193494,0,183,0.8333333333333334,1.0,0.9090909090909092,5,1,0.0,0.0,0.0,0.0,0.0,0,1,0,0,,,,0.3199571670265868,0.0,S3
local_ids,101,S3_strong_campaign,2,0.75,2,1,0,0,0.0625,1.0,0.1176470588235294,1.0,0.0,0.9978333333333332,0.975037037037037,0,175,0.6666666666666666,1.0,0.8,2,1,0.0,0.0,0.0,0.0,0.0,0,1,0,0,,,,0.306972999998834,0.0,S3
descriptor_clustering,83,S3_strong_campaign,10,0.75,10,1,0,0,0.2268041237113402,1.0,0.3697478991596639,1.0,0.0,0.9731439393939394,0.9507058605534704,0,193,0.9090909090909092,1.0,0.9523809523809524,10,1,1.0,0.0,1.0,0.0,1.0,4,1,0,63,0.0467791669652797,,0.0019597909995354,0.4492214170168154,,S3
fcgnn,23,S3_strong_campaign,2,1.0,2,1,0,0,0.0625,1.0,0.1176470588235294,1.0,0.0,1.0,1.0,0,174,0.6666666666666666,1.0,0.8,2,1,1.0,1.0,1.0,1.0,1.0,1,1,0,17,0.0365609170403331,0.0517789170262403,0.0034976250026375,0.4069417500286363,,S3
local_ids,53,S3_strong_campaign,5,1.0,5,1,0,0,0.1329479768786127,1.0,0.2346938775510204,1.0,0.0,0.9760869565217392,0.932456824617277,0,181,0.8333333333333334,1.0,0.9090909090909092,5,1,0.0,0.0,0.0,0.0,0.0,0,1,0,0,,,,0.3361488330410793,0.0,S3
descriptor_clustering,97,S3_strong_campaign,2,0.75,2,1,0,0,0.0625,1.0,0.1176470588235294,1.0,0.0,1.0,1.0,0,177,0.6666666666666666,1.0,0.8,2,1,0.0,0.0,0.0,0.0,0.0,0,1,0,0,0.0367674159933812,,0.0018857500399462,0.4471200419939123,,S3
descriptor_clustering,97,S3_strong_campaign,2,1.0,2,1,0,0,0.0625,1.0,0.1176470588235294,1.0,0.0,1.0,1.0,0,177,0.6666666666666666,1.0,0.8,2,1,1.0,1.0,1.0,1.0,1.0,1,1,0,20,0.0370589169906452,,0.0019375830306671,0.3630769170122221,,S3
local_ids,11,S3_strong_campaign,2,0.75,2,1,0,0,0.032258064516129,1.0,0.0625,1.0,0.0,0.777,0.077330487368208,0,183,0.6666666666666666,1.0,0.8,2,1,0.0,0.0,0.0,0.0,0.0,0,1,0,0,,,,0.2964328340021893,0.0,S3
local_ids,11,S3_strong_campaign,2,1.0,2,1,0,0,0.032258064516129,1.0,0.0625,1.0,0.0,0.777,0.077330487368208,0,183,0.6666666666666666,1.0,0.8,2,1,0.0,0.0,0.0,0.0,0.0,0,1,0,0,,,,0.2898342920234427,0.0,S3
local_ids,83,S3_strong_campaign,5,0.75,5,1,0,0,0.1404011461318051,1.0,0.2462311557788944,1.0,0.0,0.9985034013605444,0.99326826382727,0,193,0.8333333333333334,1.0,0.9090909090909092,5,1,0.0,0.0,0.0,0.0,0.0,0,1,0,0,,,,0.3340938339824788,0.0,S3
fcgnn,97,S3_strong_campaign,10,1.0,10,1,0,0,0.25,1.0,0.4,1.0,0.0,0.9998,0.9994339622641508,0,177,0.9090909090909092,1.0,0.9523809523809524,10,1,1.0,1.0,1.0,1.0,1.0,1,1,0,97,0.0480255839647725,0.0520366670098155,0.0035623339936137,0.5136132080224343,,S3
fcgnn,71,S3_strong_campaign,5,1.0,5,1,0,0,0.1017964071856287,1.0,0.1847826086956521,1.0,0.0,0.916470588235294,0.7395244363356515,0,178,0.8333333333333334,1.0,0.9090909090909092,5,1,1.0,1.0,1.0,1.0,1.0,1,1,0,28,0.0398950830567628,0.0507579590193927,0.0034689580206759,0.5169822919997387,,S3
fcgnn,83,S3_strong_campaign,2,0.75,2,1,0,0,0.0625,1.0,0.1176470588235294,1.0,0.0,1.0,1.0,0,193,0.6666666666666666,1.0,0.8,2,1,0.0,0.0,0.0,0.0,0.0,0,1,0,0,0.0349737500073388,0.0487286659772507,0.0032362079946324,0.3873783749877475,,S3
standard_gnn,11,S3_strong_campaign,2,1.0,2,1,0,0,0.032258064516129,1.0,0.0625,1.0,0.0,0.777,0.077330487368208,0,183,0.6666666666666666,1.0,0.8,2,1,0.0,0.0,0.0,0.0,0.0,0,1,0,0,0.0718374169664457,0.0514262910000979,0.0049064999911934,0.4572037500329315,,S3
fcgnn,53,S3_strong_campaign,5,0.75,5,1,0,0,0.1329479768786127,1.0,0.2346938775510204,1.0,0.0,0.9760869565217392,0.932456824617277,0,181,0.8333333333333334,1.0,0.9090909090909092,5,1,0.0,0.0,0.0,0.0,0.0,0,1,0,0,0.0403618330019526,0.0514107500202953,0.0032440840150229,0.4419078339706175,,S3
fcgnn,11,S3_strong_campaign,10,0.75,10,1,0,0,0.2248062015503876,1.0,0.3670886075949367,1.0,0.0,0.9539080459770116,0.9042833774452826,0,183,0.9090909090909092,1.0,0.9523809523809524,10,1,1.0,1.0,1.0,1.0,1.0,1,1,0,21,0.0454342080047354,0.0497518750489689,0.0034535420127213,0.4835466659860685,,S3
fcgnn,83,S3_strong_campaign,10,0.75,10,1,0,0,0.2268041237113402,1.0,0.3697478991596639,1.0,0.0,0.9731439393939394,0.9507058605534704,0,193,0.9090909090909092,1.0,0.9523809523809524,10,1,1.0,0.0,1.0,0.0,1.0,2,1,0,22,0.0474629999953322,0.0501496669603511,0.0040469579980708,0.4960006249602884,,S3
local_ids,101,S3_strong_campaign,2,1.0,2,1,0,0,0.0625,1.0,0.1176470588235294,1.0,0.0,0.9978333333333332,0.975037037037037,0,175,0.6666666666666666,1.0,0.8,2,1,0.0,0.0,0.0,0.0,0.0,0,1,0,0,,,,0.2921743749757297,0.0,S3
descriptor_clustering,53,S3_strong_campaign,10,0.75,10,1,0,0,0.2207792207792207,1.0,0.3617021276595745,1.0,0.0,0.9612549019607844,0.9258897419100875,0,181,0.9090909090909092,1.0,0.9523809523809524,10,1,0.0,0.0,0.0,0.0,0.0,0,1,0,0,0.132843250001315,,0.0023369580158032,0.5143102500005625,,S3
standard_gnn,97,S3_strong_campaign,2,1.0,2,1,0,0,0.0625,1.0,0.1176470588235294,1.0,0.0,1.0,1.0,0,177,0.6666666666666666,1.0,0.8,2,1,0.0,0.0,0.0,0.0,0.0,0,1,0,0,0.0365410419763065,0.0450272499583661,0.0031562079675495,0.3989013750106096,,S3
descriptor_clustering,53,S3_strong_campaign,5,1.0,5,1,0,0,0.1329479768786127,1.0,0.2346938775510204,1.0,0.0,0.9760869565217392,0.932456824617277,0,181,0.8333333333333334,1.0,0.9090909090909092,5,1,0.0,0.0,0.0,0.0,0.0,0,1,0,0,0.0415517090004868,,0.0023028340074233,0.4824607499758713,,S3
descriptor_clustering,37,S3_strong_campaign,2,1.0,2,1,0,0,0.0625,1.0,0.1176470588235294,1.0,0.0,1.0,1.0,0,186,0.6666666666666666,1.0,0.8,2,1,0.0,0.0,0.0,0.0,0.0,0,1,0,0,0.0356842500041238,,0.0019328749622218,0.4533757910248823,,S3
local_ids,53,S3_strong_campaign,5,0.75,5,1,0,0,0.1329479768786127,1.0,0.2346938775510204,1.0,0.0,0.9760869565217392,0.932456824617277,0,181,0.8333333333333334,1.0,0.9090909090909092,5,1,0.0,0.0,0.0,0.0,0.0,0,1,0,0,,,,0.33402779197786,0.0,S3
descriptor_clustering,23,S3_strong_campaign,10,0.75,10,1,0,0,0.2366412213740458,1.0,0.382716049382716,1.0,0.0,0.9942652329749104,0.9899938814787012,0,174,0.9090909090909092,1.0,0.9523809523809524,10,1,1.0,0.0,1.0,0.0,1.0,3,1,0,66,0.0478749169851653,,0.0022163329995237,0.4567417500074953,,S3
fcgnn,37,S3_strong_campaign,5,1.0,5,1,0,0,0.1428571428571428,1.0,0.25,1.0,0.0,1.0,1.0,0,186,0.8333333333333334,1.0,0.9090909090909092,5,1,1.0,1.0,1.0,1.0,1.0,1,1,0,41,0.1244443750474602,0.1512687500216998,0.0034605000400915,0.633667417045217,,S3
standard_gnn,37,S3_strong_campaign,5,0.75,5,1,0,0,0.1428571428571428,1.0,0.25,1.0,0.0,1.0,1.0,0,186,0.8333333333333334,1.0,0.9090909090909092,5,1,1.0,1.0,1.0,1.0,1.0,1,1,0,11,0.0412986250012181,0.0467202499858103,0.0038888339768163,0.4363343339646235,,S3
fcgnn,83,S3_strong_campaign,2,1.0,2,1,0,0,0.0625,1.0,0.1176470588235294,1.0,0.0,1.0,1.0,0,193,0.6666666666666666,1.0,0.8,2,1,1.0,1.0,1.0,1.0,1.0,1,1,0,16,0.0359779170248657,0.0491634159698151,0.0035028330166824,0.398749082989525,,S3
local_ids,23,S3_strong_campaign,2,0.75,2,1,0,0,0.0625,1.0,0.1176470588235294,1.0,0.0,1.0,1.0,0,174,0.6666666666666666,1.0,0.8,2,1,0.0,0.0,0.0,0.0,0.0,0,1,0,0,,,,0.3075589590007439,0.0,S3
local_ids,67,S3_strong_campaign,10,0.75,10,1,0,0,0.1825613079019073,1.0,0.3087557603686636,1.0,0.0,0.9555721393034826,0.8939922351551733,0,175,0.9090909090909092,1.0,0.9523809523809524,10,1,0.0,0.0,0.0,0.0,0.0,0,1,0,0,,,,0.3589871670119464,0.0,S3
local_ids,101,S3_strong_campaign,5,1.0,5,1,0,0,0.127906976744186,1.0,0.2268041237113402,1.0,0.0,0.9344696969696972,0.8042765966665713,0,175,0.8333333333333334,1.0,0.9090909090909092,5,1,0.0,0.0,0.0,0.0,0.0,0,1,0,0,,,,0.3336405000300146,0.0,S3
descriptor_clustering,37,S3_strong_campaign,10,0.75,10,1,0,0,0.2346938775510204,1.0,0.3801652892561983,1.0,0.0,0.9784420289855074,0.9580723862755244,0,186,0.9090909090909092,1.0,0.9523809523809524,10,1,1.0,0.0,1.0,0.0,1.0,4,1,0,73,0.0440482909907586,,0.0020929999882355,0.4267869580071419,,S3
local_ids,53,S3_strong_campaign,2,1.0,2,1,0,0,0.0625,1.0,0.1176470588235294,1.0,0.0,1.0,1.0,0,181,0.6666666666666666,1.0,0.8,2,1,0.0,0.0,0.0,0.0,0.0,0,1,0,0,,,,0.3055068330140784,0.0,S3
fcgnn,23,S3_strong_campaign,10,0.75,10,1,0,0,0.2366412213740458,1.0,0.382716049382716,1.0,0.0,0.9942652329749104,0.9899938814787012,0,174,0.9090909090909092,1.0,0.9523809523809524,10,1,0.0,0.0,0.0,0.0,0.0,0,1,0,0,0.0481155419838614,0.0513684159959666,0.0035659580025821,0.5923452080460265,,S3
standard_gnn,97,S3_strong_campaign,2,0.75,2,1,0,0,0.0625,1.0,0.1176470588235294,1.0,0.0,1.0,1.0,0,177,0.6666666666666666,1.0,0.8,2,1,0.0,0.0,0.0,0.0,0.0,0,1,0,0,0.0366803749930113,0.0466700830147601,0.0034574579913169,0.4009346249513328,,S3
fcgnn,97,S3_strong_campaign,2,0.75,2,1,0,0,0.0625,1.0,0.1176470588235294,1.0,0.0,1.0,1.0,0,177,0.6666666666666666,1.0,0.8,2,1,0.0,0.0,0.0,0.0,0.0,0,1,0,0,0.0375570419710129,0.049631625006441,0.0028442500042729,0.404759583005216,,S3
standard_gnn,83,S3_strong_campaign,2,0.75,2,1,0,0,0.0625,1.0,0.1176470588235294,1.0,0.0,1.0,1.0,0,193,0.6666666666666666,1.0,0.8,2,1,0.0,0.0,0.0,0.0,0.0,0,1,0,0,0.0350238749524578,0.0414439999731257,0.0032880419748835,0.4453800420160405,,S3
descriptor_clustering,41,S3_strong_campaign,10,0.75,10,1,0,0,0.2385786802030456,1.0,0.3852459016393442,1.0,0.0,0.9737056737588652,0.9478363049990268,0,168,0.9090909090909092,1.0,0.9523809523809524,10,1,1.0,0.0,1.0,0.0,1.0,3,1,0,71,0.047712167026475,,0.0023993329959921,0.4494029169436544,,S3
fcgnn,11,S3_strong_campaign,2,0.75,2,1,0,0,0.032258064516129,1.0,0.0625,1.0,0.0,0.777,0.077330487368208,0,183,0.6666666666666666,1.0,0.8,2,1,1.0,1.0,1.0,1.0,1.0,1,1,0,12,0.0369328749948181,0.0501596670364961,0.004335917008575,0.4861277919844724,,S3
descriptor_clustering,23,S3_strong_campaign,2,0.75,2,1,0,0,0.0625,1.0,0.1176470588235294,1.0,0.0,1.0,1.0,0,174,0.6666666666666666,1.0,0.8,2,1,1.0,1.0,1.0,1.0,1.0,1,1,0,20,0.0373037919634953,,0.0019310420029796,0.4275602499837987,,S3
local_ids,101,S3_strong_campaign,5,0.75,5,1,0,0,0.127906976744186,1.0,0.2268041237113402,1.0,0.0,0.9344696969696972,0.8042765966665713,0,175,0.8333333333333334,1.0,0.9090909090909092,5,1,0.0,0.0,0.0,0.0,0.0,0,1,0,0,,,,0.4141109170159325,0.0,S3
fcgnn,101,S3_strong_campaign,2,1.0,2,1,0,0,0.0625,1.0,0.1176470588235294,1.0,0.0,0.9978333333333332,0.975037037037037,0,175,0.6666666666666666,1.0,0.8,2,1,1.0,1.0,1.0,1.0,1.0,1,1,0,17,0.0356232919730246,0.0473638750263489,0.0041953329928219,0.3998798339744098,,S3
local_ids,41,S3_strong_campaign,10,0.75,10,1,0,0,0.2385786802030456,1.0,0.3852459016393442,1.0,0.0,0.9737056737588652,0.9478363049990268,0,168,0.9090909090909092,1.0,0.9523809523809524,10,1,0.0,0.0,0.0,0.0,0.0,0,1,0,0,,,,0.4778294999850914,0.0,S3
local_ids,83,S3_strong_campaign,10,0.75,10,1,0,0,0.2268041237113402,1.0,0.3697478991596639,1.0,0.0,0.9731439393939394,0.9507058605534704,0,193,0.9090909090909092,1.0,0.9523809523809524,10,1,0.0,0.0,0.0,0.0,0.0,0,1,0,0,,,,0.4634209999931045,0.0,S3
standard_gnn,71,S3_strong_campaign,5,1.0,5,1,0,0,0.1017964071856287,1.0,0.1847826086956521,1.0,0.0,0.916470588235294,0.7395244363356515,0,178,0.8333333333333334,1.0,0.9090909090909092,5,1,0.0,0.0,0.0,0.0,0.0,0,1,0,0,0.0392152910353615,0.0457980830105952,0.0033092919620685,0.4202360000344924,,S3
fcgnn,41,S3_strong_campaign,5,1.0,5,1,0,0,0.1428571428571428,1.0,0.25,1.0,0.0,0.9998333333333332,0.9988307692307692,0,168,0.8333333333333334,1.0,0.9090909090909092,5,1,1.0,1.0,1.0,1.0,1.0,1,1,0,44,0.041332374967169,0.050847916980274,0.0032735830172896,0.4415835830150172,,S3
local_ids,71,S3_strong_campaign,10,1.0,10,1,0,0,0.2125984251968504,1.0,0.3506493506493506,1.0,0.0,0.9499588477366254,0.8962316651173461,0,178,0.9090909090909092,1.0,0.9523809523809524,10,1,0.0,0.0,0.0,0.0,0.0,0,1,0,0,,,,0.4539292500121519,0.0,S3
local_ids,53,S3_strong_campaign,10,1.0,10,1,0,0,0.2207792207792207,1.0,0.3617021276595745,1.0,0.0,0.9612549019607844,0.9258897419100875,0,181,0.9090909090909092,1.0,0.9523809523809524,10,1,0.0,0.0,0.0,0.0,0.0,0,1,0,0,,,,0.3796076250146143,0.0,S3
standard_gnn,83,S3_strong_campaign,5,0.75,5,1,0,0,0.1404011461318051,1.0,0.2462311557788944,1.0,0.0,0.9985034013605444,0.99326826382727,0,193,0.8333333333333334,1.0,0.9090909090909092,5,1,0.0,0.0,0.0,0.0,0.0,0,1,0,0,0.0411970419809222,0.0460262079723179,0.0032929590088315,0.4360940000042319,,S3
standard_gnn,41,S3_strong_campaign,10,0.75,10,1,0,0,0.2385786802030456,1.0,0.3852459016393442,1.0,0.0,0.9737056737588652,0.9478363049990268,0,168,0.9090909090909092,1.0,0.9523809523809524,10,1,0.0,0.0,0.0,0.0,0.0,0,1,0,0,0.048242041026242,0.0499007499893195,0.0031578749767504,0.4994945000507869,,S3
descriptor_clustering,71,S3_strong_campaign,10,0.75,10,1,0,0,0.2125984251968504,1.0,0.3506493506493506,1.0,0.0,0.9499588477366254,0.8962316651173461,0,178,0.9090909090909092,1.0,0.9523809523809524,10,1,1.0,0.0,1.0,0.0,1.0,3,1,0,56,0.0452337919850833,,0.0021865000016987,0.5012387909810059,,S3
descriptor_clustering,11,S3_strong_campaign,2,0.75,2,1,0,0,0.032258064516129,1.0,0.0625,1.0,0.0,0.777,0.077330487368208,0,183,0.6666666666666666,1.0,0.8,2,1,0.0,0.0,0.0,0.0,0.0,0,1,0,0,0.0361174580175429,,0.0018997089937329,0.3498786249547265,,S3
local_ids,97,S3_strong_campaign,2,1.0,2,1,0,0,0.0625,1.0,0.1176470588235294,1.0,0.0,1.0,1.0,0,177,0.6666666666666666,1.0,0.8,2,1,0.0,0.0,0.0,0.0,0.0,0,1,0,0,,,,0.3042264160467312,0.0,S3
standard_gnn,11,S3_strong_campaign,10,1.0,10,1,0,0,0.2248062015503876,1.0,0.3670886075949367,1.0,0.0,0.9539080459770116,0.9042833774452826,0,183,0.9090909090909092,1.0,0.9523809523809524,10,1,1.0,1.0,1.0,1.0,1.0,1,1,0,22,0.0480033750063739,0.0500665419967845,0.0035018749767914,0.492501207976602,,S3
local_ids,11,S3_strong_campaign,5,0.75,5,1,0,0,0.1176470588235294,1.0,0.2105263157894736,1.0,0.0,0.943,0.8257073696193494,0,183,0.8333333333333334,1.0,0.9090909090909092,5,1,0.0,0.0,0.0,0.0,0.0,0,1,0,0,,,,0.3195409579784609,0.0,S3
standard_gnn,11,S3_strong_campaign,10,0.75,10,1,0,0,0.2248062015503876,1.0,0.3670886075949367,1.0,0.0,0.9539080459770116,0.9042833774452826,0,183,0.9090909090909092,1.0,0.9523809523809524,10,1,1.0,1.0,1.0,1.0,1.0,1,1,0,14,0.1248885419918224,0.0466170420404523,0.0036682079662568,0.5434795000473969,,S3
local_ids,23,S3_strong_campaign,5,1.0,5,1,0,0,0.1428571428571428,1.0,0.25,1.0,0.0,1.0,1.0,0,174,0.8333333333333334,1.0,0.9090909090909092,5,1,0.0,0.0,0.0,0.0,0.0,0,1,0,0,,,,0.3317079590051435,0.0,S3
descriptor_clustering,23,S3_strong_campaign,2,1.0,2,1,0,0,0.0625,1.0,0.1176470588235294,1.0,0.0,1.0,1.0,0,174,0.6666666666666666,1.0,0.8,2,1,1.0,1.0,1.0,1.0,1.0,1,1,0,20,0.0368044999777339,,0.0019727500039152,0.3585626659914851,,S3
local_ids,97,S3_strong_campaign,5,0.75,5,1,0,0,0.1428571428571428,1.0,0.25,1.0,0.0,1.0,1.0,0,177,0.8333333333333334,1.0,0.9090909090909092,5,1,0.0,0.0,0.0,0.0,0.0,0,1,0,0,,,,0.3967747919959947,0.0,S3
standard_gnn,71,S3_strong_campaign,10,0.75,10,1,0,0,0.2125984251968504,1.0,0.3506493506493506,1.0,0.0,0.9499588477366254,0.8962316651173461,0,178,0.9090909090909092,1.0,0.9523809523809524,10,1,0.0,0.0,0.0,0.0,0.0,0,1,0,0,0.0435939590097405,0.0439123340183869,0.003062208998017,0.4547037080046721,,S3
descriptor_clustering,101,S3_strong_campaign,10,1.0,10,1,0,0,0.2385786802030456,1.0,0.3852459016393442,1.0,0.0,0.9690780141843972,0.9395021184347138,0,175,0.9090909090909092,1.0,0.9523809523809524,10,1,1.0,1.0,1.0,1.0,1.0,1,1,0,91,0.0485947499983012,,0.0022362500312738,0.4566554159973748,,S3
fcgnn,67,S3_strong_campaign,2,0.75,2,1,0,0,0.0476190476190476,1.0,0.0909090909090909,1.0,0.0,0.95,0.7512363683662887,0,175,0.6666666666666666,1.0,0.8,2,1,0.0,0.0,0.0,0.0,0.0,0,1,0,0,0.0363340839976444,0.0507350830012001,0.0032559999963268,0.4847986249951646,,S3
standard_gnn,71,S3_strong_campaign,2,0.75,2,1,0,0,0.0536277602523659,1.0,0.1017964071856287,1.0,0.0,0.9368627450980392,0.7074841624278903,0,178,0.6666666666666666,1.0,0.8,2,1,0.0,0.0,0.0,0.0,0.0,0,1,0,0,0.0365412919782102,0.0470571670448407,0.0031718750251457,0.4015913329785689,,S3
descriptor_clustering,11,S3_strong_campaign,5,1.0,5,1,0,0,0.1176470588235294,1.0,0.2105263157894736,1.0,0.0,0.943,0.8257073696193494,0,183,0.8333333333333334,1.0,0.9090909090909092,5,1,1.0,1.0,1.0,1.0,1.0,1,1,0,36,0.0387535409536212,,0.0019087920081801,0.3742225830210373,,S3
descriptor_clustering,97,S3_strong_campaign,5,1.0,5,1,0,0,0.1428571428571428,1.0,0.25,1.0,0.0,1.0,1.0,0,177,0.8333333333333334,1.0,0.9090909090909092,5,1,1.0,1.0,1.0,1.0,1.0,1,1,0,50,0.0416137080173939,,0.0020765829831361,0.3998537909938022,,S3
descriptor_clustering,97,S3_strong_campaign,10,1.0,10,1,0,0,0.25,1.0,0.4,1.0,0.0,0.9998,0.9994339622641508,0,177,0.9090909090909092,1.0,0.9523809523809524,10,1,1.0,1.0,1.0,1.0,1.0,1,1,0,100,0.0488802079926244,,0.0020343330106697,0.554547417035792,,S3
local_ids,97,S3_strong_campaign,5,1.0,5,1,0,0,0.1428571428571428,1.0,0.25,1.0,0.0,1.0,1.0,0,177,0.8333333333333334,1.0,0.9090909090909092,5,1,0.0,0.0,0.0,0.0,0.0,0,1,0,0,,,,0.4203080000006594,0.0,S3
standard_gnn,97,S3_strong_campaign,5,0.75,5,1,0,0,0.1428571428571428,1.0,0.25,1.0,0.0,1.0,1.0,0,177,0.8333333333333334,1.0,0.9090909090909092,5,1,0.0,0.0,0.0,0.0,0.0,0,1,0,0,0.0383430829970166,0.0435418339911848,0.0032377499737776,0.4107893750187941,,S3
standard_gnn,11,S3_strong_campaign,2,0.75,2,1,0,0,0.032258064516129,1.0,0.0625,1.0,0.0,0.777,0.077330487368208,0,183,0.6666666666666666,1.0,0.8,2,1,0.0,0.0,0.0,0.0,0.0,0,1,0,0,0.0361374579952098,0.0468753749737516,0.0036856660153716,0.3854846250033006,,S3
local_ids,67,S3_strong_campaign,2,1.0,2,1,0,0,0.0476190476190476,1.0,0.0909090909090909,1.0,0.0,0.95,0.7512363683662887,0,175,0.6666666666666666,1.0,0.8,2,1,0.0,0.0,0.0,0.0,0.0,0,1,0,0,,,,0.2993138749734498,0.0,S3
descriptor_clustering,11,S3_strong_campaign,10,1.0,10,1,0,0,0.2248062015503876,1.0,0.3670886075949367,1.0,0.0,0.9539080459770116,0.9042833774452826,0,183,0.9090909090909092,1.0,0.9523809523809524,10,1,1.0,1.0,1.0,1.0,1.0,1,1,0,80,0.0452457910287193,,0.0021061660372652,0.4375571249984205,,S3
descriptor_clustering,71,S3_strong_campaign,5,0.75,5,1,0,0,0.1017964071856287,1.0,0.1847826086956521,1.0,0.0,0.916470588235294,0.7395244363356515,0,178,0.8333333333333334,1.0,0.9090909090909092,5,1,1.0,1.0,1.0,1.0,1.0,1,1,0,10,0.0360759579925797,,0.0018072500242851,0.3555698749842122,,S3
fcgnn,37,S3_strong_campaign,2,1.0,2,1,0,0,0.0625,1.0,0.1176470588235294,1.0,0.0,1.0,1.0,0,186,0.6666666666666666,1.0,0.8,2,1,1.0,1.0,1.0,1.0,1.0,1,1,0,17,0.0342916660010814,0.0453290420118719,0.0032597089884802,0.3886414999724366,,S3
standard_gnn,11,S3_strong_campaign,2,0.75,2,1,0,0,0.032258064516129,1.0,0.0625,1.0,0.0,0.777,0.077330487368208,0,183,0.6666666666666666,1.0,0.8,2,1,0.0,0.0,0.0,0.0,0.0,0,1,0,0,0.0352772080223076,0.0460371669614687,0.0036768749705515,0.375169042032212,,S3
local_ids,11,S3_strong_campaign,2,0.75,2,1,0,0,0.032258064516129,1.0,0.0625,1.0,0.0,0.777,0.077330487368208,0,183,0.6666666666666666,1.0,0.8,2,1,0.0,0.0,0.0,0.0,0.0,0,1,0,0,,,,0.3712226249626837,0.0,S3
local_ids,83,S3_strong_campaign,2,0.75,2,1,0,0,0.0625,1.0,0.1176470588235294,1.0,0.0,1.0,1.0,0,193,0.6666666666666666,1.0,0.8,2,1,0.0,0.0,0.0,0.0,0.0,0,1,0,0,,,,0.3048453329829499,0.0,S3
local_ids,37,S3_strong_campaign,5,0.75,5,1,0,0,0.1428571428571428,1.0,0.25,1.0,0.0,1.0,1.0,0,186,0.8333333333333334,1.0,0.9090909090909092,5,1,0.0,0.0,0.0,0.0,0.0,0,1,0,0,,,,0.3156520839547738,0.0,S3
descriptor_clustering,37,S3_strong_campaign,5,0.75,5,1,0,0,0.1428571428571428,1.0,0.25,1.0,0.0,1.0,1.0,0,186,0.8333333333333334,1.0,0.9090909090909092,5,1,1.0,0.0,1.0,0.0,1.0,3,1,0,44,0.0390065420069731,,0.0019997080089524,0.3865079169627279,,S3
standard_gnn,53,S3_strong_campaign,2,1.0,2,1,0,0,0.0625,1.0,0.1176470588235294,1.0,0.0,1.0,1.0,0,181,0.6666666666666666,1.0,0.8,2,1,0.0,0.0,0.0,0.0,0.0,0,1,0,0,0.0338496670010499,0.042164959013462,0.0030164170311763,0.3800718340207822,,S3
fcgnn,41,S3_strong_campaign,5,0.75,5,1,0,0,0.1428571428571428,1.0,0.25,1.0,0.0,0.9998333333333332,0.9988307692307692,0,168,0.8333333333333334,1.0,0.9090909090909092,5,1,1.0,1.0,1.0,1.0,1.0,1,1,0,25,0.1287458750302903,0.0521144159720279,0.0040456250426359,0.5299085840233602,,S3
descriptor_clustering,11,S3_strong_campaign,5,1.0,5,1,0,0,0.1176470588235294,1.0,0.2105263157894736,1.0,0.0,0.943,0.8257073696193494,0,183,0.8333333333333334,1.0,0.9090909090909092,5,1,1.0,1.0,1.0,1.0,1.0,1,1,0,36,0.0399040420306846,,0.0020110409823246,0.3907909999834373,,S3
local_ids,71,S3_strong_campaign,2,0.75,2,1,0,0,0.0536277602523659,1.0,0.1017964071856287,1.0,0.0,0.9368627450980392,0.7074841624278903,0,178,0.6666666666666666,1.0,0.8,2,1,0.0,0.0,0.0,0.0,0.0,0,1,0,0,,,,0.2980204590130597,0.0,S3
descriptor_clustering,101,S3_strong_campaign,5,1.0,5,1,0,0,0.127906976744186,1.0,0.2268041237113402,1.0,0.0,0.9344696969696972,0.8042765966665713,0,175,0.8333333333333334,1.0,0.9090909090909092,5,1,0.0,0.0,0.0,0.0,0.0,0,1,0,0,0.0701974580297246,,0.0019441249896772,0.5639504170394503,,S3
standard_gnn,67,S3_strong_campaign,10,0.75,10,1,0,0,0.1825613079019073,1.0,0.3087557603686636,1.0,0.0,0.9555721393034826,0.8939922351551733,0,175,0.9090909090909092,1.0,0.9523809523809524,10,1,0.0,0.0,0.0,0.0,0.0,0,1,0,0,0.0446270000538788,0.0461897499626502,0.003109291952569,0.4664781669853255,,S3
fcgnn,97,S3_strong_campaign,2,1.0,2,1,0,0,0.0625,1.0,0.1176470588235294,1.0,0.0,1.0,1.0,0,177,0.6666666666666666,1.0,0.8,2,1,1.0,1.0,1.0,1.0,1.0,1,1,0,17,0.0369842500076629,0.0500068750116042,0.0035690829972736,0.4949290840304456,,S3
local_ids,23,S3_strong_campaign,10,1.0,10,1,0,0,0.2366412213740458,1.0,0.382716049382716,1.0,0.0,0.9942652329749104,0.9899938814787012,0,174,0.9090909090909092,1.0,0.9523809523809524,10,1,0.0,0.0,0.0,0.0,0.0,0,1,0,0,,,,0.4463815829949453,0.0,S3
standard_gnn,11,S3_strong_campaign,2,1.0,2,1,0,0,0.032258064516129,1.0,0.0625,1.0,0.0,0.777,0.077330487368208,0,183,0.6666666666666666,1.0,0.8,2,1,0.0,0.0,0.0,0.0,0.0,0,1,0,0,0.0369235830148682,0.0487886249902658,0.0034847920178435,0.3980643330141902,,S3
standard_gnn,71,S3_strong_campaign,5,0.75,5,1,0,0,0.1017964071856287,1.0,0.1847826086956521,1.0,0.0,0.916470588235294,0.7395244363356515,0,178,0.8333333333333334,1.0,0.9090909090909092,5,1,0.0,0.0,0.0,0.0,0.0,0,1,0,0,0.0398783750133588,0.0465375410276465,0.0032375419978052,0.5073203750071116,,S3
local_ids,37,S3_strong_campaign,10,0.75,10,1,0,0,0.2346938775510204,1.0,0.3801652892561983,1.0,0.0,0.9784420289855074,0.9580723862755244,0,186,0.9090909090909092,1.0,0.9523809523809524,10,1,0.0,0.0,0.0,0.0,0.0,0,1,0,0,,,,0.3736937919748015,0.0,S3
local_ids,11,S3_strong_campaign,5,0.75,5,1,0,0,0.1176470588235294,1.0,0.2105263157894736,1.0,0.0,0.943,0.8257073696193494,0,183,0.8333333333333334,1.0,0.9090909090909092,5,1,0.0,0.0,0.0,0.0,0.0,0,1,0,0,,,,0.3059888750431128,0.0,S3
fcgnn,97,S3_strong_campaign,5,0.75,5,1,0,0,0.1428571428571428,1.0,0.25,1.0,0.0,1.0,1.0,0,177,0.8333333333333334,1.0,0.9090909090909092,5,1,1.0,1.0,1.0,1.0,1.0,1,1,0,21,0.0407390419859439,0.051640874997247,0.0034883750486187,0.4359411249752156,,S3
standard_gnn,101,S3_strong_campaign,10,1.0,10,1,0,0,0.2385786802030456,1.0,0.3852459016393442,1.0,0.0,0.9690780141843972,0.9395021184347138,0,175,0.9090909090909092,1.0,0.9523809523809524,10,1,1.0,1.0,1.0,1.0,1.0,1,1,0,25,0.0486543750157579,0.0511251669959165,0.0033059589914046,0.5937933329842053,,S3
descriptor_clustering,11,S3_strong_campaign,10,0.75,10,1,0,0,0.2248062015503876,1.0,0.3670886075949367,1.0,0.0,0.9539080459770116,0.9042833774452826,0,183,0.9090909090909092,1.0,0.9523809523809524,10,1,1.0,0.0,1.0,0.0,1.0,4,1,0,65,0.0456477499683387,,0.0021234580199234,0.4362478329567238,,S3
fcgnn,67,S3_strong_campaign,2,1.0,2,1,0,0,0.0476190476190476,1.0,0.0909090909090909,1.0,0.0,0.95,0.7512363683662887,0,175,0.6666666666666666,1.0,0.8,2,1,1.0,1.0,1.0,1.0,1.0,1,1,0,12,0.036540875036735,0.0495268750237301,0.0036016670055687,0.4020862920442596,,S3
local_ids,67,S3_strong_campaign,2,0.75,2,1,0,0,0.0476190476190476,1.0,0.0909090909090909,1.0,0.0,0.95,0.7512363683662887,0,175,0.6666666666666666,1.0,0.8,2,1,0.0,0.0,0.0,0.0,0.0,0,1,0,0,,,,0.2908787080086767,0.0,S3
descriptor_clustering,101,S3_strong_campaign,10,0.75,10,1,0,0,0.2385786802030456,1.0,0.3852459016393442,1.0,0.0,0.9690780141843972,0.9395021184347138,0,175,0.9090909090909092,1.0,0.9523809523809524,10,1,1.0,0.0,1.0,0.0,1.0,3,1,0,67,0.0478102499619126,,0.0022094169980846,0.4472022499539889,,S3
descriptor_clustering,97,S3_strong_campaign,10,0.75,10,1,0,0,0.25,1.0,0.4,1.0,0.0,0.9998,0.9994339622641508,0,177,0.9090909090909092,1.0,0.9523809523809524,10,1,1.0,0.0,1.0,0.0,1.0,4,1,0,82,0.0483676249859854,,0.001973666017875,0.606441292038653,,S3
fcgnn,71,S3_strong_campaign,5,0.75,5,1,0,0,0.1017964071856287,1.0,0.1847826086956521,1.0,0.0,0.916470588235294,0.7395244363356515,0,178,0.8333333333333334,1.0,0.9090909090909092,5,1,0.0,0.0,0.0,0.0,0.0,0,1,0,0,0.0397132919752039,0.0504252079990692,0.0030585409840568,0.4187520829727873,,S3
local_ids,67,S3_strong_campaign,10,1.0,10,1,0,0,0.1825613079019073,1.0,0.3087557603686636,1.0,0.0,0.9555721393034826,0.8939922351551733,0,175,0.9090909090909092,1.0,0.9523809523809524,10,1,0.0,0.0,0.0,0.0,0.0,0,1,0,0,,,,0.4269427499966696,0.0,S3
descriptor_clustering,11,S3_strong_campaign,10,1.0,10,1,0,0,0.2248062015503876,1.0,0.3670886075949367,1.0,0.0,0.9539080459770116,0.9042833774452826,0,183,0.9090909090909092,1.0,0.9523809523809524,10,1,1.0,1.0,1.0,1.0,1.0,1,1,0,80,0.0478737499797716,,0.0020097919623367,0.4476411669747904,,S3
descriptor_clustering,83,S3_strong_campaign,10,1.0,10,1,0,0,0.2268041237113402,1.0,0.3697478991596639,1.0,0.0,0.9731439393939394,0.9507058605534704,0,193,0.9090909090909092,1.0,0.9523809523809524,10,1,1.0,1.0,1.0,1.0,1.0,1,1,0,81,0.0481992909917607,,0.0019594160257838,0.5381905420217663,,S3
standard_gnn,11,S3_strong_campaign,5,0.75,5,1,0,0,0.1176470588235294,1.0,0.2105263157894736,1.0,0.0,0.943,0.8257073696193494,0,183,0.8333333333333334,1.0,0.9090909090909092,5,1,0.0,0.0,0.0,0.0,0.0,0,1,0,0,0.039960250025615,0.0475274590426124,0.0034585829707793,0.4268817920237779,,S3
standard_gnn,11,S3_strong_campaign,5,0.75,5,1,0,0,0.1176470588235294,1.0,0.2105263157894736,1.0,0.0,0.943,0.8257073696193494,0,183,0.8333333333333334,1.0,0.9090909090909092,5,1,0.0,0.0,0.0,0.0,0.0,0,1,0,0,0.0410905420430935,0.044439333025366,0.0031552090076729,0.5116843750001863,,S3
fcgnn,83,S3_strong_campaign,5,0.75,5,1,0,0,0.1404011461318051,1.0,0.2462311557788944,1.0,0.0,0.9985034013605444,0.99326826382727,0,193,0.8333333333333334,1.0,0.9090909090909092,5,1,0.0,0.0,0.0,0.0,0.0,0,1,0,0,0.0414332500076852,0.0520876669907011,0.0032871660077944,0.5358110829838552,,S3
standard_gnn,83,S3_strong_campaign,10,1.0,10,1,0,0,0.2268041237113402,1.0,0.3697478991596639,1.0,0.0,0.9731439393939394,0.9507058605534704,0,193,0.9090909090909092,1.0,0.9523809523809524,10,1,1.0,1.0,1.0,1.0,1.0,1,1,0,15,0.0449615000397898,0.0487164169899188,0.00356504204683,0.5392696250346489,,S3
standard_gnn,23,S3_strong_campaign,2,1.0,2,1,0,0,0.0625,1.0,0.1176470588235294,1.0,0.0,1.0,1.0,0,174,0.6666666666666666,1.0,0.8,2,1,0.0,0.0,0.0,0.0,0.0,0,1,0,0,0.0366447080159559,0.0455110829789191,0.0031725420267321,0.4014280829578638,,S3
standard_gnn,41,S3_strong_campaign,2,1.0,2,1,0,0,0.0625,1.0,0.1176470588235294,1.0,0.0,0.9995833333333332,0.9929545454545454,0,168,0.6666666666666666,1.0,0.8,2,1,0.0,0.0,0.0,0.0,0.0,0,1,0,0,0.0364496249821968,0.0449348340043798,0.0035139580140821,0.4896827909979038,,S3
fcgnn,97,S3_strong_campaign,10,0.75,10,1,0,0,0.25,1.0,0.4,1.0,0.0,0.9998,0.9994339622641508,0,177,0.9090909090909092,1.0,0.9523809523809524,10,1,0.0,0.0,0.0,0.0,0.0,0,1,0,0,0.0451245000003837,0.0461709999945014,0.0037432499811984,0.5274754579877481,,S3
fcgnn,23,S3_strong_campaign,10,1.0,10,1,0,0,0.2366412213740458,1.0,0.382716049382716,1.0,0.0,0.9942652329749104,0.9899938814787012,0,174,0.9090909090909092,1.0,0.9523809523809524,10,1,1.0,1.0,1.0,1.0,1.0,1,1,0,81,0.0473471250152215,0.0518262079567648,0.0035435410100035,0.489431542053353,,S3
descriptor_clustering,11,S3_strong_campaign,2,1.0,2,1,0,0,0.032258064516129,1.0,0.0625,1.0,0.0,0.777,0.077330487368208,0,183,0.6666666666666666,1.0,0.8,2,1,0.0,0.0,0.0,0.0,0.0,0,1,0,0,0.0337609160342253,,0.0019298330298624,0.3488351249834522,,S3
fcgnn,41,S3_strong_campaign,10,0.75,10,1,0,0,0.2385786802030456,1.0,0.3852459016393442,1.0,0.0,0.9737056737588652,0.9478363049990268,0,168,0.9090909090909092,1.0,0.9523809523809524,10,1,1.0,0.0,1.0,0.0,1.0,2,1,0,32,0.0476443329825997,0.0482096670311875,0.0059431249974295,0.4986556670046411,,S3
local_ids,37,S3_strong_campaign,5,1.0,5,1,0,0,0.1428571428571428,1.0,0.25,1.0,0.0,1.0,1.0,0,186,0.8333333333333334,1.0,0.9090909090909092,5,1,0.0,0.0,0.0,0.0,0.0,0,1,0,0,,,,0.3347905830014497,0.0,S3
descriptor_clustering,41,S3_strong_campaign,2,0.75,2,1,0,0,0.0625,1.0,0.1176470588235294,1.0,0.0,0.9995833333333332,0.9929545454545454,0,168,0.6666666666666666,1.0,0.8,2,1,1.0,1.0,1.0,1.0,1.0,1,1,0,11,0.0339279169565998,,0.0018233750015497,0.4360721659613773,,S3
local_ids,11,S3_strong_campaign,10,0.75,10,1,0,0,0.2248062015503876,1.0,0.3670886075949367,1.0,0.0,0.9539080459770116,0.9042833774452826,0,183,0.9090909090909092,1.0,0.9523809523809524,10,1,0.0,0.0,0.0,0.0,0.0,0,1,0,0,,,,0.4420220000320114,0.0,S3
descriptor_clustering,11,S3_strong_campaign,5,0.75,5,1,0,0,0.1176470588235294,1.0,0.2105263157894736,1.0,0.0,0.943,0.8257073696193494,0,183,0.8333333333333334,1.0,0.9090909090909092,5,1,0.0,0.0,0.0,0.0,0.0,0,1,0,0,0.0367555830162018,,0.0018237499753013,0.4416962920222431,,S3
descriptor_clustering,23,S3_strong_campaign,5,0.75,5,1,0,0,0.1428571428571428,1.0,0.25,1.0,0.0,1.0,1.0,0,174,0.8333333333333334,1.0,0.9090909090909092,5,1,1.0,0.0,1.0,0.0,1.0,4,1,0,50,0.0419178340234793,,0.002131332992576,0.4032492080004886,,S3
fcgnn,101,S3_strong_campaign,10,0.75,10,1,0,0,0.2385786802030456,1.0,0.3852459016393442,1.0,0.0,0.9690780141843972,0.9395021184347138,0,175,0.9090909090909092,1.0,0.9523809523809524,10,1,1.0,1.0,1.0,1.0,1.0,1,1,0,14,0.0483013750053942,0.0514203339698724,0.004710207984317,0.5041170829790644,,S3
descriptor_clustering,83,S3_strong_campaign,5,1.0,5,1,0,0,0.1404011461318051,1.0,0.2462311557788944,1.0,0.0,0.9985034013605444,0.99326826382727,0,193,0.8333333333333334,1.0,0.9090909090909092,5,1,1.0,1.0,1.0,1.0,1.0,1,1,0,49,0.037879166950006,,0.0018023750162683,0.3863620420452207,,S3
descriptor_clustering,101,S3_strong_campaign,2,1.0,2,1,0,0,0.0625,1.0,0.1176470588235294,1.0,0.0,0.9978333333333332,0.975037037037037,0,175,0.6666666666666666,1.0,0.8,2,1,0.0,0.0,0.0,0.0,0.0,0,1,0,0,0.0338979579973965,,0.0017414999892935,0.3364349579787813,,S3
local_ids,83,S3_strong_campaign,5,1.0,5,1,0,0,0.1404011461318051,1.0,0.2462311557788944,1.0,0.0,0.9985034013605444,0.99326826382727,0,193,0.8333333333333334,1.0,0.9090909090909092,5,1,0.0,0.0,0.0,0.0,0.0,0,1,0,0,,,,0.4038846669718623,0.0,S3
descriptor_clustering,53,S3_strong_campaign,2,1.0,2,1,0,0,0.0625,1.0,0.1176470588235294,1.0,0.0,1.0,1.0,0,181,0.6666666666666666,1.0,0.8,2,1,0.0,0.0,0.0,0.0,0.0,0,1,0,0,0.0343052500393241,,0.0019967079861089,0.4472729589906521,,S3
standard_gnn,37,S3_strong_campaign,2,1.0,2,1,0,0,0.0625,1.0,0.1176470588235294,1.0,0.0,1.0,1.0,0,186,0.6666666666666666,1.0,0.8,2,1,0.0,0.0,0.0,0.0,0.0,0,1,0,0,0.0358973330003209,0.0420354170491918,0.0062052080174908,0.4625743749784305,,S3
descriptor_clustering,41,S3_strong_campaign,5,0.75,5,1,0,0,0.1428571428571428,1.0,0.25,1.0,0.0,0.9998333333333332,0.9988307692307692,0,168,0.8333333333333334,1.0,0.9090909090909092,5,1,1.0,0.0,1.0,0.0,1.0,2,1,0,31,0.0417460000026039,,0.0021038749837316,0.3995339159737341,,S3
local_ids,23,S3_strong_campaign,5,0.75,5,1,0,0,0.1428571428571428,1.0,0.25,1.0,0.0,1.0,1.0,0,174,0.8333333333333334,1.0,0.9090909090909092,5,1,0.0,0.0,0.0,0.0,0.0,0,1,0,0,,,,0.3376880830037407,0.0,S3
fcgnn,11,S3_strong_campaign,5,0.75,5,1,0,0,0.1176470588235294,1.0,0.2105263157894736,1.0,0.0,0.943,0.8257073696193494,0,183,0.8333333333333334,1.0,0.9090909090909092,5,1,1.0,1.0,1.0,1.0,1.0,1,1,0,10,0.0386590830166824,0.0507015830371528,0.0033963749883696,0.4280480419984087,,S3
standard_gnn,41,S3_strong_campaign,5,0.75,5,1,0,0,0.1428571428571428,1.0,0.25,1.0,0.0,0.9998333333333332,0.9988307692307692,0,168,0.8333333333333334,1.0,0.9090909090909092,5,1,0.0,0.0,0.0,0.0,0.0,0,1,0,0,0.0420577499899081,0.0473159170360304,0.00387979199877,0.4420120840077288,,S3
standard_gnn,67,S3_strong_campaign,2,0.75,2,1,0,0,0.0476190476190476,1.0,0.0909090909090909,1.0,0.0,0.95,0.7512363683662887,0,175,0.6666666666666666,1.0,0.8,2,1,0.0,0.0,0.0,0.0,0.0,0,1,0,0,0.0334888329962268,0.0420813329983502,0.0030163750052452,0.3674317909753881,,S3
local_ids,67,S3_strong_campaign,5,0.75,5,1,0,0,0.0909090909090909,1.0,0.1666666666666666,1.0,0.0,0.9374444444444444,0.7836185492648365,0,175,0.8333333333333334,1.0,0.9090909090909092,5,1,0.0,0.0,0.0,0.0,0.0,0,1,0,0,,,,0.4113619169802405,0.0,S3
descriptor_clustering,41,S3_strong_campaign,5,1.0,5,1,0,0,0.1428571428571428,1.0,0.25,1.0,0.0,0.9998333333333332,0.9988307692307692,0,168,0.8333333333333334,1.0,0.9090909090909092,5,1,1.0,1.0,1.0,1.0,1.0,1,1,0,50,0.0391671250108629,,0.0022035000147297,0.3745404169894755,,S3
fcgnn,23,S3_strong_campaign,5,0.75,5,1,0,0,0.1428571428571428,1.0,0.25,1.0,0.0,1.0,1.0,0,174,0.8333333333333334,1.0,0.9090909090909092,5,1,1.0,1.0,1.0,1.0,1.0,1,1,0,37,0.0447391250054352,0.048963209032081,0.0034580419887788,0.5117553329910152,,S3
standard_gnn,37,S3_strong_campaign,5,1.0,5,1,0,0,0.1428571428571428,1.0,0.25,1.0,0.0,1.0,1.0,0,186,0.8333333333333334,1.0,0.9090909090909092,5,1,1.0,0.0,1.0,0.0,1.0,2,1,0,22,0.0415192920481786,0.0462502079899422,0.0035691250232048,0.4408427079906687,,S3
descriptor_clustering,53,S3_strong_campaign,10,1.0,10,1,0,0,0.2207792207792207,1.0,0.3617021276595745,1.0,0.0,0.9612549019607844,0.9258897419100875,0,181,0.9090909090909092,1.0,0.9523809523809524,10,1,0.0,0.0,0.0,0.0,0.0,0,1,0,0,0.0477511659846641,,0.0022607080172747,0.44537400000263,,S3
descriptor_clustering,67,S3_strong_campaign,5,1.0,5,1,0,0,0.0909090909090909,1.0,0.1666666666666666,1.0,0.0,0.9374444444444444,0.7836185492648365,0,175,0.8333333333333334,1.0,0.9090909090909092,5,1,0.0,0.0,0.0,0.0,0.0,0,1,0,0,0.0356863330234773,,0.001803999999538,0.3496550419949926,,S3
standard_gnn,83,S3_strong_campaign,10,0.75,10,1,0,0,0.2268041237113402,1.0,0.3697478991596639,1.0,0.0,0.9731439393939394,0.9507058605534704,0,193,0.9090909090909092,1.0,0.9523809523809524,10,1,0.0,0.0,0.0,0.0,0.0,0,1,0,0,0.0482002499629743,0.0499638330074958,0.0031250419560819,0.4965369580313563,,S3
fcgnn,11,S3_strong_campaign,2,1.0,2,1,0,0,0.032258064516129,1.0,0.0625,1.0,0.0,0.777,0.077330487368208,0,183,0.6666666666666666,1.0,0.8,2,1,0.0,0.0,0.0,0.0,0.0,0,1,0,0,0.0335763749899342,0.0445221660193055,0.0047997910296544,0.3842031669919379,,S3
standard_gnn,23,S3_strong_campaign,5,1.0,5,1,0,0,0.1428571428571428,1.0,0.25,1.0,0.0,1.0,1.0,0,174,0.8333333333333334,1.0,0.9090909090909092,5,1,0.0,0.0,0.0,0.0,0.0,0,1,0,0,0.0385528330225497,0.0516671250225044,0.0034071670379489,0.4216495000291616,,S3
local_ids,41,S3_strong_campaign,5,1.0,5,1,0,0,0.1428571428571428,1.0,0.25,1.0,0.0,0.9998333333333332,0.9988307692307692,0,168,0.8333333333333334,1.0,0.9090909090909092,5,1,0.0,0.0,0.0,0.0,0.0,0,1,0,0,,,,0.3357899169786833,0.0,S3
local_ids,41,S3_strong_campaign,2,1.0,2,1,0,0,0.0625,1.0,0.1176470588235294,1.0,0.0,0.9995833333333332,0.9929545454545454,0,168,0.6666666666666666,1.0,0.8,2,1,0.0,0.0,0.0,0.0,0.0,0,1,0,0,,,,0.2981507920194417,0.0,S3
standard_gnn,41,S3_strong_campaign,5,1.0,5,1,0,0,0.1428571428571428,1.0,0.25,1.0,0.0,0.9998333333333332,0.9988307692307692,0,168,0.8333333333333334,1.0,0.9090909090909092,5,1,1.0,1.0,1.0,1.0,1.0,1,1,0,10,0.0412947500008158,0.0474870830075815,0.0039585409685969,0.4380785829853266,,S3
fcgnn,53,S3_strong_campaign,5,1.0,5,1,0,0,0.1329479768786127,1.0,0.2346938775510204,1.0,0.0,0.9760869565217392,0.932456824617277,0,181,0.8333333333333334,1.0,0.9090909090909092,5,1,1.0,1.0,1.0,1.0,1.0,1,1,0,40,0.0376096669933758,0.0448763340245932,0.0033358340151607,0.4234963339986279,,S3
descriptor_clustering,41,S3_strong_campaign,2,1.0,2,1,0,0,0.0625,1.0,0.1176470588235294,1.0,0.0,0.9995833333333332,0.9929545454545454,0,168,0.6666666666666666,1.0,0.8,2,1,1.0,1.0,1.0,1.0,1.0,1,1,0,20,0.0366881659720093,,0.0018607079982757,0.3609032079693861,,S3
local_ids,53,S3_strong_campaign,2,0.75,2,1,0,0,0.0625,1.0,0.1176470588235294,1.0,0.0,1.0,1.0,0,181,0.6666666666666666,1.0,0.8,2,1,0.0,0.0,0.0,0.0,0.0,0,1,0,0,,,,0.3164477910031564,0.0,S3
fcgnn,71,S3_strong_campaign,10,1.0,10,1,0,0,0.2125984251968504,1.0,0.3506493506493506,1.0,0.0,0.9499588477366254,0.8962316651173461,0,178,0.9090909090909092,1.0,0.9523809523809524,10,1,1.0,1.0,1.0,1.0,1.0,1,1,0,72,0.0468654579599387,0.0517827500007115,0.003490041999612,0.4894232500228099,,S3
local_ids,41,S3_strong_campaign,5,0.75,5,1,0,0,0.1428571428571428,1.0,0.25,1.0,0.0,0.9998333333333332,0.9988307692307692,0,168,0.8333333333333334,1.0,0.9090909090909092,5,1,0.0,0.0,0.0,0.0,0.0,0,1,0,0,,,,0.3393007909762673,0.0,S3
local_ids,11,S3_strong_campaign,10,0.75,10,1,0,0,0.2248062015503876,1.0,0.3670886075949367,1.0,0.0,0.9539080459770116,0.9042833774452826,0,183,0.9090909090909092,1.0,0.9523809523809524,10,1,0.0,0.0,0.0,0.0,0.0,0,1,0,0,,,,0.3677408340154215,0.0,S3
standard_gnn,97,S3_strong_campaign,10,0.75,10,1,0,0,0.25,1.0,0.4,1.0,0.0,0.9998,0.9994339622641508,0,177,0.9090909090909092,1.0,0.9523809523809524,10,1,0.0,0.0,0.0,0.0,0.0,0,1,0,0,0.0462470420170575,0.0497419169987551,0.0033535840339027,0.4960156250162981,,S3
descriptor_clustering,71,S3_strong_campaign,10,1.0,10,1,0,0,0.2125984251968504,1.0,0.3506493506493506,1.0,0.0,0.9499588477366254,0.8962316651173461,0,178,0.9090909090909092,1.0,0.9523809523809524,10,1,1.0,1.0,1.0,1.0,1.0,1,1,0,75,0.0469900419702753,,0.0021137499716132,0.4406336669926531,,S3
descriptor_clustering,53,S3_strong_campaign,2,0.75,2,1,0,0,0.0625,1.0,0.1176470588235294,1.0,0.0,1.0,1.0,0,181,0.6666666666666666,1.0,0.8,2,1,0.0,0.0,0.0,0.0,0.0,0,1,0,0,0.047391542000696,,0.0021348749869503,0.374052167055197,,S3
fcgnn,67,S3_strong_campaign,5,1.0,5,1,0,0,0.0909090909090909,1.0,0.1666666666666666,1.0,0.0,0.9374444444444444,0.7836185492648365,0,175,0.8333333333333334,1.0,0.9090909090909092,5,1,1.0,1.0,1.0,1.0,1.0,1,1,0,24,0.0379222499905154,0.0512084160000085,0.0035598329850472,0.4217961250105873,,S3
standard_gnn,41,S3_strong_campaign,2,0.75,2,1,0,0,0.0625,1.0,0.1176470588235294,1.0,0.0,0.9995833333333332,0.9929545454545454,0,168,0.6666666666666666,1.0,0.8,2,1,0.0,0.0,0.0,0.0,0.0,0,1,0,0,0.0334566249512136,0.0420210000011138,0.0037092919810675,0.3731828749878332,,S3
standard_gnn,53,S3_strong_campaign,2,0.75,2,1,0,0,0.0625,1.0,0.1176470588235294,1.0,0.0,1.0,1.0,0,181,0.6666666666666666,1.0,0.8,2,1,0.0,0.0,0.0,0.0,0.0,0,1,0,0,0.0365255000069737,0.0449234579573385,0.0032454170286655,0.5319597499910742,,S3
descriptor_clustering,71,S3_strong_campaign,2,1.0,2,1,0,0,0.0536277602523659,1.0,0.1017964071856287,1.0,0.0,0.9368627450980392,0.7074841624278903,0,178,0.6666666666666666,1.0,0.8,2,1,1.0,1.0,1.0,1.0,1.0,1,1,0,16,0.0372187499888241,,0.0019552080193534,0.4412284999853,,S3
standard_gnn,101,S3_strong_campaign,10,0.75,10,1,0,0,0.2385786802030456,1.0,0.3852459016393442,1.0,0.0,0.9690780141843972,0.9395021184347138,0,175,0.9090909090909092,1.0,0.9523809523809524,10,1,0.0,0.0,0.0,0.0,0.0,0,1,0,0,0.0481395419919863,0.050339332956355,0.0035890829749405,0.581277624994982,,S3
standard_gnn,11,S3_strong_campaign,10,1.0,10,1,0,0,0.2248062015503876,1.0,0.3670886075949367,1.0,0.0,0.9539080459770116,0.9042833774452826,0,183,0.9090909090909092,1.0,0.9523809523809524,10,1,1.0,1.0,1.0,1.0,1.0,1,1,0,22,0.0451505410019308,0.0487708330038003,0.0036320830113254,0.4757184169720858,,S3
fcgnn,83,S3_strong_campaign,5,1.0,5,1,0,0,0.1404011461318051,1.0,0.2462311557788944,1.0,0.0,0.9985034013605444,0.99326826382727,0,193,0.8333333333333334,1.0,0.9090909090909092,5,1,1.0,1.0,1.0,1.0,1.0,1,1,0,40,0.0415739159798249,0.0526298750191926,0.0032950829481706,0.4222601660294458,,S3
local_ids,11,S3_strong_campaign,2,1.0,2,1,0,0,0.032258064516129,1.0,0.0625,1.0,0.0,0.777,0.077330487368208,0,183,0.6666666666666666,1.0,0.8,2,1,0.0,0.0,0.0,0.0,0.0,0,1,0,0,,,,0.2899284160230309,0.0,S3
descriptor_clustering,101,S3_strong_campaign,5,0.75,5,1,0,0,0.127906976744186,1.0,0.2268041237113402,1.0,0.0,0.9344696969696972,0.8042765966665713,0,175,0.8333333333333334,1.0,0.9090909090909092,5,1,1.0,1.0,1.0,1.0,1.0,1,1,0,15,0.0397447079885751,,0.0020243750186637,0.3882282500271685,,S3
standard_gnn,53,S3_strong_campaign,5,1.0,5,1,0,0,0.1329479768786127,1.0,0.2346938775510204,1.0,0.0,0.9760869565217392,0.932456824617277,0,181,0.8333333333333334,1.0,0.9090909090909092,5,1,0.0,0.0,0.0,0.0,0.0,0,1,0,0,0.0389778329990804,0.1392269580392167,0.0038790829712525,0.529013000021223,,S3
standard_gnn,67,S3_strong_campaign,5,1.0,5,1,0,0,0.0909090909090909,1.0,0.1666666666666666,1.0,0.0,0.9374444444444444,0.7836185492648365,0,175,0.8333333333333334,1.0,0.9090909090909092,5,1,0.0,0.0,0.0,0.0,0.0,0,1,0,0,0.0382264999789185,0.0464185420423746,0.003213207994122,0.5023421669611707,,S3
local_ids,97,S3_strong_campaign,10,0.75,10,1,0,0,0.25,1.0,0.4,1.0,0.0,0.9998,0.9994339622641508,0,177,0.9090909090909092,1.0,0.9523809523809524,10,1,0.0,0.0,0.0,0.0,0.0,0,1,0,0,,,,0.3910349999787286,0.0,S3
standard_gnn,37,S3_strong_campaign,2,0.75,2,1,0,0,0.0625,1.0,0.1176470588235294,1.0,0.0,1.0,1.0,0,186,0.6666666666666666,1.0,0.8,2,1,0.0,0.0,0.0,0.0,0.0,0,1,0,0,0.0361787909641861,0.0452894999762065,0.0030729579739272,0.3978774999850429,,S3
standard_gnn,83,S3_strong_campaign,5,1.0,5,1,0,0,0.1404011461318051,1.0,0.2462311557788944,1.0,0.0,0.9985034013605444,0.99326826382727,0,193,0.8333333333333334,1.0,0.9090909090909092,5,1,1.0,1.0,1.0,1.0,1.0,1,1,0,10,0.037574416026473,0.0457172499736771,0.0035777080338448,0.41222491604276,,S3
standard_gnn,67,S3_strong_campaign,10,1.0,10,1,0,0,0.1825613079019073,1.0,0.3087557603686636,1.0,0.0,0.9555721393034826,0.8939922351551733,0,175,0.9090909090909092,1.0,0.9523809523809524,10,1,1.0,1.0,1.0,1.0,1.0,1,1,0,12,0.041093332984019,0.0445043749641627,0.0033487500040791,0.436744291044306,,S3
local_ids,71,S3_strong_campaign,5,0.75,5,1,0,0,0.1017964071856287,1.0,0.1847826086956521,1.0,0.0,0.916470588235294,0.7395244363356515,0,178,0.8333333333333334,1.0,0.9090909090909092,5,1,0.0,0.0,0.0,0.0,0.0,0,1,0,0,,,,0.3018550829729065,0.0,S3
descriptor_clustering,97,S3_strong_campaign,5,0.75,5,1,0,0,0.1428571428571428,1.0,0.25,1.0,0.0,1.0,1.0,0,177,0.8333333333333334,1.0,0.9090909090909092,5,1,1.0,0.0,1.0,0.0,1.0,2,1,0,27,0.0385148330242373,,0.0018992919940501,0.3845289170276373,,S3
fcgnn,53,S3_strong_campaign,2,1.0,2,1,0,0,0.0625,1.0,0.1176470588235294,1.0,0.0,1.0,1.0,0,181,0.6666666666666666,1.0,0.8,2,1,1.0,1.0,1.0,1.0,1.0,1,1,0,17,0.1146513340063393,0.0522668749908916,0.0033988330396823,0.4648047080263495,,S3
standard_gnn,101,S3_strong_campaign,5,0.75,5,1,0,0,0.127906976744186,1.0,0.2268041237113402,1.0,0.0,0.9344696969696972,0.8042765966665713,0,175,0.8333333333333334,1.0,0.9090909090909092,5,1,0.0,0.0,0.0,0.0,0.0,0,1,0,0,0.0403327909880317,0.045796042017173,0.0028982090298086,0.434720582969021,,S3
local_ids,37,S3_strong_campaign,2,1.0,2,1,0,0,0.0625,1.0,0.1176470588235294,1.0,0.0,1.0,1.0,0,186,0.6666666666666666,1.0,0.8,2,1,0.0,0.0,0.0,0.0,0.0,0,1,0,0,,,,0.3049590419977903,0.0,S3
standard_gnn,101,S3_strong_campaign,5,1.0,5,1,0,0,0.127906976744186,1.0,0.2268041237113402,1.0,0.0,0.9344696969696972,0.8042765966665713,0,175,0.8333333333333334,1.0,0.9090909090909092,5,1,1.0,1.0,1.0,1.0,1.0,1,1,0,10,0.041163542016875,0.0426513340207748,0.0038150830077938,0.4236308329855092,,S3
fcgnn,41,S3_strong_campaign,2,0.75,2,1,0,0,0.0625,1.0,0.1176470588235294,1.0,0.0,0.9995833333333332,0.9929545454545454,0,168,0.6666666666666666,1.0,0.8,2,1,0.0,0.0,0.0,0.0,0.0,0,1,0,0,0.0338361669564619,0.0462210000259801,0.0029720829916186,0.3768597500165924,,S3
descriptor_clustering,53,S3_strong_campaign,5,0.75,5,1,0,0,0.1329479768786127,1.0,0.2346938775510204,1.0,0.0,0.9760869565217392,0.932456824617277,0,181,0.8333333333333334,1.0,0.9090909090909092,5,1,0.0,0.0,0.0,0.0,0.0,0,1,0,0,0.0404261659714393,,0.0021757910144515,0.3943834999809041,,S3
local_ids,71,S3_strong_campaign,2,1.0,2,1,0,0,0.0536277602523659,1.0,0.1017964071856287,1.0,0.0,0.9368627450980392,0.7074841624278903,0,178,0.6666666666666666,1.0,0.8,2,1,0.0,0.0,0.0,0.0,0.0,0,1,0,0,,,,0.2904871249920688,0.0,S3
local_ids,11,S3_strong_campaign,10,1.0,10,1,0,0,0.2248062015503876,1.0,0.3670886075949367,1.0,0.0,0.9539080459770116,0.9042833774452826,0,183,0.9090909090909092,1.0,0.9523809523809524,10,1,0.0,0.0,0.0,0.0,0.0,0,1,0,0,,,,0.3755654590204358,0.0,S3
fcgnn,37,S3_strong_campaign,5,0.75,5,1,0,0,0.1428571428571428,1.0,0.25,1.0,0.0,1.0,1.0,0,186,0.8333333333333334,1.0,0.9090909090909092,5,1,1.0,1.0,1.0,1.0,1.0,1,1,0,34,0.0421353339916095,0.0512522079516202,0.0034848329960368,0.5319567499682307,,S3
local_ids,71,S3_strong_campaign,5,1.0,5,1,0,0,0.1017964071856287,1.0,0.1847826086956521,1.0,0.0,0.916470588235294,0.7395244363356515,0,178,0.8333333333333334,1.0,0.9090909090909092,5,1,0.0,0.0,0.0,0.0,0.0,0,1,0,0,,,,0.3250187909579836,0.0,S3
descriptor_clustering,67,S3_strong_campaign,2,0.75,2,1,0,0,0.0476190476190476,1.0,0.0909090909090909,1.0,0.0,0.95,0.7512363683662887,0,175,0.6666666666666666,1.0,0.8,2,1,0.0,0.0,0.0,0.0,0.0,0,1,0,0,0.0330911669880151,,0.0017768330289982,0.3306080410256982,,S3
local_ids,41,S3_strong_campaign,10,1.0,10,1,0,0,0.2385786802030456,1.0,0.3852459016393442,1.0,0.0,0.9737056737588652,0.9478363049990268,0,168,0.9090909090909092,1.0,0.9523809523809524,10,1,0.0,0.0,0.0,0.0,0.0,0,1,0,0,,,,0.4464937499724328,0.0,S3
standard_gnn,11,S3_strong_campaign,5,1.0,5,1,0,0,0.1176470588235294,1.0,0.2105263157894736,1.0,0.0,0.943,0.8257073696193494,0,183,0.8333333333333334,1.0,0.9090909090909092,5,1,0.0,0.0,0.0,0.0,0.0,0,1,0,0,0.0384854589938186,0.0518521660123951,0.0031716669909656,0.4257004169630818,,S3
fcgnn,101,S3_strong_campaign,10,1.0,10,1,0,0,0.2385786802030456,1.0,0.3852459016393442,1.0,0.0,0.9690780141843972,0.9395021184347138,0,175,0.9090909090909092,1.0,0.9523809523809524,10,1,1.0,1.0,1.0,1.0,1.0,1,1,0,86,0.0459076670231297,0.0507793749566189,0.0036951249931007,0.5779941250220872,,S3
fcgnn,71,S3_strong_campaign,10,0.75,10,1,0,0,0.2125984251968504,1.0,0.3506493506493506,1.0,0.0,0.9499588477366254,0.8962316651173461,0,178,0.9090909090909092,1.0,0.9523809523809524,10,1,1.0,0.0,1.0,0.0,1.0,2,1,0,24,0.0439642500132322,0.0507086670259013,0.0037395419785752,0.4680134169757366,,S3
descriptor_clustering,83,S3_strong_campaign,5,0.75,5,1,0,0,0.1404011461318051,1.0,0.2462311557788944,1.0,0.0,0.9985034013605444,0.99326826382727,0,193,0.8333333333333334,1.0,0.9090909090909092,5,1,1.0,0.0,1.0,0.0,1.0,3,1,0,38,0.0413061659783124,,0.002080499951262,0.3999970000004396,,S3
fcgnn,101,S3_strong_campaign,2,0.75,2,1,0,0,0.0625,1.0,0.1176470588235294,1.0,0.0,0.9978333333333332,0.975037037037037,0,175,0.6666666666666666,1.0,0.8,2,1,0.0,0.0,0.0,0.0,0.0,0,1,0,0,0.0393110419972799,0.1427861250122077,0.0036729580024257,0.4966546249925159,,S3
descriptor_clustering,37,S3_strong_campaign,5,1.0,5,1,0,0,0.1428571428571428,1.0,0.25,1.0,0.0,1.0,1.0,0,186,0.8333333333333334,1.0,0.9090909090909092,5,1,1.0,1.0,1.0,1.0,1.0,1,1,0,50,0.0412806659587658,,0.0020931249600835,0.4006428749999031,,S3
fcgnn,53,S3_strong_campaign,2,0.75,2,1,0,0,0.0625,1.0,0.1176470588235294,1.0,0.0,1.0,1.0,0,181,0.6666666666666666,1.0,0.8,2,1,0.0,0.0,0.0,0.0,0.0,0,1,0,0,0.0362844580085948,0.0495408339775167,0.0032171250204555,0.4254187920014374,,S3
standard_gnn,97,S3_strong_campaign,5,1.0,5,1,0,0,0.1428571428571428,1.0,0.25,1.0,0.0,1.0,1.0,0,177,0.8333333333333334,1.0,0.9090909090909092,5,1,1.0,1.0,1.0,1.0,1.0,1,1,0,14,0.0398972079856321,0.047436041990295,0.0037510420079343,0.4334152500377968,,S3
standard_gnn,37,S3_strong_campaign,10,0.75,10,1,0,0,0.2346938775510204,1.0,0.3801652892561983,1.0,0.0,0.9784420289855074,0.9580723862755244,0,186,0.9090909090909092,1.0,0.9523809523809524,10,1,0.0,0.0,0.0,0.0,0.0,0,1,0,0,0.0472599170170724,0.0505484159803018,0.003421708010137,0.4811687089968472,,S3
fcgnn,11,S3_strong_campaign,5,1.0,5,1,0,0,0.1176470588235294,1.0,0.2105263157894736,1.0,0.0,0.943,0.8257073696193494,0,183,0.8333333333333334,1.0,0.9090909090909092,5,1,1.0,1.0,1.0,1.0,1.0,1,1,0,32,0.0403382090153172,0.0536436670226976,0.003606749989558,0.5201685409992933,,S3
fcgnn,11,S3_strong_campaign,5,0.75,5,1,0,0,0.1176470588235294,1.0,0.2105263157894736,1.0,0.0,0.943,0.8257073696193494,0,183,0.8333333333333334,1.0,0.9090909090909092,5,1,1.0,1.0,1.0,1.0,1.0,1,1,0,10,0.0382813750184141,0.0485074170283041,0.0033292500302195,0.4209798750234768,,S3
fcgnn,41,S3_strong_campaign,10,1.0,10,1,0,0,0.2385786802030456,1.0,0.3852459016393442,1.0,0.0,0.9737056737588652,0.9478363049990268,0,168,0.9090909090909092,1.0,0.9523809523809524,10,1,1.0,1.0,1.0,1.0,1.0,1,1,0,84,0.047799166990444,0.0526172499521635,0.0039277920150198,0.5007380419992842,,S3
standard_gnn,23,S3_strong_campaign,2,0.75,2,1,0,0,0.0625,1.0,0.1176470588235294,1.0,0.0,1.0,1.0,0,174,0.6666666666666666,1.0,0.8,2,1,0.0,0.0,0.0,0.0,0.0,0,1,0,0,0.0339667919906787,0.0431312079890631,0.0029286249773576,0.3910454169963486,,S3
standard_gnn,41,S3_strong_campaign,10,1.0,10,1,0,0,0.2385786802030456,1.0,0.3852459016393442,1.0,0.0,0.9737056737588652,0.9478363049990268,0,168,0.9090909090909092,1.0,0.9523809523809524,10,1,1.0,1.0,1.0,1.0,1.0,1,1,0,22,0.0479054169845767,0.0510283750481903,0.0035042500239796,0.4883319999789819,,S3
local_ids,101,S3_strong_campaign,10,1.0,10,1,0,0,0.2385786802030456,1.0,0.3852459016393442,1.0,0.0,0.9690780141843972,0.9395021184347138,0,175,0.9090909090909092,1.0,0.9523809523809524,10,1,0.0,0.0,0.0,0.0,0.0,0,1,0,0,,,,0.3845140830380842,0.0,S3
standard_gnn,67,S3_strong_campaign,5,0.75,5,1,0,0,0.0909090909090909,1.0,0.1666666666666666,1.0,0.0,0.9374444444444444,0.7836185492648365,0,175,0.8333333333333334,1.0,0.9090909090909092,5,1,0.0,0.0,0.0,0.0,0.0,0,1,0,0,0.0375362089835107,0.0482579999952577,0.0029853329760953,0.4834409159957431,,S3
fcgnn,11,S3_strong_campaign,2,1.0,2,1,0,0,0.032258064516129,1.0,0.0625,1.0,0.0,0.777,0.077330487368208,0,183,0.6666666666666666,1.0,0.8,2,1,0.0,0.0,0.0,0.0,0.0,0,1,0,0,0.0348390840226784,0.0516071669990196,0.00548987503862,0.3899432080215774,,S3
fcgnn,83,S3_strong_campaign,10,1.0,10,1,0,0,0.2268041237113402,1.0,0.3697478991596639,1.0,0.0,0.9731439393939394,0.9507058605534704,0,193,0.9090909090909092,1.0,0.9523809523809524,10,1,1.0,1.0,1.0,1.0,1.0,1,1,0,72,0.0441441670409403,0.0462409589672461,0.0034137910115532,0.4618627919699065,,S3
fcgnn,53,S3_strong_campaign,10,0.75,10,1,0,0,0.2207792207792207,1.0,0.3617021276595745,1.0,0.0,0.9612549019607844,0.9258897419100875,0,181,0.9090909090909092,1.0,0.9523809523809524,10,1,0.0,0.0,0.0,0.0,0.0,0,1,0,0,0.0468412920017726,0.0502175420406274,0.0037373749655671,0.4906087499693967,,S3
descriptor_clustering,83,S3_strong_campaign,2,1.0,2,1,0,0,0.0625,1.0,0.1176470588235294,1.0,0.0,1.0,1.0,0,193,0.6666666666666666,1.0,0.8,2,1,1.0,1.0,1.0,1.0,1.0,1,1,0,20,0.036791542021092,,0.0018353330087848,0.3534207500051707,,S3
standard_gnn,23,S3_strong_campaign,5,0.75,5,1,0,0,0.1428571428571428,1.0,0.25,1.0,0.0,1.0,1.0,0,174,0.8333333333333334,1.0,0.9090909090909092,5,1,0.0,0.0,0.0,0.0,0.0,0,1,0,0,0.0411040000035427,0.0470191669883206,0.0032542499830015,0.5285123329958878,,S3
descriptor_clustering,37,S3_strong_campaign,10,1.0,10,1,0,0,0.2346938775510204,1.0,0.3801652892561983,1.0,0.0,0.9784420289855074,0.9580723862755244,0,186,0.9090909090909092,1.0,0.9523809523809524,10,1,1.0,1.0,1.0,1.0,1.0,1,1,0,88,0.0477353750029578,,0.0020351659622974,0.4526998330256901,,S3
standard_gnn,11,S3_strong_campaign,5,1.0,5,1,0,0,0.1176470588235294,1.0,0.2105263157894736,1.0,0.0,0.943,0.8257073696193494,0,183,0.8333333333333334,1.0,0.9090909090909092,5,1,0.0,0.0,0.0,0.0,0.0,0,1,0,0,0.0402009169920347,0.0462333330069668,0.0028613749891519,0.5061166250379756,,S3
local_ids,83,S3_strong_campaign,2,1.0,2,1,0,0,0.0625,1.0,0.1176470588235294,1.0,0.0,1.0,1.0,0,193,0.6666666666666666,1.0,0.8,2,1,0.0,0.0,0.0,0.0,0.0,0,1,0,0,,,,0.2860733339912258,0.0,S3
fcgnn,37,S3_strong_campaign,10,1.0,10,1,0,0,0.2346938775510204,1.0,0.3801652892561983,1.0,0.0,0.9784420289855074,0.9580723862755244,0,186,0.9090909090909092,1.0,0.9523809523809524,10,1,1.0,1.0,1.0,1.0,1.0,1,1,0,87,0.0473917500348761,0.0511077499832026,0.0038415000308305,0.5018558329902589,,S3
standard_gnn,23,S3_strong_campaign,10,0.75,10,1,0,0,0.2366412213740458,1.0,0.382716049382716,1.0,0.0,0.9942652329749104,0.9899938814787012,0,174,0.9090909090909092,1.0,0.9523809523809524,10,1,0.0,0.0,0.0,0.0,0.0,0,1,0,0,0.0482766670174896,0.0492069580359384,0.0039748749695718,0.5025802089949138,,S3
fcgnn,37,S3_strong_campaign,2,0.75,2,1,0,0,0.0625,1.0,0.1176470588235294,1.0,0.0,1.0,1.0,0,186,0.6666666666666666,1.0,0.8,2,1,1.0,1.0,1.0,1.0,1.0,1,1,0,17,0.0368108330294489,0.0489248330122791,0.00346758402884,0.3975681669544428,,S3
descriptor_clustering,83,S3_strong_campaign,2,0.75,2,1,0,0,0.0625,1.0,0.1176470588235294,1.0,0.0,1.0,1.0,0,193,0.6666666666666666,1.0,0.8,2,1,0.0,0.0,0.0,0.0,0.0,0,1,0,0,0.0364817920490168,,0.001781791972462,0.4407367500243708,,S3
local_ids,41,S3_strong_campaign,2,0.75,2,1,0,0,0.0625,1.0,0.1176470588235294,1.0,0.0,0.9995833333333332,0.9929545454545454,0,168,0.6666666666666666,1.0,0.8,2,1,0.0,0.0,0.0,0.0,0.0,0,1,0,0,,,,0.3621727909776382,0.0,S3
descriptor_clustering,11,S3_strong_campaign,2,1.0,2,1,0,0,0.032258064516129,1.0,0.0625,1.0,0.0,0.777,0.077330487368208,0,183,0.6666666666666666,1.0,0.8,2,1,0.0,0.0,0.0,0.0,0.0,0,1,0,0,0.0347999160294421,,0.002036791993305,0.4241472500143572,,S3
descriptor_clustering,67,S3_strong_campaign,5,0.75,5,1,0,0,0.0909090909090909,1.0,0.1666666666666666,1.0,0.0,0.9374444444444444,0.7836185492648365,0,175,0.8333333333333334,1.0,0.9090909090909092,5,1,0.0,0.0,0.0,0.0,0.0,0,1,0,0,0.0394390000146813,,0.001889040984679,0.3763699580449611,,S3
descriptor_clustering,11,S3_strong_campaign,10,0.75,10,1,0,0,0.2248062015503876,1.0,0.3670886075949367,1.0,0.0,0.9539080459770116,0.9042833774452826,0,183,0.9090909090909092,1.0,0.9523809523809524,10,1,1.0,0.0,1.0,0.0,1.0,4,1,0,65,0.0434400829835794,,0.0021311659947969,0.4386444999836385,,S3
standard_gnn,53,S3_strong_campaign,10,0.75,10,1,0,0,0.2207792207792207,1.0,0.3617021276595745,1.0,0.0,0.9612549019607844,0.9258897419100875,0,181,0.9090909090909092,1.0,0.9523809523809524,10,1,0.0,0.0,0.0,0.0,0.0,0,1,0,0,0.0483821670059114,0.0485397079610265,0.003482750034891,0.4905527920345776,,S3
standard_gnn,53,S3_strong_campaign,5,0.75,5,1,0,0,0.1329479768786127,1.0,0.2346938775510204,1.0,0.0,0.9760869565217392,0.932456824617277,0,181,0.8333333333333334,1.0,0.9090909090909092,5,1,0.0,0.0,0.0,0.0,0.0,0,1,0,0,0.0400032500037923,0.0489392920280806,0.0031290000188164,0.4310613329871557,,S3
local_ids,101,S3_strong_campaign,10,0.75,10,1,0,0,0.2385786802030456,1.0,0.3852459016393442,1.0,0.0,0.9690780141843972,0.9395021184347138,0,175,0.9090909090909092,1.0,0.9523809523809524,10,1,0.0,0.0,0.0,0.0,0.0,0,1,0,0,,,,0.3633047910407185,0.0,S3
standard_gnn,11,S3_strong_campaign,10,0.75,10,1,0,0,0.2248062015503876,1.0,0.3670886075949367,1.0,0.0,0.9539080459770116,0.9042833774452826,0,183,0.9090909090909092,1.0,0.9523809523809524,10,1,1.0,1.0,1.0,1.0,1.0,1,1,0,14,0.047168374992907,0.0553348329849541,0.0038861660286784,0.4889972920063883,,S3
fcgnn,23,S3_strong_campaign,2,0.75,2,1,0,0,0.0625,1.0,0.1176470588235294,1.0,0.0,1.0,1.0,0,174,0.6666666666666666,1.0,0.8,2,1,1.0,1.0,1.0,1.0,1.0,1,1,0,16,0.0339451250038109,0.0471793340402655,0.0031877919682301,0.3796409170026891,,S3
standard_gnn,97,S3_strong_campaign,10,1.0,10,1,0,0,0.25,1.0,0.4,1.0,0.0,0.9998,0.9994339622641508,0,177,0.9090909090909092,1.0,0.9523809523809524,10,1,1.0,1.0,1.0,1.0,1.0,1,1,0,37,0.0481559589970856,0.0515959999756887,0.0034614579635672,0.5092654170002788,,S3
local_ids,37,S3_strong_campaign,2,0.75,2,1,0,0,0.0625,1.0,0.1176470588235294,1.0,0.0,1.0,1.0,0,186,0.6666666666666666,1.0,0.8,2,1,0.0,0.0,0.0,0.0,0.0,0,1,0,0,,,,0.3905032079783268,0.0,S3
fcgnn,101,S3_strong_campaign,5,1.0,5,1,0,0,0.127906976744186,1.0,0.2268041237113402,1.0,0.0,0.9344696969696972,0.8042765966665713,0,175,0.8333333333333334,1.0,0.9090909090909092,5,1,1.0,1.0,1.0,1.0,1.0,1,1,0,38,0.0373410420143045,0.0483177499845624,0.0035903329844586,0.4096964999916963,,S3
standard_gnn,71,S3_strong_campaign,10,1.0,10,1,0,0,0.2125984251968504,1.0,0.3506493506493506,1.0,0.0,0.9499588477366254,0.8962316651173461,0,178,0.9090909090909092,1.0,0.9523809523809524,10,1,1.0,1.0,1.0,1.0,1.0,1,1,0,18,0.0471313340240158,0.0494000420439988,0.0034277910017408,0.4858399580116384,,S3
fcgnn,23,S3_strong_campaign,5,1.0,5,1,0,0,0.1428571428571428,1.0,0.25,1.0,0.0,1.0,1.0,0,174,0.8333333333333334,1.0,0.9090909090909092,5,1,1.0,1.0,1.0,1.0,1.0,1,1,0,41,0.0417572499718517,0.0497929169796407,0.0032276670099236,0.5248580829938874,,S3
standard_gnn,23,S3_strong_campaign,10,1.0,10,1,0,0,0.2366412213740458,1.0,0.382716049382716,1.0,0.0,0.9942652329749104,0.9899938814787012,0,174,0.9090909090909092,1.0,0.9523809523809524,10,1,1.0,1.0,1.0,1.0,1.0,1,1,0,35,0.044998041994404,0.044597249943763,0.0034945420338772,0.4650198750314303,,S3
local_ids,83,S4_weak_campaign,5,0.75,5,1,0,0,0.1202346041055718,1.0,0.2146596858638743,1.0,0.0,0.9832520325203252,0.9796583390935124,1,193,0.8333333333333334,1.0,0.9090909090909092,5,1,0.0,0.0,0.0,0.0,0.0,0,1,0,0,,,,0.3349446670035831,0.0,S4
local_ids,53,S4_weak_campaign,2,0.75,2,1,0,0,0.0625,1.0,0.1176470588235294,1.0,0.0,1.0,1.0,0,181,0.6666666666666666,1.0,0.8,2,1,0.0,0.0,0.0,0.0,0.0,0,1,0,0,,,,0.3053253749967552,0.0,S4
standard_gnn,97,S4_weak_campaign,10,1.0,10,1,0,0,0.25,1.0,0.4,1.0,0.0,0.9998,0.9994339622641508,0,177,0.9090909090909092,1.0,0.9523809523809524,10,1,1.0,1.0,1.0,1.0,1.0,1,1,0,35,0.0483018329832702,0.0504713340196758,0.0037405000184662,0.58826983300969,,S4
fcgnn,97,S4_weak_campaign,5,1.0,5,1,0,0,0.1428571428571428,1.0,0.25,1.0,0.0,1.0,1.0,0,177,0.8333333333333334,1.0,0.9090909090909092,5,1,1.0,1.0,1.0,1.0,1.0,1,1,0,47,0.0418021249934099,0.0515692500048317,0.0042032080236822,0.4490009170258418,,S4
standard_gnn,41,S4_weak_campaign,5,0.75,5,1,0,0,0.1428571428571428,1.0,0.25,1.0,0.0,0.9998333333333332,0.9988307692307692,0,168,0.8333333333333334,1.0,0.9090909090909092,5,1,0.0,0.0,0.0,0.0,0.0,0,1,0,0,0.0403127499739639,0.045181416964624,0.0030724169919267,0.4354073329595849,,S4
local_ids,97,S4_weak_campaign,5,0.75,5,1,0,0,0.1428571428571428,1.0,0.25,1.0,0.0,1.0,1.0,0,177,0.8333333333333334,1.0,0.9090909090909092,5,1,0.0,0.0,0.0,0.0,0.0,0,1,0,0,,,,0.3435331659857183,0.0,S4
standard_gnn,11,S4_weak_campaign,2,1.0,2,1,0,0,0.032258064516129,1.0,0.0625,1.0,0.0,0.2966666666666666,0.0234808210333526,10,183,0.6666666666666666,1.0,0.8,2,1,0.0,0.0,0.0,0.0,0.0,0,1,0,0,0.0355777920340187,0.0496246659895405,0.0037162079825066,0.4787964159622788,,S4
local_ids,71,S4_weak_campaign,10,0.75,10,1,0,0,0.20844327176781,1.0,0.3449781659388646,1.0,0.0,0.8273628691983123,0.8190791284936939,19,178,0.9090909090909092,1.0,0.9523809523809524,10,1,0.0,0.0,0.0,0.0,0.0,0,1,0,0,,,,0.3692560840281658,0.0,S4
fcgnn,83,S4_weak_campaign,10,1.0,10,1,0,0,0.2146596858638743,1.0,0.3534482758620689,1.0,0.0,0.9016260162601626,0.8957310100577668,12,193,0.9090909090909092,1.0,0.9523809523809524,10,1,1.0,1.0,1.0,1.0,1.0,1,1,0,62,0.0423068749951198,0.0482129589654505,0.003768791037146,0.4521427080035209,,S4
descriptor_clustering,83,S4_weak_campaign,10,1.0,10,1,0,0,0.2146596858638743,1.0,0.3534482758620689,1.0,0.0,0.9016260162601626,0.8957310100577668,12,193,0.9090909090909092,1.0,0.9523809523809524,10,1,1.0,0.0,1.0,0.0,1.0,2,1,0,81,0.0441106670186854,,0.0019557499908842,0.5880457919556648,,S4
fcgnn,23,S4_weak_campaign,5,1.0,5,1,0,0,0.1428571428571428,1.0,0.25,1.0,0.0,1.0,1.0,0,174,0.8333333333333334,1.0,0.9090909090909092,5,1,1.0,1.0,1.0,1.0,1.0,1,1,0,47,0.0411197079811245,0.0493975420249626,0.0032611670321784,0.5317103750421666,,S4
local_ids,37,S4_weak_campaign,10,1.0,10,1,0,0,0.2268041237113402,1.0,0.3697478991596639,1.0,0.0,0.9317045454545456,0.9295966707066368,8,186,0.9090909090909092,1.0,0.9523809523809524,10,1,0.0,0.0,0.0,0.0,0.0,0,1,0,0,,,,0.3791749579831958,0.0,S4
local_ids,101,S4_weak_campaign,2,0.75,2,1,0,0,0.0625,1.0,0.1176470588235294,1.0,0.0,0.9978333333333332,0.975037037037037,0,175,0.6666666666666666,1.0,0.8,2,1,0.0,0.0,0.0,0.0,0.0,0,1,0,0,,,,0.3071365830255672,0.0,S4
local_ids,11,S4_weak_campaign,2,0.75,2,1,0,0,0.032258064516129,1.0,0.0625,1.0,0.0,0.2966666666666666,0.0234808210333526,10,183,0.6666666666666666,1.0,0.8,2,1,0.0,0.0,0.0,0.0,0.0,0,1,0,0,,,,0.2793963340227492,0.0,S4
descriptor_clustering,53,S4_weak_campaign,5,1.0,5,1,0,0,0.127906976744186,1.0,0.2268041237113402,1.0,0.0,0.9382575757575756,0.9248454102500576,4,181,0.8333333333333334,1.0,0.9090909090909092,5,1,1.0,1.0,1.0,1.0,1.0,1,1,0,40,0.0401557500008493,,0.0020659579895436,0.4823715839884244,,S4
standard_gnn,11,S4_weak_campaign,2,0.75,2,1,0,0,0.032258064516129,1.0,0.0625,1.0,0.0,0.2966666666666666,0.0234808210333526,10,183,0.6666666666666666,1.0,0.8,2,1,0.0,0.0,0.0,0.0,0.0,0,1,0,0,0.0358250830322504,0.0498764580115675,0.0035362920025363,0.3881422500126064,,S4
standard_gnn,83,S4_weak_campaign,10,1.0,10,1,0,0,0.2146596858638743,1.0,0.3534482758620689,1.0,0.0,0.9016260162601626,0.8957310100577668,12,193,0.9090909090909092,1.0,0.9523809523809524,10,1,1.0,1.0,1.0,1.0,1.0,1,1,0,10,0.0421478329808451,0.0470614170189946,0.0043210000148974,0.462968792009633,,S4
local_ids,41,S4_weak_campaign,5,0.75,5,1,0,0,0.1428571428571428,1.0,0.25,1.0,0.0,0.9998333333333332,0.9988307692307692,0,168,0.8333333333333334,1.0,0.9090909090909092,5,1,0.0,0.0,0.0,0.0,0.0,0,1,0,0,,,,0.338866040983703,0.0,S4
fcgnn,11,S4_weak_campaign,2,1.0,2,1,0,0,0.032258064516129,1.0,0.0625,1.0,0.0,0.2966666666666666,0.0234808210333526,10,183,0.6666666666666666,1.0,0.8,2,1,0.0,0.0,0.0,0.0,0.0,0,1,0,0,0.0354408330167643,0.0515442920150235,0.0045717500033788,0.3962456670124084,,S4
fcgnn,37,S4_weak_campaign,10,1.0,10,1,0,0,0.2268041237113402,1.0,0.3697478991596639,1.0,0.0,0.9317045454545456,0.9295966707066368,8,186,0.9090909090909092,1.0,0.9523809523809524,10,1,1.0,1.0,1.0,1.0,1.0,1,1,0,70,0.0481999999610707,0.0511582500184886,0.004978334007319,0.4960596669698134,,S4
descriptor_clustering,67,S4_weak_campaign,10,0.75,10,1,0,0,0.216710182767624,1.0,0.3562231759656652,1.0,0.0,0.7198995983935744,0.699996716923434,33,175,0.9090909090909092,1.0,0.9523809523809524,10,1,1.0,0.0,1.0,0.0,1.0,5,1,0,101,0.0429294169880449,,0.0020502909901551,0.4248418750357814,,S4
fcgnn,11,S4_weak_campaign,10,0.75,10,1,0,0,0.216710182767624,1.0,0.3562231759656652,1.0,0.0,0.8952610441767069,0.8763016810193778,13,183,0.9090909090909092,1.0,0.9523809523809524,10,1,1.0,1.0,1.0,1.0,1.0,1,1,0,22,0.0462017920217476,0.0547532910131849,0.0042062500142492,0.4947433749912306,,S4
descriptor_clustering,83,S4_weak_campaign,5,0.75,5,1,0,0,0.1202346041055718,1.0,0.2146596858638743,1.0,0.0,0.9832520325203252,0.9796583390935124,1,193,0.8333333333333334,1.0,0.9090909090909092,5,1,0.0,0.0,0.0,0.0,0.0,0,1,0,0,0.0408202909748069,,0.0021559580345638,0.3924299170030281,,S4
standard_gnn,67,S4_weak_campaign,5,1.0,5,1,0,0,0.1176470588235294,1.0,0.2105263157894736,1.0,0.0,0.6222916666666667,0.5596791882836308,20,175,0.8333333333333334,1.0,0.9090909090909092,5,1,1.0,1.0,1.0,1.0,1.0,1,1,0,12,0.0377064999775029,0.0474985829787328,0.0040067910449579,0.5140292500145733,,S4
descriptor_clustering,23,S4_weak_campaign,2,1.0,2,1,0,0,0.0625,1.0,0.1176470588235294,1.0,0.0,1.0,1.0,0,174,0.6666666666666666,1.0,0.8,2,1,1.0,1.0,1.0,1.0,1.0,1,1,0,20,0.0357605829485692,,0.0019364159670658,0.4469209999660961,,S4
standard_gnn,83,S4_weak_campaign,2,0.75,2,1,0,0,0.0625,1.0,0.1176470588235294,1.0,0.0,1.0,1.0,0,193,0.6666666666666666,1.0,0.8,2,1,0.0,0.0,0.0,0.0,0.0,0,1,0,0,0.0360514579806476,0.0458128749742172,0.0032427909900434,0.396869791962672,,S4
fcgnn,37,S4_weak_campaign,2,0.75,2,1,0,0,0.0625,1.0,0.1176470588235294,1.0,0.0,1.0,1.0,0,186,0.6666666666666666,1.0,0.8,2,1,1.0,1.0,1.0,1.0,1.0,1,1,0,17,0.0646754169720225,0.0638647919986397,0.0050458329496905,0.4738037079805508,,S4
descriptor_clustering,23,S4_weak_campaign,2,0.75,2,1,0,0,0.0625,1.0,0.1176470588235294,1.0,0.0,1.0,1.0,0,174,0.6666666666666666,1.0,0.8,2,1,1.0,1.0,1.0,1.0,1.0,1,1,0,20,0.0366201669676229,,0.0019761659787036,0.3613652500207536,,S4
local_ids,97,S4_weak_campaign,2,0.75,2,1,0,0,0.0625,1.0,0.1176470588235294,1.0,0.0,1.0,1.0,0,177,0.6666666666666666,1.0,0.8,2,1,0.0,0.0,0.0,0.0,0.0,0,1,0,0,,,,0.2945776249980554,0.0,S4
local_ids,37,S4_weak_campaign,10,0.75,10,1,0,0,0.2268041237113402,1.0,0.3697478991596639,1.0,0.0,0.9317045454545456,0.9295966707066368,8,186,0.9090909090909092,1.0,0.9523809523809524,10,1,0.0,0.0,0.0,0.0,0.0,0,1,0,0,,,,0.4390507080242969,0.0,S4
fcgnn,11,S4_weak_campaign,2,0.75,2,1,0,0,0.032258064516129,1.0,0.0625,1.0,0.0,0.2966666666666666,0.0234808210333526,10,183,0.6666666666666666,1.0,0.8,2,1,0.0,0.0,0.0,0.0,0.0,0,1,0,0,0.0355540420277975,0.0549307919573038,0.0038205829914659,0.3957042500260286,,S4
local_ids,83,S4_weak_campaign,2,1.0,2,1,0,0,0.0625,1.0,0.1176470588235294,1.0,0.0,1.0,1.0,0,193,0.6666666666666666,1.0,0.8,2,1,0.0,0.0,0.0,0.0,0.0,0,1,0,0,,,,0.3080206669983454,0.0,S4
standard_gnn,97,S4_weak_campaign,10,0.75,10,1,0,0,0.25,1.0,0.4,1.0,0.0,0.9998,0.9994339622641508,0,177,0.9090909090909092,1.0,0.9523809523809524,10,1,1.0,1.0,1.0,1.0,1.0,1,1,0,12,0.0491007080418057,0.0470432500005699,0.0035584999714046,0.5066485839779489,,S4
descriptor_clustering,37,S4_weak_campaign,2,0.75,2,1,0,0,0.0625,1.0,0.1176470588235294,1.0,0.0,1.0,1.0,0,186,0.6666666666666666,1.0,0.8,2,1,0.0,0.0,0.0,0.0,0.0,0,1,0,0,0.0371130409766919,,0.0019428750383667,0.4489087500260211,,S4
fcgnn,37,S4_weak_campaign,10,0.75,10,1,0,0,0.2268041237113402,1.0,0.3697478991596639,1.0,0.0,0.9317045454545456,0.9295966707066368,8,186,0.9090909090909092,1.0,0.9523809523809524,10,1,1.0,0.0,1.0,0.0,1.0,2,1,0,24,0.047130457998719,0.0507605830207467,0.004201749979984,0.4897120409877971,,S4
local_ids,23,S4_weak_campaign,10,0.75,10,1,0,0,0.2443324937027707,1.0,0.3927125506072874,1.0,0.0,0.938831615120275,0.9477896736440004,7,174,0.9090909090909092,1.0,0.9523809523809524,10,1,0.0,0.0,0.0,0.0,0.0,0,1,0,0,,,,0.3901643750141375,0.0,S4
fcgnn,41,S4_weak_campaign,10,1.0,10,1,0,0,0.2227979274611398,1.0,0.3644067796610169,1.0,0.0,0.9591666666666668,0.9525916091358956,6,168,0.9090909090909092,1.0,0.9523809523809524,10,1,1.0,1.0,1.0,1.0,1.0,1,1,0,72,0.0442947919946163,0.0524987920070998,0.003971833968535,0.4799571250332519,,S4
fcgnn,67,S4_weak_campaign,5,1.0,5,1,0,0,0.1176470588235294,1.0,0.2105263157894736,1.0,0.0,0.6222916666666667,0.5596791882836308,20,175,0.8333333333333334,1.0,0.9090909090909092,5,1,1.0,0.0,1.0,0.0,1.0,2,1,0,35,0.037646709010005,0.0495770000270567,0.0045724170049652,0.43371562496759,,S4
standard_gnn,101,S4_weak_campaign,10,1.0,10,1,0,0,0.2227979274611398,1.0,0.3644067796610169,1.0,0.0,0.9486434108527132,0.9475804296990528,6,175,0.9090909090909092,1.0,0.9523809523809524,10,1,1.0,1.0,1.0,1.0,1.0,1,1,0,34,0.0464362499769777,0.0506544159725308,0.0030777920037508,0.4915351250092499,,S4
standard_gnn,23,S4_weak_campaign,10,1.0,10,1,0,0,0.2443324937027707,1.0,0.3927125506072874,1.0,0.0,0.938831615120275,0.9477896736440004,7,174,0.9090909090909092,1.0,0.9523809523809524,10,1,1.0,1.0,1.0,1.0,1.0,1,1,0,38,0.04828558297595,0.0514652499696239,0.0043526669614948,0.5050227499450557,,S4
fcgnn,11,S4_weak_campaign,5,0.75,5,1,0,0,0.1176470588235294,1.0,0.2105263157894736,1.0,0.0,0.8229166666666666,0.7634228753635028,10,183,0.8333333333333334,1.0,0.9090909090909092,5,1,0.0,0.0,0.0,0.0,0.0,0,1,0,0,0.0424229169730097,0.0525108330184593,0.003680958005134,0.4874062919989228,,S4
fcgnn,67,S4_weak_campaign,10,1.0,10,1,0,0,0.216710182767624,1.0,0.3562231759656652,1.0,0.0,0.7198995983935744,0.699996716923434,33,175,0.9090909090909092,1.0,0.9523809523809524,10,1,1.0,0.0,1.0,0.0,1.0,2,1,0,65,0.0469524170039221,0.0502852920326404,0.003699124965351,0.488628291990608,,S4
standard_gnn,97,S4_weak_campaign,2,0.75,2,1,0,0,0.0625,1.0,0.1176470588235294,1.0,0.0,1.0,1.0,0,177,0.6666666666666666,1.0,0.8,2,1,0.0,0.0,0.0,0.0,0.0,0,1,0,0,0.0364479580312036,0.0485666670138016,0.0042013340280391,0.4969145419890992,,S4
fcgnn,11,S4_weak_campaign,5,1.0,5,1,0,0,0.1176470588235294,1.0,0.2105263157894736,1.0,0.0,0.8229166666666666,0.7634228753635028,10,183,0.8333333333333334,1.0,0.9090909090909092,5,1,1.0,1.0,1.0,1.0,1.0,1,1,0,27,0.0395610420382581,0.0502539579756557,0.0043305840226821,0.4322702910285443,,S4
descriptor_clustering,23,S4_weak_campaign,10,1.0,10,1,0,0,0.2443324937027707,1.0,0.3927125506072874,1.0,0.0,0.938831615120275,0.9477896736440004,7,174,0.9090909090909092,1.0,0.9523809523809524,10,1,1.0,1.0,1.0,1.0,1.0,1,1,0,90,0.0477398330112919,,0.0020896670175716,0.4575218749814667,,S4
fcgnn,67,S4_weak_campaign,2,1.0,2,1,0,0,0.0476190476190476,1.0,0.0909090909090909,1.0,0.0,0.7496666666666667,0.6859852109458421,5,175,0.6666666666666666,1.0,0.8,2,1,0.0,0.0,0.0,0.0,0.0,0,1,0,0,0.0334326250012964,0.0458147500175982,0.0040843749884516,0.375684667029418,,S4
descriptor_clustering,41,S4_weak_campaign,10,0.75,10,1,0,0,0.2227979274611398,1.0,0.3644067796610169,1.0,0.0,0.9591666666666668,0.9525916091358956,6,168,0.9090909090909092,1.0,0.9523809523809524,10,1,1.0,0.0,1.0,0.0,1.0,2,1,0,29,0.046684417000506,,0.0023620829451829,0.5391082499991171,,S4
standard_gnn,11,S4_weak_campaign,10,1.0,10,1,0,0,0.216710182767624,1.0,0.3562231759656652,1.0,0.0,0.8952610441767069,0.8763016810193778,13,183,0.9090909090909092,1.0,0.9523809523809524,10,1,1.0,1.0,1.0,1.0,1.0,1,1,0,33,0.0430842909845523,0.0458449160214513,0.0038430830463767,0.4550321249989792,,S4
standard_gnn,23,S4_weak_campaign,5,1.0,5,1,0,0,0.1428571428571428,1.0,0.25,1.0,0.0,1.0,1.0,0,174,0.8333333333333334,1.0,0.9090909090909092,5,1,1.0,1.0,1.0,1.0,1.0,1,1,0,14,0.0411283330176956,0.0476533750188536,0.0032930839806795,0.4417364580440335,,S4
fcgnn,97,S4_weak_campaign,2,1.0,2,1,0,0,0.0625,1.0,0.1176470588235294,1.0,0.0,1.0,1.0,0,177,0.6666666666666666,1.0,0.8,2,1,1.0,1.0,1.0,1.0,1.0,1,1,0,18,0.1239622089779004,0.05078125,0.0040331660420633,0.5005668749799952,,S4
standard_gnn,53,S4_weak_campaign,5,0.75,5,1,0,0,0.127906976744186,1.0,0.2268041237113402,1.0,0.0,0.9382575757575756,0.9248454102500576,4,181,0.8333333333333334,1.0,0.9090909090909092,5,1,0.0,0.0,0.0,0.0,0.0,0,1,0,0,0.0365621659439057,0.0463396250270307,0.0047412919811904,0.4089403339894488,,S4
local_ids,53,S4_weak_campaign,5,1.0,5,1,0,0,0.127906976744186,1.0,0.2268041237113402,1.0,0.0,0.9382575757575756,0.9248454102500576,4,181,0.8333333333333334,1.0,0.9090909090909092,5,1,0.0,0.0,0.0,0.0,0.0,0,1,0,0,,,,0.3302464580046944,0.0,S4
standard_gnn,11,S4_weak_campaign,5,1.0,5,1,0,0,0.1176470588235294,1.0,0.2105263157894736,1.0,0.0,0.8229166666666666,0.7634228753635028,10,183,0.8333333333333334,1.0,0.9090909090909092,5,1,1.0,1.0,1.0,1.0,1.0,1,1,0,12,0.0408857089933007,0.0475549579714424,0.0039772089803591,0.5123323339503258,,S4
descriptor_clustering,11,S4_weak_campaign,10,0.75,10,1,0,0,0.216710182767624,1.0,0.3562231759656652,1.0,0.0,0.8952610441767069,0.8763016810193778,13,183,0.9090909090909092,1.0,0.9523809523809524,10,1,1.0,0.0,1.0,0.0,1.0,2,1,0,82,0.0456338330404832,,0.0021684999810531,0.4869876250158995,,S4
descriptor_clustering,101,S4_weak_campaign,5,1.0,5,1,0,0,0.1071428571428571,1.0,0.1935483870967742,1.0,0.0,0.877962962962963,0.8467500065094471,6,175,0.8333333333333334,1.0,0.9090909090909092,5,1,1.0,1.0,1.0,1.0,1.0,1,1,0,61,0.0396492920117452,,0.0020565000013448,0.388683458964806,,S4
standard_gnn,53,S4_weak_campaign,2,0.75,2,1,0,0,0.0625,1.0,0.1176470588235294,1.0,0.0,1.0,1.0,0,181,0.6666666666666666,1.0,0.8,2,1,0.0,0.0,0.0,0.0,0.0,0,1,0,0,0.036908250011038,0.0461353749851696,0.0030984159675426,0.3981623749714345,,S4
local_ids,101,S4_weak_campaign,5,1.0,5,1,0,0,0.1071428571428571,1.0,0.1935483870967742,1.0,0.0,0.877962962962963,0.8467500065094471,6,175,0.8333333333333334,1.0,0.9090909090909092,5,1,0.0,0.0,0.0,0.0,0.0,0,1,0,0,,,,0.3267639589612372,0.0,S4
local_ids,11,S4_weak_campaign,5,0.75,5,1,0,0,0.1176470588235294,1.0,0.2105263157894736,1.0,0.0,0.8229166666666666,0.7634228753635028,10,183,0.8333333333333334,1.0,0.9090909090909092,5,1,0.0,0.0,0.0,0.0,0.0,0,1,0,0,,,,0.3163707500207238,0.0,S4
standard_gnn,71,S4_weak_campaign,10,1.0,10,1,0,0,0.20844327176781,1.0,0.3449781659388646,1.0,0.0,0.8273628691983123,0.8190791284936939,19,178,0.9090909090909092,1.0,0.9523809523809524,10,1,1.0,0.0,1.0,0.0,1.0,2,1,0,29,0.0466553340083919,0.0491444169892929,0.0049576660385355,0.4889334159670397,,S4
descriptor_clustering,53,S4_weak_campaign,2,1.0,2,1,0,0,0.0625,1.0,0.1176470588235294,1.0,0.0,1.0,1.0,0,181,0.6666666666666666,1.0,0.8,2,1,1.0,1.0,1.0,1.0,1.0,1,1,0,20,0.0360590839991346,,0.0019996250048279,0.3650350419920869,,S4
standard_gnn,101,S4_weak_campaign,5,1.0,5,1,0,0,0.1071428571428571,1.0,0.1935483870967742,1.0,0.0,0.877962962962963,0.8467500065094471,6,175,0.8333333333333334,1.0,0.9090909090909092,5,1,1.0,1.0,1.0,1.0,1.0,1,1,0,12,0.0397637499845586,0.0455757079762406,0.0024766660062596,0.5117107499972917,,S4
fcgnn,41,S4_weak_campaign,5,0.75,5,1,0,0,0.1428571428571428,1.0,0.25,1.0,0.0,0.9998333333333332,0.9988307692307692,0,168,0.8333333333333334,1.0,0.9090909090909092,5,1,0.0,0.0,0.0,0.0,0.0,0,1,0,0,0.0392930419766344,0.0459886250318959,0.003781292005442,0.4892930409987457,,S4
fcgnn,53,S4_weak_campaign,5,1.0,5,1,0,0,0.127906976744186,1.0,0.2268041237113402,1.0,0.0,0.9382575757575756,0.9248454102500576,4,181,0.8333333333333334,1.0,0.9090909090909092,5,1,1.0,1.0,1.0,1.0,1.0,1,1,0,36,0.0408862500335089,0.0509612499736249,0.0037785840104334,0.4364644170273095,,S4
fcgnn,83,S4_weak_campaign,5,0.75,5,1,0,0,0.1202346041055718,1.0,0.2146596858638743,1.0,0.0,0.9832520325203252,0.9796583390935124,1,193,0.8333333333333334,1.0,0.9090909090909092,5,1,0.0,0.0,0.0,0.0,0.0,0,1,0,0,0.1168947919504717,0.0470471250009723,0.0035116670187562,0.4943533330224454,,S4
descriptor_clustering,97,S4_weak_campaign,5,1.0,5,1,0,0,0.1428571428571428,1.0,0.25,1.0,0.0,1.0,1.0,0,177,0.8333333333333334,1.0,0.9090909090909092,5,1,1.0,1.0,1.0,1.0,1.0,1,1,0,50,0.0426270419848151,,0.002026499947533,0.4892650000401772,,S4
fcgnn,83,S4_weak_campaign,2,0.75,2,1,0,0,0.0625,1.0,0.1176470588235294,1.0,0.0,1.0,1.0,0,193,0.6666666666666666,1.0,0.8,2,1,0.0,0.0,0.0,0.0,0.0,0,1,0,0,0.0375502500100992,0.0492620000150054,0.0034555839956738,0.4035314999637194,,S4
standard_gnn,41,S4_weak_campaign,2,1.0,2,1,0,0,0.0625,1.0,0.1176470588235294,1.0,0.0,0.9995833333333332,0.9929545454545454,0,168,0.6666666666666666,1.0,0.8,2,1,0.0,0.0,0.0,0.0,0.0,0,1,0,0,0.0355015419772826,0.0460445409989915,0.0036048340261913,0.4018340830225497,,S4
fcgnn,71,S4_weak_campaign,2,0.75,2,1,0,0,0.0415335463258785,1.0,0.0797546012269938,1.0,0.0,0.8130769230769231,0.7800846155964722,3,178,0.6666666666666666,1.0,0.8,2,1,0.0,0.0,0.0,0.0,0.0,0,1,0,0,0.0331788329640403,0.0441939169541001,0.0040437090210616,0.3777587079675868,,S4
local_ids,67,S4_weak_campaign,2,1.0,2,1,0,0,0.0476190476190476,1.0,0.0909090909090909,1.0,0.0,0.7496666666666667,0.6859852109458421,5,175,0.6666666666666666,1.0,0.8,2,1,0.0,0.0,0.0,0.0,0.0,0,1,0,0,,,,0.3867412499967031,0.0,S4
fcgnn,11,S4_weak_campaign,2,1.0,2,1,0,0,0.032258064516129,1.0,0.0625,1.0,0.0,0.2966666666666666,0.0234808210333526,10,183,0.6666666666666666,1.0,0.8,2,1,0.0,0.0,0.0,0.0,0.0,0,1,0,0,0.037224875006359,0.0516117090010084,0.0048457090160809,0.3921785000129603,,S4
descriptor_clustering,71,S4_weak_campaign,2,1.0,2,1,0,0,0.0415335463258785,1.0,0.0797546012269938,1.0,0.0,0.8130769230769231,0.7800846155964722,3,178,0.6666666666666666,1.0,0.8,2,1,0.0,0.0,0.0,0.0,0.0,0,1,0,0,0.0357972920173779,,0.0019630410242825,0.4361711249803193,,S4
descriptor_clustering,37,S4_weak_campaign,2,1.0,2,1,0,0,0.0625,1.0,0.1176470588235294,1.0,0.0,1.0,1.0,0,186,0.6666666666666666,1.0,0.8,2,1,0.0,0.0,0.0,0.0,0.0,0,1,0,0,0.0334027080098167,,0.0017550409538671,0.3381307079689577,,S4
descriptor_clustering,23,S4_weak_campaign,5,0.75,5,1,0,0,0.1428571428571428,1.0,0.25,1.0,0.0,1.0,1.0,0,174,0.8333333333333334,1.0,0.9090909090909092,5,1,1.0,0.0,1.0,0.0,1.0,4,1,0,50,0.0380420409492217,,0.0018951669917441,0.3779152079951018,,S4
standard_gnn,71,S4_weak_campaign,5,1.0,5,1,0,0,0.1071428571428571,1.0,0.1935483870967742,1.0,0.0,0.6724537037037036,0.6075332672275342,16,178,0.8333333333333334,1.0,0.9090909090909092,5,1,1.0,0.0,1.0,0.0,1.0,2,1,0,21,0.0366738750017248,0.0413531670346856,0.0044086669804528,0.4092690839897841,,S4
standard_gnn,83,S4_weak_campaign,2,1.0,2,1,0,0,0.0625,1.0,0.1176470588235294,1.0,0.0,1.0,1.0,0,193,0.6666666666666666,1.0,0.8,2,1,0.0,0.0,0.0,0.0,0.0,0,1,0,0,0.0371287919697351,0.0467188340262509,0.0034899579477496,0.4958016669843346,,S4
local_ids,23,S4_weak_campaign,5,0.75,5,1,0,0,0.1428571428571428,1.0,0.25,1.0,0.0,1.0,1.0,0,174,0.8333333333333334,1.0,0.9090909090909092,5,1,0.0,0.0,0.0,0.0,0.0,0,1,0,0,,,,0.3240672079846263,0.0,S4
standard_gnn,71,S4_weak_campaign,10,0.75,10,1,0,0,0.20844327176781,1.0,0.3449781659388646,1.0,0.0,0.8273628691983123,0.8190791284936939,19,178,0.9090909090909092,1.0,0.9523809523809524,10,1,1.0,1.0,1.0,1.0,1.0,1,1,0,22,0.04566516604973,0.0470848749973811,0.0040994169539771,0.4831303330138325,,S4
descriptor_clustering,67,S4_weak_campaign,10,1.0,10,1,0,0,0.216710182767624,1.0,0.3562231759656652,1.0,0.0,0.7198995983935744,0.699996716923434,33,175,0.9090909090909092,1.0,0.9523809523809524,10,1,1.0,1.0,1.0,1.0,1.0,1,1,0,90,0.0464108750456944,,0.0022342500160448,0.4478994170203805,,S4
standard_gnn,67,S4_weak_campaign,10,0.75,10,1,0,0,0.216710182767624,1.0,0.3562231759656652,1.0,0.0,0.7198995983935744,0.699996716923434,33,175,0.9090909090909092,1.0,0.9523809523809524,10,1,0.0,0.0,0.0,0.0,0.0,0,1,0,0,0.0425827500293962,0.0478798749973066,0.0035760410246439,0.4557458749623038,,S4
descriptor_clustering,53,S4_weak_campaign,10,0.75,10,1,0,0,0.2207792207792207,1.0,0.3617021276595745,1.0,0.0,0.9016470588235296,0.8809307286821759,15,181,0.9090909090909092,1.0,0.9523809523809524,10,1,1.0,0.0,1.0,0.0,1.0,5,1,0,155,0.0465092920348979,,0.0024210420087911,0.4446623750263825,,S4
standard_gnn,23,S4_weak_campaign,2,1.0,2,1,0,0,0.0625,1.0,0.1176470588235294,1.0,0.0,1.0,1.0,0,174,0.6666666666666666,1.0,0.8,2,1,0.0,0.0,0.0,0.0,0.0,0,1,0,0,0.0370554170222021,0.0461407079710625,0.0030900000128895,0.4024858339689672,,S4
local_ids,83,S4_weak_campaign,10,0.75,10,1,0,0,0.2146596858638743,1.0,0.3534482758620689,1.0,0.0,0.9016260162601626,0.8957310100577668,12,193,0.9090909090909092,1.0,0.9523809523809524,10,1,0.0,0.0,0.0,0.0,0.0,0,1,0,0,,,,0.4687927920022048,0.0,S4
descriptor_clustering,53,S4_weak_campaign,10,1.0,10,1,0,0,0.2207792207792207,1.0,0.3617021276595745,1.0,0.0,0.9016470588235296,0.8809307286821759,15,181,0.9090909090909092,1.0,0.9523809523809524,10,1,1.0,0.0,1.0,0.0,1.0,2,1,0,84,0.0459416250232607,,0.0019907910027541,0.4289162500062957,,S4
fcgnn,67,S4_weak_campaign,10,0.75,10,1,0,0,0.216710182767624,1.0,0.3562231759656652,1.0,0.0,0.7198995983935744,0.699996716923434,33,175,0.9090909090909092,1.0,0.9523809523809524,10,1,1.0,1.0,1.0,1.0,1.0,1,1,0,10,0.0459693340235389,0.0501991250202991,0.0049282500403933,0.5705099999904633,,S4
local_ids,11,S4_weak_campaign,5,0.75,5,1,0,0,0.1176470588235294,1.0,0.2105263157894736,1.0,0.0,0.8229166666666666,0.7634228753635028,10,183,0.8333333333333334,1.0,0.9090909090909092,5,1,0.0,0.0,0.0,0.0,0.0,0,1,0,0,,,,0.3302271659485996,0.0,S4
standard_gnn,83,S4_weak_campaign,5,1.0,5,1,0,0,0.1202346041055718,1.0,0.2146596858638743,1.0,0.0,0.9832520325203252,0.9796583390935124,1,193,0.8333333333333334,1.0,0.9090909090909092,5,1,1.0,0.0,1.0,0.0,1.0,2,1,0,21,0.0400787079706788,0.0478206670377403,0.0039749590214341,0.4276409579906612,,S4
local_ids,11,S4_weak_campaign,5,1.0,5,1,0,0,0.1176470588235294,1.0,0.2105263157894736,1.0,0.0,0.8229166666666666,0.7634228753635028,10,183,0.8333333333333334,1.0,0.9090909090909092,5,1,0.0,0.0,0.0,0.0,0.0,0,1,0,0,,,,0.3231619999860413,0.0,S4
fcgnn,71,S4_weak_campaign,10,1.0,10,1,0,0,0.20844327176781,1.0,0.3449781659388646,1.0,0.0,0.8273628691983123,0.8190791284936939,19,178,0.9090909090909092,1.0,0.9523809523809524,10,1,1.0,0.0,1.0,0.0,1.0,2,1,0,65,0.0438053329708054,0.0482710410142317,0.0043006659834645,0.5488089160062373,,S4
descriptor_clustering,37,S4_weak_campaign,5,1.0,5,1,0,0,0.1428571428571428,1.0,0.25,1.0,0.0,1.0,1.0,0,186,0.8333333333333334,1.0,0.9090909090909092,5,1,1.0,1.0,1.0,1.0,1.0,1,1,0,50,0.0415412500151433,,0.0020619580172933,0.3999387919902801,,S4
descriptor_clustering,101,S4_weak_campaign,5,0.75,5,1,0,0,0.1071428571428571,1.0,0.1935483870967742,1.0,0.0,0.877962962962963,0.8467500065094471,6,175,0.8333333333333334,1.0,0.9090909090909092,5,1,0.0,0.0,0.0,0.0,0.0,0,1,0,0,0.0381997500080615,,0.0019508329569362,0.4600220830179751,,S4
local_ids,23,S4_weak_campaign,2,0.75,2,1,0,0,0.0625,1.0,0.1176470588235294,1.0,0.0,1.0,1.0,0,174,0.6666666666666666,1.0,0.8,2,1,0.0,0.0,0.0,0.0,0.0,0,1,0,0,,,,0.303524833987467,0.0,S4
local_ids,67,S4_weak_campaign,10,1.0,10,1,0,0,0.216710182767624,1.0,0.3562231759656652,1.0,0.0,0.7198995983935744,0.699996716923434,33,175,0.9090909090909092,1.0,0.9523809523809524,10,1,0.0,0.0,0.0,0.0,0.0,0,1,0,0,,,,0.3747196670155972,0.0,S4
descriptor_clustering,23,S4_weak_campaign,10,0.75,10,1,0,0,0.2443324937027707,1.0,0.3927125506072874,1.0,0.0,0.938831615120275,0.9477896736440004,7,174,0.9090909090909092,1.0,0.9523809523809524,10,1,1.0,0.0,1.0,0.0,1.0,4,1,0,81,0.0479227500036358,,0.0049700830131769,0.5252177090151235,,S4
fcgnn,23,S4_weak_campaign,2,0.75,2,1,0,0,0.0625,1.0,0.1176470588235294,1.0,0.0,1.0,1.0,0,174,0.6666666666666666,1.0,0.8,2,1,1.0,1.0,1.0,1.0,1.0,1,1,0,16,0.0371697079972364,0.0503204579581506,0.0034543339861556,0.4050224579987116,,S4
standard_gnn,41,S4_weak_campaign,10,0.75,10,1,0,0,0.2227979274611398,1.0,0.3644067796610169,1.0,0.0,0.9591666666666668,0.9525916091358956,6,168,0.9090909090909092,1.0,0.9523809523809524,10,1,0.0,0.0,0.0,0.0,0.0,0,1,0,0,0.0447929159854538,0.0469595000031404,0.0038458749768324,0.4863099579815753,,S4
descriptor_clustering,67,S4_weak_campaign,2,0.75,2,1,0,0,0.0476190476190476,1.0,0.0909090909090909,1.0,0.0,0.7496666666666667,0.6859852109458421,5,175,0.6666666666666666,1.0,0.8,2,1,0.0,0.0,0.0,0.0,0.0,0,1,0,0,0.0334009589860215,,0.0016962499939836,0.3535557500435971,,S4
fcgnn,53,S4_weak_campaign,2,1.0,2,1,0,0,0.0625,1.0,0.1176470588235294,1.0,0.0,1.0,1.0,0,181,0.6666666666666666,1.0,0.8,2,1,1.0,1.0,1.0,1.0,1.0,1,1,0,18,0.039815834024921,0.0501344170188531,0.0032403329969383,0.4540527500212192,,S4
local_ids,101,S4_weak_campaign,5,0.75,5,1,0,0,0.1071428571428571,1.0,0.1935483870967742,1.0,0.0,0.877962962962963,0.8467500065094471,6,175,0.8333333333333334,1.0,0.9090909090909092,5,1,0.0,0.0,0.0,0.0,0.0,0,1,0,0,,,,0.2998442079988308,0.0,S4
fcgnn,83,S4_weak_campaign,5,1.0,5,1,0,0,0.1202346041055718,1.0,0.2146596858638743,1.0,0.0,0.9832520325203252,0.9796583390935124,1,193,0.8333333333333334,1.0,0.9090909090909092,5,1,1.0,1.0,1.0,1.0,1.0,1,1,0,36,0.0405867080553434,0.0515672499896027,0.0036997080314904,0.4371463329880498,,S4
standard_gnn,83,S4_weak_campaign,5,0.75,5,1,0,0,0.1202346041055718,1.0,0.2146596858638743,1.0,0.0,0.9832520325203252,0.9796583390935124,1,193,0.8333333333333334,1.0,0.9090909090909092,5,1,0.0,0.0,0.0,0.0,0.0,0,1,0,0,0.0381225839955732,0.0437684170319698,0.0069767499808222,0.505695250001736,,S4
fcgnn,11,S4_weak_campaign,5,1.0,5,1,0,0,0.1176470588235294,1.0,0.2105263157894736,1.0,0.0,0.8229166666666666,0.7634228753635028,10,183,0.8333333333333334,1.0,0.9090909090909092,5,1,1.0,1.0,1.0,1.0,1.0,1,1,0,27,0.0393589159939438,0.0498439579969272,0.0042037909734062,0.4263894160394557,,S4
fcgnn,71,S4_weak_campaign,2,1.0,2,1,0,0,0.0415335463258785,1.0,0.0797546012269938,1.0,0.0,0.8130769230769231,0.7800846155964722,3,178,0.6666666666666666,1.0,0.8,2,1,0.0,0.0,0.0,0.0,0.0,0,1,0,0,0.0358607079833745,0.0482528749853372,0.0034162499941885,0.3966488330042921,,S4
descriptor_clustering,41,S4_weak_campaign,5,0.75,5,1,0,0,0.1428571428571428,1.0,0.25,1.0,0.0,0.9998333333333332,0.9988307692307692,0,168,0.8333333333333334,1.0,0.9090909090909092,5,1,1.0,0.0,1.0,0.0,1.0,2,1,0,31,0.0407670839922502,,0.0020422080415301,0.3985572920064442,,S4
descriptor_clustering,11,S4_weak_campaign,2,1.0,2,1,0,0,0.032258064516129,1.0,0.0625,1.0,0.0,0.2966666666666666,0.0234808210333526,10,183,0.6666666666666666,1.0,0.8,2,1,0.0,0.0,0.0,0.0,0.0,0,1,0,0,0.0357944169663824,,0.0018747500143945,0.3505540830083191,,S4
fcgnn,37,S4_weak_campaign,5,1.0,5,1,0,0,0.1428571428571428,1.0,0.25,1.0,0.0,1.0,1.0,0,186,0.8333333333333334,1.0,0.9090909090909092,5,1,1.0,1.0,1.0,1.0,1.0,1,1,0,41,0.0389067090000025,0.0475392499938607,0.003367957950104,0.4320128330145962,,S4
fcgnn,67,S4_weak_campaign,2,0.75,2,1,0,0,0.0476190476190476,1.0,0.0909090909090909,1.0,0.0,0.7496666666666667,0.6859852109458421,5,175,0.6666666666666666,1.0,0.8,2,1,0.0,0.0,0.0,0.0,0.0,0,1,0,0,0.035805249994155,0.0481898330035619,0.0033563749748282,0.4008250420447439,,S4
descriptor_clustering,37,S4_weak_campaign,5,0.75,5,1,0,0,0.1428571428571428,1.0,0.25,1.0,0.0,1.0,1.0,0,186,0.8333333333333334,1.0,0.9090909090909092,5,1,1.0,0.0,1.0,0.0,1.0,3,1,0,44,0.0410742090316489,,0.0020923750125803,0.402082166983746,,S4
descriptor_clustering,97,S4_weak_campaign,5,0.75,5,1,0,0,0.1428571428571428,1.0,0.25,1.0,0.0,1.0,1.0,0,177,0.8333333333333334,1.0,0.9090909090909092,5,1,1.0,0.0,1.0,0.0,1.0,2,1,0,26,0.0384796250145882,,0.0017572919605299,0.4505619589472189,,S4
fcgnn,101,S4_weak_campaign,5,0.75,5,1,0,0,0.1071428571428571,1.0,0.1935483870967742,1.0,0.0,0.877962962962963,0.8467500065094471,6,175,0.8333333333333334,1.0,0.9090909090909092,5,1,0.0,0.0,0.0,0.0,0.0,0,1,0,0,0.039073958992958,0.0488479579798877,0.0036033340147696,0.4292174169677309,,S4
local_ids,11,S4_weak_campaign,10,0.75,10,1,0,0,0.216710182767624,1.0,0.3562231759656652,1.0,0.0,0.8952610441767069,0.8763016810193778,13,183,0.9090909090909092,1.0,0.9523809523809524,10,1,0.0,0.0,0.0,0.0,0.0,0,1,0,0,,,,0.3765111250104382,0.0,S4
local_ids,71,S4_weak_campaign,5,1.0,5,1,0,0,0.1071428571428571,1.0,0.1935483870967742,1.0,0.0,0.6724537037037036,0.6075332672275342,16,178,0.8333333333333334,1.0,0.9090909090909092,5,1,0.0,0.0,0.0,0.0,0.0,0,1,0,0,,,,0.3276731249643489,0.0,S4
standard_gnn,67,S4_weak_campaign,5,0.75,5,1,0,0,0.1176470588235294,1.0,0.2105263157894736,1.0,0.0,0.6222916666666667,0.5596791882836308,20,175,0.8333333333333334,1.0,0.9090909090909092,5,1,0.0,0.0,0.0,0.0,0.0,0,1,0,0,0.0397060830146074,0.0464564579888246,0.0036917090183123,0.4293122499948367,,S4
fcgnn,97,S4_weak_campaign,10,1.0,10,1,0,0,0.25,1.0,0.4,1.0,0.0,0.9998,0.9994339622641508,0,177,0.9090909090909092,1.0,0.9523809523809524,10,1,1.0,1.0,1.0,1.0,1.0,1,1,0,88,0.0487893749959766,0.0516619580448605,0.0043032089597545,0.5152714590076357,,S4
standard_gnn,101,S4_weak_campaign,5,0.75,5,1,0,0,0.1071428571428571,1.0,0.1935483870967742,1.0,0.0,0.877962962962963,0.8467500065094471,6,175,0.8333333333333334,1.0,0.9090909090909092,5,1,0.0,0.0,0.0,0.0,0.0,0,1,0,0,0.0401109590311534,0.0453892080113291,0.001787667046301,0.4183903749799356,,S4
descriptor_clustering,67,S4_weak_campaign,2,1.0,2,1,0,0,0.0476190476190476,1.0,0.0909090909090909,1.0,0.0,0.7496666666666667,0.6859852109458421,5,175,0.6666666666666666,1.0,0.8,2,1,1.0,1.0,1.0,1.0,1.0,1,1,0,77,0.0368725410080514,,0.0019004589994437,0.4248288329690695,,S4
standard_gnn,71,S4_weak_campaign,2,1.0,2,1,0,0,0.0415335463258785,1.0,0.0797546012269938,1.0,0.0,0.8130769230769231,0.7800846155964722,3,178,0.6666666666666666,1.0,0.8,2,1,0.0,0.0,0.0,0.0,0.0,0,1,0,0,0.0352863330044783,0.045418708003126,0.0037124159862287,0.3889530830201693,,S4
descriptor_clustering,83,S4_weak_campaign,2,1.0,2,1,0,0,0.0625,1.0,0.1176470588235294,1.0,0.0,1.0,1.0,0,193,0.6666666666666666,1.0,0.8,2,1,0.0,0.0,0.0,0.0,0.0,0,1,0,0,0.0364821249968372,,0.0018775839707814,0.3620221249875612,,S4
descriptor_clustering,71,S4_weak_campaign,10,0.75,10,1,0,0,0.20844327176781,1.0,0.3449781659388646,1.0,0.0,0.8273628691983123,0.8190791284936939,19,178,0.9090909090909092,1.0,0.9523809523809524,10,1,1.0,0.0,1.0,0.0,1.0,2,1,0,22,0.0468499170383438,,0.0020112079801037,0.4410726249916479,,S4
local_ids,37,S4_weak_campaign,2,0.75,2,1,0,0,0.0625,1.0,0.1176470588235294,1.0,0.0,1.0,1.0,0,186,0.6666666666666666,1.0,0.8,2,1,0.0,0.0,0.0,0.0,0.0,0,1,0,0,,,,0.3072501249844208,0.0,S4
fcgnn,41,S4_weak_campaign,2,1.0,2,1,0,0,0.0625,1.0,0.1176470588235294,1.0,0.0,0.9995833333333332,0.9929545454545454,0,168,0.6666666666666666,1.0,0.8,2,1,1.0,1.0,1.0,1.0,1.0,1,1,0,18,0.0357094579958356,0.0485939159989357,0.0043067499645985,0.4923017090186476,,S4
fcgnn,11,S4_weak_campaign,10,0.75,10,1,0,0,0.216710182767624,1.0,0.3562231759656652,1.0,0.0,0.8952610441767069,0.8763016810193778,13,183,0.9090909090909092,1.0,0.9523809523809524,10,1,1.0,1.0,1.0,1.0,1.0,1,1,0,22,0.0463577089831233,0.0511361670214682,0.0041177090024575,0.5809001250308938,,S4
fcgnn,11,S4_weak_campaign,5,0.75,5,1,0,0,0.1176470588235294,1.0,0.2105263157894736,1.0,0.0,0.8229166666666666,0.7634228753635028,10,183,0.8333333333333334,1.0,0.9090909090909092,5,1,0.0,0.0,0.0,0.0,0.0,0,1,0,0,0.0398022079607471,0.0554227079846896,0.0040680000092834,0.5194769169902429,,S4
fcgnn,41,S4_weak_campaign,2,0.75,2,1,0,0,0.0625,1.0,0.1176470588235294,1.0,0.0,0.9995833333333332,0.9929545454545454,0,168,0.6666666666666666,1.0,0.8,2,1,0.0,0.0,0.0,0.0,0.0,0,1,0,0,0.0363190420321188,0.0498447500285692,0.0037335840170271,0.4029564159573056,,S4
local_ids,41,S4_weak_campaign,5,1.0,5,1,0,0,0.1428571428571428,1.0,0.25,1.0,0.0,0.9998333333333332,0.9988307692307692,0,168,0.8333333333333334,1.0,0.9090909090909092,5,1,0.0,0.0,0.0,0.0,0.0,0,1,0,0,,,,0.4068747910205275,0.0,S4
descriptor_clustering,71,S4_weak_campaign,2,0.75,2,1,0,0,0.0415335463258785,1.0,0.0797546012269938,1.0,0.0,0.8130769230769231,0.7800846155964722,3,178,0.6666666666666666,1.0,0.8,2,1,0.0,0.0,0.0,0.0,0.0,0,1,0,0,0.0356546660186722,,0.0018660830100998,0.3518295839894563,,S4
standard_gnn,53,S4_weak_campaign,2,1.0,2,1,0,0,0.0625,1.0,0.1176470588235294,1.0,0.0,1.0,1.0,0,181,0.6666666666666666,1.0,0.8,2,1,0.0,0.0,0.0,0.0,0.0,0,1,0,0,0.0371122499927878,0.0455417920020408,0.0028698330279439,0.4005281249992549,,S4
descriptor_clustering,71,S4_weak_campaign,5,1.0,5,1,0,0,0.1071428571428571,1.0,0.1935483870967742,1.0,0.0,0.6724537037037036,0.6075332672275342,16,178,0.8333333333333334,1.0,0.9090909090909092,5,1,1.0,1.0,1.0,1.0,1.0,1,1,0,71,0.0392486659693531,,0.0019284999580122,0.4432171249645762,,S4
descriptor_clustering,11,S4_weak_campaign,2,0.75,2,1,0,0,0.032258064516129,1.0,0.0625,1.0,0.0,0.2966666666666666,0.0234808210333526,10,183,0.6666666666666666,1.0,0.8,2,1,0.0,0.0,0.0,0.0,0.0,0,1,0,0,0.0330686250235885,,0.0017234589904546,0.3269789579790085,,S4
standard_gnn,41,S4_weak_campaign,2,0.75,2,1,0,0,0.0625,1.0,0.1176470588235294,1.0,0.0,0.9995833333333332,0.9929545454545454,0,168,0.6666666666666666,1.0,0.8,2,1,0.0,0.0,0.0,0.0,0.0,0,1,0,0,0.033264666039031,0.0428945409948937,0.0042902500135824,0.4614542089984752,,S4
fcgnn,11,S4_weak_campaign,10,1.0,10,1,0,0,0.216710182767624,1.0,0.3562231759656652,1.0,0.0,0.8952610441767069,0.8763016810193778,13,183,0.9090909090909092,1.0,0.9523809523809524,10,1,1.0,1.0,1.0,1.0,1.0,1,1,0,64,0.045890541980043,0.0559321669861674,0.0044537920039147,0.4932590830139816,,S4
standard_gnn,41,S4_weak_campaign,10,1.0,10,1,0,0,0.2227979274611398,1.0,0.3644067796610169,1.0,0.0,0.9591666666666668,0.9525916091358956,6,168,0.9090909090909092,1.0,0.9523809523809524,10,1,1.0,1.0,1.0,1.0,1.0,1,1,0,21,0.0436542499810457,0.0446981670102104,0.0032432920415885,0.544071750016883,,S4
local_ids,53,S4_weak_campaign,10,1.0,10,1,0,0,0.2207792207792207,1.0,0.3617021276595745,1.0,0.0,0.9016470588235296,0.8809307286821759,15,181,0.9090909090909092,1.0,0.9523809523809524,10,1,0.0,0.0,0.0,0.0,0.0,0,1,0,0,,,,0.35213366599055,0.0,S4
fcgnn,23,S4_weak_campaign,5,0.75,5,1,0,0,0.1428571428571428,1.0,0.25,1.0,0.0,1.0,1.0,0,174,0.8333333333333334,1.0,0.9090909090909092,5,1,1.0,1.0,1.0,1.0,1.0,1,1,0,27,0.0389837090042419,0.0472237910144031,0.003588874998968,0.4293399580055848,,S4
standard_gnn,37,S4_weak_campaign,10,0.75,10,1,0,0,0.2268041237113402,1.0,0.3697478991596639,1.0,0.0,0.9317045454545456,0.9295966707066368,8,186,0.9090909090909092,1.0,0.9523809523809524,10,1,1.0,1.0,1.0,1.0,1.0,1,1,0,10,0.0467086249846033,0.0477004999993369,0.0041680409922264,0.4851694999961182,,S4
local_ids,41,S4_weak_campaign,10,1.0,10,1,0,0,0.2227979274611398,1.0,0.3644067796610169,1.0,0.0,0.9591666666666668,0.9525916091358956,6,168,0.9090909090909092,1.0,0.9523809523809524,10,1,0.0,0.0,0.0,0.0,0.0,0,1,0,0,,,,0.3845061250030994,0.0,S4
standard_gnn,11,S4_weak_campaign,2,0.75,2,1,0,0,0.032258064516129,1.0,0.0625,1.0,0.0,0.2966666666666666,0.0234808210333526,10,183,0.6666666666666666,1.0,0.8,2,1,0.0,0.0,0.0,0.0,0.0,0,1,0,0,0.0337812919751741,0.0423607919947244,0.0031718339887447,0.3676923339953646,,S4
standard_gnn,67,S4_weak_campaign,2,0.75,2,1,0,0,0.0476190476190476,1.0,0.0909090909090909,1.0,0.0,0.7496666666666667,0.6859852109458421,5,175,0.6666666666666666,1.0,0.8,2,1,0.0,0.0,0.0,0.0,0.0,0,1,0,0,0.035971375007648,0.0450704169925302,0.004124250030145,0.3937287909793667,,S4
fcgnn,83,S4_weak_campaign,10,0.75,10,1,0,0,0.2146596858638743,1.0,0.3534482758620689,1.0,0.0,0.9016260162601626,0.8957310100577668,12,193,0.9090909090909092,1.0,0.9523809523809524,10,1,1.0,1.0,1.0,1.0,1.0,1,1,0,11,0.0468237919849343,0.0514232080313377,0.0037626249832101,0.4925186249893158,,S4
local_ids,71,S4_weak_campaign,10,1.0,10,1,0,0,0.20844327176781,1.0,0.3449781659388646,1.0,0.0,0.8273628691983123,0.8190791284936939,19,178,0.9090909090909092,1.0,0.9523809523809524,10,1,0.0,0.0,0.0,0.0,0.0,0,1,0,0,,,,0.4629977499716915,0.0,S4
descriptor_clustering,11,S4_weak_campaign,5,1.0,5,1,0,0,0.1176470588235294,1.0,0.2105263157894736,1.0,0.0,0.8229166666666666,0.7634228753635028,10,183,0.8333333333333334,1.0,0.9090909090909092,5,1,1.0,1.0,1.0,1.0,1.0,1,1,0,30,0.0375506249838508,,0.0018718339852057,0.3655397500260733,,S4
standard_gnn,83,S4_weak_campaign,10,0.75,10,1,0,0,0.2146596858638743,1.0,0.3534482758620689,1.0,0.0,0.9016260162601626,0.8957310100577668,12,193,0.9090909090909092,1.0,0.9523809523809524,10,1,0.0,0.0,0.0,0.0,0.0,0,1,0,0,0.0465034169610589,0.0472329590120352,0.0047479999484494,0.4884819579892792,,S4
fcgnn,41,S4_weak_campaign,10,0.75,10,1,0,0,0.2227979274611398,1.0,0.3644067796610169,1.0,0.0,0.9591666666666668,0.9525916091358956,6,168,0.9090909090909092,1.0,0.9523809523809524,10,1,1.0,1.0,1.0,1.0,1.0,1,1,0,10,0.0464956250507384,0.0517189590027555,0.0041307909996248,0.4958309999783523,,S4
descriptor_clustering,41,S4_weak_campaign,5,1.0,5,1,0,0,0.1428571428571428,1.0,0.25,1.0,0.0,0.9998333333333332,0.9988307692307692,0,168,0.8333333333333334,1.0,0.9090909090909092,5,1,0.0,0.0,0.0,0.0,0.0,0,1,0,0,0.0378707920317538,,0.0017990830237977,0.3728366249706596,,S4
fcgnn,53,S4_weak_campaign,10,1.0,10,1,0,0,0.2207792207792207,1.0,0.3617021276595745,1.0,0.0,0.9016470588235296,0.8809307286821759,15,181,0.9090909090909092,1.0,0.9523809523809524,10,1,1.0,0.0,1.0,0.0,1.0,2,1,0,79,0.0473474169848486,0.05170954199275,0.0048271249979734,0.5770565000129864,,S4
fcgnn,37,S4_weak_campaign,2,1.0,2,1,0,0,0.0625,1.0,0.1176470588235294,1.0,0.0,1.0,1.0,0,186,0.6666666666666666,1.0,0.8,2,1,1.0,1.0,1.0,1.0,1.0,1,1,0,17,0.0368321249843575,0.0501331659615971,0.0034238339867442,0.4059597500017844,,S4
standard_gnn,11,S4_weak_campaign,5,0.75,5,1,0,0,0.1176470588235294,1.0,0.2105263157894736,1.0,0.0,0.8229166666666666,0.7634228753635028,10,183,0.8333333333333334,1.0,0.9090909090909092,5,1,0.0,0.0,0.0,0.0,0.0,0,1,0,0,0.0400620410218834,0.0453440419514663,0.0036934170057065,0.4287114169565029,,S4
standard_gnn,53,S4_weak_campaign,5,1.0,5,1,0,0,0.127906976744186,1.0,0.2268041237113402,1.0,0.0,0.9382575757575756,0.9248454102500576,4,181,0.8333333333333334,1.0,0.9090909090909092,5,1,1.0,1.0,1.0,1.0,1.0,1,1,0,20,0.0412510000169277,0.0464408749830909,0.003282458987087,0.4330628750030882,,S4
local_ids,71,S4_weak_campaign,2,0.75,2,1,0,0,0.0415335463258785,1.0,0.0797546012269938,1.0,0.0,0.8130769230769231,0.7800846155964722,3,178,0.6666666666666666,1.0,0.8,2,1,0.0,0.0,0.0,0.0,0.0,0,1,0,0,,,,0.3846288329805247,0.0,S4
descriptor_clustering,41,S4_weak_campaign,10,1.0,10,1,0,0,0.2227979274611398,1.0,0.3644067796610169,1.0,0.0,0.9591666666666668,0.9525916091358956,6,168,0.9090909090909092,1.0,0.9523809523809524,10,1,1.0,1.0,1.0,1.0,1.0,1,1,0,80,0.0492500829859636,,0.0020301670301705,0.4605356670217588,,S4
descriptor_clustering,101,S4_weak_campaign,2,1.0,2,1,0,0,0.0625,1.0,0.1176470588235294,1.0,0.0,0.9978333333333332,0.975037037037037,0,175,0.6666666666666666,1.0,0.8,2,1,0.0,0.0,0.0,0.0,0.0,0,1,0,0,0.0363065000274218,,0.0018112920224666,0.3882053749985061,,S4
standard_gnn,11,S4_weak_campaign,2,1.0,2,1,0,0,0.032258064516129,1.0,0.0625,1.0,0.0,0.2966666666666666,0.0234808210333526,10,183,0.6666666666666666,1.0,0.8,2,1,0.0,0.0,0.0,0.0,0.0,0,1,0,0,0.0355095420381985,0.0466855419799685,0.0034464999916963,0.3865472080069594,,S4
fcgnn,83,S4_weak_campaign,2,1.0,2,1,0,0,0.0625,1.0,0.1176470588235294,1.0,0.0,1.0,1.0,0,193,0.6666666666666666,1.0,0.8,2,1,1.0,1.0,1.0,1.0,1.0,1,1,0,18,0.0366587919997982,0.0500848750234581,0.0034466659999452,0.4059297500061802,,S4
standard_gnn,67,S4_weak_campaign,2,1.0,2,1,0,0,0.0476190476190476,1.0,0.0909090909090909,1.0,0.0,0.7496666666666667,0.6859852109458421,5,175,0.6666666666666666,1.0,0.8,2,1,0.0,0.0,0.0,0.0,0.0,0,1,0,0,0.0332618330139666,0.0419319579959847,0.0036498749977909,0.3792784169781953,,S4
descriptor_clustering,101,S4_weak_campaign,10,1.0,10,1,0,0,0.2227979274611398,1.0,0.3644067796610169,1.0,0.0,0.9486434108527132,0.9475804296990528,6,175,0.9090909090909092,1.0,0.9523809523809524,10,1,1.0,1.0,1.0,1.0,1.0,1,1,0,56,0.0469968749675899,,0.0021794579806737,0.4545111249899491,,S4
fcgnn,101,S4_weak_campaign,2,0.75,2,1,0,0,0.0625,1.0,0.1176470588235294,1.0,0.0,0.9978333333333332,0.975037037037037,0,175,0.6666666666666666,1.0,0.8,2,1,0.0,0.0,0.0,0.0,0.0,0,1,0,0,0.0368690000032074,0.0491037080064415,0.0039126250194385,0.4972868749755434,,S4
standard_gnn,97,S4_weak_campaign,2,1.0,2,1,0,0,0.0625,1.0,0.1176470588235294,1.0,0.0,1.0,1.0,0,177,0.6666666666666666,1.0,0.8,2,1,0.0,0.0,0.0,0.0,0.0,0,1,0,0,0.0372514170012436,0.044990999973379,0.002750665997155,0.404674666991923,,S4
local_ids,101,S4_weak_campaign,10,0.75,10,1,0,0,0.2227979274611398,1.0,0.3644067796610169,1.0,0.0,0.9486434108527132,0.9475804296990528,6,175,0.9090909090909092,1.0,0.9523809523809524,10,1,0.0,0.0,0.0,0.0,0.0,0,1,0,0,,,,0.3806728330091573,0.0,S4
fcgnn,97,S4_weak_campaign,2,0.75,2,1,0,0,0.0625,1.0,0.1176470588235294,1.0,0.0,1.0,1.0,0,177,0.6666666666666666,1.0,0.8,2,1,0.0,0.0,0.0,0.0,0.0,0,1,0,0,0.037154332967475,0.0494412910193204,0.004289541975595,0.4098569580237381,,S4
fcgnn,71,S4_weak_campaign,5,0.75,5,1,0,0,0.1071428571428571,1.0,0.1935483870967742,1.0,0.0,0.6724537037037036,0.6075332672275342,16,178,0.8333333333333334,1.0,0.9090909090909092,5,1,0.0,0.0,0.0,0.0,0.0,0,1,0,0,0.0396847079973667,0.0482813749695196,0.0042756250477395,0.4282335420139134,,S4
local_ids,71,S4_weak_campaign,2,1.0,2,1,0,0,0.0415335463258785,1.0,0.0797546012269938,1.0,0.0,0.8130769230769231,0.7800846155964722,3,178,0.6666666666666666,1.0,0.8,2,1,0.0,0.0,0.0,0.0,0.0,0,1,0,0,,,,0.2819577499758452,0.0,S4
standard_gnn,101,S4_weak_campaign,10,0.75,10,1,0,0,0.2227979274611398,1.0,0.3644067796610169,1.0,0.0,0.9486434108527132,0.9475804296990528,6,175,0.9090909090909092,1.0,0.9523809523809524,10,1,0.0,0.0,0.0,0.0,0.0,0,1,0,0,0.0421281669987365,0.04415345803136,0.002914042037446,0.4601392920012586,,S4
fcgnn,53,S4_weak_campaign,5,0.75,5,1,0,0,0.127906976744186,1.0,0.2268041237113402,1.0,0.0,0.9382575757575756,0.9248454102500576,4,181,0.8333333333333334,1.0,0.9090909090909092,5,1,0.0,0.0,0.0,0.0,0.0,0,1,0,0,0.0395113329868763,0.0508572499966248,0.0030006250017322,0.4308930829865858,,S4
fcgnn,67,S4_weak_campaign,5,0.75,5,1,0,0,0.1176470588235294,1.0,0.2105263157894736,1.0,0.0,0.6222916666666667,0.5596791882836308,20,175,0.8333333333333334,1.0,0.9090909090909092,5,1,0.0,0.0,0.0,0.0,0.0,0,1,0,0,0.0403567910543642,0.0491331670200452,0.0039873749483376,0.4305622079991735,,S4
local_ids,97,S4_weak_campaign,10,0.75,10,1,0,0,0.25,1.0,0.4,1.0,0.0,0.9998,0.9994339622641508,0,177,0.9090909090909092,1.0,0.9523809523809524,10,1,0.0,0.0,0.0,0.0,0.0,0,1,0,0,,,,0.389983624976594,0.0,S4
standard_gnn,11,S4_weak_campaign,10,0.75,10,1,0,0,0.216710182767624,1.0,0.3562231759656652,1.0,0.0,0.8952610441767069,0.8763016810193778,13,183,0.9090909090909092,1.0,0.9523809523809524,10,1,0.0,0.0,0.0,0.0,0.0,0,1,0,0,0.0470971670001745,0.0465198339661583,0.0034043749910779,0.4864531659986824,,S4
local_ids,71,S4_weak_campaign,5,0.75,5,1,0,0,0.1071428571428571,1.0,0.1935483870967742,1.0,0.0,0.6724537037037036,0.6075332672275342,16,178,0.8333333333333334,1.0,0.9090909090909092,5,1,0.0,0.0,0.0,0.0,0.0,0,1,0,0,,,,0.3240537500241771,0.0,S4
descriptor_clustering,101,S4_weak_campaign,2,0.75,2,1,0,0,0.0625,1.0,0.1176470588235294,1.0,0.0,0.9978333333333332,0.975037037037037,0,175,0.6666666666666666,1.0,0.8,2,1,0.0,0.0,0.0,0.0,0.0,0,1,0,0,0.0372770000249147,,0.0018093750113621,0.3578029169584624,,S4
fcgnn,23,S4_weak_campaign,2,1.0,2,1,0,0,0.0625,1.0,0.1176470588235294,1.0,0.0,1.0,1.0,0,174,0.6666666666666666,1.0,0.8,2,1,1.0,1.0,1.0,1.0,1.0,1,1,0,16,0.0372138750390149,0.0497317499830387,0.0033730409923009,0.4588454580516554,,S4
fcgnn,101,S4_weak_campaign,2,1.0,2,1,0,0,0.0625,1.0,0.1176470588235294,1.0,0.0,0.9978333333333332,0.975037037037037,0,175,0.6666666666666666,1.0,0.8,2,1,1.0,1.0,1.0,1.0,1.0,1,1,0,18,0.0333848329610191,0.0464686659979634,0.0047365829814225,0.3781348749762401,,S4
standard_gnn,101,S4_weak_campaign,2,1.0,2,1,0,0,0.0625,1.0,0.1176470588235294,1.0,0.0,0.9978333333333332,0.975037037037037,0,175,0.6666666666666666,1.0,0.8,2,1,0.0,0.0,0.0,0.0,0.0,0,1,0,0,0.033965291979257,0.044770625012461,0.0016027080127969,0.4164178330102004,,S4
local_ids,67,S4_weak_campaign,2,0.75,2,1,0,0,0.0476190476190476,1.0,0.0909090909090909,1.0,0.0,0.7496666666666667,0.6859852109458421,5,175,0.6666666666666666,1.0,0.8,2,1,0.0,0.0,0.0,0.0,0.0,0,1,0,0,,,,0.2976820839685388,0.0,S4
local_ids,101,S4_weak_campaign,10,1.0,10,1,0,0,0.2227979274611398,1.0,0.3644067796610169,1.0,0.0,0.9486434108527132,0.9475804296990528,6,175,0.9090909090909092,1.0,0.9523809523809524,10,1,0.0,0.0,0.0,0.0,0.0,0,1,0,0,,,,0.3744699999806471,0.0,S4
standard_gnn,37,S4_weak_campaign,2,0.75,2,1,0,0,0.0625,1.0,0.1176470588235294,1.0,0.0,1.0,1.0,0,186,0.6666666666666666,1.0,0.8,2,1,0.0,0.0,0.0,0.0,0.0,0,1,0,0,0.0349762089899741,0.0448357919813133,0.0034402910387143,0.3989227080019191,,S4
standard_gnn,71,S4_weak_campaign,2,0.75,2,1,0,0,0.0415335463258785,1.0,0.0797546012269938,1.0,0.0,0.8130769230769231,0.7800846155964722,3,178,0.6666666666666666,1.0,0.8,2,1,0.0,0.0,0.0,0.0,0.0,0,1,0,0,0.0348193329991772,0.0420835840050131,0.0037826250190846,0.4386652910034172,,S4
local_ids,67,S4_weak_campaign,10,0.75,10,1,0,0,0.216710182767624,1.0,0.3562231759656652,1.0,0.0,0.7198995983935744,0.699996716923434,33,175,0.9090909090909092,1.0,0.9523809523809524,10,1,0.0,0.0,0.0,0.0,0.0,0,1,0,0,,,,0.4398276669671759,0.0,S4
local_ids,11,S4_weak_campaign,10,1.0,10,1,0,0,0.216710182767624,1.0,0.3562231759656652,1.0,0.0,0.8952610441767069,0.8763016810193778,13,183,0.9090909090909092,1.0,0.9523809523809524,10,1,0.0,0.0,0.0,0.0,0.0,0,1,0,0,,,,0.3764232500107027,0.0,S4
descriptor_clustering,11,S4_weak_campaign,10,1.0,10,1,0,0,0.216710182767624,1.0,0.3562231759656652,1.0,0.0,0.8952610441767069,0.8763016810193778,13,183,0.9090909090909092,1.0,0.9523809523809524,10,1,1.0,0.0,1.0,0.0,1.0,2,1,0,83,0.0462977089919149,,0.0022724999580532,0.5189103340380825,,S4
descriptor_clustering,83,S4_weak_campaign,5,1.0,5,1,0,0,0.1202346041055718,1.0,0.2146596858638743,1.0,0.0,0.9832520325203252,0.9796583390935124,1,193,0.8333333333333334,1.0,0.9090909090909092,5,1,0.0,0.0,0.0,0.0,0.0,0,1,0,0,0.0368069999967701,,0.001787792018149,0.3644565000431612,,S4
fcgnn,11,S4_weak_campaign,10,1.0,10,1,0,0,0.216710182767624,1.0,0.3562231759656652,1.0,0.0,0.8952610441767069,0.8763016810193778,13,183,0.9090909090909092,1.0,0.9523809523809524,10,1,1.0,1.0,1.0,1.0,1.0,1,1,0,64,0.1300783330225385,0.0513804159709252,0.0043719999957829,0.5592751249787398,,S4
fcgnn,97,S4_weak_campaign,10,0.75,10,1,0,0,0.25,1.0,0.4,1.0,0.0,0.9998,0.9994339622641508,0,177,0.9090909090909092,1.0,0.9523809523809524,10,1,1.0,1.0,1.0,1.0,1.0,1,1,0,13,0.0468798340298235,0.047878458048217,0.0038524169940501,0.5671076669823378,,S4
standard_gnn,11,S4_weak_campaign,10,0.75,10,1,0,0,0.216710182767624,1.0,0.3562231759656652,1.0,0.0,0.8952610441767069,0.8763016810193778,13,183,0.9090909090909092,1.0,0.9523809523809524,10,1,0.0,0.0,0.0,0.0,0.0,0,1,0,0,0.0449069160385988,0.0453635420417413,0.0034555000020191,0.4681612499989569,,S4
standard_gnn,23,S4_weak_campaign,5,0.75,5,1,0,0,0.1428571428571428,1.0,0.25,1.0,0.0,1.0,1.0,0,174,0.8333333333333334,1.0,0.9090909090909092,5,1,0.0,0.0,0.0,0.0,0.0,0,1,0,0,0.0412873330060392,0.0477971249492839,0.0031949580297805,0.5205038340063766,,S4
local_ids,97,S4_weak_campaign,10,1.0,10,1,0,0,0.25,1.0,0.4,1.0,0.0,0.9998,0.9994339622641508,0,177,0.9090909090909092,1.0,0.9523809523809524,10,1,0.0,0.0,0.0,0.0,0.0,0,1,0,0,,,,0.3709192079841159,0.0,S4
fcgnn,101,S4_weak_campaign,10,1.0,10,1,0,0,0.2227979274611398,1.0,0.3644067796610169,1.0,0.0,0.9486434108527132,0.9475804296990528,6,175,0.9090909090909092,1.0,0.9523809523809524,10,1,1.0,1.0,1.0,1.0,1.0,1,1,0,72,0.0468373339972458,0.0516449160058982,0.0042651660041883,0.5878743330249563,,S4
local_ids,53,S4_weak_campaign,2,1.0,2,1,0,0,0.0625,1.0,0.1176470588235294,1.0,0.0,1.0,1.0,0,181,0.6666666666666666,1.0,0.8,2,1,0.0,0.0,0.0,0.0,0.0,0,1,0,0,,,,0.3062037079944275,0.0,S4
local_ids,83,S4_weak_campaign,2,0.75,2,1,0,0,0.0625,1.0,0.1176470588235294,1.0,0.0,1.0,1.0,0,193,0.6666666666666666,1.0,0.8,2,1,0.0,0.0,0.0,0.0,0.0,0,1,0,0,,,,0.2880809579510242,0.0,S4
local_ids,11,S4_weak_campaign,2,1.0,2,1,0,0,0.032258064516129,1.0,0.0625,1.0,0.0,0.2966666666666666,0.0234808210333526,10,183,0.6666666666666666,1.0,0.8,2,1,0.0,0.0,0.0,0.0,0.0,0,1,0,0,,,,0.2872480420046486,0.0,S4
local_ids,83,S4_weak_campaign,5,1.0,5,1,0,0,0.1202346041055718,1.0,0.2146596858638743,1.0,0.0,0.9832520325203252,0.9796583390935124,1,193,0.8333333333333334,1.0,0.9090909090909092,5,1,0.0,0.0,0.0,0.0,0.0,0,1,0,0,,,,0.3115406660363078,0.0,S4
descriptor_clustering,97,S4_weak_campaign,10,0.75,10,1,0,0,0.25,1.0,0.4,1.0,0.0,0.9998,0.9994339622641508,0,177,0.9090909090909092,1.0,0.9523809523809524,10,1,1.0,0.0,1.0,0.0,1.0,4,1,0,79,0.1322446249541826,,0.0022453329875133,0.5527335000224411,,S4
descriptor_clustering,71,S4_weak_campaign,5,0.75,5,1,0,0,0.1071428571428571,1.0,0.1935483870967742,1.0,0.0,0.6724537037037036,0.6075332672275342,16,178,0.8333333333333334,1.0,0.9090909090909092,5,1,0.0,0.0,0.0,0.0,0.0,0,1,0,0,0.0394029999733902,,0.0019641250255517,0.3833824580069631,,S4
local_ids,41,S4_weak_campaign,2,1.0,2,1,0,0,0.0625,1.0,0.1176470588235294,1.0,0.0,0.9995833333333332,0.9929545454545454,0,168,0.6666666666666666,1.0,0.8,2,1,0.0,0.0,0.0,0.0,0.0,0,1,0,0,,,,0.3050958750536665,0.0,S4
descriptor_clustering,23,S4_weak_campaign,5,1.0,5,1,0,0,0.1428571428571428,1.0,0.25,1.0,0.0,1.0,1.0,0,174,0.8333333333333334,1.0,0.9090909090909092,5,1,0.0,0.0,0.0,0.0,0.0,0,1,0,0,0.0388525419984944,,0.0019134579924866,0.3947476670145988,,S4
standard_gnn,11,S4_weak_campaign,5,1.0,5,1,0,0,0.1176470588235294,1.0,0.2105263157894736,1.0,0.0,0.8229166666666666,0.7634228753635028,10,183,0.8333333333333334,1.0,0.9090909090909092,5,1,1.0,1.0,1.0,1.0,1.0,1,1,0,12,0.0388829999719746,0.0508703329833224,0.0037717499653808,0.4258110420196317,,S4
local_ids,11,S4_weak_campaign,5,1.0,5,1,0,0,0.1176470588235294,1.0,0.2105263157894736,1.0,0.0,0.8229166666666666,0.7634228753635028,10,183,0.8333333333333334,1.0,0.9090909090909092,5,1,0.0,0.0,0.0,0.0,0.0,0,1,0,0,,,,0.3217407920164987,0.0,S4
fcgnn,41,S4_weak_campaign,5,1.0,5,1,0,0,0.1428571428571428,1.0,0.25,1.0,0.0,0.9998333333333332,0.9988307692307692,0,168,0.8333333333333334,1.0,0.9090909090909092,5,1,1.0,1.0,1.0,1.0,1.0,1,1,0,44,0.0391059580142609,0.0512256670044735,0.004077625053469,0.4406860420131124,,S4
standard_gnn,37,S4_weak_campaign,5,0.75,5,1,0,0,0.1428571428571428,1.0,0.25,1.0,0.0,1.0,1.0,0,186,0.8333333333333334,1.0,0.9090909090909092,5,1,1.0,1.0,1.0,1.0,1.0,1,1,0,13,0.0406013749889098,0.0469356669927947,0.0034326249733567,0.4435067499871366,,S4
local_ids,23,S4_weak_campaign,2,1.0,2,1,0,0,0.0625,1.0,0.1176470588235294,1.0,0.0,1.0,1.0,0,174,0.6666666666666666,1.0,0.8,2,1,0.0,0.0,0.0,0.0,0.0,0,1,0,0,,,,0.3047594579984434,0.0,S4
fcgnn,71,S4_weak_campaign,5,1.0,5,1,0,0,0.1071428571428571,1.0,0.1935483870967742,1.0,0.0,0.6724537037037036,0.6075332672275342,16,178,0.8333333333333334,1.0,0.9090909090909092,5,1,1.0,0.0,1.0,0.0,1.0,2,1,0,28,0.0374783329898491,0.0419787499704398,0.0039034999790601,0.4865416669636033,,S4
local_ids,37,S4_weak_campaign,2,1.0,2,1,0,0,0.0625,1.0,0.1176470588235294,1.0,0.0,1.0,1.0,0,186,0.6666666666666666,1.0,0.8,2,1,0.0,0.0,0.0,0.0,0.0,0,1,0,0,,,,0.2967607080354355,0.0,S4
fcgnn,53,S4_weak_campaign,2,0.75,2,1,0,0,0.0625,1.0,0.1176470588235294,1.0,0.0,1.0,1.0,0,181,0.6666666666666666,1.0,0.8,2,1,0.0,0.0,0.0,0.0,0.0,0,1,0,0,0.036511666025035,0.0498066670261323,0.0032134999637492,0.4919784580124542,,S4
descriptor_clustering,11,S4_weak_campaign,5,1.0,5,1,0,0,0.1176470588235294,1.0,0.2105263157894736,1.0,0.0,0.8229166666666666,0.7634228753635028,10,183,0.8333333333333334,1.0,0.9090909090909092,5,1,1.0,1.0,1.0,1.0,1.0,1,1,0,30,0.040612458018586,,0.0018849169719032,0.3824812499806285,,S4
descriptor_clustering,37,S4_weak_campaign,10,0.75,10,1,0,0,0.2268041237113402,1.0,0.3697478991596639,1.0,0.0,0.9317045454545456,0.9295966707066368,8,186,0.9090909090909092,1.0,0.9523809523809524,10,1,1.0,0.0,1.0,0.0,1.0,3,1,0,55,0.0463072920101694,,0.002288417017553,0.435200082953088,,S4
fcgnn,101,S4_weak_campaign,10,0.75,10,1,0,0,0.2227979274611398,1.0,0.3644067796610169,1.0,0.0,0.9486434108527132,0.9475804296990528,6,175,0.9090909090909092,1.0,0.9523809523809524,10,1,0.0,0.0,0.0,0.0,0.0,0,1,0,0,0.0461230830405838,0.0485753749962896,0.0042674589785747,0.5592517500044778,,S4
fcgnn,71,S4_weak_campaign,10,0.75,10,1,0,0,0.20844327176781,1.0,0.3449781659388646,1.0,0.0,0.8273628691983123,0.8190791284936939,19,178,0.9090909090909092,1.0,0.9523809523809524,10,1,1.0,1.0,1.0,1.0,1.0,1,1,0,10,0.045984458993189,0.051131666987203,0.0043928750092163,0.490858000004664,,S4
descriptor_clustering,83,S4_weak_campaign,2,0.75,2,1,0,0,0.0625,1.0,0.1176470588235294,1.0,0.0,1.0,1.0,0,193,0.6666666666666666,1.0,0.8,2,1,0.0,0.0,0.0,0.0,0.0,0,1,0,0,0.0334132080315612,,0.0016874580178409,0.421844249998685,,S4
fcgnn,37,S4_weak_campaign,5,0.75,5,1,0,0,0.1428571428571428,1.0,0.25,1.0,0.0,1.0,1.0,0,186,0.8333333333333334,1.0,0.9090909090909092,5,1,1.0,1.0,1.0,1.0,1.0,1,1,0,32,0.0417147080297581,0.0506538329645991,0.0037420830340124,0.536112250003498,,S4
descriptor_clustering,11,S4_weak_campaign,2,0.75,2,1,0,0,0.032258064516129,1.0,0.0625,1.0,0.0,0.2966666666666666,0.0234808210333526,10,183,0.6666666666666666,1.0,0.8,2,1,0.0,0.0,0.0,0.0,0.0,0,1,0,0,0.0348760419874452,,0.0017907500150613,0.4368059589760378,,S4
standard_gnn,11,S4_weak_campaign,5,0.75,5,1,0,0,0.1176470588235294,1.0,0.2105263157894736,1.0,0.0,0.8229166666666666,0.7634228753635028,10,183,0.8333333333333334,1.0,0.9090909090909092,5,1,0.0,0.0,0.0,0.0,0.0,0,1,0,0,0.0401295829797163,0.0495941659901291,0.0039392090402543,0.435622124990914,,S4
fcgnn,97,S4_weak_campaign,5,0.75,5,1,0,0,0.1428571428571428,1.0,0.25,1.0,0.0,1.0,1.0,0,177,0.8333333333333334,1.0,0.9090909090909092,5,1,0.0,0.0,0.0,0.0,0.0,0,1,0,0,0.0373285409878008,0.0478344999719411,0.0039693749858997,0.4133113329880871,,S4
descriptor_clustering,67,S4_weak_campaign,5,1.0,5,1,0,0,0.1176470588235294,1.0,0.2105263157894736,1.0,0.0,0.6222916666666667,0.5596791882836308,20,175,0.8333333333333334,1.0,0.9090909090909092,5,1,1.0,1.0,1.0,1.0,1.0,1,1,0,84,0.0397566669853404,,0.001862000033725,0.3913755830144509,,S4
local_ids,11,S4_weak_campaign,2,1.0,2,1,0,0,0.032258064516129,1.0,0.0625,1.0,0.0,0.2966666666666666,0.0234808210333526,10,183,0.6666666666666666,1.0,0.8,2,1,0.0,0.0,0.0,0.0,0.0,0,1,0,0,,,,0.2904486659681424,0.0,S4
standard_gnn,37,S4_weak_campaign,5,1.0,5,1,0,0,0.1428571428571428,1.0,0.25,1.0,0.0,1.0,1.0,0,186,0.8333333333333334,1.0,0.9090909090909092,5,1,1.0,1.0,1.0,1.0,1.0,1,1,0,10,0.050678041006904,0.0470657919649966,0.0033272500149905,0.4859933749539777,,S4
standard_gnn,11,S4_weak_campaign,10,1.0,10,1,0,0,0.216710182767624,1.0,0.3562231759656652,1.0,0.0,0.8952610441767069,0.8763016810193778,13,183,0.9090909090909092,1.0,0.9523809523809524,10,1,1.0,1.0,1.0,1.0,1.0,1,1,0,33,0.0461234580143354,0.0540634169592522,0.0037682499969378,0.4813655000180006,,S4
standard_gnn,37,S4_weak_campaign,2,1.0,2,1,0,0,0.0625,1.0,0.1176470588235294,1.0,0.0,1.0,1.0,0,186,0.6666666666666666,1.0,0.8,2,1,0.0,0.0,0.0,0.0,0.0,0,1,0,0,0.0332809999817982,0.0414435830316506,0.0031597920460626,0.4570047919987701,,S4
descriptor_clustering,41,S4_weak_campaign,2,0.75,2,1,0,0,0.0625,1.0,0.1176470588235294,1.0,0.0,0.9995833333333332,0.9929545454545454,0,168,0.6666666666666666,1.0,0.8,2,1,0.0,0.0,0.0,0.0,0.0,0,1,0,0,0.0348985830205492,,0.0018943330505862,0.3506611670018174,,S4
local_ids,53,S4_weak_campaign,10,0.75,10,1,0,0,0.2207792207792207,1.0,0.3617021276595745,1.0,0.0,0.9016470588235296,0.8809307286821759,15,181,0.9090909090909092,1.0,0.9523809523809524,10,1,0.0,0.0,0.0,0.0,0.0,0,1,0,0,,,,0.3781627089483663,0.0,S4
descriptor_clustering,83,S4_weak_campaign,10,0.75,10,1,0,0,0.2146596858638743,1.0,0.3534482758620689,1.0,0.0,0.9016260162601626,0.8957310100577668,12,193,0.9090909090909092,1.0,0.9523809523809524,10,1,1.0,0.0,1.0,0.0,1.0,2,1,0,24,0.0466417499701492,,0.0021344579872675,0.4406100829946808,,S4
local_ids,11,S4_weak_campaign,2,0.75,2,1,0,0,0.032258064516129,1.0,0.0625,1.0,0.0,0.2966666666666666,0.0234808210333526,10,183,0.6666666666666666,1.0,0.8,2,1,0.0,0.0,0.0,0.0,0.0,0,1,0,0,,,,0.2972387499758042,0.0,S4
local_ids,11,S4_weak_campaign,10,1.0,10,1,0,0,0.216710182767624,1.0,0.3562231759656652,1.0,0.0,0.8952610441767069,0.8763016810193778,13,183,0.9090909090909092,1.0,0.9523809523809524,10,1,0.0,0.0,0.0,0.0,0.0,0,1,0,0,,,,0.3732597499620169,0.0,S4
local_ids,53,S4_weak_campaign,5,0.75,5,1,0,0,0.127906976744186,1.0,0.2268041237113402,1.0,0.0,0.9382575757575756,0.9248454102500576,4,181,0.8333333333333334,1.0,0.9090909090909092,5,1,0.0,0.0,0.0,0.0,0.0,0,1,0,0,,,,0.4104497079970315,0.0,S4
standard_gnn,53,S4_weak_campaign,10,1.0,10,1,0,0,0.2207792207792207,1.0,0.3617021276595745,1.0,0.0,0.9016470588235296,0.8809307286821759,15,181,0.9090909090909092,1.0,0.9523809523809524,10,1,1.0,0.0,1.0,0.0,1.0,2,1,0,47,0.0459798329975456,0.0494437919696792,0.0036893329815939,0.4850952920387499,,S4
fcgnn,23,S4_weak_campaign,10,1.0,10,1,0,0,0.2443324937027707,1.0,0.3927125506072874,1.0,0.0,0.938831615120275,0.9477896736440004,7,174,0.9090909090909092,1.0,0.9523809523809524,10,1,1.0,1.0,1.0,1.0,1.0,1,1,0,78,0.0485605829744599,0.0527284170384518,0.0032050409936346,0.503553542017471,,S4
descriptor_clustering,37,S4_weak_campaign,10,1.0,10,1,0,0,0.2268041237113402,1.0,0.3697478991596639,1.0,0.0,0.9317045454545456,0.9295966707066368,8,186,0.9090909090909092,1.0,0.9523809523809524,10,1,1.0,1.0,1.0,1.0,1.0,1,1,0,79,0.045197041996289,,0.0022517499746754,0.5356288750190288,,S4
fcgnn,53,S4_weak_campaign,10,0.75,10,1,0,0,0.2207792207792207,1.0,0.3617021276595745,1.0,0.0,0.9016470588235296,0.8809307286821759,15,181,0.9090909090909092,1.0,0.9523809523809524,10,1,0.0,0.0,0.0,0.0,0.0,0,1,0,0,0.0427483330131508,0.0478882499737665,0.0030077080009505,0.4635031249490566,,S4
descriptor_clustering,41,S4_weak_campaign,2,1.0,2,1,0,0,0.0625,1.0,0.1176470588235294,1.0,0.0,0.9995833333333332,0.9929545454545454,0,168,0.6666666666666666,1.0,0.8,2,1,0.0,0.0,0.0,0.0,0.0,0,1,0,0,0.0371550830313935,,0.0018583750352263,0.3621537499711849,,S4
descriptor_clustering,97,S4_weak_campaign,2,0.75,2,1,0,0,0.0625,1.0,0.1176470588235294,1.0,0.0,1.0,1.0,0,177,0.6666666666666666,1.0,0.8,2,1,0.0,0.0,0.0,0.0,0.0,0,1,0,0,0.0364724159589968,,0.001725832989905,0.3574462920078076,,S4
local_ids,11,S4_weak_campaign,10,0.75,10,1,0,0,0.216710182767624,1.0,0.3562231759656652,1.0,0.0,0.8952610441767069,0.8763016810193778,13,183,0.9090909090909092,1.0,0.9523809523809524,10,1,0.0,0.0,0.0,0.0,0.0,0,1,0,0,,,,0.4658194580115378,0.0,S4
descriptor_clustering,71,S4_weak_campaign,10,1.0,10,1,0,0,0.20844327176781,1.0,0.3449781659388646,1.0,0.0,0.8273628691983123,0.8190791284936939,19,178,0.9090909090909092,1.0,0.9523809523809524,10,1,1.0,1.0,1.0,1.0,1.0,1,1,0,73,0.0461665000184439,,0.0021692080190405,0.4415847919881344,,S4
descriptor_clustering,53,S4_weak_campaign,2,0.75,2,1,0,0,0.0625,1.0,0.1176470588235294,1.0,0.0,1.0,1.0,0,181,0.6666666666666666,1.0,0.8,2,1,0.0,0.0,0.0,0.0,0.0,0,1,0,0,0.037117792002391,,0.0021043339511379,0.3611268749809824,,S4
standard_gnn,37,S4_weak_campaign,10,1.0,10,1,0,0,0.2268041237113402,1.0,0.3697478991596639,1.0,0.0,0.9317045454545456,0.9295966707066368,8,186,0.9090909090909092,1.0,0.9523809523809524,10,1,1.0,1.0,1.0,1.0,1.0,1,1,0,26,0.0479041659855283,0.0497717499965801,0.0036939159617759,0.4937505829730071,,S4
standard_gnn,67,S4_weak_campaign,10,1.0,10,1,0,0,0.216710182767624,1.0,0.3562231759656652,1.0,0.0,0.7198995983935744,0.699996716923434,33,175,0.9090909090909092,1.0,0.9523809523809524,10,1,1.0,0.0,1.0,0.0,1.0,3,1,0,36,0.0476899999775923,0.049166792014148,0.004651500028558,0.4851809589890763,,S4
descriptor_clustering,11,S4_weak_campaign,5,0.75,5,1,0,0,0.1176470588235294,1.0,0.2105263157894736,1.0,0.0,0.8229166666666666,0.7634228753635028,10,183,0.8333333333333334,1.0,0.9090909090909092,5,1,0.0,0.0,0.0,0.0,0.0,0,1,0,0,0.039294208982028,,0.0020709580276161,0.3790617499616928,,S4
local_ids,83,S4_weak_campaign,10,1.0,10,1,0,0,0.2146596858638743,1.0,0.3534482758620689,1.0,0.0,0.9016260162601626,0.8957310100577668,12,193,0.9090909090909092,1.0,0.9523809523809524,10,1,0.0,0.0,0.0,0.0,0.0,0,1,0,0,,,,0.375574207981117,0.0,S4
standard_gnn,41,S4_weak_campaign,5,1.0,5,1,0,0,0.1428571428571428,1.0,0.25,1.0,0.0,0.9998333333333332,0.9988307692307692,0,168,0.8333333333333334,1.0,0.9090909090909092,5,1,1.0,1.0,1.0,1.0,1.0,1,1,0,13,0.041559082979802,0.0462939999997615,0.0030177499866113,0.4352711660321802,,S4
local_ids,41,S4_weak_campaign,10,0.75,10,1,0,0,0.2227979274611398,1.0,0.3644067796610169,1.0,0.0,0.9591666666666668,0.9525916091358956,6,168,0.9090909090909092,1.0,0.9523809523809524,10,1,0.0,0.0,0.0,0.0,0.0,0,1,0,0,,,,0.3793363330187276,0.0,S4
fcgnn,11,S4_weak_campaign,2,0.75,2,1,0,0,0.032258064516129,1.0,0.0625,1.0,0.0,0.2966666666666666,0.0234808210333526,10,183,0.6666666666666666,1.0,0.8,2,1,0.0,0.0,0.0,0.0,0.0,0,1,0,0,0.1198737500235438,0.0518734590150415,0.0038377079763449,0.4749162499792874,,S4
descriptor_clustering,67,S4_weak_campaign,5,0.75,5,1,0,0,0.1176470588235294,1.0,0.2105263157894736,1.0,0.0,0.6222916666666667,0.5596791882836308,20,175,0.8333333333333334,1.0,0.9090909090909092,5,1,1.0,1.0,1.0,1.0,1.0,1,1,0,34,0.0394575830432586,,0.0019464999786578,0.4743221669923514,,S4
descriptor_clustering,11,S4_weak_campaign,10,0.75,10,1,0,0,0.216710182767624,1.0,0.3562231759656652,1.0,0.0,0.8952610441767069,0.8763016810193778,13,183,0.9090909090909092,1.0,0.9523809523809524,10,1,1.0,0.0,1.0,0.0,1.0,2,1,0,82,0.0446374589810147,,0.0019681250560097,0.4324994999915361,,S4
local_ids,41,S4_weak_campaign,2,0.75,2,1,0,0,0.0625,1.0,0.1176470588235294,1.0,0.0,0.9995833333333332,0.9929545454545454,0,168,0.6666666666666666,1.0,0.8,2,1,0.0,0.0,0.0,0.0,0.0,0,1,0,0,,,,0.4055946660228073,0.0,S4
descriptor_clustering,97,S4_weak_campaign,2,1.0,2,1,0,0,0.0625,1.0,0.1176470588235294,1.0,0.0,1.0,1.0,0,177,0.6666666666666666,1.0,0.8,2,1,0.0,0.0,0.0,0.0,0.0,0,1,0,0,0.0374917080043815,,0.0018886670004576,0.3633238750044256,,S4
standard_gnn,97,S4_weak_campaign,5,0.75,5,1,0,0,0.1428571428571428,1.0,0.25,1.0,0.0,1.0,1.0,0,177,0.8333333333333334,1.0,0.9090909090909092,5,1,0.0,0.0,0.0,0.0,0.0,0,1,0,0,0.0376328750280663,0.0441473749815486,0.0029741660109721,0.4129385420237668,,S4
descriptor_clustering,11,S4_weak_campaign,10,1.0,10,1,0,0,0.216710182767624,1.0,0.3562231759656652,1.0,0.0,0.8952610441767069,0.8763016810193778,13,183,0.9090909090909092,1.0,0.9523809523809524,10,1,1.0,0.0,1.0,0.0,1.0,2,1,0,83,0.0455276249558664,,0.0020133329671807,0.5348635829868726,,S4
standard_gnn,23,S4_weak_campaign,2,0.75,2,1,0,0,0.0625,1.0,0.1176470588235294,1.0,0.0,1.0,1.0,0,174,0.6666666666666666,1.0,0.8,2,1,0.0,0.0,0.0,0.0,0.0,0,1,0,0,0.0367939579882659,0.0462733329623006,0.0029402499785646,0.4015570839983411,,S4
standard_gnn,97,S4_weak_campaign,5,1.0,5,1,0,0,0.1428571428571428,1.0,0.25,1.0,0.0,1.0,1.0,0,177,0.8333333333333334,1.0,0.9090909090909092,5,1,1.0,1.0,1.0,1.0,1.0,1,1,0,22,0.0406626249896362,0.049268500006292,0.0030768329743295,0.4427501250174828,,S4
descriptor_clustering,11,S4_weak_campaign,5,0.75,5,1,0,0,0.1176470588235294,1.0,0.2105263157894736,1.0,0.0,0.8229166666666666,0.7634228753635028,10,183,0.8333333333333334,1.0,0.9090909090909092,5,1,0.0,0.0,0.0,0.0,0.0,0,1,0,0,0.0386171249556355,,0.0020428749849088,0.472174874972552,,S4
standard_gnn,23,S4_weak_campaign,10,0.75,10,1,0,0,0.2443324937027707,1.0,0.3927125506072874,1.0,0.0,0.938831615120275,0.9477896736440004,7,174,0.9090909090909092,1.0,0.9523809523809524,10,1,0.0,0.0,0.0,0.0,0.0,0,1,0,0,0.0441026660264469,0.0431975839892402,0.0038075000047683,0.474879166984465,,S4
standard_gnn,71,S4_weak_campaign,5,0.75,5,1,0,0,0.1071428571428571,1.0,0.1935483870967742,1.0,0.0,0.6724537037037036,0.6075332672275342,16,178,0.8333333333333334,1.0,0.9090909090909092,5,1,1.0,1.0,1.0,1.0,1.0,1,1,0,17,0.0402197079965844,0.045982957992237,0.003772875003051,0.5152208330109715,,S4
descriptor_clustering,97,S4_weak_campaign,10,1.0,10,1,0,0,0.25,1.0,0.4,1.0,0.0,0.9998,0.9994339622641508,0,177,0.9090909090909092,1.0,0.9523809523809524,10,1,1.0,1.0,1.0,1.0,1.0,1,1,0,100,0.0443419159855693,,0.0020826670224778,0.4291159170097671,,S4
descriptor_clustering,53,S4_weak_campaign,5,0.75,5,1,0,0,0.127906976744186,1.0,0.2268041237113402,1.0,0.0,0.9382575757575756,0.9248454102500576,4,181,0.8333333333333334,1.0,0.9090909090909092,5,1,1.0,1.0,1.0,1.0,1.0,1,1,0,91,0.037068250006996,,0.0019365830230526,0.3671358329593204,,S4
local_ids,23,S4_weak_campaign,10,1.0,10,1,0,0,0.2443324937027707,1.0,0.3927125506072874,1.0,0.0,0.938831615120275,0.9477896736440004,7,174,0.9090909090909092,1.0,0.9523809523809524,10,1,0.0,0.0,0.0,0.0,0.0,0,1,0,0,,,,0.456981583032757,0.0,S4
local_ids,97,S4_weak_campaign,2,1.0,2,1,0,0,0.0625,1.0,0.1176470588235294,1.0,0.0,1.0,1.0,0,177,0.6666666666666666,1.0,0.8,2,1,0.0,0.0,0.0,0.0,0.0,0,1,0,0,,,,0.3039654999738559,0.0,S4
local_ids,97,S4_weak_campaign,5,1.0,5,1,0,0,0.1428571428571428,1.0,0.25,1.0,0.0,1.0,1.0,0,177,0.8333333333333334,1.0,0.9090909090909092,5,1,0.0,0.0,0.0,0.0,0.0,0,1,0,0,,,,0.3320011659525335,0.0,S4
local_ids,101,S4_weak_campaign,2,1.0,2,1,0,0,0.0625,1.0,0.1176470588235294,1.0,0.0,0.9978333333333332,0.975037037037037,0,175,0.6666666666666666,1.0,0.8,2,1,0.0,0.0,0.0,0.0,0.0,0,1,0,0,,,,0.3065612089703791,0.0,S4
local_ids,23,S4_weak_campaign,5,1.0,5,1,0,0,0.1428571428571428,1.0,0.25,1.0,0.0,1.0,1.0,0,174,0.8333333333333334,1.0,0.9090909090909092,5,1,0.0,0.0,0.0,0.0,0.0,0,1,0,0,,,,0.3285519169876352,0.0,S4
fcgnn,101,S4_weak_campaign,5,1.0,5,1,0,0,0.1071428571428571,1.0,0.1935483870967742,1.0,0.0,0.877962962962963,0.8467500065094471,6,175,0.8333333333333334,1.0,0.9090909090909092,5,1,1.0,1.0,1.0,1.0,1.0,1,1,0,28,0.039450958953239,0.0500105419778265,0.0049044160405173,0.4332772920024581,,S4
standard_gnn,53,S4_weak_campaign,10,0.75,10,1,0,0,0.2207792207792207,1.0,0.3617021276595745,1.0,0.0,0.9016470588235296,0.8809307286821759,15,181,0.9090909090909092,1.0,0.9523809523809524,10,1,0.0,0.0,0.0,0.0,0.0,0,1,0,0,0.0434383749961853,0.0422281670034863,0.0030046669999137,0.6208470000419766,,S4
fcgnn,23,S4_weak_campaign,10,0.75,10,1,0,0,0.2443324937027707,1.0,0.3927125506072874,1.0,0.0,0.938831615120275,0.9477896736440004,7,174,0.9090909090909092,1.0,0.9523809523809524,10,1,1.0,0.0,1.0,0.0,1.0,2,1,0,23,0.0439605829888023,0.0472532500280067,0.0040450419764965,0.4703310409677215,,S4
local_ids,37,S4_weak_campaign,5,1.0,5,1,0,0,0.1428571428571428,1.0,0.25,1.0,0.0,1.0,1.0,0,186,0.8333333333333334,1.0,0.9090909090909092,5,1,0.0,0.0,0.0,0.0,0.0,0,1,0,0,,,,0.3400219589821063,0.0,S4
local_ids,37,S4_weak_campaign,5,0.75,5,1,0,0,0.1428571428571428,1.0,0.25,1.0,0.0,1.0,1.0,0,186,0.8333333333333334,1.0,0.9090909090909092,5,1,0.0,0.0,0.0,0.0,0.0,0,1,0,0,,,,0.3357936659594998,0.0,S4
descriptor_clustering,101,S4_weak_campaign,10,0.75,10,1,0,0,0.2227979274611398,1.0,0.3644067796610169,1.0,0.0,0.9486434108527132,0.9475804296990528,6,175,0.9090909090909092,1.0,0.9523809523809524,10,1,1.0,0.0,1.0,0.0,1.0,4,1,0,57,0.0449097920209169,,0.002062042010948,0.504804875003174,,S4
local_ids,67,S4_weak_campaign,5,1.0,5,1,0,0,0.1176470588235294,1.0,0.2105263157894736,1.0,0.0,0.6222916666666667,0.5596791882836308,20,175,0.8333333333333334,1.0,0.9090909090909092,5,1,0.0,0.0,0.0,0.0,0.0,0,1,0,0,,,,0.3263184999814257,0.0,S4
local_ids,67,S4_weak_campaign,5,0.75,5,1,0,0,0.1176470588235294,1.0,0.2105263157894736,1.0,0.0,0.6222916666666667,0.5596791882836308,20,175,0.8333333333333334,1.0,0.9090909090909092,5,1,0.0,0.0,0.0,0.0,0.0,0,1,0,0,,,,0.3207760410150513,0.0,S4
descriptor_clustering,11,S4_weak_campaign,2,1.0,2,1,0,0,0.032258064516129,1.0,0.0625,1.0,0.0,0.2966666666666666,0.0234808210333526,10,183,0.6666666666666666,1.0,0.8,2,1,0.0,0.0,0.0,0.0,0.0,0,1,0,0,0.0348174170358106,,0.0019690420012921,0.3455846669967286,,S4
standard_gnn,101,S4_weak_campaign,2,0.75,2,1,0,0,0.0625,1.0,0.1176470588235294,1.0,0.0,0.9978333333333332,0.975037037037037,0,175,0.6666666666666666,1.0,0.8,2,1,0.0,0.0,0.0,0.0,0.0,0,1,0,0,0.0367589170346036,0.046072750003077,0.002392167050857,0.4016182910418138,,S4
