method,seed,scenario_key,campaign_size,coordination_strength,tp,fp,tn,fn,precision,recall,f1,fpr,fnr,roc_auc,pr_auc,weak_malicious_recovered,weak_benign_promoted,vehicle_precision,vehicle_recall,vehicle_f1,attacked_vehicles_recovered,benign_vehicles_incorrectly_included,campaign_detection_rate,campaign_precision,campaign_recall,campaign_f1,false_campaign_alert_rate,n_detected_campaign_clusters,n_ground_truth_campaigns,incorrect_campaign_merging,coordinated_events,runtime_graph_construction_sec,runtime_gnn_inference_sec,runtime_clustering_sec,runtime_total_sec,experiment,attack_strength,attacked_model_diversity,total_fleet_size,expected_total_nodes,descriptors_per_vehicle,graph_nodes,attacked_vehicle_count,platform_composition,within_model_attack_similarity,cross_model_attack_similarity,campaign_similarity,benign_cross_model_similarity,malicious_minus_benign_cross_sim,cross_model_edges,same_model_edges,cross_model_edge_percentage,graph_unique_undirected_edges,graph_pyg_stored_edges,graph_directed_status,graph_average_degree,graph_median_degree,graph_graph_density,graph_isolated_nodes,graph_isolated_node_percentage,graph_connected_components,graph_largest_component_size,graph_cross_vehicle_edges,graph_same_vehicle_edges,graph_cross_vehicle_edge_percentage,graph_similarity_threshold,graph_top_k_same_vehicle,graph_top_k_cross_vehicle,graph_graph_construction_time_sec,run_id,runtime_local_ids_sec
fcgnn,71,campaign_size_corrected_weak,2,1.0,2,18,0,0,0.05,1.0,0.0952380952380952,1.0,0.0,0.2478947368421052,0.034460707147154,10,99,0.1,1.0,0.1818181818181818,2,18,0.0,0.0,0.0,0.0,0.0,0,1,0,0,0.0327352080494165,0.0332603339920751,0.0015802080160938,1.105618458997924,campaign_size_corrected,weak,2,20,200,10,200,2,"Hyundai=1,Kia=1",9.852656863554136,9.911616656131978,9.090831562128855,1.998754313469808,7.912862342662169,0,0,0.0,436.0,872.0,undirected_nx_bidirectional_pyg,4.36,4.0,0.02190955,16.0,8.0,27.0,129.0,46.0,390.0,10.5505,0.95,10.0,5.0,0.032329,campaign_size_corrected_weak_n2_fcgnn_seed71_20260611T122947_c31fb8b1,
descriptor_clustering,71,campaign_size_corrected_strong,5,1.0,5,15,0,0,0.125,1.0,0.2222222222222222,1.0,0.0,0.84,0.3614170976272448,0,100,0.25,1.0,0.4,5,15,1.0,0.0,1.0,0.0,1.0,3,1,0,46,0.0330194999696686,,0.0014377079787664,1.1632287499960512,campaign_size_corrected,strong,3,20,200,10,200,5,"Chevrolet=1,Hyundai=2,Kia=2",12.096648986226468,11.859705264203177,10.837709968945346,3.612906508536364,8.246798755666813,0,0,0.0,689.0,1378.0,undirected_nx_bidirectional_pyg,6.89,5.0,0.03462312,13.0,6.5,22.0,107.0,121.0,568.0,17.5617,0.95,10.0,5.0,0.032641,campaign_size_corrected_strong_n5_descriptor_clustering_seed71_20260611T122812_4e56660f,
descriptor_clustering,37,campaign_size_corrected_weak,2,1.0,2,18,0,0,0.05,1.0,0.0952380952380952,1.0,0.0,0.2326315789473684,0.0337142526566534,10,96,0.1,1.0,0.1818181818181818,2,18,0.0,0.0,0.0,0.0,0.0,0,1,0,0,0.0310588329448364,,0.0013910420238971,1.0481666660052724,campaign_size_corrected,weak,2,20,200,10,200,2,"Hyundai=1,Kia=1",10.016484132724536,10.112565158436094,9.454478206905083,1.288933997277148,8.823631161158946,0,0,0.0,489.0,978.0,undirected_nx_bidirectional_pyg,4.89,4.0,0.02457286,25.0,12.5,38.0,125.0,52.0,437.0,10.6339,0.95,10.0,5.0,0.030459,campaign_size_corrected_weak_n2_descriptor_clustering_seed37_20260611T122927_efeaf237,
standard_gnn,83,campaign_size_corrected_strong,5,1.0,5,15,0,0,0.125,1.0,0.2222222222222222,1.0,0.0,0.8670857142857142,0.4103823791529119,0,102,0.25,1.0,0.4,5,15,1.0,1.0,1.0,1.0,1.0,1,1,0,10,0.0312804999994114,0.0310580420191399,0.0023036249913275,1.1761023749713786,campaign_size_corrected,strong,3,20,200,10,200,5,"Chevrolet=1,Hyundai=2,Kia=2",12.37207707440465,12.194986777442708,11.313948233498088,4.355681650124297,7.83930512731841,0,0,0.0,676.0,1352.0,undirected_nx_bidirectional_pyg,6.76,4.5,0.03396985,26.0,13.0,38.0,93.0,87.0,589.0,12.8698,0.95,10.0,5.0,0.030898,campaign_size_corrected_strong_n5_standard_gnn_seed83_20260611T122818_259ace87,
descriptor_clustering,71,campaign_size_corrected_weak,10,1.0,10,10,0,0,0.25,1.0,0.4,1.0,0.0,0.2431333333333333,0.1674488139027956,50,67,0.5,1.0,0.6666666666666666,10,10,1.0,1.0,1.0,1.0,1.0,1,1,0,48,0.0329341249889694,,0.0015066670021042,1.1584416250116192,campaign_size_corrected,weak,2,20,200,10,200,10,"Hyundai=5,Kia=5",12.244051599492176,12.22088042127893,11.542741457836236,2.9879784688153346,9.232901952463594,0,0,0.0,656.0,1312.0,undirected_nx_bidirectional_pyg,6.56,7.0,0.03296482,13.0,6.5,22.0,100.0,156.0,500.0,23.7805,0.95,10.0,5.0,0.032455,campaign_size_corrected_weak_n10_descriptor_clustering_seed71_20260611T123117_328d32fe,
fcgnn,97,campaign_size_corrected_weak,10,1.0,10,10,0,0,0.25,1.0,0.4,1.0,0.0,0.1935333333333333,0.1587331160432976,50,65,0.5,1.0,0.6666666666666666,10,10,1.0,1.0,1.0,1.0,1.0,1,1,0,24,0.0322658329969272,0.0396839579916559,0.0023619579733349,1.181654166954104,campaign_size_corrected,weak,2,20,200,10,200,10,"Hyundai=5,Kia=5",13.101742262832232,13.10650584943028,12.473171348940545,4.171104053455096,8.935401795975183,0,0,0.0,694.0,1388.0,undirected_nx_bidirectional_pyg,6.94,8.0,0.03487437,24.0,12.0,32.0,100.0,166.0,528.0,23.9193,0.95,10.0,5.0,0.031867,campaign_size_corrected_weak_n10_fcgnn_seed97_20260611T123129_89c7cfff,
standard_gnn,23,campaign_size_corrected_strong,5,1.0,5,15,0,0,0.125,1.0,0.2222222222222222,1.0,0.0,0.8300571428571428,0.3896175445821414,0,93,0.25,1.0,0.4,5,15,0.0,0.0,0.0,0.0,0.0,0,1,0,0,0.0304338330170139,0.0335085829719901,0.0023425830295309,1.1097188330022618,campaign_size_corrected,strong,3,20,200,10,200,5,"Chevrolet=1,Hyundai=2,Kia=2",12.204286246662654,11.799374863790064,11.32477965291932,4.3756830974515335,7.42369176633853,0,0,0.0,730.0,1460.0,undirected_nx_bidirectional_pyg,7.3,6.0,0.03668342,17.0,8.5,30.0,78.0,72.0,658.0,9.863,0.95,10.0,5.0,0.030056,campaign_size_corrected_strong_n5_standard_gnn_seed23_20260611T122750_5be650e1,
fcgnn,37,campaign_size_corrected_weak,10,1.0,10,10,0,0,0.25,1.0,0.4,1.0,0.0,0.1806666666666666,0.1574229482933574,50,62,0.5,1.0,0.6666666666666666,10,10,1.0,1.0,1.0,1.0,1.0,1,1,0,35,0.0300284579861909,0.0424377089948393,0.0022784580360166,1.1652532499865629,campaign_size_corrected,weak,2,20,200,10,200,10,"Hyundai=5,Kia=5",23.98820826296644,24.00167122821971,23.36327377691249,6.837963915569376,17.163707312650335,0,0,0.0,746.0,1492.0,undirected_nx_bidirectional_pyg,7.46,8.0,0.03748744,24.0,12.0,38.0,100.0,162.0,584.0,21.7158,0.95,10.0,5.0,0.029655,campaign_size_corrected_weak_n10_fcgnn_seed37_20260611T123100_27312343,
descriptor_clustering,23,campaign_size_corrected_strong,2,1.0,2,18,0,0,0.05,1.0,0.0952380952380952,1.0,0.0,0.8073684210526315,0.2304732630436855,0,100,0.1,1.0,0.1818181818181818,2,18,1.0,1.0,1.0,1.0,1.0,1,1,0,11,0.0326639169943518,,0.0015665420214645,1.0498179579735734,campaign_size_corrected,strong,2,20,200,10,200,2,"Chevrolet=1,Hyundai=1",13.062333131708334,12.444172538076211,12.488658095525814,1.215649706027496,11.228522832048718,0,0,0.0,507.0,1014.0,undirected_nx_bidirectional_pyg,5.07,5.0,0.02547739,14.0,7.0,22.0,133.0,40.0,467.0,7.8895,0.95,10.0,5.0,0.032226,campaign_size_corrected_strong_n2_descriptor_clustering_seed23_20260611T122705_5db30cad,
local_ids,37,campaign_size_corrected_strong,5,1.0,5,15,0,0,0.125,1.0,0.2222222222222222,1.0,0.0,0.8400000000000001,0.3815299419108788,0,85,0.25,1.0,0.4,5,15,0.0,0.0,0.0,0.0,0.0,0,1,0,0,,,,1.0515815829858184,campaign_size_corrected,strong,3,20,200,10,200,5,"Chevrolet=1,Hyundai=2,Kia=2",12.104108558035378,11.984887191641633,10.956331543477033,3.8892416785949986,8.095645513046634,0,0,0.0,,,,,,,,,,,,,,,,,,campaign_size_corrected_strong_n5_local_ids_seed37_20260611T122753_6f90c691,0.0
standard_gnn,11,campaign_size_corrected_strong,2,1.0,2,18,0,0,0.05,1.0,0.0952380952380952,1.0,0.0,0.8860526315789474,0.3331095974281385,0,103,0.1,1.0,0.1818181818181818,2,18,1.0,0.0,1.0,0.0,1.0,2,1,0,60,0.031100292049814,0.1831936669768765,0.0107036249828524,1.236930167011451,campaign_size_corrected,strong,2,20,200,10,200,2,"Hyundai=1,Kia=1",12.288728436736523,12.145340650280485,11.549667328595309,-3.91842761607186,16.063768266352344,0,0,0.0,535.0,1070.0,undirected_nx_bidirectional_pyg,5.35,4.5,0.02688442,28.0,14.0,39.0,124.0,75.0,460.0,14.0187,0.95,10.0,5.0,0.030704,campaign_size_corrected_strong_n2_standard_gnn_seed11_20260611T122701_eaa74532,
descriptor_clustering,83,campaign_size_corrected_strong,5,1.0,5,15,0,0,0.125,1.0,0.2222222222222222,1.0,0.0,0.8670857142857142,0.4103823791529119,0,102,0.25,1.0,0.4,5,15,0.0,0.0,0.0,0.0,0.0,0,1,0,0,0.0289590419852174,,0.001592457992956,1.063937166996766,campaign_size_corrected,strong,3,20,200,10,200,5,"Chevrolet=1,Hyundai=2,Kia=2",12.37207707440465,12.194986777442708,11.313948233498088,4.355681650124297,7.83930512731841,0,0,0.0,676.0,1352.0,undirected_nx_bidirectional_pyg,6.76,4.5,0.03396985,26.0,13.0,38.0,93.0,87.0,589.0,12.8698,0.95,10.0,5.0,0.028589,campaign_size_corrected_strong_n5_descriptor_clustering_seed83_20260611T122816_9b02d21d,
local_ids,83,campaign_size_corrected_weak,2,1.0,2,18,0,0,0.05,1.0,0.0952380952380952,1.0,0.0,0.1463157894736842,0.0311216467568626,10,96,0.1,1.0,0.1818181818181818,2,18,0.0,0.0,0.0,0.0,0.0,0,1,0,0,,,,1.0202750839525834,campaign_size_corrected,weak,2,20,200,10,200,2,"Hyundai=1,Kia=1",10.147123873492228,10.123857958274924,9.027071171201818,1.8417917028379984,8.282066255436925,0,0,0.0,,,,,,,,,,,,,,,,,,campaign_size_corrected_weak_n2_local_ids_seed83_20260611T122948_d7fe48d1,0.0
local_ids,23,campaign_size_corrected_strong,2,1.0,2,18,0,0,0.05,1.0,0.0952380952380952,1.0,0.0,0.8073684210526315,0.2304732630436855,0,100,0.1,1.0,0.1818181818181818,2,18,0.0,0.0,0.0,0.0,0.0,0,1,0,0,,,,1.011894166993443,campaign_size_corrected,strong,2,20,200,10,200,2,"Chevrolet=1,Hyundai=1",13.062333131708334,12.444172538076211,12.488658095525814,1.215649706027496,11.228522832048718,0,0,0.0,,,,,,,,,,,,,,,,,,campaign_size_corrected_strong_n2_local_ids_seed23_20260611T122704_0b170656,0.0
descriptor_clustering,97,campaign_size_corrected_strong,10,1.0,10,10,0,0,0.25,1.0,0.4,1.0,0.0,0.818,0.5144007693967566,0,82,0.5,1.0,0.6666666666666666,10,10,1.0,0.0,1.0,0.0,1.0,3,1,0,103,0.0321537909912876,,0.0013629579916596,1.1266317500267178,campaign_size_corrected,strong,3,20,200,10,200,10,"Chevrolet=3,Hyundai=4,Kia=3",201.10644689874417,200.92453164240467,200.092705352627,95.86401492294328,105.0605167194614,0,0,0.0,944.0,1888.0,undirected_nx_bidirectional_pyg,9.44,11.5,0.04743719,17.0,8.5,31.0,100.0,268.0,676.0,28.3898,0.95,10.0,5.0,0.031741,campaign_size_corrected_strong_n10_descriptor_clustering_seed97_20260611T122908_52fc4499,
local_ids,71,campaign_size_corrected_strong,2,1.0,2,18,0,0,0.05,1.0,0.0952380952380952,1.0,0.0,0.8213157894736842,0.178911259126076,0,105,0.1,1.0,0.1818181818181818,2,18,0.0,0.0,0.0,0.0,0.0,0,1,0,0,,,,1.088921541988384,campaign_size_corrected,strong,2,20,200,10,200,2,"Hyundai=1,Kia=1",12.401129269839362,12.41730489544279,11.381942598101736,1.598194684601112,10.81911021084168,0,0,0.0,,,,,,,,,,,,,,,,,,campaign_size_corrected_strong_n2_local_ids_seed71_20260611T122726_8d3f38f1,0.0
standard_gnn,23,campaign_size_corrected_weak,5,1.0,5,15,0,0,0.125,1.0,0.2222222222222222,1.0,0.0,0.2436571428571428,0.0827801187040071,25,86,0.25,1.0,0.4,5,15,0.0,0.0,0.0,0.0,0.0,0,1,0,0,0.0310922089847736,0.0311077499645762,0.0014618749846704,1.1005119999754245,campaign_size_corrected,weak,2,20,200,10,200,5,"Hyundai=3,Kia=2",13.105678737444496,13.1168229937943,12.392908592248665,1.736617762131846,11.380205231662456,0,0,0.0,550.0,1100.0,undirected_nx_bidirectional_pyg,5.5,4.0,0.02763819,17.0,8.5,27.0,105.0,90.0,460.0,16.3636,0.95,10.0,5.0,0.030729,campaign_size_corrected_weak_n5_standard_gnn_seed23_20260611T123008_3f224725,
fcgnn,11,campaign_size_corrected_strong,2,1.0,2,18,0,0,0.05,1.0,0.0952380952380952,1.0,0.0,0.8860526315789474,0.3331095974281385,0,103,0.1,1.0,0.1818181818181818,2,18,1.0,0.0,1.0,0.0,1.0,2,1,0,52,0.0331701670074835,0.0520446670125238,0.0028208339936099,1.1899131249519996,campaign_size_corrected,strong,2,20,200,10,200,2,"Hyundai=1,Kia=1",12.288728436736523,12.145340650280485,11.549667328595309,-3.91842761607186,16.063768266352344,0,0,0.0,535.0,1070.0,undirected_nx_bidirectional_pyg,5.35,4.5,0.02688442,28.0,14.0,39.0,124.0,75.0,460.0,14.0187,0.95,10.0,5.0,0.032788,campaign_size_corrected_strong_n2_fcgnn_seed11_20260611T122703_3912574d,
descriptor_clustering,71,campaign_size_corrected_strong,2,1.0,2,18,0,0,0.05,1.0,0.0952380952380952,1.0,0.0,0.8213157894736842,0.178911259126076,0,105,0.1,1.0,0.1818181818181818,2,18,1.0,0.0,1.0,0.0,1.0,2,1,0,24,0.0293726670206524,,0.0014973750221543,1.0476443340303376,campaign_size_corrected,strong,2,20,200,10,200,2,"Hyundai=1,Kia=1",12.401129269839362,12.41730489544279,11.381942598101736,1.598194684601112,10.81911021084168,0,0,0.0,446.0,892.0,undirected_nx_bidirectional_pyg,4.46,4.0,0.02241206,16.0,8.0,27.0,129.0,52.0,394.0,11.6592,0.95,10.0,5.0,0.028999,campaign_size_corrected_strong_n2_descriptor_clustering_seed71_20260611T122727_68aff24b,
local_ids,37,campaign_size_corrected_strong,10,1.0,10,10,0,0,0.25,1.0,0.4,1.0,0.0,0.7941333333333334,0.4738805763448731,0,76,0.5,1.0,0.6666666666666666,10,10,0.0,0.0,0.0,0.0,0.0,0,1,0,0,,,,1.10220537497662,campaign_size_corrected,strong,3,20,200,10,200,10,"Chevrolet=3,Hyundai=4,Kia=3",200.90739431389335,200.77605408684744,199.80884549124784,93.86608716770375,106.90996691914368,0,0,0.0,,,,,,,,,,,,,,,,,,campaign_size_corrected_strong_n10_local_ids_seed37_20260611T122839_bff3ae72,0.0
local_ids,67,campaign_size_corrected_weak,10,1.0,10,10,0,0,0.25,1.0,0.4,1.0,0.0,0.2296,0.1639389887953379,50,77,0.5,1.0,0.6666666666666666,10,10,0.0,0.0,0.0,0.0,0.0,0,1,0,0,,,,1.0974690829752944,campaign_size_corrected,weak,2,20,200,10,200,10,"Hyundai=5,Kia=5",13.10855817751316,13.119967832446047,12.433803239746602,3.2313382595564835,9.888629572889563,0,0,0.0,,,,,,,,,,,,,,,,,,campaign_size_corrected_weak_n10_local_ids_seed67_20260611T123111_eaf214a4,0.0
fcgnn,71,campaign_size_corrected_weak,10,1.0,10,10,0,0,0.25,1.0,0.4,1.0,0.0,0.2431333333333333,0.1674488139027956,50,67,0.5,1.0,0.6666666666666666,10,10,1.0,1.0,1.0,1.0,1.0,1,1,0,24,0.0313915000297129,0.0396559999790042,0.0022962500224821,1.2490986660122871,campaign_size_corrected,weak,2,20,200,10,200,10,"Hyundai=5,Kia=5",12.244051599492176,12.22088042127893,11.542741457836236,2.9879784688153346,9.232901952463594,0,0,0.0,656.0,1312.0,undirected_nx_bidirectional_pyg,6.56,7.0,0.03296482,13.0,6.5,22.0,100.0,156.0,500.0,23.7805,0.95,10.0,5.0,0.031005,campaign_size_corrected_weak_n10_fcgnn_seed71_20260611T123119_861fcfd8,
fcgnn,37,campaign_size_corrected_strong,5,1.0,5,15,0,0,0.125,1.0,0.2222222222222222,1.0,0.0,0.8400000000000001,0.3815299419108788,0,85,0.25,1.0,0.4,5,15,1.0,1.0,1.0,1.0,1.0,1,1,0,41,0.0314633339876309,0.0407835830119438,0.0029164589941501,1.126048207981512,campaign_size_corrected,strong,3,20,200,10,200,5,"Chevrolet=1,Hyundai=2,Kia=2",12.104108558035378,11.984887191641633,10.956331543477033,3.8892416785949986,8.095645513046634,0,0,0.0,662.0,1324.0,undirected_nx_bidirectional_pyg,6.62,5.0,0.03326633,25.0,12.5,34.0,87.0,145.0,517.0,21.9033,0.95,10.0,5.0,0.03109,campaign_size_corrected_strong_n5_fcgnn_seed37_20260611T122756_d31bcd97,
local_ids,53,campaign_size_corrected_weak,2,1.0,2,18,0,0,0.05,1.0,0.0952380952380952,1.0,0.0,0.2136842105263157,0.0330705357870486,10,106,0.1,1.0,0.1818181818181818,2,18,0.0,0.0,0.0,0.0,0.0,0,1,0,0,,,,1.234459625033196,campaign_size_corrected,weak,2,20,200,10,200,2,"Hyundai=1,Kia=1",12.298829153860158,12.195079160523823,11.167675578252236,1.1695601455029252,11.0255190150209,0,0,0.0,,,,,,,,,,,,,,,,,,campaign_size_corrected_weak_n2_local_ids_seed53_20260611T122934_b8088f2d,0.0
local_ids,23,campaign_size_corrected_weak,2,1.0,2,18,0,0,0.05,1.0,0.0952380952380952,1.0,0.0,0.2471052631578947,0.0346128464163839,10,100,0.1,1.0,0.1818181818181818,2,18,0.0,0.0,0.0,0.0,0.0,0,1,0,0,,,,1.0045377910137177,campaign_size_corrected,weak,2,20,200,10,200,2,"Hyundai=1,Kia=1",12.50284517284831,12.525065458770936,11.772579213120627,1.2090452117917447,11.316020246979193,0,0,0.0,,,,,,,,,,,,,,,,,,campaign_size_corrected_weak_n2_local_ids_seed23_20260611T122921_9f7f5ad2,0.0
descriptor_clustering,101,campaign_size_corrected_strong,2,1.0,2,18,0,0,0.05,1.0,0.0952380952380952,1.0,0.0,0.8613157894736843,0.3254737121361162,0,107,0.1,1.0,0.1818181818181818,2,18,0.0,0.0,0.0,0.0,0.0,0,1,0,0,0.033234792004805,,0.0016397499712184,1.0613519999897107,campaign_size_corrected,strong,2,20,200,10,200,2,"Hyundai=1,Kia=1",12.369549933513431,12.079147443627583,11.574232703145825,-1.8023048399422936,13.881452283569878,0,0,0.0,625.0,1250.0,undirected_nx_bidirectional_pyg,6.25,5.0,0.03140704,19.0,9.5,27.0,132.0,75.0,550.0,12.0,0.95,10.0,5.0,0.032839,campaign_size_corrected_strong_n2_descriptor_clustering_seed101_20260611T122740_73c3617f,
local_ids,97,campaign_size_corrected_strong,5,1.0,5,15,0,0,0.125,1.0,0.2222222222222222,1.0,0.0,0.8853714285714286,0.4926133899281171,0,103,0.25,1.0,0.4,5,15,0.0,0.0,0.0,0.0,0.0,0,1,0,0,,,,1.0618584170006216,campaign_size_corrected,strong,3,20,200,10,200,5,"Chevrolet=1,Hyundai=2,Kia=2",12.36397362373416,12.16833359559689,11.380717555787903,4.289940539336535,7.878393056260355,0,0,0.0,,,,,,,,,,,,,,,,,,campaign_size_corrected_strong_n5_local_ids_seed97_20260611T122820_e0bd326e,0.0
local_ids,101,campaign_size_corrected_strong,10,1.0,10,10,0,0,0.25,1.0,0.4,1.0,0.0,0.8169333333333334,0.47743010930267,0,94,0.5,1.0,0.6666666666666666,10,10,0.0,0.0,0.0,0.0,0.0,0,1,0,0,,,,1.0918136659893207,campaign_size_corrected,strong,3,20,200,10,200,10,"Chevrolet=3,Hyundai=4,Kia=3",201.26824729506689,201.01082216419456,200.2153431523235,94.87813908137252,106.13268308282204,0,0,0.0,,,,,,,,,,,,,,,,,,campaign_size_corrected_strong_n10_local_ids_seed101_20260611T122912_6dbf30b1,0.0
descriptor_clustering,97,campaign_size_corrected_weak,2,1.0,2,18,0,0,0.05,1.0,0.0952380952380952,1.0,0.0,0.1652631578947368,0.0317057744194939,10,102,0.1,1.0,0.1818181818181818,2,18,1.0,0.0,1.0,0.0,1.0,2,1,0,37,0.0307748329942114,,0.0013432499836198,1.0494135830085725,campaign_size_corrected,weak,2,20,200,10,200,2,"Hyundai=1,Kia=1",9.947574003615111,9.974432801889252,8.972159776561565,1.9734136068175676,8.001019195071684,0,0,0.0,502.0,1004.0,undirected_nx_bidirectional_pyg,5.02,4.0,0.02522613,27.0,13.5,36.0,131.0,47.0,455.0,9.3625,0.95,10.0,5.0,0.030383,campaign_size_corrected_weak_n2_descriptor_clustering_seed97_20260611T122953_eee15188,
standard_gnn,83,campaign_size_corrected_weak,2,1.0,2,18,0,0,0.05,1.0,0.0952380952380952,1.0,0.0,0.1463157894736842,0.0311216467568626,10,96,0.1,1.0,0.1818181818181818,2,18,0.0,0.0,0.0,0.0,0.0,0,1,0,0,0.0307065829983912,0.0308470420422963,0.0014812079607509,1.1482638330198824,campaign_size_corrected,weak,2,20,200,10,200,2,"Hyundai=1,Kia=1",10.147123873492228,10.123857958274924,9.027071171201818,1.8417917028379984,8.282066255436925,0,0,0.0,518.0,1036.0,undirected_nx_bidirectional_pyg,5.18,5.0,0.02603015,18.0,9.0,29.0,129.0,52.0,466.0,10.0386,0.95,10.0,5.0,0.030343,campaign_size_corrected_weak_n2_standard_gnn_seed83_20260611T122950_4bf6d54a,
fcgnn,101,campaign_size_corrected_strong,2,1.0,2,18,0,0,0.05,1.0,0.0952380952380952,1.0,0.0,0.8613157894736843,0.3254737121361162,0,107,0.1,1.0,0.1818181818181818,2,18,1.0,1.0,1.0,1.0,1.0,1,1,0,12,0.0309142500045709,0.0398371249902993,0.0026990420301444,1.1547292500035835,campaign_size_corrected,strong,2,20,200,10,200,2,"Hyundai=1,Kia=1",12.369549933513431,12.079147443627583,11.574232703145825,-1.8023048399422936,13.881452283569878,0,0,0.0,625.0,1250.0,undirected_nx_bidirectional_pyg,6.25,5.0,0.03140704,19.0,9.5,27.0,132.0,75.0,550.0,12.0,0.95,10.0,5.0,0.030544,campaign_size_corrected_strong_n2_fcgnn_seed101_20260611T122742_7c6777b4,
local_ids,101,campaign_size_corrected_strong,2,1.0,2,18,0,0,0.05,1.0,0.0952380952380952,1.0,0.0,0.8613157894736843,0.3254737121361162,0,107,0.1,1.0,0.1818181818181818,2,18,0.0,0.0,0.0,0.0,0.0,0,1,0,0,,,,1.1040052919997834,campaign_size_corrected,strong,2,20,200,10,200,2,"Hyundai=1,Kia=1",12.369549933513431,12.079147443627583,11.574232703145825,-1.8023048399422936,13.881452283569878,0,0,0.0,,,,,,,,,,,,,,,,,,campaign_size_corrected_strong_n2_local_ids_seed101_20260611T122739_5e2c93f1,0.0
fcgnn,53,campaign_size_corrected_strong,2,1.0,2,18,0,0,0.05,1.0,0.0952380952380952,1.0,0.0,0.9021052631578949,0.3962335235823607,0,109,0.1,1.0,0.1818181818181818,2,18,1.0,1.0,1.0,1.0,1.0,1,1,0,11,0.029848416976165,0.034669250017032,0.0024469170020893,1.0900946659967303,campaign_size_corrected,strong,2,20,200,10,200,2,"Chevrolet=1,Hyundai=1",13.883804354276862,13.69398790585964,12.703435685105442,1.0948293984929915,12.59915850736665,0,0,0.0,480.0,960.0,undirected_nx_bidirectional_pyg,4.8,4.0,0.0241206,19.0,9.5,28.0,114.0,40.0,440.0,8.3333,0.95,10.0,5.0,0.029489,campaign_size_corrected_strong_n2_fcgnn_seed53_20260611T122720_5b7a15d2,
fcgnn,83,campaign_size_corrected_strong,2,1.0,2,18,0,0,0.05,1.0,0.0952380952380952,1.0,0.0,0.8689473684210527,0.304183487140822,0,96,0.1,1.0,0.1818181818181818,2,18,1.0,1.0,1.0,1.0,1.0,1,1,0,11,0.0306975840358063,0.0386294170166365,0.00226879195543,1.0952616249560378,campaign_size_corrected,strong,2,20,200,10,200,2,"Chevrolet=1,Hyundai=1",14.228530883306508,13.964095052061104,13.005793319912932,0.9273654322362308,13.036729619824872,0,0,0.0,532.0,1064.0,undirected_nx_bidirectional_pyg,5.32,5.0,0.02673367,18.0,9.0,28.0,129.0,50.0,482.0,9.3985,0.95,10.0,5.0,0.030331,campaign_size_corrected_strong_n2_fcgnn_seed83_20260611T122733_77545f7d,
standard_gnn,67,campaign_size_corrected_weak,2,1.0,2,18,0,0,0.05,1.0,0.0952380952380952,1.0,0.0,0.321578947368421,0.0379706711644926,10,105,0.1,1.0,0.1818181818181818,2,18,0.0,0.0,0.0,0.0,0.0,0,1,0,0,0.0306252919835969,0.0326175829977728,0.0015034159878268,1.0676682500052266,campaign_size_corrected,weak,2,20,200,10,200,2,"Hyundai=1,Kia=1",8.353593915602634,8.150180853053037,7.842739250205886,2.144343540072538,6.005837312980499,0,0,0.0,511.0,1022.0,undirected_nx_bidirectional_pyg,5.11,5.0,0.02567839,18.0,9.0,27.0,114.0,46.0,465.0,9.002,0.95,10.0,5.0,0.030264,campaign_size_corrected_weak_n2_standard_gnn_seed67_20260611T122941_7e44f208,
local_ids,71,campaign_size_corrected_strong,5,1.0,5,15,0,0,0.125,1.0,0.2222222222222222,1.0,0.0,0.84,0.3614170976272448,0,100,0.25,1.0,0.4,5,15,0.0,0.0,0.0,0.0,0.0,0,1,0,0,,,,1.0477045419975184,campaign_size_corrected,strong,3,20,200,10,200,5,"Chevrolet=1,Hyundai=2,Kia=2",12.096648986226468,11.859705264203177,10.837709968945346,3.612906508536364,8.246798755666813,0,0,0.0,,,,,,,,,,,,,,,,,,campaign_size_corrected_strong_n5_local_ids_seed71_20260611T122811_0174a65f,0.0
local_ids,71,campaign_size_corrected_strong,10,1.0,10,10,0,0,0.25,1.0,0.4,1.0,0.0,0.7965333333333333,0.4659443395107318,0,80,0.5,1.0,0.6666666666666666,10,10,0.0,0.0,0.0,0.0,0.0,0,1,0,0,,,,1.072243749978952,campaign_size_corrected,strong,3,20,200,10,200,10,"Chevrolet=3,Hyundai=4,Kia=3",201.10265562792725,200.8174652733805,200.05782591359116,95.12576722130238,105.69169805207808,0,0,0.0,,,,,,,,,,,,,,,,,,campaign_size_corrected_strong_n10_local_ids_seed71_20260611T122858_81233189,0.0
fcgnn,53,campaign_size_corrected_strong,10,1.0,10,10,0,0,0.25,1.0,0.4,1.0,0.0,0.8221333333333334,0.4964392413962396,0,84,0.5,1.0,0.6666666666666666,10,10,1.0,0.0,1.0,0.0,1.0,2,1,0,102,0.0303808340104296,0.0424154999782331,0.0029704999760724,1.1694452919764444,campaign_size_corrected,strong,3,20,200,10,200,10,"Chevrolet=3,Hyundai=4,Kia=3",201.1815705228839,201.05420110897157,199.9850604883173,95.5217945436035,105.53240656536806,0,0,0.0,987.0,1974.0,undirected_nx_bidirectional_pyg,9.87,11.5,0.04959799,17.0,8.5,25.0,100.0,231.0,756.0,23.4043,0.95,10.0,5.0,0.029999,campaign_size_corrected_strong_n10_fcgnn_seed53_20260611T122852_b9be219b,
descriptor_clustering,23,campaign_size_corrected_weak,2,1.0,2,18,0,0,0.05,1.0,0.0952380952380952,1.0,0.0,0.2471052631578947,0.0346128464163839,10,100,0.1,1.0,0.1818181818181818,2,18,1.0,1.0,1.0,1.0,1.0,1,1,0,11,0.0305905829882249,,0.0017272080294787,1.1308407909818925,campaign_size_corrected,weak,2,20,200,10,200,2,"Hyundai=1,Kia=1",12.50284517284831,12.525065458770936,11.772579213120627,1.2090452117917447,11.316020246979193,0,0,0.0,502.0,1004.0,undirected_nx_bidirectional_pyg,5.02,5.0,0.02522613,14.0,7.0,22.0,133.0,55.0,447.0,10.9562,0.95,10.0,5.0,0.030234,campaign_size_corrected_weak_n2_descriptor_clustering_seed23_20260611T122922_cb9ed629,
standard_gnn,37,campaign_size_corrected_weak,2,1.0,2,18,0,0,0.05,1.0,0.0952380952380952,1.0,0.0,0.2326315789473684,0.0337142526566534,10,96,0.1,1.0,0.1818181818181818,2,18,0.0,0.0,0.0,0.0,0.0,0,1,0,0,0.0303452090010978,0.0301939999917522,0.0014179159770719,1.1572745419689454,campaign_size_corrected,weak,2,20,200,10,200,2,"Hyundai=1,Kia=1",10.016484132724536,10.112565158436094,9.454478206905083,1.288933997277148,8.823631161158946,0,0,0.0,489.0,978.0,undirected_nx_bidirectional_pyg,4.89,4.0,0.02457286,25.0,12.5,38.0,125.0,52.0,437.0,10.6339,0.95,10.0,5.0,0.029968,campaign_size_corrected_weak_n2_standard_gnn_seed37_20260611T122928_1c56d247,
descriptor_clustering,37,campaign_size_corrected_strong,2,1.0,2,18,0,0,0.05,1.0,0.0952380952380952,1.0,0.0,0.8984210526315789,0.404537100609327,0,99,0.1,1.0,0.1818181818181818,2,18,0.0,0.0,0.0,0.0,0.0,0,1,0,0,0.0299952499917708,,0.0014278330490924,1.046331542020198,campaign_size_corrected,strong,2,20,200,10,200,2,"Chevrolet=1,Kia=1",8.103724895060395,7.949565900709347,7.200049253926502,-0.3216198008189117,8.271185701528259,0,0,0.0,489.0,978.0,undirected_nx_bidirectional_pyg,4.89,4.0,0.02457286,25.0,12.5,38.0,125.0,30.0,459.0,6.135,0.95,10.0,5.0,0.029632,campaign_size_corrected_strong_n2_descriptor_clustering_seed37_20260611T122709_c48fd273,
fcgnn,71,campaign_size_corrected_strong,5,1.0,5,15,0,0,0.125,1.0,0.2222222222222222,1.0,0.0,0.84,0.3614170976272448,0,100,0.25,1.0,0.4,5,15,1.0,0.0,1.0,0.0,1.0,2,1,0,34,0.0290415000054053,0.0398930420051328,0.0026418750057928,1.115111499966588,campaign_size_corrected,strong,3,20,200,10,200,5,"Chevrolet=1,Hyundai=2,Kia=2",12.096648986226468,11.859705264203177,10.837709968945346,3.612906508536364,8.246798755666813,0,0,0.0,689.0,1378.0,undirected_nx_bidirectional_pyg,6.89,5.0,0.03462312,13.0,6.5,22.0,107.0,121.0,568.0,17.5617,0.95,10.0,5.0,0.02867,campaign_size_corrected_strong_n5_fcgnn_seed71_20260611T122814_ed072d60,
local_ids,53,campaign_size_corrected_strong,2,1.0,2,18,0,0,0.05,1.0,0.0952380952380952,1.0,0.0,0.9021052631578949,0.3962335235823607,0,109,0.1,1.0,0.1818181818181818,2,18,0.0,0.0,0.0,0.0,0.0,0,1,0,0,,,,1.0119226250099018,campaign_size_corrected,strong,2,20,200,10,200,2,"Chevrolet=1,Hyundai=1",13.883804354276862,13.69398790585964,12.703435685105442,1.0948293984929915,12.59915850736665,0,0,0.0,,,,,,,,,,,,,,,,,,campaign_size_corrected_strong_n2_local_ids_seed53_20260611T122717_73ef2ca3,0.0
descriptor_clustering,11,campaign_size_corrected_strong,5,1.0,5,15,0,0,0.125,1.0,0.2222222222222222,1.0,0.0,0.8749714285714286,0.4247126117425795,0,98,0.25,1.0,0.4,5,15,1.0,0.0,1.0,0.0,1.0,2,1,0,40,0.0315730000147596,,0.0014419999788515,1.1618703749845736,campaign_size_corrected,strong,3,20,200,10,200,5,"Chevrolet=1,Hyundai=2,Kia=2",12.197488820795687,12.11701145654036,11.3509526349948,3.947597029741532,8.169414426798827,0,0,0.0,672.0,1344.0,undirected_nx_bidirectional_pyg,6.72,5.0,0.03376884,26.0,13.0,33.0,112.0,140.0,532.0,20.8333,0.95,10.0,5.0,0.031176,campaign_size_corrected_strong_n5_descriptor_clustering_seed11_20260611T122744_ebac02fe,
standard_gnn,23,campaign_size_corrected_weak,2,1.0,2,18,0,0,0.05,1.0,0.0952380952380952,1.0,0.0,0.2471052631578947,0.0346128464163839,10,100,0.1,1.0,0.1818181818181818,2,18,0.0,0.0,0.0,0.0,0.0,0,1,0,0,0.029524500016123,0.0301398330484516,0.0014646669733338,1.065668665978592,campaign_size_corrected,weak,2,20,200,10,200,2,"Hyundai=1,Kia=1",12.50284517284831,12.525065458770936,11.772579213120627,1.2090452117917447,11.316020246979193,0,0,0.0,502.0,1004.0,undirected_nx_bidirectional_pyg,5.02,5.0,0.02522613,14.0,7.0,22.0,133.0,55.0,447.0,10.9562,0.95,10.0,5.0,0.029159,campaign_size_corrected_weak_n2_standard_gnn_seed23_20260611T122923_e008e394,
standard_gnn,41,campaign_size_corrected_strong,2,1.0,2,18,0,0,0.05,1.0,0.0952380952380952,1.0,0.0,0.821578947368421,0.160685344067697,0,115,0.1,1.0,0.1818181818181818,2,18,0.0,0.0,0.0,0.0,0.0,0,1,0,0,0.0309188329847529,0.0337678330251947,0.0016710829804651,1.1646295419777744,campaign_size_corrected,strong,2,20,200,10,200,2,"Hyundai=1,Kia=1",10.658437656972271,10.688848146330953,9.815711322621578,2.0572420854072044,8.631606060923747,0,0,0.0,538.0,1076.0,undirected_nx_bidirectional_pyg,5.38,4.0,0.02703518,14.0,7.0,24.0,74.0,54.0,484.0,10.0372,0.95,10.0,5.0,0.030549,campaign_size_corrected_strong_n2_standard_gnn_seed41_20260611T122715_ceb5c063,
standard_gnn,67,campaign_size_corrected_weak,10,1.0,10,10,0,0,0.25,1.0,0.4,1.0,0.0,0.2296,0.1639389887953379,50,77,0.5,1.0,0.6666666666666666,10,10,0.0,0.0,0.0,0.0,0.0,0,1,0,0,0.0302592919906601,0.0346024999744258,0.0014582080184482,1.235230749996845,campaign_size_corrected,weak,2,20,200,10,200,10,"Hyundai=5,Kia=5",13.10855817751316,13.119967832446047,12.433803239746602,3.2313382595564835,9.888629572889563,0,0,0.0,749.0,1498.0,undirected_nx_bidirectional_pyg,7.49,8.0,0.03763819,11.0,5.5,18.0,100.0,179.0,570.0,23.8985,0.95,10.0,5.0,0.029894,campaign_size_corrected_weak_n10_standard_gnn_seed67_20260611T123113_c830b820,
descriptor_clustering,41,campaign_size_corrected_strong,10,1.0,10,10,0,0,0.25,1.0,0.4,1.0,0.0,0.8084666666666667,0.47719269389912,0,84,0.5,1.0,0.6666666666666666,10,10,1.0,0.0,1.0,0.0,1.0,2,1,0,89,0.0329540829989127,,0.001414583006408,1.1386740829912014,campaign_size_corrected,strong,3,20,200,10,200,10,"Chevrolet=3,Hyundai=4,Kia=3",201.1696122475096,201.01300621728203,200.157414501968,96.43707101297672,104.57593520430532,0,0,0.0,997.0,1994.0,undirected_nx_bidirectional_pyg,9.97,12.0,0.0501005,18.0,9.0,26.0,100.0,277.0,720.0,27.7834,0.95,10.0,5.0,0.03243,campaign_size_corrected_strong_n10_descriptor_clustering_seed41_20260611T122844_784f96d1,
fcgnn,41,campaign_size_corrected_strong,10,1.0,10,10,0,0,0.25,1.0,0.4,1.0,0.0,0.8084666666666667,0.47719269389912,0,84,0.5,1.0,0.6666666666666666,10,10,1.0,0.0,1.0,0.0,1.0,2,1,0,97,0.0329196669626981,0.0417420000303536,0.003019374969881,1.178577208018396,campaign_size_corrected,strong,3,20,200,10,200,10,"Chevrolet=3,Hyundai=4,Kia=3",201.1696122475096,201.01300621728203,200.157414501968,96.43707101297672,104.57593520430532,0,0,0.0,997.0,1994.0,undirected_nx_bidirectional_pyg,9.97,12.0,0.0501005,18.0,9.0,26.0,100.0,277.0,720.0,27.7834,0.95,10.0,5.0,0.032509,campaign_size_corrected_strong_n10_fcgnn_seed41_20260611T122847_4cdafffb,
local_ids,11,campaign_size_corrected_weak,2,1.0,2,18,0,0,0.05,1.0,0.0952380952380952,1.0,0.0,0.2221052631578947,0.0335479721137107,10,105,0.1,1.0,0.1818181818181818,2,18,0.0,0.0,0.0,0.0,0.0,0,1,0,0,,,,1.083677374990657,campaign_size_corrected,weak,2,20,200,10,200,2,"Hyundai=1,Kia=1",10.228042721977316,10.281975245026306,9.514143206496636,-0.9309420575739384,11.212917302600244,0,0,0.0,,,,,,,,,,,,,,,,,,campaign_size_corrected_weak_n2_local_ids_seed11_20260611T122917_2aa090a1,0.0
standard_gnn,97,campaign_size_corrected_strong,10,1.0,10,10,0,0,0.25,1.0,0.4,1.0,0.0,0.818,0.5144007693967566,0,82,0.5,1.0,0.6666666666666666,10,10,1.0,0.0,1.0,0.0,1.0,3,1,0,50,0.0313460829784162,0.0380623749806545,0.0029084999696351,1.1614336249767805,campaign_size_corrected,strong,3,20,200,10,200,10,"Chevrolet=3,Hyundai=4,Kia=3",201.10644689874417,200.92453164240467,200.092705352627,95.86401492294328,105.0605167194614,0,0,0.0,944.0,1888.0,undirected_nx_bidirectional_pyg,9.44,11.5,0.04743719,17.0,8.5,31.0,100.0,268.0,676.0,28.3898,0.95,10.0,5.0,0.03096,campaign_size_corrected_strong_n10_standard_gnn_seed97_20260611T122909_953881da,
standard_gnn,41,campaign_size_corrected_weak,2,1.0,2,18,0,0,0.05,1.0,0.0952380952380952,1.0,0.0,0.1926315789473684,0.0321302910713802,10,107,0.1,1.0,0.1818181818181818,2,18,0.0,0.0,0.0,0.0,0.0,0,1,0,0,0.0290610000374726,0.0325593330198898,0.0017134160152636,1.0778198329498991,campaign_size_corrected,weak,2,20,200,10,200,2,"Hyundai=1,Kia=1",10.848683087662442,10.92916384209878,9.7178021090789,0.8527219366919816,10.076441905406798,0,0,0.0,516.0,1032.0,undirected_nx_bidirectional_pyg,5.16,4.0,0.02592965,14.0,7.0,24.0,74.0,46.0,470.0,8.9147,0.95,10.0,5.0,0.028693,campaign_size_corrected_weak_n2_standard_gnn_seed41_20260611T122932_c4645d3c,
descriptor_clustering,53,campaign_size_corrected_strong,10,1.0,10,10,0,0,0.25,1.0,0.4,1.0,0.0,0.8221333333333334,0.4964392413962396,0,84,0.5,1.0,0.6666666666666666,10,10,1.0,0.0,1.0,0.0,1.0,2,1,0,89,0.0316105410456657,,0.0013670839834958,1.1701241249684244,campaign_size_corrected,strong,3,20,200,10,200,10,"Chevrolet=3,Hyundai=4,Kia=3",201.1815705228839,201.05420110897157,199.9850604883173,95.5217945436035,105.53240656536806,0,0,0.0,987.0,1974.0,undirected_nx_bidirectional_pyg,9.87,11.5,0.04959799,17.0,8.5,25.0,100.0,231.0,756.0,23.4043,0.95,10.0,5.0,0.031186,campaign_size_corrected_strong_n10_descriptor_clustering_seed53_20260611T122849_8dbc82d2,
descriptor_clustering,97,campaign_size_corrected_strong,2,1.0,2,18,0,0,0.05,1.0,0.0952380952380952,1.0,0.0,0.9692105263157896,0.4672037510656436,0,98,0.1,1.0,0.1818181818181818,2,18,0.0,0.0,0.0,0.0,0.0,0,1,0,0,0.0300837919930927,,0.0013527499977499,1.1169817500049248,campaign_size_corrected,strong,2,20,200,10,200,2,"Chevrolet=1,Kia=1",13.028963176362057,13.028970584406906,13.028341756880936,4.076047219482176,8.952923364924729,0,0,0.0,571.0,1142.0,undirected_nx_bidirectional_pyg,5.71,4.0,0.02869347,27.0,13.5,36.0,131.0,75.0,496.0,13.1349,0.95,10.0,5.0,0.029715,campaign_size_corrected_strong_n2_descriptor_clustering_seed97_20260611T122736_b40bda2f,
standard_gnn,101,campaign_size_corrected_strong,2,1.0,2,18,0,0,0.05,1.0,0.0952380952380952,1.0,0.0,0.8613157894736843,0.3254737121361162,0,107,0.1,1.0,0.1818181818181818,2,18,0.0,0.0,0.0,0.0,0.0,0,1,0,0,0.0296282090130262,0.0334323329734616,0.0022563340025953,1.0771512080100365,campaign_size_corrected,strong,2,20,200,10,200,2,"Hyundai=1,Kia=1",12.369549933513431,12.079147443627583,11.574232703145825,-1.8023048399422936,13.881452283569878,0,0,0.0,625.0,1250.0,undirected_nx_bidirectional_pyg,6.25,5.0,0.03140704,19.0,9.5,27.0,132.0,75.0,550.0,12.0,0.95,10.0,5.0,0.029261,campaign_size_corrected_strong_n2_standard_gnn_seed101_20260611T122741_94194bd2,
fcgnn,23,campaign_size_corrected_strong,2,1.0,2,18,0,0,0.05,1.0,0.0952380952380952,1.0,0.0,0.8073684210526315,0.2304732630436855,0,100,0.1,1.0,0.1818181818181818,2,18,1.0,1.0,1.0,1.0,1.0,1,1,0,11,0.030795999977272,0.0332631670171394,0.0023832500446587,1.08175991702592,campaign_size_corrected,strong,2,20,200,10,200,2,"Chevrolet=1,Hyundai=1",13.062333131708334,12.444172538076211,12.488658095525814,1.215649706027496,11.228522832048718,0,0,0.0,507.0,1014.0,undirected_nx_bidirectional_pyg,5.07,5.0,0.02547739,14.0,7.0,22.0,133.0,40.0,467.0,7.8895,0.95,10.0,5.0,0.030411,campaign_size_corrected_strong_n2_fcgnn_seed23_20260611T122707_37652a58,
local_ids,67,campaign_size_corrected_weak,2,1.0,2,18,0,0,0.05,1.0,0.0952380952380952,1.0,0.0,0.321578947368421,0.0379706711644926,10,105,0.1,1.0,0.1818181818181818,2,18,0.0,0.0,0.0,0.0,0.0,0,1,0,0,,,,1.0955723749939352,campaign_size_corrected,weak,2,20,200,10,200,2,"Hyundai=1,Kia=1",8.353593915602634,8.150180853053037,7.842739250205886,2.144343540072538,6.005837312980499,0,0,0.0,,,,,,,,,,,,,,,,,,campaign_size_corrected_weak_n2_local_ids_seed67_20260611T122939_d5852dc0,0.0
descriptor_clustering,71,campaign_size_corrected_weak,5,1.0,5,15,0,0,0.125,1.0,0.2222222222222222,1.0,0.0,0.2505142857142857,0.0827910976804808,25,86,0.25,1.0,0.4,5,15,1.0,0.0,1.0,0.0,1.0,3,1,0,45,0.0311909589800052,,0.001651375030633,1.1642344580031931,campaign_size_corrected,weak,2,20,200,10,200,5,"Hyundai=3,Kia=2",11.989688453079046,12.002255438136189,11.300424434436165,2.051220329969326,9.951035108166865,0,0,0.0,519.0,1038.0,undirected_nx_bidirectional_pyg,5.19,4.0,0.0260804,16.0,8.0,27.0,102.0,98.0,421.0,18.8825,0.95,10.0,5.0,0.030826,campaign_size_corrected_weak_n5_descriptor_clustering_seed71_20260611T123030_4ed2b8a7,
local_ids,97,campaign_size_corrected_weak,2,1.0,2,18,0,0,0.05,1.0,0.0952380952380952,1.0,0.0,0.1652631578947368,0.0317057744194939,10,102,0.1,1.0,0.1818181818181818,2,18,0.0,0.0,0.0,0.0,0.0,0,1,0,0,,,,1.0316748750046827,campaign_size_corrected,weak,2,20,200,10,200,2,"Hyundai=1,Kia=1",9.947574003615111,9.974432801889252,8.972159776561565,1.9734136068175676,8.001019195071684,0,0,0.0,,,,,,,,,,,,,,,,,,campaign_size_corrected_weak_n2_local_ids_seed97_20260611T122952_c1cae5cf,0.0
descriptor_clustering,11,campaign_size_corrected_weak,5,1.0,5,15,0,0,0.125,1.0,0.2222222222222222,1.0,0.0,0.2553142857142857,0.0840237284465641,25,96,0.25,1.0,0.4,5,15,1.0,0.0,1.0,0.0,1.0,3,1,0,48,0.0304004580248147,,0.0014052499900572,1.0762831249739977,campaign_size_corrected,weak,2,20,200,10,200,5,"Hyundai=3,Kia=2",11.509406597816447,11.47920173848584,10.79184717755024,1.7969597561986288,9.682241982287213,0,0,0.0,562.0,1124.0,undirected_nx_bidirectional_pyg,5.62,5.0,0.02824121,30.0,15.0,40.0,98.0,94.0,468.0,16.726,0.95,10.0,5.0,0.030026,campaign_size_corrected_weak_n5_descriptor_clustering_seed11_20260611T123002_02162920,
descriptor_clustering,83,campaign_size_corrected_strong,2,1.0,2,18,0,0,0.05,1.0,0.0952380952380952,1.0,0.0,0.8689473684210527,0.304183487140822,0,96,0.1,1.0,0.1818181818181818,2,18,0.0,0.0,0.0,0.0,0.0,0,1,0,0,0.0300407079630531,,0.0014278749586082,1.1115943749900907,campaign_size_corrected,strong,2,20,200,10,200,2,"Chevrolet=1,Hyundai=1",14.228530883306508,13.964095052061104,13.005793319912932,0.9273654322362308,13.036729619824872,0,0,0.0,532.0,1064.0,undirected_nx_bidirectional_pyg,5.32,5.0,0.02673367,18.0,9.0,28.0,129.0,50.0,482.0,9.3985,0.95,10.0,5.0,0.029659,campaign_size_corrected_strong_n2_descriptor_clustering_seed83_20260611T122731_2fb8cd0c,
local_ids,71,campaign_size_corrected_weak,10,1.0,10,10,0,0,0.25,1.0,0.4,1.0,0.0,0.2431333333333333,0.1674488139027956,50,67,0.5,1.0,0.6666666666666666,10,10,0.0,0.0,0.0,0.0,0.0,0,1,0,0,,,,1.1674722090247087,campaign_size_corrected,weak,2,20,200,10,200,10,"Hyundai=5,Kia=5",12.244051599492176,12.22088042127893,11.542741457836236,2.9879784688153346,9.232901952463594,0,0,0.0,,,,,,,,,,,,,,,,,,campaign_size_corrected_weak_n10_local_ids_seed71_20260611T123115_f35a884c,0.0
local_ids,37,campaign_size_corrected_weak,5,1.0,5,15,0,0,0.125,1.0,0.2222222222222222,1.0,0.0,0.2020571428571428,0.0783426232845703,25,83,0.25,1.0,0.4,5,15,0.0,0.0,0.0,0.0,0.0,0,1,0,0,,,,1.0694252499961294,campaign_size_corrected,weak,2,20,200,10,200,5,"Hyundai=3,Kia=2",12.122043213998053,12.151412612538005,11.405416240566282,1.7069595613117632,10.444453051226242,0,0,0.0,,,,,,,,,,,,,,,,,,campaign_size_corrected_weak_n5_local_ids_seed37_20260611T123010_899a6b44,0.0
fcgnn,41,campaign_size_corrected_weak,2,1.0,2,18,0,0,0.05,1.0,0.0952380952380952,1.0,0.0,0.1926315789473684,0.0321302910713802,10,107,0.1,1.0,0.1818181818181818,2,18,1.0,1.0,1.0,1.0,1.0,1,1,0,10,0.0308233749819919,0.0390698339906521,0.0025640419917181,1.155164333002176,campaign_size_corrected,weak,2,20,200,10,200,2,"Hyundai=1,Kia=1",10.848683087662442,10.92916384209878,9.7178021090789,0.8527219366919816,10.076441905406798,0,0,0.0,516.0,1032.0,undirected_nx_bidirectional_pyg,5.16,4.0,0.02592965,14.0,7.0,24.0,74.0,46.0,470.0,8.9147,0.95,10.0,5.0,0.02997,campaign_size_corrected_weak_n2_fcgnn_seed41_20260611T122933_349a78e8,
standard_gnn,97,campaign_size_corrected_weak,5,1.0,5,15,0,0,0.125,1.0,0.2222222222222222,1.0,0.0,0.2269714285714285,0.0807123414715392,25,85,0.25,1.0,0.4,5,15,0.0,0.0,0.0,0.0,0.0,0,1,0,0,0.0301677500247024,0.0330484579899348,0.0016017089947126,1.1026741659734398,campaign_size_corrected,weak,2,20,200,10,200,5,"Hyundai=3,Kia=2",12.165109991387045,12.055579541933549,11.53161519640866,2.5406151971914266,9.514964344742122,0,0,0.0,610.0,1220.0,undirected_nx_bidirectional_pyg,6.1,6.0,0.03065327,21.0,10.5,35.0,80.0,88.0,522.0,14.4262,0.95,10.0,5.0,0.0298,campaign_size_corrected_weak_n5_standard_gnn_seed97_20260611T123040_6c2330b2,
descriptor_clustering,101,campaign_size_corrected_weak,10,1.0,10,10,0,0,0.25,1.0,0.4,1.0,0.0,0.2612666666666666,0.1704125161234083,50,72,0.5,1.0,0.6666666666666666,10,10,1.0,0.0,1.0,0.0,1.0,2,1,0,65,0.037776707962621,,0.001788833993487,1.2353243750403635,campaign_size_corrected,weak,2,20,200,10,200,10,"Hyundai=5,Kia=5",13.09294152713618,13.093946695975726,12.44213097243523,2.050125295165484,11.04382140081024,0,0,0.0,762.0,1524.0,undirected_nx_bidirectional_pyg,7.62,9.0,0.03829146,13.0,6.5,22.0,100.0,158.0,604.0,20.7349,0.95,10.0,5.0,0.037004,campaign_size_corrected_weak_n10_descriptor_clustering_seed101_20260611T123131_db90d095,
fcgnn,83,campaign_size_corrected_weak,5,1.0,5,15,0,0,0.125,1.0,0.2222222222222222,1.0,0.0,0.2187428571428571,0.0797369465209327,25,85,0.25,1.0,0.4,5,15,1.0,1.0,1.0,1.0,1.0,1,1,0,21,0.0315780409728176,0.0419452919741161,0.002688999986276,1.124268082960043,campaign_size_corrected,weak,2,20,200,10,200,5,"Hyundai=3,Kia=2",12.36218445469922,12.362272021498612,11.52454902048306,1.671054650727764,10.69121737077085,0,0,0.0,614.0,1228.0,undirected_nx_bidirectional_pyg,6.14,6.0,0.03085427,15.0,7.5,26.0,109.0,98.0,516.0,15.9609,0.95,10.0,5.0,0.031205,campaign_size_corrected_weak_n5_fcgnn_seed83_20260611T123036_9ae7536c,
local_ids,71,campaign_size_corrected_weak,2,1.0,2,18,0,0,0.05,1.0,0.0952380952380952,1.0,0.0,0.2478947368421052,0.034460707147154,10,99,0.1,1.0,0.1818181818181818,2,18,0.0,0.0,0.0,0.0,0.0,0,1,0,0,,,,0.9980854169698432,campaign_size_corrected,weak,2,20,200,10,200,2,"Hyundai=1,Kia=1",9.852656863554136,9.911616656131978,9.090831562128855,1.998754313469808,7.912862342662169,0,0,0.0,,,,,,,,,,,,,,,,,,campaign_size_corrected_weak_n2_local_ids_seed71_20260611T122943_9843e444,0.0
standard_gnn,53,campaign_size_corrected_strong,2,1.0,2,18,0,0,0.05,1.0,0.0952380952380952,1.0,0.0,0.9021052631578949,0.3962335235823607,0,109,0.1,1.0,0.1818181818181818,2,18,0.0,0.0,0.0,0.0,0.0,0,1,0,0,0.0295080830110237,0.0320896250195801,0.0014992080396041,1.1453637499944307,campaign_size_corrected,strong,2,20,200,10,200,2,"Chevrolet=1,Hyundai=1",13.883804354276862,13.69398790585964,12.703435685105442,1.0948293984929915,12.59915850736665,0,0,0.0,480.0,960.0,undirected_nx_bidirectional_pyg,4.8,4.0,0.0241206,19.0,9.5,28.0,114.0,40.0,440.0,8.3333,0.95,10.0,5.0,0.029145,campaign_size_corrected_strong_n2_standard_gnn_seed53_20260611T122719_b3acdeca,
standard_gnn,97,campaign_size_corrected_weak,2,1.0,2,18,0,0,0.05,1.0,0.0952380952380952,1.0,0.0,0.1652631578947368,0.0317057744194939,10,102,0.1,1.0,0.1818181818181818,2,18,0.0,0.0,0.0,0.0,0.0,0,1,0,0,0.0311060409876517,0.0331191250006668,0.0016819590236991,1.1735079999780282,campaign_size_corrected,weak,2,20,200,10,200,2,"Hyundai=1,Kia=1",9.947574003615111,9.974432801889252,8.972159776561565,1.9734136068175676,8.001019195071684,0,0,0.0,502.0,1004.0,undirected_nx_bidirectional_pyg,5.02,4.0,0.02522613,27.0,13.5,36.0,131.0,47.0,455.0,9.3625,0.95,10.0,5.0,0.03053,campaign_size_corrected_weak_n2_standard_gnn_seed97_20260611T122954_c4d58189,
standard_gnn,23,campaign_size_corrected_weak,10,1.0,10,10,0,0,0.25,1.0,0.4,1.0,0.0,0.2316666666666666,0.1659103562038741,50,65,0.5,1.0,0.6666666666666666,10,10,1.0,1.0,1.0,1.0,1.0,1,1,0,14,0.0313319999841041,0.0355282920063473,0.0022208340233191,1.1707282090210356,campaign_size_corrected,weak,2,20,200,10,200,10,"Hyundai=5,Kia=5",13.117818312680438,13.118152962657916,12.457697601395758,3.0723765800507903,10.045776382607125,0,0,0.0,663.0,1326.0,undirected_nx_bidirectional_pyg,6.63,7.0,0.03331658,22.0,11.0,33.0,100.0,174.0,489.0,26.2443,0.95,10.0,5.0,0.030925,campaign_size_corrected_weak_n10_standard_gnn_seed23_20260611T123054_e063eb05,
standard_gnn,101,campaign_size_corrected_weak,10,1.0,10,10,0,0,0.25,1.0,0.4,1.0,0.0,0.2612666666666666,0.1704125161234083,50,72,0.5,1.0,0.6666666666666666,10,10,0.0,0.0,0.0,0.0,0.0,0,1,0,0,0.032951541012153,0.0314960830146446,0.0015713750035502,1.1681017079972662,campaign_size_corrected,weak,2,20,200,10,200,10,"Hyundai=5,Kia=5",13.09294152713618,13.093946695975726,12.44213097243523,2.050125295165484,11.04382140081024,0,0,0.0,762.0,1524.0,undirected_nx_bidirectional_pyg,7.62,9.0,0.03829146,13.0,6.5,22.0,100.0,158.0,604.0,20.7349,0.95,10.0,5.0,0.032562,campaign_size_corrected_weak_n10_standard_gnn_seed101_20260611T123132_56526652,
standard_gnn,41,campaign_size_corrected_strong,10,1.0,10,10,0,0,0.25,1.0,0.4,1.0,0.0,0.8084666666666667,0.47719269389912,0,84,0.5,1.0,0.6666666666666666,10,10,1.0,0.0,1.0,0.0,1.0,2,1,0,40,0.0300824999576434,0.0401682090014219,0.0029497090145014,1.2108878750004806,campaign_size_corrected,strong,3,20,200,10,200,10,"Chevrolet=3,Hyundai=4,Kia=3",201.1696122475096,201.01300621728203,200.157414501968,96.43707101297672,104.57593520430532,0,0,0.0,997.0,1994.0,undirected_nx_bidirectional_pyg,9.97,12.0,0.0501005,18.0,9.0,26.0,100.0,277.0,720.0,27.7834,0.95,10.0,5.0,0.029693,campaign_size_corrected_strong_n10_standard_gnn_seed41_20260611T122846_61660cff,
fcgnn,101,campaign_size_corrected_weak,5,1.0,5,15,0,0,0.125,1.0,0.2222222222222222,1.0,0.0,0.3212571428571428,0.0907830361663849,25,89,0.25,1.0,0.4,5,15,1.0,0.0,1.0,0.0,1.0,3,1,0,47,0.0294424589956179,0.0396864580106921,0.0026752079720608,1.1037349589751102,campaign_size_corrected,weak,2,20,200,10,200,5,"Hyundai=3,Kia=2",12.886079566618402,12.909917258143391,12.415492399783146,0.549302621583435,12.36061463655996,0,0,0.0,674.0,1348.0,undirected_nx_bidirectional_pyg,6.74,7.0,0.03386935,14.0,7.0,21.0,114.0,93.0,581.0,13.7982,0.95,10.0,5.0,0.029074,campaign_size_corrected_weak_n5_fcgnn_seed101_20260611T123046_ca9eea20,
local_ids,11,campaign_size_corrected_strong,2,1.0,2,18,0,0,0.05,1.0,0.0952380952380952,1.0,0.0,0.8860526315789474,0.3331095974281385,0,103,0.1,1.0,0.1818181818181818,2,18,0.0,0.0,0.0,0.0,0.0,0,1,0,0,,,,1.0150926660280677,campaign_size_corrected,strong,2,20,200,10,200,2,"Hyundai=1,Kia=1",12.288728436736523,12.145340650280485,11.549667328595309,-3.91842761607186,16.063768266352344,0,0,0.0,,,,,,,,,,,,,,,,,,campaign_size_corrected_strong_n2_local_ids_seed11_20260611T122659_6634eea1,0.0
local_ids,23,campaign_size_corrected_weak,10,1.0,10,10,0,0,0.25,1.0,0.4,1.0,0.0,0.2316666666666666,0.1659103562038741,50,65,0.5,1.0,0.6666666666666666,10,10,0.0,0.0,0.0,0.0,0.0,0,1,0,0,,,,1.141632417042274,campaign_size_corrected,weak,2,20,200,10,200,10,"Hyundai=5,Kia=5",13.117818312680438,13.118152962657916,12.457697601395758,3.0723765800507903,10.045776382607125,0,0,0.0,,,,,,,,,,,,,,,,,,campaign_size_corrected_weak_n10_local_ids_seed23_20260611T123051_796b0048,0.0
local_ids,53,campaign_size_corrected_strong,10,1.0,10,10,0,0,0.25,1.0,0.4,1.0,0.0,0.8221333333333334,0.4964392413962396,0,84,0.5,1.0,0.6666666666666666,10,10,0.0,0.0,0.0,0.0,0.0,0,1,0,0,,,,1.0800563330412842,campaign_size_corrected,strong,3,20,200,10,200,10,"Chevrolet=3,Hyundai=4,Kia=3",201.1815705228839,201.05420110897157,199.9850604883173,95.5217945436035,105.53240656536806,0,0,0.0,,,,,,,,,,,,,,,,,,campaign_size_corrected_strong_n10_local_ids_seed53_20260611T122848_354daa29,0.0
standard_gnn,97,campaign_size_corrected_strong,2,1.0,2,18,0,0,0.05,1.0,0.0952380952380952,1.0,0.0,0.9692105263157896,0.4672037510656436,0,98,0.1,1.0,0.1818181818181818,2,18,0.0,0.0,0.0,0.0,0.0,0,1,0,0,0.0335962919634766,0.0310334170353598,0.0026784579968079,1.0981468340032734,campaign_size_corrected,strong,2,20,200,10,200,2,"Chevrolet=1,Kia=1",13.028963176362057,13.028970584406906,13.028341756880936,4.076047219482176,8.952923364924729,0,0,0.0,571.0,1142.0,undirected_nx_bidirectional_pyg,5.71,4.0,0.02869347,27.0,13.5,36.0,131.0,75.0,496.0,13.1349,0.95,10.0,5.0,0.033223,campaign_size_corrected_strong_n2_standard_gnn_seed97_20260611T122737_1e8faf0e,
fcgnn,41,campaign_size_corrected_strong,5,1.0,5,15,0,0,0.125,1.0,0.2222222222222222,1.0,0.0,0.8584,0.4076445581490716,0,102,0.25,1.0,0.4,5,15,1.0,1.0,1.0,1.0,1.0,1,1,0,13,0.0342047500307671,0.0373341669910587,0.0027171249967068,1.2156853749766017,campaign_size_corrected,strong,3,20,200,10,200,5,"Chevrolet=1,Hyundai=2,Kia=2",12.15890567045031,12.037550658865475,11.10952789978871,4.171348681988056,7.866201976877419,0,0,0.0,718.0,1436.0,undirected_nx_bidirectional_pyg,7.18,6.0,0.0360804,19.0,9.5,27.0,106.0,139.0,579.0,19.3593,0.95,10.0,5.0,0.033836,campaign_size_corrected_strong_n5_fcgnn_seed41_20260611T122801_2bdd7d44,
descriptor_clustering,83,campaign_size_corrected_weak,5,1.0,5,15,0,0,0.125,1.0,0.2222222222222222,1.0,0.0,0.2187428571428571,0.0797369465209327,25,85,0.25,1.0,0.4,5,15,1.0,1.0,1.0,1.0,1.0,1,1,0,26,0.0293809580034576,,0.0013632499612867,1.0750472079962492,campaign_size_corrected,weak,2,20,200,10,200,5,"Hyundai=3,Kia=2",12.36218445469922,12.362272021498612,11.52454902048306,1.671054650727764,10.69121737077085,0,0,0.0,614.0,1228.0,undirected_nx_bidirectional_pyg,6.14,6.0,0.03085427,15.0,7.5,26.0,109.0,98.0,516.0,15.9609,0.95,10.0,5.0,0.028995,campaign_size_corrected_weak_n5_descriptor_clustering_seed83_20260611T123034_655c1e81,
fcgnn,11,campaign_size_corrected_strong,5,1.0,5,15,0,0,0.125,1.0,0.2222222222222222,1.0,0.0,0.8749714285714286,0.4247126117425795,0,98,0.25,1.0,0.4,5,15,1.0,0.0,1.0,0.0,1.0,3,1,0,48,0.0329897499759681,0.0404484159662388,0.0034154170425608,1.1591498340130784,campaign_size_corrected,strong,3,20,200,10,200,5,"Chevrolet=1,Hyundai=2,Kia=2",12.197488820795687,12.11701145654036,11.3509526349948,3.947597029741532,8.169414426798827,0,0,0.0,672.0,1344.0,undirected_nx_bidirectional_pyg,6.72,5.0,0.03376884,26.0,13.0,33.0,112.0,140.0,532.0,20.8333,0.95,10.0,5.0,0.032579,campaign_size_corrected_strong_n5_fcgnn_seed11_20260611T122747_3e587134,
fcgnn,97,campaign_size_corrected_weak,2,1.0,2,18,0,0,0.05,1.0,0.0952380952380952,1.0,0.0,0.1652631578947368,0.0317057744194939,10,102,0.1,1.0,0.1818181818181818,2,18,1.0,1.0,1.0,1.0,1.0,1,1,0,12,0.0345689160167239,0.0338401250191964,0.0024724170216359,1.0735200839699246,campaign_size_corrected,weak,2,20,200,10,200,2,"Hyundai=1,Kia=1",9.947574003615111,9.974432801889252,8.972159776561565,1.9734136068175676,8.001019195071684,0,0,0.0,502.0,1004.0,undirected_nx_bidirectional_pyg,5.02,4.0,0.02522613,27.0,13.5,36.0,131.0,47.0,455.0,9.3625,0.95,10.0,5.0,0.034191,campaign_size_corrected_weak_n2_fcgnn_seed97_20260611T122955_b2f38bed,
local_ids,101,campaign_size_corrected_weak,5,1.0,5,15,0,0,0.125,1.0,0.2222222222222222,1.0,0.0,0.3212571428571428,0.0907830361663849,25,89,0.25,1.0,0.4,5,15,0.0,0.0,0.0,0.0,0.0,0,1,0,0,,,,1.036105500010308,campaign_size_corrected,weak,2,20,200,10,200,5,"Hyundai=3,Kia=2",12.886079566618402,12.909917258143391,12.415492399783146,0.549302621583435,12.36061463655996,0,0,0.0,,,,,,,,,,,,,,,,,,campaign_size_corrected_weak_n5_local_ids_seed101_20260611T123042_8bb415a9,0.0
standard_gnn,11,campaign_size_corrected_weak,2,1.0,2,18,0,0,0.05,1.0,0.0952380952380952,1.0,0.0,0.2221052631578947,0.0335479721137107,10,105,0.1,1.0,0.1818181818181818,2,18,1.0,0.0,1.0,0.0,1.0,2,1,0,45,0.0312300419900566,0.0310479170293547,0.0025283329887315,1.083904916013125,campaign_size_corrected,weak,2,20,200,10,200,2,"Hyundai=1,Kia=1",10.228042721977316,10.281975245026306,9.514143206496636,-0.9309420575739384,11.212917302600244,0,0,0.0,473.0,946.0,undirected_nx_bidirectional_pyg,4.73,4.0,0.02376884,28.0,14.0,39.0,124.0,52.0,421.0,10.9937,0.95,10.0,5.0,0.030865,campaign_size_corrected_weak_n2_standard_gnn_seed11_20260611T122919_7ab6442b,
standard_gnn,11,campaign_size_corrected_strong,10,1.0,10,10,0,0,0.25,1.0,0.4,1.0,0.0,0.8290666666666666,0.5090944093934857,0,72,0.5,1.0,0.6666666666666666,10,10,1.0,1.0,1.0,1.0,1.0,1,1,0,28,0.0303173339925706,0.0393862909986637,0.0024145420175045,1.1907988340244628,campaign_size_corrected,strong,3,20,200,10,200,10,"Chevrolet=3,Hyundai=4,Kia=3",201.35096056664227,201.25255463048595,200.46338950324716,97.09293229615388,104.15962233433208,0,0,0.0,962.0,1924.0,undirected_nx_bidirectional_pyg,9.62,12.0,0.04834171,21.0,10.5,32.0,100.0,239.0,723.0,24.8441,0.95,10.0,5.0,0.02993,campaign_size_corrected_strong_n10_standard_gnn_seed11_20260611T122831_6c6812d8,
descriptor_clustering,41,campaign_size_corrected_weak,10,1.0,10,10,0,0,0.25,1.0,0.4,1.0,0.0,0.1848,0.1580798727285411,50,69,0.5,1.0,0.6666666666666666,10,10,1.0,0.0,1.0,0.0,1.0,2,1,0,60,0.0334627910051494,,0.0016999579966068,1.1572057500015944,campaign_size_corrected,weak,2,20,200,10,200,10,"Hyundai=5,Kia=5",12.473520986246406,12.47813860128402,11.761515312688548,2.617366397999746,9.860772203284274,0,0,0.0,705.0,1410.0,undirected_nx_bidirectional_pyg,7.05,8.5,0.03542714,17.0,8.5,30.0,100.0,161.0,544.0,22.8369,0.95,10.0,5.0,0.033015,campaign_size_corrected_weak_n10_descriptor_clustering_seed41_20260611T123102_c163a981,
standard_gnn,53,campaign_size_corrected_weak,5,1.0,5,15,0,0,0.125,1.0,0.2222222222222222,1.0,0.0,0.2454857142857143,0.0819944654740873,25,94,0.25,1.0,0.4,5,15,0.0,0.0,0.0,0.0,0.0,0,1,0,0,0.0322312919888645,0.032724708027672,0.0015005829627625,1.2082716249860823,campaign_size_corrected,weak,2,20,200,10,200,5,"Hyundai=3,Kia=2",13.238127259113469,13.214908639168645,12.500384868188746,1.8064680935622277,11.408440545606416,0,0,0.0,539.0,1078.0,undirected_nx_bidirectional_pyg,5.39,4.5,0.02708543,22.0,11.0,31.0,90.0,80.0,459.0,14.8423,0.95,10.0,5.0,0.031858,campaign_size_corrected_weak_n5_standard_gnn_seed53_20260611T123022_5a1e4692,
standard_gnn,67,campaign_size_corrected_strong,2,1.0,2,18,0,0,0.05,1.0,0.0952380952380952,1.0,0.0,0.973421052631579,0.5,0,104,0.1,1.0,0.1818181818181818,2,18,0.0,0.0,0.0,0.0,0.0,0,1,0,0,0.029828583006747,0.0318533329991623,0.0023993329959921,1.0888522079912946,campaign_size_corrected,strong,2,20,200,10,200,2,"Chevrolet=1,Kia=1",13.040025968868637,13.04002596886864,13.040959938052966,4.149774510352262,8.890251458516378,0,0,0.0,587.0,1174.0,undirected_nx_bidirectional_pyg,5.87,5.0,0.02949749,18.0,9.0,27.0,114.0,75.0,512.0,12.7768,0.95,10.0,5.0,0.029396,campaign_size_corrected_strong_n2_standard_gnn_seed67_20260611T122723_9b078827,
local_ids,101,campaign_size_corrected_weak,2,1.0,2,18,0,0,0.05,1.0,0.0952380952380952,1.0,0.0,0.4005263157894737,0.0432562615120597,10,103,0.1,1.0,0.1818181818181818,2,18,0.0,0.0,0.0,0.0,0.0,0,1,0,0,,,,1.0099822909687646,campaign_size_corrected,weak,2,20,200,10,200,2,"Hyundai=1,Kia=1",12.587485232733332,12.638847909907463,12.421811613492094,-0.0089511030200272,12.647799012927493,0,0,0.0,,,,,,,,,,,,,,,,,,campaign_size_corrected_weak_n2_local_ids_seed101_20260611T122957_03983abe,0.0
descriptor_clustering,71,campaign_size_corrected_weak,2,1.0,2,18,0,0,0.05,1.0,0.0952380952380952,1.0,0.0,0.2478947368421052,0.034460707147154,10,99,0.1,1.0,0.1818181818181818,2,18,1.0,0.0,1.0,0.0,1.0,2,1,0,24,0.0314971250481903,,0.0016606670105829,1.1229074579896403,campaign_size_corrected,weak,2,20,200,10,200,2,"Hyundai=1,Kia=1",9.852656863554136,9.911616656131978,9.090831562128855,1.998754313469808,7.912862342662169,0,0,0.0,436.0,872.0,undirected_nx_bidirectional_pyg,4.36,4.0,0.02190955,16.0,8.0,27.0,129.0,46.0,390.0,10.5505,0.95,10.0,5.0,0.03113,campaign_size_corrected_weak_n2_descriptor_clustering_seed71_20260611T122944_f16cc106,
descriptor_clustering,11,campaign_size_corrected_strong,2,1.0,2,18,0,0,0.05,1.0,0.0952380952380952,1.0,0.0,0.8860526315789474,0.3331095974281385,0,103,0.1,1.0,0.1818181818181818,2,18,1.0,1.0,1.0,1.0,1.0,1,1,0,30,0.0374083330389112,,0.0080855000414885,1.067578542046249,campaign_size_corrected,strong,2,20,200,10,200,2,"Hyundai=1,Kia=1",12.288728436736523,12.145340650280485,11.549667328595309,-3.91842761607186,16.063768266352344,0,0,0.0,535.0,1070.0,undirected_nx_bidirectional_pyg,5.35,4.5,0.02688442,28.0,14.0,39.0,124.0,75.0,460.0,14.0187,0.95,10.0,5.0,0.036509,campaign_size_corrected_strong_n2_descriptor_clustering_seed11_20260611T122700_3a1222cf,
fcgnn,97,campaign_size_corrected_strong,2,1.0,2,18,0,0,0.05,1.0,0.0952380952380952,1.0,0.0,0.9692105263157896,0.4672037510656436,0,98,0.1,1.0,0.1818181818181818,2,18,1.0,0.0,1.0,0.0,1.0,4,1,0,49,0.0293669999809935,0.0394854579935781,0.0031474169809371,1.0866941250278614,campaign_size_corrected,strong,2,20,200,10,200,2,"Chevrolet=1,Kia=1",13.028963176362057,13.028970584406906,13.028341756880936,4.076047219482176,8.952923364924729,0,0,0.0,571.0,1142.0,undirected_nx_bidirectional_pyg,5.71,4.0,0.02869347,27.0,13.5,36.0,131.0,75.0,496.0,13.1349,0.95,10.0,5.0,0.029002,campaign_size_corrected_strong_n2_fcgnn_seed97_20260611T122738_81d5a213,
descriptor_clustering,67,campaign_size_corrected_weak,10,1.0,10,10,0,0,0.25,1.0,0.4,1.0,0.0,0.2296,0.1639389887953379,50,77,0.5,1.0,0.6666666666666666,10,10,1.0,1.0,1.0,1.0,1.0,1,1,0,49,0.0349718340439721,,0.001543499995023,1.1325637080008164,campaign_size_corrected,weak,2,20,200,10,200,10,"Hyundai=5,Kia=5",13.10855817751316,13.119967832446047,12.433803239746602,3.2313382595564835,9.888629572889563,0,0,0.0,749.0,1498.0,undirected_nx_bidirectional_pyg,7.49,8.0,0.03763819,11.0,5.5,18.0,100.0,179.0,570.0,23.8985,0.95,10.0,5.0,0.034561,campaign_size_corrected_weak_n10_descriptor_clustering_seed67_20260611T123112_247afb7b,
fcgnn,71,campaign_size_corrected_weak,5,1.0,5,15,0,0,0.125,1.0,0.2222222222222222,1.0,0.0,0.2505142857142857,0.0827910976804808,25,86,0.25,1.0,0.4,5,15,1.0,1.0,1.0,1.0,1.0,1,1,0,13,0.0315815840149298,0.0396504589589312,0.0024016670067794,1.1384396669454873,campaign_size_corrected,weak,2,20,200,10,200,5,"Hyundai=3,Kia=2",11.989688453079046,12.002255438136189,11.300424434436165,2.051220329969326,9.951035108166865,0,0,0.0,519.0,1038.0,undirected_nx_bidirectional_pyg,5.19,4.0,0.0260804,16.0,8.0,27.0,102.0,98.0,421.0,18.8825,0.95,10.0,5.0,0.031218,campaign_size_corrected_weak_n5_fcgnn_seed71_20260611T123032_5611f939,
local_ids,11,campaign_size_corrected_strong,10,1.0,10,10,0,0,0.25,1.0,0.4,1.0,0.0,0.8290666666666666,0.5090944093934857,0,72,0.5,1.0,0.6666666666666666,10,10,0.0,0.0,0.0,0.0,0.0,0,1,0,0,,,,1.1805831249803305,campaign_size_corrected,strong,3,20,200,10,200,10,"Chevrolet=3,Hyundai=4,Kia=3",201.35096056664227,201.25255463048595,200.46338950324716,97.09293229615388,104.15962233433208,0,0,0.0,,,,,,,,,,,,,,,,,,campaign_size_corrected_strong_n10_local_ids_seed11_20260611T122829_280f4f68,0.0
standard_gnn,97,campaign_size_corrected_weak,10,1.0,10,10,0,0,0.25,1.0,0.4,1.0,0.0,0.1935333333333333,0.1587331160432976,50,65,0.5,1.0,0.6666666666666666,10,10,0.0,0.0,0.0,0.0,0.0,0,1,0,0,0.031387791968882,0.0321189580135978,0.0015068330103531,1.1497356670442969,campaign_size_corrected,weak,2,20,200,10,200,10,"Hyundai=5,Kia=5",13.101742262832232,13.10650584943028,12.473171348940545,4.171104053455096,8.935401795975183,0,0,0.0,694.0,1388.0,undirected_nx_bidirectional_pyg,6.94,8.0,0.03487437,24.0,12.0,32.0,100.0,166.0,528.0,23.9193,0.95,10.0,5.0,0.030977,campaign_size_corrected_weak_n10_standard_gnn_seed97_20260611T123127_eb3559c2,
fcgnn,97,campaign_size_corrected_strong,10,1.0,10,10,0,0,0.25,1.0,0.4,1.0,0.0,0.818,0.5144007693967566,0,82,0.5,1.0,0.6666666666666666,10,10,1.0,0.0,1.0,0.0,1.0,3,1,0,104,0.0308987079770304,0.0397673340048641,0.0025813340325839,1.237722790974658,campaign_size_corrected,strong,3,20,200,10,200,10,"Chevrolet=3,Hyundai=4,Kia=3",201.10644689874417,200.92453164240467,200.092705352627,95.86401492294328,105.0605167194614,0,0,0.0,944.0,1888.0,undirected_nx_bidirectional_pyg,9.44,11.5,0.04743719,17.0,8.5,31.0,100.0,268.0,676.0,28.3898,0.95,10.0,5.0,0.030515,campaign_size_corrected_strong_n10_fcgnn_seed97_20260611T122911_f6e5a38f,
standard_gnn,41,campaign_size_corrected_strong,5,1.0,5,15,0,0,0.125,1.0,0.2222222222222222,1.0,0.0,0.8584,0.4076445581490716,0,102,0.25,1.0,0.4,5,15,1.0,1.0,1.0,1.0,1.0,1,1,0,12,0.0324879169929772,0.0341478750342503,0.0026572080096229,1.1172775839804672,campaign_size_corrected,strong,3,20,200,10,200,5,"Chevrolet=1,Hyundai=2,Kia=2",12.15890567045031,12.037550658865475,11.10952789978871,4.171348681988056,7.866201976877419,0,0,0.0,718.0,1436.0,undirected_nx_bidirectional_pyg,7.18,6.0,0.0360804,19.0,9.5,27.0,106.0,139.0,579.0,19.3593,0.95,10.0,5.0,0.032076,campaign_size_corrected_strong_n5_standard_gnn_seed41_20260611T122759_6127a6d9,
fcgnn,53,campaign_size_corrected_weak,2,1.0,2,18,0,0,0.05,1.0,0.0952380952380952,1.0,0.0,0.2136842105263157,0.0330705357870486,10,106,0.1,1.0,0.1818181818181818,2,18,1.0,1.0,1.0,1.0,1.0,1,1,0,10,0.0288186249672435,0.0339637500001117,0.0024269169662147,1.093971916998271,campaign_size_corrected,weak,2,20,200,10,200,2,"Hyundai=1,Kia=1",12.298829153860158,12.195079160523823,11.167675578252236,1.1695601455029252,11.0255190150209,0,0,0.0,467.0,934.0,undirected_nx_bidirectional_pyg,4.67,4.5,0.02346734,19.0,9.5,28.0,114.0,47.0,420.0,10.0642,0.95,10.0,5.0,0.028459,campaign_size_corrected_weak_n2_fcgnn_seed53_20260611T122938_317eb40e,
local_ids,23,campaign_size_corrected_weak,5,1.0,5,15,0,0,0.125,1.0,0.2222222222222222,1.0,0.0,0.2436571428571428,0.0827801187040071,25,86,0.25,1.0,0.4,5,15,0.0,0.0,0.0,0.0,0.0,0,1,0,0,,,,1.0289230000344105,campaign_size_corrected,weak,2,20,200,10,200,5,"Hyundai=3,Kia=2",13.105678737444496,13.1168229937943,12.392908592248665,1.736617762131846,11.380205231662456,0,0,0.0,,,,,,,,,,,,,,,,,,campaign_size_corrected_weak_n5_local_ids_seed23_20260611T123006_8815ae29,0.0
standard_gnn,53,campaign_size_corrected_weak,10,1.0,10,10,0,0,0.25,1.0,0.4,1.0,0.0,0.2281333333333333,0.1640278908480361,50,77,0.5,1.0,0.6666666666666666,10,10,1.0,0.0,1.0,0.0,1.0,2,1,0,25,0.0313273749779909,0.0337242920068092,0.0026118750101886,1.1782168340287171,campaign_size_corrected,weak,2,20,200,10,200,10,"Hyundai=5,Kia=5",13.30875861169964,13.319754079255214,12.51809227431575,3.030275351728691,10.289478727526522,0,0,0.0,720.0,1440.0,undirected_nx_bidirectional_pyg,7.2,8.0,0.0361809,21.0,10.5,31.0,100.0,179.0,541.0,24.8611,0.95,10.0,5.0,0.030928,campaign_size_corrected_weak_n10_standard_gnn_seed53_20260611T123108_ecd86da3,
fcgnn,23,campaign_size_corrected_weak,10,1.0,10,10,0,0,0.25,1.0,0.4,1.0,0.0,0.2316666666666666,0.1659103562038741,50,65,0.5,1.0,0.6666666666666666,10,10,1.0,1.0,1.0,1.0,1.0,1,1,0,38,0.0331094580469653,0.0403789579868316,0.00258945801761,1.1666377920191735,campaign_size_corrected,weak,2,20,200,10,200,10,"Hyundai=5,Kia=5",13.117818312680438,13.118152962657916,12.457697601395758,3.0723765800507903,10.045776382607125,0,0,0.0,663.0,1326.0,undirected_nx_bidirectional_pyg,6.63,7.0,0.03331658,22.0,11.0,33.0,100.0,174.0,489.0,26.2443,0.95,10.0,5.0,0.032706,campaign_size_corrected_weak_n10_fcgnn_seed23_20260611T123055_84541cff,
descriptor_clustering,101,campaign_size_corrected_strong,5,1.0,5,15,0,0,0.125,1.0,0.2222222222222222,1.0,0.0,0.8953142857142857,0.4488686057556883,0,112,0.25,1.0,0.4,5,15,0.0,0.0,0.0,0.0,0.0,0,1,0,0,0.030266624991782,,0.0013815829879604,1.1547914579859937,campaign_size_corrected,strong,3,20,200,10,200,5,"Chevrolet=1,Hyundai=2,Kia=2",12.42486883296382,12.27271181481214,11.294034723481715,3.6404572909885378,8.632254523823603,0,0,0.0,763.0,1526.0,undirected_nx_bidirectional_pyg,7.63,5.0,0.03834171,14.0,7.0,22.0,93.0,75.0,688.0,9.8296,0.95,10.0,5.0,0.029884,campaign_size_corrected_strong_n5_descriptor_clustering_seed101_20260611T122825_c8abec22,
local_ids,37,campaign_size_corrected_weak,10,1.0,10,10,0,0,0.25,1.0,0.4,1.0,0.0,0.1806666666666666,0.1574229482933574,50,62,0.5,1.0,0.6666666666666666,10,10,0.0,0.0,0.0,0.0,0.0,0,1,0,0,,,,1.1518296250142157,campaign_size_corrected,weak,2,20,200,10,200,10,"Hyundai=5,Kia=5",23.98820826296644,24.00167122821971,23.36327377691249,6.837963915569376,17.163707312650335,0,0,0.0,,,,,,,,,,,,,,,,,,campaign_size_corrected_weak_n10_local_ids_seed37_20260611T123056_a2031e3b,0.0
fcgnn,97,campaign_size_corrected_strong,5,1.0,5,15,0,0,0.125,1.0,0.2222222222222222,1.0,0.0,0.8853714285714286,0.4926133899281171,0,103,0.25,1.0,0.4,5,15,1.0,1.0,1.0,1.0,1.0,1,1,0,32,0.0302040409878827,0.039477749960497,0.0026611249777488,1.1168256659875624,campaign_size_corrected,strong,3,20,200,10,200,5,"Chevrolet=1,Hyundai=2,Kia=2",12.36397362373416,12.16833359559689,11.380717555787903,4.289940539336535,7.878393056260355,0,0,0.0,721.0,1442.0,undirected_nx_bidirectional_pyg,7.21,5.0,0.03623116,10.0,5.0,23.0,58.0,83.0,638.0,11.5118,0.95,10.0,5.0,0.029818,campaign_size_corrected_strong_n5_fcgnn_seed97_20260611T122823_47afe1a2,
descriptor_clustering,23,campaign_size_corrected_weak,5,1.0,5,15,0,0,0.125,1.0,0.2222222222222222,1.0,0.0,0.2436571428571428,0.0827801187040071,25,86,0.25,1.0,0.4,5,15,1.0,0.0,1.0,0.0,1.0,2,1,0,38,0.0310642920085228,,0.0013601660029962,1.180060582992155,campaign_size_corrected,weak,2,20,200,10,200,5,"Hyundai=3,Kia=2",13.105678737444496,13.1168229937943,12.392908592248665,1.736617762131846,11.380205231662456,0,0,0.0,550.0,1100.0,undirected_nx_bidirectional_pyg,5.5,4.0,0.02763819,17.0,8.5,27.0,105.0,90.0,460.0,16.3636,0.95,10.0,5.0,0.030688,campaign_size_corrected_weak_n5_descriptor_clustering_seed23_20260611T123007_00c588a8,
local_ids,97,campaign_size_corrected_weak,5,1.0,5,15,0,0,0.125,1.0,0.2222222222222222,1.0,0.0,0.2269714285714285,0.0807123414715392,25,85,0.25,1.0,0.4,5,15,0.0,0.0,0.0,0.0,0.0,0,1,0,0,,,,1.076920208055526,campaign_size_corrected,weak,2,20,200,10,200,5,"Hyundai=3,Kia=2",12.165109991387045,12.055579541933549,11.53161519640866,2.5406151971914266,9.514964344742122,0,0,0.0,,,,,,,,,,,,,,,,,,campaign_size_corrected_weak_n5_local_ids_seed97_20260611T123038_8d76a2b6,0.0
descriptor_clustering,41,campaign_size_corrected_strong,2,1.0,2,18,0,0,0.05,1.0,0.0952380952380952,1.0,0.0,0.821578947368421,0.160685344067697,0,115,0.1,1.0,0.1818181818181818,2,18,0.0,0.0,0.0,0.0,0.0,0,1,0,0,0.0303770420141518,,0.0015168339596129,1.0552416249993255,campaign_size_corrected,strong,2,20,200,10,200,2,"Hyundai=1,Kia=1",10.658437656972271,10.688848146330953,9.815711322621578,2.0572420854072044,8.631606060923747,0,0,0.0,538.0,1076.0,undirected_nx_bidirectional_pyg,5.38,4.0,0.02703518,14.0,7.0,24.0,74.0,54.0,484.0,10.0372,0.95,10.0,5.0,0.029897,campaign_size_corrected_strong_n2_descriptor_clustering_seed41_20260611T122714_6f66d1df,
descriptor_clustering,53,campaign_size_corrected_weak,10,1.0,10,10,0,0,0.25,1.0,0.4,1.0,0.0,0.2281333333333333,0.1640278908480361,50,77,0.5,1.0,0.6666666666666666,10,10,1.0,1.0,1.0,1.0,1.0,1,1,0,48,0.0303234999882988,,0.0014122499851509,1.13777095801197,campaign_size_corrected,weak,2,20,200,10,200,10,"Hyundai=5,Kia=5",13.30875861169964,13.319754079255214,12.51809227431575,3.030275351728691,10.289478727526522,0,0,0.0,720.0,1440.0,undirected_nx_bidirectional_pyg,7.2,8.0,0.0361809,21.0,10.5,31.0,100.0,179.0,541.0,24.8611,0.95,10.0,5.0,0.029914,campaign_size_corrected_weak_n10_descriptor_clustering_seed53_20260611T123107_989a1af1,
fcgnn,101,campaign_size_corrected_strong,5,1.0,5,15,0,0,0.125,1.0,0.2222222222222222,1.0,0.0,0.8953142857142857,0.4488686057556883,0,112,0.25,1.0,0.4,5,15,1.0,0.0,1.0,0.0,1.0,2,1,0,49,0.0303234999882988,0.0402365410118363,0.0026578750112093,1.1094801669823935,campaign_size_corrected,strong,3,20,200,10,200,5,"Chevrolet=1,Hyundai=2,Kia=2",12.42486883296382,12.27271181481214,11.294034723481715,3.6404572909885378,8.632254523823603,0,0,0.0,763.0,1526.0,undirected_nx_bidirectional_pyg,7.63,5.0,0.03834171,14.0,7.0,22.0,93.0,75.0,688.0,9.8296,0.95,10.0,5.0,0.029954,campaign_size_corrected_strong_n5_fcgnn_seed101_20260611T122828_d22879ef,
local_ids,53,campaign_size_corrected_strong,5,1.0,5,15,0,0,0.125,1.0,0.2222222222222222,1.0,0.0,0.8452571428571428,0.3808633279074157,0,97,0.25,1.0,0.4,5,15,0.0,0.0,0.0,0.0,0.0,0,1,0,0,,,,1.0350430000107735,campaign_size_corrected,strong,3,20,200,10,200,5,"Chevrolet=1,Hyundai=2,Kia=2",12.03834100110936,11.878262152979875,10.868302437198343,4.0024813027791595,7.875780850200718,0,0,0.0,,,,,,,,,,,,,,,,,,campaign_size_corrected_strong_n5_local_ids_seed53_20260611T122802_84e45227,0.0
standard_gnn,41,campaign_size_corrected_weak,10,1.0,10,10,0,0,0.25,1.0,0.4,1.0,0.0,0.1848,0.1580798727285411,50,69,0.5,1.0,0.6666666666666666,10,10,1.0,1.0,1.0,1.0,1.0,1,1,0,10,0.0313692500349134,0.0308295419672504,0.0022143750102259,1.2109732499811798,campaign_size_corrected,weak,2,20,200,10,200,10,"Hyundai=5,Kia=5",12.473520986246406,12.47813860128402,11.761515312688548,2.617366397999746,9.860772203284274,0,0,0.0,705.0,1410.0,undirected_nx_bidirectional_pyg,7.05,8.5,0.03542714,17.0,8.5,30.0,100.0,161.0,544.0,22.8369,0.95,10.0,5.0,0.030841,campaign_size_corrected_weak_n10_standard_gnn_seed41_20260611T123103_e3aabf01,
fcgnn,37,campaign_size_corrected_weak,5,1.0,5,15,0,0,0.125,1.0,0.2222222222222222,1.0,0.0,0.2020571428571428,0.0783426232845703,25,83,0.25,1.0,0.4,5,15,1.0,1.0,1.0,1.0,1.0,1,1,0,15,0.0302486669970676,0.0372653329977765,0.002356375043746,1.1134127089753747,campaign_size_corrected,weak,2,20,200,10,200,5,"Hyundai=3,Kia=2",12.122043213998053,12.151412612538005,11.405416240566282,1.7069595613117632,10.444453051226242,0,0,0.0,563.0,1126.0,undirected_nx_bidirectional_pyg,5.63,5.0,0.02829146,20.0,10.0,33.0,98.0,85.0,478.0,15.0977,0.95,10.0,5.0,0.029799,campaign_size_corrected_weak_n5_fcgnn_seed37_20260611T123014_508a5d1c,
fcgnn,97,campaign_size_corrected_weak,5,1.0,5,15,0,0,0.125,1.0,0.2222222222222222,1.0,0.0,0.2269714285714285,0.0807123414715392,25,85,0.25,1.0,0.4,5,15,1.0,1.0,1.0,1.0,1.0,1,1,0,16,0.0291472499957308,0.0363931669853627,0.0020583749865181,1.1857542080106214,campaign_size_corrected,weak,2,20,200,10,200,5,"Hyundai=3,Kia=2",12.165109991387045,12.055579541933549,11.53161519640866,2.5406151971914266,9.514964344742122,0,0,0.0,610.0,1220.0,undirected_nx_bidirectional_pyg,6.1,6.0,0.03065327,21.0,10.5,35.0,80.0,88.0,522.0,14.4262,0.95,10.0,5.0,0.028697,campaign_size_corrected_weak_n5_fcgnn_seed97_20260611T123041_d0670617,
standard_gnn,71,campaign_size_corrected_weak,2,1.0,2,18,0,0,0.05,1.0,0.0952380952380952,1.0,0.0,0.2478947368421052,0.034460707147154,10,99,0.1,1.0,0.1818181818181818,2,18,0.0,0.0,0.0,0.0,0.0,0,1,0,0,0.0325327919563278,0.0318747920100577,0.0016267910250462,1.0873769170138985,campaign_size_corrected,weak,2,20,200,10,200,2,"Hyundai=1,Kia=1",9.852656863554136,9.911616656131978,9.090831562128855,1.998754313469808,7.912862342662169,0,0,0.0,436.0,872.0,undirected_nx_bidirectional_pyg,4.36,4.0,0.02190955,16.0,8.0,27.0,129.0,46.0,390.0,10.5505,0.95,10.0,5.0,0.032137,campaign_size_corrected_weak_n2_standard_gnn_seed71_20260611T122945_3639344c,
standard_gnn,101,campaign_size_corrected_strong,10,1.0,10,10,0,0,0.25,1.0,0.4,1.0,0.0,0.8169333333333334,0.47743010930267,0,94,0.5,1.0,0.6666666666666666,10,10,1.0,0.0,1.0,0.0,1.0,2,1,0,47,0.0340353340143337,0.0398260000511072,0.0026439590146765,1.26064683299046,campaign_size_corrected,strong,3,20,200,10,200,10,"Chevrolet=3,Hyundai=4,Kia=3",201.26824729506689,201.01082216419456,200.2153431523235,94.87813908137252,106.13268308282204,0,0,0.0,1017.0,2034.0,undirected_nx_bidirectional_pyg,10.17,12.0,0.05110553,16.0,8.0,22.0,100.0,172.0,845.0,16.9125,0.95,10.0,5.0,0.033597,campaign_size_corrected_strong_n10_standard_gnn_seed101_20260611T122914_091886f7,
local_ids,83,campaign_size_corrected_strong,2,1.0,2,18,0,0,0.05,1.0,0.0952380952380952,1.0,0.0,0.8689473684210527,0.304183487140822,0,96,0.1,1.0,0.1818181818181818,2,18,0.0,0.0,0.0,0.0,0.0,0,1,0,0,,,,1.012319708999712,campaign_size_corrected,strong,2,20,200,10,200,2,"Chevrolet=1,Hyundai=1",14.228530883306508,13.964095052061104,13.005793319912932,0.9273654322362308,13.036729619824872,0,0,0.0,,,,,,,,,,,,,,,,,,campaign_size_corrected_strong_n2_local_ids_seed83_20260611T122730_e40aeda5,0.0
standard_gnn,37,campaign_size_corrected_strong,5,1.0,5,15,0,0,0.125,1.0,0.2222222222222222,1.0,0.0,0.8400000000000001,0.3815299419108788,0,85,0.25,1.0,0.4,5,15,1.0,1.0,1.0,1.0,1.0,1,1,0,13,0.0311808330006897,0.0311726660002022,0.0021907080081291,1.1166810410213657,campaign_size_corrected,strong,3,20,200,10,200,5,"Chevrolet=1,Hyundai=2,Kia=2",12.104108558035378,11.984887191641633,10.956331543477033,3.8892416785949986,8.095645513046634,0,0,0.0,662.0,1324.0,undirected_nx_bidirectional_pyg,6.62,5.0,0.03326633,25.0,12.5,34.0,87.0,145.0,517.0,21.9033,0.95,10.0,5.0,0.030787,campaign_size_corrected_strong_n5_standard_gnn_seed37_20260611T122755_02b5d622,
local_ids,23,campaign_size_corrected_strong,10,1.0,10,10,0,0,0.25,1.0,0.4,1.0,0.0,0.7806666666666666,0.4688946008467045,0,69,0.5,1.0,0.6666666666666666,10,10,0.0,0.0,0.0,0.0,0.0,0,1,0,0,,,,1.096442875044886,campaign_size_corrected,strong,3,20,200,10,200,10,"Chevrolet=3,Hyundai=4,Kia=3",201.2601454767049,200.98427056425655,200.48605009406367,95.66932533260903,105.31494523164751,0,0,0.0,,,,,,,,,,,,,,,,,,campaign_size_corrected_strong_n10_local_ids_seed23_20260611T122834_55b7e2b6,0.0
local_ids,67,campaign_size_corrected_strong,5,1.0,5,15,0,0,0.125,1.0,0.2222222222222222,1.0,0.0,0.7909714285714287,0.3345779998719629,0,80,0.25,1.0,0.4,5,15,0.0,0.0,0.0,0.0,0.0,0,1,0,0,,,,1.1307508750469424,campaign_size_corrected,strong,3,20,200,10,200,5,"Chevrolet=1,Hyundai=2,Kia=2",13.991849981078678,13.85806244998428,13.113195093133218,5.448970454296258,8.409091995688023,0,0,0.0,,,,,,,,,,,,,,,,,,campaign_size_corrected_strong_n5_local_ids_seed67_20260611T122806_c6a68ac7,0.0
descriptor_clustering,37,campaign_size_corrected_strong,5,1.0,5,15,0,0,0.125,1.0,0.2222222222222222,1.0,0.0,0.8400000000000001,0.3815299419108788,0,85,0.25,1.0,0.4,5,15,1.0,1.0,1.0,1.0,1.0,1,1,0,19,0.0323082500253804,,0.0016980840009637,1.085808374977205,campaign_size_corrected,strong,3,20,200,10,200,5,"Chevrolet=1,Hyundai=2,Kia=2",12.104108558035378,11.984887191641633,10.956331543477033,3.8892416785949986,8.095645513046634,0,0,0.0,662.0,1324.0,undirected_nx_bidirectional_pyg,6.62,5.0,0.03326633,25.0,12.5,34.0,87.0,145.0,517.0,21.9033,0.95,10.0,5.0,0.031882,campaign_size_corrected_strong_n5_descriptor_clustering_seed37_20260611T122754_dc4bf5c9,
descriptor_clustering,41,campaign_size_corrected_weak,5,1.0,5,15,0,0,0.125,1.0,0.2222222222222222,1.0,0.0,0.2229714285714286,0.0800098036781481,25,89,0.25,1.0,0.4,5,15,1.0,0.0,1.0,0.0,1.0,3,1,0,51,0.0313006250071339,,0.0013634589849971,1.0924311249982566,campaign_size_corrected,weak,2,20,200,10,200,5,"Hyundai=3,Kia=2",10.811360036700355,10.805438114719262,10.05771141336665,1.5331207362750596,9.272317378444203,0,0,0.0,597.0,1194.0,undirected_nx_bidirectional_pyg,5.97,5.5,0.03,17.0,8.5,29.0,50.0,92.0,505.0,15.4104,0.95,10.0,5.0,0.030926,campaign_size_corrected_weak_n5_descriptor_clustering_seed41_20260611T123016_0f2da345,
fcgnn,53,campaign_size_corrected_weak,10,1.0,10,10,0,0,0.25,1.0,0.4,1.0,0.0,0.2281333333333333,0.1640278908480361,50,77,0.5,1.0,0.6666666666666666,10,10,1.0,1.0,1.0,1.0,1.0,1,1,0,25,0.0373616659780964,0.0373157080030068,0.0022271249908953,1.3360497920075431,campaign_size_corrected,weak,2,20,200,10,200,10,"Hyundai=5,Kia=5",13.30875861169964,13.319754079255214,12.51809227431575,3.030275351728691,10.289478727526522,0,0,0.0,720.0,1440.0,undirected_nx_bidirectional_pyg,7.2,8.0,0.0361809,21.0,10.5,31.0,100.0,179.0,541.0,24.8611,0.95,10.0,5.0,0.036975,campaign_size_corrected_weak_n10_fcgnn_seed53_20260611T123109_79357b1f,
local_ids,41,campaign_size_corrected_strong,2,1.0,2,18,0,0,0.05,1.0,0.0952380952380952,1.0,0.0,0.821578947368421,0.160685344067697,0,115,0.1,1.0,0.1818181818181818,2,18,0.0,0.0,0.0,0.0,0.0,0,1,0,0,,,,1.0068280409905128,campaign_size_corrected,strong,2,20,200,10,200,2,"Hyundai=1,Kia=1",10.658437656972271,10.688848146330953,9.815711322621578,2.0572420854072044,8.631606060923747,0,0,0.0,,,,,,,,,,,,,,,,,,campaign_size_corrected_strong_n2_local_ids_seed41_20260611T122713_e5df9e36,0.0
local_ids,11,campaign_size_corrected_weak,5,1.0,5,15,0,0,0.125,1.0,0.2222222222222222,1.0,0.0,0.2553142857142857,0.0840237284465641,25,96,0.25,1.0,0.4,5,15,0.0,0.0,0.0,0.0,0.0,0,1,0,0,,,,1.1316074999631385,campaign_size_corrected,weak,2,20,200,10,200,5,"Hyundai=3,Kia=2",11.509406597816447,11.47920173848584,10.79184717755024,1.7969597561986288,9.682241982287213,0,0,0.0,,,,,,,,,,,,,,,,,,campaign_size_corrected_weak_n5_local_ids_seed11_20260611T123001_08dfa619,0.0
local_ids,101,campaign_size_corrected_strong,5,1.0,5,15,0,0,0.125,1.0,0.2222222222222222,1.0,0.0,0.8953142857142857,0.4488686057556883,0,112,0.25,1.0,0.4,5,15,0.0,0.0,0.0,0.0,0.0,0,1,0,0,,,,1.0354343329672702,campaign_size_corrected,strong,3,20,200,10,200,5,"Chevrolet=1,Hyundai=2,Kia=2",12.42486883296382,12.27271181481214,11.294034723481715,3.6404572909885378,8.632254523823603,0,0,0.0,,,,,,,,,,,,,,,,,,campaign_size_corrected_strong_n5_local_ids_seed101_20260611T122824_3f5f9ac7,0.0
descriptor_clustering,23,campaign_size_corrected_weak,10,1.0,10,10,0,0,0.25,1.0,0.4,1.0,0.0,0.2316666666666666,0.1659103562038741,50,65,0.5,1.0,0.6666666666666666,10,10,1.0,1.0,1.0,1.0,1.0,1,1,0,51,0.0306532499962486,,0.0014967910246923,1.203910749987699,campaign_size_corrected,weak,2,20,200,10,200,10,"Hyundai=5,Kia=5",13.117818312680438,13.118152962657916,12.457697601395758,3.0723765800507903,10.045776382607125,0,0,0.0,663.0,1326.0,undirected_nx_bidirectional_pyg,6.63,7.0,0.03331658,22.0,11.0,33.0,100.0,174.0,489.0,26.2443,0.95,10.0,5.0,0.030233,campaign_size_corrected_weak_n10_descriptor_clustering_seed23_20260611T123053_7f316e11,
descriptor_clustering,67,campaign_size_corrected_strong,10,1.0,10,10,0,0,0.25,1.0,0.4,1.0,0.0,0.7859333333333334,0.4749787527580166,0,67,0.5,1.0,0.6666666666666666,10,10,1.0,0.0,1.0,0.0,1.0,3,1,0,107,0.0323738339939154,,0.0015325000276789,1.1338639589957893,campaign_size_corrected,strong,3,20,200,10,200,10,"Chevrolet=3,Hyundai=4,Kia=3",201.0660270140113,200.96278198606183,200.1894433707207,95.82356819067368,105.1392137953882,0,0,0.0,996.0,1992.0,undirected_nx_bidirectional_pyg,9.96,11.5,0.05005025,11.0,5.5,17.0,100.0,194.0,802.0,19.4779,0.95,10.0,5.0,0.031986,campaign_size_corrected_strong_n10_descriptor_clustering_seed67_20260611T122854_0b5b6035,
descriptor_clustering,11,campaign_size_corrected_weak,2,1.0,2,18,0,0,0.05,1.0,0.0952380952380952,1.0,0.0,0.2221052631578947,0.0335479721137107,10,105,0.1,1.0,0.1818181818181818,2,18,0.0,0.0,0.0,0.0,0.0,0,1,0,0,0.0302173750242218,,0.0014715840225107,1.0454417080036364,campaign_size_corrected,weak,2,20,200,10,200,2,"Hyundai=1,Kia=1",10.228042721977316,10.281975245026306,9.514143206496636,-0.9309420575739384,11.212917302600244,0,0,0.0,473.0,946.0,undirected_nx_bidirectional_pyg,4.73,4.0,0.02376884,28.0,14.0,39.0,124.0,52.0,421.0,10.9937,0.95,10.0,5.0,0.029767,campaign_size_corrected_weak_n2_descriptor_clustering_seed11_20260611T122918_569cdd51,
local_ids,83,campaign_size_corrected_strong,5,1.0,5,15,0,0,0.125,1.0,0.2222222222222222,1.0,0.0,0.8670857142857142,0.4103823791529119,0,102,0.25,1.0,0.4,5,15,0.0,0.0,0.0,0.0,0.0,0,1,0,0,,,,1.1012788329971954,campaign_size_corrected,strong,3,20,200,10,200,5,"Chevrolet=1,Hyundai=2,Kia=2",12.37207707440465,12.194986777442708,11.313948233498088,4.355681650124297,7.83930512731841,0,0,0.0,,,,,,,,,,,,,,,,,,campaign_size_corrected_strong_n5_local_ids_seed83_20260611T122815_14a435d8,0.0
standard_gnn,67,campaign_size_corrected_strong,5,1.0,5,15,0,0,0.125,1.0,0.2222222222222222,1.0,0.0,0.7909714285714287,0.3345779998719629,0,80,0.25,1.0,0.4,5,15,0.0,0.0,0.0,0.0,0.0,0,1,0,0,0.0298762919846922,0.0338004169752821,0.0014184999745339,1.1199082500534132,campaign_size_corrected,strong,3,20,200,10,200,5,"Chevrolet=1,Hyundai=2,Kia=2",13.991849981078678,13.85806244998428,13.113195093133218,5.448970454296258,8.409091995688023,0,0,0.0,713.0,1426.0,undirected_nx_bidirectional_pyg,7.13,6.0,0.03582915,14.0,7.0,22.0,65.0,126.0,587.0,17.6718,0.95,10.0,5.0,0.029508,campaign_size_corrected_strong_n5_standard_gnn_seed67_20260611T122809_2120fd2e,
fcgnn,67,campaign_size_corrected_strong,5,1.0,5,15,0,0,0.125,1.0,0.2222222222222222,1.0,0.0,0.7909714285714287,0.3345779998719629,0,80,0.25,1.0,0.4,5,15,1.0,1.0,1.0,1.0,1.0,1,1,0,17,0.0312153749982826,0.0406130419578403,0.0023863749811425,1.1094021250028163,campaign_size_corrected,strong,3,20,200,10,200,5,"Chevrolet=1,Hyundai=2,Kia=2",13.991849981078678,13.85806244998428,13.113195093133218,5.448970454296258,8.409091995688023,0,0,0.0,713.0,1426.0,undirected_nx_bidirectional_pyg,7.13,6.0,0.03582915,14.0,7.0,22.0,65.0,126.0,587.0,17.6718,0.95,10.0,5.0,0.030844,campaign_size_corrected_strong_n5_fcgnn_seed67_20260611T122810_c99356ea,
descriptor_clustering,83,campaign_size_corrected_weak,2,1.0,2,18,0,0,0.05,1.0,0.0952380952380952,1.0,0.0,0.1463157894736842,0.0311216467568626,10,96,0.1,1.0,0.1818181818181818,2,18,1.0,1.0,1.0,1.0,1.0,1,1,0,14,0.0289270000066608,,0.0013749579666182,1.0708518330357035,campaign_size_corrected,weak,2,20,200,10,200,2,"Hyundai=1,Kia=1",10.147123873492228,10.123857958274924,9.027071171201818,1.8417917028379984,8.282066255436925,0,0,0.0,518.0,1036.0,undirected_nx_bidirectional_pyg,5.18,5.0,0.02603015,18.0,9.0,29.0,129.0,52.0,466.0,10.0386,0.95,10.0,5.0,0.028564,campaign_size_corrected_weak_n2_descriptor_clustering_seed83_20260611T122949_aca6f961,
descriptor_clustering,97,campaign_size_corrected_strong,5,1.0,5,15,0,0,0.125,1.0,0.2222222222222222,1.0,0.0,0.8853714285714286,0.4926133899281171,0,103,0.25,1.0,0.4,5,15,0.0,0.0,0.0,0.0,0.0,0,1,0,0,0.0305944579886272,,0.0013652499765157,1.0778343330021016,campaign_size_corrected,strong,3,20,200,10,200,5,"Chevrolet=1,Hyundai=2,Kia=2",12.36397362373416,12.16833359559689,11.380717555787903,4.289940539336535,7.878393056260355,0,0,0.0,721.0,1442.0,undirected_nx_bidirectional_pyg,7.21,5.0,0.03623116,10.0,5.0,23.0,58.0,83.0,638.0,11.5118,0.95,10.0,5.0,0.030219,campaign_size_corrected_strong_n5_descriptor_clustering_seed97_20260611T122821_8b74d61b,
local_ids,53,campaign_size_corrected_weak,5,1.0,5,15,0,0,0.125,1.0,0.2222222222222222,1.0,0.0,0.2454857142857143,0.0819944654740873,25,94,0.25,1.0,0.4,5,15,0.0,0.0,0.0,0.0,0.0,0,1,0,0,,,,1.0397265420178885,campaign_size_corrected,weak,2,20,200,10,200,5,"Hyundai=3,Kia=2",13.238127259113469,13.214908639168645,12.500384868188746,1.8064680935622277,11.408440545606416,0,0,0.0,,,,,,,,,,,,,,,,,,campaign_size_corrected_weak_n5_local_ids_seed53_20260611T123019_f331ce37,0.0
standard_gnn,11,campaign_size_corrected_strong,5,1.0,5,15,0,0,0.125,1.0,0.2222222222222222,1.0,0.0,0.8749714285714286,0.4247126117425795,0,98,0.25,1.0,0.4,5,15,1.0,1.0,1.0,1.0,1.0,1,1,0,11,0.0327317080227658,0.0338562079705297,0.0030624170321971,1.1238425000337884,campaign_size_corrected,strong,3,20,200,10,200,5,"Chevrolet=1,Hyundai=2,Kia=2",12.197488820795687,12.11701145654036,11.3509526349948,3.947597029741532,8.169414426798827,0,0,0.0,672.0,1344.0,undirected_nx_bidirectional_pyg,6.72,5.0,0.03376884,26.0,13.0,33.0,112.0,140.0,532.0,20.8333,0.95,10.0,5.0,0.032335,campaign_size_corrected_strong_n5_standard_gnn_seed11_20260611T122746_46f80b3a,
standard_gnn,37,campaign_size_corrected_strong,10,1.0,10,10,0,0,0.25,1.0,0.4,1.0,0.0,0.7941333333333334,0.4738805763448731,0,76,0.5,1.0,0.6666666666666666,10,10,1.0,0.0,1.0,0.0,1.0,2,1,0,24,0.0308655829867348,0.039284041034989,0.0024112079991027,1.2245311660226434,campaign_size_corrected,strong,3,20,200,10,200,10,"Chevrolet=3,Hyundai=4,Kia=3",200.90739431389335,200.77605408684744,199.80884549124784,93.86608716770375,106.90996691914368,0,0,0.0,925.0,1850.0,undirected_nx_bidirectional_pyg,9.25,11.0,0.04648241,23.0,11.5,35.0,100.0,211.0,714.0,22.8108,0.95,10.0,5.0,0.030476,campaign_size_corrected_strong_n10_standard_gnn_seed37_20260611T122841_3f5753fb,
standard_gnn,83,campaign_size_corrected_weak,5,1.0,5,15,0,0,0.125,1.0,0.2222222222222222,1.0,0.0,0.2187428571428571,0.0797369465209327,25,85,0.25,1.0,0.4,5,15,1.0,1.0,1.0,1.0,1.0,1,1,0,12,0.0302574589732103,0.0304887090460397,0.0020952500053681,1.150255291024223,campaign_size_corrected,weak,2,20,200,10,200,5,"Hyundai=3,Kia=2",12.36218445469922,12.362272021498612,11.52454902048306,1.671054650727764,10.69121737077085,0,0,0.0,614.0,1228.0,undirected_nx_bidirectional_pyg,6.14,6.0,0.03085427,15.0,7.5,26.0,109.0,98.0,516.0,15.9609,0.95,10.0,5.0,0.029878,campaign_size_corrected_weak_n5_standard_gnn_seed83_20260611T123035_331df0ff,
standard_gnn,53,campaign_size_corrected_strong,10,1.0,10,10,0,0,0.25,1.0,0.4,1.0,0.0,0.8221333333333334,0.4964392413962396,0,84,0.5,1.0,0.6666666666666666,10,10,1.0,0.0,1.0,0.0,1.0,2,1,0,34,0.0335350420209579,0.0401288330322131,0.003121708985418,1.186745917017106,campaign_size_corrected,strong,3,20,200,10,200,10,"Chevrolet=3,Hyundai=4,Kia=3",201.1815705228839,201.05420110897157,199.9850604883173,95.5217945436035,105.53240656536806,0,0,0.0,987.0,1974.0,undirected_nx_bidirectional_pyg,9.87,11.5,0.04959799,17.0,8.5,25.0,100.0,231.0,756.0,23.4043,0.95,10.0,5.0,0.033081,campaign_size_corrected_strong_n10_standard_gnn_seed53_20260611T122850_3ec9bdda,
descriptor_clustering,23,campaign_size_corrected_strong,5,1.0,5,15,0,0,0.125,1.0,0.2222222222222222,1.0,0.0,0.8300571428571428,0.3896175445821414,0,93,0.25,1.0,0.4,5,15,1.0,1.0,1.0,1.0,1.0,1,1,0,14,0.0307661659899167,,0.0014811669825576,1.0869073339854367,campaign_size_corrected,strong,3,20,200,10,200,5,"Chevrolet=1,Hyundai=2,Kia=2",12.204286246662654,11.799374863790064,11.32477965291932,4.3756830974515335,7.42369176633853,0,0,0.0,730.0,1460.0,undirected_nx_bidirectional_pyg,7.3,6.0,0.03668342,17.0,8.5,30.0,78.0,72.0,658.0,9.863,0.95,10.0,5.0,0.030375,campaign_size_corrected_strong_n5_descriptor_clustering_seed23_20260611T122749_a3dddc76,
standard_gnn,53,campaign_size_corrected_weak,2,1.0,2,18,0,0,0.05,1.0,0.0952380952380952,1.0,0.0,0.2136842105263157,0.0330705357870486,10,106,0.1,1.0,0.1818181818181818,2,18,0.0,0.0,0.0,0.0,0.0,0,1,0,0,0.0286670830100774,0.0321237909956835,0.0014473749906755,1.1346425829688087,campaign_size_corrected,weak,2,20,200,10,200,2,"Hyundai=1,Kia=1",12.298829153860158,12.195079160523823,11.167675578252236,1.1695601455029252,11.0255190150209,0,0,0.0,467.0,934.0,undirected_nx_bidirectional_pyg,4.67,4.5,0.02346734,19.0,9.5,28.0,114.0,47.0,420.0,10.0642,0.95,10.0,5.0,0.028317,campaign_size_corrected_weak_n2_standard_gnn_seed53_20260611T122937_012c6217,
local_ids,83,campaign_size_corrected_strong,10,1.0,10,10,0,0,0.25,1.0,0.4,1.0,0.0,0.8022,0.4915083182696631,0,80,0.5,1.0,0.6666666666666666,10,10,0.0,0.0,0.0,0.0,0.0,0,1,0,0,,,,1.086311416991521,campaign_size_corrected,strong,3,20,200,10,200,10,"Chevrolet=3,Hyundai=4,Kia=3",201.2896364548218,201.04479226066587,200.32233922102023,95.96626059765494,105.07853166301092,0,0,0.0,,,,,,,,,,,,,,,,,,campaign_size_corrected_strong_n10_local_ids_seed83_20260611T122902_6de8ff78,0.0
local_ids,67,campaign_size_corrected_weak,5,1.0,5,15,0,0,0.125,1.0,0.2222222222222222,1.0,0.0,0.2608,0.083354060538911,25,95,0.25,1.0,0.4,5,15,0.0,0.0,0.0,0.0,0.0,0,1,0,0,,,,1.1072531669633463,campaign_size_corrected,weak,2,20,200,10,200,5,"Hyundai=3,Kia=2",10.21684701830419,10.137906092982115,9.637290949598384,2.479026519626366,7.658879573355751,0,0,0.0,,,,,,,,,,,,,,,,,,campaign_size_corrected_weak_n5_local_ids_seed67_20260611T123024_e8d560ba,0.0
descriptor_clustering,41,campaign_size_corrected_strong,5,1.0,5,15,0,0,0.125,1.0,0.2222222222222222,1.0,0.0,0.8584,0.4076445581490716,0,102,0.25,1.0,0.4,5,15,1.0,1.0,1.0,1.0,1.0,1,1,0,17,0.02908612502506,,0.0013222090201452,1.1096077499678358,campaign_size_corrected,strong,3,20,200,10,200,5,"Chevrolet=1,Hyundai=2,Kia=2",12.15890567045031,12.037550658865475,11.10952789978871,4.171348681988056,7.866201976877419,0,0,0.0,718.0,1436.0,undirected_nx_bidirectional_pyg,7.18,6.0,0.0360804,19.0,9.5,27.0,106.0,139.0,579.0,19.3593,0.95,10.0,5.0,0.028695,campaign_size_corrected_strong_n5_descriptor_clustering_seed41_20260611T122758_87d46729,
standard_gnn,37,campaign_size_corrected_strong,2,1.0,2,18,0,0,0.05,1.0,0.0952380952380952,1.0,0.0,0.8984210526315789,0.404537100609327,0,99,0.1,1.0,0.1818181818181818,2,18,0.0,0.0,0.0,0.0,0.0,0,1,0,0,0.0329496660269796,0.0323477499769069,0.0015948329819366,1.119555459008552,campaign_size_corrected,strong,2,20,200,10,200,2,"Chevrolet=1,Kia=1",8.103724895060395,7.949565900709347,7.200049253926502,-0.3216198008189117,8.271185701528259,0,0,0.0,489.0,978.0,undirected_nx_bidirectional_pyg,4.89,4.0,0.02457286,25.0,12.5,38.0,125.0,30.0,459.0,6.135,0.95,10.0,5.0,0.032545,campaign_size_corrected_strong_n2_standard_gnn_seed37_20260611T122710_a915d3f3,
standard_gnn,67,campaign_size_corrected_strong,10,1.0,10,10,0,0,0.25,1.0,0.4,1.0,0.0,0.7859333333333334,0.4749787527580166,0,67,0.5,1.0,0.6666666666666666,10,10,1.0,0.0,1.0,0.0,1.0,2,1,0,27,0.0311395830358378,0.0397926669684238,0.0029650419601239,1.2688258339767344,campaign_size_corrected,strong,3,20,200,10,200,10,"Chevrolet=3,Hyundai=4,Kia=3",201.0660270140113,200.96278198606183,200.1894433707207,95.82356819067368,105.1392137953882,0,0,0.0,996.0,1992.0,undirected_nx_bidirectional_pyg,9.96,11.5,0.05005025,11.0,5.5,17.0,100.0,194.0,802.0,19.4779,0.95,10.0,5.0,0.03076,campaign_size_corrected_strong_n10_standard_gnn_seed67_20260611T122855_1f04053a,
standard_gnn,37,campaign_size_corrected_weak,10,1.0,10,10,0,0,0.25,1.0,0.4,1.0,0.0,0.1806666666666666,0.1574229482933574,50,62,0.5,1.0,0.6666666666666666,10,10,1.0,1.0,1.0,1.0,1.0,1,1,0,11,0.0329214999801479,0.0319937500171363,0.0023674590047448,1.24066904198844,campaign_size_corrected,weak,2,20,200,10,200,10,"Hyundai=5,Kia=5",23.98820826296644,24.00167122821971,23.36327377691249,6.837963915569376,17.163707312650335,0,0,0.0,746.0,1492.0,undirected_nx_bidirectional_pyg,7.46,8.0,0.03748744,24.0,12.0,38.0,100.0,162.0,584.0,21.7158,0.95,10.0,5.0,0.032509,campaign_size_corrected_weak_n10_standard_gnn_seed37_20260611T123059_939681f9,
fcgnn,23,campaign_size_corrected_weak,5,1.0,5,15,0,0,0.125,1.0,0.2222222222222222,1.0,0.0,0.2436571428571428,0.0827801187040071,25,86,0.25,1.0,0.4,5,15,1.0,1.0,1.0,1.0,1.0,1,1,0,18,0.0338185420259833,0.0393250830238685,0.002372084010858,1.2199988750508055,campaign_size_corrected,weak,2,20,200,10,200,5,"Hyundai=3,Kia=2",13.105678737444496,13.1168229937943,12.392908592248665,1.736617762131846,11.380205231662456,0,0,0.0,550.0,1100.0,undirected_nx_bidirectional_pyg,5.5,4.0,0.02763819,17.0,8.5,27.0,105.0,90.0,460.0,16.3636,0.95,10.0,5.0,0.033334,campaign_size_corrected_weak_n5_fcgnn_seed23_20260611T123009_cd49b87b,
fcgnn,23,campaign_size_corrected_weak,2,1.0,2,18,0,0,0.05,1.0,0.0952380952380952,1.0,0.0,0.2471052631578947,0.0346128464163839,10,100,0.1,1.0,0.1818181818181818,2,18,1.0,1.0,1.0,1.0,1.0,1,1,0,12,0.0298065420356579,0.0343817920074798,0.0021411670022644,1.0793720000074245,campaign_size_corrected,weak,2,20,200,10,200,2,"Hyundai=1,Kia=1",12.50284517284831,12.525065458770936,11.772579213120627,1.2090452117917447,11.316020246979193,0,0,0.0,502.0,1004.0,undirected_nx_bidirectional_pyg,5.02,5.0,0.02522613,14.0,7.0,22.0,133.0,55.0,447.0,10.9562,0.95,10.0,5.0,0.029449,campaign_size_corrected_weak_n2_fcgnn_seed23_20260611T122924_f38024a3,
standard_gnn,101,campaign_size_corrected_strong,5,1.0,5,15,0,0,0.125,1.0,0.2222222222222222,1.0,0.0,0.8953142857142857,0.4488686057556883,0,112,0.25,1.0,0.4,5,15,1.0,0.0,1.0,0.0,1.0,2,1,0,22,0.0314032500027678,0.0349200420314446,0.002341957995668,1.1218237080029212,campaign_size_corrected,strong,3,20,200,10,200,5,"Chevrolet=1,Hyundai=2,Kia=2",12.42486883296382,12.27271181481214,11.294034723481715,3.6404572909885378,8.632254523823603,0,0,0.0,763.0,1526.0,undirected_nx_bidirectional_pyg,7.63,5.0,0.03834171,14.0,7.0,22.0,93.0,75.0,688.0,9.8296,0.95,10.0,5.0,0.031017,campaign_size_corrected_strong_n5_standard_gnn_seed101_20260611T122827_0a7d1dc2,
fcgnn,53,campaign_size_corrected_strong,5,1.0,5,15,0,0,0.125,1.0,0.2222222222222222,1.0,0.0,0.8452571428571428,0.3808633279074157,0,97,0.25,1.0,0.4,5,15,1.0,0.0,1.0,0.0,1.0,2,1,0,38,0.0293879160308279,0.0400797500042244,0.0030079580028541,1.113903583958745,campaign_size_corrected,strong,3,20,200,10,200,5,"Chevrolet=1,Hyundai=2,Kia=2",12.03834100110936,11.878262152979875,10.868302437198343,4.0024813027791595,7.875780850200718,0,0,0.0,658.0,1316.0,undirected_nx_bidirectional_pyg,6.58,5.0,0.03306533,15.0,7.5,29.0,95.0,143.0,515.0,21.7325,0.95,10.0,5.0,0.02902,campaign_size_corrected_strong_n5_fcgnn_seed53_20260611T122805_b2de25d9,
local_ids,83,campaign_size_corrected_weak,5,1.0,5,15,0,0,0.125,1.0,0.2222222222222222,1.0,0.0,0.2187428571428571,0.0797369465209327,25,85,0.25,1.0,0.4,5,15,0.0,0.0,0.0,0.0,0.0,0,1,0,0,,,,1.0367036669631489,campaign_size_corrected,weak,2,20,200,10,200,5,"Hyundai=3,Kia=2",12.36218445469922,12.362272021498612,11.52454902048306,1.671054650727764,10.69121737077085,0,0,0.0,,,,,,,,,,,,,,,,,,campaign_size_corrected_weak_n5_local_ids_seed83_20260611T123033_bb9b9c63,0.0
descriptor_clustering,23,campaign_size_corrected_strong,10,1.0,10,10,0,0,0.25,1.0,0.4,1.0,0.0,0.7806666666666666,0.4688946008467045,0,69,0.5,1.0,0.6666666666666666,10,10,1.0,0.0,1.0,0.0,1.0,2,1,0,96,0.0313495000009425,,0.0015529580414295,1.1918307919986546,campaign_size_corrected,strong,3,20,200,10,200,10,"Chevrolet=3,Hyundai=4,Kia=3",201.2601454767049,200.98427056425655,200.48605009406367,95.66932533260903,105.31494523164751,0,0,0.0,1021.0,2042.0,undirected_nx_bidirectional_pyg,10.21,12.0,0.05130653,17.0,8.5,30.0,100.0,160.0,861.0,15.6709,0.95,10.0,5.0,0.030959,campaign_size_corrected_strong_n10_descriptor_clustering_seed23_20260611T122835_666d8d1d,
descriptor_clustering,37,campaign_size_corrected_weak,5,1.0,5,15,0,0,0.125,1.0,0.2222222222222222,1.0,0.0,0.2020571428571428,0.0783426232845703,25,83,0.25,1.0,0.4,5,15,1.0,0.0,1.0,0.0,1.0,3,1,0,49,0.0289707079646177,,0.0013416670262813,1.0702904589707032,campaign_size_corrected,weak,2,20,200,10,200,5,"Hyundai=3,Kia=2",12.122043213998053,12.151412612538005,11.405416240566282,1.7069595613117632,10.444453051226242,0,0,0.0,563.0,1126.0,undirected_nx_bidirectional_pyg,5.63,5.0,0.02829146,20.0,10.0,33.0,98.0,85.0,478.0,15.0977,0.95,10.0,5.0,0.028605,campaign_size_corrected_weak_n5_descriptor_clustering_seed37_20260611T123011_991e030c,
fcgnn,83,campaign_size_corrected_strong,5,1.0,5,15,0,0,0.125,1.0,0.2222222222222222,1.0,0.0,0.8670857142857142,0.4103823791529119,0,102,0.25,1.0,0.4,5,15,1.0,1.0,1.0,1.0,1.0,1,1,0,30,0.0296760000055655,0.0384908749838359,0.0028914170106872,1.1121688749990426,campaign_size_corrected,strong,3,20,200,10,200,5,"Chevrolet=1,Hyundai=2,Kia=2",12.37207707440465,12.194986777442708,11.313948233498088,4.355681650124297,7.83930512731841,0,0,0.0,676.0,1352.0,undirected_nx_bidirectional_pyg,6.76,4.5,0.03396985,26.0,13.0,38.0,93.0,87.0,589.0,12.8698,0.95,10.0,5.0,0.029275,campaign_size_corrected_strong_n5_fcgnn_seed83_20260611T122819_9bdb60c2,
descriptor_clustering,37,campaign_size_corrected_strong,10,1.0,10,10,0,0,0.25,1.0,0.4,1.0,0.0,0.7941333333333334,0.4738805763448731,0,76,0.5,1.0,0.6666666666666666,10,10,1.0,1.0,1.0,1.0,1.0,1,1,0,37,0.0302487090229988,,0.0013893750146962,1.12276970903622,campaign_size_corrected,strong,3,20,200,10,200,10,"Chevrolet=3,Hyundai=4,Kia=3",200.90739431389335,200.77605408684744,199.80884549124784,93.86608716770375,106.90996691914368,0,0,0.0,925.0,1850.0,undirected_nx_bidirectional_pyg,9.25,11.0,0.04648241,23.0,11.5,35.0,100.0,211.0,714.0,22.8108,0.95,10.0,5.0,0.029828,campaign_size_corrected_strong_n10_descriptor_clustering_seed37_20260611T122840_80a83d3d,
fcgnn,23,campaign_size_corrected_strong,5,1.0,5,15,0,0,0.125,1.0,0.2222222222222222,1.0,0.0,0.8300571428571428,0.3896175445821414,0,93,0.25,1.0,0.4,5,15,1.0,0.0,1.0,0.0,1.0,3,1,0,48,0.0300481669837608,0.0417552499566227,0.0031535410089418,1.215281207987573,campaign_size_corrected,strong,3,20,200,10,200,5,"Chevrolet=1,Hyundai=2,Kia=2",12.204286246662654,11.799374863790064,11.32477965291932,4.3756830974515335,7.42369176633853,0,0,0.0,730.0,1460.0,undirected_nx_bidirectional_pyg,7.3,6.0,0.03668342,17.0,8.5,30.0,78.0,72.0,658.0,9.863,0.95,10.0,5.0,0.029673,campaign_size_corrected_strong_n5_fcgnn_seed23_20260611T122751_a7d33ea1,
local_ids,41,campaign_size_corrected_weak,2,1.0,2,18,0,0,0.05,1.0,0.0952380952380952,1.0,0.0,0.1926315789473684,0.0321302910713802,10,107,0.1,1.0,0.1818181818181818,2,18,0.0,0.0,0.0,0.0,0.0,0,1,0,0,,,,1.015141166979447,campaign_size_corrected,weak,2,20,200,10,200,2,"Hyundai=1,Kia=1",10.848683087662442,10.92916384209878,9.7178021090789,0.8527219366919816,10.076441905406798,0,0,0.0,,,,,,,,,,,,,,,,,,campaign_size_corrected_weak_n2_local_ids_seed41_20260611T122930_542aba19,0.0
fcgnn,53,campaign_size_corrected_weak,5,1.0,5,15,0,0,0.125,1.0,0.2222222222222222,1.0,0.0,0.2454857142857143,0.0819944654740873,25,94,0.25,1.0,0.4,5,15,1.0,1.0,1.0,1.0,1.0,1,1,0,18,0.0328282080008648,0.0391754999873228,0.0025088330148719,1.1511896250303837,campaign_size_corrected,weak,2,20,200,10,200,5,"Hyundai=3,Kia=2",13.238127259113469,13.214908639168645,12.500384868188746,1.8064680935622277,11.408440545606416,0,0,0.0,539.0,1078.0,undirected_nx_bidirectional_pyg,5.39,4.5,0.02708543,22.0,11.0,31.0,90.0,80.0,459.0,14.8423,0.95,10.0,5.0,0.032447,campaign_size_corrected_weak_n5_fcgnn_seed53_20260611T123023_cc0e73c3,
descriptor_clustering,37,campaign_size_corrected_weak,10,1.0,10,10,0,0,0.25,1.0,0.4,1.0,0.0,0.1806666666666666,0.1574229482933574,50,62,0.5,1.0,0.6666666666666666,10,10,1.0,1.0,1.0,1.0,1.0,1,1,0,50,0.0320511659956537,,0.0013892080169171,1.1263975410256537,campaign_size_corrected,weak,2,20,200,10,200,10,"Hyundai=5,Kia=5",23.98820826296644,24.00167122821971,23.36327377691249,6.837963915569376,17.163707312650335,0,0,0.0,746.0,1492.0,undirected_nx_bidirectional_pyg,7.46,8.0,0.03748744,24.0,12.0,38.0,100.0,162.0,584.0,21.7158,0.95,10.0,5.0,0.031678,campaign_size_corrected_weak_n10_descriptor_clustering_seed37_20260611T123057_ce99bc0a,
local_ids,41,campaign_size_corrected_weak,5,1.0,5,15,0,0,0.125,1.0,0.2222222222222222,1.0,0.0,0.2229714285714286,0.0800098036781481,25,89,0.25,1.0,0.4,5,15,0.0,0.0,0.0,0.0,0.0,0,1,0,0,,,,1.15125087503111,campaign_size_corrected,weak,2,20,200,10,200,5,"Hyundai=3,Kia=2",10.811360036700355,10.805438114719262,10.05771141336665,1.5331207362750596,9.272317378444203,0,0,0.0,,,,,,,,,,,,,,,,,,campaign_size_corrected_weak_n5_local_ids_seed41_20260611T123015_6025bea0,0.0
descriptor_clustering,97,campaign_size_corrected_weak,5,1.0,5,15,0,0,0.125,1.0,0.2222222222222222,1.0,0.0,0.2269714285714285,0.0807123414715392,25,85,0.25,1.0,0.4,5,15,1.0,0.0,1.0,0.0,1.0,2,1,0,39,0.0310599590302445,,0.0013603750267066,1.1550448330235668,campaign_size_corrected,weak,2,20,200,10,200,5,"Hyundai=3,Kia=2",12.165109991387045,12.055579541933549,11.53161519640866,2.5406151971914266,9.514964344742122,0,0,0.0,610.0,1220.0,undirected_nx_bidirectional_pyg,6.1,6.0,0.03065327,21.0,10.5,35.0,80.0,88.0,522.0,14.4262,0.95,10.0,5.0,0.030659,campaign_size_corrected_weak_n5_descriptor_clustering_seed97_20260611T123039_b8c299f0,
local_ids,11,campaign_size_corrected_weak,10,1.0,10,10,0,0,0.25,1.0,0.4,1.0,0.0,0.2642,0.1705960169250554,50,81,0.5,1.0,0.6666666666666666,10,10,0.0,0.0,0.0,0.0,0.0,0,1,0,0,,,,1.107751792005729,campaign_size_corrected,weak,2,20,200,10,200,10,"Hyundai=5,Kia=5",12.172190168224096,12.163536759477664,11.575663563599628,2.606972496040905,9.55656426343676,0,0,0.0,,,,,,,,,,,,,,,,,,campaign_size_corrected_weak_n10_local_ids_seed11_20260611T123047_dd7764d9,0.0
descriptor_clustering,53,campaign_size_corrected_strong,5,1.0,5,15,0,0,0.125,1.0,0.2222222222222222,1.0,0.0,0.8452571428571428,0.3808633279074157,0,97,0.25,1.0,0.4,5,15,0.0,0.0,0.0,0.0,0.0,0,1,0,0,0.0294487500214017,,0.0013224160065874,1.0816529589938,campaign_size_corrected,strong,3,20,200,10,200,5,"Chevrolet=1,Hyundai=2,Kia=2",12.03834100110936,11.878262152979875,10.868302437198343,4.0024813027791595,7.875780850200718,0,0,0.0,658.0,1316.0,undirected_nx_bidirectional_pyg,6.58,5.0,0.03306533,15.0,7.5,29.0,95.0,143.0,515.0,21.7325,0.95,10.0,5.0,0.029078,campaign_size_corrected_strong_n5_descriptor_clustering_seed53_20260611T122803_9e13fef2,
standard_gnn,67,campaign_size_corrected_weak,5,1.0,5,15,0,0,0.125,1.0,0.2222222222222222,1.0,0.0,0.2608,0.083354060538911,25,95,0.25,1.0,0.4,5,15,0.0,0.0,0.0,0.0,0.0,0,1,0,0,0.0339756250032223,0.0332614579820074,0.0013975839829072,1.1109492079704069,campaign_size_corrected,weak,2,20,200,10,200,5,"Hyundai=3,Kia=2",10.21684701830419,10.137906092982115,9.637290949598384,2.479026519626366,7.658879573355751,0,0,0.0,565.0,1130.0,undirected_nx_bidirectional_pyg,5.65,5.0,0.02839196,18.0,9.0,27.0,86.0,85.0,480.0,15.0442,0.95,10.0,5.0,0.03356,campaign_size_corrected_weak_n5_standard_gnn_seed67_20260611T123026_152b100c,
descriptor_clustering,83,campaign_size_corrected_strong,10,1.0,10,10,0,0,0.25,1.0,0.4,1.0,0.0,0.8022,0.4915083182696631,0,80,0.5,1.0,0.6666666666666666,10,10,1.0,0.0,1.0,0.0,1.0,3,1,0,109,0.0305324170039966,,0.0013981669908389,1.1667169579886831,campaign_size_corrected,strong,3,20,200,10,200,10,"Chevrolet=3,Hyundai=4,Kia=3",201.2896364548218,201.04479226066587,200.32233922102023,95.96626059765494,105.07853166301092,0,0,0.0,969.0,1938.0,undirected_nx_bidirectional_pyg,9.69,12.5,0.04869347,22.0,11.0,36.0,100.0,202.0,767.0,20.8462,0.95,10.0,5.0,0.030115,campaign_size_corrected_strong_n10_descriptor_clustering_seed83_20260611T122903_338f4ad3,
standard_gnn,83,campaign_size_corrected_strong,2,1.0,2,18,0,0,0.05,1.0,0.0952380952380952,1.0,0.0,0.8689473684210527,0.304183487140822,0,96,0.1,1.0,0.1818181818181818,2,18,0.0,0.0,0.0,0.0,0.0,0,1,0,0,0.0320364590152166,0.0334659999934956,0.0016043329960666,1.0843962919898331,campaign_size_corrected,strong,2,20,200,10,200,2,"Chevrolet=1,Hyundai=1",14.228530883306508,13.964095052061104,13.005793319912932,0.9273654322362308,13.036729619824872,0,0,0.0,532.0,1064.0,undirected_nx_bidirectional_pyg,5.32,5.0,0.02673367,18.0,9.0,28.0,129.0,50.0,482.0,9.3985,0.95,10.0,5.0,0.031651,campaign_size_corrected_strong_n2_standard_gnn_seed83_20260611T122732_50493ef9,
standard_gnn,83,campaign_size_corrected_weak,10,1.0,10,10,0,0,0.25,1.0,0.4,1.0,0.0,0.2116,0.1623421666328202,50,61,0.5,1.0,0.6666666666666666,10,10,1.0,1.0,1.0,1.0,1.0,1,1,0,10,0.0316383329918608,0.0338152920012362,0.0024024579906836,1.161287082999479,campaign_size_corrected,weak,2,20,200,10,200,10,"Hyundai=5,Kia=5",12.339301636056774,12.352843668248134,11.633867833256469,2.6732466992567843,9.67959696899135,0,0,0.0,700.0,1400.0,undirected_nx_bidirectional_pyg,7.0,7.5,0.03517588,17.0,8.5,28.0,100.0,183.0,517.0,26.1429,0.95,10.0,5.0,0.031265,campaign_size_corrected_weak_n10_standard_gnn_seed83_20260611T123123_b8c7d1b1,
descriptor_clustering,71,campaign_size_corrected_strong,10,1.0,10,10,0,0,0.25,1.0,0.4,1.0,0.0,0.7965333333333333,0.4659443395107318,0,80,0.5,1.0,0.6666666666666666,10,10,1.0,1.0,1.0,1.0,1.0,1,1,0,81,0.0311569580226205,,0.001363624993246,1.2195153330103494,campaign_size_corrected,strong,3,20,200,10,200,10,"Chevrolet=3,Hyundai=4,Kia=3",201.10265562792725,200.8174652733805,200.05782591359116,95.12576722130238,105.69169805207808,0,0,0.0,965.0,1930.0,undirected_nx_bidirectional_pyg,9.65,11.5,0.04849246,21.0,10.5,30.0,100.0,195.0,770.0,20.2073,0.95,10.0,5.0,0.030753,campaign_size_corrected_strong_n10_descriptor_clustering_seed71_20260611T122859_a2977eaa,
fcgnn,101,campaign_size_corrected_strong,10,1.0,10,10,0,0,0.25,1.0,0.4,1.0,0.0,0.8169333333333334,0.47743010930267,0,94,0.5,1.0,0.6666666666666666,10,10,1.0,0.0,1.0,0.0,1.0,2,1,0,98,0.0346697080531157,0.0415849999990314,0.0025770409847609,1.2117676670313813,campaign_size_corrected,strong,3,20,200,10,200,10,"Chevrolet=3,Hyundai=4,Kia=3",201.26824729506689,201.01082216419456,200.2153431523235,94.87813908137252,106.13268308282204,0,0,0.0,1017.0,2034.0,undirected_nx_bidirectional_pyg,10.17,12.0,0.05110553,16.0,8.0,22.0,100.0,172.0,845.0,16.9125,0.95,10.0,5.0,0.034226,campaign_size_corrected_strong_n10_fcgnn_seed101_20260611T122915_be896376,
local_ids,11,campaign_size_corrected_strong,5,1.0,5,15,0,0,0.125,1.0,0.2222222222222222,1.0,0.0,0.8749714285714286,0.4247126117425795,0,98,0.25,1.0,0.4,5,15,0.0,0.0,0.0,0.0,0.0,0,1,0,0,,,,1.0292974159820003,campaign_size_corrected,strong,3,20,200,10,200,5,"Chevrolet=1,Hyundai=2,Kia=2",12.197488820795687,12.11701145654036,11.3509526349948,3.947597029741532,8.169414426798827,0,0,0.0,,,,,,,,,,,,,,,,,,campaign_size_corrected_strong_n5_local_ids_seed11_20260611T122743_08919d2d,0.0
standard_gnn,11,campaign_size_corrected_weak,5,1.0,5,15,0,0,0.125,1.0,0.2222222222222222,1.0,0.0,0.2553142857142857,0.0840237284465641,25,96,0.25,1.0,0.4,5,15,1.0,1.0,1.0,1.0,1.0,1,1,0,10,0.0311041669920086,0.0327333330060355,0.0021542920148931,1.1172681659809314,campaign_size_corrected,weak,2,20,200,10,200,5,"Hyundai=3,Kia=2",11.509406597816447,11.47920173848584,10.79184717755024,1.7969597561986288,9.682241982287213,0,0,0.0,562.0,1124.0,undirected_nx_bidirectional_pyg,5.62,5.0,0.02824121,30.0,15.0,40.0,98.0,94.0,468.0,16.726,0.95,10.0,5.0,0.030607,campaign_size_corrected_weak_n5_standard_gnn_seed11_20260611T123003_0b8631a0,
standard_gnn,97,campaign_size_corrected_strong,5,1.0,5,15,0,0,0.125,1.0,0.2222222222222222,1.0,0.0,0.8853714285714286,0.4926133899281171,0,103,0.25,1.0,0.4,5,15,0.0,0.0,0.0,0.0,0.0,0,1,0,0,0.085438999987673,0.0726183330407366,0.0031201659585349,1.1969582909950989,campaign_size_corrected,strong,3,20,200,10,200,5,"Chevrolet=1,Hyundai=2,Kia=2",12.36397362373416,12.16833359559689,11.380717555787903,4.289940539336535,7.878393056260355,0,0,0.0,721.0,1442.0,undirected_nx_bidirectional_pyg,7.21,5.0,0.03623116,10.0,5.0,23.0,58.0,83.0,638.0,11.5118,0.95,10.0,5.0,0.084948,campaign_size_corrected_strong_n5_standard_gnn_seed97_20260611T122822_3677fae1,
fcgnn,67,campaign_size_corrected_weak,2,1.0,2,18,0,0,0.05,1.0,0.0952380952380952,1.0,0.0,0.321578947368421,0.0379706711644926,10,105,0.1,1.0,0.1818181818181818,2,18,0.0,0.0,0.0,0.0,0.0,0,1,0,0,0.0295481669600121,0.0342559589771553,0.0024306669947691,1.092120708024595,campaign_size_corrected,weak,2,20,200,10,200,2,"Hyundai=1,Kia=1",8.353593915602634,8.150180853053037,7.842739250205886,2.144343540072538,6.005837312980499,0,0,0.0,511.0,1022.0,undirected_nx_bidirectional_pyg,5.11,5.0,0.02567839,18.0,9.0,27.0,114.0,46.0,465.0,9.002,0.95,10.0,5.0,0.029184,campaign_size_corrected_weak_n2_fcgnn_seed67_20260611T122942_6e77bac2,
fcgnn,41,campaign_size_corrected_weak,10,1.0,10,10,0,0,0.25,1.0,0.4,1.0,0.0,0.1848,0.1580798727285411,50,69,0.5,1.0,0.6666666666666666,10,10,1.0,1.0,1.0,1.0,1.0,1,1,0,26,0.030682708020322,0.0399937079637311,0.0024878750555217,1.1707190420129336,campaign_size_corrected,weak,2,20,200,10,200,10,"Hyundai=5,Kia=5",12.473520986246406,12.47813860128402,11.761515312688548,2.617366397999746,9.860772203284274,0,0,0.0,705.0,1410.0,undirected_nx_bidirectional_pyg,7.05,8.5,0.03542714,17.0,8.5,30.0,100.0,161.0,544.0,22.8369,0.95,10.0,5.0,0.030306,campaign_size_corrected_weak_n10_fcgnn_seed41_20260611T123105_6756659c,
local_ids,37,campaign_size_corrected_weak,2,1.0,2,18,0,0,0.05,1.0,0.0952380952380952,1.0,0.0,0.2326315789473684,0.0337142526566534,10,96,0.1,1.0,0.1818181818181818,2,18,0.0,0.0,0.0,0.0,0.0,0,1,0,0,,,,1.042661915998906,campaign_size_corrected,weak,2,20,200,10,200,2,"Hyundai=1,Kia=1",10.016484132724536,10.112565158436094,9.454478206905083,1.288933997277148,8.823631161158946,0,0,0.0,,,,,,,,,,,,,,,,,,campaign_size_corrected_weak_n2_local_ids_seed37_20260611T122925_f3c09bbd,0.0
fcgnn,41,campaign_size_corrected_strong,2,1.0,2,18,0,0,0.05,1.0,0.0952380952380952,1.0,0.0,0.821578947368421,0.160685344067697,0,115,0.1,1.0,0.1818181818181818,2,18,1.0,1.0,1.0,1.0,1.0,1,1,0,11,0.030815917009022,0.0395467499620281,0.0023879999644123,1.096030416956637,campaign_size_corrected,strong,2,20,200,10,200,2,"Hyundai=1,Kia=1",10.658437656972271,10.688848146330953,9.815711322621578,2.0572420854072044,8.631606060923747,0,0,0.0,538.0,1076.0,undirected_nx_bidirectional_pyg,5.38,4.0,0.02703518,14.0,7.0,24.0,74.0,54.0,484.0,10.0372,0.95,10.0,5.0,0.030447,campaign_size_corrected_strong_n2_fcgnn_seed41_20260611T122716_943b82bc,
standard_gnn,101,campaign_size_corrected_weak,5,1.0,5,15,0,0,0.125,1.0,0.2222222222222222,1.0,0.0,0.3212571428571428,0.0907830361663849,25,89,0.25,1.0,0.4,5,15,0.0,0.0,0.0,0.0,0.0,0,1,0,0,0.0302424999536015,0.0338575409841723,0.0015116659924387,1.1145920830313116,campaign_size_corrected,weak,2,20,200,10,200,5,"Hyundai=3,Kia=2",12.886079566618402,12.909917258143391,12.415492399783146,0.549302621583435,12.36061463655996,0,0,0.0,674.0,1348.0,undirected_nx_bidirectional_pyg,6.74,7.0,0.03386935,14.0,7.0,21.0,114.0,93.0,581.0,13.7982,0.95,10.0,5.0,0.029874,campaign_size_corrected_weak_n5_standard_gnn_seed101_20260611T123044_2a394e7d,
standard_gnn,71,campaign_size_corrected_strong,10,1.0,10,10,0,0,0.25,1.0,0.4,1.0,0.0,0.7965333333333333,0.4659443395107318,0,80,0.5,1.0,0.6666666666666666,10,10,1.0,1.0,1.0,1.0,1.0,1,1,0,23,0.0313899589818902,0.038228083983995,0.0023265839554369,1.149802667030599,campaign_size_corrected,strong,3,20,200,10,200,10,"Chevrolet=3,Hyundai=4,Kia=3",201.10265562792725,200.8174652733805,200.05782591359116,95.12576722130238,105.69169805207808,0,0,0.0,965.0,1930.0,undirected_nx_bidirectional_pyg,9.65,11.5,0.04849246,21.0,10.5,30.0,100.0,195.0,770.0,20.2073,0.95,10.0,5.0,0.03099,campaign_size_corrected_strong_n10_standard_gnn_seed71_20260611T122900_701bd180,
descriptor_clustering,53,campaign_size_corrected_weak,5,1.0,5,15,0,0,0.125,1.0,0.2222222222222222,1.0,0.0,0.2454857142857143,0.0819944654740873,25,94,0.25,1.0,0.4,5,15,1.0,0.0,1.0,0.0,1.0,2,1,0,35,0.0316883329651318,,0.0013991669984534,1.1033155409968458,campaign_size_corrected,weak,2,20,200,10,200,5,"Hyundai=3,Kia=2",13.238127259113469,13.214908639168645,12.500384868188746,1.8064680935622277,11.408440545606416,0,0,0.0,539.0,1078.0,undirected_nx_bidirectional_pyg,5.39,4.5,0.02708543,22.0,11.0,31.0,90.0,80.0,459.0,14.8423,0.95,10.0,5.0,0.031286,campaign_size_corrected_weak_n5_descriptor_clustering_seed53_20260611T123020_7c7c37af,
standard_gnn,83,campaign_size_corrected_strong,10,1.0,10,10,0,0,0.25,1.0,0.4,1.0,0.0,0.8022,0.4915083182696631,0,80,0.5,1.0,0.6666666666666666,10,10,1.0,0.0,1.0,0.0,1.0,2,1,0,28,0.0308957920060493,0.0380794159718789,0.0024023330188356,1.230109290976543,campaign_size_corrected,strong,3,20,200,10,200,10,"Chevrolet=3,Hyundai=4,Kia=3",201.2896364548218,201.04479226066587,200.32233922102023,95.96626059765494,105.07853166301092,0,0,0.0,969.0,1938.0,undirected_nx_bidirectional_pyg,9.69,12.5,0.04869347,22.0,11.0,36.0,100.0,202.0,767.0,20.8462,0.95,10.0,5.0,0.030491,campaign_size_corrected_strong_n10_standard_gnn_seed83_20260611T122905_5020b983,
fcgnn,11,campaign_size_corrected_strong,10,1.0,10,10,0,0,0.25,1.0,0.4,1.0,0.0,0.8290666666666666,0.5090944093934857,0,72,0.5,1.0,0.6666666666666666,10,10,1.0,1.0,1.0,1.0,1.0,1,1,0,25,0.0317117910017259,0.0421938330400735,0.0026914590271189,1.1639679579529911,campaign_size_corrected,strong,3,20,200,10,200,10,"Chevrolet=3,Hyundai=4,Kia=3",201.35096056664227,201.25255463048595,200.46338950324716,97.09293229615388,104.15962233433208,0,0,0.0,962.0,1924.0,undirected_nx_bidirectional_pyg,9.62,12.0,0.04834171,21.0,10.5,32.0,100.0,239.0,723.0,24.8441,0.95,10.0,5.0,0.031328,campaign_size_corrected_strong_n10_fcgnn_seed11_20260611T122833_90e565a7,
standard_gnn,23,campaign_size_corrected_strong,2,1.0,2,18,0,0,0.05,1.0,0.0952380952380952,1.0,0.0,0.8073684210526315,0.2304732630436855,0,100,0.1,1.0,0.1818181818181818,2,18,0.0,0.0,0.0,0.0,0.0,0,1,0,0,0.0303807499585673,0.0309964170446619,0.0014838330098427,1.0798378750332631,campaign_size_corrected,strong,2,20,200,10,200,2,"Chevrolet=1,Hyundai=1",13.062333131708334,12.444172538076211,12.488658095525814,1.215649706027496,11.228522832048718,0,0,0.0,507.0,1014.0,undirected_nx_bidirectional_pyg,5.07,5.0,0.02547739,14.0,7.0,22.0,133.0,40.0,467.0,7.8895,0.95,10.0,5.0,0.030003,campaign_size_corrected_strong_n2_standard_gnn_seed23_20260611T122706_91c7d2b5,
descriptor_clustering,101,campaign_size_corrected_weak,5,1.0,5,15,0,0,0.125,1.0,0.2222222222222222,1.0,0.0,0.3212571428571428,0.0907830361663849,25,89,0.25,1.0,0.4,5,15,1.0,0.0,1.0,0.0,1.0,3,1,0,50,0.0310534160234965,,0.0013501250068657,1.1536623339634389,campaign_size_corrected,weak,2,20,200,10,200,5,"Hyundai=3,Kia=2",12.886079566618402,12.909917258143391,12.415492399783146,0.549302621583435,12.36061463655996,0,0,0.0,674.0,1348.0,undirected_nx_bidirectional_pyg,6.74,7.0,0.03386935,14.0,7.0,21.0,114.0,93.0,581.0,13.7982,0.95,10.0,5.0,0.030686,campaign_size_corrected_weak_n5_descriptor_clustering_seed101_20260611T123043_70578370,
standard_gnn,101,campaign_size_corrected_weak,2,1.0,2,18,0,0,0.05,1.0,0.0952380952380952,1.0,0.0,0.4005263157894737,0.0432562615120597,10,103,0.1,1.0,0.1818181818181818,2,18,0.0,0.0,0.0,0.0,0.0,0,1,0,0,0.0319239160162396,0.0327642089687287,0.0015951250097714,1.0931639169575649,campaign_size_corrected,weak,2,20,200,10,200,2,"Hyundai=1,Kia=1",12.587485232733332,12.638847909907463,12.421811613492094,-0.0089511030200272,12.647799012927493,0,0,0.0,573.0,1146.0,undirected_nx_bidirectional_pyg,5.73,5.0,0.02879397,19.0,9.5,27.0,132.0,55.0,518.0,9.5986,0.95,10.0,5.0,0.031551,campaign_size_corrected_weak_n2_standard_gnn_seed101_20260611T122959_f8d87c5b,
fcgnn,67,campaign_size_corrected_weak,10,1.0,10,10,0,0,0.25,1.0,0.4,1.0,0.0,0.2296,0.1639389887953379,50,77,0.5,1.0,0.6666666666666666,10,10,1.0,1.0,1.0,1.0,1.0,1,1,0,37,0.033917166001629,0.0401542499894276,0.0022223330452106,1.172457000007853,campaign_size_corrected,weak,2,20,200,10,200,10,"Hyundai=5,Kia=5",13.10855817751316,13.119967832446047,12.433803239746602,3.2313382595564835,9.888629572889563,0,0,0.0,749.0,1498.0,undirected_nx_bidirectional_pyg,7.49,8.0,0.03763819,11.0,5.5,18.0,100.0,179.0,570.0,23.8985,0.95,10.0,5.0,0.033433,campaign_size_corrected_weak_n10_fcgnn_seed67_20260611T123114_6c8c96c6,
standard_gnn,71,campaign_size_corrected_strong,2,1.0,2,18,0,0,0.05,1.0,0.0952380952380952,1.0,0.0,0.8213157894736842,0.178911259126076,0,105,0.1,1.0,0.1818181818181818,2,18,0.0,0.0,0.0,0.0,0.0,0,1,0,0,0.0310141660156659,0.0272534159594215,0.0015194580191746,1.1673667500144802,campaign_size_corrected,strong,2,20,200,10,200,2,"Hyundai=1,Kia=1",12.401129269839362,12.41730489544279,11.381942598101736,1.598194684601112,10.81911021084168,0,0,0.0,446.0,892.0,undirected_nx_bidirectional_pyg,4.46,4.0,0.02241206,16.0,8.0,27.0,129.0,52.0,394.0,11.6592,0.95,10.0,5.0,0.030641,campaign_size_corrected_strong_n2_standard_gnn_seed71_20260611T122728_9c95cd3c,
standard_gnn,71,campaign_size_corrected_weak,5,1.0,5,15,0,0,0.125,1.0,0.2222222222222222,1.0,0.0,0.2505142857142857,0.0827910976804808,25,86,0.25,1.0,0.4,5,15,0.0,0.0,0.0,0.0,0.0,0,1,0,0,0.0304510000278241,0.0332267089979723,0.0015238340129144,1.111593334004283,campaign_size_corrected,weak,2,20,200,10,200,5,"Hyundai=3,Kia=2",11.989688453079046,12.002255438136189,11.300424434436165,2.051220329969326,9.951035108166865,0,0,0.0,519.0,1038.0,undirected_nx_bidirectional_pyg,5.19,4.0,0.0260804,16.0,8.0,27.0,102.0,98.0,421.0,18.8825,0.95,10.0,5.0,0.030038,campaign_size_corrected_weak_n5_standard_gnn_seed71_20260611T123031_b2d7ff9c,
standard_gnn,11,campaign_size_corrected_weak,10,1.0,10,10,0,0,0.25,1.0,0.4,1.0,0.0,0.2642,0.1705960169250554,50,81,0.5,1.0,0.6666666666666666,10,10,1.0,0.0,1.0,0.0,1.0,2,1,0,25,0.0331522499909624,0.0342869999585673,0.0023497919901274,1.1578640830121003,campaign_size_corrected,weak,2,20,200,10,200,10,"Hyundai=5,Kia=5",12.172190168224096,12.163536759477664,11.575663563599628,2.606972496040905,9.55656426343676,0,0,0.0,723.0,1446.0,undirected_nx_bidirectional_pyg,7.23,7.0,0.03633166,29.0,14.5,38.0,100.0,165.0,558.0,22.8216,0.95,10.0,5.0,0.032727,campaign_size_corrected_weak_n10_standard_gnn_seed11_20260611T123049_8d1f4a3b,
local_ids,67,campaign_size_corrected_strong,10,1.0,10,10,0,0,0.25,1.0,0.4,1.0,0.0,0.7859333333333334,0.4749787527580166,0,67,0.5,1.0,0.6666666666666666,10,10,0.0,0.0,0.0,0.0,0.0,0,1,0,0,,,,1.156704458000604,campaign_size_corrected,strong,3,20,200,10,200,10,"Chevrolet=3,Hyundai=4,Kia=3",201.0660270140113,200.96278198606183,200.1894433707207,95.82356819067368,105.1392137953882,0,0,0.0,,,,,,,,,,,,,,,,,,campaign_size_corrected_strong_n10_local_ids_seed67_20260611T122853_5d1238f3,0.0
fcgnn,83,campaign_size_corrected_weak,10,1.0,10,10,0,0,0.25,1.0,0.4,1.0,0.0,0.2116,0.1623421666328202,50,61,0.5,1.0,0.6666666666666666,10,10,1.0,1.0,1.0,1.0,1.0,1,1,0,13,0.0318877919926308,0.0403089999454095,0.0023956249933689,1.1740270829759538,campaign_size_corrected,weak,2,20,200,10,200,10,"Hyundai=5,Kia=5",12.339301636056774,12.352843668248134,11.633867833256469,2.6732466992567843,9.67959696899135,0,0,0.0,700.0,1400.0,undirected_nx_bidirectional_pyg,7.0,7.5,0.03517588,17.0,8.5,28.0,100.0,183.0,517.0,26.1429,0.95,10.0,5.0,0.031515,campaign_size_corrected_weak_n10_fcgnn_seed83_20260611T123124_8b7ec2f2,
descriptor_clustering,67,campaign_size_corrected_weak,5,1.0,5,15,0,0,0.125,1.0,0.2222222222222222,1.0,0.0,0.2608,0.083354060538911,25,95,0.25,1.0,0.4,5,15,1.0,0.0,1.0,0.0,1.0,4,1,0,68,0.0309772919863462,,0.0014265420031733,1.0699391250382178,campaign_size_corrected,weak,2,20,200,10,200,5,"Hyundai=3,Kia=2",10.21684701830419,10.137906092982115,9.637290949598384,2.479026519626366,7.658879573355751,0,0,0.0,565.0,1130.0,undirected_nx_bidirectional_pyg,5.65,5.0,0.02839196,18.0,9.0,27.0,86.0,85.0,480.0,15.0442,0.95,10.0,5.0,0.030496,campaign_size_corrected_weak_n5_descriptor_clustering_seed67_20260611T123025_7e454948,
local_ids,41,campaign_size_corrected_weak,10,1.0,10,10,0,0,0.25,1.0,0.4,1.0,0.0,0.1848,0.1580798727285411,50,69,0.5,1.0,0.6666666666666666,10,10,0.0,0.0,0.0,0.0,0.0,0,1,0,0,,,,1.1098338330048136,campaign_size_corrected,weak,2,20,200,10,200,10,"Hyundai=5,Kia=5",12.473520986246406,12.47813860128402,11.761515312688548,2.617366397999746,9.860772203284274,0,0,0.0,,,,,,,,,,,,,,,,,,campaign_size_corrected_weak_n10_local_ids_seed41_20260611T123101_a1dcdf19,0.0
fcgnn,71,campaign_size_corrected_strong,2,1.0,2,18,0,0,0.05,1.0,0.0952380952380952,1.0,0.0,0.8213157894736842,0.178911259126076,0,105,0.1,1.0,0.1818181818181818,2,18,0.0,0.0,0.0,0.0,0.0,0,1,0,0,0.0300403339788317,0.030131709005218,0.0014699999592266,1.077993541955948,campaign_size_corrected,strong,2,20,200,10,200,2,"Hyundai=1,Kia=1",12.401129269839362,12.41730489544279,11.381942598101736,1.598194684601112,10.81911021084168,0,0,0.0,446.0,892.0,undirected_nx_bidirectional_pyg,4.46,4.0,0.02241206,16.0,8.0,27.0,129.0,52.0,394.0,11.6592,0.95,10.0,5.0,0.029685,campaign_size_corrected_strong_n2_fcgnn_seed71_20260611T122729_e4b0ea4a,
descriptor_clustering,11,campaign_size_corrected_weak,10,1.0,10,10,0,0,0.25,1.0,0.4,1.0,0.0,0.2642,0.1705960169250554,50,81,0.5,1.0,0.6666666666666666,10,10,1.0,1.0,1.0,1.0,1.0,1,1,0,53,0.0333150830119848,,0.0016450830153189,1.1519686660030857,campaign_size_corrected,weak,2,20,200,10,200,10,"Hyundai=5,Kia=5",12.172190168224096,12.163536759477664,11.575663563599628,2.606972496040905,9.55656426343676,0,0,0.0,723.0,1446.0,undirected_nx_bidirectional_pyg,7.23,7.0,0.03633166,29.0,14.5,38.0,100.0,165.0,558.0,22.8216,0.95,10.0,5.0,0.032929,campaign_size_corrected_weak_n10_descriptor_clustering_seed11_20260611T123048_a73cacd8,
fcgnn,23,campaign_size_corrected_strong,10,1.0,10,10,0,0,0.25,1.0,0.4,1.0,0.0,0.7806666666666666,0.4688946008467045,0,69,0.5,1.0,0.6666666666666666,10,10,1.0,1.0,1.0,1.0,1.0,1,1,0,82,0.0336021250113844,0.0420032499823719,0.0023928339942358,1.245886499993503,campaign_size_corrected,strong,3,20,200,10,200,10,"Chevrolet=3,Hyundai=4,Kia=3",201.2601454767049,200.98427056425655,200.48605009406367,95.66932533260903,105.31494523164751,0,0,0.0,1021.0,2042.0,undirected_nx_bidirectional_pyg,10.21,12.0,0.05130653,17.0,8.5,30.0,100.0,160.0,861.0,15.6709,0.95,10.0,5.0,0.033155,campaign_size_corrected_strong_n10_fcgnn_seed23_20260611T122837_ae3d10de,
fcgnn,11,campaign_size_corrected_weak,5,1.0,5,15,0,0,0.125,1.0,0.2222222222222222,1.0,0.0,0.2553142857142857,0.0840237284465641,25,96,0.25,1.0,0.4,5,15,1.0,1.0,1.0,1.0,1.0,1,1,0,27,0.0321789170266129,0.0407625410007312,0.0022819170262664,1.1403811249765567,campaign_size_corrected,weak,2,20,200,10,200,5,"Hyundai=3,Kia=2",11.509406597816447,11.47920173848584,10.79184717755024,1.7969597561986288,9.682241982287213,0,0,0.0,562.0,1124.0,undirected_nx_bidirectional_pyg,5.62,5.0,0.02824121,30.0,15.0,40.0,98.0,94.0,468.0,16.726,0.95,10.0,5.0,0.031771,campaign_size_corrected_weak_n5_fcgnn_seed11_20260611T123004_4b405120,
local_ids,67,campaign_size_corrected_strong,2,1.0,2,18,0,0,0.05,1.0,0.0952380952380952,1.0,0.0,0.973421052631579,0.5,0,104,0.1,1.0,0.1818181818181818,2,18,0.0,0.0,0.0,0.0,0.0,0,1,0,0,,,,1.013782333000563,campaign_size_corrected,strong,2,20,200,10,200,2,"Chevrolet=1,Kia=1",13.040025968868637,13.04002596886864,13.040959938052966,4.149774510352262,8.890251458516378,0,0,0.0,,,,,,,,,,,,,,,,,,campaign_size_corrected_strong_n2_local_ids_seed67_20260611T122721_503ec980,0.0
standard_gnn,71,campaign_size_corrected_strong,5,1.0,5,15,0,0,0.125,1.0,0.2222222222222222,1.0,0.0,0.84,0.3614170976272448,0,100,0.25,1.0,0.4,5,15,0.0,0.0,0.0,0.0,0.0,0,1,0,0,0.031649041979108,0.0341807500226423,0.0016142919776029,1.1051853749668226,campaign_size_corrected,strong,3,20,200,10,200,5,"Chevrolet=1,Hyundai=2,Kia=2",12.096648986226468,11.859705264203177,10.837709968945346,3.612906508536364,8.246798755666813,0,0,0.0,689.0,1378.0,undirected_nx_bidirectional_pyg,6.89,5.0,0.03462312,13.0,6.5,22.0,107.0,121.0,568.0,17.5617,0.95,10.0,5.0,0.03127,campaign_size_corrected_strong_n5_standard_gnn_seed71_20260611T122813_7b1ba102,
fcgnn,37,campaign_size_corrected_strong,10,1.0,10,10,0,0,0.25,1.0,0.4,1.0,0.0,0.7941333333333334,0.4738805763448731,0,76,0.5,1.0,0.6666666666666666,10,10,1.0,0.0,1.0,0.0,1.0,3,1,0,121,0.0339154580142349,0.0395789169706404,0.0027124169864691,1.1751842920202762,campaign_size_corrected,strong,3,20,200,10,200,10,"Chevrolet=3,Hyundai=4,Kia=3",200.90739431389335,200.77605408684744,199.80884549124784,93.86608716770375,106.90996691914368,0,0,0.0,925.0,1850.0,undirected_nx_bidirectional_pyg,9.25,11.0,0.04648241,23.0,11.5,35.0,100.0,211.0,714.0,22.8108,0.95,10.0,5.0,0.033488,campaign_size_corrected_strong_n10_fcgnn_seed37_20260611T122842_d8e10da5,
descriptor_clustering,97,campaign_size_corrected_weak,10,1.0,10,10,0,0,0.25,1.0,0.4,1.0,0.0,0.1935333333333333,0.1587331160432976,50,65,0.5,1.0,0.6666666666666666,10,10,1.0,1.0,1.0,1.0,1.0,1,1,0,46,0.0307637500227428,,0.0015225419774651,1.2087122079683468,campaign_size_corrected,weak,2,20,200,10,200,10,"Hyundai=5,Kia=5",13.101742262832232,13.10650584943028,12.473171348940545,4.171104053455096,8.935401795975183,0,0,0.0,694.0,1388.0,undirected_nx_bidirectional_pyg,6.94,8.0,0.03487437,24.0,12.0,32.0,100.0,166.0,528.0,23.9193,0.95,10.0,5.0,0.030386,campaign_size_corrected_weak_n10_descriptor_clustering_seed97_20260611T123126_451939e5,
descriptor_clustering,53,campaign_size_corrected_strong,2,1.0,2,18,0,0,0.05,1.0,0.0952380952380952,1.0,0.0,0.9021052631578949,0.3962335235823607,0,109,0.1,1.0,0.1818181818181818,2,18,0.0,0.0,0.0,0.0,0.0,0,1,0,0,0.0308902079705148,,0.0014486250001937,1.0532405829872005,campaign_size_corrected,strong,2,20,200,10,200,2,"Chevrolet=1,Hyundai=1",13.883804354276862,13.69398790585964,12.703435685105442,1.0948293984929915,12.59915850736665,0,0,0.0,480.0,960.0,undirected_nx_bidirectional_pyg,4.8,4.0,0.0241206,19.0,9.5,28.0,114.0,40.0,440.0,8.3333,0.95,10.0,5.0,0.030529,campaign_size_corrected_strong_n2_descriptor_clustering_seed53_20260611T122718_c12a297a,
descriptor_clustering,67,campaign_size_corrected_strong,5,1.0,5,15,0,0,0.125,1.0,0.2222222222222222,1.0,0.0,0.7909714285714287,0.3345779998719629,0,80,0.25,1.0,0.4,5,15,1.0,1.0,1.0,1.0,1.0,1,1,0,14,0.030403374985326,,0.0013554579927586,1.077721042034682,campaign_size_corrected,strong,3,20,200,10,200,5,"Chevrolet=1,Hyundai=2,Kia=2",13.991849981078678,13.85806244998428,13.113195093133218,5.448970454296258,8.409091995688023,0,0,0.0,713.0,1426.0,undirected_nx_bidirectional_pyg,7.13,6.0,0.03582915,14.0,7.0,22.0,65.0,126.0,587.0,17.6718,0.95,10.0,5.0,0.030028,campaign_size_corrected_strong_n5_descriptor_clustering_seed67_20260611T122807_1eb6d72b,
fcgnn,101,campaign_size_corrected_weak,10,1.0,10,10,0,0,0.25,1.0,0.4,1.0,0.0,0.2612666666666666,0.1704125161234083,50,72,0.5,1.0,0.6666666666666666,10,10,1.0,0.0,1.0,0.0,1.0,2,1,0,43,0.0319100830238312,0.0394038750091567,0.0025891670375131,1.169941917003598,campaign_size_corrected,weak,2,20,200,10,200,10,"Hyundai=5,Kia=5",13.09294152713618,13.093946695975726,12.44213097243523,2.050125295165484,11.04382140081024,0,0,0.0,762.0,1524.0,undirected_nx_bidirectional_pyg,7.62,9.0,0.03829146,13.0,6.5,22.0,100.0,158.0,604.0,20.7349,0.95,10.0,5.0,0.031505,campaign_size_corrected_weak_n10_fcgnn_seed101_20260611T123133_38292059,
standard_gnn,71,campaign_size_corrected_weak,10,1.0,10,10,0,0,0.25,1.0,0.4,1.0,0.0,0.2431333333333333,0.1674488139027956,50,67,0.5,1.0,0.6666666666666666,10,10,1.0,1.0,1.0,1.0,1.0,1,1,0,10,0.0299418330541811,0.0339926670421846,0.0024178340099751,1.159116874972824,campaign_size_corrected,weak,2,20,200,10,200,10,"Hyundai=5,Kia=5",12.244051599492176,12.22088042127893,11.542741457836236,2.9879784688153346,9.232901952463594,0,0,0.0,656.0,1312.0,undirected_nx_bidirectional_pyg,6.56,7.0,0.03296482,13.0,6.5,22.0,100.0,156.0,500.0,23.7805,0.95,10.0,5.0,0.029571,campaign_size_corrected_weak_n10_standard_gnn_seed71_20260611T123118_56d799e4,
descriptor_clustering,41,campaign_size_corrected_weak,2,1.0,2,18,0,0,0.05,1.0,0.0952380952380952,1.0,0.0,0.1926315789473684,0.0321302910713802,10,107,0.1,1.0,0.1818181818181818,2,18,0.0,0.0,0.0,0.0,0.0,0,1,0,0,0.0294902499881573,,0.0013921660138294,1.0430749580264091,campaign_size_corrected,weak,2,20,200,10,200,2,"Hyundai=1,Kia=1",10.848683087662442,10.92916384209878,9.7178021090789,0.8527219366919816,10.076441905406798,0,0,0.0,516.0,1032.0,undirected_nx_bidirectional_pyg,5.16,4.0,0.02592965,14.0,7.0,24.0,74.0,46.0,470.0,8.9147,0.95,10.0,5.0,0.029122,campaign_size_corrected_weak_n2_descriptor_clustering_seed41_20260611T122931_2c6863f5,
local_ids,23,campaign_size_corrected_strong,5,1.0,5,15,0,0,0.125,1.0,0.2222222222222222,1.0,0.0,0.8300571428571428,0.3896175445821414,0,93,0.25,1.0,0.4,5,15,0.0,0.0,0.0,0.0,0.0,0,1,0,0,,,,1.104482334048953,campaign_size_corrected,strong,3,20,200,10,200,5,"Chevrolet=1,Hyundai=2,Kia=2",12.204286246662654,11.799374863790064,11.32477965291932,4.3756830974515335,7.42369176633853,0,0,0.0,,,,,,,,,,,,,,,,,,campaign_size_corrected_strong_n5_local_ids_seed23_20260611T122748_b490a39d,0.0
local_ids,37,campaign_size_corrected_strong,2,1.0,2,18,0,0,0.05,1.0,0.0952380952380952,1.0,0.0,0.8984210526315789,0.404537100609327,0,99,0.1,1.0,0.1818181818181818,2,18,0.0,0.0,0.0,0.0,0.0,0,1,0,0,,,,1.0758932910393924,campaign_size_corrected,strong,2,20,200,10,200,2,"Chevrolet=1,Kia=1",8.103724895060395,7.949565900709347,7.200049253926502,-0.3216198008189117,8.271185701528259,0,0,0.0,,,,,,,,,,,,,,,,,,campaign_size_corrected_strong_n2_local_ids_seed37_20260611T122708_ef3d88e6,0.0
standard_gnn,37,campaign_size_corrected_weak,5,1.0,5,15,0,0,0.125,1.0,0.2222222222222222,1.0,0.0,0.2020571428571428,0.0783426232845703,25,83,0.25,1.0,0.4,5,15,0.0,0.0,0.0,0.0,0.0,0,1,0,0,0.0310748330084607,0.0301554159959778,0.0014244159683585,1.184042583045084,campaign_size_corrected,weak,2,20,200,10,200,5,"Hyundai=3,Kia=2",12.122043213998053,12.151412612538005,11.405416240566282,1.7069595613117632,10.444453051226242,0,0,0.0,563.0,1126.0,undirected_nx_bidirectional_pyg,5.63,5.0,0.02829146,20.0,10.0,33.0,98.0,85.0,478.0,15.0977,0.95,10.0,5.0,0.030705,campaign_size_corrected_weak_n5_standard_gnn_seed37_20260611T123012_147c7494,
local_ids,41,campaign_size_corrected_strong,10,1.0,10,10,0,0,0.25,1.0,0.4,1.0,0.0,0.8084666666666667,0.47719269389912,0,84,0.5,1.0,0.6666666666666666,10,10,0.0,0.0,0.0,0.0,0.0,0,1,0,0,,,,1.0909572919481434,campaign_size_corrected,strong,3,20,200,10,200,10,"Chevrolet=3,Hyundai=4,Kia=3",201.1696122475096,201.01300621728203,200.157414501968,96.43707101297672,104.57593520430532,0,0,0.0,,,,,,,,,,,,,,,,,,campaign_size_corrected_strong_n10_local_ids_seed41_20260611T122843_1b3e0509,0.0
fcgnn,37,campaign_size_corrected_strong,2,1.0,2,18,0,0,0.05,1.0,0.0952380952380952,1.0,0.0,0.8984210526315789,0.404537100609327,0,99,0.1,1.0,0.1818181818181818,2,18,1.0,1.0,1.0,1.0,1.0,1,1,0,11,0.0304785839980468,0.0320304170018062,0.0020208749920129,1.1590231250156648,campaign_size_corrected,strong,2,20,200,10,200,2,"Chevrolet=1,Kia=1",8.103724895060395,7.949565900709347,7.200049253926502,-0.3216198008189117,8.271185701528259,0,0,0.0,489.0,978.0,undirected_nx_bidirectional_pyg,4.89,4.0,0.02457286,25.0,12.5,38.0,125.0,30.0,459.0,6.135,0.95,10.0,5.0,0.030117,campaign_size_corrected_strong_n2_fcgnn_seed37_20260611T122711_3fc6653e,
local_ids,101,campaign_size_corrected_weak,10,1.0,10,10,0,0,0.25,1.0,0.4,1.0,0.0,0.2612666666666666,0.1704125161234083,50,72,0.5,1.0,0.6666666666666666,10,10,0.0,0.0,0.0,0.0,0.0,0,1,0,0,,,,1.100148707977496,campaign_size_corrected,weak,2,20,200,10,200,10,"Hyundai=5,Kia=5",13.09294152713618,13.093946695975726,12.44213097243523,2.050125295165484,11.04382140081024,0,0,0.0,,,,,,,,,,,,,,,,,,campaign_size_corrected_weak_n10_local_ids_seed101_20260611T123130_ca0bb6c6,0.0
local_ids,71,campaign_size_corrected_weak,5,1.0,5,15,0,0,0.125,1.0,0.2222222222222222,1.0,0.0,0.2505142857142857,0.0827910976804808,25,86,0.25,1.0,0.4,5,15,0.0,0.0,0.0,0.0,0.0,0,1,0,0,,,,1.042900540982373,campaign_size_corrected,weak,2,20,200,10,200,5,"Hyundai=3,Kia=2",11.989688453079046,12.002255438136189,11.300424434436165,2.051220329969326,9.951035108166865,0,0,0.0,,,,,,,,,,,,,,,,,,campaign_size_corrected_weak_n5_local_ids_seed71_20260611T123028_dfa915a2,0.0
descriptor_clustering,67,campaign_size_corrected_strong,2,1.0,2,18,0,0,0.05,1.0,0.0952380952380952,1.0,0.0,0.973421052631579,0.5,0,104,0.1,1.0,0.1818181818181818,2,18,0.0,0.0,0.0,0.0,0.0,0,1,0,0,0.0309687500121071,,0.0015555410063825,1.064769124961458,campaign_size_corrected,strong,2,20,200,10,200,2,"Chevrolet=1,Kia=1",13.040025968868637,13.04002596886864,13.040959938052966,4.149774510352262,8.890251458516378,0,0,0.0,587.0,1174.0,undirected_nx_bidirectional_pyg,5.87,5.0,0.02949749,18.0,9.0,27.0,114.0,75.0,512.0,12.7768,0.95,10.0,5.0,0.030539,campaign_size_corrected_strong_n2_descriptor_clustering_seed67_20260611T122722_ea78e395,
standard_gnn,41,campaign_size_corrected_weak,5,1.0,5,15,0,0,0.125,1.0,0.2222222222222222,1.0,0.0,0.2229714285714286,0.0800098036781481,25,89,0.25,1.0,0.4,5,15,0.0,0.0,0.0,0.0,0.0,0,1,0,0,0.0313648339943029,0.0331289999885484,0.0015048749628476,1.1460750839905811,campaign_size_corrected,weak,2,20,200,10,200,5,"Hyundai=3,Kia=2",10.811360036700355,10.805438114719262,10.05771141336665,1.5331207362750596,9.272317378444203,0,0,0.0,597.0,1194.0,undirected_nx_bidirectional_pyg,5.97,5.5,0.03,17.0,8.5,29.0,50.0,92.0,505.0,15.4104,0.95,10.0,5.0,0.030998,campaign_size_corrected_weak_n5_standard_gnn_seed41_20260611T123017_8d814b14,
descriptor_clustering,101,campaign_size_corrected_strong,10,1.0,10,10,0,0,0.25,1.0,0.4,1.0,0.0,0.8169333333333334,0.47743010930267,0,94,0.5,1.0,0.6666666666666666,10,10,1.0,1.0,1.0,1.0,1.0,1,1,0,83,0.029906916024629,,0.0013866249937564,1.117644999991171,campaign_size_corrected,strong,3,20,200,10,200,10,"Chevrolet=3,Hyundai=4,Kia=3",201.26824729506689,201.01082216419456,200.2153431523235,94.87813908137252,106.13268308282204,0,0,0.0,1017.0,2034.0,undirected_nx_bidirectional_pyg,10.17,12.0,0.05110553,16.0,8.0,22.0,100.0,172.0,845.0,16.9125,0.95,10.0,5.0,0.029511,campaign_size_corrected_strong_n10_descriptor_clustering_seed101_20260611T122913_c25d37dd,
descriptor_clustering,67,campaign_size_corrected_weak,2,1.0,2,18,0,0,0.05,1.0,0.0952380952380952,1.0,0.0,0.321578947368421,0.0379706711644926,10,105,0.1,1.0,0.1818181818181818,2,18,1.0,1.0,1.0,1.0,1.0,1,1,0,20,0.0315758750075474,,0.0017046660068444,1.0520155419944786,campaign_size_corrected,weak,2,20,200,10,200,2,"Hyundai=1,Kia=1",8.353593915602634,8.150180853053037,7.842739250205886,2.144343540072538,6.005837312980499,0,0,0.0,511.0,1022.0,undirected_nx_bidirectional_pyg,5.11,5.0,0.02567839,18.0,9.0,27.0,114.0,46.0,465.0,9.002,0.95,10.0,5.0,0.031209,campaign_size_corrected_weak_n2_descriptor_clustering_seed67_20260611T122940_44523ab0,
fcgnn,67,campaign_size_corrected_strong,2,1.0,2,18,0,0,0.05,1.0,0.0952380952380952,1.0,0.0,0.973421052631579,0.5,0,104,0.1,1.0,0.1818181818181818,2,18,1.0,0.0,1.0,0.0,1.0,2,1,0,27,0.0296333340229466,0.0402873749844729,0.0035950840101577,1.087073416041676,campaign_size_corrected,strong,2,20,200,10,200,2,"Chevrolet=1,Kia=1",13.040025968868637,13.04002596886864,13.040959938052966,4.149774510352262,8.890251458516378,0,0,0.0,587.0,1174.0,undirected_nx_bidirectional_pyg,5.87,5.0,0.02949749,18.0,9.0,27.0,114.0,75.0,512.0,12.7768,0.95,10.0,5.0,0.029268,campaign_size_corrected_strong_n2_fcgnn_seed67_20260611T122725_ba4a1ddb,
fcgnn,83,campaign_size_corrected_strong,10,1.0,10,10,0,0,0.25,1.0,0.4,1.0,0.0,0.8022,0.4915083182696631,0,80,0.5,1.0,0.6666666666666666,10,10,1.0,0.0,1.0,0.0,1.0,3,1,0,131,0.096565791987814,0.0547590000205673,0.0028113749576732,1.2493271669954993,campaign_size_corrected,strong,3,20,200,10,200,10,"Chevrolet=3,Hyundai=4,Kia=3",201.2896364548218,201.04479226066587,200.32233922102023,95.96626059765494,105.07853166301092,0,0,0.0,969.0,1938.0,undirected_nx_bidirectional_pyg,9.69,12.5,0.04869347,22.0,11.0,36.0,100.0,202.0,767.0,20.8462,0.95,10.0,5.0,0.09614,campaign_size_corrected_strong_n10_fcgnn_seed83_20260611T122906_f8ae0e93,
standard_gnn,53,campaign_size_corrected_strong,5,1.0,5,15,0,0,0.125,1.0,0.2222222222222222,1.0,0.0,0.8452571428571428,0.3808633279074157,0,97,0.25,1.0,0.4,5,15,1.0,1.0,1.0,1.0,1.0,1,1,0,11,0.0293922499986365,0.0334674580371938,0.002982709032949,1.1814746669842862,campaign_size_corrected,strong,3,20,200,10,200,5,"Chevrolet=1,Hyundai=2,Kia=2",12.03834100110936,11.878262152979875,10.868302437198343,4.0024813027791595,7.875780850200718,0,0,0.0,658.0,1316.0,undirected_nx_bidirectional_pyg,6.58,5.0,0.03306533,15.0,7.5,29.0,95.0,143.0,515.0,21.7325,0.95,10.0,5.0,0.029027,campaign_size_corrected_strong_n5_standard_gnn_seed53_20260611T122804_3d7dd335,
fcgnn,37,campaign_size_corrected_weak,2,1.0,2,18,0,0,0.05,1.0,0.0952380952380952,1.0,0.0,0.2326315789473684,0.0337142526566534,10,96,0.1,1.0,0.1818181818181818,2,18,0.0,0.0,0.0,0.0,0.0,0,1,0,0,0.0304260409902781,0.0310515830060467,0.0014270420069806,1.0758382910280488,campaign_size_corrected,weak,2,20,200,10,200,2,"Hyundai=1,Kia=1",10.016484132724536,10.112565158436094,9.454478206905083,1.288933997277148,8.823631161158946,0,0,0.0,489.0,978.0,undirected_nx_bidirectional_pyg,4.89,4.0,0.02457286,25.0,12.5,38.0,125.0,52.0,437.0,10.6339,0.95,10.0,5.0,0.030054,campaign_size_corrected_weak_n2_fcgnn_seed37_20260611T122929_fda9249d,
descriptor_clustering,101,campaign_size_corrected_weak,2,1.0,2,18,0,0,0.05,1.0,0.0952380952380952,1.0,0.0,0.4005263157894737,0.0432562615120597,10,103,0.1,1.0,0.1818181818181818,2,18,1.0,1.0,1.0,1.0,1.0,1,1,0,11,0.0323253339738585,,0.0015382909914478,1.1641280420008115,campaign_size_corrected,weak,2,20,200,10,200,2,"Hyundai=1,Kia=1",12.587485232733332,12.638847909907463,12.421811613492094,-0.0089511030200272,12.647799012927493,0,0,0.0,573.0,1146.0,undirected_nx_bidirectional_pyg,5.73,5.0,0.02879397,19.0,9.5,27.0,132.0,55.0,518.0,9.5986,0.95,10.0,5.0,0.031947,campaign_size_corrected_weak_n2_descriptor_clustering_seed101_20260611T122958_dc467cf6,
local_ids,41,campaign_size_corrected_strong,5,1.0,5,15,0,0,0.125,1.0,0.2222222222222222,1.0,0.0,0.8584,0.4076445581490716,0,102,0.25,1.0,0.4,5,15,0.0,0.0,0.0,0.0,0.0,0,1,0,0,,,,1.0960329579538666,campaign_size_corrected,strong,3,20,200,10,200,5,"Chevrolet=1,Hyundai=2,Kia=2",12.15890567045031,12.037550658865475,11.10952789978871,4.171348681988056,7.866201976877419,0,0,0.0,,,,,,,,,,,,,,,,,,campaign_size_corrected_strong_n5_local_ids_seed41_20260611T122757_e4f65bf8,0.0
fcgnn,41,campaign_size_corrected_weak,5,1.0,5,15,0,0,0.125,1.0,0.2222222222222222,1.0,0.0,0.2229714285714286,0.0800098036781481,25,89,0.25,1.0,0.4,5,15,1.0,0.0,1.0,0.0,1.0,2,1,0,25,0.03052970796125,0.0361477920087054,0.002498582995031,1.1995672499760983,campaign_size_corrected,weak,2,20,200,10,200,5,"Hyundai=3,Kia=2",10.811360036700355,10.805438114719262,10.05771141336665,1.5331207362750596,9.272317378444203,0,0,0.0,597.0,1194.0,undirected_nx_bidirectional_pyg,5.97,5.5,0.03,17.0,8.5,29.0,50.0,92.0,505.0,15.4104,0.95,10.0,5.0,0.030154,campaign_size_corrected_weak_n5_fcgnn_seed41_20260611T123018_0e5462d3,
fcgnn,101,campaign_size_corrected_weak,2,1.0,2,18,0,0,0.05,1.0,0.0952380952380952,1.0,0.0,0.4005263157894737,0.0432562615120597,10,103,0.1,1.0,0.1818181818181818,2,18,1.0,1.0,1.0,1.0,1.0,1,1,0,17,0.0293679579626768,0.0387250420171767,0.0024695000029169,1.0934141670004465,campaign_size_corrected,weak,2,20,200,10,200,2,"Hyundai=1,Kia=1",12.587485232733332,12.638847909907463,12.421811613492094,-0.0089511030200272,12.647799012927493,0,0,0.0,573.0,1146.0,undirected_nx_bidirectional_pyg,5.73,5.0,0.02879397,19.0,9.5,27.0,132.0,55.0,518.0,9.5986,0.95,10.0,5.0,0.028999,campaign_size_corrected_weak_n2_fcgnn_seed101_20260611T123000_a2e707a5,
fcgnn,67,campaign_size_corrected_weak,5,1.0,5,15,0,0,0.125,1.0,0.2222222222222222,1.0,0.0,0.2608,0.083354060538911,25,95,0.25,1.0,0.4,5,15,1.0,1.0,1.0,1.0,1.0,1,1,0,21,0.0297691249870695,0.0394427090068347,0.0020923749543726,1.1215871670283375,campaign_size_corrected,weak,2,20,200,10,200,5,"Hyundai=3,Kia=2",10.21684701830419,10.137906092982115,9.637290949598384,2.479026519626366,7.658879573355751,0,0,0.0,565.0,1130.0,undirected_nx_bidirectional_pyg,5.65,5.0,0.02839196,18.0,9.0,27.0,86.0,85.0,480.0,15.0442,0.95,10.0,5.0,0.029409,campaign_size_corrected_weak_n5_fcgnn_seed67_20260611T123027_1de465ea,
local_ids,97,campaign_size_corrected_strong,2,1.0,2,18,0,0,0.05,1.0,0.0952380952380952,1.0,0.0,0.9692105263157896,0.4672037510656436,0,98,0.1,1.0,0.1818181818181818,2,18,0.0,0.0,0.0,0.0,0.0,0,1,0,0,,,,1.0172242079861462,campaign_size_corrected,strong,2,20,200,10,200,2,"Chevrolet=1,Kia=1",13.028963176362057,13.028970584406906,13.028341756880936,4.076047219482176,8.952923364924729,0,0,0.0,,,,,,,,,,,,,,,,,,campaign_size_corrected_strong_n2_local_ids_seed97_20260611T122735_81e225ec,0.0
local_ids,97,campaign_size_corrected_weak,10,1.0,10,10,0,0,0.25,1.0,0.4,1.0,0.0,0.1935333333333333,0.1587331160432976,50,65,0.5,1.0,0.6666666666666666,10,10,0.0,0.0,0.0,0.0,0.0,0,1,0,0,,,,1.0979205000330694,campaign_size_corrected,weak,2,20,200,10,200,10,"Hyundai=5,Kia=5",13.101742262832232,13.10650584943028,12.473171348940545,4.171104053455096,8.935401795975183,0,0,0.0,,,,,,,,,,,,,,,,,,campaign_size_corrected_weak_n10_local_ids_seed97_20260611T123125_d812516e,0.0
descriptor_clustering,53,campaign_size_corrected_weak,2,1.0,2,18,0,0,0.05,1.0,0.0952380952380952,1.0,0.0,0.2136842105263157,0.0330705357870486,10,106,0.1,1.0,0.1818181818181818,2,18,1.0,1.0,1.0,1.0,1.0,1,1,0,14,0.0307716249953955,,0.0015217910404317,1.0720815410022624,campaign_size_corrected,weak,2,20,200,10,200,2,"Hyundai=1,Kia=1",12.298829153860158,12.195079160523823,11.167675578252236,1.1695601455029252,11.0255190150209,0,0,0.0,467.0,934.0,undirected_nx_bidirectional_pyg,4.67,4.5,0.02346734,19.0,9.5,28.0,114.0,47.0,420.0,10.0642,0.95,10.0,5.0,0.030309,campaign_size_corrected_weak_n2_descriptor_clustering_seed53_20260611T122936_60dae142,
standard_gnn,23,campaign_size_corrected_strong,10,1.0,10,10,0,0,0.25,1.0,0.4,1.0,0.0,0.7806666666666666,0.4688946008467045,0,69,0.5,1.0,0.6666666666666666,10,10,1.0,0.0,1.0,0.0,1.0,3,1,0,44,0.0316204999689944,0.0376984589966014,0.0034277500235475,1.1612321250140667,campaign_size_corrected,strong,3,20,200,10,200,10,"Chevrolet=3,Hyundai=4,Kia=3",201.2601454767049,200.98427056425655,200.48605009406367,95.66932533260903,105.31494523164751,0,0,0.0,1021.0,2042.0,undirected_nx_bidirectional_pyg,10.21,12.0,0.05130653,17.0,8.5,30.0,100.0,160.0,861.0,15.6709,0.95,10.0,5.0,0.031229,campaign_size_corrected_strong_n10_standard_gnn_seed23_20260611T122836_6d98c384,
fcgnn,11,campaign_size_corrected_weak,10,1.0,10,10,0,0,0.25,1.0,0.4,1.0,0.0,0.2642,0.1705960169250554,50,81,0.5,1.0,0.6666666666666666,10,10,1.0,1.0,1.0,1.0,1.0,1,1,0,35,0.0315323749673552,0.0414900420000776,0.0022097089677117,1.1957107500056736,campaign_size_corrected,weak,2,20,200,10,200,10,"Hyundai=5,Kia=5",12.172190168224096,12.163536759477664,11.575663563599628,2.606972496040905,9.55656426343676,0,0,0.0,723.0,1446.0,undirected_nx_bidirectional_pyg,7.23,7.0,0.03633166,29.0,14.5,38.0,100.0,165.0,558.0,22.8216,0.95,10.0,5.0,0.031139,campaign_size_corrected_weak_n10_fcgnn_seed11_20260611T123050_122fea34,
fcgnn,83,campaign_size_corrected_weak,2,1.0,2,18,0,0,0.05,1.0,0.0952380952380952,1.0,0.0,0.1463157894736842,0.0311216467568626,10,96,0.1,1.0,0.1818181818181818,2,18,1.0,1.0,1.0,1.0,1.0,1,1,0,14,0.0304291250067763,0.0372325839707627,0.0023261670139618,1.0862762079923414,campaign_size_corrected,weak,2,20,200,10,200,2,"Hyundai=1,Kia=1",10.147123873492228,10.123857958274924,9.027071171201818,1.8417917028379984,8.282066255436925,0,0,0.0,518.0,1036.0,undirected_nx_bidirectional_pyg,5.18,5.0,0.02603015,18.0,9.0,29.0,129.0,52.0,466.0,10.0386,0.95,10.0,5.0,0.030065,campaign_size_corrected_weak_n2_fcgnn_seed83_20260611T122951_c27d3755,
local_ids,97,campaign_size_corrected_strong,10,1.0,10,10,0,0,0.25,1.0,0.4,1.0,0.0,0.818,0.5144007693967566,0,82,0.5,1.0,0.6666666666666666,10,10,0.0,0.0,0.0,0.0,0.0,0,1,0,0,,,,1.089784417010378,campaign_size_corrected,strong,3,20,200,10,200,10,"Chevrolet=3,Hyundai=4,Kia=3",201.10644689874417,200.92453164240467,200.092705352627,95.86401492294328,105.0605167194614,0,0,0.0,,,,,,,,,,,,,,,,,,campaign_size_corrected_strong_n10_local_ids_seed97_20260611T122907_a01a757d,0.0
local_ids,83,campaign_size_corrected_weak,10,1.0,10,10,0,0,0.25,1.0,0.4,1.0,0.0,0.2116,0.1623421666328202,50,61,0.5,1.0,0.6666666666666666,10,10,0.0,0.0,0.0,0.0,0.0,0,1,0,0,,,,1.09777904197108,campaign_size_corrected,weak,2,20,200,10,200,10,"Hyundai=5,Kia=5",12.339301636056774,12.352843668248134,11.633867833256469,2.6732466992567843,9.67959696899135,0,0,0.0,,,,,,,,,,,,,,,,,,campaign_size_corrected_weak_n10_local_ids_seed83_20260611T123120_21c6c8b7,0.0
local_ids,53,campaign_size_corrected_weak,10,1.0,10,10,0,0,0.25,1.0,0.4,1.0,0.0,0.2281333333333333,0.1640278908480361,50,77,0.5,1.0,0.6666666666666666,10,10,0.0,0.0,0.0,0.0,0.0,0,1,0,0,,,,1.1253861670265906,campaign_size_corrected,weak,2,20,200,10,200,10,"Hyundai=5,Kia=5",13.30875861169964,13.319754079255214,12.51809227431575,3.030275351728691,10.289478727526522,0,0,0.0,,,,,,,,,,,,,,,,,,campaign_size_corrected_weak_n10_local_ids_seed53_20260611T123106_03c5f4a7,0.0
descriptor_clustering,83,campaign_size_corrected_weak,10,1.0,10,10,0,0,0.25,1.0,0.4,1.0,0.0,0.2116,0.1623421666328202,50,61,0.5,1.0,0.6666666666666666,10,10,1.0,1.0,1.0,1.0,1.0,1,1,0,52,0.0445913330186158,,0.0016469160327687,1.2185340840369463,campaign_size_corrected,weak,2,20,200,10,200,10,"Hyundai=5,Kia=5",12.339301636056774,12.352843668248134,11.633867833256469,2.6732466992567843,9.67959696899135,0,0,0.0,700.0,1400.0,undirected_nx_bidirectional_pyg,7.0,7.5,0.03517588,17.0,8.5,28.0,100.0,183.0,517.0,26.1429,0.95,10.0,5.0,0.044155,campaign_size_corrected_weak_n10_descriptor_clustering_seed83_20260611T123121_71e4e697,
fcgnn,71,campaign_size_corrected_strong,10,1.0,10,10,0,0,0.25,1.0,0.4,1.0,0.0,0.7965333333333333,0.4659443395107318,0,80,0.5,1.0,0.6666666666666666,10,10,1.0,1.0,1.0,1.0,1.0,1,1,0,76,0.0303530829842202,0.042441957979463,0.0022242079721763,1.166694584011566,campaign_size_corrected,strong,3,20,200,10,200,10,"Chevrolet=3,Hyundai=4,Kia=3",201.10265562792725,200.8174652733805,200.05782591359116,95.12576722130238,105.69169805207808,0,0,0.0,965.0,1930.0,undirected_nx_bidirectional_pyg,9.65,11.5,0.04849246,21.0,10.5,30.0,100.0,195.0,770.0,20.2073,0.95,10.0,5.0,0.029961,campaign_size_corrected_strong_n10_fcgnn_seed71_20260611T122901_787804a5,
descriptor_clustering,11,campaign_size_corrected_strong,10,1.0,10,10,0,0,0.25,1.0,0.4,1.0,0.0,0.8290666666666666,0.5090944093934857,0,72,0.5,1.0,0.6666666666666666,10,10,1.0,1.0,1.0,1.0,1.0,1,1,0,81,0.0317507500294595,,0.0014813340385444,1.1352199590182863,campaign_size_corrected,strong,3,20,200,10,200,10,"Chevrolet=3,Hyundai=4,Kia=3",201.35096056664227,201.25255463048595,200.46338950324716,97.09293229615388,104.15962233433208,0,0,0.0,962.0,1924.0,undirected_nx_bidirectional_pyg,9.62,12.0,0.04834171,21.0,10.5,32.0,100.0,239.0,723.0,24.8441,0.95,10.0,5.0,0.031342,campaign_size_corrected_strong_n10_descriptor_clustering_seed11_20260611T122830_80466fa4,
fcgnn,11,campaign_size_corrected_weak,2,1.0,2,18,0,0,0.05,1.0,0.0952380952380952,1.0,0.0,0.2221052631578947,0.0335479721137107,10,105,0.1,1.0,0.1818181818181818,2,18,1.0,0.0,1.0,0.0,1.0,3,1,0,63,0.0319122500368393,0.034204583032988,0.0026094590430147,1.1893127919756807,campaign_size_corrected,weak,2,20,200,10,200,2,"Hyundai=1,Kia=1",10.228042721977316,10.281975245026306,9.514143206496636,-0.9309420575739384,11.212917302600244,0,0,0.0,473.0,946.0,undirected_nx_bidirectional_pyg,4.73,4.0,0.02376884,28.0,14.0,39.0,124.0,52.0,421.0,10.9937,0.95,10.0,5.0,0.031549,campaign_size_corrected_weak_n2_fcgnn_seed11_20260611T122920_947cc601,
fcgnn,67,campaign_size_corrected_strong,10,1.0,10,10,0,0,0.25,1.0,0.4,1.0,0.0,0.7859333333333334,0.4749787527580166,0,67,0.5,1.0,0.6666666666666666,10,10,1.0,0.0,1.0,0.0,1.0,3,1,0,101,0.0306176249869167,0.0419461249839514,0.0028341670404188,1.1622688330244273,campaign_size_corrected,strong,3,20,200,10,200,10,"Chevrolet=3,Hyundai=4,Kia=3",201.0660270140113,200.96278198606183,200.1894433707207,95.82356819067368,105.1392137953882,0,0,0.0,996.0,1992.0,undirected_nx_bidirectional_pyg,9.96,11.5,0.05005025,11.0,5.5,17.0,100.0,194.0,802.0,19.4779,0.95,10.0,5.0,0.030239,campaign_size_corrected_strong_n10_fcgnn_seed67_20260611T122856_a0d607bf,
