seed,scenario,fleet_vehicle_id,physical_vehicle,source_trace,attack_type,window_id,anomaly_score,descriptor_24d_id,gnn_9d_feature_vector_id,gt_campaign_id,attack_family
11,strong_campaign,veh_00,Challenge_D,Pre_train_D_2.csv,spoofing,0,0.8232323232323232,Challenge_D::Pre_train_D_2.csv::416::test,veh_00-w00,0,spoofing
11,strong_campaign,veh_00,Challenge_S,Pre_train_S_1.csv,spoofing,1,0.88510101010101,Challenge_S::Pre_train_S_1.csv::516::test,veh_00-w01,0,spoofing
11,strong_campaign,veh_00,Challenge_S,Pre_train_S_2.csv,spoofing,2,0.9154040404040404,Challenge_S::Pre_train_S_2.csv::466::test,veh_00-w02,0,spoofing
11,strong_campaign,veh_00,Challenge_D,Pre_train_D_2.csv,spoofing,3,0.8274410774410774,Challenge_D::Pre_train_D_2.csv::454::test,veh_00-w03,0,spoofing
11,strong_campaign,veh_00,Challenge_D,Pre_train_D_2.csv,spoofing,4,0.8211279461279462,Challenge_D::Pre_train_D_2.csv::498::test,veh_00-w04,0,spoofing
11,strong_campaign,veh_00,Challenge_S,Pre_train_S_1.csv,spoofing,5,0.8657407407407407,Challenge_S::Pre_train_S_1.csv::391::test,veh_00-w05,0,spoofing
11,strong_campaign,veh_00,Challenge_S,Pre_train_S_2.csv,spoofing,6,0.8135521885521886,Challenge_S::Pre_train_S_2.csv::528::test,veh_00-w06,0,spoofing
11,strong_campaign,veh_00,Challenge_D,Pre_train_D_2.csv,spoofing,7,0.9612794612794612,Challenge_D::Pre_train_D_2.csv::535::test,veh_00-w07,0,spoofing
11,strong_campaign,veh_00,Challenge_S,Pre_train_S_2.csv,spoofing,8,0.8712121212121212,Challenge_S::Pre_train_S_2.csv::300::test,veh_00-w08,0,spoofing
11,strong_campaign,veh_00,Challenge_S,Pre_train_S_2.csv,spoofing,9,0.8855218855218855,Challenge_S::Pre_train_S_2.csv::379::test,veh_00-w09,0,spoofing
11,strong_campaign,veh_01,Challenge_S,Pre_train_S_2.csv,spoofing,0,0.9288720538720538,Challenge_S::Pre_train_S_2.csv::474::test,veh_01-w00,0,spoofing
11,strong_campaign,veh_01,Challenge_D,Pre_train_D_2.csv,spoofing,1,0.8712121212121212,Challenge_D::Pre_train_D_2.csv::499::test,veh_01-w01,0,spoofing
11,strong_campaign,veh_01,Challenge_D,Pre_train_D_1.csv,spoofing,2,0.8446969696969697,Challenge_D::Pre_train_D_1.csv::499::test,veh_01-w02,0,spoofing
11,strong_campaign,veh_01,Challenge_D,Pre_train_D_1.csv,spoofing,3,0.9692760942760944,Challenge_D::Pre_train_D_1.csv::482::test,veh_01-w03,0,spoofing
11,strong_campaign,veh_01,Challenge_D,Pre_train_D_2.csv,spoofing,4,0.9583333333333334,Challenge_D::Pre_train_D_2.csv::458::test,veh_01-w04,0,spoofing
11,strong_campaign,veh_01,Challenge_D,Pre_train_D_1.csv,spoofing,5,0.9061447811447813,Challenge_D::Pre_train_D_1.csv::400::test,veh_01-w05,0,spoofing
11,strong_campaign,veh_01,Challenge_S,Pre_train_S_2.csv,spoofing,6,0.9154040404040404,Challenge_S::Pre_train_S_2.csv::340::test,veh_01-w06,0,spoofing
11,strong_campaign,veh_01,Challenge_D,Pre_train_D_1.csv,spoofing,7,0.805976430976431,Challenge_D::Pre_train_D_1.csv::577::test,veh_01-w07,0,spoofing
11,strong_campaign,veh_01,Challenge_S,Pre_train_S_2.csv,spoofing,8,0.9936868686868688,Challenge_S::Pre_train_S_2.csv::358::test,veh_01-w08,0,spoofing
11,strong_campaign,veh_01,Challenge_S,Pre_train_S_2.csv,spoofing,9,0.8114478114478114,Challenge_S::Pre_train_S_2.csv::426::test,veh_01-w09,0,spoofing
11,strong_campaign,veh_02,Challenge_S,Pre_train_S_2.csv,spoofing,0,0.9671717171717172,Challenge_S::Pre_train_S_2.csv::308::test,veh_02-w00,0,spoofing
11,strong_campaign,veh_02,Challenge_D,Pre_train_D_2.csv,spoofing,1,0.8834175084175084,Challenge_D::Pre_train_D_2.csv::565::test,veh_02-w01,0,spoofing
11,strong_campaign,veh_02,Challenge_D,Pre_train_D_2.csv,spoofing,2,0.9444444444444444,Challenge_D::Pre_train_D_2.csv::473::test,veh_02-w02,0,spoofing
11,strong_campaign,veh_02,Challenge_D,Pre_train_D_2.csv,spoofing,3,0.8274410774410774,Challenge_D::Pre_train_D_2.csv::404::test,veh_02-w03,0,spoofing
11,strong_campaign,veh_02,Challenge_D,Pre_train_D_2.csv,spoofing,4,0.9179292929292928,Challenge_D::Pre_train_D_2.csv::494::test,veh_02-w04,0,spoofing
11,strong_campaign,veh_02,Challenge_S,Pre_train_S_2.csv,spoofing,5,0.9701178451178452,Challenge_S::Pre_train_S_2.csv::461::test,veh_02-w05,0,spoofing
11,strong_campaign,veh_02,Challenge_D,Pre_train_D_1.csv,spoofing,6,0.981060606060606,Challenge_D::Pre_train_D_1.csv::403::test,veh_02-w06,0,spoofing
11,strong_campaign,veh_02,Challenge_S,Pre_train_S_2.csv,spoofing,7,0.9478114478114478,Challenge_S::Pre_train_S_2.csv::387::test,veh_02-w07,0,spoofing
11,strong_campaign,veh_02,Challenge_S,Pre_train_S_2.csv,spoofing,8,0.9865319865319864,Challenge_S::Pre_train_S_2.csv::409::test,veh_02-w08,0,spoofing
11,strong_campaign,veh_02,Challenge_D,Pre_train_D_1.csv,spoofing,9,0.8686868686868687,Challenge_D::Pre_train_D_1.csv::479::test,veh_02-w09,0,spoofing
11,strong_campaign,veh_03,Challenge_D,Pre_train_D_2.csv,spoofing,0,0.976010101010101,Challenge_D::Pre_train_D_2.csv::559::test,veh_03-w00,0,spoofing
11,strong_campaign,veh_03,Challenge_D,Pre_train_D_2.csv,spoofing,1,0.9128787878787878,Challenge_D::Pre_train_D_2.csv::441::test,veh_03-w01,0,spoofing
11,strong_campaign,veh_03,Challenge_S,Pre_train_S_2.csv,spoofing,2,0.8560606060606061,Challenge_S::Pre_train_S_2.csv::415::test,veh_03-w02,0,spoofing
11,strong_campaign,veh_03,Challenge_D,Pre_train_D_2.csv,spoofing,3,0.9191919191919192,Challenge_D::Pre_train_D_2.csv::339::test,veh_03-w03,0,spoofing
11,strong_campaign,veh_03,Challenge_S,Pre_train_S_1.csv,spoofing,4,0.9297138047138048,Challenge_S::Pre_train_S_1.csv::439::test,veh_03-w04,0,spoofing
11,strong_campaign,veh_03,Challenge_S,Pre_train_S_2.csv,spoofing,5,0.8758417508417509,Challenge_S::Pre_train_S_2.csv::385::test,veh_03-w05,0,spoofing
11,strong_campaign,veh_03,Challenge_D,Pre_train_D_1.csv,spoofing,6,0.8131313131313131,Challenge_D::Pre_train_D_1.csv::485::test,veh_03-w06,0,spoofing
11,strong_campaign,veh_03,Challenge_S,Pre_train_S_2.csv,spoofing,7,0.8274410774410774,Challenge_S::Pre_train_S_2.csv::509::test,veh_03-w07,0,spoofing
11,strong_campaign,veh_03,Challenge_S,Pre_train_S_2.csv,spoofing,8,0.8754208754208754,Challenge_S::Pre_train_S_2.csv::496::test,veh_03-w08,0,spoofing
11,strong_campaign,veh_03,Challenge_D,Pre_train_D_2.csv,spoofing,9,0.914141414141414,Challenge_D::Pre_train_D_2.csv::466::test,veh_03-w09,0,spoofing
11,strong_campaign,veh_04,Challenge_S,Pre_train_S_2.csv,spoofing,0,0.9701178451178452,Challenge_S::Pre_train_S_2.csv::402::test,veh_04-w00,0,spoofing
11,strong_campaign,veh_04,Challenge_D,Pre_train_D_2.csv,spoofing,1,0.9271885521885522,Challenge_D::Pre_train_D_2.csv::515::test,veh_04-w01,0,spoofing
11,strong_campaign,veh_04,Challenge_D,Pre_train_D_2.csv,spoofing,2,0.9621212121212122,Challenge_D::Pre_train_D_2.csv::471::test,veh_04-w02,0,spoofing
11,strong_campaign,veh_04,Challenge_S,Pre_train_S_2.csv,spoofing,3,0.8177609427609428,Challenge_S::Pre_train_S_2.csv::299::test,veh_04-w03,0,spoofing
11,strong_campaign,veh_04,Challenge_S,Pre_train_S_2.csv,spoofing,4,0.9764309764309764,Challenge_S::Pre_train_S_2.csv::378::test,veh_04-w04,0,spoofing
11,strong_campaign,veh_04,Challenge_D,Pre_train_D_1.csv,spoofing,5,0.8438552188552189,Challenge_D::Pre_train_D_1.csv::591::test,veh_04-w05,0,spoofing
11,strong_campaign,veh_04,Challenge_S,Pre_train_S_2.csv,spoofing,6,0.9423400673400674,Challenge_S::Pre_train_S_2.csv::395::test,veh_04-w06,0,spoofing
11,strong_campaign,veh_04,Challenge_S,Pre_train_S_2.csv,spoofing,7,0.8998316498316499,Challenge_S::Pre_train_S_2.csv::504::test,veh_04-w07,0,spoofing
11,strong_campaign,veh_04,Challenge_S,Pre_train_S_2.csv,spoofing,8,0.9398148148148148,Challenge_S::Pre_train_S_2.csv::356::test,veh_04-w08,0,spoofing
11,strong_campaign,veh_04,Challenge_S,Pre_train_S_2.csv,spoofing,9,0.925925925925926,Challenge_S::Pre_train_S_2.csv::467::test,veh_04-w09,0,spoofing
11,weak_campaign,veh_00,Challenge_S,Pre_train_S_2.csv,spoofing,0,0.7584175084175084,Challenge_S::Pre_train_S_2.csv::493::test,veh_00-w00,0,spoofing
11,weak_campaign,veh_00,Challenge_S,Pre_train_S_1.csv,spoofing,1,0.5732323232323232,Challenge_S::Pre_train_S_1.csv::574::test,veh_00-w01,0,spoofing
11,weak_campaign,veh_00,Challenge_S,Pre_train_S_2.csv,spoofing,2,0.6447811447811448,Challenge_S::Pre_train_S_2.csv::365::test,veh_00-w02,0,spoofing
11,weak_campaign,veh_00,Challenge_D,Pre_train_D_2.csv,spoofing,3,0.6321548821548821,Challenge_D::Pre_train_D_2.csv::431::test,veh_00-w03,0,spoofing
11,weak_campaign,veh_00,Challenge_D,Pre_train_D_1.csv,spoofing,4,0.7718855218855218,Challenge_D::Pre_train_D_1.csv::383::test,veh_00-w04,0,spoofing
11,weak_campaign,veh_00,Challenge_D,Pre_train_D_2.csv,spoofing,5,0.6262626262626263,Challenge_D::Pre_train_D_2.csv::479::test,veh_00-w05,0,spoofing
11,weak_campaign,veh_00,Challenge_S,Pre_train_S_2.csv,spoofing,6,0.7251683501683501,Challenge_S::Pre_train_S_2.csv::309::test,veh_00-w06,0,spoofing
11,weak_campaign,veh_00,Challenge_D,Pre_train_D_2.csv,spoofing,7,0.7108585858585859,Challenge_D::Pre_train_D_2.csv::412::test,veh_00-w07,0,spoofing
11,weak_campaign,veh_00,Challenge_D,Pre_train_D_1.csv,spoofing,8,0.6203703703703703,Challenge_D::Pre_train_D_1.csv::462::test,veh_00-w08,0,spoofing
11,weak_campaign,veh_00,Challenge_S,Pre_train_S_1.csv,spoofing,9,0.5963804713804713,Challenge_S::Pre_train_S_1.csv::301::test,veh_00-w09,0,spoofing
11,weak_campaign,veh_01,Challenge_S,Pre_train_S_1.csv,spoofing,0,0.7424242424242424,Challenge_S::Pre_train_S_1.csv::405::test,veh_01-w00,0,spoofing
11,weak_campaign,veh_01,Challenge_D,Pre_train_D_1.csv,spoofing,1,0.6384680134680135,Challenge_D::Pre_train_D_1.csv::402::test,veh_01-w01,0,spoofing
11,weak_campaign,veh_01,Challenge_D,Pre_train_D_1.csv,spoofing,2,0.696969696969697,Challenge_D::Pre_train_D_1.csv::558::test,veh_01-w02,0,spoofing
11,weak_campaign,veh_01,Challenge_S,Pre_train_S_1.csv,spoofing,3,0.7474747474747475,Challenge_S::Pre_train_S_1.csv::433::test,veh_01-w03,0,spoofing
11,weak_campaign,veh_01,Challenge_D,Pre_train_D_1.csv,spoofing,4,0.57996632996633,Challenge_D::Pre_train_D_1.csv::585::test,veh_01-w04,0,spoofing
11,weak_campaign,veh_01,Challenge_S,Pre_train_S_1.csv,spoofing,5,0.6565656565656566,Challenge_S::Pre_train_S_1.csv::534::test,veh_01-w05,0,spoofing
11,weak_campaign,veh_01,Challenge_D,Pre_train_D_2.csv,spoofing,6,0.7744107744107744,Challenge_D::Pre_train_D_2.csv::525::test,veh_01-w06,0,spoofing
11,weak_campaign,veh_01,Challenge_S,Pre_train_S_1.csv,spoofing,7,0.6216329966329966,Challenge_S::Pre_train_S_1.csv::392::test,veh_01-w07,0,spoofing
11,weak_campaign,veh_01,Challenge_D,Pre_train_D_1.csv,spoofing,8,0.6498316498316499,Challenge_D::Pre_train_D_1.csv::309::test,veh_01-w08,0,spoofing
11,weak_campaign,veh_01,Challenge_S,Pre_train_S_2.csv,spoofing,9,0.6734006734006734,Challenge_S::Pre_train_S_2.csv::457::test,veh_01-w09,0,spoofing
11,weak_campaign,veh_02,Challenge_D,Pre_train_D_2.csv,spoofing,0,0.6830808080808081,Challenge_D::Pre_train_D_2.csv::420::test,veh_02-w00,0,spoofing
11,weak_campaign,veh_02,Challenge_D,Pre_train_D_2.csv,spoofing,1,0.6119528619528619,Challenge_D::Pre_train_D_2.csv::434::test,veh_02-w01,0,spoofing
11,weak_campaign,veh_02,Challenge_D,Pre_train_D_1.csv,spoofing,2,0.7087542087542088,Challenge_D::Pre_train_D_1.csv::376::test,veh_02-w02,0,spoofing
11,weak_campaign,veh_02,Challenge_S,Pre_train_S_2.csv,spoofing,3,0.6683501683501684,Challenge_S::Pre_train_S_2.csv::424::test,veh_02-w03,0,spoofing
11,weak_campaign,veh_02,Challenge_D,Pre_train_D_2.csv,spoofing,4,0.6346801346801347,Challenge_D::Pre_train_D_2.csv::429::test,veh_02-w04,0,spoofing
11,weak_campaign,veh_02,Challenge_D,Pre_train_D_2.csv,spoofing,5,0.6763468013468014,Challenge_D::Pre_train_D_2.csv::426::test,veh_02-w05,0,spoofing
11,weak_campaign,veh_02,Challenge_S,Pre_train_S_2.csv,spoofing,6,0.7011784511784511,Challenge_S::Pre_train_S_2.csv::516::test,veh_02-w06,0,spoofing
11,weak_campaign,veh_02,Challenge_D,Pre_train_D_2.csv,spoofing,7,0.7609427609427609,Challenge_D::Pre_train_D_2.csv::390::test,veh_02-w07,0,spoofing
11,weak_campaign,veh_02,Challenge_S,Pre_train_S_1.csv,spoofing,8,0.6363636363636364,Challenge_S::Pre_train_S_1.csv::538::test,veh_02-w08,0,spoofing
11,weak_campaign,veh_02,Challenge_S,Pre_train_S_2.csv,spoofing,9,0.6881313131313131,Challenge_S::Pre_train_S_2.csv::470::test,veh_02-w09,0,spoofing
11,weak_campaign,veh_03,Challenge_S,Pre_train_S_2.csv,spoofing,0,0.6094276094276094,Challenge_S::Pre_train_S_2.csv::437::test,veh_03-w00,0,spoofing
11,weak_campaign,veh_03,Challenge_S,Pre_train_S_1.csv,spoofing,1,0.617003367003367,Challenge_S::Pre_train_S_1.csv::332::test,veh_03-w01,0,spoofing
11,weak_campaign,veh_03,Challenge_D,Pre_train_D_1.csv,spoofing,2,0.7777777777777778,Challenge_D::Pre_train_D_1.csv::455::test,veh_03-w02,0,spoofing
11,weak_campaign,veh_03,Challenge_D,Pre_train_D_1.csv,spoofing,3,0.7218013468013468,Challenge_D::Pre_train_D_1.csv::532::test,veh_03-w03,0,spoofing
11,weak_campaign,veh_03,Challenge_D,Pre_train_D_2.csv,spoofing,4,0.656986531986532,Challenge_D::Pre_train_D_2.csv::546::test,veh_03-w04,0,spoofing
11,weak_campaign,veh_03,Challenge_D,Pre_train_D_2.csv,spoofing,5,0.6902356902356902,Challenge_D::Pre_train_D_2.csv::534::test,veh_03-w05,0,spoofing
11,weak_campaign,veh_03,Challenge_S,Pre_train_S_2.csv,spoofing,6,0.7272727272727273,Challenge_S::Pre_train_S_2.csv::363::test,veh_03-w06,0,spoofing
11,weak_campaign,veh_03,Challenge_D,Pre_train_D_1.csv,spoofing,7,0.6388888888888888,Challenge_D::Pre_train_D_1.csv::411::test,veh_03-w07,0,spoofing
11,weak_campaign,veh_03,Challenge_D,Pre_train_D_1.csv,spoofing,8,0.6254208754208754,Challenge_D::Pre_train_D_1.csv::394::test,veh_03-w08,0,spoofing
11,weak_campaign,veh_03,Challenge_D,Pre_train_D_2.csv,spoofing,9,0.6191077441077442,Challenge_D::Pre_train_D_2.csv::529::test,veh_03-w09,0,spoofing
11,weak_campaign,veh_04,Challenge_S,Pre_train_S_2.csv,spoofing,0,0.6893939393939394,Challenge_S::Pre_train_S_2.csv::508::test,veh_04-w00,0,spoofing
11,weak_campaign,veh_04,Challenge_S,Pre_train_S_2.csv,spoofing,1,0.6565656565656566,Challenge_S::Pre_train_S_2.csv::464::test,veh_04-w01,0,spoofing
11,weak_campaign,veh_04,Challenge_S,Pre_train_S_2.csv,spoofing,2,0.702020202020202,Challenge_S::Pre_train_S_2.csv::448::test,veh_04-w02,0,spoofing
11,weak_campaign,veh_04,Challenge_S,Pre_train_S_2.csv,spoofing,3,0.7542087542087542,Challenge_S::Pre_train_S_2.csv::434::test,veh_04-w03,0,spoofing
11,weak_campaign,veh_04,Challenge_S,Pre_train_S_2.csv,spoofing,4,0.6868686868686869,Challenge_S::Pre_train_S_2.csv::475::test,veh_04-w04,0,spoofing
11,weak_campaign,veh_04,Challenge_S,Pre_train_S_2.csv,spoofing,5,0.6986531986531986,Challenge_S::Pre_train_S_2.csv::487::test,veh_04-w05,0,spoofing
11,weak_campaign,veh_04,Challenge_S,Pre_train_S_2.csv,spoofing,6,0.7571548821548821,Challenge_S::Pre_train_S_2.csv::456::test,veh_04-w06,0,spoofing
11,weak_campaign,veh_04,Challenge_D,Pre_train_D_2.csv,spoofing,7,0.6052188552188552,Challenge_D::Pre_train_D_2.csv::363::test,veh_04-w07,0,spoofing
11,weak_campaign,veh_04,Challenge_D,Pre_train_D_1.csv,spoofing,8,0.622895622895623,Challenge_D::Pre_train_D_1.csv::489::test,veh_04-w08,0,spoofing
11,weak_campaign,veh_04,Challenge_S,Pre_train_S_2.csv,spoofing,9,0.7777777777777778,Challenge_S::Pre_train_S_2.csv::417::test,veh_04-w09,0,spoofing
23,strong_campaign,veh_00,OCSLab_Car,DoS_dataset.csv,flooding,0,1.0,OCSLab_Car::DoS_dataset.csv::97::test,veh_00-w00,0,flooding
23,strong_campaign,veh_00,Challenge_S,Pre_train_S_2.csv,flooding,1,1.0,Challenge_S::Pre_train_S_2.csv::205::test,veh_00-w01,0,flooding
23,strong_campaign,veh_00,Challenge_S,Pre_train_S_2.csv,flooding,2,1.0,Challenge_S::Pre_train_S_2.csv::261::test,veh_00-w02,0,flooding
23,strong_campaign,veh_00,Challenge_S,Pre_train_S_2.csv,flooding,3,1.0,Challenge_S::Pre_train_S_2.csv::283::test,veh_00-w03,0,flooding
23,strong_campaign,veh_00,Challenge_S,Pre_train_S_2.csv,flooding,4,1.0,Challenge_S::Pre_train_S_2.csv::226::test,veh_00-w04,0,flooding
23,strong_campaign,veh_00,Challenge_D,Pre_train_D_1.csv,flooding,5,1.0,Challenge_D::Pre_train_D_1.csv::194::test,veh_00-w05,0,flooding
23,strong_campaign,veh_00,OCSLab_Car,DoS_dataset.csv,flooding,6,1.0,OCSLab_Car::DoS_dataset.csv::330::test,veh_00-w06,0,flooding
23,strong_campaign,veh_00,Challenge_D,Pre_train_D_1.csv,flooding,7,1.0,Challenge_D::Pre_train_D_1.csv::281::test,veh_00-w07,0,flooding
23,strong_campaign,veh_00,Challenge_S,Pre_train_S_2.csv,flooding,8,1.0,Challenge_S::Pre_train_S_2.csv::170::test,veh_00-w08,0,flooding
23,strong_campaign,veh_00,Challenge_D,Pre_train_D_1.csv,flooding,9,1.0,Challenge_D::Pre_train_D_1.csv::125::test,veh_00-w09,0,flooding
23,strong_campaign,veh_01,Challenge_D,Pre_train_D_2.csv,flooding,0,1.0,Challenge_D::Pre_train_D_2.csv::198::test,veh_01-w00,0,flooding
23,strong_campaign,veh_01,Challenge_D,Pre_train_D_2.csv,flooding,1,1.0,Challenge_D::Pre_train_D_2.csv::217::test,veh_01-w01,0,flooding
23,strong_campaign,veh_01,Challenge_S,Pre_train_S_2.csv,flooding,2,1.0,Challenge_S::Pre_train_S_2.csv::46::test,veh_01-w02,0,flooding
23,strong_campaign,veh_01,OCSLab_Car,DoS_dataset.csv,flooding,3,1.0,OCSLab_Car::DoS_dataset.csv::329::test,veh_01-w03,0,flooding
23,strong_campaign,veh_01,Challenge_S,Pre_train_S_2.csv,flooding,4,1.0,Challenge_S::Pre_train_S_2.csv::171::test,veh_01-w04,0,flooding
23,strong_campaign,veh_01,Challenge_S,Pre_train_S_2.csv,flooding,5,1.0,Challenge_S::Pre_train_S_2.csv::228::test,veh_01-w05,0,flooding
23,strong_campaign,veh_01,Challenge_S,Pre_train_S_1.csv,flooding,6,1.0,Challenge_S::Pre_train_S_1.csv::289::test,veh_01-w06,0,flooding
23,strong_campaign,veh_01,Challenge_S,Pre_train_S_2.csv,flooding,7,1.0,Challenge_S::Pre_train_S_2.csv::143::test,veh_01-w07,0,flooding
23,strong_campaign,veh_01,Challenge_D,Pre_train_D_1.csv,flooding,8,1.0,Challenge_D::Pre_train_D_1.csv::269::test,veh_01-w08,0,flooding
23,strong_campaign,veh_01,Challenge_S,Pre_train_S_1.csv,flooding,9,1.0,Challenge_S::Pre_train_S_1.csv::222::test,veh_01-w09,0,flooding
23,strong_campaign,veh_02,Challenge_D,Pre_train_D_1.csv,flooding,0,1.0,Challenge_D::Pre_train_D_1.csv::212::test,veh_02-w00,0,flooding
23,strong_campaign,veh_02,Challenge_D,Pre_train_D_2.csv,flooding,1,1.0,Challenge_D::Pre_train_D_2.csv::283::test,veh_02-w01,0,flooding
23,strong_campaign,veh_02,Challenge_D,Pre_train_D_2.csv,flooding,2,1.0,Challenge_D::Pre_train_D_2.csv::185::test,veh_02-w02,0,flooding
23,strong_campaign,veh_02,Challenge_D,Pre_train_D_2.csv,flooding,3,1.0,Challenge_D::Pre_train_D_2.csv::197::test,veh_02-w03,0,flooding
23,strong_campaign,veh_02,Challenge_S,Pre_train_S_2.csv,flooding,4,1.0,Challenge_S::Pre_train_S_2.csv::157::test,veh_02-w04,0,flooding
23,strong_campaign,veh_02,Challenge_D,Pre_train_D_1.csv,flooding,5,1.0,Challenge_D::Pre_train_D_1.csv::238::test,veh_02-w05,0,flooding
23,strong_campaign,veh_02,Challenge_D,Pre_train_D_2.csv,flooding,6,1.0,Challenge_D::Pre_train_D_2.csv::149::test,veh_02-w06,0,flooding
23,strong_campaign,veh_02,Challenge_D,Pre_train_D_1.csv,flooding,7,1.0,Challenge_D::Pre_train_D_1.csv::292::test,veh_02-w07,0,flooding
23,strong_campaign,veh_02,Challenge_S,Pre_train_S_2.csv,flooding,8,1.0,Challenge_S::Pre_train_S_2.csv::231::test,veh_02-w08,0,flooding
23,strong_campaign,veh_02,Challenge_D,Pre_train_D_1.csv,flooding,9,1.0,Challenge_D::Pre_train_D_1.csv::254::test,veh_02-w09,0,flooding
23,strong_campaign,veh_03,Challenge_S,Pre_train_S_1.csv,flooding,0,1.0,Challenge_S::Pre_train_S_1.csv::73::test,veh_03-w00,0,flooding
23,strong_campaign,veh_03,Challenge_S,Pre_train_S_1.csv,flooding,1,1.0,Challenge_S::Pre_train_S_1.csv::270::test,veh_03-w01,0,flooding
23,strong_campaign,veh_03,Challenge_D,Pre_train_D_1.csv,flooding,2,1.0,Challenge_D::Pre_train_D_1.csv::98::test,veh_03-w02,0,flooding
23,strong_campaign,veh_03,Challenge_S,Pre_train_S_1.csv,flooding,3,1.0,Challenge_S::Pre_train_S_1.csv::168::test,veh_03-w03,0,flooding
23,strong_campaign,veh_03,Challenge_S,Pre_train_S_1.csv,flooding,4,1.0,Challenge_S::Pre_train_S_1.csv::92::test,veh_03-w04,0,flooding
23,strong_campaign,veh_03,Challenge_S,Pre_train_S_1.csv,flooding,5,1.0,Challenge_S::Pre_train_S_1.csv::138::test,veh_03-w05,0,flooding
23,strong_campaign,veh_03,Challenge_S,Pre_train_S_1.csv,flooding,6,1.0,Challenge_S::Pre_train_S_1.csv::52::test,veh_03-w06,0,flooding
23,strong_campaign,veh_03,OCSLab_Car,DoS_dataset.csv,flooding,7,1.0,OCSLab_Car::DoS_dataset.csv::119::test,veh_03-w07,0,flooding
23,strong_campaign,veh_03,Challenge_S,Pre_train_S_2.csv,flooding,8,1.0,Challenge_S::Pre_train_S_2.csv::90::test,veh_03-w08,0,flooding
23,strong_campaign,veh_03,Challenge_S,Pre_train_S_2.csv,flooding,9,1.0,Challenge_S::Pre_train_S_2.csv::275::test,veh_03-w09,0,flooding
23,strong_campaign,veh_04,OCSLab_Car,DoS_dataset.csv,flooding,0,1.0,OCSLab_Car::DoS_dataset.csv::685::test,veh_04-w00,0,flooding
23,strong_campaign,veh_04,OCSLab_Car,DoS_dataset.csv,flooding,1,1.0,OCSLab_Car::DoS_dataset.csv::705::test,veh_04-w01,0,flooding
23,strong_campaign,veh_04,OCSLab_Car,DoS_dataset.csv,flooding,2,1.0,OCSLab_Car::DoS_dataset.csv::463::test,veh_04-w02,0,flooding
23,strong_campaign,veh_04,Challenge_D,Pre_train_D_2.csv,flooding,3,1.0,Challenge_D::Pre_train_D_2.csv::277::test,veh_04-w03,0,flooding
23,strong_campaign,veh_04,OCSLab_Car,DoS_dataset.csv,flooding,4,1.0,OCSLab_Car::DoS_dataset.csv::235::test,veh_04-w04,0,flooding
23,strong_campaign,veh_04,Challenge_D,Pre_train_D_1.csv,flooding,5,1.0,Challenge_D::Pre_train_D_1.csv::111::test,veh_04-w05,0,flooding
23,strong_campaign,veh_04,Challenge_D,Pre_train_D_1.csv,flooding,6,1.0,Challenge_D::Pre_train_D_1.csv::241::test,veh_04-w06,0,flooding
23,strong_campaign,veh_04,Challenge_S,Pre_train_S_2.csv,flooding,7,1.0,Challenge_S::Pre_train_S_2.csv::118::test,veh_04-w07,0,flooding
23,strong_campaign,veh_04,Challenge_D,Pre_train_D_1.csv,flooding,8,1.0,Challenge_D::Pre_train_D_1.csv::206::test,veh_04-w08,0,flooding
23,strong_campaign,veh_04,OCSLab_Car,DoS_dataset.csv,flooding,9,1.0,OCSLab_Car::DoS_dataset.csv::106::test,veh_04-w09,0,flooding
23,weak_campaign,veh_00,Challenge_D,Pre_train_D_1.csv,replay,0,0.5976430976430976,Challenge_D::Pre_train_D_1.csv::649::test,veh_00-w00,0,replay
23,weak_campaign,veh_00,Challenge_D,Pre_train_D_1.csv,replay,1,0.6603535353535354,Challenge_D::Pre_train_D_1.csv::648::test,veh_00-w01,0,replay
23,weak_campaign,veh_00,Challenge_S,Pre_train_S_1.csv,replay,2,0.7558922558922558,Challenge_S::Pre_train_S_1.csv::651::test,veh_00-w02,0,replay
23,weak_campaign,veh_00,Challenge_D,Pre_train_D_1.csv,replay,3,0.7230639730639731,Challenge_D::Pre_train_D_1.csv::605::test,veh_00-w03,0,replay
23,weak_campaign,veh_00,Challenge_S,Pre_train_S_1.csv,replay,4,0.6401515151515151,Challenge_S::Pre_train_S_1.csv::635::test,veh_00-w04,0,replay
23,weak_campaign,veh_00,Challenge_S,Pre_train_S_1.csv,replay,5,0.7146464646464646,Challenge_S::Pre_train_S_1.csv::628::test,veh_00-w05,0,replay
23,weak_campaign,veh_00,Challenge_D,Pre_train_D_1.csv,replay,6,0.7104377104377104,Challenge_D::Pre_train_D_1.csv::769::test,veh_00-w06,0,replay
23,weak_campaign,veh_00,Challenge_D,Pre_train_D_1.csv,replay,7,0.5627104377104377,Challenge_D::Pre_train_D_1.csv::785::test,veh_00-w07,0,replay
23,weak_campaign,veh_00,Challenge_S,Pre_train_S_1.csv,replay,8,0.7634680134680135,Challenge_S::Pre_train_S_1.csv::608::test,veh_00-w08,0,replay
23,weak_campaign,veh_00,Challenge_S,Pre_train_S_1.csv,replay,9,0.686026936026936,Challenge_S::Pre_train_S_1.csv::655::test,veh_00-w09,0,replay
23,weak_campaign,veh_01,Challenge_D,Pre_train_D_1.csv,replay,0,0.6721380471380471,Challenge_D::Pre_train_D_1.csv::718::test,veh_01-w00,0,replay
23,weak_campaign,veh_01,Challenge_S,Pre_train_S_1.csv,replay,1,0.7946127946127947,Challenge_S::Pre_train_S_1.csv::633::test,veh_01-w01,0,replay
23,weak_campaign,veh_01,Challenge_D,Pre_train_D_1.csv,replay,2,0.7916666666666666,Challenge_D::Pre_train_D_1.csv::637::test,veh_01-w02,0,replay
23,weak_campaign,veh_01,Challenge_D,Pre_train_D_1.csv,replay,3,0.7335858585858586,Challenge_D::Pre_train_D_1.csv::688::test,veh_01-w03,0,replay
23,weak_campaign,veh_01,Challenge_S,Pre_train_S_1.csv,replay,4,0.6515151515151515,Challenge_S::Pre_train_S_1.csv::598::test,veh_01-w04,0,replay
23,weak_campaign,veh_01,Challenge_D,Pre_train_D_1.csv,replay,5,0.6300505050505051,Challenge_D::Pre_train_D_1.csv::782::test,veh_01-w05,0,replay
23,weak_campaign,veh_01,Challenge_D,Pre_train_D_1.csv,replay,6,0.7495791245791246,Challenge_D::Pre_train_D_1.csv::664::test,veh_01-w06,0,replay
23,weak_campaign,veh_01,Challenge_D,Pre_train_D_1.csv,replay,7,0.5820707070707071,Challenge_D::Pre_train_D_1.csv::612::test,veh_01-w07,0,replay
23,weak_campaign,veh_01,Challenge_D,Pre_train_D_1.csv,replay,8,0.632996632996633,Challenge_D::Pre_train_D_1.csv::774::test,veh_01-w08,0,replay
23,weak_campaign,veh_01,Challenge_D,Pre_train_D_1.csv,replay,9,0.7243265993265994,Challenge_D::Pre_train_D_1.csv::623::test,veh_01-w09,0,replay
23,weak_campaign,veh_02,Challenge_S,Pre_train_S_1.csv,replay,0,0.6902356902356902,Challenge_S::Pre_train_S_1.csv::697::test,veh_02-w00,0,replay
23,weak_campaign,veh_02,Challenge_D,Pre_train_D_1.csv,replay,1,0.7912457912457912,Challenge_D::Pre_train_D_1.csv::678::test,veh_02-w01,0,replay
23,weak_campaign,veh_02,Challenge_D,Pre_train_D_1.csv,replay,2,0.7567340067340067,Challenge_D::Pre_train_D_1.csv::766::test,veh_02-w02,0,replay
23,weak_campaign,veh_02,Challenge_D,Pre_train_D_1.csv,replay,3,0.7946127946127947,Challenge_D::Pre_train_D_1.csv::732::test,veh_02-w03,0,replay
23,weak_campaign,veh_02,Challenge_D,Pre_train_D_1.csv,replay,4,0.6321548821548821,Challenge_D::Pre_train_D_1.csv::643::test,veh_02-w04,0,replay
23,weak_campaign,veh_02,Challenge_S,Pre_train_S_1.csv,replay,5,0.7361111111111112,Challenge_S::Pre_train_S_1.csv::639::test,veh_02-w05,0,replay
23,weak_campaign,veh_02,Challenge_S,Pre_train_S_1.csv,replay,6,0.7781986531986532,Challenge_S::Pre_train_S_1.csv::689::test,veh_02-w06,0,replay
23,weak_campaign,veh_02,Challenge_S,Pre_train_S_1.csv,replay,7,0.6144781144781145,Challenge_S::Pre_train_S_1.csv::631::test,veh_02-w07,0,replay
23,weak_campaign,veh_02,Challenge_S,Pre_train_S_1.csv,replay,8,0.7845117845117845,Challenge_S::Pre_train_S_1.csv::702::test,veh_02-w08,0,replay
23,weak_campaign,veh_02,Challenge_D,Pre_train_D_1.csv,replay,9,0.6506734006734006,Challenge_D::Pre_train_D_1.csv::660::test,veh_02-w09,0,replay
23,weak_campaign,veh_03,Challenge_D,Pre_train_D_1.csv,replay,0,0.6763468013468014,Challenge_D::Pre_train_D_1.csv::699::test,veh_03-w00,0,replay
23,weak_campaign,veh_03,Challenge_S,Pre_train_S_1.csv,replay,1,0.7331649831649831,Challenge_S::Pre_train_S_1.csv::670::test,veh_03-w01,0,replay
23,weak_campaign,veh_03,Challenge_D,Pre_train_D_1.csv,replay,2,0.7462121212121212,Challenge_D::Pre_train_D_1.csv::754::test,veh_03-w02,0,replay
23,weak_campaign,veh_03,Challenge_D,Pre_train_D_1.csv,replay,3,0.7752525252525253,Challenge_D::Pre_train_D_1.csv::646::test,veh_03-w03,0,replay
23,weak_campaign,veh_03,Challenge_D,Pre_train_D_1.csv,replay,4,0.6851851851851852,Challenge_D::Pre_train_D_1.csv::709::test,veh_03-w04,0,replay
23,weak_campaign,veh_03,Challenge_D,Pre_train_D_1.csv,replay,5,0.7159090909090909,Challenge_D::Pre_train_D_1.csv::780::test,veh_03-w05,0,replay
23,weak_campaign,veh_03,Challenge_D,Pre_train_D_1.csv,replay,6,0.5749158249158249,Challenge_D::Pre_train_D_1.csv::715::test,veh_03-w06,0,replay
23,weak_campaign,veh_03,Challenge_S,Pre_train_S_1.csv,replay,7,0.7605218855218855,Challenge_S::Pre_train_S_1.csv::643::test,veh_03-w07,0,replay
23,weak_campaign,veh_03,Challenge_D,Pre_train_D_1.csv,replay,8,0.6443602693602694,Challenge_D::Pre_train_D_1.csv::778::test,veh_03-w08,0,replay
23,weak_campaign,veh_03,Challenge_S,Pre_train_S_1.csv,replay,9,0.7550505050505051,Challenge_S::Pre_train_S_1.csv::667::test,veh_03-w09,0,replay
23,weak_campaign,veh_04,Challenge_S,Pre_train_S_1.csv,replay,0,0.7394781144781145,Challenge_S::Pre_train_S_1.csv::624::test,veh_04-w00,0,replay
23,weak_campaign,veh_04,Challenge_S,Pre_train_S_1.csv,replay,1,0.6435185185185185,Challenge_S::Pre_train_S_1.csv::607::test,veh_04-w01,0,replay
23,weak_campaign,veh_04,Challenge_D,Pre_train_D_1.csv,replay,2,0.6216329966329966,Challenge_D::Pre_train_D_1.csv::662::test,veh_04-w02,0,replay
23,weak_campaign,veh_04,Challenge_D,Pre_train_D_1.csv,replay,3,0.6931818181818182,Challenge_D::Pre_train_D_1.csv::783::test,veh_04-w03,0,replay
23,weak_campaign,veh_04,Challenge_D,Pre_train_D_1.csv,replay,4,0.773989898989899,Challenge_D::Pre_train_D_1.csv::726::test,veh_04-w04,0,replay
23,weak_campaign,veh_04,Challenge_S,Pre_train_S_1.csv,replay,5,0.571969696969697,Challenge_S::Pre_train_S_1.csv::700::test,veh_04-w05,0,replay
23,weak_campaign,veh_04,Challenge_S,Pre_train_S_1.csv,replay,6,0.7117003367003367,Challenge_S::Pre_train_S_1.csv::703::test,veh_04-w06,0,replay
23,weak_campaign,veh_04,Challenge_D,Pre_train_D_1.csv,replay,7,0.7394781144781145,Challenge_D::Pre_train_D_1.csv::630::test,veh_04-w07,0,replay
23,weak_campaign,veh_04,Challenge_D,Pre_train_D_1.csv,replay,8,0.5862794612794613,Challenge_D::Pre_train_D_1.csv::728::test,veh_04-w08,0,replay
23,weak_campaign,veh_04,Challenge_D,Pre_train_D_1.csv,replay,9,0.7584175084175084,Challenge_D::Pre_train_D_1.csv::666::test,veh_04-w09,0,replay
37,strong_campaign,veh_00,Challenge_S,Pre_train_S_2.csv,flooding,0,1.0,Challenge_S::Pre_train_S_2.csv::88::test,veh_00-w00,0,flooding
37,strong_campaign,veh_00,OCSLab_Car,DoS_dataset.csv,flooding,1,1.0,OCSLab_Car::DoS_dataset.csv::674::test,veh_00-w01,0,flooding
37,strong_campaign,veh_00,OCSLab_Car,DoS_dataset.csv,flooding,2,1.0,OCSLab_Car::DoS_dataset.csv::239::test,veh_00-w02,0,flooding
37,strong_campaign,veh_00,Challenge_S,Pre_train_S_2.csv,flooding,3,1.0,Challenge_S::Pre_train_S_2.csv::64::test,veh_00-w03,0,flooding
37,strong_campaign,veh_00,OCSLab_Car,DoS_dataset.csv,flooding,4,1.0,OCSLab_Car::DoS_dataset.csv::112::test,veh_00-w04,0,flooding
37,strong_campaign,veh_00,Challenge_D,Pre_train_D_1.csv,flooding,5,1.0,Challenge_D::Pre_train_D_1.csv::225::test,veh_00-w05,0,flooding
37,strong_campaign,veh_00,Challenge_D,Pre_train_D_2.csv,flooding,6,1.0,Challenge_D::Pre_train_D_2.csv::135::test,veh_00-w06,0,flooding
37,strong_campaign,veh_00,OCSLab_Car,DoS_dataset.csv,flooding,7,1.0,OCSLab_Car::DoS_dataset.csv::101::test,veh_00-w07,0,flooding
37,strong_campaign,veh_00,Challenge_S,Pre_train_S_1.csv,flooding,8,1.0,Challenge_S::Pre_train_S_1.csv::84::test,veh_00-w08,0,flooding
37,strong_campaign,veh_00,Challenge_S,Pre_train_S_1.csv,flooding,9,1.0,Challenge_S::Pre_train_S_1.csv::244::test,veh_00-w09,0,flooding
37,strong_campaign,veh_01,Challenge_S,Pre_train_S_2.csv,flooding,0,1.0,Challenge_S::Pre_train_S_2.csv::114::test,veh_01-w00,0,flooding
37,strong_campaign,veh_01,Challenge_D,Pre_train_D_1.csv,flooding,1,1.0,Challenge_D::Pre_train_D_1.csv::190::test,veh_01-w01,0,flooding
37,strong_campaign,veh_01,Challenge_D,Pre_train_D_1.csv,flooding,2,1.0,Challenge_D::Pre_train_D_1.csv::254::test,veh_01-w02,0,flooding
37,strong_campaign,veh_01,Challenge_D,Pre_train_D_1.csv,flooding,3,1.0,Challenge_D::Pre_train_D_1.csv::187::test,veh_01-w03,0,flooding
37,strong_campaign,veh_01,OCSLab_Car,DoS_dataset.csv,flooding,4,1.0,OCSLab_Car::DoS_dataset.csv::676::test,veh_01-w04,0,flooding
37,strong_campaign,veh_01,Challenge_D,Pre_train_D_2.csv,flooding,5,0.9835858585858586,Challenge_D::Pre_train_D_2.csv::127::test,veh_01-w05,0,flooding
37,strong_campaign,veh_01,Challenge_D,Pre_train_D_1.csv,flooding,6,1.0,Challenge_D::Pre_train_D_1.csv::199::test,veh_01-w06,0,flooding
37,strong_campaign,veh_01,Challenge_D,Pre_train_D_2.csv,flooding,7,1.0,Challenge_D::Pre_train_D_2.csv::170::test,veh_01-w07,0,flooding
37,strong_campaign,veh_01,Challenge_D,Pre_train_D_1.csv,flooding,8,1.0,Challenge_D::Pre_train_D_1.csv::201::test,veh_01-w08,0,flooding
37,strong_campaign,veh_01,OCSLab_Car,DoS_dataset.csv,flooding,9,1.0,OCSLab_Car::DoS_dataset.csv::96::test,veh_01-w09,0,flooding
37,strong_campaign,veh_02,Challenge_S,Pre_train_S_1.csv,flooding,0,1.0,Challenge_S::Pre_train_S_1.csv::34::test,veh_02-w00,0,flooding
37,strong_campaign,veh_02,OCSLab_Car,DoS_dataset.csv,flooding,1,1.0,OCSLab_Car::DoS_dataset.csv::307::test,veh_02-w01,0,flooding
37,strong_campaign,veh_02,OCSLab_Car,DoS_dataset.csv,flooding,2,1.0,OCSLab_Car::DoS_dataset.csv::693::test,veh_02-w02,0,flooding
37,strong_campaign,veh_02,Challenge_S,Pre_train_S_1.csv,flooding,3,1.0,Challenge_S::Pre_train_S_1.csv::121::test,veh_02-w03,0,flooding
37,strong_campaign,veh_02,Challenge_S,Pre_train_S_1.csv,flooding,4,1.0,Challenge_S::Pre_train_S_1.csv::202::test,veh_02-w04,0,flooding
37,strong_campaign,veh_02,Challenge_S,Pre_train_S_1.csv,flooding,5,1.0,Challenge_S::Pre_train_S_1.csv::130::test,veh_02-w05,0,flooding
37,strong_campaign,veh_02,Challenge_S,Pre_train_S_2.csv,flooding,6,1.0,Challenge_S::Pre_train_S_2.csv::56::test,veh_02-w06,0,flooding
37,strong_campaign,veh_02,Challenge_D,Pre_train_D_2.csv,flooding,7,1.0,Challenge_D::Pre_train_D_2.csv::251::test,veh_02-w07,0,flooding
37,strong_campaign,veh_02,Challenge_D,Pre_train_D_2.csv,flooding,8,1.0,Challenge_D::Pre_train_D_2.csv::184::test,veh_02-w08,0,flooding
37,strong_campaign,veh_02,Challenge_S,Pre_train_S_2.csv,flooding,9,1.0,Challenge_S::Pre_train_S_2.csv::102::test,veh_02-w09,0,flooding
37,strong_campaign,veh_03,Challenge_S,Pre_train_S_2.csv,flooding,0,1.0,Challenge_S::Pre_train_S_2.csv::123::test,veh_03-w00,0,flooding
37,strong_campaign,veh_03,Challenge_D,Pre_train_D_1.csv,flooding,1,1.0,Challenge_D::Pre_train_D_1.csv::164::test,veh_03-w01,0,flooding
37,strong_campaign,veh_03,Challenge_S,Pre_train_S_1.csv,flooding,2,1.0,Challenge_S::Pre_train_S_1.csv::45::test,veh_03-w02,0,flooding
37,strong_campaign,veh_03,Challenge_D,Pre_train_D_1.csv,flooding,3,1.0,Challenge_D::Pre_train_D_1.csv::288::test,veh_03-w03,0,flooding
37,strong_campaign,veh_03,Challenge_S,Pre_train_S_1.csv,flooding,4,1.0,Challenge_S::Pre_train_S_1.csv::253::test,veh_03-w04,0,flooding
37,strong_campaign,veh_03,OCSLab_Car,DoS_dataset.csv,flooding,5,1.0,OCSLab_Car::DoS_dataset.csv::321::test,veh_03-w05,0,flooding
37,strong_campaign,veh_03,Challenge_D,Pre_train_D_1.csv,flooding,6,1.0,Challenge_D::Pre_train_D_1.csv::149::test,veh_03-w06,0,flooding
37,strong_campaign,veh_03,Challenge_S,Pre_train_S_2.csv,flooding,7,1.0,Challenge_S::Pre_train_S_2.csv::232::test,veh_03-w07,0,flooding
37,strong_campaign,veh_03,OCSLab_Car,DoS_dataset.csv,flooding,8,1.0,OCSLab_Car::DoS_dataset.csv::696::test,veh_03-w08,0,flooding
37,strong_campaign,veh_03,Challenge_D,Pre_train_D_2.csv,flooding,9,1.0,Challenge_D::Pre_train_D_2.csv::173::test,veh_03-w09,0,flooding
37,strong_campaign,veh_04,Challenge_S,Pre_train_S_1.csv,flooding,0,1.0,Challenge_S::Pre_train_S_1.csv::74::test,veh_04-w00,0,flooding
37,strong_campaign,veh_04,Challenge_D,Pre_train_D_2.csv,flooding,1,1.0,Challenge_D::Pre_train_D_2.csv::172::test,veh_04-w01,0,flooding
37,strong_campaign,veh_04,OCSLab_Car,DoS_dataset.csv,flooding,2,1.0,OCSLab_Car::DoS_dataset.csv::480::test,veh_04-w02,0,flooding
37,strong_campaign,veh_04,OCSLab_Car,DoS_dataset.csv,flooding,3,1.0,OCSLab_Car::DoS_dataset.csv::254::test,veh_04-w03,0,flooding
37,strong_campaign,veh_04,Challenge_S,Pre_train_S_2.csv,flooding,4,1.0,Challenge_S::Pre_train_S_2.csv::129::test,veh_04-w04,0,flooding
37,strong_campaign,veh_04,Challenge_D,Pre_train_D_2.csv,flooding,5,1.0,Challenge_D::Pre_train_D_2.csv::137::test,veh_04-w05,0,flooding
37,strong_campaign,veh_04,Challenge_S,Pre_train_S_1.csv,flooding,6,1.0,Challenge_S::Pre_train_S_1.csv::36::test,veh_04-w06,0,flooding
37,strong_campaign,veh_04,Challenge_S,Pre_train_S_1.csv,flooding,7,1.0,Challenge_S::Pre_train_S_1.csv::90::test,veh_04-w07,0,flooding
37,strong_campaign,veh_04,OCSLab_Car,DoS_dataset.csv,flooding,8,1.0,OCSLab_Car::DoS_dataset.csv::114::test,veh_04-w08,0,flooding
37,strong_campaign,veh_04,Challenge_S,Pre_train_S_1.csv,flooding,9,1.0,Challenge_S::Pre_train_S_1.csv::132::test,veh_04-w09,0,flooding
37,weak_campaign,veh_00,Challenge_D,Pre_train_D_2.csv,spoofing,0,0.5984848484848485,Challenge_D::Pre_train_D_2.csv::430::test,veh_00-w00,0,spoofing
37,weak_campaign,veh_00,Challenge_D,Pre_train_D_1.csv,spoofing,1,0.6022727272727273,Challenge_D::Pre_train_D_1.csv::525::test,veh_00-w01,0,spoofing
37,weak_campaign,veh_00,Challenge_D,Pre_train_D_2.csv,spoofing,2,0.6119528619528619,Challenge_D::Pre_train_D_2.csv::434::test,veh_00-w02,0,spoofing
37,weak_campaign,veh_00,Challenge_S,Pre_train_S_2.csv,spoofing,3,0.7251683501683501,Challenge_S::Pre_train_S_2.csv::309::test,veh_00-w03,0,spoofing
37,weak_campaign,veh_00,Challenge_D,Pre_train_D_2.csv,spoofing,4,0.5820707070707071,Challenge_D::Pre_train_D_2.csv::425::test,veh_00-w04,0,spoofing
37,weak_campaign,veh_00,Challenge_D,Pre_train_D_2.csv,spoofing,5,0.7984006734006734,Challenge_D::Pre_train_D_2.csv::540::test,veh_00-w05,0,spoofing
37,weak_campaign,veh_00,Challenge_S,Pre_train_S_1.csv,spoofing,6,0.7348484848484849,Challenge_S::Pre_train_S_1.csv::458::test,veh_00-w06,0,spoofing
37,weak_campaign,veh_00,Challenge_S,Pre_train_S_1.csv,spoofing,7,0.5631313131313131,Challenge_S::Pre_train_S_1.csv::501::test,veh_00-w07,0,spoofing
37,weak_campaign,veh_00,Challenge_S,Pre_train_S_2.csv,spoofing,8,0.7815656565656566,Challenge_S::Pre_train_S_2.csv::488::test,veh_00-w08,0,spoofing
37,weak_campaign,veh_00,Challenge_D,Pre_train_D_1.csv,spoofing,9,0.7487373737373737,Challenge_D::Pre_train_D_1.csv::349::test,veh_00-w09,0,spoofing
37,weak_campaign,veh_01,Challenge_S,Pre_train_S_2.csv,spoofing,0,0.6746632996632996,Challenge_S::Pre_train_S_2.csv::380::test,veh_01-w00,0,spoofing
37,weak_campaign,veh_01,Challenge_D,Pre_train_D_2.csv,spoofing,1,0.6426767676767676,Challenge_D::Pre_train_D_2.csv::330::test,veh_01-w01,0,spoofing
37,weak_campaign,veh_01,Challenge_D,Pre_train_D_2.csv,spoofing,2,0.5862794612794613,Challenge_D::Pre_train_D_2.csv::409::test,veh_01-w02,0,spoofing
37,weak_campaign,veh_01,Challenge_D,Pre_train_D_2.csv,spoofing,3,0.6262626262626263,Challenge_D::Pre_train_D_2.csv::479::test,veh_01-w03,0,spoofing
37,weak_campaign,veh_01,Challenge_D,Pre_train_D_1.csv,spoofing,4,0.7777777777777778,Challenge_D::Pre_train_D_1.csv::455::test,veh_01-w04,0,spoofing
37,weak_campaign,veh_01,Challenge_S,Pre_train_S_2.csv,spoofing,5,0.6527777777777778,Challenge_S::Pre_train_S_2.csv::444::test,veh_01-w05,0,spoofing
37,weak_campaign,veh_01,Challenge_S,Pre_train_S_2.csv,spoofing,6,0.6948653198653199,Challenge_S::Pre_train_S_2.csv::501::test,veh_01-w06,0,spoofing
37,weak_campaign,veh_01,Challenge_D,Pre_train_D_1.csv,spoofing,7,0.5808080808080808,Challenge_D::Pre_train_D_1.csv::544::test,veh_01-w07,0,spoofing
37,weak_campaign,veh_01,Challenge_S,Pre_train_S_2.csv,spoofing,8,0.6527777777777778,Challenge_S::Pre_train_S_2.csv::416::test,veh_01-w08,0,spoofing
37,weak_campaign,veh_01,Challenge_S,Pre_train_S_1.csv,spoofing,9,0.5812289562289562,Challenge_S::Pre_train_S_1.csv::446::test,veh_01-w09,0,spoofing
37,weak_campaign,veh_02,Challenge_D,Pre_train_D_2.csv,spoofing,0,0.7159090909090909,Challenge_D::Pre_train_D_2.csv::576::test,veh_02-w00,0,spoofing
37,weak_campaign,veh_02,Challenge_D,Pre_train_D_1.csv,spoofing,1,0.6628787878787878,Challenge_D::Pre_train_D_1.csv::465::test,veh_02-w01,0,spoofing
37,weak_campaign,veh_02,Challenge_S,Pre_train_S_1.csv,spoofing,2,0.7584175084175084,Challenge_S::Pre_train_S_1.csv::308::test,veh_02-w02,0,spoofing
37,weak_campaign,veh_02,Challenge_D,Pre_train_D_2.csv,spoofing,3,0.656986531986532,Challenge_D::Pre_train_D_2.csv::546::test,veh_02-w03,0,spoofing
37,weak_campaign,veh_02,Challenge_S,Pre_train_S_1.csv,spoofing,4,0.6641414141414141,Challenge_S::Pre_train_S_1.csv::324::test,veh_02-w04,0,spoofing
37,weak_campaign,veh_02,Challenge_S,Pre_train_S_1.csv,spoofing,5,0.5563973063973064,Challenge_S::Pre_train_S_1.csv::464::test,veh_02-w05,0,spoofing
37,weak_campaign,veh_02,Challenge_D,Pre_train_D_2.csv,spoofing,6,0.6548821548821548,Challenge_D::Pre_train_D_2.csv::484::test,veh_02-w06,0,spoofing
37,weak_campaign,veh_02,Challenge_S,Pre_train_S_2.csv,spoofing,7,0.7542087542087542,Challenge_S::Pre_train_S_2.csv::434::test,veh_02-w07,0,spoofing
37,weak_campaign,veh_02,Challenge_S,Pre_train_S_1.csv,spoofing,8,0.6296296296296297,Challenge_S::Pre_train_S_1.csv::529::test,veh_02-w08,0,spoofing
37,weak_campaign,veh_02,Challenge_D,Pre_train_D_2.csv,spoofing,9,0.6498316498316499,Challenge_D::Pre_train_D_2.csv::560::test,veh_02-w09,0,spoofing
37,weak_campaign,veh_03,Challenge_S,Pre_train_S_1.csv,spoofing,0,0.6022727272727273,Challenge_S::Pre_train_S_1.csv::372::test,veh_03-w00,0,spoofing
37,weak_campaign,veh_03,Challenge_D,Pre_train_D_2.csv,spoofing,1,0.6708754208754208,Challenge_D::Pre_train_D_2.csv::526::test,veh_03-w01,0,spoofing
37,weak_campaign,veh_03,Challenge_D,Pre_train_D_2.csv,spoofing,2,0.7361111111111112,Challenge_D::Pre_train_D_2.csv::414::test,veh_03-w02,0,spoofing
37,weak_campaign,veh_03,Challenge_S,Pre_train_S_2.csv,spoofing,3,0.6376262626262627,Challenge_S::Pre_train_S_2.csv::362::test,veh_03-w03,0,spoofing
37,weak_campaign,veh_03,Challenge_D,Pre_train_D_1.csv,spoofing,4,0.5976430976430976,Challenge_D::Pre_train_D_1.csv::408::test,veh_03-w04,0,spoofing
37,weak_campaign,veh_03,Challenge_D,Pre_train_D_2.csv,spoofing,5,0.7954545454545454,Challenge_D::Pre_train_D_2.csv::481::test,veh_03-w05,0,spoofing
37,weak_campaign,veh_03,Challenge_D,Pre_train_D_2.csv,spoofing,6,0.6237373737373737,Challenge_D::Pre_train_D_2.csv::512::test,veh_03-w06,0,spoofing
37,weak_campaign,veh_03,Challenge_S,Pre_train_S_1.csv,spoofing,7,0.6296296296296297,Challenge_S::Pre_train_S_1.csv::387::test,veh_03-w07,0,spoofing
37,weak_campaign,veh_03,Challenge_S,Pre_train_S_2.csv,spoofing,8,0.7327441077441077,Challenge_S::Pre_train_S_2.csv::320::test,veh_03-w08,0,spoofing
37,weak_campaign,veh_03,Challenge_S,Pre_train_S_2.csv,spoofing,9,0.6447811447811448,Challenge_S::Pre_train_S_2.csv::365::test,veh_03-w09,0,spoofing
37,weak_campaign,veh_04,Challenge_S,Pre_train_S_1.csv,spoofing,0,0.5808080808080808,Challenge_S::Pre_train_S_1.csv::531::test,veh_04-w00,0,spoofing
37,weak_campaign,veh_04,Challenge_S,Pre_train_S_1.csv,spoofing,1,0.593013468013468,Challenge_S::Pre_train_S_1.csv::454::test,veh_04-w01,0,spoofing
37,weak_campaign,veh_04,Challenge_D,Pre_train_D_2.csv,spoofing,2,0.7087542087542088,Challenge_D::Pre_train_D_2.csv::506::test,veh_04-w02,0,spoofing
37,weak_campaign,veh_04,Challenge_S,Pre_train_S_2.csv,spoofing,3,0.6094276094276094,Challenge_S::Pre_train_S_2.csv::423::test,veh_04-w03,0,spoofing
37,weak_campaign,veh_04,Challenge_D,Pre_train_D_1.csv,spoofing,4,0.7908249158249159,Challenge_D::Pre_train_D_1.csv::526::test,veh_04-w04,0,spoofing
37,weak_campaign,veh_04,Challenge_D,Pre_train_D_1.csv,spoofing,5,0.7196969696969697,Challenge_D::Pre_train_D_1.csv::365::test,veh_04-w05,0,spoofing
37,weak_campaign,veh_04,Challenge_D,Pre_train_D_2.csv,spoofing,6,0.571969696969697,Challenge_D::Pre_train_D_2.csv::480::test,veh_04-w06,0,spoofing
37,weak_campaign,veh_04,Challenge_S,Pre_train_S_2.csv,spoofing,7,0.75,Challenge_S::Pre_train_S_2.csv::502::test,veh_04-w07,0,spoofing
37,weak_campaign,veh_04,Challenge_S,Pre_train_S_2.csv,spoofing,8,0.7184343434343434,Challenge_S::Pre_train_S_2.csv::397::test,veh_04-w08,0,spoofing
37,weak_campaign,veh_04,Challenge_S,Pre_train_S_1.csv,spoofing,9,0.7777777777777778,Challenge_S::Pre_train_S_1.csv::353::test,veh_04-w09,0,spoofing
41,strong_campaign,veh_00,OCSLab_Car,Fuzzy_dataset.csv,fuzzy,0,1.0,OCSLab_Car::Fuzzy_dataset.csv::661::test,veh_00-w00,0,fuzzy
41,strong_campaign,veh_00,OCSLab_Car,Fuzzy_dataset.csv,fuzzy,1,1.0,OCSLab_Car::Fuzzy_dataset.csv::500::test,veh_00-w01,0,fuzzy
41,strong_campaign,veh_00,OCSLab_Car,Fuzzy_dataset.csv,fuzzy,2,1.0,OCSLab_Car::Fuzzy_dataset.csv::42::test,veh_00-w02,0,fuzzy
41,strong_campaign,veh_00,OCSLab_Car,Fuzzy_dataset.csv,fuzzy,3,1.0,OCSLab_Car::Fuzzy_dataset.csv::667::test,veh_00-w03,0,fuzzy
41,strong_campaign,veh_00,OCSLab_Car,Fuzzy_dataset.csv,fuzzy,4,1.0,OCSLab_Car::Fuzzy_dataset.csv::491::test,veh_00-w04,0,fuzzy
41,strong_campaign,veh_00,OCSLab_Car,Fuzzy_dataset.csv,fuzzy,5,1.0,OCSLab_Car::Fuzzy_dataset.csv::601::test,veh_00-w05,0,fuzzy
41,strong_campaign,veh_00,OCSLab_Car,Fuzzy_dataset.csv,fuzzy,6,1.0,OCSLab_Car::Fuzzy_dataset.csv::610::test,veh_00-w06,0,fuzzy
41,strong_campaign,veh_00,OCSLab_Car,Fuzzy_dataset.csv,fuzzy,7,1.0,OCSLab_Car::Fuzzy_dataset.csv::43::test,veh_00-w07,0,fuzzy
41,strong_campaign,veh_00,OCSLab_Car,Fuzzy_dataset.csv,fuzzy,8,1.0,OCSLab_Car::Fuzzy_dataset.csv::351::test,veh_00-w08,0,fuzzy
41,strong_campaign,veh_00,OCSLab_Car,Fuzzy_dataset.csv,fuzzy,9,1.0,OCSLab_Car::Fuzzy_dataset.csv::705::test,veh_00-w09,0,fuzzy
41,strong_campaign,veh_01,OCSLab_Car,Fuzzy_dataset.csv,fuzzy,0,1.0,OCSLab_Car::Fuzzy_dataset.csv::331::test,veh_01-w00,0,fuzzy
41,strong_campaign,veh_01,OCSLab_Car,Fuzzy_dataset.csv,fuzzy,1,1.0,OCSLab_Car::Fuzzy_dataset.csv::736::test,veh_01-w01,0,fuzzy
41,strong_campaign,veh_01,OCSLab_Car,Fuzzy_dataset.csv,fuzzy,2,1.0,OCSLab_Car::Fuzzy_dataset.csv::498::test,veh_01-w02,0,fuzzy
41,strong_campaign,veh_01,OCSLab_Car,Fuzzy_dataset.csv,fuzzy,3,1.0,OCSLab_Car::Fuzzy_dataset.csv::655::test,veh_01-w03,0,fuzzy
41,strong_campaign,veh_01,OCSLab_Car,Fuzzy_dataset.csv,fuzzy,4,1.0,OCSLab_Car::Fuzzy_dataset.csv::644::test,veh_01-w04,0,fuzzy
41,strong_campaign,veh_01,OCSLab_Car,Fuzzy_dataset.csv,fuzzy,5,1.0,OCSLab_Car::Fuzzy_dataset.csv::616::test,veh_01-w05,0,fuzzy
41,strong_campaign,veh_01,OCSLab_Car,Fuzzy_dataset.csv,fuzzy,6,1.0,OCSLab_Car::Fuzzy_dataset.csv::167::test,veh_01-w06,0,fuzzy
41,strong_campaign,veh_01,OCSLab_Car,Fuzzy_dataset.csv,fuzzy,7,0.9772634997969956,OCSLab_Car::Fuzzy_dataset.csv::13::test,veh_01-w07,0,fuzzy
41,strong_campaign,veh_01,OCSLab_Car,Fuzzy_dataset.csv,fuzzy,8,1.0,OCSLab_Car::Fuzzy_dataset.csv::665::test,veh_01-w08,0,fuzzy
41,strong_campaign,veh_01,OCSLab_Car,Fuzzy_dataset.csv,fuzzy,9,1.0,OCSLab_Car::Fuzzy_dataset.csv::324::test,veh_01-w09,0,fuzzy
41,strong_campaign,veh_02,OCSLab_Car,Fuzzy_dataset.csv,fuzzy,0,1.0,OCSLab_Car::Fuzzy_dataset.csv::636::test,veh_02-w00,0,fuzzy
41,strong_campaign,veh_02,OCSLab_Car,Fuzzy_dataset.csv,fuzzy,1,1.0,OCSLab_Car::Fuzzy_dataset.csv::742::test,veh_02-w01,0,fuzzy
41,strong_campaign,veh_02,OCSLab_Car,Fuzzy_dataset.csv,fuzzy,2,1.0,OCSLab_Car::Fuzzy_dataset.csv::612::test,veh_02-w02,0,fuzzy
41,strong_campaign,veh_02,OCSLab_Car,Fuzzy_dataset.csv,fuzzy,3,1.0,OCSLab_Car::Fuzzy_dataset.csv::311::test,veh_02-w03,0,fuzzy
41,strong_campaign,veh_02,OCSLab_Car,Fuzzy_dataset.csv,fuzzy,4,1.0,OCSLab_Car::Fuzzy_dataset.csv::696::test,veh_02-w04,0,fuzzy
41,strong_campaign,veh_02,OCSLab_Car,Fuzzy_dataset.csv,fuzzy,5,1.0,OCSLab_Car::Fuzzy_dataset.csv::160::test,veh_02-w05,0,fuzzy
41,strong_campaign,veh_02,OCSLab_Car,Fuzzy_dataset.csv,fuzzy,6,1.0,OCSLab_Car::Fuzzy_dataset.csv::711::test,veh_02-w06,0,fuzzy
41,strong_campaign,veh_02,OCSLab_Car,Fuzzy_dataset.csv,fuzzy,7,1.0,OCSLab_Car::Fuzzy_dataset.csv::157::test,veh_02-w07,0,fuzzy
41,strong_campaign,veh_02,OCSLab_Car,Fuzzy_dataset.csv,fuzzy,8,1.0,OCSLab_Car::Fuzzy_dataset.csv::179::test,veh_02-w08,0,fuzzy
41,strong_campaign,veh_02,OCSLab_Car,Fuzzy_dataset.csv,fuzzy,9,1.0,OCSLab_Car::Fuzzy_dataset.csv::463::test,veh_02-w09,0,fuzzy
41,strong_campaign,veh_03,OCSLab_Car,Fuzzy_dataset.csv,fuzzy,0,1.0,OCSLab_Car::Fuzzy_dataset.csv::25::test,veh_03-w00,0,fuzzy
41,strong_campaign,veh_03,OCSLab_Car,Fuzzy_dataset.csv,fuzzy,1,1.0,OCSLab_Car::Fuzzy_dataset.csv::718::test,veh_03-w01,0,fuzzy
41,strong_campaign,veh_03,OCSLab_Car,Fuzzy_dataset.csv,fuzzy,2,1.0,OCSLab_Car::Fuzzy_dataset.csv::33::test,veh_03-w02,0,fuzzy
41,strong_campaign,veh_03,OCSLab_Car,Fuzzy_dataset.csv,fuzzy,3,1.0,OCSLab_Car::Fuzzy_dataset.csv::691::test,veh_03-w03,0,fuzzy
41,strong_campaign,veh_03,OCSLab_Car,Fuzzy_dataset.csv,fuzzy,4,1.0,OCSLab_Car::Fuzzy_dataset.csv::597::test,veh_03-w04,0,fuzzy
41,strong_campaign,veh_03,OCSLab_Car,Fuzzy_dataset.csv,fuzzy,5,1.0,OCSLab_Car::Fuzzy_dataset.csv::28::test,veh_03-w05,0,fuzzy
41,strong_campaign,veh_03,OCSLab_Car,Fuzzy_dataset.csv,fuzzy,6,1.0,OCSLab_Car::Fuzzy_dataset.csv::674::test,veh_03-w06,0,fuzzy
41,strong_campaign,veh_03,OCSLab_Car,Fuzzy_dataset.csv,fuzzy,7,1.0,OCSLab_Car::Fuzzy_dataset.csv::693::test,veh_03-w07,0,fuzzy
41,strong_campaign,veh_03,OCSLab_Car,Fuzzy_dataset.csv,fuzzy,8,1.0,OCSLab_Car::Fuzzy_dataset.csv::323::test,veh_03-w08,0,fuzzy
41,strong_campaign,veh_03,OCSLab_Car,Fuzzy_dataset.csv,fuzzy,9,1.0,OCSLab_Car::Fuzzy_dataset.csv::635::test,veh_03-w09,0,fuzzy
41,strong_campaign,veh_04,OCSLab_Car,Fuzzy_dataset.csv,fuzzy,0,1.0,OCSLab_Car::Fuzzy_dataset.csv::24::test,veh_04-w00,0,fuzzy
41,strong_campaign,veh_04,OCSLab_Car,Fuzzy_dataset.csv,fuzzy,1,1.0,OCSLab_Car::Fuzzy_dataset.csv::613::test,veh_04-w01,0,fuzzy
41,strong_campaign,veh_04,OCSLab_Car,Fuzzy_dataset.csv,fuzzy,2,1.0,OCSLab_Car::Fuzzy_dataset.csv::155::test,veh_04-w02,0,fuzzy
41,strong_campaign,veh_04,OCSLab_Car,Fuzzy_dataset.csv,fuzzy,3,1.0,OCSLab_Car::Fuzzy_dataset.csv::470::test,veh_04-w03,0,fuzzy
41,strong_campaign,veh_04,OCSLab_Car,Fuzzy_dataset.csv,fuzzy,4,1.0,OCSLab_Car::Fuzzy_dataset.csv::647::test,veh_04-w04,0,fuzzy
41,strong_campaign,veh_04,OCSLab_Car,Fuzzy_dataset.csv,fuzzy,5,1.0,OCSLab_Car::Fuzzy_dataset.csv::621::test,veh_04-w05,0,fuzzy
41,strong_campaign,veh_04,OCSLab_Car,Fuzzy_dataset.csv,fuzzy,6,1.0,OCSLab_Car::Fuzzy_dataset.csv::668::test,veh_04-w06,0,fuzzy
41,strong_campaign,veh_04,OCSLab_Car,Fuzzy_dataset.csv,fuzzy,7,1.0,OCSLab_Car::Fuzzy_dataset.csv::29::test,veh_04-w07,0,fuzzy
41,strong_campaign,veh_04,OCSLab_Car,Fuzzy_dataset.csv,fuzzy,8,1.0,OCSLab_Car::Fuzzy_dataset.csv::182::test,veh_04-w08,0,fuzzy
41,strong_campaign,veh_04,OCSLab_Car,Fuzzy_dataset.csv,fuzzy,9,1.0,OCSLab_Car::Fuzzy_dataset.csv::165::test,veh_04-w09,0,fuzzy
41,weak_campaign,veh_00,Challenge_S,Pre_train_S_2.csv,spoofing,0,0.6094276094276094,Challenge_S::Pre_train_S_2.csv::423::test,veh_00-w00,0,spoofing
41,weak_campaign,veh_00,Challenge_S,Pre_train_S_2.csv,spoofing,1,0.5959595959595959,Challenge_S::Pre_train_S_2.csv::324::test,veh_00-w01,0,spoofing
41,weak_campaign,veh_00,Challenge_S,Pre_train_S_2.csv,spoofing,2,0.7588383838383839,Challenge_S::Pre_train_S_2.csv::391::test,veh_00-w02,0,spoofing
41,weak_campaign,veh_00,Challenge_S,Pre_train_S_2.csv,spoofing,3,0.7327441077441077,Challenge_S::Pre_train_S_2.csv::320::test,veh_00-w03,0,spoofing
41,weak_campaign,veh_00,Challenge_S,Pre_train_S_2.csv,spoofing,4,0.6868686868686869,Challenge_S::Pre_train_S_2.csv::368::test,veh_00-w04,0,spoofing
41,weak_campaign,veh_00,Challenge_D,Pre_train_D_2.csv,spoofing,5,0.6426767676767676,Challenge_D::Pre_train_D_2.csv::330::test,veh_00-w05,0,spoofing
41,weak_campaign,veh_00,Challenge_D,Pre_train_D_2.csv,spoofing,6,0.7984006734006734,Challenge_D::Pre_train_D_2.csv::540::test,veh_00-w06,0,spoofing
41,weak_campaign,veh_00,Challenge_S,Pre_train_S_1.csv,spoofing,7,0.6191077441077442,Challenge_S::Pre_train_S_1.csv::437::test,veh_00-w07,0,spoofing
41,weak_campaign,veh_00,Challenge_S,Pre_train_S_1.csv,spoofing,8,0.7319023569023569,Challenge_S::Pre_train_S_1.csv::441::test,veh_00-w08,0,spoofing
41,weak_campaign,veh_00,Challenge_D,Pre_train_D_1.csv,spoofing,9,0.7487373737373737,Challenge_D::Pre_train_D_1.csv::349::test,veh_00-w09,0,spoofing
41,weak_campaign,veh_01,Challenge_D,Pre_train_D_2.csv,spoofing,0,0.6763468013468014,Challenge_D::Pre_train_D_2.csv::426::test,veh_01-w00,0,spoofing
41,weak_campaign,veh_01,Challenge_D,Pre_train_D_1.csv,spoofing,1,0.7592592592592593,Challenge_D::Pre_train_D_1.csv::490::test,veh_01-w01,0,spoofing
41,weak_campaign,veh_01,Challenge_D,Pre_train_D_1.csv,spoofing,2,0.5858585858585859,Challenge_D::Pre_train_D_1.csv::548::test,veh_01-w02,0,spoofing
41,weak_campaign,veh_01,Challenge_S,Pre_train_S_1.csv,spoofing,3,0.5963804713804713,Challenge_S::Pre_train_S_1.csv::301::test,veh_01-w03,0,spoofing
41,weak_campaign,veh_01,Challenge_S,Pre_train_S_1.csv,spoofing,4,0.7348484848484849,Challenge_S::Pre_train_S_1.csv::458::test,veh_01-w04,0,spoofing
41,weak_campaign,veh_01,Challenge_S,Pre_train_S_1.csv,spoofing,5,0.6296296296296297,Challenge_S::Pre_train_S_1.csv::450::test,veh_01-w05,0,spoofing
41,weak_campaign,veh_01,Challenge_D,Pre_train_D_2.csv,spoofing,6,0.7159090909090909,Challenge_D::Pre_train_D_2.csv::576::test,veh_01-w06,0,spoofing
41,weak_campaign,veh_01,Challenge_S,Pre_train_S_2.csv,spoofing,7,0.5955387205387206,Challenge_S::Pre_train_S_2.csv::374::test,veh_01-w07,0,spoofing
41,weak_campaign,veh_01,Challenge_D,Pre_train_D_2.csv,spoofing,8,0.6052188552188552,Challenge_D::Pre_train_D_2.csv::363::test,veh_01-w08,0,spoofing
41,weak_campaign,veh_01,Challenge_S,Pre_train_S_2.csv,spoofing,9,0.7542087542087542,Challenge_S::Pre_train_S_2.csv::434::test,veh_01-w09,0,spoofing
41,weak_campaign,veh_02,Challenge_D,Pre_train_D_2.csv,spoofing,0,0.6195286195286195,Challenge_D::Pre_train_D_2.csv::572::test,veh_02-w00,0,spoofing
41,weak_campaign,veh_02,Challenge_D,Pre_train_D_2.csv,spoofing,1,0.6856060606060606,Challenge_D::Pre_train_D_2.csv::357::test,veh_02-w01,0,spoofing
41,weak_campaign,veh_02,Challenge_D,Pre_train_D_2.csv,spoofing,2,0.6195286195286195,Challenge_D::Pre_train_D_2.csv::364::test,veh_02-w02,0,spoofing
41,weak_campaign,veh_02,Challenge_D,Pre_train_D_2.csv,spoofing,3,0.6296296296296297,Challenge_D::Pre_train_D_2.csv::545::test,veh_02-w03,0,spoofing
41,weak_campaign,veh_02,Challenge_S,Pre_train_S_1.csv,spoofing,4,0.680976430976431,Challenge_S::Pre_train_S_1.csv::513::test,veh_02-w04,0,spoofing
41,weak_campaign,veh_02,Challenge_S,Pre_train_S_2.csv,spoofing,5,0.6759259259259259,Challenge_S::Pre_train_S_2.csv::514::test,veh_02-w05,0,spoofing
41,weak_campaign,veh_02,Challenge_S,Pre_train_S_1.csv,spoofing,6,0.734006734006734,Challenge_S::Pre_train_S_1.csv::572::test,veh_02-w06,0,spoofing
41,weak_campaign,veh_02,Challenge_D,Pre_train_D_1.csv,spoofing,7,0.5858585858585859,Challenge_D::Pre_train_D_1.csv::393::test,veh_02-w07,0,spoofing
41,weak_campaign,veh_02,Challenge_D,Pre_train_D_1.csv,spoofing,8,0.7087542087542088,Challenge_D::Pre_train_D_1.csv::376::test,veh_02-w08,0,spoofing
41,weak_campaign,veh_02,Challenge_S,Pre_train_S_2.csv,spoofing,9,0.6679292929292929,Challenge_S::Pre_train_S_2.csv::443::test,veh_02-w09,0,spoofing
41,weak_campaign,veh_03,Challenge_S,Pre_train_S_2.csv,spoofing,0,0.7777777777777778,Challenge_S::Pre_train_S_2.csv::432::test,veh_03-w00,0,spoofing
41,weak_campaign,veh_03,Challenge_S,Pre_train_S_2.csv,spoofing,1,0.7571548821548821,Challenge_S::Pre_train_S_2.csv::347::test,veh_03-w01,0,spoofing
41,weak_campaign,veh_03,Challenge_D,Pre_train_D_2.csv,spoofing,2,0.6498316498316499,Challenge_D::Pre_train_D_2.csv::427::test,veh_03-w02,0,spoofing
41,weak_campaign,veh_03,Challenge_S,Pre_train_S_2.csv,spoofing,3,0.686026936026936,Challenge_S::Pre_train_S_2.csv::332::test,veh_03-w03,0,spoofing
41,weak_campaign,veh_03,Challenge_D,Pre_train_D_2.csv,spoofing,4,0.6346801346801347,Challenge_D::Pre_train_D_2.csv::429::test,veh_03-w04,0,spoofing
41,weak_campaign,veh_03,Challenge_D,Pre_train_D_2.csv,spoofing,5,0.6738215488215489,Challenge_D::Pre_train_D_2.csv::522::test,veh_03-w05,0,spoofing
41,weak_campaign,veh_03,Challenge_D,Pre_train_D_2.csv,spoofing,6,0.640993265993266,Challenge_D::Pre_train_D_2.csv::423::test,veh_03-w06,0,spoofing
41,weak_campaign,veh_03,Challenge_D,Pre_train_D_2.csv,spoofing,7,0.6952861952861953,Challenge_D::Pre_train_D_2.csv::327::test,veh_03-w07,0,spoofing
41,weak_campaign,veh_03,Challenge_S,Pre_train_S_2.csv,spoofing,8,0.7251683501683501,Challenge_S::Pre_train_S_2.csv::309::test,veh_03-w08,0,spoofing
41,weak_campaign,veh_03,Challenge_D,Pre_train_D_2.csv,spoofing,9,0.5820707070707071,Challenge_D::Pre_train_D_2.csv::425::test,veh_03-w09,0,spoofing
41,weak_campaign,veh_04,Challenge_S,Pre_train_S_2.csv,spoofing,0,0.7984006734006734,Challenge_S::Pre_train_S_2.csv::515::test,veh_04-w00,0,spoofing
41,weak_campaign,veh_04,Challenge_S,Pre_train_S_2.csv,spoofing,1,0.617003367003367,Challenge_S::Pre_train_S_2.csv::518::test,veh_04-w01,0,spoofing
41,weak_campaign,veh_04,Challenge_S,Pre_train_S_1.csv,spoofing,2,0.7584175084175084,Challenge_S::Pre_train_S_1.csv::308::test,veh_04-w02,0,spoofing
41,weak_campaign,veh_04,Challenge_D,Pre_train_D_2.csv,spoofing,3,0.6477272727272727,Challenge_D::Pre_train_D_2.csv::564::test,veh_04-w03,0,spoofing
41,weak_campaign,veh_04,Challenge_D,Pre_train_D_1.csv,spoofing,4,0.6296296296296297,Challenge_D::Pre_train_D_1.csv::347::test,veh_04-w04,0,spoofing
41,weak_campaign,veh_04,Challenge_S,Pre_train_S_1.csv,spoofing,5,0.680976430976431,Challenge_S::Pre_train_S_1.csv::360::test,veh_04-w05,0,spoofing
41,weak_campaign,veh_04,Challenge_D,Pre_train_D_1.csv,spoofing,6,0.5808080808080808,Challenge_D::Pre_train_D_1.csv::544::test,veh_04-w06,0,spoofing
41,weak_campaign,veh_04,Challenge_D,Pre_train_D_2.csv,spoofing,7,0.6763468013468014,Challenge_D::Pre_train_D_2.csv::507::test,veh_04-w07,0,spoofing
41,weak_campaign,veh_04,Challenge_S,Pre_train_S_2.csv,spoofing,8,0.6868686868686869,Challenge_S::Pre_train_S_2.csv::339::test,veh_04-w08,0,spoofing
41,weak_campaign,veh_04,Challenge_S,Pre_train_S_2.csv,spoofing,9,0.6654040404040404,Challenge_S::Pre_train_S_2.csv::438::test,veh_04-w09,0,spoofing
53,strong_campaign,veh_00,OCSLab_Car,RPM_dataset.csv,malfunction_rpm,0,1.0,OCSLab_Car::RPM_dataset.csv::725::test,veh_00-w00,0,malfunction_rpm
53,strong_campaign,veh_00,OCSLab_Car,RPM_dataset.csv,malfunction_rpm,1,1.0,OCSLab_Car::RPM_dataset.csv::769::test,veh_00-w01,0,malfunction_rpm
53,strong_campaign,veh_00,OCSLab_Car,RPM_dataset.csv,malfunction_rpm,2,1.0,OCSLab_Car::RPM_dataset.csv::381::test,veh_00-w02,0,malfunction_rpm
53,strong_campaign,veh_00,OCSLab_Car,RPM_dataset.csv,malfunction_rpm,3,1.0,OCSLab_Car::RPM_dataset.csv::6::test,veh_00-w03,0,malfunction_rpm
53,strong_campaign,veh_00,OCSLab_Car,RPM_dataset.csv,malfunction_rpm,4,1.0,OCSLab_Car::RPM_dataset.csv::282::test,veh_00-w04,0,malfunction_rpm
53,strong_campaign,veh_00,OCSLab_Car,RPM_dataset.csv,malfunction_rpm,5,1.0,OCSLab_Car::RPM_dataset.csv::730::test,veh_00-w05,0,malfunction_rpm
53,strong_campaign,veh_00,OCSLab_Car,RPM_dataset.csv,malfunction_rpm,6,1.0,OCSLab_Car::RPM_dataset.csv::19::test,veh_00-w06,0,malfunction_rpm
53,strong_campaign,veh_00,OCSLab_Car,RPM_dataset.csv,malfunction_rpm,7,1.0,OCSLab_Car::RPM_dataset.csv::720::test,veh_00-w07,0,malfunction_rpm
53,strong_campaign,veh_00,OCSLab_Car,RPM_dataset.csv,malfunction_rpm,8,0.9995939910678034,OCSLab_Car::RPM_dataset.csv::466::test,veh_00-w08,0,malfunction_rpm
53,strong_campaign,veh_00,OCSLab_Car,RPM_dataset.csv,malfunction_rpm,9,1.0,OCSLab_Car::RPM_dataset.csv::390::test,veh_00-w09,0,malfunction_rpm
53,strong_campaign,veh_01,OCSLab_Car,RPM_dataset.csv,malfunction_rpm,0,1.0,OCSLab_Car::RPM_dataset.csv::218::test,veh_01-w00,0,malfunction_rpm
53,strong_campaign,veh_01,OCSLab_Car,RPM_dataset.csv,malfunction_rpm,1,1.0,OCSLab_Car::RPM_dataset.csv::238::test,veh_01-w01,0,malfunction_rpm
53,strong_campaign,veh_01,OCSLab_Car,RPM_dataset.csv,malfunction_rpm,2,1.0,OCSLab_Car::RPM_dataset.csv::375::test,veh_01-w02,0,malfunction_rpm
53,strong_campaign,veh_01,OCSLab_Car,RPM_dataset.csv,malfunction_rpm,3,1.0,OCSLab_Car::RPM_dataset.csv::742::test,veh_01-w03,0,malfunction_rpm
53,strong_campaign,veh_01,OCSLab_Car,RPM_dataset.csv,malfunction_rpm,4,1.0,OCSLab_Car::RPM_dataset.csv::602::test,veh_01-w04,0,malfunction_rpm
53,strong_campaign,veh_01,OCSLab_Car,RPM_dataset.csv,malfunction_rpm,5,1.0,OCSLab_Car::RPM_dataset.csv::400::test,veh_01-w05,0,malfunction_rpm
53,strong_campaign,veh_01,OCSLab_Car,RPM_dataset.csv,malfunction_rpm,6,1.0,OCSLab_Car::RPM_dataset.csv::63::test,veh_01-w06,0,malfunction_rpm
53,strong_campaign,veh_01,OCSLab_Car,RPM_dataset.csv,malfunction_rpm,7,1.0,OCSLab_Car::RPM_dataset.csv::30::test,veh_01-w07,0,malfunction_rpm
53,strong_campaign,veh_01,OCSLab_Car,RPM_dataset.csv,malfunction_rpm,8,1.0,OCSLab_Car::RPM_dataset.csv::248::test,veh_01-w08,0,malfunction_rpm
53,strong_campaign,veh_01,OCSLab_Car,RPM_dataset.csv,malfunction_rpm,9,1.0,OCSLab_Car::RPM_dataset.csv::427::test,veh_01-w09,0,malfunction_rpm
53,strong_campaign,veh_02,OCSLab_Car,RPM_dataset.csv,malfunction_rpm,0,1.0,OCSLab_Car::RPM_dataset.csv::227::test,veh_02-w00,0,malfunction_rpm
53,strong_campaign,veh_02,OCSLab_Car,RPM_dataset.csv,malfunction_rpm,1,1.0,OCSLab_Car::RPM_dataset.csv::453::test,veh_02-w01,0,malfunction_rpm
53,strong_campaign,veh_02,OCSLab_Car,RPM_dataset.csv,malfunction_rpm,2,1.0,OCSLab_Car::RPM_dataset.csv::50::test,veh_02-w02,0,malfunction_rpm
53,strong_campaign,veh_02,OCSLab_Car,RPM_dataset.csv,malfunction_rpm,3,1.0,OCSLab_Car::RPM_dataset.csv::287::test,veh_02-w03,0,malfunction_rpm
53,strong_campaign,veh_02,OCSLab_Car,RPM_dataset.csv,malfunction_rpm,4,1.0,OCSLab_Car::RPM_dataset.csv::422::test,veh_02-w04,0,malfunction_rpm
53,strong_campaign,veh_02,OCSLab_Car,RPM_dataset.csv,malfunction_rpm,5,1.0,OCSLab_Car::RPM_dataset.csv::216::test,veh_02-w05,0,malfunction_rpm
53,strong_campaign,veh_02,OCSLab_Car,RPM_dataset.csv,malfunction_rpm,6,1.0,OCSLab_Car::RPM_dataset.csv::768::test,veh_02-w06,0,malfunction_rpm
53,strong_campaign,veh_02,OCSLab_Car,RPM_dataset.csv,malfunction_rpm,7,1.0,OCSLab_Car::RPM_dataset.csv::242::test,veh_02-w07,0,malfunction_rpm
53,strong_campaign,veh_02,OCSLab_Car,RPM_dataset.csv,malfunction_rpm,8,1.0,OCSLab_Car::RPM_dataset.csv::244::test,veh_02-w08,0,malfunction_rpm
53,strong_campaign,veh_02,OCSLab_Car,RPM_dataset.csv,malfunction_rpm,9,1.0,OCSLab_Car::RPM_dataset.csv::355::test,veh_02-w09,0,malfunction_rpm
53,strong_campaign,veh_03,OCSLab_Car,RPM_dataset.csv,malfunction_rpm,0,1.0,OCSLab_Car::RPM_dataset.csv::457::test,veh_03-w00,0,malfunction_rpm
53,strong_campaign,veh_03,OCSLab_Car,RPM_dataset.csv,malfunction_rpm,1,1.0,OCSLab_Car::RPM_dataset.csv::201::test,veh_03-w01,0,malfunction_rpm
53,strong_campaign,veh_03,OCSLab_Car,RPM_dataset.csv,malfunction_rpm,2,1.0,OCSLab_Car::RPM_dataset.csv::31::test,veh_03-w02,0,malfunction_rpm
53,strong_campaign,veh_03,OCSLab_Car,RPM_dataset.csv,malfunction_rpm,3,1.0,OCSLab_Car::RPM_dataset.csv::443::test,veh_03-w03,0,malfunction_rpm
53,strong_campaign,veh_03,OCSLab_Car,RPM_dataset.csv,malfunction_rpm,4,1.0,OCSLab_Car::RPM_dataset.csv::460::test,veh_03-w04,0,malfunction_rpm
53,strong_campaign,veh_03,OCSLab_Car,RPM_dataset.csv,malfunction_rpm,5,1.0,OCSLab_Car::RPM_dataset.csv::288::test,veh_03-w05,0,malfunction_rpm
53,strong_campaign,veh_03,OCSLab_Car,RPM_dataset.csv,malfunction_rpm,6,1.0,OCSLab_Car::RPM_dataset.csv::477::test,veh_03-w06,0,malfunction_rpm
53,strong_campaign,veh_03,OCSLab_Car,RPM_dataset.csv,malfunction_rpm,7,1.0,OCSLab_Car::RPM_dataset.csv::780::test,veh_03-w07,0,malfunction_rpm
53,strong_campaign,veh_03,OCSLab_Car,RPM_dataset.csv,malfunction_rpm,8,1.0,OCSLab_Car::RPM_dataset.csv::208::test,veh_03-w08,0,malfunction_rpm
53,strong_campaign,veh_03,OCSLab_Car,RPM_dataset.csv,malfunction_rpm,9,1.0,OCSLab_Car::RPM_dataset.csv::46::test,veh_03-w09,0,malfunction_rpm
53,strong_campaign,veh_04,OCSLab_Car,RPM_dataset.csv,malfunction_rpm,0,1.0,OCSLab_Car::RPM_dataset.csv::713::test,veh_04-w00,0,malfunction_rpm
53,strong_campaign,veh_04,OCSLab_Car,RPM_dataset.csv,malfunction_rpm,1,1.0,OCSLab_Car::RPM_dataset.csv::436::test,veh_04-w01,0,malfunction_rpm
53,strong_campaign,veh_04,OCSLab_Car,RPM_dataset.csv,malfunction_rpm,2,1.0,OCSLab_Car::RPM_dataset.csv::752::test,veh_04-w02,0,malfunction_rpm
53,strong_campaign,veh_04,OCSLab_Car,RPM_dataset.csv,malfunction_rpm,3,1.0,OCSLab_Car::RPM_dataset.csv::721::test,veh_04-w03,0,malfunction_rpm
53,strong_campaign,veh_04,OCSLab_Car,RPM_dataset.csv,malfunction_rpm,4,1.0,OCSLab_Car::RPM_dataset.csv::749::test,veh_04-w04,0,malfunction_rpm
53,strong_campaign,veh_04,OCSLab_Car,RPM_dataset.csv,malfunction_rpm,5,1.0,OCSLab_Car::RPM_dataset.csv::24::test,veh_04-w05,0,malfunction_rpm
53,strong_campaign,veh_04,OCSLab_Car,RPM_dataset.csv,malfunction_rpm,6,1.0,OCSLab_Car::RPM_dataset.csv::456::test,veh_04-w06,0,malfunction_rpm
53,strong_campaign,veh_04,OCSLab_Car,RPM_dataset.csv,malfunction_rpm,7,1.0,OCSLab_Car::RPM_dataset.csv::29::test,veh_04-w07,0,malfunction_rpm
53,strong_campaign,veh_04,OCSLab_Car,RPM_dataset.csv,malfunction_rpm,8,1.0,OCSLab_Car::RPM_dataset.csv::361::test,veh_04-w08,0,malfunction_rpm
53,strong_campaign,veh_04,OCSLab_Car,RPM_dataset.csv,malfunction_rpm,9,1.0,OCSLab_Car::RPM_dataset.csv::18::test,veh_04-w09,0,malfunction_rpm
53,weak_campaign,veh_00,Challenge_D,Pre_train_D_1.csv,replay,0,0.6830808080808081,Challenge_D::Pre_train_D_1.csv::613::test,veh_00-w00,0,replay
53,weak_campaign,veh_00,Challenge_S,Pre_train_S_1.csv,replay,1,0.6241582491582491,Challenge_S::Pre_train_S_1.csv::646::test,veh_00-w01,0,replay
53,weak_campaign,veh_00,Challenge_D,Pre_train_D_1.csv,replay,2,0.6468855218855218,Challenge_D::Pre_train_D_1.csv::784::test,veh_00-w02,0,replay
53,weak_campaign,veh_00,Challenge_D,Pre_train_D_1.csv,replay,3,0.6313131313131313,Challenge_D::Pre_train_D_1.csv::672::test,veh_00-w03,0,replay
53,weak_campaign,veh_00,Challenge_D,Pre_train_D_1.csv,replay,4,0.7495791245791246,Challenge_D::Pre_train_D_1.csv::664::test,veh_00-w04,0,replay
53,weak_campaign,veh_00,Challenge_S,Pre_train_S_1.csv,replay,5,0.6435185185185185,Challenge_S::Pre_train_S_1.csv::607::test,veh_00-w05,0,replay
53,weak_campaign,veh_00,Challenge_D,Pre_train_D_1.csv,replay,6,0.7946127946127947,Challenge_D::Pre_train_D_1.csv::732::test,veh_00-w06,0,replay
53,weak_campaign,veh_00,Challenge_S,Pre_train_S_1.csv,replay,7,0.7781986531986532,Challenge_S::Pre_train_S_1.csv::689::test,veh_00-w07,0,replay
53,weak_campaign,veh_00,Challenge_S,Pre_train_S_1.csv,replay,8,0.7558922558922558,Challenge_S::Pre_train_S_1.csv::651::test,veh_00-w08,0,replay
53,weak_campaign,veh_00,Challenge_D,Pre_train_D_1.csv,replay,9,0.7159090909090909,Challenge_D::Pre_train_D_1.csv::780::test,veh_00-w09,0,replay
53,weak_campaign,veh_01,Challenge_D,Pre_train_D_1.csv,replay,0,0.7289562289562289,Challenge_D::Pre_train_D_1.csv::740::test,veh_01-w00,0,replay
53,weak_campaign,veh_01,Challenge_S,Pre_train_S_1.csv,replay,1,0.6144781144781145,Challenge_S::Pre_train_S_1.csv::631::test,veh_01-w01,0,replay
53,weak_campaign,veh_01,Challenge_D,Pre_train_D_1.csv,replay,2,0.5749158249158249,Challenge_D::Pre_train_D_1.csv::673::test,veh_01-w02,0,replay
53,weak_campaign,veh_01,Challenge_D,Pre_train_D_1.csv,replay,3,0.747895622895623,Challenge_D::Pre_train_D_1.csv::634::test,veh_01-w03,0,replay
53,weak_campaign,veh_01,Challenge_D,Pre_train_D_1.csv,replay,4,0.6523569023569024,Challenge_D::Pre_train_D_1.csv::682::test,veh_01-w04,0,replay
53,weak_campaign,veh_01,Challenge_S,Pre_train_S_1.csv,replay,5,0.5883838383838383,Challenge_S::Pre_train_S_1.csv::600::test,veh_01-w05,0,replay
53,weak_campaign,veh_01,Challenge_D,Pre_train_D_1.csv,replay,6,0.6721380471380471,Challenge_D::Pre_train_D_1.csv::718::test,veh_01-w06,0,replay
53,weak_campaign,veh_01,Challenge_S,Pre_train_S_1.csv,replay,7,0.6515151515151515,Challenge_S::Pre_train_S_1.csv::598::test,veh_01-w07,0,replay
53,weak_campaign,veh_01,Challenge_D,Pre_train_D_1.csv,replay,8,0.7272727272727273,Challenge_D::Pre_train_D_1.csv::636::test,veh_01-w08,0,replay
53,weak_campaign,veh_01,Challenge_D,Pre_train_D_1.csv,replay,9,0.7756734006734006,Challenge_D::Pre_train_D_1.csv::635::test,veh_01-w09,0,replay
53,weak_campaign,veh_02,Challenge_S,Pre_train_S_1.csv,replay,0,0.7255892255892256,Challenge_S::Pre_train_S_1.csv::640::test,veh_02-w00,0,replay
53,weak_campaign,veh_02,Challenge_S,Pre_train_S_1.csv,replay,1,0.7845117845117845,Challenge_S::Pre_train_S_1.csv::702::test,veh_02-w01,0,replay
53,weak_campaign,veh_02,Challenge_D,Pre_train_D_1.csv,replay,2,0.5896464646464646,Challenge_D::Pre_train_D_1.csv::764::test,veh_02-w02,0,replay
53,weak_campaign,veh_02,Challenge_D,Pre_train_D_1.csv,replay,3,0.5997474747474747,Challenge_D::Pre_train_D_1.csv::675::test,veh_02-w03,0,replay
53,weak_campaign,veh_02,Challenge_D,Pre_train_D_1.csv,replay,4,0.6763468013468014,Challenge_D::Pre_train_D_1.csv::699::test,veh_02-w04,0,replay
53,weak_campaign,veh_02,Challenge_S,Pre_train_S_1.csv,replay,5,0.5968013468013468,Challenge_S::Pre_train_S_1.csv::662::test,veh_02-w05,0,replay
53,weak_campaign,veh_02,Challenge_D,Pre_train_D_1.csv,replay,6,0.5627104377104377,Challenge_D::Pre_train_D_1.csv::785::test,veh_02-w06,0,replay
53,weak_campaign,veh_02,Challenge_S,Pre_train_S_1.csv,replay,7,0.7933501683501684,Challenge_S::Pre_train_S_1.csv::674::test,veh_02-w07,0,replay
53,weak_campaign,veh_02,Challenge_D,Pre_train_D_1.csv,replay,8,0.6944444444444444,Challenge_D::Pre_train_D_1.csv::645::test,veh_02-w08,0,replay
53,weak_campaign,veh_02,Challenge_D,Pre_train_D_1.csv,replay,9,0.7432659932659933,Challenge_D::Pre_train_D_1.csv::787::test,veh_02-w09,0,replay
53,weak_campaign,veh_03,Challenge_S,Pre_train_S_1.csv,replay,0,0.7588383838383839,Challenge_S::Pre_train_S_1.csv::620::test,veh_03-w00,0,replay
53,weak_campaign,veh_03,Challenge_S,Pre_train_S_1.csv,replay,1,0.7146464646464646,Challenge_S::Pre_train_S_1.csv::628::test,veh_03-w01,0,replay
53,weak_campaign,veh_03,Challenge_D,Pre_train_D_1.csv,replay,2,0.7584175084175084,Challenge_D::Pre_train_D_1.csv::666::test,veh_03-w02,0,replay
53,weak_campaign,veh_03,Challenge_S,Pre_train_S_1.csv,replay,3,0.7403198653198653,Challenge_S::Pre_train_S_1.csv::663::test,veh_03-w03,0,replay
53,weak_campaign,veh_03,Challenge_D,Pre_train_D_1.csv,replay,4,0.6931818181818182,Challenge_D::Pre_train_D_1.csv::783::test,veh_03-w04,0,replay
53,weak_campaign,veh_03,Challenge_S,Pre_train_S_1.csv,replay,5,0.7272727272727273,Challenge_S::Pre_train_S_1.csv::610::test,veh_03-w05,0,replay
53,weak_campaign,veh_03,Challenge_S,Pre_train_S_1.csv,replay,6,0.571969696969697,Challenge_S::Pre_train_S_1.csv::700::test,veh_03-w06,0,replay
53,weak_campaign,veh_03,Challenge_S,Pre_train_S_1.csv,replay,7,0.6283670033670034,Challenge_S::Pre_train_S_1.csv::654::test,veh_03-w07,0,replay
53,weak_campaign,veh_03,Challenge_S,Pre_train_S_1.csv,replay,8,0.6675084175084175,Challenge_S::Pre_train_S_1.csv::671::test,veh_03-w08,0,replay
53,weak_campaign,veh_03,Challenge_S,Pre_train_S_1.csv,replay,9,0.7331649831649831,Challenge_S::Pre_train_S_1.csv::670::test,veh_03-w09,0,replay
53,weak_campaign,veh_04,Challenge_D,Pre_train_D_1.csv,replay,0,0.7836700336700336,Challenge_D::Pre_train_D_1.csv::638::test,veh_04-w00,0,replay
53,weak_campaign,veh_04,Challenge_S,Pre_train_S_1.csv,replay,1,0.7117003367003367,Challenge_S::Pre_train_S_1.csv::703::test,veh_04-w01,0,replay
53,weak_campaign,veh_04,Challenge_S,Pre_train_S_1.csv,replay,2,0.6039562289562289,Challenge_S::Pre_train_S_1.csv::599::test,veh_04-w02,0,replay
53,weak_campaign,veh_04,Challenge_D,Pre_train_D_1.csv,replay,3,0.7335858585858586,Challenge_D::Pre_train_D_1.csv::688::test,veh_04-w03,0,replay
53,weak_campaign,veh_04,Challenge_S,Pre_train_S_1.csv,replay,4,0.7634680134680135,Challenge_S::Pre_train_S_1.csv::608::test,veh_04-w04,0,replay
53,weak_campaign,veh_04,Challenge_D,Pre_train_D_1.csv,replay,5,0.7150673400673401,Challenge_D::Pre_train_D_1.csv::707::test,veh_04-w05,0,replay
53,weak_campaign,veh_04,Challenge_D,Pre_train_D_1.csv,replay,6,0.5749158249158249,Challenge_D::Pre_train_D_1.csv::715::test,veh_04-w06,0,replay
53,weak_campaign,veh_04,Challenge_D,Pre_train_D_1.csv,replay,7,0.6443602693602694,Challenge_D::Pre_train_D_1.csv::778::test,veh_04-w07,0,replay
53,weak_campaign,veh_04,Challenge_D,Pre_train_D_1.csv,replay,8,0.7243265993265994,Challenge_D::Pre_train_D_1.csv::623::test,veh_04-w08,0,replay
53,weak_campaign,veh_04,Challenge_S,Pre_train_S_1.csv,replay,9,0.5740740740740741,Challenge_S::Pre_train_S_1.csv::705::test,veh_04-w09,0,replay
67,strong_campaign,veh_00,Challenge_S,Pre_train_S_2.csv,spoofing,0,0.9566498316498316,Challenge_S::Pre_train_S_2.csv::302::test,veh_00-w00,0,spoofing
67,strong_campaign,veh_00,Challenge_D,Pre_train_D_2.csv,spoofing,1,0.86489898989899,Challenge_D::Pre_train_D_2.csv::574::test,veh_00-w01,0,spoofing
67,strong_campaign,veh_00,Challenge_S,Pre_train_S_1.csv,spoofing,2,0.9124579124579124,Challenge_S::Pre_train_S_1.csv::323::test,veh_00-w02,0,spoofing
67,strong_campaign,veh_00,Challenge_S,Pre_train_S_2.csv,spoofing,3,0.8497474747474747,Challenge_S::Pre_train_S_2.csv::334::test,veh_00-w03,0,spoofing
67,strong_campaign,veh_00,Challenge_S,Pre_train_S_2.csv,spoofing,4,0.859006734006734,Challenge_S::Pre_train_S_2.csv::310::test,veh_00-w04,0,spoofing
67,strong_campaign,veh_00,Challenge_S,Pre_train_S_1.csv,spoofing,5,0.9772727272727272,Challenge_S::Pre_train_S_1.csv::424::test,veh_00-w05,0,spoofing
67,strong_campaign,veh_00,Challenge_S,Pre_train_S_1.csv,spoofing,6,0.9023569023569024,Challenge_S::Pre_train_S_1.csv::378::test,veh_00-w06,0,spoofing
67,strong_campaign,veh_00,Challenge_D,Pre_train_D_2.csv,spoofing,7,0.8232323232323232,Challenge_D::Pre_train_D_2.csv::547::test,veh_00-w07,0,spoofing
67,strong_campaign,veh_00,Challenge_S,Pre_train_S_2.csv,spoofing,8,0.9398148148148148,Challenge_S::Pre_train_S_2.csv::398::test,veh_00-w08,0,spoofing
67,strong_campaign,veh_00,Challenge_D,Pre_train_D_2.csv,spoofing,9,0.9806397306397306,Challenge_D::Pre_train_D_2.csv::521::test,veh_00-w09,0,spoofing
67,strong_campaign,veh_01,Challenge_D,Pre_train_D_2.csv,spoofing,0,0.8177609427609428,Challenge_D::Pre_train_D_2.csv::457::test,veh_01-w00,0,spoofing
67,strong_campaign,veh_01,Challenge_S,Pre_train_S_2.csv,spoofing,1,0.9865319865319864,Challenge_S::Pre_train_S_2.csv::350::test,veh_01-w01,0,spoofing
67,strong_campaign,veh_01,Challenge_S,Pre_train_S_2.csv,spoofing,2,0.8762626262626263,Challenge_S::Pre_train_S_2.csv::507::test,veh_01-w02,0,spoofing
67,strong_campaign,veh_01,Challenge_S,Pre_train_S_2.csv,spoofing,3,0.9276094276094276,Challenge_S::Pre_train_S_2.csv::389::test,veh_01-w03,0,spoofing
67,strong_campaign,veh_01,Challenge_D,Pre_train_D_2.csv,spoofing,4,0.9848484848484848,Challenge_D::Pre_train_D_2.csv::428::test,veh_01-w04,0,spoofing
67,strong_campaign,veh_01,Challenge_S,Pre_train_S_2.csv,spoofing,5,0.8560606060606061,Challenge_S::Pre_train_S_2.csv::415::test,veh_01-w05,0,spoofing
67,strong_campaign,veh_01,Challenge_D,Pre_train_D_1.csv,spoofing,6,0.8686868686868687,Challenge_D::Pre_train_D_1.csv::479::test,veh_01-w06,0,spoofing
67,strong_campaign,veh_01,Challenge_S,Pre_train_S_2.csv,spoofing,7,0.8855218855218855,Challenge_S::Pre_train_S_2.csv::379::test,veh_01-w07,0,spoofing
67,strong_campaign,veh_01,Challenge_S,Pre_train_S_2.csv,spoofing,8,0.9284511784511784,Challenge_S::Pre_train_S_2.csv::512::test,veh_01-w08,0,spoofing
67,strong_campaign,veh_01,Challenge_S,Pre_train_S_2.csv,spoofing,9,0.9936868686868688,Challenge_S::Pre_train_S_2.csv::358::test,veh_01-w09,0,spoofing
67,strong_campaign,veh_02,Challenge_D,Pre_train_D_2.csv,spoofing,0,0.9831649831649832,Challenge_D::Pre_train_D_2.csv::567::test,veh_02-w00,0,spoofing
67,strong_campaign,veh_02,Challenge_S,Pre_train_S_2.csv,spoofing,1,0.9284511784511784,Challenge_S::Pre_train_S_2.csv::441::test,veh_02-w01,0,spoofing
67,strong_campaign,veh_02,Challenge_S,Pre_train_S_2.csv,spoofing,2,0.9915824915824916,Challenge_S::Pre_train_S_2.csv::401::test,veh_02-w02,0,spoofing
67,strong_campaign,veh_02,Challenge_S,Pre_train_S_1.csv,spoofing,3,0.8320707070707071,Challenge_S::Pre_train_S_1.csv::342::test,veh_02-w03,0,spoofing
67,strong_campaign,veh_02,Challenge_S,Pre_train_S_1.csv,spoofing,4,0.9431818181818182,Challenge_S::Pre_train_S_1.csv::447::test,veh_02-w04,0,spoofing
67,strong_campaign,veh_02,Challenge_D,Pre_train_D_2.csv,spoofing,5,0.8164983164983165,Challenge_D::Pre_train_D_2.csv::552::test,veh_02-w05,0,spoofing
67,strong_campaign,veh_02,Challenge_D,Pre_train_D_1.csv,spoofing,6,0.8968855218855218,Challenge_D::Pre_train_D_1.csv::386::test,veh_02-w06,0,spoofing
67,strong_campaign,veh_02,Challenge_S,Pre_train_S_2.csv,spoofing,7,0.9819023569023568,Challenge_S::Pre_train_S_2.csv::411::test,veh_02-w07,0,spoofing
67,strong_campaign,veh_02,Challenge_S,Pre_train_S_2.csv,spoofing,8,0.8135521885521886,Challenge_S::Pre_train_S_2.csv::528::test,veh_02-w08,0,spoofing
67,strong_campaign,veh_02,Challenge_S,Pre_train_S_2.csv,spoofing,9,0.9427609427609428,Challenge_S::Pre_train_S_2.csv::498::test,veh_02-w09,0,spoofing
67,strong_campaign,veh_03,Challenge_S,Pre_train_S_1.csv,spoofing,0,0.9671717171717172,Challenge_S::Pre_train_S_1.csv::358::test,veh_03-w00,0,spoofing
67,strong_campaign,veh_03,Challenge_S,Pre_train_S_1.csv,spoofing,1,0.8952020202020202,Challenge_S::Pre_train_S_1.csv::586::test,veh_03-w01,0,spoofing
67,strong_campaign,veh_03,Challenge_S,Pre_train_S_2.csv,spoofing,2,0.9503367003367004,Challenge_S::Pre_train_S_2.csv::481::test,veh_03-w02,0,spoofing
67,strong_campaign,veh_03,Challenge_D,Pre_train_D_1.csv,spoofing,3,0.8674242424242424,Challenge_D::Pre_train_D_1.csv::388::test,veh_03-w03,0,spoofing
67,strong_campaign,veh_03,Challenge_S,Pre_train_S_1.csv,spoofing,4,0.88510101010101,Challenge_S::Pre_train_S_1.csv::300::test,veh_03-w04,0,spoofing
67,strong_campaign,veh_03,Challenge_S,Pre_train_S_2.csv,spoofing,5,0.9957912457912458,Challenge_S::Pre_train_S_2.csv::460::test,veh_03-w05,0,spoofing
67,strong_campaign,veh_03,Challenge_S,Pre_train_S_1.csv,spoofing,6,0.9558080808080808,Challenge_S::Pre_train_S_1.csv::309::test,veh_03-w06,0,spoofing
67,strong_campaign,veh_03,Challenge_S,Pre_train_S_2.csv,spoofing,7,0.9120370370370372,Challenge_S::Pre_train_S_2.csv::454::test,veh_03-w07,0,spoofing
67,strong_campaign,veh_03,Challenge_D,Pre_train_D_2.csv,spoofing,8,0.8345959595959596,Challenge_D::Pre_train_D_2.csv::502::test,veh_03-w08,0,spoofing
67,strong_campaign,veh_03,Challenge_S,Pre_train_S_2.csv,spoofing,9,0.8278619528619529,Challenge_S::Pre_train_S_2.csv::486::test,veh_03-w09,0,spoofing
67,strong_campaign,veh_04,Challenge_S,Pre_train_S_2.csv,spoofing,0,0.9583333333333334,Challenge_S::Pre_train_S_2.csv::396::test,veh_04-w00,0,spoofing
67,strong_campaign,veh_04,Challenge_D,Pre_train_D_2.csv,spoofing,1,0.9991582491582492,Challenge_D::Pre_train_D_2.csv::469::test,veh_04-w01,0,spoofing
67,strong_campaign,veh_04,Challenge_S,Pre_train_S_2.csv,spoofing,2,0.9886363636363636,Challenge_S::Pre_train_S_2.csv::410::test,veh_04-w02,0,spoofing
67,strong_campaign,veh_04,Challenge_S,Pre_train_S_2.csv,spoofing,3,0.9701178451178452,Challenge_S::Pre_train_S_2.csv::371::test,veh_04-w03,0,spoofing
67,strong_campaign,veh_04,Challenge_D,Pre_train_D_2.csv,spoofing,4,0.9128787878787878,Challenge_D::Pre_train_D_2.csv::441::test,veh_04-w04,0,spoofing
67,strong_campaign,veh_04,Challenge_D,Pre_train_D_1.csv,spoofing,5,0.8236531986531986,Challenge_D::Pre_train_D_1.csv::494::test,veh_04-w05,0,spoofing
67,strong_campaign,veh_04,Challenge_S,Pre_train_S_2.csv,spoofing,6,0.9865319865319864,Challenge_S::Pre_train_S_2.csv::384::test,veh_04-w06,0,spoofing
67,strong_campaign,veh_04,Challenge_S,Pre_train_S_1.csv,spoofing,7,0.9583333333333334,Challenge_S::Pre_train_S_1.csv::555::test,veh_04-w07,0,spoofing
67,strong_campaign,veh_04,Challenge_S,Pre_train_S_2.csv,spoofing,8,0.8585858585858586,Challenge_S::Pre_train_S_2.csv::373::test,veh_04-w08,0,spoofing
67,strong_campaign,veh_04,Challenge_S,Pre_train_S_2.csv,spoofing,9,0.9179292929292928,Challenge_S::Pre_train_S_2.csv::494::test,veh_04-w09,0,spoofing
67,weak_campaign,veh_00,Challenge_S,Pre_train_S_1.csv,replay,0,0.7845117845117845,Challenge_S::Pre_train_S_1.csv::702::test,veh_00-w00,0,replay
67,weak_campaign,veh_00,Challenge_D,Pre_train_D_1.csv,replay,1,0.7066498316498316,Challenge_D::Pre_train_D_1.csv::691::test,veh_00-w01,0,replay
67,weak_campaign,veh_00,Challenge_D,Pre_train_D_1.csv,replay,2,0.7584175084175084,Challenge_D::Pre_train_D_1.csv::666::test,veh_00-w02,0,replay
67,weak_campaign,veh_00,Challenge_S,Pre_train_S_1.csv,replay,3,0.7117003367003367,Challenge_S::Pre_train_S_1.csv::703::test,veh_00-w03,0,replay
67,weak_campaign,veh_00,Challenge_D,Pre_train_D_1.csv,replay,4,0.7104377104377104,Challenge_D::Pre_train_D_1.csv::769::test,veh_00-w04,0,replay
67,weak_campaign,veh_00,Challenge_D,Pre_train_D_1.csv,replay,5,0.6321548821548821,Challenge_D::Pre_train_D_1.csv::643::test,veh_00-w05,0,replay
67,weak_campaign,veh_00,Challenge_D,Pre_train_D_1.csv,replay,6,0.773989898989899,Challenge_D::Pre_train_D_1.csv::726::test,veh_00-w06,0,replay
67,weak_campaign,veh_00,Challenge_S,Pre_train_S_1.csv,replay,7,0.7946127946127947,Challenge_S::Pre_train_S_1.csv::633::test,veh_00-w07,0,replay
67,weak_campaign,veh_00,Challenge_D,Pre_train_D_1.csv,replay,8,0.7335858585858586,Challenge_D::Pre_train_D_1.csv::688::test,veh_00-w08,0,replay
67,weak_campaign,veh_00,Challenge_D,Pre_train_D_1.csv,replay,9,0.747895622895623,Challenge_D::Pre_train_D_1.csv::634::test,veh_00-w09,0,replay
67,weak_campaign,veh_01,Challenge_S,Pre_train_S_1.csv,replay,0,0.7331649831649831,Challenge_S::Pre_train_S_1.csv::670::test,veh_01-w00,0,replay
67,weak_campaign,veh_01,Challenge_S,Pre_train_S_1.csv,replay,1,0.7634680134680135,Challenge_S::Pre_train_S_1.csv::608::test,veh_01-w01,0,replay
67,weak_campaign,veh_01,Challenge_S,Pre_train_S_1.csv,replay,2,0.6675084175084175,Challenge_S::Pre_train_S_1.csv::671::test,veh_01-w02,0,replay
67,weak_campaign,veh_01,Challenge_S,Pre_train_S_1.csv,replay,3,0.7403198653198653,Challenge_S::Pre_train_S_1.csv::615::test,veh_01-w03,0,replay
67,weak_campaign,veh_01,Challenge_D,Pre_train_D_1.csv,replay,4,0.632996632996633,Challenge_D::Pre_train_D_1.csv::774::test,veh_01-w04,0,replay
67,weak_campaign,veh_01,Challenge_D,Pre_train_D_1.csv,replay,5,0.7756734006734006,Challenge_D::Pre_train_D_1.csv::635::test,veh_01-w05,0,replay
67,weak_campaign,veh_01,Challenge_D,Pre_train_D_1.csv,replay,6,0.7289562289562289,Challenge_D::Pre_train_D_1.csv::740::test,veh_01-w06,0,replay
67,weak_campaign,veh_01,Challenge_D,Pre_train_D_1.csv,replay,7,0.6565656565656566,Challenge_D::Pre_train_D_1.csv::763::test,veh_01-w07,0,replay
67,weak_campaign,veh_01,Challenge_D,Pre_train_D_1.csv,replay,8,0.6763468013468014,Challenge_D::Pre_train_D_1.csv::699::test,veh_01-w08,0,replay
67,weak_campaign,veh_01,Challenge_S,Pre_train_S_1.csv,replay,9,0.7588383838383839,Challenge_S::Pre_train_S_1.csv::620::test,veh_01-w09,0,replay
67,weak_campaign,veh_02,Challenge_S,Pre_train_S_1.csv,replay,0,0.7605218855218855,Challenge_S::Pre_train_S_1.csv::643::test,veh_02-w00,0,replay
67,weak_campaign,veh_02,Challenge_S,Pre_train_S_1.csv,replay,1,0.6902356902356902,Challenge_S::Pre_train_S_1.csv::697::test,veh_02-w01,0,replay
67,weak_campaign,veh_02,Challenge_D,Pre_train_D_1.csv,replay,2,0.7432659932659933,Challenge_D::Pre_train_D_1.csv::787::test,veh_02-w02,0,replay
67,weak_campaign,veh_02,Challenge_S,Pre_train_S_1.csv,replay,3,0.7550505050505051,Challenge_S::Pre_train_S_1.csv::667::test,veh_02-w03,0,replay
67,weak_campaign,veh_02,Challenge_D,Pre_train_D_1.csv,replay,4,0.5896464646464646,Challenge_D::Pre_train_D_1.csv::764::test,veh_02-w04,0,replay
67,weak_campaign,veh_02,Challenge_D,Pre_train_D_1.csv,replay,5,0.7150673400673401,Challenge_D::Pre_train_D_1.csv::707::test,veh_02-w05,0,replay
67,weak_campaign,veh_02,Challenge_S,Pre_train_S_1.csv,replay,6,0.6144781144781145,Challenge_S::Pre_train_S_1.csv::631::test,veh_02-w06,0,replay
67,weak_campaign,veh_02,Challenge_S,Pre_train_S_1.csv,replay,7,0.7781986531986532,Challenge_S::Pre_train_S_1.csv::689::test,veh_02-w07,0,replay
67,weak_campaign,veh_02,Challenge_S,Pre_train_S_1.csv,replay,8,0.7786195286195287,Challenge_S::Pre_train_S_1.csv::690::test,veh_02-w08,0,replay
67,weak_campaign,veh_02,Challenge_D,Pre_train_D_1.csv,replay,9,0.7243265993265994,Challenge_D::Pre_train_D_1.csv::623::test,veh_02-w09,0,replay
67,weak_campaign,veh_03,Challenge_D,Pre_train_D_1.csv,replay,0,0.6603535353535354,Challenge_D::Pre_train_D_1.csv::648::test,veh_03-w00,0,replay
67,weak_campaign,veh_03,Challenge_D,Pre_train_D_1.csv,replay,1,0.7230639730639731,Challenge_D::Pre_train_D_1.csv::605::test,veh_03-w01,0,replay
67,weak_campaign,veh_03,Challenge_D,Pre_train_D_1.csv,replay,2,0.7912457912457912,Challenge_D::Pre_train_D_1.csv::678::test,veh_03-w02,0,replay
67,weak_campaign,veh_03,Challenge_D,Pre_train_D_1.csv,replay,3,0.5862794612794613,Challenge_D::Pre_train_D_1.csv::728::test,veh_03-w03,0,replay
67,weak_campaign,veh_03,Challenge_S,Pre_train_S_1.csv,replay,4,0.5740740740740741,Challenge_S::Pre_train_S_1.csv::705::test,veh_03-w04,0,replay
67,weak_campaign,veh_03,Challenge_S,Pre_train_S_1.csv,replay,5,0.7403198653198653,Challenge_S::Pre_train_S_1.csv::663::test,veh_03-w05,0,replay
67,weak_campaign,veh_03,Challenge_S,Pre_train_S_1.csv,replay,6,0.686026936026936,Challenge_S::Pre_train_S_1.csv::655::test,veh_03-w06,0,replay
67,weak_campaign,veh_03,Challenge_D,Pre_train_D_1.csv,replay,7,0.6523569023569024,Challenge_D::Pre_train_D_1.csv::682::test,veh_03-w07,0,replay
67,weak_campaign,veh_03,Challenge_D,Pre_train_D_1.csv,replay,8,0.7495791245791246,Challenge_D::Pre_train_D_1.csv::664::test,veh_03-w08,0,replay
67,weak_campaign,veh_03,Challenge_D,Pre_train_D_1.csv,replay,9,0.7108585858585859,Challenge_D::Pre_train_D_1.csv::611::test,veh_03-w09,0,replay
67,weak_campaign,veh_04,Challenge_S,Pre_train_S_1.csv,replay,0,0.7272727272727273,Challenge_S::Pre_train_S_1.csv::610::test,veh_04-w00,0,replay
67,weak_campaign,veh_04,Challenge_S,Pre_train_S_1.csv,replay,1,0.6388888888888888,Challenge_S::Pre_train_S_1.csv::642::test,veh_04-w01,0,replay
67,weak_campaign,veh_04,Challenge_S,Pre_train_S_1.csv,replay,2,0.6435185185185185,Challenge_S::Pre_train_S_1.csv::607::test,veh_04-w02,0,replay
67,weak_campaign,veh_04,Challenge_S,Pre_train_S_1.csv,replay,3,0.6515151515151515,Challenge_S::Pre_train_S_1.csv::598::test,veh_04-w03,0,replay
67,weak_campaign,veh_04,Challenge_D,Pre_train_D_1.csv,replay,4,0.6931818181818182,Challenge_D::Pre_train_D_1.csv::783::test,veh_04-w04,0,replay
67,weak_campaign,veh_04,Challenge_D,Pre_train_D_1.csv,replay,5,0.6944444444444444,Challenge_D::Pre_train_D_1.csv::645::test,veh_04-w05,0,replay
67,weak_campaign,veh_04,Challenge_D,Pre_train_D_1.csv,replay,6,0.7159090909090909,Challenge_D::Pre_train_D_1.csv::780::test,veh_04-w06,0,replay
67,weak_campaign,veh_04,Challenge_S,Pre_train_S_1.csv,replay,7,0.7394781144781145,Challenge_S::Pre_train_S_1.csv::624::test,veh_04-w07,0,replay
67,weak_campaign,veh_04,Challenge_D,Pre_train_D_1.csv,replay,8,0.7462121212121212,Challenge_D::Pre_train_D_1.csv::754::test,veh_04-w08,0,replay
67,weak_campaign,veh_04,Challenge_S,Pre_train_S_1.csv,replay,9,0.6039562289562289,Challenge_S::Pre_train_S_1.csv::599::test,veh_04-w09,0,replay
71,strong_campaign,veh_00,Challenge_D,Pre_train_D_2.csv,spoofing,0,0.8177609427609428,Challenge_D::Pre_train_D_2.csv::457::test,veh_00-w00,0,spoofing
71,strong_campaign,veh_00,Challenge_D,Pre_train_D_1.csv,spoofing,1,0.8446969696969697,Challenge_D::Pre_train_D_1.csv::499::test,veh_00-w01,0,spoofing
71,strong_campaign,veh_00,Challenge_S,Pre_train_S_1.csv,spoofing,2,0.9250841750841752,Challenge_S::Pre_train_S_1.csv::406::test,veh_00-w02,0,spoofing
71,strong_campaign,veh_00,Challenge_D,Pre_train_D_1.csv,spoofing,3,0.901094276094276,Challenge_D::Pre_train_D_1.csv::359::test,veh_00-w03,0,spoofing
71,strong_campaign,veh_00,Challenge_S,Pre_train_S_2.csv,spoofing,4,0.9865319865319864,Challenge_S::Pre_train_S_2.csv::506::test,veh_00-w04,0,spoofing
71,strong_campaign,veh_00,Challenge_S,Pre_train_S_1.csv,spoofing,5,0.8295454545454546,Challenge_S::Pre_train_S_1.csv::565::test,veh_00-w05,0,spoofing
71,strong_campaign,veh_00,Challenge_S,Pre_train_S_1.csv,spoofing,6,0.8324915824915825,Challenge_S::Pre_train_S_1.csv::303::test,veh_00-w06,0,spoofing
71,strong_campaign,veh_00,Challenge_S,Pre_train_S_2.csv,spoofing,7,0.8699494949494949,Challenge_S::Pre_train_S_2.csv::370::test,veh_00-w07,0,spoofing
71,strong_campaign,veh_00,Challenge_S,Pre_train_S_2.csv,spoofing,8,0.9671717171717172,Challenge_S::Pre_train_S_2.csv::348::test,veh_00-w08,0,spoofing
71,strong_campaign,veh_00,Challenge_S,Pre_train_S_2.csv,spoofing,9,0.8762626262626263,Challenge_S::Pre_train_S_2.csv::478::test,veh_00-w09,0,spoofing
71,strong_campaign,veh_01,Challenge_S,Pre_train_S_2.csv,spoofing,0,0.882996632996633,Challenge_S::Pre_train_S_2.csv::330::test,veh_01-w00,0,spoofing
71,strong_campaign,veh_01,Challenge_S,Pre_train_S_2.csv,spoofing,1,0.9288720538720538,Challenge_S::Pre_train_S_2.csv::474::test,veh_01-w01,0,spoofing
71,strong_campaign,veh_01,Challenge_D,Pre_train_D_2.csv,spoofing,2,0.8345959595959596,Challenge_D::Pre_train_D_2.csv::502::test,veh_01-w02,0,spoofing
71,strong_campaign,veh_01,Challenge_D,Pre_train_D_2.csv,spoofing,3,0.8960437710437711,Challenge_D::Pre_train_D_2.csv::495::test,veh_01-w03,0,spoofing
71,strong_campaign,veh_01,Challenge_D,Pre_train_D_2.csv,spoofing,4,0.8274410774410774,Challenge_D::Pre_train_D_2.csv::404::test,veh_01-w04,0,spoofing
71,strong_campaign,veh_01,Challenge_D,Pre_train_D_1.csv,spoofing,5,0.9217171717171716,Challenge_D::Pre_train_D_1.csv::397::test,veh_01-w05,0,spoofing
71,strong_campaign,veh_01,Challenge_S,Pre_train_S_2.csv,spoofing,6,0.9553872053872052,Challenge_S::Pre_train_S_2.csv::451::test,veh_01-w06,0,spoofing
71,strong_campaign,veh_01,Challenge_S,Pre_train_S_2.csv,spoofing,7,0.813973063973064,Challenge_S::Pre_train_S_2.csv::521::test,veh_01-w07,0,spoofing
71,strong_campaign,veh_01,Challenge_S,Pre_train_S_2.csv,spoofing,8,0.970959595959596,Challenge_S::Pre_train_S_2.csv::377::test,veh_01-w08,0,spoofing
71,strong_campaign,veh_01,Challenge_S,Pre_train_S_2.csv,spoofing,9,0.9924242424242424,Challenge_S::Pre_train_S_2.csv::510::test,veh_01-w09,0,spoofing
71,strong_campaign,veh_02,Challenge_D,Pre_train_D_2.csv,spoofing,0,0.9957912457912458,Challenge_D::Pre_train_D_2.csv::440::test,veh_02-w00,0,spoofing
71,strong_campaign,veh_02,Challenge_S,Pre_train_S_1.csv,spoofing,1,0.8968855218855218,Challenge_S::Pre_train_S_1.csv::313::test,veh_02-w01,0,spoofing
71,strong_campaign,veh_02,Challenge_S,Pre_train_S_2.csv,spoofing,2,0.9865319865319864,Challenge_S::Pre_train_S_2.csv::350::test,veh_02-w02,0,spoofing
71,strong_campaign,veh_02,Challenge_S,Pre_train_S_2.csv,spoofing,3,0.9583333333333334,Challenge_S::Pre_train_S_2.csv::396::test,veh_02-w03,0,spoofing
71,strong_campaign,veh_02,Challenge_S,Pre_train_S_2.csv,spoofing,4,0.9583333333333334,Challenge_S::Pre_train_S_2.csv::383::test,veh_02-w04,0,spoofing
71,strong_campaign,veh_02,Challenge_S,Pre_train_S_2.csv,spoofing,5,0.9915824915824916,Challenge_S::Pre_train_S_2.csv::401::test,veh_02-w05,0,spoofing
71,strong_campaign,veh_02,Challenge_S,Pre_train_S_2.csv,spoofing,6,0.8754208754208754,Challenge_S::Pre_train_S_2.csv::496::test,veh_02-w06,0,spoofing
71,strong_campaign,veh_02,Challenge_D,Pre_train_D_2.csv,spoofing,7,0.8148148148148148,Challenge_D::Pre_train_D_2.csv::542::test,veh_02-w07,0,spoofing
71,strong_campaign,veh_02,Challenge_S,Pre_train_S_2.csv,spoofing,8,0.930976430976431,Challenge_S::Pre_train_S_2.csv::459::test,veh_02-w08,0,spoofing
71,strong_campaign,veh_02,Challenge_S,Pre_train_S_1.csv,spoofing,9,0.9772727272727272,Challenge_S::Pre_train_S_1.csv::424::test,veh_02-w09,0,spoofing
71,strong_campaign,veh_03,Challenge_S,Pre_train_S_2.csv,spoofing,0,0.9524410774410774,Challenge_S::Pre_train_S_2.csv::483::test,veh_03-w00,0,spoofing
71,strong_campaign,veh_03,Challenge_S,Pre_train_S_1.csv,spoofing,1,0.8956228956228957,Challenge_S::Pre_train_S_1.csv::427::test,veh_03-w01,0,spoofing
71,strong_campaign,veh_03,Challenge_D,Pre_train_D_2.csv,spoofing,2,0.8880471380471381,Challenge_D::Pre_train_D_2.csv::575::test,veh_03-w02,0,spoofing
71,strong_campaign,veh_03,Challenge_D,Pre_train_D_2.csv,spoofing,3,0.973905723905724,Challenge_D::Pre_train_D_2.csv::389::test,veh_03-w03,0,spoofing
71,strong_campaign,veh_03,Challenge_S,Pre_train_S_2.csv,spoofing,4,0.9865319865319864,Challenge_S::Pre_train_S_2.csv::513::test,veh_03-w04,0,spoofing
71,strong_campaign,veh_03,Challenge_S,Pre_train_S_2.csv,spoofing,5,0.9671717171717172,Challenge_S::Pre_train_S_2.csv::308::test,veh_03-w05,0,spoofing
71,strong_campaign,veh_03,Challenge_D,Pre_train_D_2.csv,spoofing,6,0.9831649831649832,Challenge_D::Pre_train_D_2.csv::470::test,veh_03-w06,0,spoofing
71,strong_campaign,veh_03,Challenge_D,Pre_train_D_2.csv,spoofing,7,0.8505892255892256,Challenge_D::Pre_train_D_2.csv::478::test,veh_03-w07,0,spoofing
71,strong_campaign,veh_03,Challenge_D,Pre_train_D_2.csv,spoofing,8,0.9848484848484848,Challenge_D::Pre_train_D_2.csv::428::test,veh_03-w08,0,spoofing
71,strong_campaign,veh_03,Challenge_S,Pre_train_S_2.csv,spoofing,9,0.8278619528619529,Challenge_S::Pre_train_S_2.csv::511::test,veh_03-w09,0,spoofing
71,strong_campaign,veh_04,Challenge_S,Pre_train_S_1.csv,spoofing,0,0.9558080808080808,Challenge_S::Pre_train_S_1.csv::309::test,veh_04-w00,0,spoofing
71,strong_campaign,veh_04,Challenge_S,Pre_train_S_2.csv,spoofing,1,0.925925925925926,Challenge_S::Pre_train_S_2.csv::467::test,veh_04-w01,0,spoofing
71,strong_campaign,veh_04,Challenge_S,Pre_train_S_2.csv,spoofing,2,0.9271885521885522,Challenge_S::Pre_train_S_2.csv::527::test,veh_04-w02,0,spoofing
71,strong_campaign,veh_04,Challenge_D,Pre_train_D_2.csv,spoofing,3,0.914983164983165,Challenge_D::Pre_train_D_2.csv::337::test,veh_04-w03,0,spoofing
71,strong_campaign,veh_04,Challenge_S,Pre_train_S_2.csv,spoofing,4,0.8821548821548821,Challenge_S::Pre_train_S_2.csv::364::test,veh_04-w04,0,spoofing
71,strong_campaign,veh_04,Challenge_S,Pre_train_S_1.csv,spoofing,5,0.9398148148148148,Challenge_S::Pre_train_S_1.csv::466::test,veh_04-w05,0,spoofing
71,strong_campaign,veh_04,Challenge_S,Pre_train_S_1.csv,spoofing,6,0.8228114478114478,Challenge_S::Pre_train_S_1.csv::409::test,veh_04-w06,0,spoofing
71,strong_campaign,veh_04,Challenge_S,Pre_train_S_2.csv,spoofing,7,0.9212962962962964,Challenge_S::Pre_train_S_2.csv::408::test,veh_04-w07,0,spoofing
71,strong_campaign,veh_04,Challenge_D,Pre_train_D_1.csv,spoofing,8,0.8960437710437711,Challenge_D::Pre_train_D_1.csv::461::test,veh_04-w08,0,spoofing
71,strong_campaign,veh_04,Challenge_D,Pre_train_D_2.csv,spoofing,9,0.8232323232323232,Challenge_D::Pre_train_D_2.csv::547::test,veh_04-w09,0,spoofing
71,weak_campaign,veh_00,Challenge_S,Pre_train_S_1.csv,spoofing,0,0.5732323232323232,Challenge_S::Pre_train_S_1.csv::574::test,veh_00-w00,0,spoofing
71,weak_campaign,veh_00,Challenge_S,Pre_train_S_1.csv,spoofing,1,0.6296296296296297,Challenge_S::Pre_train_S_1.csv::450::test,veh_00-w01,0,spoofing
71,weak_campaign,veh_00,Challenge_S,Pre_train_S_2.csv,spoofing,2,0.6881313131313131,Challenge_S::Pre_train_S_2.csv::470::test,veh_00-w02,0,spoofing
71,weak_campaign,veh_00,Challenge_S,Pre_train_S_1.csv,spoofing,3,0.5812289562289562,Challenge_S::Pre_train_S_1.csv::446::test,veh_00-w03,0,spoofing
71,weak_campaign,veh_00,Challenge_D,Pre_train_D_2.csv,spoofing,4,0.6856060606060606,Challenge_D::Pre_train_D_2.csv::357::test,veh_00-w04,0,spoofing
71,weak_campaign,veh_00,Challenge_D,Pre_train_D_1.csv,spoofing,5,0.6990740740740741,Challenge_D::Pre_train_D_1.csv::385::test,veh_00-w05,0,spoofing
71,weak_campaign,veh_00,Challenge_S,Pre_train_S_2.csv,spoofing,6,0.6801346801346801,Challenge_S::Pre_train_S_2.csv::393::test,veh_00-w06,0,spoofing
71,weak_campaign,veh_00,Challenge_D,Pre_train_D_2.csv,spoofing,7,0.7087542087542088,Challenge_D::Pre_train_D_2.csv::506::test,veh_00-w07,0,spoofing
71,weak_campaign,veh_00,Challenge_S,Pre_train_S_2.csv,spoofing,8,0.6868686868686869,Challenge_S::Pre_train_S_2.csv::475::test,veh_00-w08,0,spoofing
71,weak_campaign,veh_00,Challenge_S,Pre_train_S_2.csv,spoofing,9,0.7609427609427609,Challenge_S::Pre_train_S_2.csv::394::test,veh_00-w09,0,spoofing
71,weak_campaign,veh_01,Challenge_S,Pre_train_S_2.csv,spoofing,0,0.5732323232323232,Challenge_S::Pre_train_S_2.csv::476::test,veh_01-w00,0,spoofing
71,weak_campaign,veh_01,Challenge_S,Pre_train_S_1.csv,spoofing,1,0.7495791245791246,Challenge_S::Pre_train_S_1.csv::420::test,veh_01-w01,0,spoofing
71,weak_campaign,veh_01,Challenge_S,Pre_train_S_1.csv,spoofing,2,0.6254208754208754,Challenge_S::Pre_train_S_1.csv::463::test,veh_01-w02,0,spoofing
71,weak_campaign,veh_01,Challenge_S,Pre_train_S_2.csv,spoofing,3,0.6948653198653199,Challenge_S::Pre_train_S_2.csv::501::test,veh_01-w03,0,spoofing
71,weak_campaign,veh_01,Challenge_D,Pre_train_D_2.csv,spoofing,4,0.6346801346801347,Challenge_D::Pre_train_D_2.csv::429::test,veh_01-w04,0,spoofing
71,weak_campaign,veh_01,Challenge_S,Pre_train_S_1.csv,spoofing,5,0.6801346801346801,Challenge_S::Pre_train_S_1.csv::429::test,veh_01-w05,0,spoofing
71,weak_campaign,veh_01,Challenge_S,Pre_train_S_2.csv,spoofing,6,0.6759259259259259,Challenge_S::Pre_train_S_2.csv::514::test,veh_01-w06,0,spoofing
71,weak_campaign,veh_01,Challenge_S,Pre_train_S_2.csv,spoofing,7,0.6725589225589226,Challenge_S::Pre_train_S_2.csv::353::test,veh_01-w07,0,spoofing
71,weak_campaign,veh_01,Challenge_S,Pre_train_S_1.csv,spoofing,8,0.7272727272727273,Challenge_S::Pre_train_S_1.csv::582::test,veh_01-w08,0,spoofing
71,weak_campaign,veh_01,Challenge_S,Pre_train_S_2.csv,spoofing,9,0.7184343434343434,Challenge_S::Pre_train_S_2.csv::397::test,veh_01-w09,0,spoofing
71,weak_campaign,veh_02,Challenge_D,Pre_train_D_2.csv,spoofing,0,0.5635521885521886,Challenge_D::Pre_train_D_2.csv::411::test,veh_02-w00,0,spoofing
71,weak_campaign,veh_02,Challenge_D,Pre_train_D_2.csv,spoofing,1,0.6666666666666666,Challenge_D::Pre_train_D_2.csv::513::test,veh_02-w01,0,spoofing
71,weak_campaign,veh_02,Challenge_D,Pre_train_D_2.csv,spoofing,2,0.7495791245791246,Challenge_D::Pre_train_D_2.csv::543::test,veh_02-w02,0,spoofing
71,weak_campaign,veh_02,Challenge_S,Pre_train_S_1.csv,spoofing,3,0.6334175084175084,Challenge_S::Pre_train_S_1.csv::479::test,veh_02-w03,0,spoofing
71,weak_campaign,veh_02,Challenge_D,Pre_train_D_2.csv,spoofing,4,0.7984006734006734,Challenge_D::Pre_train_D_2.csv::540::test,veh_02-w04,0,spoofing
71,weak_campaign,veh_02,Challenge_D,Pre_train_D_1.csv,spoofing,5,0.7218013468013468,Challenge_D::Pre_train_D_1.csv::532::test,veh_02-w05,0,spoofing
71,weak_campaign,veh_02,Challenge_S,Pre_train_S_2.csv,spoofing,6,0.7571548821548821,Challenge_S::Pre_train_S_2.csv::347::test,veh_02-w06,0,spoofing
71,weak_campaign,veh_02,Challenge_S,Pre_train_S_2.csv,spoofing,7,0.7807239057239057,Challenge_S::Pre_train_S_2.csv::325::test,veh_02-w07,0,spoofing
71,weak_campaign,veh_02,Challenge_D,Pre_train_D_1.csv,spoofing,8,0.5635521885521886,Challenge_D::Pre_train_D_1.csv::501::test,veh_02-w08,0,spoofing
71,weak_campaign,veh_02,Challenge_D,Pre_train_D_1.csv,spoofing,9,0.6254208754208754,Challenge_D::Pre_train_D_1.csv::394::test,veh_02-w09,0,spoofing
71,weak_campaign,veh_03,Challenge_D,Pre_train_D_1.csv,spoofing,0,0.6388888888888888,Challenge_D::Pre_train_D_1.csv::411::test,veh_03-w00,0,spoofing
71,weak_campaign,veh_03,Challenge_D,Pre_train_D_2.csv,spoofing,1,0.6195286195286195,Challenge_D::Pre_train_D_2.csv::364::test,veh_03-w01,0,spoofing
71,weak_campaign,veh_03,Challenge_D,Pre_train_D_2.csv,spoofing,2,0.6498316498316499,Challenge_D::Pre_train_D_2.csv::560::test,veh_03-w02,0,spoofing
71,weak_campaign,veh_03,Challenge_S,Pre_train_S_2.csv,spoofing,3,0.6447811447811448,Challenge_S::Pre_train_S_2.csv::365::test,veh_03-w03,0,spoofing
71,weak_campaign,veh_03,Challenge_S,Pre_train_S_2.csv,spoofing,4,0.7247474747474747,Challenge_S::Pre_train_S_2.csv::326::test,veh_03-w04,0,spoofing
71,weak_campaign,veh_03,Challenge_D,Pre_train_D_2.csv,spoofing,5,0.640993265993266,Challenge_D::Pre_train_D_2.csv::423::test,veh_03-w05,0,spoofing
71,weak_campaign,veh_03,Challenge_S,Pre_train_S_1.csv,spoofing,6,0.680976430976431,Challenge_S::Pre_train_S_1.csv::360::test,veh_03-w06,0,spoofing
71,weak_campaign,veh_03,Challenge_D,Pre_train_D_2.csv,spoofing,7,0.7487373737373737,Challenge_D::Pre_train_D_2.csv::349::test,veh_03-w07,0,spoofing
71,weak_campaign,veh_03,Challenge_S,Pre_train_S_1.csv,spoofing,8,0.7861952861952862,Challenge_S::Pre_train_S_1.csv::356::test,veh_03-w08,0,spoofing
71,weak_campaign,veh_03,Challenge_S,Pre_train_S_1.csv,spoofing,9,0.6216329966329966,Challenge_S::Pre_train_S_1.csv::392::test,veh_03-w09,0,spoofing
71,weak_campaign,veh_04,Challenge_S,Pre_train_S_2.csv,spoofing,0,0.6094276094276094,Challenge_S::Pre_train_S_2.csv::423::test,veh_04-w00,0,spoofing
71,weak_campaign,veh_04,Challenge_D,Pre_train_D_2.csv,spoofing,1,0.6321548821548821,Challenge_D::Pre_train_D_2.csv::431::test,veh_04-w01,0,spoofing
71,weak_campaign,veh_04,Challenge_D,Pre_train_D_1.csv,spoofing,2,0.6620370370370371,Challenge_D::Pre_train_D_1.csv::460::test,veh_04-w02,0,spoofing
71,weak_campaign,veh_04,Challenge_D,Pre_train_D_2.csv,spoofing,3,0.6325757575757576,Challenge_D::Pre_train_D_2.csv::417::test,veh_04-w03,0,spoofing
71,weak_campaign,veh_04,Challenge_D,Pre_train_D_2.csv,spoofing,4,0.7756734006734006,Challenge_D::Pre_train_D_2.csv::346::test,veh_04-w04,0,spoofing
71,weak_campaign,veh_04,Challenge_S,Pre_train_S_2.csv,spoofing,5,0.6712962962962963,Challenge_S::Pre_train_S_2.csv::306::test,veh_04-w05,0,spoofing
71,weak_campaign,veh_04,Challenge_S,Pre_train_S_1.csv,spoofing,6,0.5563973063973064,Challenge_S::Pre_train_S_1.csv::464::test,veh_04-w06,0,spoofing
71,weak_campaign,veh_04,Challenge_S,Pre_train_S_2.csv,spoofing,7,0.6759259259259259,Challenge_S::Pre_train_S_2.csv::427::test,veh_04-w07,0,spoofing
71,weak_campaign,veh_04,Challenge_D,Pre_train_D_2.csv,spoofing,8,0.5744949494949495,Challenge_D::Pre_train_D_2.csv::402::test,veh_04-w08,0,spoofing
71,weak_campaign,veh_04,Challenge_S,Pre_train_S_1.csv,spoofing,9,0.6296296296296297,Challenge_S::Pre_train_S_1.csv::387::test,veh_04-w09,0,spoofing
83,strong_campaign,veh_00,Challenge_D,Pre_train_D_2.csv,spoofing,0,0.9444444444444444,Challenge_D::Pre_train_D_2.csv::505::test,veh_00-w00,0,spoofing
83,strong_campaign,veh_00,Challenge_S,Pre_train_S_2.csv,spoofing,1,0.9915824915824916,Challenge_S::Pre_train_S_2.csv::401::test,veh_00-w01,0,spoofing
83,strong_campaign,veh_00,Challenge_D,Pre_train_D_2.csv,spoofing,2,0.9642255892255892,Challenge_D::Pre_train_D_2.csv::536::test,veh_00-w02,0,spoofing
83,strong_campaign,veh_00,Challenge_S,Pre_train_S_2.csv,spoofing,3,0.9482323232323232,Challenge_S::Pre_train_S_2.csv::480::test,veh_00-w03,0,spoofing
83,strong_campaign,veh_00,Challenge_S,Pre_train_S_2.csv,spoofing,4,0.9865319865319864,Challenge_S::Pre_train_S_2.csv::350::test,veh_00-w04,0,spoofing
83,strong_campaign,veh_00,Challenge_D,Pre_train_D_1.csv,spoofing,5,0.901094276094276,Challenge_D::Pre_train_D_1.csv::359::test,veh_00-w05,0,spoofing
83,strong_campaign,veh_00,Challenge_D,Pre_train_D_2.csv,spoofing,6,0.9663299663299664,Challenge_D::Pre_train_D_2.csv::447::test,veh_00-w06,0,spoofing
83,strong_campaign,veh_00,Challenge_D,Pre_train_D_1.csv,spoofing,7,0.8034511784511784,Challenge_D::Pre_train_D_1.csv::481::test,veh_00-w07,0,spoofing
83,strong_campaign,veh_00,Challenge_D,Pre_train_D_2.csv,spoofing,8,0.8606902356902357,Challenge_D::Pre_train_D_2.csv::551::test,veh_00-w08,0,spoofing
83,strong_campaign,veh_00,Challenge_D,Pre_train_D_2.csv,spoofing,9,0.914141414141414,Challenge_D::Pre_train_D_2.csv::466::test,veh_00-w09,0,spoofing
83,strong_campaign,veh_01,Challenge_S,Pre_train_S_2.csv,spoofing,0,0.8762626262626263,Challenge_S::Pre_train_S_2.csv::478::test,veh_01-w00,0,spoofing
83,strong_campaign,veh_01,Challenge_D,Pre_train_D_2.csv,spoofing,1,0.906986531986532,Challenge_D::Pre_train_D_2.csv::524::test,veh_01-w01,0,spoofing
83,strong_campaign,veh_01,Challenge_S,Pre_train_S_2.csv,spoofing,2,0.9427609427609428,Challenge_S::Pre_train_S_2.csv::498::test,veh_01-w02,0,spoofing
83,strong_campaign,veh_01,Challenge_S,Pre_train_S_1.csv,spoofing,3,0.9343434343434344,Challenge_S::Pre_train_S_1.csv::552::test,veh_01-w03,0,spoofing
83,strong_campaign,veh_01,Challenge_S,Pre_train_S_2.csv,spoofing,4,0.8278619528619529,Challenge_S::Pre_train_S_2.csv::486::test,veh_01-w04,0,spoofing
83,strong_campaign,veh_01,Challenge_S,Pre_train_S_2.csv,spoofing,5,0.8712121212121212,Challenge_S::Pre_train_S_2.csv::300::test,veh_01-w05,0,spoofing
83,strong_campaign,veh_01,Challenge_S,Pre_train_S_2.csv,spoofing,6,0.86489898989899,Challenge_S::Pre_train_S_2.csv::430::test,veh_01-w06,0,spoofing
83,strong_campaign,veh_01,Challenge_D,Pre_train_D_2.csv,spoofing,7,0.9831649831649832,Challenge_D::Pre_train_D_2.csv::470::test,veh_01-w07,0,spoofing
83,strong_campaign,veh_01,Challenge_S,Pre_train_S_2.csv,spoofing,8,0.9865319865319864,Challenge_S::Pre_train_S_2.csv::530::test,veh_01-w08,0,spoofing
83,strong_campaign,veh_01,Challenge_D,Pre_train_D_2.csv,spoofing,9,0.941919191919192,Challenge_D::Pre_train_D_2.csv::455::test,veh_01-w09,0,spoofing
83,strong_campaign,veh_02,Challenge_S,Pre_train_S_2.csv,spoofing,0,0.8042929292929293,Challenge_S::Pre_train_S_2.csv::439::test,veh_02-w00,0,spoofing
83,strong_campaign,veh_02,Challenge_S,Pre_train_S_2.csv,spoofing,1,0.9019360269360268,Challenge_S::Pre_train_S_2.csv::390::test,veh_02-w01,0,spoofing
83,strong_campaign,veh_02,Challenge_D,Pre_train_D_2.csv,spoofing,2,0.8211279461279462,Challenge_D::Pre_train_D_2.csv::498::test,veh_02-w02,0,spoofing
83,strong_campaign,veh_02,Challenge_D,Pre_train_D_2.csv,spoofing,3,0.8573232323232324,Challenge_D::Pre_train_D_2.csv::332::test,veh_02-w03,0,spoofing
83,strong_campaign,veh_02,Challenge_S,Pre_train_S_2.csv,spoofing,4,0.9566498316498316,Challenge_S::Pre_train_S_2.csv::302::test,veh_02-w04,0,spoofing
83,strong_campaign,veh_02,Challenge_S,Pre_train_S_2.csv,spoofing,5,0.9271885521885522,Challenge_S::Pre_train_S_2.csv::527::test,veh_02-w05,0,spoofing
83,strong_campaign,veh_02,Challenge_D,Pre_train_D_2.csv,spoofing,6,0.877104377104377,Challenge_D::Pre_train_D_2.csv::566::test,veh_02-w06,0,spoofing
83,strong_campaign,veh_02,Challenge_D,Pre_train_D_2.csv,spoofing,7,0.8345959595959596,Challenge_D::Pre_train_D_2.csv::502::test,veh_02-w07,0,spoofing
83,strong_campaign,veh_02,Challenge_S,Pre_train_S_2.csv,spoofing,8,0.8821548821548821,Challenge_S::Pre_train_S_2.csv::364::test,veh_02-w08,0,spoofing
83,strong_campaign,veh_02,Challenge_S,Pre_train_S_2.csv,spoofing,9,0.9398148148148148,Challenge_S::Pre_train_S_2.csv::398::test,veh_02-w09,0,spoofing
83,strong_campaign,veh_03,Challenge_S,Pre_train_S_2.csv,spoofing,0,0.9743265993265994,Challenge_S::Pre_train_S_2.csv::522::test,veh_03-w00,0,spoofing
83,strong_campaign,veh_03,Challenge_S,Pre_train_S_2.csv,spoofing,1,0.8758417508417509,Challenge_S::Pre_train_S_2.csv::385::test,veh_03-w01,0,spoofing
83,strong_campaign,veh_03,Challenge_D,Pre_train_D_2.csv,spoofing,2,0.8968855218855218,Challenge_D::Pre_train_D_2.csv::550::test,veh_03-w02,0,spoofing
83,strong_campaign,veh_03,Challenge_S,Pre_train_S_2.csv,spoofing,3,0.8855218855218855,Challenge_S::Pre_train_S_2.csv::379::test,veh_03-w03,0,spoofing
83,strong_campaign,veh_03,Challenge_S,Pre_train_S_2.csv,spoofing,4,0.8177609427609428,Challenge_S::Pre_train_S_2.csv::526::test,veh_03-w04,0,spoofing
83,strong_campaign,veh_03,Challenge_S,Pre_train_S_1.csv,spoofing,5,0.8615319865319865,Challenge_S::Pre_train_S_1.csv::357::test,veh_03-w05,0,spoofing
83,strong_campaign,veh_03,Challenge_S,Pre_train_S_1.csv,spoofing,6,0.8261784511784511,Challenge_S::Pre_train_S_1.csv::341::test,veh_03-w06,0,spoofing
83,strong_campaign,veh_03,Challenge_S,Pre_train_S_1.csv,spoofing,7,0.8956228956228957,Challenge_S::Pre_train_S_1.csv::427::test,veh_03-w07,0,spoofing
83,strong_campaign,veh_03,Challenge_S,Pre_train_S_2.csv,spoofing,8,0.9385521885521886,Challenge_S::Pre_train_S_2.csv::414::test,veh_03-w08,0,spoofing
83,strong_campaign,veh_03,Challenge_S,Pre_train_S_2.csv,spoofing,9,0.8211279461279462,Challenge_S::Pre_train_S_2.csv::433::test,veh_03-w09,0,spoofing
83,strong_campaign,veh_04,Challenge_S,Pre_train_S_2.csv,spoofing,0,0.8686868686868687,Challenge_S::Pre_train_S_2.csv::491::test,veh_04-w00,0,spoofing
83,strong_campaign,veh_04,Challenge_S,Pre_train_S_2.csv,spoofing,1,0.8762626262626263,Challenge_S::Pre_train_S_2.csv::507::test,veh_04-w01,0,spoofing
83,strong_campaign,veh_04,Challenge_D,Pre_train_D_2.csv,spoofing,2,0.9225589225589226,Challenge_D::Pre_train_D_2.csv::341::test,veh_04-w02,0,spoofing
83,strong_campaign,veh_04,Challenge_S,Pre_train_S_1.csv,spoofing,3,0.9431818181818182,Challenge_S::Pre_train_S_1.csv::447::test,veh_04-w03,0,spoofing
83,strong_campaign,veh_04,Challenge_D,Pre_train_D_2.csv,spoofing,4,0.8127104377104377,Challenge_D::Pre_train_D_2.csv::516::test,veh_04-w04,0,spoofing
83,strong_campaign,veh_04,Challenge_D,Pre_train_D_2.csv,spoofing,5,0.9806397306397306,Challenge_D::Pre_train_D_2.csv::521::test,veh_04-w05,0,spoofing
83,strong_campaign,veh_04,Challenge_D,Pre_train_D_2.csv,spoofing,6,0.8324915824915825,Challenge_D::Pre_train_D_2.csv::438::test,veh_04-w06,0,spoofing
83,strong_campaign,veh_04,Challenge_S,Pre_train_S_2.csv,spoofing,7,0.906986531986532,Challenge_S::Pre_train_S_2.csv::392::test,veh_04-w07,0,spoofing
83,strong_campaign,veh_04,Challenge_S,Pre_train_S_2.csv,spoofing,8,0.8863636363636364,Challenge_S::Pre_train_S_2.csv::472::test,veh_04-w08,0,spoofing
83,strong_campaign,veh_04,Challenge_D,Pre_train_D_2.csv,spoofing,9,0.9398148148148148,Challenge_D::Pre_train_D_2.csv::446::test,veh_04-w09,0,spoofing
83,weak_campaign,veh_00,Challenge_S,Pre_train_S_2.csv,spoofing,0,0.7807239057239057,Challenge_S::Pre_train_S_2.csv::325::test,veh_00-w00,0,spoofing
83,weak_campaign,veh_00,Challenge_S,Pre_train_S_1.csv,spoofing,1,0.7028619528619529,Challenge_S::Pre_train_S_1.csv::468::test,veh_00-w01,0,spoofing
83,weak_campaign,veh_00,Challenge_D,Pre_train_D_2.csv,spoofing,2,0.7992424242424242,Challenge_D::Pre_train_D_2.csv::482::test,veh_00-w02,0,spoofing
83,weak_campaign,veh_00,Challenge_D,Pre_train_D_2.csv,spoofing,3,0.7756734006734006,Challenge_D::Pre_train_D_2.csv::346::test,veh_00-w03,0,spoofing
83,weak_campaign,veh_00,Challenge_D,Pre_train_D_2.csv,spoofing,4,0.585016835016835,Challenge_D::Pre_train_D_2.csv::331::test,veh_00-w04,0,spoofing
83,weak_campaign,veh_00,Challenge_S,Pre_train_S_2.csv,spoofing,5,0.6759259259259259,Challenge_S::Pre_train_S_2.csv::514::test,veh_00-w05,0,spoofing
83,weak_campaign,veh_00,Challenge_D,Pre_train_D_2.csv,spoofing,6,0.5862794612794613,Challenge_D::Pre_train_D_2.csv::409::test,veh_00-w06,0,spoofing
83,weak_campaign,veh_00,Challenge_S,Pre_train_S_1.csv,spoofing,7,0.7255892255892256,Challenge_S::Pre_train_S_1.csv::496::test,veh_00-w07,0,spoofing
83,weak_campaign,veh_00,Challenge_D,Pre_train_D_1.csv,spoofing,8,0.5858585858585859,Challenge_D::Pre_train_D_1.csv::393::test,veh_00-w08,0,spoofing
83,weak_campaign,veh_00,Challenge_D,Pre_train_D_1.csv,spoofing,9,0.6102693602693603,Challenge_D::Pre_train_D_1.csv::522::test,veh_00-w09,0,spoofing
83,weak_campaign,veh_01,Challenge_S,Pre_train_S_2.csv,spoofing,0,0.686026936026936,Challenge_S::Pre_train_S_2.csv::332::test,veh_01-w00,0,spoofing
83,weak_campaign,veh_01,Challenge_D,Pre_train_D_2.csv,spoofing,1,0.6325757575757576,Challenge_D::Pre_train_D_2.csv::417::test,veh_01-w01,0,spoofing
83,weak_campaign,veh_01,Challenge_S,Pre_train_S_2.csv,spoofing,2,0.6586700336700336,Challenge_S::Pre_train_S_2.csv::436::test,veh_01-w02,0,spoofing
83,weak_campaign,veh_01,Challenge_D,Pre_train_D_1.csv,spoofing,3,0.7647306397306397,Challenge_D::Pre_train_D_1.csv::382::test,veh_01-w03,0,spoofing
83,weak_campaign,veh_01,Challenge_D,Pre_train_D_1.csv,spoofing,4,0.5513468013468014,Challenge_D::Pre_train_D_1.csv::587::test,veh_01-w04,0,spoofing
83,weak_campaign,veh_01,Challenge_S,Pre_train_S_2.csv,spoofing,5,0.6161616161616161,Challenge_S::Pre_train_S_2.csv::381::test,veh_01-w05,0,spoofing
83,weak_campaign,veh_01,Challenge_D,Pre_train_D_1.csv,spoofing,6,0.6498316498316499,Challenge_D::Pre_train_D_1.csv::309::test,veh_01-w06,0,spoofing
83,weak_campaign,veh_01,Challenge_S,Pre_train_S_1.csv,spoofing,7,0.7167508417508418,Challenge_S::Pre_train_S_1.csv::361::test,veh_01-w07,0,spoofing
83,weak_campaign,veh_01,Challenge_S,Pre_train_S_2.csv,spoofing,8,0.6868686868686869,Challenge_S::Pre_train_S_2.csv::368::test,veh_01-w08,0,spoofing
83,weak_campaign,veh_01,Challenge_S,Pre_train_S_2.csv,spoofing,9,0.7609427609427609,Challenge_S::Pre_train_S_2.csv::394::test,veh_01-w09,0,spoofing
83,weak_campaign,veh_02,Challenge_D,Pre_train_D_1.csv,spoofing,0,0.7777777777777778,Challenge_D::Pre_train_D_1.csv::455::test,veh_02-w00,0,spoofing
83,weak_campaign,veh_02,Challenge_D,Pre_train_D_2.csv,spoofing,1,0.6763468013468014,Challenge_D::Pre_train_D_2.csv::507::test,veh_02-w01,0,spoofing
83,weak_campaign,veh_02,Challenge_D,Pre_train_D_2.csv,spoofing,2,0.6498316498316499,Challenge_D::Pre_train_D_2.csv::561::test,veh_02-w02,0,spoofing
83,weak_campaign,veh_02,Challenge_D,Pre_train_D_1.csv,spoofing,3,0.7352693602693603,Challenge_D::Pre_train_D_1.csv::528::test,veh_02-w03,0,spoofing
83,weak_campaign,veh_02,Challenge_D,Pre_train_D_2.csv,spoofing,4,0.5744949494949495,Challenge_D::Pre_train_D_2.csv::402::test,veh_02-w04,0,spoofing
83,weak_campaign,veh_02,Challenge_S,Pre_train_S_2.csv,spoofing,5,0.6725589225589226,Challenge_S::Pre_train_S_2.csv::353::test,veh_02-w05,0,spoofing
83,weak_campaign,veh_02,Challenge_D,Pre_train_D_1.csv,spoofing,6,0.696969696969697,Challenge_D::Pre_train_D_1.csv::558::test,veh_02-w06,0,spoofing
83,weak_campaign,veh_02,Challenge_D,Pre_train_D_1.csv,spoofing,7,0.7087542087542088,Challenge_D::Pre_train_D_1.csv::376::test,veh_02-w07,0,spoofing
83,weak_campaign,veh_02,Challenge_S,Pre_train_S_1.csv,spoofing,8,0.5808080808080808,Challenge_S::Pre_train_S_1.csv::531::test,veh_02-w08,0,spoofing
83,weak_campaign,veh_02,Challenge_S,Pre_train_S_1.csv,spoofing,9,0.7255892255892256,Challenge_S::Pre_train_S_1.csv::444::test,veh_02-w09,0,spoofing
83,weak_campaign,veh_03,Challenge_D,Pre_train_D_1.csv,spoofing,0,0.6136363636363636,Challenge_D::Pre_train_D_1.csv::579::test,veh_03-w00,0,spoofing
83,weak_campaign,veh_03,Challenge_D,Pre_train_D_2.csv,spoofing,1,0.7264309764309764,Challenge_D::Pre_train_D_2.csv::571::test,veh_03-w01,0,spoofing
83,weak_campaign,veh_03,Challenge_S,Pre_train_S_1.csv,spoofing,2,0.6018518518518519,Challenge_S::Pre_train_S_1.csv::321::test,veh_03-w02,0,spoofing
83,weak_campaign,veh_03,Challenge_D,Pre_train_D_2.csv,spoofing,3,0.6119528619528619,Challenge_D::Pre_train_D_2.csv::434::test,veh_03-w03,0,spoofing
83,weak_campaign,veh_03,Challenge_D,Pre_train_D_1.csv,spoofing,4,0.7592592592592593,Challenge_D::Pre_train_D_1.csv::490::test,veh_03-w04,0,spoofing
83,weak_campaign,veh_03,Challenge_S,Pre_train_S_2.csv,spoofing,5,0.7605218855218855,Challenge_S::Pre_train_S_2.csv::495::test,veh_03-w05,0,spoofing
83,weak_campaign,veh_03,Challenge_S,Pre_train_S_2.csv,spoofing,6,0.6948653198653199,Challenge_S::Pre_train_S_2.csv::501::test,veh_03-w06,0,spoofing
83,weak_campaign,veh_03,Challenge_S,Pre_train_S_1.csv,spoofing,7,0.5946969696969697,Challenge_S::Pre_train_S_1.csv::423::test,veh_03-w07,0,spoofing
83,weak_campaign,veh_03,Challenge_D,Pre_train_D_1.csv,spoofing,8,0.5858585858585859,Challenge_D::Pre_train_D_1.csv::548::test,veh_03-w08,0,spoofing
83,weak_campaign,veh_03,Challenge_S,Pre_train_S_2.csv,spoofing,9,0.6527777777777778,Challenge_S::Pre_train_S_2.csv::444::test,veh_03-w09,0,spoofing
83,weak_campaign,veh_04,Challenge_D,Pre_train_D_1.csv,spoofing,0,0.6254208754208754,Challenge_D::Pre_train_D_1.csv::394::test,veh_04-w00,0,spoofing
83,weak_campaign,veh_04,Challenge_S,Pre_train_S_1.csv,spoofing,1,0.734006734006734,Challenge_S::Pre_train_S_1.csv::572::test,veh_04-w01,0,spoofing
83,weak_campaign,veh_04,Challenge_D,Pre_train_D_1.csv,spoofing,2,0.6990740740740741,Challenge_D::Pre_train_D_1.csv::385::test,veh_04-w02,0,spoofing
83,weak_campaign,veh_04,Challenge_S,Pre_train_S_2.csv,spoofing,3,0.6565656565656566,Challenge_S::Pre_train_S_2.csv::464::test,veh_04-w03,0,spoofing
83,weak_campaign,veh_04,Challenge_S,Pre_train_S_1.csv,spoofing,4,0.6565656565656566,Challenge_S::Pre_train_S_1.csv::534::test,veh_04-w04,0,spoofing
83,weak_campaign,veh_04,Challenge_D,Pre_train_D_2.csv,spoofing,5,0.75,Challenge_D::Pre_train_D_2.csv::334::test,veh_04-w05,0,spoofing
83,weak_campaign,veh_04,Challenge_S,Pre_train_S_2.csv,spoofing,6,0.6801346801346801,Challenge_S::Pre_train_S_2.csv::349::test,veh_04-w06,0,spoofing
83,weak_campaign,veh_04,Challenge_S,Pre_train_S_2.csv,spoofing,7,0.7184343434343434,Challenge_S::Pre_train_S_2.csv::397::test,veh_04-w07,0,spoofing
83,weak_campaign,veh_04,Challenge_D,Pre_train_D_2.csv,spoofing,8,0.7609427609427609,Challenge_D::Pre_train_D_2.csv::390::test,veh_04-w08,0,spoofing
83,weak_campaign,veh_04,Challenge_D,Pre_train_D_2.csv,spoofing,9,0.6195286195286195,Challenge_D::Pre_train_D_2.csv::364::test,veh_04-w09,0,spoofing
97,strong_campaign,veh_00,OCSLab_Car,Fuzzy_dataset.csv,fuzzy,0,0.9772634997969956,OCSLab_Car::Fuzzy_dataset.csv::13::test,veh_00-w00,0,fuzzy
97,strong_campaign,veh_00,OCSLab_Car,Fuzzy_dataset.csv,fuzzy,1,1.0,OCSLab_Car::Fuzzy_dataset.csv::633::test,veh_00-w01,0,fuzzy
97,strong_campaign,veh_00,OCSLab_Car,Fuzzy_dataset.csv,fuzzy,2,1.0,OCSLab_Car::Fuzzy_dataset.csv::515::test,veh_00-w02,0,fuzzy
97,strong_campaign,veh_00,OCSLab_Car,Fuzzy_dataset.csv,fuzzy,3,1.0,OCSLab_Car::Fuzzy_dataset.csv::14::test,veh_00-w03,0,fuzzy
97,strong_campaign,veh_00,OCSLab_Car,Fuzzy_dataset.csv,fuzzy,4,1.0,OCSLab_Car::Fuzzy_dataset.csv::18::test,veh_00-w04,0,fuzzy
97,strong_campaign,veh_00,OCSLab_Car,Fuzzy_dataset.csv,fuzzy,5,1.0,OCSLab_Car::Fuzzy_dataset.csv::673::test,veh_00-w05,0,fuzzy
97,strong_campaign,veh_00,OCSLab_Car,Fuzzy_dataset.csv,fuzzy,6,1.0,OCSLab_Car::Fuzzy_dataset.csv::34::test,veh_00-w06,0,fuzzy
97,strong_campaign,veh_00,OCSLab_Car,Fuzzy_dataset.csv,fuzzy,7,1.0,OCSLab_Car::Fuzzy_dataset.csv::337::test,veh_00-w07,0,fuzzy
97,strong_campaign,veh_00,OCSLab_Car,Fuzzy_dataset.csv,fuzzy,8,1.0,OCSLab_Car::Fuzzy_dataset.csv::715::test,veh_00-w08,0,fuzzy
97,strong_campaign,veh_00,OCSLab_Car,Fuzzy_dataset.csv,fuzzy,9,1.0,OCSLab_Car::Fuzzy_dataset.csv::704::test,veh_00-w09,0,fuzzy
97,strong_campaign,veh_01,OCSLab_Car,Fuzzy_dataset.csv,fuzzy,0,1.0,OCSLab_Car::Fuzzy_dataset.csv::680::test,veh_01-w00,0,fuzzy
97,strong_campaign,veh_01,OCSLab_Car,Fuzzy_dataset.csv,fuzzy,1,1.0,OCSLab_Car::Fuzzy_dataset.csv::714::test,veh_01-w01,0,fuzzy
97,strong_campaign,veh_01,OCSLab_Car,Fuzzy_dataset.csv,fuzzy,2,1.0,OCSLab_Car::Fuzzy_dataset.csv::603::test,veh_01-w02,0,fuzzy
97,strong_campaign,veh_01,OCSLab_Car,Fuzzy_dataset.csv,fuzzy,3,1.0,OCSLab_Car::Fuzzy_dataset.csv::315::test,veh_01-w03,0,fuzzy
97,strong_campaign,veh_01,OCSLab_Car,Fuzzy_dataset.csv,fuzzy,4,1.0,OCSLab_Car::Fuzzy_dataset.csv::158::test,veh_01-w04,0,fuzzy
97,strong_campaign,veh_01,OCSLab_Car,Fuzzy_dataset.csv,fuzzy,5,1.0,OCSLab_Car::Fuzzy_dataset.csv::511::test,veh_01-w05,0,fuzzy
97,strong_campaign,veh_01,OCSLab_Car,Fuzzy_dataset.csv,fuzzy,6,1.0,OCSLab_Car::Fuzzy_dataset.csv::501::test,veh_01-w06,0,fuzzy
97,strong_campaign,veh_01,OCSLab_Car,Fuzzy_dataset.csv,fuzzy,7,1.0,OCSLab_Car::Fuzzy_dataset.csv::636::test,veh_01-w07,0,fuzzy
97,strong_campaign,veh_01,OCSLab_Car,Fuzzy_dataset.csv,fuzzy,8,1.0,OCSLab_Car::Fuzzy_dataset.csv::347::test,veh_01-w08,0,fuzzy
97,strong_campaign,veh_01,OCSLab_Car,Fuzzy_dataset.csv,fuzzy,9,1.0,OCSLab_Car::Fuzzy_dataset.csv::22::test,veh_01-w09,0,fuzzy
97,strong_campaign,veh_02,OCSLab_Car,Fuzzy_dataset.csv,fuzzy,0,1.0,OCSLab_Car::Fuzzy_dataset.csv::675::test,veh_02-w00,0,fuzzy
97,strong_campaign,veh_02,OCSLab_Car,Fuzzy_dataset.csv,fuzzy,1,1.0,OCSLab_Car::Fuzzy_dataset.csv::165::test,veh_02-w01,0,fuzzy
97,strong_campaign,veh_02,OCSLab_Car,Fuzzy_dataset.csv,fuzzy,2,1.0,OCSLab_Car::Fuzzy_dataset.csv::495::test,veh_02-w02,0,fuzzy
97,strong_campaign,veh_02,OCSLab_Car,Fuzzy_dataset.csv,fuzzy,3,1.0,OCSLab_Car::Fuzzy_dataset.csv::37::test,veh_02-w03,0,fuzzy
97,strong_campaign,veh_02,OCSLab_Car,Fuzzy_dataset.csv,fuzzy,4,1.0,OCSLab_Car::Fuzzy_dataset.csv::500::test,veh_02-w04,0,fuzzy
97,strong_campaign,veh_02,OCSLab_Car,Fuzzy_dataset.csv,fuzzy,5,1.0,OCSLab_Car::Fuzzy_dataset.csv::744::test,veh_02-w05,0,fuzzy
97,strong_campaign,veh_02,OCSLab_Car,Fuzzy_dataset.csv,fuzzy,6,1.0,OCSLab_Car::Fuzzy_dataset.csv::42::test,veh_02-w06,0,fuzzy
97,strong_campaign,veh_02,OCSLab_Car,Fuzzy_dataset.csv,fuzzy,7,1.0,OCSLab_Car::Fuzzy_dataset.csv::333::test,veh_02-w07,0,fuzzy
97,strong_campaign,veh_02,OCSLab_Car,Fuzzy_dataset.csv,fuzzy,8,1.0,OCSLab_Car::Fuzzy_dataset.csv::322::test,veh_02-w08,0,fuzzy
97,strong_campaign,veh_02,OCSLab_Car,Fuzzy_dataset.csv,fuzzy,9,1.0,OCSLab_Car::Fuzzy_dataset.csv::679::test,veh_02-w09,0,fuzzy
97,strong_campaign,veh_03,OCSLab_Car,Fuzzy_dataset.csv,fuzzy,0,1.0,OCSLab_Car::Fuzzy_dataset.csv::159::test,veh_03-w00,0,fuzzy
97,strong_campaign,veh_03,OCSLab_Car,Fuzzy_dataset.csv,fuzzy,1,1.0,OCSLab_Car::Fuzzy_dataset.csv::671::test,veh_03-w01,0,fuzzy
97,strong_campaign,veh_03,OCSLab_Car,Fuzzy_dataset.csv,fuzzy,2,1.0,OCSLab_Car::Fuzzy_dataset.csv::740::test,veh_03-w02,0,fuzzy
97,strong_campaign,veh_03,OCSLab_Car,Fuzzy_dataset.csv,fuzzy,3,1.0,OCSLab_Car::Fuzzy_dataset.csv::708::test,veh_03-w03,0,fuzzy
97,strong_campaign,veh_03,OCSLab_Car,Fuzzy_dataset.csv,fuzzy,4,1.0,OCSLab_Car::Fuzzy_dataset.csv::746::test,veh_03-w04,0,fuzzy
97,strong_campaign,veh_03,OCSLab_Car,Fuzzy_dataset.csv,fuzzy,5,1.0,OCSLab_Car::Fuzzy_dataset.csv::314::test,veh_03-w05,0,fuzzy
97,strong_campaign,veh_03,OCSLab_Car,Fuzzy_dataset.csv,fuzzy,6,1.0,OCSLab_Car::Fuzzy_dataset.csv::739::test,veh_03-w06,0,fuzzy
97,strong_campaign,veh_03,OCSLab_Car,Fuzzy_dataset.csv,fuzzy,7,1.0,OCSLab_Car::Fuzzy_dataset.csv::661::test,veh_03-w07,0,fuzzy
97,strong_campaign,veh_03,OCSLab_Car,Fuzzy_dataset.csv,fuzzy,8,1.0,OCSLab_Car::Fuzzy_dataset.csv::701::test,veh_03-w08,0,fuzzy
97,strong_campaign,veh_03,OCSLab_Car,Fuzzy_dataset.csv,fuzzy,9,1.0,OCSLab_Car::Fuzzy_dataset.csv::488::test,veh_03-w09,0,fuzzy
97,strong_campaign,veh_04,OCSLab_Car,Fuzzy_dataset.csv,fuzzy,0,1.0,OCSLab_Car::Fuzzy_dataset.csv::609::test,veh_04-w00,0,fuzzy
97,strong_campaign,veh_04,OCSLab_Car,Fuzzy_dataset.csv,fuzzy,1,1.0,OCSLab_Car::Fuzzy_dataset.csv::38::test,veh_04-w01,0,fuzzy
97,strong_campaign,veh_04,OCSLab_Car,Fuzzy_dataset.csv,fuzzy,2,1.0,OCSLab_Car::Fuzzy_dataset.csv::508::test,veh_04-w02,0,fuzzy
97,strong_campaign,veh_04,OCSLab_Car,Fuzzy_dataset.csv,fuzzy,3,1.0,OCSLab_Car::Fuzzy_dataset.csv::485::test,veh_04-w03,0,fuzzy
97,strong_campaign,veh_04,OCSLab_Car,Fuzzy_dataset.csv,fuzzy,4,1.0,OCSLab_Car::Fuzzy_dataset.csv::659::test,veh_04-w04,0,fuzzy
97,strong_campaign,veh_04,OCSLab_Car,Fuzzy_dataset.csv,fuzzy,5,1.0,OCSLab_Car::Fuzzy_dataset.csv::331::test,veh_04-w05,0,fuzzy
97,strong_campaign,veh_04,OCSLab_Car,Fuzzy_dataset.csv,fuzzy,6,1.0,OCSLab_Car::Fuzzy_dataset.csv::155::test,veh_04-w06,0,fuzzy
97,strong_campaign,veh_04,OCSLab_Car,Fuzzy_dataset.csv,fuzzy,7,1.0,OCSLab_Car::Fuzzy_dataset.csv::319::test,veh_04-w07,0,fuzzy
97,strong_campaign,veh_04,OCSLab_Car,Fuzzy_dataset.csv,fuzzy,8,1.0,OCSLab_Car::Fuzzy_dataset.csv::47::test,veh_04-w08,0,fuzzy
97,strong_campaign,veh_04,OCSLab_Car,Fuzzy_dataset.csv,fuzzy,9,1.0,OCSLab_Car::Fuzzy_dataset.csv::160::test,veh_04-w09,0,fuzzy
97,weak_campaign,veh_00,Challenge_S,Pre_train_S_1.csv,replay,0,0.5883838383838383,Challenge_S::Pre_train_S_1.csv::600::test,veh_00-w00,0,replay
97,weak_campaign,veh_00,Challenge_D,Pre_train_D_1.csv,replay,1,0.6506734006734006,Challenge_D::Pre_train_D_1.csv::660::test,veh_00-w01,0,replay
97,weak_campaign,veh_00,Challenge_D,Pre_train_D_1.csv,replay,2,0.6565656565656566,Challenge_D::Pre_train_D_1.csv::763::test,veh_00-w02,0,replay
97,weak_campaign,veh_00,Challenge_D,Pre_train_D_1.csv,replay,3,0.7432659932659933,Challenge_D::Pre_train_D_1.csv::787::test,veh_00-w03,0,replay
97,weak_campaign,veh_00,Challenge_S,Pre_train_S_1.csv,replay,4,0.7781986531986532,Challenge_S::Pre_train_S_1.csv::689::test,veh_00-w04,0,replay
97,weak_campaign,veh_00,Challenge_S,Pre_train_S_1.csv,replay,5,0.7786195286195287,Challenge_S::Pre_train_S_1.csv::690::test,veh_00-w05,0,replay
97,weak_campaign,veh_00,Challenge_D,Pre_train_D_1.csv,replay,6,0.7752525252525253,Challenge_D::Pre_train_D_1.csv::646::test,veh_00-w06,0,replay
97,weak_campaign,veh_00,Challenge_D,Pre_train_D_1.csv,replay,7,0.6944444444444444,Challenge_D::Pre_train_D_1.csv::645::test,veh_00-w07,0,replay
97,weak_campaign,veh_00,Challenge_D,Pre_train_D_1.csv,replay,8,0.773989898989899,Challenge_D::Pre_train_D_1.csv::726::test,veh_00-w08,0,replay
97,weak_campaign,veh_00,Challenge_D,Pre_train_D_1.csv,replay,9,0.6485690235690236,Challenge_D::Pre_train_D_1.csv::640::test,veh_00-w09,0,replay
97,weak_campaign,veh_01,Challenge_D,Pre_train_D_1.csv,replay,0,0.7756734006734006,Challenge_D::Pre_train_D_1.csv::635::test,veh_01-w00,0,replay
97,weak_campaign,veh_01,Challenge_D,Pre_train_D_1.csv,replay,1,0.6443602693602694,Challenge_D::Pre_train_D_1.csv::778::test,veh_01-w01,0,replay
97,weak_campaign,veh_01,Challenge_S,Pre_train_S_1.csv,replay,2,0.6435185185185185,Challenge_S::Pre_train_S_1.csv::607::test,veh_01-w02,0,replay
97,weak_campaign,veh_01,Challenge_S,Pre_train_S_1.csv,replay,3,0.7962962962962963,Challenge_S::Pre_train_S_1.csv::695::test,veh_01-w03,0,replay
97,weak_campaign,veh_01,Challenge_D,Pre_train_D_1.csv,replay,4,0.7066498316498316,Challenge_D::Pre_train_D_1.csv::691::test,veh_01-w04,0,replay
97,weak_campaign,veh_01,Challenge_D,Pre_train_D_1.csv,replay,5,0.5820707070707071,Challenge_D::Pre_train_D_1.csv::612::test,veh_01-w05,0,replay
97,weak_campaign,veh_01,Challenge_D,Pre_train_D_1.csv,replay,6,0.6851851851851852,Challenge_D::Pre_train_D_1.csv::709::test,veh_01-w06,0,replay
97,weak_campaign,veh_01,Challenge_D,Pre_train_D_1.csv,replay,7,0.7243265993265994,Challenge_D::Pre_train_D_1.csv::623::test,veh_01-w07,0,replay
97,weak_campaign,veh_01,Challenge_D,Pre_train_D_1.csv,replay,8,0.7230639730639731,Challenge_D::Pre_train_D_1.csv::605::test,veh_01-w08,0,replay
97,weak_campaign,veh_01,Challenge_D,Pre_train_D_1.csv,replay,9,0.6603535353535354,Challenge_D::Pre_train_D_1.csv::648::test,veh_01-w09,0,replay
97,weak_campaign,veh_02,Challenge_D,Pre_train_D_1.csv,replay,0,0.6321548821548821,Challenge_D::Pre_train_D_1.csv::643::test,veh_02-w00,0,replay
97,weak_campaign,veh_02,Challenge_S,Pre_train_S_1.csv,replay,1,0.6388888888888888,Challenge_S::Pre_train_S_1.csv::642::test,veh_02-w01,0,replay
97,weak_campaign,veh_02,Challenge_D,Pre_train_D_1.csv,replay,2,0.7933501683501684,Challenge_D::Pre_train_D_1.csv::670::test,veh_02-w02,0,replay
97,weak_campaign,veh_02,Challenge_D,Pre_train_D_1.csv,replay,3,0.7567340067340067,Challenge_D::Pre_train_D_1.csv::766::test,veh_02-w03,0,replay
97,weak_campaign,veh_02,Challenge_S,Pre_train_S_1.csv,replay,4,0.686026936026936,Challenge_S::Pre_train_S_1.csv::655::test,veh_02-w04,0,replay
97,weak_campaign,veh_02,Challenge_S,Pre_train_S_1.csv,replay,5,0.7255892255892256,Challenge_S::Pre_train_S_1.csv::640::test,veh_02-w05,0,replay
97,weak_campaign,veh_02,Challenge_S,Pre_train_S_1.csv,replay,6,0.6902356902356902,Challenge_S::Pre_train_S_1.csv::697::test,veh_02-w06,0,replay
97,weak_campaign,veh_02,Challenge_S,Pre_train_S_1.csv,replay,7,0.7272727272727273,Challenge_S::Pre_train_S_1.csv::610::test,veh_02-w07,0,replay
97,weak_campaign,veh_02,Challenge_S,Pre_train_S_1.csv,replay,8,0.571969696969697,Challenge_S::Pre_train_S_1.csv::700::test,veh_02-w08,0,replay
97,weak_campaign,veh_02,Challenge_S,Pre_train_S_1.csv,replay,9,0.6675084175084175,Challenge_S::Pre_train_S_1.csv::671::test,veh_02-w09,0,replay
97,weak_campaign,veh_03,Challenge_S,Pre_train_S_1.csv,replay,0,0.6401515151515151,Challenge_S::Pre_train_S_1.csv::635::test,veh_03-w00,0,replay
97,weak_campaign,veh_03,Challenge_S,Pre_train_S_1.csv,replay,1,0.6039562289562289,Challenge_S::Pre_train_S_1.csv::599::test,veh_03-w01,0,replay
97,weak_campaign,veh_03,Challenge_D,Pre_train_D_1.csv,replay,2,0.5749158249158249,Challenge_D::Pre_train_D_1.csv::673::test,veh_03-w02,0,replay
97,weak_campaign,veh_03,Challenge_S,Pre_train_S_1.csv,replay,3,0.6077441077441077,Challenge_S::Pre_train_S_1.csv::675::test,veh_03-w03,0,replay
97,weak_campaign,veh_03,Challenge_D,Pre_train_D_1.csv,replay,4,0.6367845117845118,Challenge_D::Pre_train_D_1.csv::653::test,veh_03-w04,0,replay
97,weak_campaign,veh_03,Challenge_D,Pre_train_D_1.csv,replay,5,0.7836700336700336,Challenge_D::Pre_train_D_1.csv::638::test,veh_03-w05,0,replay
97,weak_campaign,veh_03,Challenge_D,Pre_train_D_1.csv,replay,6,0.6313131313131313,Challenge_D::Pre_train_D_1.csv::672::test,veh_03-w06,0,replay
97,weak_campaign,veh_03,Challenge_D,Pre_train_D_1.csv,replay,7,0.625,Challenge_D::Pre_train_D_1.csv::750::test,veh_03-w07,0,replay
97,weak_campaign,veh_03,Challenge_S,Pre_train_S_1.csv,replay,8,0.7588383838383839,Challenge_S::Pre_train_S_1.csv::620::test,veh_03-w08,0,replay
97,weak_campaign,veh_03,Challenge_S,Pre_train_S_1.csv,replay,9,0.7550505050505051,Challenge_S::Pre_train_S_1.csv::667::test,veh_03-w09,0,replay
97,weak_campaign,veh_04,Challenge_D,Pre_train_D_1.csv,replay,0,0.6590909090909091,Challenge_D::Pre_train_D_1.csv::733::test,veh_04-w00,0,replay
97,weak_campaign,veh_04,Challenge_D,Pre_train_D_1.csv,replay,1,0.6468855218855218,Challenge_D::Pre_train_D_1.csv::784::test,veh_04-w01,0,replay
97,weak_campaign,veh_04,Challenge_D,Pre_train_D_1.csv,replay,2,0.747895622895623,Challenge_D::Pre_train_D_1.csv::634::test,veh_04-w02,0,replay
97,weak_campaign,veh_04,Challenge_S,Pre_train_S_1.csv,replay,3,0.7605218855218855,Challenge_S::Pre_train_S_1.csv::643::test,veh_04-w03,0,replay
97,weak_campaign,veh_04,Challenge_S,Pre_train_S_1.csv,replay,4,0.6144781144781145,Challenge_S::Pre_train_S_1.csv::631::test,veh_04-w04,0,replay
97,weak_campaign,veh_04,Challenge_D,Pre_train_D_1.csv,replay,5,0.632996632996633,Challenge_D::Pre_train_D_1.csv::774::test,veh_04-w05,0,replay
97,weak_campaign,veh_04,Challenge_D,Pre_train_D_1.csv,replay,6,0.7104377104377104,Challenge_D::Pre_train_D_1.csv::769::test,veh_04-w06,0,replay
97,weak_campaign,veh_04,Challenge_D,Pre_train_D_1.csv,replay,7,0.7584175084175084,Challenge_D::Pre_train_D_1.csv::666::test,veh_04-w07,0,replay
97,weak_campaign,veh_04,Challenge_D,Pre_train_D_1.csv,replay,8,0.7912457912457912,Challenge_D::Pre_train_D_1.csv::678::test,veh_04-w08,0,replay
97,weak_campaign,veh_04,Challenge_D,Pre_train_D_1.csv,replay,9,0.7462121212121212,Challenge_D::Pre_train_D_1.csv::754::test,veh_04-w09,0,replay
101,strong_campaign,veh_00,Challenge_D,Pre_train_D_1.csv,replay,0,0.9175084175084176,Challenge_D::Pre_train_D_1.csv::690::test,veh_00-w00,0,replay
101,strong_campaign,veh_00,Challenge_D,Pre_train_D_1.csv,replay,1,0.8682659932659933,Challenge_D::Pre_train_D_1.csv::676::test,veh_00-w01,0,replay
101,strong_campaign,veh_00,Challenge_S,Pre_train_S_1.csv,replay,2,0.8539562289562289,Challenge_S::Pre_train_S_1.csv::668::test,veh_00-w02,0,replay
101,strong_campaign,veh_00,Challenge_S,Pre_train_S_1.csv,replay,3,0.9351851851851852,Challenge_S::Pre_train_S_1.csv::645::test,veh_00-w03,0,replay
101,strong_campaign,veh_00,Challenge_S,Pre_train_S_1.csv,replay,4,0.8678451178451179,Challenge_S::Pre_train_S_1.csv::629::test,veh_00-w04,0,replay
101,strong_campaign,veh_00,Challenge_D,Pre_train_D_1.csv,replay,5,0.976010101010101,Challenge_D::Pre_train_D_1.csv::737::test,veh_00-w05,0,replay
101,strong_campaign,veh_00,Challenge_D,Pre_train_D_1.csv,replay,6,0.9234006734006734,Challenge_D::Pre_train_D_1.csv::641::test,veh_00-w06,0,replay
101,strong_campaign,veh_00,Challenge_S,Pre_train_S_1.csv,replay,7,0.9326599326599326,Challenge_S::Pre_train_S_1.csv::687::test,veh_00-w07,0,replay
101,strong_campaign,veh_00,Challenge_D,Pre_train_D_1.csv,replay,8,0.8333333333333334,Challenge_D::Pre_train_D_1.csv::708::test,veh_00-w08,0,replay
101,strong_campaign,veh_00,Challenge_D,Pre_train_D_1.csv,replay,9,0.8834175084175084,Challenge_D::Pre_train_D_1.csv::663::test,veh_00-w09,0,replay
101,strong_campaign,veh_01,Challenge_S,Pre_train_S_1.csv,replay,0,0.9953703703703703,Challenge_S::Pre_train_S_1.csv::612::test,veh_01-w00,0,replay
101,strong_campaign,veh_01,Challenge_S,Pre_train_S_1.csv,replay,1,0.9726430976430976,Challenge_S::Pre_train_S_1.csv::637::test,veh_01-w01,0,replay
101,strong_campaign,veh_01,Challenge_D,Pre_train_D_1.csv,replay,2,0.8661616161616161,Challenge_D::Pre_train_D_1.csv::655::test,veh_01-w02,0,replay
101,strong_campaign,veh_01,Challenge_D,Pre_train_D_1.csv,replay,3,0.8409090909090909,Challenge_D::Pre_train_D_1.csv::717::test,veh_01-w03,0,replay
101,strong_campaign,veh_01,Challenge_S,Pre_train_S_1.csv,replay,4,0.9124579124579124,Challenge_S::Pre_train_S_1.csv::605::test,veh_01-w04,0,replay
101,strong_campaign,veh_01,Challenge_D,Pre_train_D_1.csv,replay,5,0.8947811447811448,Challenge_D::Pre_train_D_1.csv::594::test,veh_01-w05,0,replay
101,strong_campaign,veh_01,Challenge_D,Pre_train_D_1.csv,replay,6,0.8164983164983165,Challenge_D::Pre_train_D_1.csv::601::test,veh_01-w06,0,replay
101,strong_campaign,veh_01,Challenge_D,Pre_train_D_1.csv,replay,7,0.928030303030303,Challenge_D::Pre_train_D_1.csv::738::test,veh_01-w07,0,replay
101,strong_campaign,veh_01,Challenge_S,Pre_train_S_1.csv,replay,8,0.9410774410774412,Challenge_S::Pre_train_S_1.csv::604::test,veh_01-w08,0,replay
101,strong_campaign,veh_01,Challenge_S,Pre_train_S_1.csv,replay,9,0.9065656565656566,Challenge_S::Pre_train_S_1.csv::701::test,veh_01-w09,0,replay
101,strong_campaign,veh_02,Challenge_S,Pre_train_S_1.csv,replay,0,0.8114478114478114,Challenge_S::Pre_train_S_1.csv::652::test,veh_02-w00,0,replay
101,strong_campaign,veh_02,Challenge_D,Pre_train_D_1.csv,replay,1,0.821969696969697,Challenge_D::Pre_train_D_1.csv::698::test,veh_02-w01,0,replay
101,strong_campaign,veh_02,Challenge_S,Pre_train_S_1.csv,replay,2,0.8211279461279462,Challenge_S::Pre_train_S_1.csv::698::test,veh_02-w02,0,replay
101,strong_campaign,veh_02,Challenge_S,Pre_train_S_1.csv,replay,3,0.9351851851851852,Challenge_S::Pre_train_S_1.csv::713::test,veh_02-w03,0,replay
101,strong_campaign,veh_02,Challenge_D,Pre_train_D_1.csv,replay,4,0.8476430976430976,Challenge_D::Pre_train_D_1.csv::620::test,veh_02-w04,0,replay
101,strong_campaign,veh_02,Challenge_D,Pre_train_D_1.csv,replay,5,0.86489898989899,Challenge_D::Pre_train_D_1.csv::710::test,veh_02-w05,0,replay
101,strong_campaign,veh_02,Challenge_S,Pre_train_S_1.csv,replay,6,0.8691077441077442,Challenge_S::Pre_train_S_1.csv::641::test,veh_02-w06,0,replay
101,strong_campaign,veh_02,Challenge_S,Pre_train_S_1.csv,replay,7,0.981060606060606,Challenge_S::Pre_train_S_1.csv::692::test,veh_02-w07,0,replay
101,strong_campaign,veh_02,Challenge_D,Pre_train_D_1.csv,replay,8,0.8127104377104377,Challenge_D::Pre_train_D_1.csv::713::test,veh_02-w08,0,replay
101,strong_campaign,veh_02,Challenge_D,Pre_train_D_1.csv,replay,9,0.9701178451178452,Challenge_D::Pre_train_D_1.csv::781::test,veh_02-w09,0,replay
101,strong_campaign,veh_03,Challenge_D,Pre_train_D_1.csv,replay,0,0.8522727272727273,Challenge_D::Pre_train_D_1.csv::595::test,veh_03-w00,0,replay
101,strong_campaign,veh_03,Challenge_D,Pre_train_D_1.csv,replay,1,0.8198653198653199,Challenge_D::Pre_train_D_1.csv::639::test,veh_03-w01,0,replay
101,strong_campaign,veh_03,Challenge_S,Pre_train_S_1.csv,replay,2,0.9347643097643098,Challenge_S::Pre_train_S_1.csv::682::test,veh_03-w02,0,replay
101,strong_campaign,veh_03,Challenge_D,Pre_train_D_1.csv,replay,3,0.8274410774410774,Challenge_D::Pre_train_D_1.csv::667::test,veh_03-w03,0,replay
101,strong_campaign,veh_03,Challenge_D,Pre_train_D_1.csv,replay,4,0.872895622895623,Challenge_D::Pre_train_D_1.csv::615::test,veh_03-w04,0,replay
101,strong_campaign,veh_03,Challenge_S,Pre_train_S_1.csv,replay,5,0.8051346801346801,Challenge_S::Pre_train_S_1.csv::636::test,veh_03-w05,0,replay
101,strong_campaign,veh_03,Challenge_S,Pre_train_S_1.csv,replay,6,0.8042929292929293,Challenge_S::Pre_train_S_1.csv::618::test,veh_03-w06,0,replay
101,strong_campaign,veh_03,Challenge_D,Pre_train_D_1.csv,replay,7,0.9381313131313131,Challenge_D::Pre_train_D_1.csv::642::test,veh_03-w07,0,replay
101,strong_campaign,veh_03,Challenge_S,Pre_train_S_1.csv,replay,8,0.8775252525252525,Challenge_S::Pre_train_S_1.csv::603::test,veh_03-w08,0,replay
101,strong_campaign,veh_03,Challenge_D,Pre_train_D_1.csv,replay,9,0.960016835016835,Challenge_D::Pre_train_D_1.csv::705::test,veh_03-w09,0,replay
101,strong_campaign,veh_04,Challenge_S,Pre_train_S_1.csv,replay,0,0.944023569023569,Challenge_S::Pre_train_S_1.csv::681::test,veh_04-w00,0,replay
101,strong_campaign,veh_04,Challenge_D,Pre_train_D_1.csv,replay,1,0.8611111111111112,Challenge_D::Pre_train_D_1.csv::759::test,veh_04-w01,0,replay
101,strong_campaign,veh_04,Challenge_S,Pre_train_S_1.csv,replay,2,0.9271885521885522,Challenge_S::Pre_train_S_1.csv::673::test,veh_04-w02,0,replay
101,strong_campaign,veh_04,Challenge_D,Pre_train_D_1.csv,replay,3,0.9827441077441076,Challenge_D::Pre_train_D_1.csv::656::test,veh_04-w03,0,replay
101,strong_campaign,veh_04,Challenge_S,Pre_train_S_1.csv,replay,4,0.933080808080808,Challenge_S::Pre_train_S_1.csv::627::test,veh_04-w04,0,replay
101,strong_campaign,veh_04,Challenge_S,Pre_train_S_1.csv,replay,5,0.9541245791245792,Challenge_S::Pre_train_S_1.csv::712::test,veh_04-w05,0,replay
101,strong_campaign,veh_04,Challenge_D,Pre_train_D_1.csv,replay,6,0.8956228956228957,Challenge_D::Pre_train_D_1.csv::788::test,veh_04-w06,0,replay
101,strong_campaign,veh_04,Challenge_D,Pre_train_D_1.csv,replay,7,0.9377104377104376,Challenge_D::Pre_train_D_1.csv::631::test,veh_04-w07,0,replay
101,strong_campaign,veh_04,Challenge_D,Pre_train_D_1.csv,replay,8,0.8232323232323232,Challenge_D::Pre_train_D_1.csv::599::test,veh_04-w08,0,replay
101,strong_campaign,veh_04,Challenge_S,Pre_train_S_1.csv,replay,9,0.9646464646464646,Challenge_S::Pre_train_S_1.csv::694::test,veh_04-w09,0,replay
101,weak_campaign,veh_00,Challenge_S,Pre_train_S_1.csv,spoofing,0,0.5812289562289562,Challenge_S::Pre_train_S_1.csv::506::test,veh_00-w00,0,spoofing
101,weak_campaign,veh_00,Challenge_S,Pre_train_S_2.csv,spoofing,1,0.7247474747474747,Challenge_S::Pre_train_S_2.csv::326::test,veh_00-w01,0,spoofing
101,weak_campaign,veh_00,Challenge_S,Pre_train_S_1.csv,spoofing,2,0.6296296296296297,Challenge_S::Pre_train_S_1.csv::529::test,veh_00-w02,0,spoofing
101,weak_campaign,veh_00,Challenge_D,Pre_train_D_1.csv,spoofing,3,0.7003367003367004,Challenge_D::Pre_train_D_1.csv::497::test,veh_00-w03,0,spoofing
101,weak_campaign,veh_00,Challenge_D,Pre_train_D_2.csv,spoofing,4,0.6262626262626263,Challenge_D::Pre_train_D_2.csv::479::test,veh_00-w04,0,spoofing
101,weak_campaign,veh_00,Challenge_S,Pre_train_S_2.csv,spoofing,5,0.617003367003367,Challenge_S::Pre_train_S_2.csv::518::test,veh_00-w05,0,spoofing
101,weak_campaign,veh_00,Challenge_S,Pre_train_S_1.csv,spoofing,6,0.6022727272727273,Challenge_S::Pre_train_S_1.csv::372::test,veh_00-w06,0,spoofing
101,weak_campaign,veh_00,Challenge_S,Pre_train_S_1.csv,spoofing,7,0.5963804713804713,Challenge_S::Pre_train_S_1.csv::301::test,veh_00-w07,0,spoofing
101,weak_campaign,veh_00,Challenge_S,Pre_train_S_1.csv,spoofing,8,0.7554713804713805,Challenge_S::Pre_train_S_1.csv::307::test,veh_00-w08,0,spoofing
101,weak_campaign,veh_00,Challenge_D,Pre_train_D_2.csv,spoofing,9,0.6830808080808081,Challenge_D::Pre_train_D_2.csv::420::test,veh_00-w09,0,spoofing
101,weak_campaign,veh_01,Challenge_D,Pre_train_D_2.csv,spoofing,0,0.7752525252525253,Challenge_D::Pre_train_D_2.csv::569::test,veh_01-w00,0,spoofing
101,weak_campaign,veh_01,Challenge_S,Pre_train_S_1.csv,spoofing,1,0.6334175084175084,Challenge_S::Pre_train_S_1.csv::479::test,veh_01-w01,0,spoofing
101,weak_campaign,veh_01,Challenge_S,Pre_train_S_1.csv,spoofing,2,0.7403198653198653,Challenge_S::Pre_train_S_1.csv::535::test,veh_01-w02,0,spoofing
101,weak_campaign,veh_01,Challenge_S,Pre_train_S_2.csv,spoofing,3,0.7815656565656566,Challenge_S::Pre_train_S_2.csv::488::test,veh_01-w03,0,spoofing
101,weak_campaign,veh_01,Challenge_S,Pre_train_S_2.csv,spoofing,4,0.6801346801346801,Challenge_S::Pre_train_S_2.csv::349::test,veh_01-w04,0,spoofing
101,weak_campaign,veh_01,Challenge_D,Pre_train_D_2.csv,spoofing,5,0.7159090909090909,Challenge_D::Pre_train_D_2.csv::576::test,veh_01-w05,0,spoofing
101,weak_campaign,veh_01,Challenge_S,Pre_train_S_2.csv,spoofing,6,0.6948653198653199,Challenge_S::Pre_train_S_2.csv::501::test,veh_01-w06,0,spoofing
101,weak_campaign,veh_01,Challenge_S,Pre_train_S_2.csv,spoofing,7,0.6376262626262627,Challenge_S::Pre_train_S_2.csv::362::test,veh_01-w07,0,spoofing
101,weak_campaign,veh_01,Challenge_S,Pre_train_S_2.csv,spoofing,8,0.7424242424242424,Challenge_S::Pre_train_S_2.csv::428::test,veh_01-w08,0,spoofing
101,weak_campaign,veh_01,Challenge_S,Pre_train_S_2.csv,spoofing,9,0.6683501683501684,Challenge_S::Pre_train_S_2.csv::424::test,veh_01-w09,0,spoofing
101,weak_campaign,veh_02,Challenge_D,Pre_train_D_1.csv,spoofing,0,0.7592592592592593,Challenge_D::Pre_train_D_1.csv::490::test,veh_02-w00,0,spoofing
101,weak_campaign,veh_02,Challenge_S,Pre_train_S_2.csv,spoofing,1,0.6986531986531986,Challenge_S::Pre_train_S_2.csv::487::test,veh_02-w01,0,spoofing
101,weak_campaign,veh_02,Challenge_D,Pre_train_D_2.csv,spoofing,2,0.7495791245791246,Challenge_D::Pre_train_D_2.csv::543::test,veh_02-w02,0,spoofing
101,weak_campaign,veh_02,Challenge_S,Pre_train_S_1.csv,spoofing,3,0.7840909090909091,Challenge_S::Pre_train_S_1.csv::590::test,veh_02-w03,0,spoofing
101,weak_campaign,veh_02,Challenge_D,Pre_train_D_2.csv,spoofing,4,0.726010101010101,Challenge_D::Pre_train_D_2.csv::335::test,veh_02-w04,0,spoofing
101,weak_campaign,veh_02,Challenge_D,Pre_train_D_2.csv,spoofing,5,0.6191077441077442,Challenge_D::Pre_train_D_2.csv::529::test,veh_02-w05,0,spoofing
101,weak_campaign,veh_02,Challenge_D,Pre_train_D_1.csv,spoofing,6,0.7777777777777778,Challenge_D::Pre_train_D_1.csv::455::test,veh_02-w06,0,spoofing
101,weak_campaign,veh_02,Challenge_D,Pre_train_D_2.csv,spoofing,7,0.6856060606060606,Challenge_D::Pre_train_D_2.csv::357::test,veh_02-w07,0,spoofing
101,weak_campaign,veh_02,Challenge_S,Pre_train_S_2.csv,spoofing,8,0.7184343434343434,Challenge_S::Pre_train_S_2.csv::397::test,veh_02-w08,0,spoofing
101,weak_campaign,veh_02,Challenge_S,Pre_train_S_2.csv,spoofing,9,0.6868686868686869,Challenge_S::Pre_train_S_2.csv::475::test,veh_02-w09,0,spoofing
101,weak_campaign,veh_03,Challenge_S,Pre_train_S_2.csv,spoofing,0,0.7571548821548821,Challenge_S::Pre_train_S_2.csv::347::test,veh_03-w00,0,spoofing
101,weak_campaign,veh_03,Challenge_S,Pre_train_S_1.csv,spoofing,1,0.7777777777777778,Challenge_S::Pre_train_S_1.csv::353::test,veh_03-w01,0,spoofing
101,weak_campaign,veh_03,Challenge_S,Pre_train_S_1.csv,spoofing,2,0.7996632996632996,Challenge_S::Pre_train_S_1.csv::483::test,veh_03-w02,0,spoofing
101,weak_campaign,veh_03,Challenge_D,Pre_train_D_1.csv,spoofing,3,0.7718855218855218,Challenge_D::Pre_train_D_1.csv::508::test,veh_03-w03,0,spoofing
101,weak_campaign,veh_03,Challenge_S,Pre_train_S_1.csv,spoofing,4,0.7495791245791246,Challenge_S::Pre_train_S_1.csv::420::test,veh_03-w04,0,spoofing
101,weak_campaign,veh_03,Challenge_D,Pre_train_D_1.csv,spoofing,5,0.7196969696969697,Challenge_D::Pre_train_D_1.csv::365::test,veh_03-w05,0,spoofing
101,weak_campaign,veh_03,Challenge_S,Pre_train_S_2.csv,spoofing,6,0.7327441077441077,Challenge_S::Pre_train_S_2.csv::320::test,veh_03-w06,0,spoofing
101,weak_campaign,veh_03,Challenge_S,Pre_train_S_1.csv,spoofing,7,0.6961279461279462,Challenge_S::Pre_train_S_1.csv::524::test,veh_03-w07,0,spoofing
101,weak_campaign,veh_03,Challenge_S,Pre_train_S_1.csv,spoofing,8,0.6018518518518519,Challenge_S::Pre_train_S_1.csv::321::test,veh_03-w08,0,spoofing
101,weak_campaign,veh_03,Challenge_S,Pre_train_S_2.csv,spoofing,9,0.7011784511784511,Challenge_S::Pre_train_S_2.csv::516::test,veh_03-w09,0,spoofing
101,weak_campaign,veh_04,Challenge_D,Pre_train_D_1.csv,spoofing,0,0.7908249158249159,Challenge_D::Pre_train_D_1.csv::526::test,veh_04-w00,0,spoofing
101,weak_campaign,veh_04,Challenge_S,Pre_train_S_1.csv,spoofing,1,0.7272727272727273,Challenge_S::Pre_train_S_1.csv::582::test,veh_04-w01,0,spoofing
101,weak_campaign,veh_04,Challenge_D,Pre_train_D_2.csv,spoofing,2,0.7992424242424242,Challenge_D::Pre_train_D_2.csv::482::test,veh_04-w02,0,spoofing
101,weak_campaign,veh_04,Challenge_D,Pre_train_D_2.csv,spoofing,3,0.7108585858585859,Challenge_D::Pre_train_D_2.csv::412::test,veh_04-w03,0,spoofing
101,weak_campaign,veh_04,Challenge_S,Pre_train_S_2.csv,spoofing,4,0.5955387205387206,Challenge_S::Pre_train_S_2.csv::374::test,veh_04-w04,0,spoofing
101,weak_campaign,veh_04,Challenge_S,Pre_train_S_2.csv,spoofing,5,0.6868686868686869,Challenge_S::Pre_train_S_2.csv::368::test,veh_04-w05,0,spoofing
101,weak_campaign,veh_04,Challenge_S,Pre_train_S_2.csv,spoofing,6,0.6039562289562289,Challenge_S::Pre_train_S_2.csv::361::test,veh_04-w06,0,spoofing
101,weak_campaign,veh_04,Challenge_D,Pre_train_D_2.csv,spoofing,7,0.75,Challenge_D::Pre_train_D_2.csv::334::test,veh_04-w07,0,spoofing
101,weak_campaign,veh_04,Challenge_D,Pre_train_D_1.csv,spoofing,8,0.7647306397306397,Challenge_D::Pre_train_D_1.csv::382::test,veh_04-w08,0,spoofing
101,weak_campaign,veh_04,Challenge_S,Pre_train_S_1.csv,spoofing,9,0.6784511784511784,Challenge_S::Pre_train_S_1.csv::470::test,veh_04-w09,0,spoofing
