set_id,scenario,scenario_type,local_or_incident_detected,fleet_campaign_detected,false_campaign,incorrect_merge_rate,campaign_precision,campaign_recall,campaign_f1,membership_precision,membership_recall,membership_f1,fragmentation_rate,benign_contamination_rate,best_cluster,n_clusters,num_nodes,num_edges,cross_vehicle_edges,cross_vehicle_edge_pct,cross_manufacturer_edges,average_degree,isolated_node_rate,similarity_threshold,cross_vehicle_threshold,knn_cap,cross_vehicle_cap,temporal_edges,mean_similarity,connected_components,largest_component,mutual_knn,dbscan_eps,dbscan_min_samples,apply_consistency_rule,n_nodes,sweep_phase
set_01,benign_fleet_control,benign_fleet_control,0,0,0,0.0,0.0,0.0,0.0,0.0,0.0,0.0,0.995,0.0,-1,1,200,1094,5,0.4570383912248629,0,10.94,0.0,0.75,0.72,10,3,0,0.9929937159666413,3,85,False,0.8,2,False,200,
set_01,benign_fleet_control,benign_fleet_control,0,0,0,0.0,0.0,0.0,0.0,0.0,0.0,0.0,0.99,0.0,-1,2,200,1094,5,0.4570383912248629,0,10.94,0.0,0.75,0.72,10,3,0,0.9929937159666413,3,85,True,0.8,2,False,200,
set_01,benign_fleet_control,benign_fleet_control,0,0,0,0.0,0.0,0.0,0.0,0.0,0.0,0.0,0.995,0.0,-1,1,200,1106,17,1.5370705244122964,0,11.06,0.0,0.75,0.72,10,10,0,0.9920750228017838,3,85,False,0.8,2,False,200,
set_01,benign_fleet_control,benign_fleet_control,0,0,0,0.0,0.0,0.0,0.0,0.0,0.0,0.0,0.99,0.0,-1,2,200,1106,17,1.5370705244122966,0,11.06,0.0,0.75,0.72,10,10,0,0.9920750228017838,3,85,True,0.8,2,False,200,
set_01,benign_fleet_control,benign_fleet_control,0,0,0,0.0,0.0,0.0,0.0,0.0,0.0,0.0,0.99,0.0,-1,2,200,1091,5,0.458295142071494,0,10.91,0.0,0.85,0.77,10,3,0,0.9938693253082709,4,85,False,0.8,2,False,200,
set_01,benign_fleet_control,benign_fleet_control,0,0,0,0.0,0.0,0.0,0.0,0.0,0.0,0.0,0.995,0.0,-1,1,200,1091,5,0.458295142071494,0,10.91,0.0,0.85,0.77,10,3,0,0.9938693253082709,4,85,True,0.8,2,False,200,
set_01,benign_fleet_control,benign_fleet_control,0,0,0,0.0,0.0,0.0,0.0,0.0,0.0,0.0,0.995,0.0,-1,1,200,1103,17,1.5412511332728922,0,11.03,0.0,0.85,0.77,10,10,0,0.9933607985188717,4,85,False,0.8,2,False,200,
set_01,benign_fleet_control,benign_fleet_control,0,0,0,0.0,0.0,0.0,0.0,0.0,0.0,0.0,0.995,0.0,-1,1,200,1103,17,1.5412511332728922,0,11.03,0.0,0.85,0.77,10,10,0,0.9933607985188717,4,85,True,0.8,2,False,200,
set_01,benign_fleet_control,benign_fleet_control,0,0,0,0.0,0.0,0.0,0.0,0.0,0.0,0.0,0.995,0.0,-1,1,200,1088,5,0.4595588235294118,0,10.93467336683417,0.005,0.9,0.8200000000000001,10,3,0,0.9941428144845892,5,85,False,0.8,2,False,200,
set_01,benign_fleet_control,benign_fleet_control,0,0,0,0.0,0.0,0.0,0.0,0.0,0.0,0.0,0.995,0.0,-1,1,200,1088,5,0.45955882352941174,0,10.93467336683417,0.005,0.9,0.8200000000000001,10,3,0,0.9941428144845892,5,85,True,0.8,2,False,200,
set_01,benign_fleet_control,benign_fleet_control,0,0,0,0.0,0.0,0.0,0.0,0.0,0.0,0.0,0.995,0.0,-1,1,200,1100,17,1.5454545454545454,0,11.0,0.0,0.9,0.8200000000000001,10,10,0,0.9936299172856591,4,85,False,0.8,2,False,200,
set_01,benign_fleet_control,benign_fleet_control,0,0,0,0.0,0.0,0.0,0.0,0.0,0.0,0.0,0.995,0.0,-1,1,200,1100,17,1.5454545454545454,0,11.0,0.0,0.9,0.8200000000000001,10,10,0,0.9936299172856591,4,85,True,0.8,2,False,200,
set_01,isolated_attack,isolated_attack,0,0,1,0.0,0.0,0.0,0.0,1.0,1.0,1.0,0.995,0.0,0,1,200,1039,5,0.4812319538017324,0,10.39,0.0,0.75,0.72,10,3,0,0.9986903705886055,2,193,False,0.8,2,False,200,
set_01,isolated_attack,isolated_attack,0,0,1,0.0,0.0,0.0,0.0,1.0,1.0,1.0,0.995,0.0,0,1,200,1039,5,0.48123195380173245,0,10.39,0.0,0.75,0.72,10,3,0,0.9986903705886055,2,193,True,0.8,2,False,200,
set_01,isolated_attack,isolated_attack,0,0,1,0.0,0.0,0.0,0.0,1.0,1.0,1.0,0.995,0.0,0,1,200,1051,17,1.6175071360608944,0,10.51,0.0,0.75,0.72,10,10,0,0.9987053228604238,2,193,False,0.8,2,False,200,
set_01,isolated_attack,isolated_attack,0,0,1,0.0,0.0,0.0,0.0,1.0,1.0,1.0,0.995,0.0,0,1,200,1051,17,1.6175071360608944,0,10.51,0.0,0.75,0.72,10,10,0,0.9987053228604238,2,193,True,0.8,2,False,200,
set_01,isolated_attack,isolated_attack,0,0,1,0.0,0.0,0.0,0.0,1.0,1.0,1.0,0.995,0.0,0,1,200,1035,5,0.4830917874396135,0,10.402010050251256,0.005,0.85,0.77,10,3,0,0.9996272624402807,3,193,False,0.8,2,False,200,
set_01,isolated_attack,isolated_attack,0,0,1,0.0,0.0,0.0,0.0,1.0,0.965,0.9821882951653944,0.99,0.0,1,2,200,1035,5,0.4830917874396135,0,10.402010050251256,0.005,0.85,0.77,10,3,0,0.9996272624402807,3,193,True,0.8,2,False,200,
set_01,isolated_attack,isolated_attack,0,0,1,0.0,0.0,0.0,0.0,1.0,1.0,1.0,0.995,0.0,0,1,200,1047,17,1.6236867239732569,0,10.522613065326633,0.005,0.85,0.77,10,10,0,0.9996315338208546,3,193,False,0.8,2,False,200,
set_01,isolated_attack,isolated_attack,0,0,1,0.0,0.0,0.0,0.0,1.0,1.0,1.0,0.995,0.0,0,1,200,1047,17,1.6236867239732569,0,10.522613065326633,0.005,0.85,0.77,10,10,0,0.9996315338208546,3,193,True,0.8,2,False,200,
set_01,isolated_attack,isolated_attack,0,0,1,0.0,0.0,0.0,0.0,1.0,1.0,1.0,0.995,0.0,0,1,200,1035,5,0.4830917874396135,0,10.402010050251256,0.005,0.9,0.8200000000000001,10,3,0,0.9996272624402807,3,193,False,0.8,2,False,200,
set_01,isolated_attack,isolated_attack,0,0,1,0.0,0.0,0.0,0.0,1.0,1.0,1.0,0.995,0.0,0,1,200,1035,5,0.4830917874396135,0,10.402010050251256,0.005,0.9,0.8200000000000001,10,3,0,0.9996272624402807,3,193,True,0.8,2,False,200,
set_01,isolated_attack,isolated_attack,0,0,1,0.0,0.0,0.0,0.0,1.0,1.0,1.0,0.995,0.0,0,1,200,1047,17,1.6236867239732569,0,10.522613065326633,0.005,0.9,0.8200000000000001,10,10,0,0.9996315338208546,3,193,False,0.8,2,False,200,
set_01,isolated_attack,isolated_attack,0,0,1,0.0,0.0,0.0,0.0,1.0,1.0,1.0,0.995,0.0,0,1,200,1047,17,1.6236867239732569,0,10.522613065326633,0.005,0.9,0.8200000000000001,10,10,0,0.9996315338208546,3,193,True,0.8,2,False,200,
set_01,unrelated_incidents,unrelated_incidents,1,0,0,1.0,0.0,0.0,0.0,1.0,1.0,1.0,0.995,0.0,0,1,200,580,2,0.3448275862068966,0,5.8,0.0,0.72,0.72,5,1,0,0.9982012931642861,3,173,False,0.8,2,False,200,
set_01,unrelated_incidents,unrelated_incidents,1,0,0,1.0,0.0,0.0,0.0,1.0,1.0,1.0,0.995,0.0,0,1,200,580,2,0.3448275862068966,0,5.8,0.0,0.72,0.72,5,1,0,0.9982012931642861,3,173,True,0.8,2,False,200,
set_01,unrelated_incidents,unrelated_incidents,1,0,0,1.0,0.0,0.0,0.0,1.0,0.135,0.2378854625550661,0.99,0.0,0,2,200,582,4,0.6872852233676976,0,5.82,0.0,0.72,0.72,5,2,0,0.9978322463551748,3,173,False,0.8,2,False,200,
set_01,unrelated_incidents,unrelated_incidents,1,0,0,1.0,0.0,0.0,0.0,1.0,1.0,1.0,0.995,0.0,0,1,200,582,4,0.6872852233676976,0,5.82,0.0,0.72,0.72,5,2,0,0.9978322463551748,3,173,True,0.8,2,False,200,
set_01,unrelated_incidents,unrelated_incidents,1,0,0,1.0,0.0,0.0,0.0,1.0,1.0,1.0,0.995,0.0,0,1,200,584,6,1.0273972602739725,0,5.84,0.0,0.72,0.72,5,3,0,0.9974051321001902,3,173,False,0.8,2,False,200,
set_01,unrelated_incidents,unrelated_incidents,1,0,0,1.0,0.0,0.0,0.0,1.0,1.0,1.0,0.995,0.0,0,1,200,584,6,1.0273972602739727,0,5.84,0.0,0.72,0.72,5,3,0,0.9974051321001902,3,173,True,0.8,2,False,200,
set_01,unrelated_incidents,unrelated_incidents,1,0,0,1.0,0.0,0.0,0.0,1.0,1.0,1.0,0.995,0.0,0,1,200,588,10,1.7006802721088436,0,5.88,0.0,0.72,0.72,5,5,0,0.9973575400860131,2,173,False,0.8,2,False,200,
set_01,unrelated_incidents,unrelated_incidents,1,0,0,1.0,0.0,0.0,0.0,1.0,1.0,1.0,0.995,0.0,0,1,200,588,10,1.7006802721088434,0,5.88,0.0,0.72,0.72,5,5,0,0.9973575400860131,2,173,True,0.8,2,False,200,
set_01,unrelated_incidents,unrelated_incidents,1,0,0,1.0,0.0,0.0,0.0,1.0,1.0,1.0,0.995,0.0,0,1,200,598,20,3.3444816053511706,0,5.98,0.0,0.72,0.72,5,10,0,0.9968082976580463,2,173,False,0.8,2,False,200,
set_01,unrelated_incidents,unrelated_incidents,1,0,0,1.0,0.0,0.0,0.0,1.0,1.0,1.0,0.995,0.0,0,1,200,598,20,3.3444816053511706,0,5.98,0.0,0.72,0.72,5,10,0,0.9968082976580463,2,173,True,0.8,2,False,200,
set_01,unrelated_incidents,unrelated_incidents,1,0,0,1.0,0.0,0.0,0.0,1.0,1.0,1.0,0.995,0.0,0,1,200,1052,2,0.19011406844106463,0,10.52,0.0,0.72,0.72,10,1,0,0.9979968792245415,3,173,False,0.8,2,False,200,
set_01,unrelated_incidents,unrelated_incidents,1,0,0,1.0,0.0,0.0,0.0,1.0,1.0,1.0,0.995,0.0,0,1,200,1052,2,0.19011406844106463,0,10.52,0.0,0.72,0.72,10,1,0,0.9979968792245415,3,173,True,0.8,2,False,200,
set_01,unrelated_incidents,unrelated_incidents,1,0,0,1.0,0.0,0.0,0.0,1.0,0.135,0.2378854625550661,0.99,0.0,0,2,200,1054,4,0.3795066413662239,0,10.54,0.0,0.72,0.72,10,2,0,0.9977545177235323,3,173,False,0.8,2,False,200,
set_01,unrelated_incidents,unrelated_incidents,1,0,0,1.0,0.0,0.0,0.0,1.0,0.135,0.2378854625550661,0.99,0.0,0,2,200,1054,4,0.3795066413662239,0,10.54,0.0,0.72,0.72,10,2,0,0.9977545177235323,3,173,True,0.8,2,False,200,
set_01,unrelated_incidents,unrelated_incidents,1,0,0,1.0,0.0,0.0,0.0,1.0,1.0,1.0,0.995,0.0,0,1,200,1056,6,0.5681818181818182,0,10.56,0.0,0.72,0.72,10,3,0,0.9975090055641803,3,173,False,0.8,2,False,200,
set_01,unrelated_incidents,unrelated_incidents,1,0,0,1.0,0.0,0.0,0.0,1.0,1.0,1.0,0.995,0.0,0,1,200,1056,6,0.5681818181818182,0,10.56,0.0,0.72,0.72,10,3,0,0.9975090055641803,3,173,True,0.8,2,False,200,
set_01,unrelated_incidents,unrelated_incidents,1,0,0,1.0,0.0,0.0,0.0,1.0,1.0,1.0,0.995,0.0,0,1,200,1060,10,0.9433962264150944,0,10.6,0.0,0.72,0.72,10,5,0,0.9970187838909761,3,173,False,0.8,2,False,200,
set_01,unrelated_incidents,unrelated_incidents,1,0,0,1.0,0.0,0.0,0.0,1.0,0.135,0.2378854625550661,0.99,0.0,0,2,200,1060,10,0.9433962264150944,0,10.6,0.0,0.72,0.72,10,5,0,0.9970187838909761,3,173,True,0.8,2,False,200,
set_01,unrelated_incidents,unrelated_incidents,1,0,0,1.0,0.0,0.0,0.0,1.0,0.135,0.2378854625550661,0.99,0.0,0,2,200,1070,20,1.8691588785046727,0,10.7,0.0,0.72,0.72,10,10,0,0.9959701432245914,3,173,False,0.8,2,False,200,
set_01,unrelated_incidents,unrelated_incidents,1,0,0,1.0,0.0,0.0,0.0,1.0,1.0,1.0,0.995,0.0,0,1,200,1070,20,1.8691588785046729,0,10.7,0.0,0.72,0.72,10,10,0,0.9959701432245914,3,173,True,0.8,2,False,200,
set_01,unrelated_incidents,unrelated_incidents,1,0,0,1.0,0.0,0.0,0.0,1.0,1.0,1.0,0.995,0.0,0,1,200,1492,2,0.13404825737265416,0,14.92,0.0,0.72,0.72,15,1,0,0.9974406073943539,3,96,False,0.8,2,False,200,
set_01,unrelated_incidents,unrelated_incidents,1,0,0,1.0,0.0,0.0,0.0,1.0,0.135,0.2378854625550661,0.99,0.0,0,2,200,1492,2,0.13404825737265416,0,14.92,0.0,0.72,0.72,15,1,0,0.9974406073943539,3,96,True,0.8,2,False,200,
set_01,unrelated_incidents,unrelated_incidents,1,0,0,1.0,0.0,0.0,0.0,1.0,1.0,1.0,0.995,0.0,0,1,200,1494,4,0.2677376171352075,0,14.94,0.0,0.72,0.72,15,2,0,0.9972496161180009,3,96,False,0.8,2,False,200,
set_01,unrelated_incidents,unrelated_incidents,1,0,0,1.0,0.0,0.0,0.0,1.0,1.0,1.0,0.995,0.0,0,1,200,1494,4,0.2677376171352075,0,14.94,0.0,0.72,0.72,15,2,0,0.9972496161180009,3,96,True,0.8,2,False,200,
set_01,unrelated_incidents,unrelated_incidents,1,0,0,1.0,0.0,0.0,0.0,1.0,0.135,0.2378854625550661,0.99,0.0,0,2,200,1496,6,0.4010695187165776,0,14.96,0.0,0.72,0.72,15,3,0,0.9970588510766386,3,96,False,0.8,2,False,200,
set_01,unrelated_incidents,unrelated_incidents,1,0,0,1.0,0.0,0.0,0.0,1.0,1.0,1.0,0.995,0.0,0,1,200,1496,6,0.40106951871657753,0,14.96,0.0,0.72,0.72,15,3,0,0.9970588510766386,3,96,True,0.8,2,False,200,
set_01,unrelated_incidents,unrelated_incidents,1,0,0,1.0,0.0,0.0,0.0,1.0,1.0,1.0,0.995,0.0,0,1,200,1500,10,0.6666666666666667,0,15.0,0.0,0.72,0.72,15,5,0,0.9966836010615031,3,96,False,0.8,2,False,200,
set_01,unrelated_incidents,unrelated_incidents,1,0,0,1.0,0.0,0.0,0.0,1.0,1.0,1.0,0.995,0.0,0,1,200,1500,10,0.6666666666666666,0,15.0,0.0,0.72,0.72,15,5,0,0.9966836010615031,3,96,True,0.8,2,False,200,
set_01,unrelated_incidents,unrelated_incidents,1,0,0,1.0,0.0,0.0,0.0,1.0,1.0,1.0,0.995,0.0,0,1,200,1510,20,1.3245033112582782,0,15.1,0.0,0.72,0.72,15,10,0,0.9957709657435385,2,173,False,0.8,2,False,200,
set_01,unrelated_incidents,unrelated_incidents,1,0,0,1.0,0.0,0.0,0.0,1.0,1.0,1.0,0.995,0.0,0,1,200,1510,20,1.3245033112582782,0,15.1,0.0,0.72,0.72,15,10,0,0.9957709657435385,2,173,True,0.8,2,False,200,
set_01,unrelated_incidents,unrelated_incidents,1,0,0,1.0,0.0,0.0,0.0,1.0,0.135,0.2378854625550661,0.99,0.0,0,2,200,1929,2,0.10368066355624676,0,19.29,0.0,0.72,0.72,20,1,0,0.9971291630177871,3,96,False,0.8,2,False,200,
set_01,unrelated_incidents,unrelated_incidents,1,0,0,1.0,0.0,0.0,0.0,1.0,1.0,1.0,0.995,0.0,0,1,200,1929,2,0.10368066355624676,0,19.29,0.0,0.72,0.72,20,1,0,0.9971291630177871,3,96,True,0.8,2,False,200,
set_01,unrelated_incidents,unrelated_incidents,1,0,0,1.0,0.0,0.0,0.0,1.0,1.0,1.0,0.995,0.0,0,1,200,1931,4,0.20714655618850336,0,19.31,0.0,0.72,0.72,20,2,0,0.9969884167675649,3,96,False,0.8,2,False,200,
set_01,unrelated_incidents,unrelated_incidents,1,0,0,1.0,0.0,0.0,0.0,1.0,1.0,1.0,0.995,0.0,0,1,200,1931,4,0.20714655618850336,0,19.31,0.0,0.72,0.72,20,2,0,0.9969884167675649,3,96,True,0.8,2,False,200,
set_01,unrelated_incidents,unrelated_incidents,1,0,0,1.0,0.0,0.0,0.0,1.0,1.0,1.0,0.995,0.0,0,1,200,1933,6,0.3103983445421624,0,19.33,0.0,0.72,0.72,20,3,0,0.9968410504339152,3,96,False,0.8,2,False,200,
set_01,unrelated_incidents,unrelated_incidents,1,0,0,1.0,0.0,0.0,0.0,1.0,1.0,1.0,0.995,0.0,0,1,200,1933,6,0.3103983445421624,0,19.33,0.0,0.72,0.72,20,3,0,0.9968410504339152,3,96,True,0.8,2,False,200,
set_01,unrelated_incidents,unrelated_incidents,1,0,0,1.0,0.0,0.0,0.0,1.0,1.0,1.0,0.995,0.0,0,1,200,1937,10,0.5162622612287042,0,19.37,0.0,0.72,0.72,20,5,0,0.9965471618558306,3,96,False,0.8,2,False,200,
set_01,unrelated_incidents,unrelated_incidents,1,0,0,1.0,0.0,0.0,0.0,1.0,1.0,1.0,0.995,0.0,0,1,200,1937,10,0.5162622612287042,0,19.37,0.0,0.72,0.72,20,5,0,0.9965471618558306,3,96,True,0.8,2,False,200,
set_01,unrelated_incidents,unrelated_incidents,1,0,0,1.0,0.0,0.0,0.0,1.0,1.0,1.0,0.995,0.0,0,1,200,1947,20,1.027221366204417,0,19.47,0.0,0.72,0.72,20,10,0,0.9957934444417204,3,96,False,0.8,2,False,200,
set_01,unrelated_incidents,unrelated_incidents,1,0,0,1.0,0.0,0.0,0.0,1.0,1.0,1.0,0.995,0.0,0,1,200,1947,20,1.027221366204417,0,19.47,0.0,0.72,0.72,20,10,0,0.9957934444417204,3,96,True,0.8,2,False,200,
set_01,unrelated_incidents,unrelated_incidents,1,0,0,1.0,0.0,0.0,0.0,1.0,1.0,1.0,0.995,0.0,0,1,200,2659,2,0.07521624670928921,0,26.59,0.0,0.72,0.72,30,1,0,0.9979173205947015,3,96,False,0.8,2,False,200,
set_01,unrelated_incidents,unrelated_incidents,1,0,0,1.0,0.0,0.0,0.0,1.0,1.0,1.0,0.995,0.0,0,1,200,2659,2,0.07521624670928921,0,26.59,0.0,0.72,0.72,30,1,0,0.9979173205947015,3,96,True,0.8,2,False,200,
set_01,unrelated_incidents,unrelated_incidents,1,0,0,1.0,0.0,0.0,0.0,1.0,1.0,1.0,0.995,0.0,0,1,200,2661,4,0.1503194287861706,0,26.61,0.0,0.72,0.72,30,2,0,0.9978049048710838,3,96,False,0.8,2,False,200,
set_01,unrelated_incidents,unrelated_incidents,1,0,0,1.0,0.0,0.0,0.0,1.0,0.135,0.2378854625550661,0.99,0.0,0,2,200,2661,4,0.1503194287861706,0,26.61,0.0,0.72,0.72,30,2,0,0.9978049048710838,3,96,True,0.8,2,False,200,
set_01,unrelated_incidents,unrelated_incidents,1,0,0,1.0,0.0,0.0,0.0,1.0,1.0,1.0,0.995,0.0,0,1,200,2663,6,0.22530980097634246,0,26.63,0.0,0.72,0.72,30,3,0,0.9976234410742911,3,96,False,0.8,2,False,200,
set_01,unrelated_incidents,unrelated_incidents,1,0,0,1.0,0.0,0.0,0.0,1.0,0.135,0.2378854625550661,0.99,0.0,0,2,200,2663,6,0.22530980097634248,0,26.63,0.0,0.72,0.72,30,3,0,0.9976234410742911,3,96,True,0.8,2,False,200,
set_01,unrelated_incidents,unrelated_incidents,1,0,0,1.0,0.0,0.0,0.0,1.0,1.0,1.0,0.995,0.0,0,1,200,2666,9,0.33758439609902474,0,26.66,0.0,0.72,0.72,30,5,0,0.9973282171699756,3,96,False,0.8,2,False,200,
set_01,unrelated_incidents,unrelated_incidents,1,0,0,1.0,0.0,0.0,0.0,1.0,1.0,1.0,0.995,0.0,0,1,200,2666,9,0.33758439609902474,0,26.66,0.0,0.72,0.72,30,5,0,0.9973282171699756,3,96,True,0.8,2,False,200,
set_01,unrelated_incidents,unrelated_incidents,1,0,0,1.0,0.0,0.0,0.0,1.0,1.0,1.0,0.995,0.0,0,1,200,2676,19,0.7100149476831091,0,26.76,0.0,0.72,0.72,30,10,0,0.99652050894383,3,96,False,0.8,2,False,200,
set_01,unrelated_incidents,unrelated_incidents,1,0,0,1.0,0.0,0.0,0.0,1.0,1.0,1.0,0.995,0.0,0,1,200,2676,19,0.7100149476831091,0,26.76,0.0,0.72,0.72,30,10,0,0.99652050894383,3,96,True,0.8,2,False,200,
set_01,unrelated_incidents,unrelated_incidents,1,0,0,1.0,0.0,0.0,0.0,1.0,1.0,1.0,0.995,0.0,0,1,200,4017,2,0.04978839930296241,0,40.17,0.0,0.72,0.72,50,1,0,0.9986213979241502,3,96,False,0.8,2,False,200,
set_01,unrelated_incidents,unrelated_incidents,1,0,0,1.0,0.0,0.0,0.0,1.0,1.0,1.0,0.995,0.0,0,1,200,4017,2,0.04978839930296241,0,40.17,0.0,0.72,0.72,50,1,0,0.9986213979241502,3,96,True,0.8,2,False,200,
set_01,unrelated_incidents,unrelated_incidents,1,0,0,1.0,0.0,0.0,0.0,1.0,1.0,1.0,0.995,0.0,0,1,200,4019,4,0.09952724558347847,0,40.19,0.0,0.72,0.72,50,2,0,0.998546616536938,3,96,False,0.8,2,False,200,
set_01,unrelated_incidents,unrelated_incidents,1,0,0,1.0,0.0,0.0,0.0,1.0,1.0,1.0,0.995,0.0,0,1,200,4019,4,0.09952724558347847,0,40.19,0.0,0.72,0.72,50,2,0,0.998546616536938,3,96,True,0.8,2,False,200,
set_01,unrelated_incidents,unrelated_incidents,1,0,0,1.0,0.0,0.0,0.0,1.0,1.0,1.0,0.995,0.0,0,1,200,4021,6,0.14921661278288983,0,40.21,0.0,0.72,0.72,50,3,0,0.9984260690327872,3,96,False,0.8,2,False,200,
set_01,unrelated_incidents,unrelated_incidents,1,0,0,1.0,0.0,0.0,0.0,1.0,0.135,0.2378854625550661,0.99,0.0,0,2,200,4021,6,0.14921661278288983,0,40.21,0.0,0.72,0.72,50,3,0,0.9984260690327872,3,96,True,0.8,2,False,200,
set_01,unrelated_incidents,unrelated_incidents,1,0,0,1.0,0.0,0.0,0.0,1.0,1.0,1.0,0.995,0.0,0,1,200,4024,9,0.22365805168986083,0,40.24,0.0,0.72,0.72,50,5,0,0.9982298774789152,3,96,False,0.8,2,False,200,
set_01,unrelated_incidents,unrelated_incidents,1,0,0,1.0,0.0,0.0,0.0,1.0,1.0,1.0,0.995,0.0,0,1,200,4024,9,0.22365805168986083,0,40.24,0.0,0.72,0.72,50,5,0,0.9982298774789152,3,96,True,0.8,2,False,200,
set_01,unrelated_incidents,unrelated_incidents,1,0,0,1.0,0.0,0.0,0.0,1.0,1.0,1.0,0.995,0.0,0,1,200,4034,19,0.47099652949925636,0,40.34,0.0,0.72,0.72,50,10,0,0.997691839844742,3,96,False,0.8,2,False,200,
set_01,unrelated_incidents,unrelated_incidents,1,0,0,1.0,0.0,0.0,0.0,1.0,0.135,0.2378854625550661,0.99,0.0,0,2,200,4034,19,0.4709965294992563,0,40.34,0.0,0.72,0.72,50,10,0,0.997691839844742,3,96,True,0.8,2,False,200,
set_01,unrelated_incidents,unrelated_incidents,1,0,0,1.0,0.0,0.0,0.0,1.0,1.0,1.0,0.995,0.0,0,1,200,580,2,0.3448275862068966,0,5.8,0.0,0.75,0.72,5,1,0,0.9982012931642861,3,173,False,0.8,2,False,200,
set_01,unrelated_incidents,unrelated_incidents,1,0,0,1.0,0.0,0.0,0.0,1.0,1.0,1.0,0.995,0.0,0,1,200,580,2,0.3448275862068966,0,5.8,0.0,0.75,0.72,5,1,0,0.9982012931642861,3,173,True,0.8,2,False,200,
set_01,unrelated_incidents,unrelated_incidents,1,0,0,1.0,0.0,0.0,0.0,1.0,1.0,1.0,0.995,0.0,0,1,200,582,4,0.6872852233676976,0,5.82,0.0,0.75,0.72,5,2,0,0.9978322463551748,3,173,False,0.8,2,False,200,
set_01,unrelated_incidents,unrelated_incidents,1,0,0,1.0,0.0,0.0,0.0,1.0,1.0,1.0,0.995,0.0,0,1,200,582,4,0.6872852233676976,0,5.82,0.0,0.75,0.72,5,2,0,0.9978322463551748,3,173,True,0.8,2,False,200,
set_01,unrelated_incidents,unrelated_incidents,1,0,0,1.0,0.0,0.0,0.0,1.0,0.135,0.2378854625550661,0.99,0.0,0,2,200,584,6,1.0273972602739725,0,5.84,0.0,0.75,0.72,5,3,0,0.9974051321001902,3,173,False,0.8,2,False,200,
set_01,unrelated_incidents,unrelated_incidents,1,0,0,1.0,0.0,0.0,0.0,1.0,1.0,1.0,0.995,0.0,0,1,200,584,6,1.0273972602739727,0,5.84,0.0,0.75,0.72,5,3,0,0.9974051321001902,3,173,True,0.8,2,False,200,
set_01,unrelated_incidents,unrelated_incidents,1,0,0,1.0,0.0,0.0,0.0,1.0,1.0,1.0,0.995,0.0,0,1,200,588,10,1.7006802721088436,0,5.88,0.0,0.75,0.72,5,5,0,0.9973575400860131,2,173,False,0.8,2,False,200,
set_01,unrelated_incidents,unrelated_incidents,1,0,0,1.0,0.0,0.0,0.0,1.0,1.0,1.0,0.995,0.0,0,1,200,588,10,1.7006802721088434,0,5.88,0.0,0.75,0.72,5,5,0,0.9973575400860131,2,173,True,0.8,2,False,200,
set_01,unrelated_incidents,unrelated_incidents,1,0,0,1.0,0.0,0.0,0.0,1.0,1.0,1.0,0.995,0.0,0,1,200,598,20,3.3444816053511706,0,5.98,0.0,0.75,0.72,5,10,0,0.9968082976580463,2,173,False,0.8,2,False,200,
set_01,unrelated_incidents,unrelated_incidents,1,0,0,1.0,0.0,0.0,0.0,1.0,1.0,1.0,0.995,0.0,0,1,200,598,20,3.3444816053511706,0,5.98,0.0,0.75,0.72,5,10,0,0.9968082976580463,2,173,True,0.8,2,False,200,
set_01,unrelated_incidents,unrelated_incidents,1,0,0,1.0,0.0,0.0,0.0,1.0,0.135,0.2378854625550661,0.99,0.0,0,2,200,1052,2,0.19011406844106463,0,10.52,0.0,0.75,0.72,10,1,0,0.9979968792245415,3,173,False,0.8,2,False,200,
set_01,unrelated_incidents,unrelated_incidents,1,0,0,1.0,0.0,0.0,0.0,1.0,1.0,1.0,0.995,0.0,0,1,200,1052,2,0.19011406844106463,0,10.52,0.0,0.75,0.72,10,1,0,0.9979968792245415,3,173,True,0.8,2,False,200,
set_01,unrelated_incidents,unrelated_incidents,1,0,0,1.0,0.0,0.0,0.0,1.0,1.0,1.0,0.995,0.0,0,1,200,1054,4,0.3795066413662239,0,10.54,0.0,0.75,0.72,10,2,0,0.9977545177235323,3,173,False,0.8,2,False,200,
set_01,unrelated_incidents,unrelated_incidents,1,0,0,1.0,0.0,0.0,0.0,1.0,1.0,1.0,0.995,0.0,0,1,200,1054,4,0.3795066413662239,0,10.54,0.0,0.75,0.72,10,2,0,0.9977545177235323,3,173,True,0.8,2,False,200,
set_01,unrelated_incidents,unrelated_incidents,1,0,0,1.0,0.0,0.0,0.0,1.0,0.135,0.2378854625550661,0.99,0.0,0,2,200,1056,6,0.5681818181818182,0,10.56,0.0,0.75,0.72,10,3,0,0.9975090055641803,3,173,False,0.8,2,False,200,
set_01,unrelated_incidents,unrelated_incidents,1,0,0,1.0,0.0,0.0,0.0,1.0,1.0,1.0,0.995,0.0,0,1,200,1056,6,0.5681818181818182,0,10.56,0.0,0.75,0.72,10,3,0,0.9975090055641803,3,173,True,0.8,2,False,200,
set_01,unrelated_incidents,unrelated_incidents,1,0,0,1.0,0.0,0.0,0.0,1.0,0.135,0.2378854625550661,0.99,0.0,0,2,200,1060,10,0.9433962264150944,0,10.6,0.0,0.75,0.72,10,5,0,0.9970187838909761,3,173,False,0.8,2,False,200,
set_01,unrelated_incidents,unrelated_incidents,1,0,0,1.0,0.0,0.0,0.0,1.0,1.0,1.0,0.995,0.0,0,1,200,1060,10,0.9433962264150944,0,10.6,0.0,0.75,0.72,10,5,0,0.9970187838909761,3,173,True,0.8,2,False,200,
set_01,unrelated_incidents,unrelated_incidents,1,0,0,1.0,0.0,0.0,0.0,1.0,1.0,1.0,0.995,0.0,0,1,200,1070,20,1.8691588785046727,0,10.7,0.0,0.75,0.72,10,10,0,0.9959701432245914,3,173,False,0.8,2,False,200,
set_01,unrelated_incidents,unrelated_incidents,1,0,0,1.0,0.0,0.0,0.0,1.0,1.0,1.0,0.995,0.0,0,1,200,1070,20,1.8691588785046729,0,10.7,0.0,0.75,0.72,10,10,0,0.9959701432245914,3,173,True,0.8,2,False,200,
set_01,unrelated_incidents,unrelated_incidents,1,0,0,1.0,0.0,0.0,0.0,1.0,0.135,0.2378854625550661,0.99,0.0,0,2,200,1491,2,0.1341381623071764,0,14.91,0.0,0.75,0.72,15,1,0,0.9976202450207942,3,96,False,0.8,2,False,200,
set_01,unrelated_incidents,unrelated_incidents,1,0,0,1.0,0.0,0.0,0.0,1.0,0.135,0.2378854625550661,0.99,0.0,0,2,200,1491,2,0.1341381623071764,0,14.91,0.0,0.75,0.72,15,1,0,0.9976202450207942,3,96,True,0.8,2,False,200,
set_01,unrelated_incidents,unrelated_incidents,1,0,0,1.0,0.0,0.0,0.0,1.0,1.0,1.0,0.995,0.0,0,1,200,1493,4,0.26791694574681846,0,14.93,0.0,0.75,0.72,15,2,0,0.9974288851801214,3,96,False,0.8,2,False,200,
set_01,unrelated_incidents,unrelated_incidents,1,0,0,1.0,0.0,0.0,0.0,1.0,1.0,1.0,0.995,0.0,0,1,200,1493,4,0.2679169457468185,0,14.93,0.0,0.75,0.72,15,2,0,0.9974288851801214,3,96,True,0.8,2,False,200,
set_01,unrelated_incidents,unrelated_incidents,1,0,0,1.0,0.0,0.0,0.0,1.0,1.0,1.0,0.995,0.0,0,1,200,1495,6,0.4013377926421404,0,14.95,0.0,0.75,0.72,15,3,0,0.9972377527118925,3,96,False,0.8,2,False,200,
set_01,unrelated_incidents,unrelated_incidents,1,0,0,1.0,0.0,0.0,0.0,1.0,1.0,1.0,0.995,0.0,0,1,200,1495,6,0.4013377926421405,0,14.95,0.0,0.75,0.72,15,3,0,0.9972377527118925,3,96,True,0.8,2,False,200,
set_01,unrelated_incidents,unrelated_incidents,1,0,0,1.0,0.0,0.0,0.0,1.0,1.0,1.0,0.995,0.0,0,1,200,1499,10,0.66711140760507,0,14.99,0.0,0.75,0.72,15,5,0,0.9968617749739043,3,96,False,0.8,2,False,200,
set_01,unrelated_incidents,unrelated_incidents,1,0,0,1.0,0.0,0.0,0.0,1.0,0.135,0.2378854625550661,0.99,0.0,0,2,200,1499,10,0.66711140760507,0,14.99,0.0,0.75,0.72,15,5,0,0.9968617749739043,3,96,True,0.8,2,False,200,
set_01,unrelated_incidents,unrelated_incidents,1,0,0,1.0,0.0,0.0,0.0,1.0,1.0,1.0,0.995,0.0,0,1,200,1509,20,1.325381047051027,0,15.09,0.0,0.75,0.72,15,10,0,0.9959473541195303,2,173,False,0.8,2,False,200,
set_01,unrelated_incidents,unrelated_incidents,1,0,0,1.0,0.0,0.0,0.0,1.0,1.0,1.0,0.995,0.0,0,1,200,1509,20,1.3253810470510272,0,15.09,0.0,0.75,0.72,15,10,0,0.9959473541195303,2,173,True,0.8,2,False,200,
set_01,unrelated_incidents,unrelated_incidents,1,0,0,1.0,0.0,0.0,0.0,1.0,1.0,1.0,0.995,0.0,0,1,200,1926,2,0.10384215991692627,0,19.26,0.0,0.75,0.72,20,1,0,0.9975485483248285,3,96,False,0.8,2,False,200,
set_01,unrelated_incidents,unrelated_incidents,1,0,0,1.0,0.0,0.0,0.0,1.0,1.0,1.0,0.995,0.0,0,1,200,1926,2,0.10384215991692627,0,19.26,0.0,0.75,0.72,20,1,0,0.9975485483248285,3,96,True,0.8,2,False,200,
set_01,unrelated_incidents,unrelated_incidents,1,0,0,1.0,0.0,0.0,0.0,1.0,0.135,0.2378854625550661,0.99,0.0,0,2,200,1928,4,0.2074688796680498,0,19.28,0.0,0.75,0.72,20,2,0,0.9974071480241059,3,96,False,0.8,2,False,200,
set_01,unrelated_incidents,unrelated_incidents,1,0,0,1.0,0.0,0.0,0.0,1.0,1.0,1.0,0.995,0.0,0,1,200,1928,4,0.2074688796680498,0,19.28,0.0,0.75,0.72,20,2,0,0.9974071480241059,3,96,True,0.8,2,False,200,
set_01,unrelated_incidents,unrelated_incidents,1,0,0,1.0,0.0,0.0,0.0,1.0,1.0,1.0,0.995,0.0,0,1,200,1930,6,0.31088082901554404,0,19.3,0.0,0.75,0.72,20,3,0,0.9972591187052159,3,96,False,0.8,2,False,200,
set_01,unrelated_incidents,unrelated_incidents,1,0,0,1.0,0.0,0.0,0.0,1.0,0.135,0.2378854625550661,0.99,0.0,0,2,200,1930,6,0.31088082901554404,0,19.3,0.0,0.75,0.72,20,3,0,0.9972591187052159,3,96,True,0.8,2,False,200,
set_01,unrelated_incidents,unrelated_incidents,1,0,0,1.0,0.0,0.0,0.0,1.0,1.0,1.0,0.995,0.0,0,1,200,1934,10,0.5170630816959669,0,19.34,0.0,0.75,0.72,20,5,0,0.9969639095796548,3,96,False,0.8,2,False,200,
set_01,unrelated_incidents,unrelated_incidents,1,0,0,1.0,0.0,0.0,0.0,1.0,1.0,1.0,0.995,0.0,0,1,200,1934,10,0.5170630816959669,0,19.34,0.0,0.75,0.72,20,5,0,0.9969639095796548,3,96,True,0.8,2,False,200,
set_01,unrelated_incidents,unrelated_incidents,1,0,0,1.0,0.0,0.0,0.0,1.0,1.0,1.0,0.995,0.0,0,1,200,1944,20,1.02880658436214,0,19.44,0.0,0.75,0.72,20,10,0,0.9962068852573756,3,96,False,0.8,2,False,200,
set_01,unrelated_incidents,unrelated_incidents,1,0,0,1.0,0.0,0.0,0.0,1.0,1.0,1.0,0.995,0.0,0,1,200,1944,20,1.02880658436214,0,19.44,0.0,0.75,0.72,20,10,0,0.9962068852573756,3,96,True,0.8,2,False,200,
set_01,unrelated_incidents,unrelated_incidents,1,0,0,1.0,0.0,0.0,0.0,1.0,1.0,1.0,0.995,0.0,0,1,200,2656,2,0.07530120481927711,0,26.56,0.0,0.75,0.72,30,1,0,0.9982223283409714,3,96,False,0.8,2,False,200,
set_01,unrelated_incidents,unrelated_incidents,1,0,0,1.0,0.0,0.0,0.0,1.0,1.0,1.0,0.995,0.0,0,1,200,2656,2,0.07530120481927711,0,26.56,0.0,0.75,0.72,30,1,0,0.9982223283409714,3,96,True,0.8,2,False,200,
set_01,unrelated_incidents,unrelated_incidents,1,0,0,1.0,0.0,0.0,0.0,1.0,1.0,1.0,0.995,0.0,0,1,200,2658,4,0.15048908954100826,0,26.58,0.0,0.75,0.72,30,2,0,0.998109556235614,3,96,False,0.8,2,False,200,
set_01,unrelated_incidents,unrelated_incidents,1,0,0,1.0,0.0,0.0,0.0,1.0,0.135,0.2378854625550661,0.99,0.0,0,2,200,2658,4,0.1504890895410083,0,26.58,0.0,0.75,0.72,30,2,0,0.998109556235614,3,96,True,0.8,2,False,200,
set_01,unrelated_incidents,unrelated_incidents,1,0,0,1.0,0.0,0.0,0.0,1.0,1.0,1.0,0.995,0.0,0,1,200,2660,6,0.2255639097744361,0,26.6,0.0,0.75,0.72,30,3,0,0.9979276587192277,3,96,False,0.8,2,False,200,
set_01,unrelated_incidents,unrelated_incidents,1,0,0,1.0,0.0,0.0,0.0,1.0,1.0,1.0,0.995,0.0,0,1,200,2660,6,0.22556390977443608,0,26.6,0.0,0.75,0.72,30,3,0,0.9979276587192277,3,96,True,0.8,2,False,200,
set_01,unrelated_incidents,unrelated_incidents,1,0,0,1.0,0.0,0.0,0.0,1.0,0.135,0.2378854625550661,0.99,0.0,0,2,200,2663,9,0.3379647014645137,0,26.63,0.0,0.75,0.72,30,5,0,0.9976317595146313,3,96,False,0.8,2,False,200,
set_01,unrelated_incidents,unrelated_incidents,1,0,0,1.0,0.0,0.0,0.0,1.0,0.135,0.2378854625550661,0.99,0.0,0,2,200,2663,9,0.3379647014645137,0,26.63,0.0,0.75,0.72,30,5,0,0.9976317595146313,3,96,True,0.8,2,False,200,
set_01,unrelated_incidents,unrelated_incidents,1,0,0,1.0,0.0,0.0,0.0,1.0,0.135,0.2378854625550661,0.99,0.0,0,2,200,2673,19,0.710811821922933,0,26.73,0.0,0.75,0.72,30,10,0,0.9968220091829396,3,96,False,0.8,2,False,200,
set_01,unrelated_incidents,unrelated_incidents,1,0,0,1.0,0.0,0.0,0.0,1.0,1.0,1.0,0.995,0.0,0,1,200,2673,19,0.710811821922933,0,26.73,0.0,0.75,0.72,30,10,0,0.9968220091829396,3,96,True,0.8,2,False,200,
set_01,unrelated_incidents,unrelated_incidents,1,0,0,1.0,0.0,0.0,0.0,1.0,1.0,1.0,0.995,0.0,0,1,200,4014,2,0.04982561036372695,0,40.14,0.0,0.75,0.72,50,1,0,0.9988237429181913,3,96,False,0.8,2,False,200,
set_01,unrelated_incidents,unrelated_incidents,1,0,0,1.0,0.0,0.0,0.0,1.0,1.0,1.0,0.995,0.0,0,1,200,4014,2,0.04982561036372696,0,40.14,0.0,0.75,0.72,50,1,0,0.9988237429181913,3,96,True,0.8,2,False,200,
set_01,unrelated_incidents,unrelated_incidents,1,0,0,1.0,0.0,0.0,0.0,1.0,1.0,1.0,0.995,0.0,0,1,200,4016,4,0.099601593625498,0,40.16,0.0,0.75,0.72,50,2,0,0.9987488048989697,3,96,False,0.8,2,False,200,
set_01,unrelated_incidents,unrelated_incidents,1,0,0,1.0,0.0,0.0,0.0,1.0,0.135,0.2378854625550661,0.99,0.0,0,2,200,4016,4,0.099601593625498,0,40.16,0.0,0.75,0.72,50,2,0,0.9987488048989697,3,96,True,0.8,2,False,200,
set_01,unrelated_incidents,unrelated_incidents,1,0,0,1.0,0.0,0.0,0.0,1.0,1.0,1.0,0.995,0.0,0,1,200,4018,6,0.14932802389248384,0,40.18,0.0,0.75,0.72,50,3,0,0.9986280667479208,3,96,False,0.8,2,False,200,
set_01,unrelated_incidents,unrelated_incidents,1,0,0,1.0,0.0,0.0,0.0,1.0,0.135,0.2378854625550661,0.99,0.0,0,2,200,4018,6,0.1493280238924838,0,40.18,0.0,0.75,0.72,50,3,0,0.9986280667479208,3,96,True,0.8,2,False,200,
set_01,unrelated_incidents,unrelated_incidents,1,0,0,1.0,0.0,0.0,0.0,1.0,1.0,1.0,0.995,0.0,0,1,200,4021,9,0.22382491917433472,0,40.21,0.0,0.75,0.72,50,5,0,0.998431578111779,3,96,False,0.8,2,False,200,
set_01,unrelated_incidents,unrelated_incidents,1,0,0,1.0,0.0,0.0,0.0,1.0,0.135,0.2378854625550661,0.99,0.0,0,2,200,4021,9,0.22382491917433475,0,40.21,0.0,0.75,0.72,50,5,0,0.998431578111779,3,96,True,0.8,2,False,200,
set_01,unrelated_incidents,unrelated_incidents,1,0,0,1.0,0.0,0.0,0.0,1.0,1.0,1.0,0.995,0.0,0,1,200,4031,19,0.47134706028280826,0,40.31,0.0,0.75,0.72,50,10,0,0.9978926396789872,3,96,False,0.8,2,False,200,
set_01,unrelated_incidents,unrelated_incidents,1,0,0,1.0,0.0,0.0,0.0,1.0,1.0,1.0,0.995,0.0,0,1,200,4031,19,0.47134706028280826,0,40.31,0.0,0.75,0.72,50,10,0,0.9978926396789872,3,96,True,0.8,2,False,200,
set_01,unrelated_incidents,unrelated_incidents,1,0,0,1.0,0.0,0.0,0.0,1.0,1.0,1.0,0.995,0.0,0,1,200,580,2,0.3448275862068966,0,5.8,0.0,0.78,0.72,5,1,0,0.9982012931642861,3,173,False,0.8,2,False,200,
set_01,unrelated_incidents,unrelated_incidents,1,0,0,1.0,0.0,0.0,0.0,1.0,1.0,1.0,0.995,0.0,0,1,200,580,2,0.3448275862068966,0,5.8,0.0,0.78,0.72,5,1,0,0.9982012931642861,3,173,True,0.8,2,False,200,
set_01,unrelated_incidents,unrelated_incidents,1,0,0,1.0,0.0,0.0,0.0,1.0,1.0,1.0,0.995,0.0,0,1,200,582,4,0.6872852233676976,0,5.82,0.0,0.78,0.72,5,2,0,0.9978322463551748,3,173,False,0.8,2,False,200,
set_01,unrelated_incidents,unrelated_incidents,1,0,0,1.0,0.0,0.0,0.0,1.0,1.0,1.0,0.995,0.0,0,1,200,582,4,0.6872852233676976,0,5.82,0.0,0.78,0.72,5,2,0,0.9978322463551748,3,173,True,0.8,2,False,200,
set_01,unrelated_incidents,unrelated_incidents,1,0,0,1.0,0.0,0.0,0.0,1.0,1.0,1.0,0.995,0.0,0,1,200,584,6,1.0273972602739725,0,5.84,0.0,0.78,0.72,5,3,0,0.9974051321001902,3,173,False,0.8,2,False,200,
set_01,unrelated_incidents,unrelated_incidents,1,0,0,1.0,0.0,0.0,0.0,1.0,1.0,1.0,0.995,0.0,0,1,200,584,6,1.0273972602739727,0,5.84,0.0,0.78,0.72,5,3,0,0.9974051321001902,3,173,True,0.8,2,False,200,
set_01,unrelated_incidents,unrelated_incidents,1,0,0,1.0,0.0,0.0,0.0,1.0,1.0,1.0,0.995,0.0,0,1,200,588,10,1.7006802721088436,0,5.88,0.0,0.78,0.72,5,5,0,0.9973575400860131,2,173,False,0.8,2,False,200,
set_01,unrelated_incidents,unrelated_incidents,1,0,0,1.0,0.0,0.0,0.0,1.0,0.135,0.2378854625550661,0.99,0.0,0,2,200,588,10,1.7006802721088434,0,5.88,0.0,0.78,0.72,5,5,0,0.9973575400860131,2,173,True,0.8,2,False,200,
set_01,unrelated_incidents,unrelated_incidents,1,0,0,1.0,0.0,0.0,0.0,1.0,0.135,0.2378854625550661,0.99,0.0,0,2,200,598,20,3.3444816053511706,0,5.98,0.0,0.78,0.72,5,10,0,0.9968082976580463,2,173,False,0.8,2,False,200,
set_01,unrelated_incidents,unrelated_incidents,1,0,0,1.0,0.0,0.0,0.0,1.0,1.0,1.0,0.995,0.0,0,1,200,598,20,3.3444816053511706,0,5.98,0.0,0.78,0.72,5,10,0,0.9968082976580463,2,173,True,0.8,2,False,200,
set_01,unrelated_incidents,unrelated_incidents,1,0,0,1.0,0.0,0.0,0.0,1.0,1.0,1.0,0.995,0.0,0,1,200,1052,2,0.19011406844106463,0,10.52,0.0,0.78,0.72,10,1,0,0.9979968792245415,3,173,False,0.8,2,False,200,
set_01,unrelated_incidents,unrelated_incidents,1,0,0,1.0,0.0,0.0,0.0,1.0,1.0,1.0,0.995,0.0,0,1,200,1052,2,0.19011406844106463,0,10.52,0.0,0.78,0.72,10,1,0,0.9979968792245415,3,173,True,0.8,2,False,200,
set_01,unrelated_incidents,unrelated_incidents,1,0,0,1.0,0.0,0.0,0.0,1.0,1.0,1.0,0.995,0.0,0,1,200,1054,4,0.3795066413662239,0,10.54,0.0,0.78,0.72,10,2,0,0.9977545177235323,3,173,False,0.8,2,False,200,
set_01,unrelated_incidents,unrelated_incidents,1,0,0,1.0,0.0,0.0,0.0,1.0,1.0,1.0,0.995,0.0,0,1,200,1054,4,0.3795066413662239,0,10.54,0.0,0.78,0.72,10,2,0,0.9977545177235323,3,173,True,0.8,2,False,200,
set_01,unrelated_incidents,unrelated_incidents,1,0,0,1.0,0.0,0.0,0.0,1.0,1.0,1.0,0.995,0.0,0,1,200,1056,6,0.5681818181818182,0,10.56,0.0,0.78,0.72,10,3,0,0.9975090055641803,3,173,False,0.8,2,False,200,
set_01,unrelated_incidents,unrelated_incidents,1,0,0,1.0,0.0,0.0,0.0,1.0,1.0,1.0,0.995,0.0,0,1,200,1056,6,0.5681818181818182,0,10.56,0.0,0.78,0.72,10,3,0,0.9975090055641803,3,173,True,0.8,2,False,200,
set_01,unrelated_incidents,unrelated_incidents,1,0,0,1.0,0.0,0.0,0.0,1.0,1.0,1.0,0.995,0.0,0,1,200,1060,10,0.9433962264150944,0,10.6,0.0,0.78,0.72,10,5,0,0.9970187838909761,3,173,False,0.8,2,False,200,
set_01,unrelated_incidents,unrelated_incidents,1,0,0,1.0,0.0,0.0,0.0,1.0,1.0,1.0,0.995,0.0,0,1,200,1060,10,0.9433962264150944,0,10.6,0.0,0.78,0.72,10,5,0,0.9970187838909761,3,173,True,0.8,2,False,200,
set_01,unrelated_incidents,unrelated_incidents,1,0,0,1.0,0.0,0.0,0.0,1.0,1.0,1.0,0.995,0.0,0,1,200,1070,20,1.8691588785046727,0,10.7,0.0,0.78,0.72,10,10,0,0.9959701432245914,3,173,False,0.8,2,False,200,
set_01,unrelated_incidents,unrelated_incidents,1,0,0,1.0,0.0,0.0,0.0,1.0,1.0,1.0,0.995,0.0,0,1,200,1070,20,1.8691588785046729,0,10.7,0.0,0.78,0.72,10,10,0,0.9959701432245914,3,173,True,0.8,2,False,200,
set_01,unrelated_incidents,unrelated_incidents,1,0,0,1.0,0.0,0.0,0.0,1.0,1.0,1.0,0.995,0.0,0,1,200,1491,2,0.1341381623071764,0,14.91,0.0,0.78,0.72,15,1,0,0.9976202450207942,3,96,False,0.8,2,False,200,
set_01,unrelated_incidents,unrelated_incidents,1,0,0,1.0,0.0,0.0,0.0,1.0,1.0,1.0,0.995,0.0,0,1,200,1491,2,0.1341381623071764,0,14.91,0.0,0.78,0.72,15,1,0,0.9976202450207942,3,96,True,0.8,2,False,200,
set_01,unrelated_incidents,unrelated_incidents,1,0,0,1.0,0.0,0.0,0.0,1.0,1.0,1.0,0.995,0.0,0,1,200,1493,4,0.26791694574681846,0,14.93,0.0,0.78,0.72,15,2,0,0.9974288851801214,3,96,False,0.8,2,False,200,
set_01,unrelated_incidents,unrelated_incidents,1,0,0,1.0,0.0,0.0,0.0,1.0,1.0,1.0,0.995,0.0,0,1,200,1493,4,0.2679169457468185,0,14.93,0.0,0.78,0.72,15,2,0,0.9974288851801214,3,96,True,0.8,2,False,200,
set_01,unrelated_incidents,unrelated_incidents,1,0,0,1.0,0.0,0.0,0.0,1.0,0.135,0.2378854625550661,0.99,0.0,0,2,200,1495,6,0.4013377926421404,0,14.95,0.0,0.78,0.72,15,3,0,0.9972377527118925,3,96,False,0.8,2,False,200,
set_01,unrelated_incidents,unrelated_incidents,1,0,0,1.0,0.0,0.0,0.0,1.0,1.0,1.0,0.995,0.0,0,1,200,1495,6,0.4013377926421405,0,14.95,0.0,0.78,0.72,15,3,0,0.9972377527118925,3,96,True,0.8,2,False,200,
set_01,unrelated_incidents,unrelated_incidents,1,0,0,1.0,0.0,0.0,0.0,1.0,1.0,1.0,0.995,0.0,0,1,200,1499,10,0.66711140760507,0,14.99,0.0,0.78,0.72,15,5,0,0.9968617749739043,3,96,False,0.8,2,False,200,
set_01,unrelated_incidents,unrelated_incidents,1,0,0,1.0,0.0,0.0,0.0,1.0,1.0,1.0,0.995,0.0,0,1,200,1499,10,0.66711140760507,0,14.99,0.0,0.78,0.72,15,5,0,0.9968617749739043,3,96,True,0.8,2,False,200,
set_01,unrelated_incidents,unrelated_incidents,1,0,0,1.0,0.0,0.0,0.0,1.0,1.0,1.0,0.995,0.0,0,1,200,1509,20,1.325381047051027,0,15.09,0.0,0.78,0.72,15,10,0,0.9959473541195303,2,173,False,0.8,2,False,200,
set_01,unrelated_incidents,unrelated_incidents,1,0,0,1.0,0.0,0.0,0.0,1.0,1.0,1.0,0.995,0.0,0,1,200,1509,20,1.3253810470510272,0,15.09,0.0,0.78,0.72,15,10,0,0.9959473541195303,2,173,True,0.8,2,False,200,
set_01,unrelated_incidents,unrelated_incidents,1,0,0,1.0,0.0,0.0,0.0,1.0,0.135,0.2378854625550661,0.99,0.0,0,2,200,1925,2,0.1038961038961039,0,19.25,0.0,0.78,0.72,20,1,0,0.9976740349422801,3,96,False,0.8,2,False,200,
set_01,unrelated_incidents,unrelated_incidents,1,0,0,1.0,0.0,0.0,0.0,1.0,1.0,1.0,0.995,0.0,0,1,200,1925,2,0.1038961038961039,0,19.25,0.0,0.78,0.72,20,1,0,0.9976740349422801,3,96,True,0.8,2,False,200,
set_01,unrelated_incidents,unrelated_incidents,1,0,0,1.0,0.0,0.0,0.0,1.0,1.0,1.0,0.995,0.0,0,1,200,1927,4,0.2075765438505449,0,19.27,0.0,0.78,0.72,20,2,0,0.9975324310227015,3,96,False,0.8,2,False,200,
set_01,unrelated_incidents,unrelated_incidents,1,0,0,1.0,0.0,0.0,0.0,1.0,1.0,1.0,0.995,0.0,0,1,200,1927,4,0.2075765438505449,0,19.27,0.0,0.78,0.72,20,2,0,0.9975324310227015,3,96,True,0.8,2,False,200,
set_01,unrelated_incidents,unrelated_incidents,1,0,0,1.0,0.0,0.0,0.0,1.0,1.0,1.0,0.995,0.0,0,1,200,1929,6,0.3110419906687403,0,19.29,0.0,0.78,0.72,20,3,0,0.9973841950706771,3,96,False,0.8,2,False,200,
set_01,unrelated_incidents,unrelated_incidents,1,0,0,1.0,0.0,0.0,0.0,1.0,1.0,1.0,0.995,0.0,0,1,200,1929,6,0.3110419906687403,0,19.29,0.0,0.78,0.72,20,3,0,0.9973841950706771,3,96,True,0.8,2,False,200,
set_01,unrelated_incidents,unrelated_incidents,1,0,0,1.0,0.0,0.0,0.0,1.0,0.135,0.2378854625550661,0.99,0.0,0,2,200,1933,10,0.5173305742369374,0,19.33,0.0,0.78,0.72,20,5,0,0.9970885744010977,3,96,False,0.8,2,False,200,
set_01,unrelated_incidents,unrelated_incidents,1,0,0,1.0,0.0,0.0,0.0,1.0,1.0,1.0,0.995,0.0,0,1,200,1933,10,0.5173305742369374,0,19.33,0.0,0.78,0.72,20,5,0,0.9970885744010977,3,96,True,0.8,2,False,200,
set_01,unrelated_incidents,unrelated_incidents,1,0,0,1.0,0.0,0.0,0.0,1.0,1.0,1.0,0.995,0.0,0,1,200,1943,20,1.029336078229542,0,19.43,0.0,0.78,0.72,20,10,0,0.996330518852603,3,96,False,0.8,2,False,200,
set_01,unrelated_incidents,unrelated_incidents,1,0,0,1.0,0.0,0.0,0.0,1.0,0.135,0.2378854625550661,0.99,0.0,0,2,200,1943,20,1.029336078229542,0,19.43,0.0,0.78,0.72,20,10,0,0.996330518852603,3,96,True,0.8,2,False,200,
set_01,unrelated_incidents,unrelated_incidents,1,0,0,1.0,0.0,0.0,0.0,1.0,1.0,1.0,0.995,0.0,0,1,200,2655,2,0.07532956685499058,0,26.55,0.0,0.78,0.72,30,1,0,0.9983135658244404,3,96,False,0.8,2,False,200,
set_01,unrelated_incidents,unrelated_incidents,1,0,0,1.0,0.0,0.0,0.0,1.0,1.0,1.0,0.995,0.0,0,1,200,2655,2,0.07532956685499058,0,26.55,0.0,0.78,0.72,30,1,0,0.9983135658244404,3,96,True,0.8,2,False,200,
set_01,unrelated_incidents,unrelated_incidents,1,0,0,1.0,0.0,0.0,0.0,1.0,1.0,1.0,0.995,0.0,0,1,200,2657,4,0.1505457282649605,0,26.57,0.0,0.78,0.72,30,2,0,0.9982006825986194,3,96,False,0.8,2,False,200,
set_01,unrelated_incidents,unrelated_incidents,1,0,0,1.0,0.0,0.0,0.0,1.0,1.0,1.0,0.995,0.0,0,1,200,2657,4,0.1505457282649605,0,26.57,0.0,0.78,0.72,30,2,0,0.9982006825986194,3,96,True,0.8,2,False,200,
set_01,unrelated_incidents,unrelated_incidents,1,0,0,1.0,0.0,0.0,0.0,1.0,1.0,1.0,0.995,0.0,0,1,200,2659,6,0.22564874012786762,0,26.59,0.0,0.78,0.72,30,3,0,0.9980186481321607,3,96,False,0.8,2,False,200,
set_01,unrelated_incidents,unrelated_incidents,1,0,0,1.0,0.0,0.0,0.0,1.0,0.135,0.2378854625550661,0.99,0.0,0,2,200,2659,6,0.22564874012786762,0,26.59,0.0,0.78,0.72,30,3,0,0.9980186481321607,3,96,True,0.8,2,False,200,
set_01,unrelated_incidents,unrelated_incidents,1,0,0,1.0,0.0,0.0,0.0,1.0,1.0,1.0,0.995,0.0,0,1,200,2662,9,0.33809166040571,0,26.62,0.0,0.78,0.72,30,5,0,0.9977225352282993,3,96,False,0.8,2,False,200,
set_01,unrelated_incidents,unrelated_incidents,1,0,0,1.0,0.0,0.0,0.0,1.0,1.0,1.0,0.995,0.0,0,1,200,2662,9,0.33809166040571,0,26.62,0.0,0.78,0.72,30,5,0,0.9977225352282993,3,96,True,0.8,2,False,200,
set_01,unrelated_incidents,unrelated_incidents,1,0,0,1.0,0.0,0.0,0.0,1.0,1.0,1.0,0.995,0.0,0,1,200,2672,19,0.7110778443113772,0,26.72,0.0,0.78,0.72,30,10,0,0.9969121421168664,3,96,False,0.8,2,False,200,
set_01,unrelated_incidents,unrelated_incidents,1,0,0,1.0,0.0,0.0,0.0,1.0,1.0,1.0,0.995,0.0,0,1,200,2672,19,0.7110778443113772,0,26.72,0.0,0.78,0.72,30,10,0,0.9969121421168664,3,96,True,0.8,2,False,200,
set_01,unrelated_incidents,unrelated_incidents,1,0,0,1.0,0.0,0.0,0.0,1.0,1.0,1.0,0.995,0.0,0,1,200,4013,2,0.049838026414154,0,40.13,0.0,0.78,0.72,50,1,0,0.998884255485644,3,96,False,0.8,2,False,200,
set_01,unrelated_incidents,unrelated_incidents,1,0,0,1.0,0.0,0.0,0.0,1.0,1.0,1.0,0.995,0.0,0,1,200,4013,2,0.049838026414153996,0,40.13,0.0,0.78,0.72,50,1,0,0.998884255485644,3,96,True,0.8,2,False,200,
set_01,unrelated_incidents,unrelated_incidents,1,0,0,1.0,0.0,0.0,0.0,1.0,0.135,0.2378854625550661,0.99,0.0,0,2,200,4015,4,0.099626400996264,0,40.15,0.0,0.78,0.72,50,2,0,0.9988092686586629,3,96,False,0.8,2,False,200,
set_01,unrelated_incidents,unrelated_incidents,1,0,0,1.0,0.0,0.0,0.0,1.0,1.0,1.0,0.995,0.0,0,1,200,4015,4,0.099626400996264,0,40.15,0.0,0.78,0.72,50,2,0,0.9988092686586629,3,96,True,0.8,2,False,200,
set_01,unrelated_incidents,unrelated_incidents,1,0,0,1.0,0.0,0.0,0.0,1.0,1.0,1.0,0.995,0.0,0,1,200,4017,6,0.14936519790888725,0,40.17,0.0,0.78,0.72,50,3,0,0.9986884703468796,3,96,False,0.8,2,False,200,
set_01,unrelated_incidents,unrelated_incidents,1,0,0,1.0,0.0,0.0,0.0,1.0,1.0,1.0,0.995,0.0,0,1,200,4017,6,0.14936519790888722,0,40.17,0.0,0.78,0.72,50,3,0,0.9986884703468796,3,96,True,0.8,2,False,200,
set_01,unrelated_incidents,unrelated_incidents,1,0,0,1.0,0.0,0.0,0.0,1.0,1.0,1.0,0.995,0.0,0,1,200,4020,9,0.22388059701492538,0,40.2,0.0,0.78,0.72,50,5,0,0.9984918877556549,3,96,False,0.8,2,False,200,
set_01,unrelated_incidents,unrelated_incidents,1,0,0,1.0,0.0,0.0,0.0,1.0,1.0,1.0,0.995,0.0,0,1,200,4020,9,0.22388059701492538,0,40.2,0.0,0.78,0.72,50,5,0,0.9984918877556549,3,96,True,0.8,2,False,200,
set_01,unrelated_incidents,unrelated_incidents,1,0,0,1.0,0.0,0.0,0.0,1.0,1.0,1.0,0.995,0.0,0,1,200,4030,19,0.4714640198511167,0,40.3,0.0,0.78,0.72,50,10,0,0.9979526659395204,3,96,False,0.8,2,False,200,
set_01,unrelated_incidents,unrelated_incidents,1,0,0,1.0,0.0,0.0,0.0,1.0,1.0,1.0,0.995,0.0,0,1,200,4030,19,0.47146401985111663,0,40.3,0.0,0.78,0.72,50,10,0,0.9979526659395204,3,96,True,0.8,2,False,200,
set_01,unrelated_incidents,unrelated_incidents,1,0,0,1.0,0.0,0.0,0.0,1.0,1.0,1.0,0.995,0.0,0,1,200,580,2,0.3448275862068966,0,5.8,0.0,0.8,0.7200000000000001,5,1,0,0.9982012931642861,3,173,False,0.8,2,False,200,
set_01,unrelated_incidents,unrelated_incidents,1,0,0,1.0,0.0,0.0,0.0,1.0,1.0,1.0,0.995,0.0,0,1,200,580,2,0.3448275862068966,0,5.8,0.0,0.8,0.7200000000000001,5,1,0,0.9982012931642861,3,173,True,0.8,2,False,200,
set_01,unrelated_incidents,unrelated_incidents,1,0,0,1.0,0.0,0.0,0.0,1.0,0.135,0.2378854625550661,0.99,0.0,0,2,200,582,4,0.6872852233676976,0,5.82,0.0,0.8,0.7200000000000001,5,2,0,0.9978322463551748,3,173,False,0.8,2,False,200,
set_01,unrelated_incidents,unrelated_incidents,1,0,0,1.0,0.0,0.0,0.0,1.0,1.0,1.0,0.995,0.0,0,1,200,582,4,0.6872852233676976,0,5.82,0.0,0.8,0.7200000000000001,5,2,0,0.9978322463551748,3,173,True,0.8,2,False,200,
set_01,unrelated_incidents,unrelated_incidents,1,0,0,1.0,0.0,0.0,0.0,1.0,1.0,1.0,0.995,0.0,0,1,200,584,6,1.0273972602739725,0,5.84,0.0,0.8,0.7200000000000001,5,3,0,0.9974051321001902,3,173,False,0.8,2,False,200,
set_01,unrelated_incidents,unrelated_incidents,1,0,0,1.0,0.0,0.0,0.0,1.0,1.0,1.0,0.995,0.0,0,1,200,584,6,1.0273972602739727,0,5.84,0.0,0.8,0.7200000000000001,5,3,0,0.9974051321001902,3,173,True,0.8,2,False,200,
set_01,unrelated_incidents,unrelated_incidents,1,0,0,1.0,0.0,0.0,0.0,1.0,0.135,0.2378854625550661,0.99,0.0,0,2,200,588,10,1.7006802721088436,0,5.88,0.0,0.8,0.7200000000000001,5,5,0,0.9973575400860131,2,173,False,0.8,2,False,200,
set_01,unrelated_incidents,unrelated_incidents,1,0,0,1.0,0.0,0.0,0.0,1.0,1.0,1.0,0.995,0.0,0,1,200,588,10,1.7006802721088434,0,5.88,0.0,0.8,0.7200000000000001,5,5,0,0.9973575400860131,2,173,True,0.8,2,False,200,
set_01,unrelated_incidents,unrelated_incidents,1,0,0,1.0,0.0,0.0,0.0,1.0,1.0,1.0,0.995,0.0,0,1,200,598,20,3.3444816053511706,0,5.98,0.0,0.8,0.7200000000000001,5,10,0,0.9968082976580463,2,173,False,0.8,2,False,200,
set_01,unrelated_incidents,unrelated_incidents,1,0,0,1.0,0.0,0.0,0.0,1.0,1.0,1.0,0.995,0.0,0,1,200,598,20,3.3444816053511706,0,5.98,0.0,0.8,0.7200000000000001,5,10,0,0.9968082976580463,2,173,True,0.8,2,False,200,
set_01,unrelated_incidents,unrelated_incidents,1,0,0,1.0,0.0,0.0,0.0,1.0,1.0,1.0,0.995,0.0,0,1,200,1052,2,0.19011406844106463,0,10.52,0.0,0.8,0.7200000000000001,10,1,0,0.9979968792245415,3,173,False,0.8,2,False,200,
set_01,unrelated_incidents,unrelated_incidents,1,0,0,1.0,0.0,0.0,0.0,1.0,1.0,1.0,0.995,0.0,0,1,200,1052,2,0.19011406844106463,0,10.52,0.0,0.8,0.7200000000000001,10,1,0,0.9979968792245415,3,173,True,0.8,2,False,200,
set_01,unrelated_incidents,unrelated_incidents,1,0,0,1.0,0.0,0.0,0.0,1.0,1.0,1.0,0.995,0.0,0,1,200,1054,4,0.3795066413662239,0,10.54,0.0,0.8,0.7200000000000001,10,2,0,0.9977545177235323,3,173,False,0.8,2,False,200,
set_01,unrelated_incidents,unrelated_incidents,1,0,0,1.0,0.0,0.0,0.0,1.0,1.0,1.0,0.995,0.0,0,1,200,1054,4,0.3795066413662239,0,10.54,0.0,0.8,0.7200000000000001,10,2,0,0.9977545177235323,3,173,True,0.8,2,False,200,
set_01,unrelated_incidents,unrelated_incidents,1,0,0,1.0,0.0,0.0,0.0,1.0,0.135,0.2378854625550661,0.99,0.0,0,2,200,1056,6,0.5681818181818182,0,10.56,0.0,0.8,0.7200000000000001,10,3,0,0.9975090055641803,3,173,False,0.8,2,False,200,
set_01,unrelated_incidents,unrelated_incidents,1,0,0,1.0,0.0,0.0,0.0,1.0,1.0,1.0,0.995,0.0,0,1,200,1056,6,0.5681818181818182,0,10.56,0.0,0.8,0.7200000000000001,10,3,0,0.9975090055641803,3,173,True,0.8,2,False,200,
set_01,unrelated_incidents,unrelated_incidents,1,0,0,1.0,0.0,0.0,0.0,1.0,1.0,1.0,0.995,0.0,0,1,200,1060,10,0.9433962264150944,0,10.6,0.0,0.8,0.7200000000000001,10,5,0,0.9970187838909761,3,173,False,0.8,2,False,200,
set_01,unrelated_incidents,unrelated_incidents,1,0,0,1.0,0.0,0.0,0.0,1.0,0.135,0.2378854625550661,0.99,0.0,0,2,200,1060,10,0.9433962264150944,0,10.6,0.0,0.8,0.7200000000000001,10,5,0,0.9970187838909761,3,173,True,0.8,2,False,200,
set_01,unrelated_incidents,unrelated_incidents,1,0,0,1.0,0.0,0.0,0.0,1.0,1.0,1.0,0.995,0.0,0,1,200,1070,20,1.8691588785046727,0,10.7,0.0,0.8,0.7200000000000001,10,10,0,0.9959701432245914,3,173,False,0.8,2,False,200,
set_01,unrelated_incidents,unrelated_incidents,1,0,0,1.0,0.0,0.0,0.0,1.0,1.0,1.0,0.995,0.0,0,1,200,1070,20,1.8691588785046729,0,10.7,0.0,0.8,0.7200000000000001,10,10,0,0.9959701432245914,3,173,True,0.8,2,False,200,
set_01,unrelated_incidents,unrelated_incidents,1,0,0,1.0,0.0,0.0,0.0,1.0,1.0,1.0,0.995,0.0,0,1,200,1491,2,0.1341381623071764,0,14.91,0.0,0.8,0.7200000000000001,15,1,0,0.9976202450207942,3,96,False,0.8,2,False,200,
set_01,unrelated_incidents,unrelated_incidents,1,0,0,1.0,0.0,0.0,0.0,1.0,1.0,1.0,0.995,0.0,0,1,200,1491,2,0.1341381623071764,0,14.91,0.0,0.8,0.7200000000000001,15,1,0,0.9976202450207942,3,96,True,0.8,2,False,200,
set_01,unrelated_incidents,unrelated_incidents,1,0,0,1.0,0.0,0.0,0.0,1.0,1.0,1.0,0.995,0.0,0,1,200,1493,4,0.26791694574681846,0,14.93,0.0,0.8,0.7200000000000001,15,2,0,0.9974288851801214,3,96,False,0.8,2,False,200,
set_01,unrelated_incidents,unrelated_incidents,1,0,0,1.0,0.0,0.0,0.0,1.0,1.0,1.0,0.995,0.0,0,1,200,1493,4,0.2679169457468185,0,14.93,0.0,0.8,0.7200000000000001,15,2,0,0.9974288851801214,3,96,True,0.8,2,False,200,
set_01,unrelated_incidents,unrelated_incidents,1,0,0,1.0,0.0,0.0,0.0,1.0,0.135,0.2378854625550661,0.99,0.0,0,2,200,1495,6,0.4013377926421404,0,14.95,0.0,0.8,0.7200000000000001,15,3,0,0.9972377527118925,3,96,False,0.8,2,False,200,
set_01,unrelated_incidents,unrelated_incidents,1,0,0,1.0,0.0,0.0,0.0,1.0,1.0,1.0,0.995,0.0,0,1,200,1495,6,0.4013377926421405,0,14.95,0.0,0.8,0.7200000000000001,15,3,0,0.9972377527118925,3,96,True,0.8,2,False,200,
set_01,unrelated_incidents,unrelated_incidents,1,0,0,1.0,0.0,0.0,0.0,1.0,0.135,0.2378854625550661,0.99,0.0,0,2,200,1499,10,0.66711140760507,0,14.99,0.0,0.8,0.7200000000000001,15,5,0,0.9968617749739043,3,96,False,0.8,2,False,200,
set_01,unrelated_incidents,unrelated_incidents,1,0,0,1.0,0.0,0.0,0.0,1.0,1.0,1.0,0.995,0.0,0,1,200,1499,10,0.66711140760507,0,14.99,0.0,0.8,0.7200000000000001,15,5,0,0.9968617749739043,3,96,True,0.8,2,False,200,
set_01,unrelated_incidents,unrelated_incidents,1,0,0,1.0,0.0,0.0,0.0,1.0,1.0,1.0,0.995,0.0,0,1,200,1509,20,1.325381047051027,0,15.09,0.0,0.8,0.7200000000000001,15,10,0,0.9959473541195303,2,173,False,0.8,2,False,200,
set_01,unrelated_incidents,unrelated_incidents,1,0,0,1.0,0.0,0.0,0.0,1.0,1.0,1.0,0.995,0.0,0,1,200,1509,20,1.3253810470510272,0,15.09,0.0,0.8,0.7200000000000001,15,10,0,0.9959473541195303,2,173,True,0.8,2,False,200,
set_01,unrelated_incidents,unrelated_incidents,1,0,0,1.0,0.0,0.0,0.0,1.0,1.0,1.0,0.995,0.0,0,1,200,1925,2,0.1038961038961039,0,19.25,0.0,0.8,0.7200000000000001,20,1,0,0.9976740349422801,3,96,False,0.8,2,False,200,
set_01,unrelated_incidents,unrelated_incidents,1,0,0,1.0,0.0,0.0,0.0,1.0,0.135,0.2378854625550661,0.99,0.0,0,2,200,1925,2,0.1038961038961039,0,19.25,0.0,0.8,0.7200000000000001,20,1,0,0.9976740349422801,3,96,True,0.8,2,False,200,
set_01,unrelated_incidents,unrelated_incidents,1,0,0,1.0,0.0,0.0,0.0,1.0,1.0,1.0,0.995,0.0,0,1,200,1927,4,0.2075765438505449,0,19.27,0.0,0.8,0.7200000000000001,20,2,0,0.9975324310227015,3,96,False,0.8,2,False,200,
set_01,unrelated_incidents,unrelated_incidents,1,0,0,1.0,0.0,0.0,0.0,1.0,1.0,1.0,0.995,0.0,0,1,200,1927,4,0.2075765438505449,0,19.27,0.0,0.8,0.7200000000000001,20,2,0,0.9975324310227015,3,96,True,0.8,2,False,200,
set_01,unrelated_incidents,unrelated_incidents,1,0,0,1.0,0.0,0.0,0.0,1.0,1.0,1.0,0.995,0.0,0,1,200,1929,6,0.3110419906687403,0,19.29,0.0,0.8,0.7200000000000001,20,3,0,0.9973841950706771,3,96,False,0.8,2,False,200,
set_01,unrelated_incidents,unrelated_incidents,1,0,0,1.0,0.0,0.0,0.0,1.0,1.0,1.0,0.995,0.0,0,1,200,1929,6,0.3110419906687403,0,19.29,0.0,0.8,0.7200000000000001,20,3,0,0.9973841950706771,3,96,True,0.8,2,False,200,
set_01,unrelated_incidents,unrelated_incidents,1,0,0,1.0,0.0,0.0,0.0,1.0,1.0,1.0,0.995,0.0,0,1,200,1933,10,0.5173305742369374,0,19.33,0.0,0.8,0.7200000000000001,20,5,0,0.9970885744010977,3,96,False,0.8,2,False,200,
set_01,unrelated_incidents,unrelated_incidents,1,0,0,1.0,0.0,0.0,0.0,1.0,1.0,1.0,0.995,0.0,0,1,200,1933,10,0.5173305742369374,0,19.33,0.0,0.8,0.7200000000000001,20,5,0,0.9970885744010977,3,96,True,0.8,2,False,200,
set_01,unrelated_incidents,unrelated_incidents,1,0,0,1.0,0.0,0.0,0.0,1.0,1.0,1.0,0.995,0.0,0,1,200,1943,20,1.029336078229542,0,19.43,0.0,0.8,0.7200000000000001,20,10,0,0.996330518852603,3,96,False,0.8,2,False,200,
set_01,unrelated_incidents,unrelated_incidents,1,0,0,1.0,0.0,0.0,0.0,1.0,1.0,1.0,0.995,0.0,0,1,200,1943,20,1.029336078229542,0,19.43,0.0,0.8,0.7200000000000001,20,10,0,0.996330518852603,3,96,True,0.8,2,False,200,
set_01,unrelated_incidents,unrelated_incidents,1,0,0,1.0,0.0,0.0,0.0,1.0,0.135,0.2378854625550661,0.99,0.0,0,2,200,2655,2,0.07532956685499058,0,26.55,0.0,0.8,0.7200000000000001,30,1,0,0.9983135658244404,3,96,False,0.8,2,False,200,
set_01,unrelated_incidents,unrelated_incidents,1,0,0,1.0,0.0,0.0,0.0,1.0,1.0,1.0,0.995,0.0,0,1,200,2655,2,0.07532956685499058,0,26.55,0.0,0.8,0.7200000000000001,30,1,0,0.9983135658244404,3,96,True,0.8,2,False,200,
set_01,unrelated_incidents,unrelated_incidents,1,0,0,1.0,0.0,0.0,0.0,1.0,0.135,0.2378854625550661,0.99,0.0,0,2,200,2657,4,0.1505457282649605,0,26.57,0.0,0.8,0.7200000000000001,30,2,0,0.9982006825986194,3,96,False,0.8,2,False,200,
set_01,unrelated_incidents,unrelated_incidents,1,0,0,1.0,0.0,0.0,0.0,1.0,1.0,1.0,0.995,0.0,0,1,200,2657,4,0.1505457282649605,0,26.57,0.0,0.8,0.7200000000000001,30,2,0,0.9982006825986194,3,96,True,0.8,2,False,200,
set_01,unrelated_incidents,unrelated_incidents,1,0,0,1.0,0.0,0.0,0.0,1.0,1.0,1.0,0.995,0.0,0,1,200,2659,6,0.22564874012786762,0,26.59,0.0,0.8,0.7200000000000001,30,3,0,0.9980186481321607,3,96,False,0.8,2,False,200,
set_01,unrelated_incidents,unrelated_incidents,1,0,0,1.0,0.0,0.0,0.0,1.0,1.0,1.0,0.995,0.0,0,1,200,2659,6,0.22564874012786762,0,26.59,0.0,0.8,0.7200000000000001,30,3,0,0.9980186481321607,3,96,True,0.8,2,False,200,
set_01,unrelated_incidents,unrelated_incidents,1,0,0,1.0,0.0,0.0,0.0,1.0,1.0,1.0,0.995,0.0,0,1,200,2662,9,0.33809166040571,0,26.62,0.0,0.8,0.7200000000000001,30,5,0,0.9977225352282993,3,96,False,0.8,2,False,200,
set_01,unrelated_incidents,unrelated_incidents,1,0,0,1.0,0.0,0.0,0.0,1.0,1.0,1.0,0.995,0.0,0,1,200,2662,9,0.33809166040571,0,26.62,0.0,0.8,0.7200000000000001,30,5,0,0.9977225352282993,3,96,True,0.8,2,False,200,
set_01,unrelated_incidents,unrelated_incidents,1,0,0,1.0,0.0,0.0,0.0,1.0,1.0,1.0,0.995,0.0,0,1,200,2672,19,0.7110778443113772,0,26.72,0.0,0.8,0.7200000000000001,30,10,0,0.9969121421168664,3,96,False,0.8,2,False,200,
set_01,unrelated_incidents,unrelated_incidents,1,0,0,1.0,0.0,0.0,0.0,1.0,1.0,1.0,0.995,0.0,0,1,200,2672,19,0.7110778443113772,0,26.72,0.0,0.8,0.7200000000000001,30,10,0,0.9969121421168664,3,96,True,0.8,2,False,200,
set_01,unrelated_incidents,unrelated_incidents,1,0,0,1.0,0.0,0.0,0.0,1.0,0.135,0.2378854625550661,0.99,0.0,0,2,200,4013,2,0.049838026414154,0,40.13,0.0,0.8,0.7200000000000001,50,1,0,0.998884255485644,3,96,False,0.8,2,False,200,
set_01,unrelated_incidents,unrelated_incidents,1,0,0,1.0,0.0,0.0,0.0,1.0,1.0,1.0,0.995,0.0,0,1,200,4013,2,0.049838026414153996,0,40.13,0.0,0.8,0.7200000000000001,50,1,0,0.998884255485644,3,96,True,0.8,2,False,200,
set_01,unrelated_incidents,unrelated_incidents,1,0,0,1.0,0.0,0.0,0.0,1.0,1.0,1.0,0.995,0.0,0,1,200,4015,4,0.099626400996264,0,40.15,0.0,0.8,0.7200000000000001,50,2,0,0.9988092686586629,3,96,False,0.8,2,False,200,
set_01,unrelated_incidents,unrelated_incidents,1,0,0,1.0,0.0,0.0,0.0,1.0,1.0,1.0,0.995,0.0,0,1,200,4015,4,0.099626400996264,0,40.15,0.0,0.8,0.7200000000000001,50,2,0,0.9988092686586629,3,96,True,0.8,2,False,200,
set_01,unrelated_incidents,unrelated_incidents,1,0,0,1.0,0.0,0.0,0.0,1.0,1.0,1.0,0.995,0.0,0,1,200,4017,6,0.14936519790888725,0,40.17,0.0,0.8,0.7200000000000001,50,3,0,0.9986884703468796,3,96,False,0.8,2,False,200,
set_01,unrelated_incidents,unrelated_incidents,1,0,0,1.0,0.0,0.0,0.0,1.0,1.0,1.0,0.995,0.0,0,1,200,4017,6,0.14936519790888722,0,40.17,0.0,0.8,0.7200000000000001,50,3,0,0.9986884703468796,3,96,True,0.8,2,False,200,
set_01,unrelated_incidents,unrelated_incidents,1,0,0,1.0,0.0,0.0,0.0,1.0,1.0,1.0,0.995,0.0,0,1,200,4020,9,0.22388059701492538,0,40.2,0.0,0.8,0.7200000000000001,50,5,0,0.9984918877556549,3,96,False,0.8,2,False,200,
set_01,unrelated_incidents,unrelated_incidents,1,0,0,1.0,0.0,0.0,0.0,1.0,1.0,1.0,0.995,0.0,0,1,200,4020,9,0.22388059701492538,0,40.2,0.0,0.8,0.7200000000000001,50,5,0,0.9984918877556549,3,96,True,0.8,2,False,200,
set_01,unrelated_incidents,unrelated_incidents,1,0,0,1.0,0.0,0.0,0.0,1.0,0.135,0.2378854625550661,0.99,0.0,0,2,200,4030,19,0.4714640198511167,0,40.3,0.0,0.8,0.7200000000000001,50,10,0,0.9979526659395204,3,96,False,0.8,2,False,200,
set_01,unrelated_incidents,unrelated_incidents,1,0,0,1.0,0.0,0.0,0.0,1.0,1.0,1.0,0.995,0.0,0,1,200,4030,19,0.47146401985111663,0,40.3,0.0,0.8,0.7200000000000001,50,10,0,0.9979526659395204,3,96,True,0.8,2,False,200,
set_01,unrelated_incidents,unrelated_incidents,1,0,0,1.0,0.0,0.0,0.0,1.0,1.0,1.0,0.995,0.0,0,1,200,580,2,0.3448275862068966,0,5.8,0.0,0.82,0.74,5,1,0,0.9982012931642861,3,173,False,0.8,2,False,200,
set_01,unrelated_incidents,unrelated_incidents,1,0,0,1.0,0.0,0.0,0.0,1.0,1.0,1.0,0.995,0.0,0,1,200,580,2,0.3448275862068966,0,5.8,0.0,0.82,0.74,5,1,0,0.9982012931642861,3,173,True,0.8,2,False,200,
set_01,unrelated_incidents,unrelated_incidents,1,0,0,1.0,0.0,0.0,0.0,1.0,0.135,0.2378854625550661,0.99,0.0,0,2,200,582,4,0.6872852233676976,0,5.82,0.0,0.82,0.74,5,2,0,0.9978322463551748,3,173,False,0.8,2,False,200,
set_01,unrelated_incidents,unrelated_incidents,1,0,0,1.0,0.0,0.0,0.0,1.0,1.0,1.0,0.995,0.0,0,1,200,582,4,0.6872852233676976,0,5.82,0.0,0.82,0.74,5,2,0,0.9978322463551748,3,173,True,0.8,2,False,200,
set_01,unrelated_incidents,unrelated_incidents,1,0,0,1.0,0.0,0.0,0.0,1.0,1.0,1.0,0.995,0.0,0,1,200,584,6,1.0273972602739725,0,5.84,0.0,0.82,0.74,5,3,0,0.9974051321001902,3,173,False,0.8,2,False,200,
set_01,unrelated_incidents,unrelated_incidents,1,0,0,1.0,0.0,0.0,0.0,1.0,1.0,1.0,0.995,0.0,0,1,200,584,6,1.0273972602739727,0,5.84,0.0,0.82,0.74,5,3,0,0.9974051321001902,3,173,True,0.8,2,False,200,
set_01,unrelated_incidents,unrelated_incidents,1,0,0,1.0,0.0,0.0,0.0,1.0,1.0,1.0,0.995,0.0,0,1,200,588,10,1.7006802721088436,0,5.88,0.0,0.82,0.74,5,5,0,0.9973575400860131,2,173,False,0.8,2,False,200,
set_01,unrelated_incidents,unrelated_incidents,1,0,0,1.0,0.0,0.0,0.0,1.0,1.0,1.0,0.995,0.0,0,1,200,588,10,1.7006802721088434,0,5.88,0.0,0.82,0.74,5,5,0,0.9973575400860131,2,173,True,0.8,2,False,200,
set_01,unrelated_incidents,unrelated_incidents,1,0,0,1.0,0.0,0.0,0.0,1.0,0.135,0.2378854625550661,0.99,0.0,0,2,200,598,20,3.3444816053511706,0,5.98,0.0,0.82,0.74,5,10,0,0.9968082976580463,2,173,False,0.8,2,False,200,
set_01,unrelated_incidents,unrelated_incidents,1,0,0,1.0,0.0,0.0,0.0,1.0,1.0,1.0,0.995,0.0,0,1,200,598,20,3.3444816053511706,0,5.98,0.0,0.82,0.74,5,10,0,0.9968082976580463,2,173,True,0.8,2,False,200,
set_01,unrelated_incidents,unrelated_incidents,1,0,0,1.0,0.0,0.0,0.0,1.0,1.0,1.0,0.995,0.0,0,1,200,1052,2,0.19011406844106463,0,10.52,0.0,0.82,0.74,10,1,0,0.9979968792245415,3,173,False,0.8,2,False,200,
set_01,unrelated_incidents,unrelated_incidents,1,0,0,1.0,0.0,0.0,0.0,1.0,1.0,1.0,0.995,0.0,0,1,200,1052,2,0.19011406844106463,0,10.52,0.0,0.82,0.74,10,1,0,0.9979968792245415,3,173,True,0.8,2,False,200,
set_01,unrelated_incidents,unrelated_incidents,1,0,0,1.0,0.0,0.0,0.0,1.0,1.0,1.0,0.995,0.0,0,1,200,1054,4,0.3795066413662239,0,10.54,0.0,0.82,0.74,10,2,0,0.9977545177235323,3,173,False,0.8,2,False,200,
set_01,unrelated_incidents,unrelated_incidents,1,0,0,1.0,0.0,0.0,0.0,1.0,0.135,0.2378854625550661,0.99,0.0,0,2,200,1054,4,0.3795066413662239,0,10.54,0.0,0.82,0.74,10,2,0,0.9977545177235323,3,173,True,0.8,2,False,200,
set_01,unrelated_incidents,unrelated_incidents,1,0,0,1.0,0.0,0.0,0.0,1.0,1.0,1.0,0.995,0.0,0,1,200,1056,6,0.5681818181818182,0,10.56,0.0,0.82,0.74,10,3,0,0.9975519687727545,3,173,False,0.8,2,False,200,
set_01,unrelated_incidents,unrelated_incidents,1,0,0,1.0,0.0,0.0,0.0,1.0,0.135,0.2378854625550661,0.99,0.0,0,2,200,1056,6,0.5681818181818182,0,10.56,0.0,0.82,0.74,10,3,0,0.9975519687727545,3,173,True,0.8,2,False,200,
set_01,unrelated_incidents,unrelated_incidents,1,0,0,1.0,0.0,0.0,0.0,1.0,1.0,1.0,0.995,0.0,0,1,200,1060,10,0.9433962264150944,0,10.6,0.0,0.82,0.74,10,5,0,0.9971423133364263,3,173,False,0.8,2,False,200,
set_01,unrelated_incidents,unrelated_incidents,1,0,0,1.0,0.0,0.0,0.0,1.0,1.0,1.0,0.995,0.0,0,1,200,1060,10,0.9433962264150944,0,10.6,0.0,0.82,0.74,10,5,0,0.9971423133364263,3,173,True,0.8,2,False,200,
set_01,unrelated_incidents,unrelated_incidents,1,0,0,1.0,0.0,0.0,0.0,1.0,1.0,1.0,0.995,0.0,0,1,200,1070,20,1.8691588785046727,0,10.7,0.0,0.82,0.74,10,10,0,0.9960646774167212,3,173,False,0.8,2,False,200,
set_01,unrelated_incidents,unrelated_incidents,1,0,0,1.0,0.0,0.0,0.0,1.0,1.0,1.0,0.995,0.0,0,1,200,1070,20,1.8691588785046729,0,10.7,0.0,0.82,0.74,10,10,0,0.9960646774167212,3,173,True,0.8,2,False,200,
set_01,unrelated_incidents,unrelated_incidents,1,0,0,1.0,0.0,0.0,0.0,1.0,1.0,1.0,0.995,0.0,0,1,200,1491,2,0.1341381623071764,0,14.91,0.0,0.82,0.74,15,1,0,0.9976202450207942,3,96,False,0.8,2,False,200,
set_01,unrelated_incidents,unrelated_incidents,1,0,0,1.0,0.0,0.0,0.0,1.0,1.0,1.0,0.995,0.0,0,1,200,1491,2,0.1341381623071764,0,14.91,0.0,0.82,0.74,15,1,0,0.9976202450207942,3,96,True,0.8,2,False,200,
set_01,unrelated_incidents,unrelated_incidents,1,0,0,1.0,0.0,0.0,0.0,1.0,1.0,1.0,0.995,0.0,0,1,200,1493,4,0.26791694574681846,0,14.93,0.0,0.82,0.74,15,2,0,0.9974288851801214,3,96,False,0.8,2,False,200,
set_01,unrelated_incidents,unrelated_incidents,1,0,0,1.0,0.0,0.0,0.0,1.0,1.0,1.0,0.995,0.0,0,1,200,1493,4,0.2679169457468185,0,14.93,0.0,0.82,0.74,15,2,0,0.9974288851801214,3,96,True,0.8,2,False,200,
set_01,unrelated_incidents,unrelated_incidents,1,0,0,1.0,0.0,0.0,0.0,1.0,0.135,0.2378854625550661,0.99,0.0,0,2,200,1495,6,0.4013377926421404,0,14.95,0.0,0.82,0.74,15,3,0,0.9972680999682499,3,96,False,0.8,2,False,200,
set_01,unrelated_incidents,unrelated_incidents,1,0,0,1.0,0.0,0.0,0.0,1.0,1.0,1.0,0.995,0.0,0,1,200,1495,6,0.4013377926421405,0,14.95,0.0,0.82,0.74,15,3,0,0.9972680999682499,3,96,True,0.8,2,False,200,
set_01,unrelated_incidents,unrelated_incidents,1,0,0,1.0,0.0,0.0,0.0,1.0,1.0,1.0,0.995,0.0,0,1,200,1499,10,0.66711140760507,0,14.99,0.0,0.82,0.74,15,5,0,0.9969491273502734,3,96,False,0.8,2,False,200,
set_01,unrelated_incidents,unrelated_incidents,1,0,0,1.0,0.0,0.0,0.0,1.0,1.0,1.0,0.995,0.0,0,1,200,1499,10,0.66711140760507,0,14.99,0.0,0.82,0.74,15,5,0,0.9969491273502734,3,96,True,0.8,2,False,200,
set_01,unrelated_incidents,unrelated_incidents,1,0,0,1.0,0.0,0.0,0.0,1.0,1.0,1.0,0.995,0.0,0,1,200,1509,20,1.325381047051027,0,15.09,0.0,0.82,0.74,15,10,0,0.9961687187788264,2,173,False,0.8,2,False,200,
set_01,unrelated_incidents,unrelated_incidents,1,0,0,1.0,0.0,0.0,0.0,1.0,0.135,0.2378854625550661,0.99,0.0,0,2,200,1509,20,1.3253810470510272,0,15.09,0.0,0.82,0.74,15,10,0,0.9961687187788264,2,173,True,0.8,2,False,200,
set_01,unrelated_incidents,unrelated_incidents,1,0,0,1.0,0.0,0.0,0.0,1.0,0.135,0.2378854625550661,0.99,0.0,0,2,200,1925,2,0.1038961038961039,0,19.25,0.0,0.82,0.74,20,1,0,0.9976740349422801,3,96,False,0.8,2,False,200,
set_01,unrelated_incidents,unrelated_incidents,1,0,0,1.0,0.0,0.0,0.0,1.0,0.135,0.2378854625550661,0.99,0.0,0,2,200,1925,2,0.1038961038961039,0,19.25,0.0,0.82,0.74,20,1,0,0.9976740349422801,3,96,True,0.8,2,False,200,
set_01,unrelated_incidents,unrelated_incidents,1,0,0,1.0,0.0,0.0,0.0,1.0,1.0,1.0,0.995,0.0,0,1,200,1927,4,0.2075765438505449,0,19.27,0.0,0.82,0.74,20,2,0,0.9975324310227015,3,96,False,0.8,2,False,200,
set_01,unrelated_incidents,unrelated_incidents,1,0,0,1.0,0.0,0.0,0.0,1.0,0.135,0.2378854625550661,0.99,0.0,0,2,200,1927,4,0.2075765438505449,0,19.27,0.0,0.82,0.74,20,2,0,0.9975324310227015,3,96,True,0.8,2,False,200,
set_01,unrelated_incidents,unrelated_incidents,1,0,0,1.0,0.0,0.0,0.0,1.0,1.0,1.0,0.995,0.0,0,1,200,1929,6,0.3110419906687403,0,19.29,0.0,0.82,0.74,20,3,0,0.9974077145876571,3,96,False,0.8,2,False,200,
set_01,unrelated_incidents,unrelated_incidents,1,0,0,1.0,0.0,0.0,0.0,1.0,0.135,0.2378854625550661,0.99,0.0,0,2,200,1929,6,0.3110419906687403,0,19.29,0.0,0.82,0.74,20,3,0,0.9974077145876571,3,96,True,0.8,2,False,200,
set_01,unrelated_incidents,unrelated_incidents,1,0,0,1.0,0.0,0.0,0.0,1.0,1.0,1.0,0.995,0.0,0,1,200,1933,10,0.5173305742369374,0,19.33,0.0,0.82,0.74,20,5,0,0.9971563142935846,3,96,False,0.8,2,False,200,
set_01,unrelated_incidents,unrelated_incidents,1,0,0,1.0,0.0,0.0,0.0,1.0,1.0,1.0,0.995,0.0,0,1,200,1933,10,0.5173305742369374,0,19.33,0.0,0.82,0.74,20,5,0,0.9971563142935846,3,96,True,0.8,2,False,200,
set_01,unrelated_incidents,unrelated_incidents,1,0,0,1.0,0.0,0.0,0.0,1.0,1.0,1.0,0.995,0.0,0,1,200,1943,20,1.029336078229542,0,19.43,0.0,0.82,0.74,20,10,0,0.996502438189133,3,96,False,0.8,2,False,200,
set_01,unrelated_incidents,unrelated_incidents,1,0,0,1.0,0.0,0.0,0.0,1.0,1.0,1.0,0.995,0.0,0,1,200,1943,20,1.029336078229542,0,19.43,0.0,0.82,0.74,20,10,0,0.996502438189133,3,96,True,0.8,2,False,200,
set_01,unrelated_incidents,unrelated_incidents,1,0,0,1.0,0.0,0.0,0.0,1.0,1.0,1.0,0.995,0.0,0,1,200,2655,2,0.07532956685499058,0,26.55,0.0,0.82,0.74,30,1,0,0.9983135658244404,3,96,False,0.8,2,False,200,
set_01,unrelated_incidents,unrelated_incidents,1,0,0,1.0,0.0,0.0,0.0,1.0,1.0,1.0,0.995,0.0,0,1,200,2655,2,0.07532956685499058,0,26.55,0.0,0.82,0.74,30,1,0,0.9983135658244404,3,96,True,0.8,2,False,200,
set_01,unrelated_incidents,unrelated_incidents,1,0,0,1.0,0.0,0.0,0.0,1.0,1.0,1.0,0.995,0.0,0,1,200,2657,4,0.1505457282649605,0,26.57,0.0,0.82,0.74,30,2,0,0.9982006825986194,3,96,False,0.8,2,False,200,
set_01,unrelated_incidents,unrelated_incidents,1,0,0,1.0,0.0,0.0,0.0,1.0,1.0,1.0,0.995,0.0,0,1,200,2657,4,0.1505457282649605,0,26.57,0.0,0.82,0.74,30,2,0,0.9982006825986194,3,96,True,0.8,2,False,200,
set_01,unrelated_incidents,unrelated_incidents,1,0,0,1.0,0.0,0.0,0.0,1.0,1.0,1.0,0.995,0.0,0,1,200,2659,6,0.22564874012786762,0,26.59,0.0,0.82,0.74,30,3,0,0.9980357106174012,3,96,False,0.8,2,False,200,
set_01,unrelated_incidents,unrelated_incidents,1,0,0,1.0,0.0,0.0,0.0,1.0,1.0,1.0,0.995,0.0,0,1,200,2659,6,0.22564874012786762,0,26.59,0.0,0.82,0.74,30,3,0,0.9980357106174012,3,96,True,0.8,2,False,200,
set_01,unrelated_incidents,unrelated_incidents,1,0,0,1.0,0.0,0.0,0.0,1.0,1.0,1.0,0.995,0.0,0,1,200,2663,10,0.3755163349605708,0,26.63,0.0,0.82,0.74,30,5,0,0.9978549492077141,3,96,False,0.8,2,False,200,
set_01,unrelated_incidents,unrelated_incidents,1,0,0,1.0,0.0,0.0,0.0,1.0,1.0,1.0,0.995,0.0,0,1,200,2663,10,0.3755163349605708,0,26.63,0.0,0.82,0.74,30,5,0,0.9978549492077141,3,96,True,0.8,2,False,200,
set_01,unrelated_incidents,unrelated_incidents,1,0,0,1.0,0.0,0.0,0.0,1.0,0.135,0.2378854625550661,0.99,0.0,0,2,200,2672,19,0.7110778443113772,0,26.72,0.0,0.82,0.74,30,10,0,0.9973008661659178,3,96,False,0.8,2,False,200,
set_01,unrelated_incidents,unrelated_incidents,1,0,0,1.0,0.0,0.0,0.0,1.0,0.135,0.2378854625550661,0.99,0.0,0,2,200,2672,19,0.7110778443113772,0,26.72,0.0,0.82,0.74,30,10,0,0.9973008661659178,3,96,True,0.8,2,False,200,
set_01,unrelated_incidents,unrelated_incidents,1,0,0,1.0,0.0,0.0,0.0,1.0,1.0,1.0,0.995,0.0,0,1,200,4013,2,0.049838026414154,0,40.13,0.0,0.82,0.74,50,1,0,0.998884255485644,3,96,False,0.8,2,False,200,
set_01,unrelated_incidents,unrelated_incidents,1,0,0,1.0,0.0,0.0,0.0,1.0,1.0,1.0,0.995,0.0,0,1,200,4013,2,0.049838026414153996,0,40.13,0.0,0.82,0.74,50,1,0,0.998884255485644,3,96,True,0.8,2,False,200,
set_01,unrelated_incidents,unrelated_incidents,1,0,0,1.0,0.0,0.0,0.0,1.0,0.135,0.2378854625550661,0.99,0.0,0,2,200,4015,4,0.099626400996264,0,40.15,0.0,0.82,0.74,50,2,0,0.9988092686586629,3,96,False,0.8,2,False,200,
set_01,unrelated_incidents,unrelated_incidents,1,0,0,1.0,0.0,0.0,0.0,1.0,0.135,0.2378854625550661,0.99,0.0,0,2,200,4015,4,0.099626400996264,0,40.15,0.0,0.82,0.74,50,2,0,0.9988092686586629,3,96,True,0.8,2,False,200,
set_01,unrelated_incidents,unrelated_incidents,1,0,0,1.0,0.0,0.0,0.0,1.0,1.0,1.0,0.995,0.0,0,1,200,4017,6,0.14936519790888725,0,40.17,0.0,0.82,0.74,50,3,0,0.9986997646332262,3,96,False,0.8,2,False,200,
set_01,unrelated_incidents,unrelated_incidents,1,0,0,1.0,0.0,0.0,0.0,1.0,1.0,1.0,0.995,0.0,0,1,200,4017,6,0.14936519790888722,0,40.17,0.0,0.82,0.74,50,3,0,0.9986997646332262,3,96,True,0.8,2,False,200,
set_01,unrelated_incidents,unrelated_incidents,1,0,0,1.0,0.0,0.0,0.0,1.0,1.0,1.0,0.995,0.0,0,1,200,4021,10,0.2486943546381497,0,40.21,0.0,0.82,0.74,50,5,0,0.9985793906342061,3,96,False,0.8,2,False,200,
set_01,unrelated_incidents,unrelated_incidents,1,0,0,1.0,0.0,0.0,0.0,1.0,1.0,1.0,0.995,0.0,0,1,200,4021,10,0.2486943546381497,0,40.21,0.0,0.82,0.74,50,5,0,0.9985793906342061,3,96,True,0.8,2,False,200,
set_01,unrelated_incidents,unrelated_incidents,1,0,0,1.0,0.0,0.0,0.0,1.0,1.0,1.0,0.995,0.0,0,1,200,4030,19,0.4714640198511167,0,40.3,0.0,0.82,0.74,50,10,0,0.9982104005943753,3,96,False,0.8,2,False,200,
set_01,unrelated_incidents,unrelated_incidents,1,0,0,1.0,0.0,0.0,0.0,1.0,1.0,1.0,0.995,0.0,0,1,200,4030,19,0.47146401985111663,0,40.3,0.0,0.82,0.74,50,10,0,0.9982104005943753,3,96,True,0.8,2,False,200,
set_01,unrelated_incidents,unrelated_incidents,1,0,0,1.0,0.0,0.0,0.0,1.0,1.0,1.0,0.995,0.0,0,1,200,580,2,0.3448275862068966,0,5.8,0.0,0.85,0.77,5,1,0,0.9982707083225251,3,173,False,0.8,2,False,200,
set_01,unrelated_incidents,unrelated_incidents,1,0,0,1.0,0.0,0.0,0.0,1.0,0.135,0.2378854625550661,0.99,0.0,0,2,200,580,2,0.3448275862068966,0,5.8,0.0,0.85,0.77,5,1,0,0.9982707083225251,3,173,True,0.8,2,False,200,
set_01,unrelated_incidents,unrelated_incidents,1,0,0,1.0,0.0,0.0,0.0,1.0,1.0,1.0,0.995,0.0,0,1,200,582,4,0.6872852233676976,0,5.82,0.0,0.85,0.77,5,2,0,0.9982456072294426,2,173,False,0.8,2,False,200,
set_01,unrelated_incidents,unrelated_incidents,1,0,0,1.0,0.0,0.0,0.0,1.0,1.0,1.0,0.995,0.0,0,1,200,582,4,0.6872852233676976,0,5.82,0.0,0.85,0.77,5,2,0,0.9982456072294426,2,173,True,0.8,2,False,200,
set_01,unrelated_incidents,unrelated_incidents,1,0,0,1.0,0.0,0.0,0.0,1.0,1.0,1.0,0.995,0.0,0,1,200,584,6,1.0273972602739725,0,5.84,0.0,0.85,0.77,5,3,0,0.9982168617313856,2,173,False,0.8,2,False,200,
set_01,unrelated_incidents,unrelated_incidents,1,0,0,1.0,0.0,0.0,0.0,1.0,1.0,1.0,0.995,0.0,0,1,200,584,6,1.0273972602739727,0,5.84,0.0,0.85,0.77,5,3,0,0.9982168617313856,2,173,True,0.8,2,False,200,
set_01,unrelated_incidents,unrelated_incidents,1,0,0,1.0,0.0,0.0,0.0,1.0,1.0,1.0,0.995,0.0,0,1,200,588,10,1.7006802721088436,0,5.88,0.0,0.85,0.77,5,5,0,0.9981506410099211,2,173,False,0.8,2,False,200,
set_01,unrelated_incidents,unrelated_incidents,1,0,0,1.0,0.0,0.0,0.0,1.0,1.0,1.0,0.995,0.0,0,1,200,588,10,1.7006802721088434,0,5.88,0.0,0.85,0.77,5,5,0,0.9981506410099211,2,173,True,0.8,2,False,200,
set_01,unrelated_incidents,unrelated_incidents,1,0,0,1.0,0.0,0.0,0.0,1.0,0.135,0.2378854625550661,0.99,0.0,0,2,200,597,19,3.1825795644891124,0,5.97,0.0,0.85,0.77,5,10,0,0.9979966809002798,2,173,False,0.8,2,False,200,
set_01,unrelated_incidents,unrelated_incidents,1,0,0,1.0,0.0,0.0,0.0,1.0,1.0,1.0,0.995,0.0,0,1,200,597,19,3.1825795644891124,0,5.97,0.0,0.85,0.77,5,10,0,0.9979966809002798,2,173,True,0.8,2,False,200,
set_01,unrelated_incidents,unrelated_incidents,1,0,0,1.0,0.0,0.0,0.0,1.0,1.0,1.0,0.995,0.0,0,1,200,1052,2,0.19011406844106463,0,10.52,0.0,0.85,0.77,10,1,0,0.99803514993916,3,173,False,0.8,2,False,200,
set_01,unrelated_incidents,unrelated_incidents,1,0,0,1.0,0.0,0.0,0.0,1.0,0.135,0.2378854625550661,0.99,0.0,0,2,200,1052,2,0.19011406844106463,0,10.52,0.0,0.85,0.77,10,1,0,0.99803514993916,3,173,True,0.8,2,False,200,
set_01,unrelated_incidents,unrelated_incidents,1,0,0,1.0,0.0,0.0,0.0,1.0,1.0,1.0,0.995,0.0,0,1,200,1054,4,0.3795066413662239,0,10.54,0.0,0.85,0.77,10,2,0,0.9978298129800148,3,173,False,0.8,2,False,200,
set_01,unrelated_incidents,unrelated_incidents,1,0,0,1.0,0.0,0.0,0.0,1.0,1.0,1.0,0.995,0.0,0,1,200,1054,4,0.3795066413662239,0,10.54,0.0,0.85,0.77,10,2,0,0.9978298129800148,3,173,True,0.8,2,False,200,
set_01,unrelated_incidents,unrelated_incidents,1,0,0,1.0,0.0,0.0,0.0,1.0,0.135,0.2378854625550661,0.99,0.0,0,2,200,1056,6,0.5681818181818182,0,10.56,0.0,0.85,0.77,10,3,0,0.9976221125460032,3,173,False,0.8,2,False,200,
set_01,unrelated_incidents,unrelated_incidents,1,0,0,1.0,0.0,0.0,0.0,1.0,1.0,1.0,0.995,0.0,0,1,200,1056,6,0.5681818181818182,0,10.56,0.0,0.85,0.77,10,3,0,0.9976221125460032,3,173,True,0.8,2,False,200,
set_01,unrelated_incidents,unrelated_incidents,1,0,0,1.0,0.0,0.0,0.0,1.0,1.0,1.0,0.995,0.0,0,1,200,1060,10,0.9433962264150944,0,10.6,0.0,0.85,0.77,10,5,0,0.9972081900205252,3,173,False,0.8,2,False,200,
set_01,unrelated_incidents,unrelated_incidents,1,0,0,1.0,0.0,0.0,0.0,1.0,0.135,0.2378854625550661,0.99,0.0,0,2,200,1060,10,0.9433962264150944,0,10.6,0.0,0.85,0.77,10,5,0,0.9972081900205252,3,173,True,0.8,2,False,200,
set_01,unrelated_incidents,unrelated_incidents,1,0,0,1.0,0.0,0.0,0.0,1.0,1.0,1.0,0.995,0.0,0,1,200,1070,20,1.8691588785046727,0,10.7,0.0,0.85,0.77,10,10,0,0.9969455413729231,2,173,False,0.8,2,False,200,
set_01,unrelated_incidents,unrelated_incidents,1,0,0,1.0,0.0,0.0,0.0,1.0,1.0,1.0,0.995,0.0,0,1,200,1070,20,1.8691588785046729,0,10.7,0.0,0.85,0.77,10,10,0,0.9969455413729231,2,173,True,0.8,2,False,200,
set_01,unrelated_incidents,unrelated_incidents,1,0,0,1.0,0.0,0.0,0.0,1.0,1.0,1.0,0.995,0.0,0,1,200,1491,2,0.1341381623071764,0,14.91,0.0,0.85,0.77,15,1,0,0.9976472475639051,3,96,False,0.8,2,False,200,
set_01,unrelated_incidents,unrelated_incidents,1,0,0,1.0,0.0,0.0,0.0,1.0,1.0,1.0,0.995,0.0,0,1,200,1491,2,0.1341381623071764,0,14.91,0.0,0.85,0.77,15,1,0,0.9976472475639051,3,96,True,0.8,2,False,200,
set_01,unrelated_incidents,unrelated_incidents,1,0,0,1.0,0.0,0.0,0.0,1.0,0.135,0.2378854625550661,0.99,0.0,0,2,200,1493,4,0.26791694574681846,0,14.93,0.0,0.85,0.77,15,2,0,0.9974820407061312,3,96,False,0.8,2,False,200,
set_01,unrelated_incidents,unrelated_incidents,1,0,0,1.0,0.0,0.0,0.0,1.0,1.0,1.0,0.995,0.0,0,1,200,1493,4,0.2679169457468185,0,14.93,0.0,0.85,0.77,15,2,0,0.9974820407061312,3,96,True,0.8,2,False,200,
set_01,unrelated_incidents,unrelated_incidents,1,0,0,1.0,0.0,0.0,0.0,1.0,1.0,1.0,0.995,0.0,0,1,200,1495,6,0.4013377926421404,0,14.95,0.0,0.85,0.77,15,3,0,0.9973176463391868,3,96,False,0.8,2,False,200,
set_01,unrelated_incidents,unrelated_incidents,1,0,0,1.0,0.0,0.0,0.0,1.0,1.0,1.0,0.995,0.0,0,1,200,1495,6,0.4013377926421405,0,14.95,0.0,0.85,0.77,15,3,0,0.9973176463391868,3,96,True,0.8,2,False,200,
set_01,unrelated_incidents,unrelated_incidents,1,0,0,1.0,0.0,0.0,0.0,1.0,1.0,1.0,0.995,0.0,0,1,200,1499,10,0.66711140760507,0,14.99,0.0,0.85,0.77,15,5,0,0.9969957112629784,3,96,False,0.8,2,False,200,
set_01,unrelated_incidents,unrelated_incidents,1,0,0,1.0,0.0,0.0,0.0,1.0,1.0,1.0,0.995,0.0,0,1,200,1499,10,0.66711140760507,0,14.99,0.0,0.85,0.77,15,5,0,0.9969957112629784,3,96,True,0.8,2,False,200,
set_01,unrelated_incidents,unrelated_incidents,1,0,0,1.0,0.0,0.0,0.0,1.0,1.0,1.0,0.995,0.0,0,1,200,1505,16,1.06312292358804,0,15.05,0.0,0.85,0.77,15,10,0,0.9968137029793571,2,173,False,0.8,2,False,200,
set_01,unrelated_incidents,unrelated_incidents,1,0,0,1.0,0.0,0.0,0.0,1.0,1.0,1.0,0.995,0.0,0,1,200,1505,16,1.06312292358804,0,15.05,0.0,0.85,0.77,15,10,0,0.9968137029793571,2,173,True,0.8,2,False,200,
set_01,unrelated_incidents,unrelated_incidents,1,0,0,1.0,0.0,0.0,0.0,1.0,1.0,1.0,0.995,0.0,0,1,200,1925,2,0.1038961038961039,0,19.25,0.0,0.85,0.77,20,1,0,0.9976949496393079,3,96,False,0.8,2,False,200,
set_01,unrelated_incidents,unrelated_incidents,1,0,0,1.0,0.0,0.0,0.0,1.0,0.135,0.2378854625550661,0.99,0.0,0,2,200,1925,2,0.1038961038961039,0,19.25,0.0,0.85,0.77,20,1,0,0.9976949496393079,3,96,True,0.8,2,False,200,
set_01,unrelated_incidents,unrelated_incidents,1,0,0,1.0,0.0,0.0,0.0,1.0,1.0,1.0,0.995,0.0,0,1,200,1927,4,0.2075765438505449,0,19.27,0.0,0.85,0.77,20,2,0,0.9975736148319037,3,96,False,0.8,2,False,200,
set_01,unrelated_incidents,unrelated_incidents,1,0,0,1.0,0.0,0.0,0.0,1.0,1.0,1.0,0.995,0.0,0,1,200,1927,4,0.2075765438505449,0,19.27,0.0,0.85,0.77,20,2,0,0.9975736148319037,3,96,True,0.8,2,False,200,
set_01,unrelated_incidents,unrelated_incidents,1,0,0,1.0,0.0,0.0,0.0,1.0,1.0,1.0,0.995,0.0,0,1,200,1929,6,0.3110419906687403,0,19.29,0.0,0.85,0.77,20,3,0,0.9974461136672582,3,96,False,0.8,2,False,200,
set_01,unrelated_incidents,unrelated_incidents,1,0,0,1.0,0.0,0.0,0.0,1.0,1.0,1.0,0.995,0.0,0,1,200,1929,6,0.3110419906687403,0,19.29,0.0,0.85,0.77,20,3,0,0.9974461136672582,3,96,True,0.8,2,False,200,
set_01,unrelated_incidents,unrelated_incidents,1,0,0,1.0,0.0,0.0,0.0,1.0,1.0,1.0,0.995,0.0,0,1,200,1933,10,0.5173305742369374,0,19.33,0.0,0.85,0.77,20,5,0,0.9971924391177671,3,96,False,0.8,2,False,200,
set_01,unrelated_incidents,unrelated_incidents,1,0,0,1.0,0.0,0.0,0.0,1.0,1.0,1.0,0.995,0.0,0,1,200,1933,10,0.5173305742369374,0,19.33,0.0,0.85,0.77,20,5,0,0.9971924391177671,3,96,True,0.8,2,False,200,
set_01,unrelated_incidents,unrelated_incidents,1,0,0,1.0,0.0,0.0,0.0,1.0,1.0,1.0,0.995,0.0,0,1,200,1942,19,0.9783728115345005,0,19.42,0.0,0.85,0.77,20,10,0,0.9969742004399933,3,96,False,0.8,2,False,200,
set_01,unrelated_incidents,unrelated_incidents,1,0,0,1.0,0.0,0.0,0.0,1.0,1.0,1.0,0.995,0.0,0,1,200,1942,19,0.9783728115345005,0,19.42,0.0,0.85,0.77,20,10,0,0.9969742004399933,3,96,True,0.8,2,False,200,
set_01,unrelated_incidents,unrelated_incidents,1,0,0,1.0,0.0,0.0,0.0,1.0,1.0,1.0,0.995,0.0,0,1,200,2655,2,0.07532956685499058,0,26.55,0.0,0.85,0.77,30,1,0,0.99832872996447,3,96,False,0.8,2,False,200,
set_01,unrelated_incidents,unrelated_incidents,1,0,0,1.0,0.0,0.0,0.0,1.0,1.0,1.0,0.995,0.0,0,1,200,2655,2,0.07532956685499058,0,26.55,0.0,0.85,0.77,30,1,0,0.99832872996447,3,96,True,0.8,2,False,200,
set_01,unrelated_incidents,unrelated_incidents,1,0,0,1.0,0.0,0.0,0.0,1.0,1.0,1.0,0.995,0.0,0,1,200,2657,4,0.1505457282649605,0,26.57,0.0,0.85,0.77,30,2,0,0.9982305513228695,3,96,False,0.8,2,False,200,
set_01,unrelated_incidents,unrelated_incidents,1,0,0,1.0,0.0,0.0,0.0,1.0,1.0,1.0,0.995,0.0,0,1,200,2657,4,0.1505457282649605,0,26.57,0.0,0.85,0.77,30,2,0,0.9982305513228695,3,96,True,0.8,2,False,200,
set_01,unrelated_incidents,unrelated_incidents,1,0,0,1.0,0.0,0.0,0.0,1.0,1.0,1.0,0.995,0.0,0,1,200,2659,6,0.22564874012786762,0,26.59,0.0,0.85,0.77,30,3,0,0.9980635676405492,3,96,False,0.8,2,False,200,
set_01,unrelated_incidents,unrelated_incidents,1,0,0,1.0,0.0,0.0,0.0,1.0,1.0,1.0,0.995,0.0,0,1,200,2659,6,0.22564874012786762,0,26.59,0.0,0.85,0.77,30,3,0,0.9980635676405492,3,96,True,0.8,2,False,200,
set_01,unrelated_incidents,unrelated_incidents,1,0,0,1.0,0.0,0.0,0.0,1.0,1.0,1.0,0.995,0.0,0,1,200,2662,9,0.33809166040571,0,26.62,0.0,0.85,0.77,30,5,0,0.9979644761463469,3,96,False,0.8,2,False,200,
set_01,unrelated_incidents,unrelated_incidents,1,0,0,1.0,0.0,0.0,0.0,1.0,1.0,1.0,0.995,0.0,0,1,200,2662,9,0.33809166040571,0,26.62,0.0,0.85,0.77,30,5,0,0.9979644761463469,3,96,True,0.8,2,False,200,
set_01,unrelated_incidents,unrelated_incidents,1,0,0,1.0,0.0,0.0,0.0,1.0,1.0,1.0,0.995,0.0,0,1,200,2671,18,0.6739049045301385,0,26.71,0.0,0.85,0.77,30,10,0,0.9978002082181308,3,96,False,0.8,2,False,200,
set_01,unrelated_incidents,unrelated_incidents,1,0,0,1.0,0.0,0.0,0.0,1.0,1.0,1.0,0.995,0.0,0,1,200,2671,18,0.6739049045301385,0,26.71,0.0,0.85,0.77,30,10,0,0.9978002082181308,3,96,True,0.8,2,False,200,
set_01,unrelated_incidents,unrelated_incidents,1,0,0,1.0,0.0,0.0,0.0,1.0,0.135,0.2378854625550661,0.99,0.0,0,2,200,4013,2,0.049838026414154,0,40.13,0.0,0.85,0.77,50,1,0,0.9988942880776646,3,96,False,0.8,2,False,200,
set_01,unrelated_incidents,unrelated_incidents,1,0,0,1.0,0.0,0.0,0.0,1.0,1.0,1.0,0.995,0.0,0,1,200,4013,2,0.049838026414153996,0,40.13,0.0,0.85,0.77,50,1,0,0.9988942880776646,3,96,True,0.8,2,False,200,
set_01,unrelated_incidents,unrelated_incidents,1,0,0,1.0,0.0,0.0,0.0,1.0,1.0,1.0,0.995,0.0,0,1,200,4015,4,0.099626400996264,0,40.15,0.0,0.85,0.77,50,2,0,0.9988290348355826,3,96,False,0.8,2,False,200,
set_01,unrelated_incidents,unrelated_incidents,1,0,0,1.0,0.0,0.0,0.0,1.0,1.0,1.0,0.995,0.0,0,1,200,4015,4,0.099626400996264,0,40.15,0.0,0.85,0.77,50,2,0,0.9988290348355826,3,96,True,0.8,2,False,200,
set_01,unrelated_incidents,unrelated_incidents,1,0,0,1.0,0.0,0.0,0.0,1.0,1.0,1.0,0.995,0.0,0,1,200,4017,6,0.14936519790888725,0,40.17,0.0,0.85,0.77,50,3,0,0.9987182042211153,3,96,False,0.8,2,False,200,
set_01,unrelated_incidents,unrelated_incidents,1,0,0,1.0,0.0,0.0,0.0,1.0,1.0,1.0,0.995,0.0,0,1,200,4017,6,0.14936519790888722,0,40.17,0.0,0.85,0.77,50,3,0,0.9987182042211153,3,96,True,0.8,2,False,200,
set_01,unrelated_incidents,unrelated_incidents,1,0,0,1.0,0.0,0.0,0.0,1.0,1.0,1.0,0.995,0.0,0,1,200,4020,9,0.22388059701492538,0,40.2,0.0,0.85,0.77,50,5,0,0.9986520983834765,3,96,False,0.8,2,False,200,
set_01,unrelated_incidents,unrelated_incidents,1,0,0,1.0,0.0,0.0,0.0,1.0,1.0,1.0,0.995,0.0,0,1,200,4020,9,0.22388059701492538,0,40.2,0.0,0.85,0.77,50,5,0,0.9986520983834765,3,96,True,0.8,2,False,200,
set_01,unrelated_incidents,unrelated_incidents,1,0,0,1.0,0.0,0.0,0.0,1.0,1.0,1.0,0.995,0.0,0,1,200,4029,18,0.4467609828741623,0,40.29,0.0,0.85,0.77,50,10,0,0.998541661988242,3,96,False,0.8,2,False,200,
set_01,unrelated_incidents,unrelated_incidents,1,0,0,1.0,0.0,0.0,0.0,1.0,1.0,1.0,0.995,0.0,0,1,200,4029,18,0.4467609828741623,0,40.29,0.0,0.85,0.77,50,10,0,0.998541661988242,3,96,True,0.8,2,False,200,
set_01,unrelated_incidents,unrelated_incidents,1,0,0,1.0,0.0,0.0,0.0,1.0,1.0,1.0,0.995,0.0,0,1,200,580,2,0.3448275862068966,0,5.8,0.0,0.88,0.8,5,1,0,0.9986160794208789,3,173,False,0.8,2,False,200,
set_01,unrelated_incidents,unrelated_incidents,1,0,0,1.0,0.0,0.0,0.0,1.0,1.0,1.0,0.995,0.0,0,1,200,580,2,0.3448275862068966,0,5.8,0.0,0.88,0.8,5,1,0,0.9986160794208789,3,173,True,0.8,2,False,200,
set_01,unrelated_incidents,unrelated_incidents,1,0,0,1.0,0.0,0.0,0.0,1.0,1.0,1.0,0.995,0.0,0,1,200,582,4,0.6872852233676976,0,5.82,0.0,0.88,0.8,5,2,0,0.9985859620407275,3,173,False,0.8,2,False,200,
set_01,unrelated_incidents,unrelated_incidents,1,0,0,1.0,0.0,0.0,0.0,1.0,1.0,1.0,0.995,0.0,0,1,200,582,4,0.6872852233676976,0,5.82,0.0,0.88,0.8,5,2,0,0.9985859620407275,3,173,True,0.8,2,False,200,
set_01,unrelated_incidents,unrelated_incidents,1,0,0,1.0,0.0,0.0,0.0,1.0,1.0,1.0,0.995,0.0,0,1,200,584,6,1.0273972602739725,0,5.84,0.0,0.88,0.8,5,3,0,0.998552204301096,3,173,False,0.8,2,False,200,
set_01,unrelated_incidents,unrelated_incidents,1,0,0,1.0,0.0,0.0,0.0,1.0,1.0,1.0,0.995,0.0,0,1,200,584,6,1.0273972602739727,0,5.84,0.0,0.88,0.8,5,3,0,0.998552204301096,3,173,True,0.8,2,False,200,
set_01,unrelated_incidents,unrelated_incidents,1,0,0,1.0,0.0,0.0,0.0,1.0,0.135,0.2378854625550661,0.99,0.0,0,2,200,588,10,1.7006802721088436,0,5.88,0.0,0.88,0.8,5,5,0,0.9984837780598881,3,173,False,0.8,2,False,200,
set_01,unrelated_incidents,unrelated_incidents,1,0,0,1.0,0.0,0.0,0.0,1.0,0.135,0.2378854625550661,0.99,0.0,0,2,200,588,10,1.7006802721088434,0,5.88,0.0,0.88,0.8,5,5,0,0.9984837780598881,3,173,True,0.8,2,False,200,
set_01,unrelated_incidents,unrelated_incidents,1,0,0,1.0,0.0,0.0,0.0,1.0,1.0,1.0,0.995,0.0,0,1,200,596,18,3.0201342281879198,0,5.96,0.0,0.88,0.8,5,10,0,0.998359733479935,3,173,False,0.8,2,False,200,
set_01,unrelated_incidents,unrelated_incidents,1,0,0,1.0,0.0,0.0,0.0,1.0,1.0,1.0,0.995,0.0,0,1,200,596,18,3.0201342281879193,0,5.96,0.0,0.88,0.8,5,10,0,0.998359733479935,3,173,True,0.8,2,False,200,
set_01,unrelated_incidents,unrelated_incidents,1,0,0,1.0,0.0,0.0,0.0,1.0,0.135,0.2378854625550661,0.99,0.0,0,2,200,1052,2,0.19011406844106463,0,10.52,0.0,0.88,0.8,10,1,0,0.998225563662587,3,173,False,0.8,2,False,200,
set_01,unrelated_incidents,unrelated_incidents,1,0,0,1.0,0.0,0.0,0.0,1.0,1.0,1.0,0.995,0.0,0,1,200,1052,2,0.19011406844106463,0,10.52,0.0,0.88,0.8,10,1,0,0.998225563662587,3,173,True,0.8,2,False,200,
set_01,unrelated_incidents,unrelated_incidents,1,0,0,1.0,0.0,0.0,0.0,1.0,1.0,1.0,0.995,0.0,0,1,200,1054,4,0.3795066413662239,0,10.54,0.0,0.88,0.8,10,2,0,0.9982096743990846,3,173,False,0.8,2,False,200,
set_01,unrelated_incidents,unrelated_incidents,1,0,0,1.0,0.0,0.0,0.0,1.0,0.135,0.2378854625550661,0.99,0.0,0,2,200,1054,4,0.3795066413662239,0,10.54,0.0,0.88,0.8,10,2,0,0.9982096743990846,3,173,True,0.8,2,False,200,
set_01,unrelated_incidents,unrelated_incidents,1,0,0,1.0,0.0,0.0,0.0,1.0,1.0,1.0,0.995,0.0,0,1,200,1056,6,0.5681818181818182,0,10.56,0.0,0.88,0.8,10,3,0,0.9981917180120945,3,173,False,0.8,2,False,200,
set_01,unrelated_incidents,unrelated_incidents,1,0,0,1.0,0.0,0.0,0.0,1.0,0.135,0.2378854625550661,0.99,0.0,0,2,200,1056,6,0.5681818181818182,0,10.56,0.0,0.88,0.8,10,3,0,0.9981917180120945,3,173,True,0.8,2,False,200,
set_01,unrelated_incidents,unrelated_incidents,1,0,0,1.0,0.0,0.0,0.0,1.0,0.135,0.2378854625550661,0.99,0.0,0,2,200,1060,10,0.9433962264150944,0,10.6,0.0,0.88,0.8,10,5,0,0.9981540758654757,3,173,False,0.8,2,False,200,
set_01,unrelated_incidents,unrelated_incidents,1,0,0,1.0,0.0,0.0,0.0,1.0,1.0,1.0,0.995,0.0,0,1,200,1060,10,0.9433962264150944,0,10.6,0.0,0.88,0.8,10,5,0,0.9981540758654757,3,173,True,0.8,2,False,200,
set_01,unrelated_incidents,unrelated_incidents,1,0,0,1.0,0.0,0.0,0.0,1.0,1.0,1.0,0.995,0.0,0,1,200,1070,20,1.8691588785046727,0,10.7,0.0,0.88,0.8,10,10,0,0.9980504972355388,3,173,False,0.8,2,False,200,
set_01,unrelated_incidents,unrelated_incidents,1,0,0,1.0,0.0,0.0,0.0,1.0,1.0,1.0,0.995,0.0,0,1,200,1070,20,1.8691588785046729,0,10.7,0.0,0.88,0.8,10,10,0,0.9980504972355388,3,173,True,0.8,2,False,200,
set_01,unrelated_incidents,unrelated_incidents,1,0,0,1.0,0.0,0.0,0.0,1.0,0.135,0.2378854625550661,0.99,0.0,0,2,200,1490,1,0.06711409395973154,0,14.9,0.0,0.88,0.8,15,1,0,0.9977922340767496,4,96,False,0.8,2,False,200,
set_01,unrelated_incidents,unrelated_incidents,1,0,0,1.0,0.0,0.0,0.0,1.0,1.0,1.0,0.995,0.0,0,1,200,1490,1,0.06711409395973154,0,14.9,0.0,0.88,0.8,15,1,0,0.9977922340767496,4,96,True,0.8,2,False,200,
set_01,unrelated_incidents,unrelated_incidents,1,0,0,1.0,0.0,0.0,0.0,1.0,1.0,1.0,0.995,0.0,0,1,200,1492,3,0.20107238605898123,0,14.92,0.0,0.88,0.8,15,2,0,0.9977608097382589,4,96,False,0.8,2,False,200,
set_01,unrelated_incidents,unrelated_incidents,1,0,0,1.0,0.0,0.0,0.0,1.0,1.0,1.0,0.995,0.0,0,1,200,1492,3,0.20107238605898123,0,14.92,0.0,0.88,0.8,15,2,0,0.9977608097382589,4,96,True,0.8,2,False,200,
set_01,unrelated_incidents,unrelated_incidents,1,0,0,1.0,0.0,0.0,0.0,1.0,1.0,1.0,0.995,0.0,0,1,200,1494,5,0.33467202141900937,0,14.94,0.0,0.88,0.8,15,3,0,0.9977305569402983,4,96,False,0.8,2,False,200,
set_01,unrelated_incidents,unrelated_incidents,1,0,0,1.0,0.0,0.0,0.0,1.0,1.0,1.0,0.995,0.0,0,1,200,1494,5,0.33467202141900937,0,14.94,0.0,0.88,0.8,15,3,0,0.9977305569402983,4,96,True,0.8,2,False,200,
set_01,unrelated_incidents,unrelated_incidents,1,0,0,1.0,0.0,0.0,0.0,1.0,1.0,1.0,0.995,0.0,0,1,200,1497,8,0.5344021376085505,0,14.97,0.0,0.88,0.8,15,5,0,0.9976885906441179,4,96,False,0.8,2,False,200,
set_01,unrelated_incidents,unrelated_incidents,1,0,0,1.0,0.0,0.0,0.0,1.0,0.135,0.2378854625550661,0.99,0.0,0,2,200,1497,8,0.5344021376085505,0,14.97,0.0,0.88,0.8,15,5,0,0.9976885906441179,4,96,True,0.8,2,False,200,
set_01,unrelated_incidents,unrelated_incidents,1,0,0,1.0,0.0,0.0,0.0,1.0,1.0,1.0,0.995,0.0,0,1,200,1504,15,0.9973404255319149,0,15.04,0.0,0.88,0.8,15,10,0,0.9976086624045956,3,173,False,0.8,2,False,200,
set_01,unrelated_incidents,unrelated_incidents,1,0,0,1.0,0.0,0.0,0.0,1.0,0.135,0.2378854625550661,0.99,0.0,0,2,200,1504,15,0.9973404255319149,0,15.04,0.0,0.88,0.8,15,10,0,0.9976086624045956,3,173,True,0.8,2,False,200,
set_01,unrelated_incidents,unrelated_incidents,1,0,0,1.0,0.0,0.0,0.0,1.0,0.135,0.2378854625550661,0.99,0.0,0,2,200,1925,2,0.1038961038961039,0,19.25,0.0,0.88,0.8,20,1,0,0.9977990095027082,4,96,False,0.8,2,False,200,
set_01,unrelated_incidents,unrelated_incidents,1,0,0,1.0,0.0,0.0,0.0,1.0,0.135,0.2378854625550661,0.99,0.0,0,2,200,1925,2,0.1038961038961039,0,19.25,0.0,0.88,0.8,20,1,0,0.9977990095027082,4,96,True,0.8,2,False,200,
set_01,unrelated_incidents,unrelated_incidents,1,0,0,1.0,0.0,0.0,0.0,1.0,1.0,1.0,0.995,0.0,0,1,200,1926,3,0.1557632398753894,0,19.26,0.0,0.88,0.8,20,2,0,0.9977896142971479,4,96,False,0.8,2,False,200,
set_01,unrelated_incidents,unrelated_incidents,1,0,0,1.0,0.0,0.0,0.0,1.0,1.0,1.0,0.995,0.0,0,1,200,1926,3,0.1557632398753894,0,19.26,0.0,0.88,0.8,20,2,0,0.9977896142971479,4,96,True,0.8,2,False,200,
set_01,unrelated_incidents,unrelated_incidents,1,0,0,1.0,0.0,0.0,0.0,1.0,1.0,1.0,0.995,0.0,0,1,200,1928,5,0.2593360995850622,0,19.28,0.0,0.88,0.8,20,3,0,0.9977661431825012,4,96,False,0.8,2,False,200,
set_01,unrelated_incidents,unrelated_incidents,1,0,0,1.0,0.0,0.0,0.0,1.0,1.0,1.0,0.995,0.0,0,1,200,1928,5,0.25933609958506226,0,19.28,0.0,0.88,0.8,20,3,0,0.9977661431825012,4,96,True,0.8,2,False,200,
set_01,unrelated_incidents,unrelated_incidents,1,0,0,1.0,0.0,0.0,0.0,1.0,1.0,1.0,0.995,0.0,0,1,200,1932,9,0.4658385093167702,0,19.32,0.0,0.88,0.8,20,5,0,0.997719301878789,4,96,False,0.8,2,False,200,
set_01,unrelated_incidents,unrelated_incidents,1,0,0,1.0,0.0,0.0,0.0,1.0,1.0,1.0,0.995,0.0,0,1,200,1932,9,0.4658385093167702,0,19.32,0.0,0.88,0.8,20,5,0,0.997719301878789,4,96,True,0.8,2,False,200,
set_01,unrelated_incidents,unrelated_incidents,1,0,0,1.0,0.0,0.0,0.0,1.0,0.135,0.2378854625550661,0.99,0.0,0,2,200,1940,17,0.8762886597938144,0,19.4,0.0,0.88,0.8,20,10,0,0.9976038121071058,4,96,False,0.8,2,False,200,
set_01,unrelated_incidents,unrelated_incidents,1,0,0,1.0,0.0,0.0,0.0,1.0,0.135,0.2378854625550661,0.99,0.0,0,2,200,1940,17,0.8762886597938144,0,19.4,0.0,0.88,0.8,20,10,0,0.9976038121071058,4,96,True,0.8,2,False,200,
set_01,unrelated_incidents,unrelated_incidents,1,0,0,1.0,0.0,0.0,0.0,1.0,1.0,1.0,0.995,0.0,0,1,200,2655,2,0.07532956685499058,0,26.55,0.0,0.88,0.8,30,1,0,0.9984041782646754,4,96,False,0.8,2,False,200,
set_01,unrelated_incidents,unrelated_incidents,1,0,0,1.0,0.0,0.0,0.0,1.0,1.0,1.0,0.995,0.0,0,1,200,2655,2,0.07532956685499058,0,26.55,0.0,0.88,0.8,30,1,0,0.9984041782646754,4,96,True,0.8,2,False,200,
set_01,unrelated_incidents,unrelated_incidents,1,0,0,1.0,0.0,0.0,0.0,1.0,1.0,1.0,0.995,0.0,0,1,200,2657,4,0.1505457282649605,0,26.57,0.0,0.88,0.8,30,2,0,0.99838123778719,4,96,False,0.8,2,False,200,
set_01,unrelated_incidents,unrelated_incidents,1,0,0,1.0,0.0,0.0,0.0,1.0,1.0,1.0,0.995,0.0,0,1,200,2657,4,0.1505457282649605,0,26.57,0.0,0.88,0.8,30,2,0,0.99838123778719,4,96,True,0.8,2,False,200,
set_01,unrelated_incidents,unrelated_incidents,1,0,0,1.0,0.0,0.0,0.0,1.0,1.0,1.0,0.995,0.0,0,1,200,2658,5,0.18811136192626035,0,26.58,0.0,0.88,0.8,30,3,0,0.9983733657655005,4,96,False,0.8,2,False,200,
set_01,unrelated_incidents,unrelated_incidents,1,0,0,1.0,0.0,0.0,0.0,1.0,1.0,1.0,0.995,0.0,0,1,200,2658,5,0.18811136192626035,0,26.58,0.0,0.88,0.8,30,3,0,0.9983733657655005,4,96,True,0.8,2,False,200,
set_01,unrelated_incidents,unrelated_incidents,1,0,0,1.0,0.0,0.0,0.0,1.0,1.0,1.0,0.995,0.0,0,1,200,2662,9,0.33809166040571,0,26.62,0.0,0.88,0.8,30,5,0,0.998337654065226,4,96,False,0.8,2,False,200,
set_01,unrelated_incidents,unrelated_incidents,1,0,0,1.0,0.0,0.0,0.0,1.0,1.0,1.0,0.995,0.0,0,1,200,2662,9,0.33809166040571,0,26.62,0.0,0.88,0.8,30,5,0,0.998337654065226,4,96,True,0.8,2,False,200,
set_01,unrelated_incidents,unrelated_incidents,1,0,0,1.0,0.0,0.0,0.0,1.0,1.0,1.0,0.995,0.0,0,1,200,2670,17,0.6367041198501873,0,26.7,0.0,0.88,0.8,30,10,0,0.9982467456926567,4,96,False,0.8,2,False,200,
set_01,unrelated_incidents,unrelated_incidents,1,0,0,1.0,0.0,0.0,0.0,1.0,1.0,1.0,0.995,0.0,0,1,200,2670,17,0.6367041198501873,0,26.7,0.0,0.88,0.8,30,10,0,0.9982467456926567,4,96,True,0.8,2,False,200,
set_01,unrelated_incidents,unrelated_incidents,1,0,0,1.0,0.0,0.0,0.0,1.0,1.0,1.0,0.995,0.0,0,1,200,4013,2,0.049838026414154,0,40.13,0.0,0.88,0.8,50,1,0,0.9989442046580397,4,96,False,0.8,2,False,200,
set_01,unrelated_incidents,unrelated_incidents,1,0,0,1.0,0.0,0.0,0.0,1.0,1.0,1.0,0.995,0.0,0,1,200,4013,2,0.049838026414153996,0,40.13,0.0,0.88,0.8,50,1,0,0.9989442046580397,4,96,True,0.8,2,False,200,
set_01,unrelated_incidents,unrelated_incidents,1,0,0,1.0,0.0,0.0,0.0,1.0,1.0,1.0,0.995,0.0,0,1,200,4015,4,0.099626400996264,0,40.15,0.0,0.88,0.8,50,2,0,0.9989287543712487,4,96,False,0.8,2,False,200,
set_01,unrelated_incidents,unrelated_incidents,1,0,0,1.0,0.0,0.0,0.0,1.0,1.0,1.0,0.995,0.0,0,1,200,4015,4,0.099626400996264,0,40.15,0.0,0.88,0.8,50,2,0,0.9989287543712487,4,96,True,0.8,2,False,200,
set_01,unrelated_incidents,unrelated_incidents,1,0,0,1.0,0.0,0.0,0.0,1.0,0.135,0.2378854625550661,0.99,0.0,0,2,200,4016,5,0.12450199203187251,0,40.16,0.0,0.88,0.8,50,3,0,0.9989234079194971,4,96,False,0.8,2,False,200,
set_01,unrelated_incidents,unrelated_incidents,1,0,0,1.0,0.0,0.0,0.0,1.0,1.0,1.0,0.995,0.0,0,1,200,4016,5,0.12450199203187251,0,40.16,0.0,0.88,0.8,50,3,0,0.9989234079194971,4,96,True,0.8,2,False,200,
set_01,unrelated_incidents,unrelated_incidents,1,0,0,1.0,0.0,0.0,0.0,1.0,1.0,1.0,0.995,0.0,0,1,200,4020,9,0.22388059701492538,0,40.2,0.0,0.88,0.8,50,5,0,0.9988992127168238,4,96,False,0.8,2,False,200,
set_01,unrelated_incidents,unrelated_incidents,1,0,0,1.0,0.0,0.0,0.0,1.0,0.135,0.2378854625550661,0.99,0.0,0,2,200,4020,9,0.22388059701492538,0,40.2,0.0,0.88,0.8,50,5,0,0.9988992127168238,4,96,True,0.8,2,False,200,
set_01,unrelated_incidents,unrelated_incidents,1,0,0,1.0,0.0,0.0,0.0,1.0,0.135,0.2378854625550661,0.99,0.0,0,2,200,4028,17,0.42204568023833167,0,40.28,0.0,0.88,0.8,50,10,0,0.9988378378846557,4,96,False,0.8,2,False,200,
set_01,unrelated_incidents,unrelated_incidents,1,0,0,1.0,0.0,0.0,0.0,1.0,1.0,1.0,0.995,0.0,0,1,200,4028,17,0.42204568023833167,0,40.28,0.0,0.88,0.8,50,10,0,0.9988378378846557,4,96,True,0.8,2,False,200,
set_01,unrelated_incidents,unrelated_incidents,1,0,0,1.0,0.0,0.0,0.0,1.0,1.0,1.0,0.995,0.0,0,1,200,580,2,0.3448275862068966,0,5.8,0.0,0.9,0.8200000000000001,5,1,0,0.9986160794208789,3,173,False,0.8,2,False,200,
set_01,unrelated_incidents,unrelated_incidents,1,0,0,1.0,0.0,0.0,0.0,1.0,1.0,1.0,0.995,0.0,0,1,200,580,2,0.3448275862068966,0,5.8,0.0,0.9,0.8200000000000001,5,1,0,0.9986160794208789,3,173,True,0.8,2,False,200,
set_01,unrelated_incidents,unrelated_incidents,1,0,0,1.0,0.0,0.0,0.0,1.0,1.0,1.0,0.995,0.0,0,1,200,582,4,0.6872852233676976,0,5.82,0.0,0.9,0.8200000000000001,5,2,0,0.9985859620407275,3,173,False,0.8,2,False,200,
set_01,unrelated_incidents,unrelated_incidents,1,0,0,1.0,0.0,0.0,0.0,1.0,1.0,1.0,0.995,0.0,0,1,200,582,4,0.6872852233676976,0,5.82,0.0,0.9,0.8200000000000001,5,2,0,0.9985859620407275,3,173,True,0.8,2,False,200,
set_01,unrelated_incidents,unrelated_incidents,1,0,0,1.0,0.0,0.0,0.0,1.0,1.0,1.0,0.995,0.0,0,1,200,584,6,1.0273972602739725,0,5.84,0.0,0.9,0.8200000000000001,5,3,0,0.998552204301096,3,173,False,0.8,2,False,200,
set_01,unrelated_incidents,unrelated_incidents,1,0,0,1.0,0.0,0.0,0.0,1.0,1.0,1.0,0.995,0.0,0,1,200,584,6,1.0273972602739727,0,5.84,0.0,0.9,0.8200000000000001,5,3,0,0.998552204301096,3,173,True,0.8,2,False,200,
set_01,unrelated_incidents,unrelated_incidents,1,0,0,1.0,0.0,0.0,0.0,1.0,1.0,1.0,0.995,0.0,0,1,200,588,10,1.7006802721088436,0,5.88,0.0,0.9,0.8200000000000001,5,5,0,0.9984837780598881,3,173,False,0.8,2,False,200,
set_01,unrelated_incidents,unrelated_incidents,1,0,0,1.0,0.0,0.0,0.0,1.0,1.0,1.0,0.995,0.0,0,1,200,588,10,1.7006802721088434,0,5.88,0.0,0.9,0.8200000000000001,5,5,0,0.9984837780598881,3,173,True,0.8,2,False,200,
set_01,unrelated_incidents,unrelated_incidents,1,0,0,1.0,0.0,0.0,0.0,1.0,1.0,1.0,0.995,0.0,0,1,200,596,18,3.0201342281879198,0,5.96,0.0,0.9,0.8200000000000001,5,10,0,0.998359733479935,3,173,False,0.8,2,False,200,
set_01,unrelated_incidents,unrelated_incidents,1,0,0,1.0,0.0,0.0,0.0,1.0,1.0,1.0,0.995,0.0,0,1,200,596,18,3.0201342281879193,0,5.96,0.0,0.9,0.8200000000000001,5,10,0,0.998359733479935,3,173,True,0.8,2,False,200,
set_01,unrelated_incidents,unrelated_incidents,1,0,0,1.0,0.0,0.0,0.0,1.0,1.0,1.0,0.995,0.0,0,1,200,1052,2,0.19011406844106463,0,10.52,0.0,0.9,0.8200000000000001,10,1,0,0.998225563662587,3,173,False,0.8,2,False,200,
set_01,unrelated_incidents,unrelated_incidents,1,0,0,1.0,0.0,0.0,0.0,1.0,1.0,1.0,0.995,0.0,0,1,200,1052,2,0.19011406844106463,0,10.52,0.0,0.9,0.8200000000000001,10,1,0,0.998225563662587,3,173,True,0.8,2,False,200,
set_01,unrelated_incidents,unrelated_incidents,1,0,0,1.0,0.0,0.0,0.0,1.0,1.0,1.0,0.995,0.0,0,1,200,1054,4,0.3795066413662239,0,10.54,0.0,0.9,0.8200000000000001,10,2,0,0.9982096743990846,3,173,False,0.8,2,False,200,
set_01,unrelated_incidents,unrelated_incidents,1,0,0,1.0,0.0,0.0,0.0,1.0,1.0,1.0,0.995,0.0,0,1,200,1054,4,0.3795066413662239,0,10.54,0.0,0.9,0.8200000000000001,10,2,0,0.9982096743990846,3,173,True,0.8,2,False,200,
set_01,unrelated_incidents,unrelated_incidents,1,0,0,1.0,0.0,0.0,0.0,1.0,1.0,1.0,0.995,0.0,0,1,200,1056,6,0.5681818181818182,0,10.56,0.0,0.9,0.8200000000000001,10,3,0,0.9981917180120945,3,173,False,0.8,2,False,200,
set_01,unrelated_incidents,unrelated_incidents,1,0,0,1.0,0.0,0.0,0.0,1.0,1.0,1.0,0.995,0.0,0,1,200,1056,6,0.5681818181818182,0,10.56,0.0,0.9,0.8200000000000001,10,3,0,0.9981917180120945,3,173,True,0.8,2,False,200,
set_01,unrelated_incidents,unrelated_incidents,1,0,0,1.0,0.0,0.0,0.0,1.0,1.0,1.0,0.995,0.0,0,1,200,1060,10,0.9433962264150944,0,10.6,0.0,0.9,0.8200000000000001,10,5,0,0.9981540758654757,3,173,False,0.8,2,False,200,
set_01,unrelated_incidents,unrelated_incidents,1,0,0,1.0,0.0,0.0,0.0,1.0,1.0,1.0,0.995,0.0,0,1,200,1060,10,0.9433962264150944,0,10.6,0.0,0.9,0.8200000000000001,10,5,0,0.9981540758654757,3,173,True,0.8,2,False,200,
set_01,unrelated_incidents,unrelated_incidents,1,0,0,1.0,0.0,0.0,0.0,1.0,1.0,1.0,0.995,0.0,0,1,200,1070,20,1.8691588785046727,0,10.7,0.0,0.9,0.8200000000000001,10,10,0,0.9980504972355388,3,173,False,0.8,2,False,200,
set_01,unrelated_incidents,unrelated_incidents,1,0,0,1.0,0.0,0.0,0.0,1.0,1.0,1.0,0.995,0.0,0,1,200,1070,20,1.8691588785046729,0,10.7,0.0,0.9,0.8200000000000001,10,10,0,0.9980504972355388,3,173,True,0.8,2,False,200,
set_01,unrelated_incidents,unrelated_incidents,1,0,0,1.0,0.0,0.0,0.0,1.0,1.0,1.0,0.995,0.0,0,1,200,1490,1,0.06711409395973154,0,14.9,0.0,0.9,0.8200000000000001,15,1,0,0.9977922340767496,4,96,False,0.8,2,False,200,
set_01,unrelated_incidents,unrelated_incidents,1,0,0,1.0,0.0,0.0,0.0,1.0,1.0,1.0,0.995,0.0,0,1,200,1490,1,0.06711409395973154,0,14.9,0.0,0.9,0.8200000000000001,15,1,0,0.9977922340767496,4,96,True,0.8,2,False,200,
set_01,unrelated_incidents,unrelated_incidents,1,0,0,1.0,0.0,0.0,0.0,1.0,1.0,1.0,0.995,0.0,0,1,200,1492,3,0.20107238605898123,0,14.92,0.0,0.9,0.8200000000000001,15,2,0,0.9977608097382589,4,96,False,0.8,2,False,200,
set_01,unrelated_incidents,unrelated_incidents,1,0,0,1.0,0.0,0.0,0.0,1.0,1.0,1.0,0.995,0.0,0,1,200,1492,3,0.20107238605898123,0,14.92,0.0,0.9,0.8200000000000001,15,2,0,0.9977608097382589,4,96,True,0.8,2,False,200,
set_01,unrelated_incidents,unrelated_incidents,1,0,0,1.0,0.0,0.0,0.0,1.0,1.0,1.0,0.995,0.0,0,1,200,1494,5,0.33467202141900937,0,14.94,0.0,0.9,0.8200000000000001,15,3,0,0.9977305569402983,4,96,False,0.8,2,False,200,
set_01,unrelated_incidents,unrelated_incidents,1,0,0,1.0,0.0,0.0,0.0,1.0,1.0,1.0,0.995,0.0,0,1,200,1494,5,0.33467202141900937,0,14.94,0.0,0.9,0.8200000000000001,15,3,0,0.9977305569402983,4,96,True,0.8,2,False,200,
set_01,unrelated_incidents,unrelated_incidents,1,0,0,1.0,0.0,0.0,0.0,1.0,1.0,1.0,0.995,0.0,0,1,200,1497,8,0.5344021376085505,0,14.97,0.0,0.9,0.8200000000000001,15,5,0,0.9976885906441179,4,96,False,0.8,2,False,200,
set_01,unrelated_incidents,unrelated_incidents,1,0,0,1.0,0.0,0.0,0.0,1.0,1.0,1.0,0.995,0.0,0,1,200,1497,8,0.5344021376085505,0,14.97,0.0,0.9,0.8200000000000001,15,5,0,0.9976885906441179,4,96,True,0.8,2,False,200,
set_01,unrelated_incidents,unrelated_incidents,1,0,0,1.0,0.0,0.0,0.0,1.0,1.0,1.0,0.995,0.0,0,1,200,1504,15,0.9973404255319149,0,15.04,0.0,0.9,0.8200000000000001,15,10,0,0.9976086624045956,3,173,False,0.8,2,False,200,
set_01,unrelated_incidents,unrelated_incidents,1,0,0,1.0,0.0,0.0,0.0,1.0,1.0,1.0,0.995,0.0,0,1,200,1504,15,0.9973404255319149,0,15.04,0.0,0.9,0.8200000000000001,15,10,0,0.9976086624045956,3,173,True,0.8,2,False,200,
set_01,unrelated_incidents,unrelated_incidents,1,0,0,1.0,0.0,0.0,0.0,1.0,1.0,1.0,0.995,0.0,0,1,200,1925,2,0.1038961038961039,0,19.25,0.0,0.9,0.8200000000000001,20,1,0,0.9977990095027082,4,96,False,0.8,2,False,200,
set_01,unrelated_incidents,unrelated_incidents,1,0,0,1.0,0.0,0.0,0.0,1.0,1.0,1.0,0.995,0.0,0,1,200,1925,2,0.1038961038961039,0,19.25,0.0,0.9,0.8200000000000001,20,1,0,0.9977990095027082,4,96,True,0.8,2,False,200,
set_01,unrelated_incidents,unrelated_incidents,1,0,0,1.0,0.0,0.0,0.0,1.0,1.0,1.0,0.995,0.0,0,1,200,1926,3,0.1557632398753894,0,19.26,0.0,0.9,0.8200000000000001,20,2,0,0.9977896142971479,4,96,False,0.8,2,False,200,
set_01,unrelated_incidents,unrelated_incidents,1,0,0,1.0,0.0,0.0,0.0,1.0,1.0,1.0,0.995,0.0,0,1,200,1926,3,0.1557632398753894,0,19.26,0.0,0.9,0.8200000000000001,20,2,0,0.9977896142971479,4,96,True,0.8,2,False,200,
set_01,unrelated_incidents,unrelated_incidents,1,0,0,1.0,0.0,0.0,0.0,1.0,1.0,1.0,0.995,0.0,0,1,200,1928,5,0.2593360995850622,0,19.28,0.0,0.9,0.8200000000000001,20,3,0,0.9977661431825012,4,96,False,0.8,2,False,200,
set_01,unrelated_incidents,unrelated_incidents,1,0,0,1.0,0.0,0.0,0.0,1.0,0.135,0.2378854625550661,0.99,0.0,0,2,200,1928,5,0.25933609958506226,0,19.28,0.0,0.9,0.8200000000000001,20,3,0,0.9977661431825012,4,96,True,0.8,2,False,200,
set_01,unrelated_incidents,unrelated_incidents,1,0,0,1.0,0.0,0.0,0.0,1.0,1.0,1.0,0.995,0.0,0,1,200,1932,9,0.4658385093167702,0,19.32,0.0,0.9,0.8200000000000001,20,5,0,0.997719301878789,4,96,False,0.8,2,False,200,
set_01,unrelated_incidents,unrelated_incidents,1,0,0,1.0,0.0,0.0,0.0,1.0,1.0,1.0,0.995,0.0,0,1,200,1932,9,0.4658385093167702,0,19.32,0.0,0.9,0.8200000000000001,20,5,0,0.997719301878789,4,96,True,0.8,2,False,200,
set_01,unrelated_incidents,unrelated_incidents,1,0,0,1.0,0.0,0.0,0.0,1.0,0.135,0.2378854625550661,0.99,0.0,0,2,200,1940,17,0.8762886597938144,0,19.4,0.0,0.9,0.8200000000000001,20,10,0,0.9976038121071058,4,96,False,0.8,2,False,200,
set_01,unrelated_incidents,unrelated_incidents,1,0,0,1.0,0.0,0.0,0.0,1.0,1.0,1.0,0.995,0.0,0,1,200,1940,17,0.8762886597938144,0,19.4,0.0,0.9,0.8200000000000001,20,10,0,0.9976038121071058,4,96,True,0.8,2,False,200,
set_01,unrelated_incidents,unrelated_incidents,1,0,0,1.0,0.0,0.0,0.0,1.0,1.0,1.0,0.995,0.0,0,1,200,2655,2,0.07532956685499058,0,26.55,0.0,0.9,0.8200000000000001,30,1,0,0.9984041782646754,4,96,False,0.8,2,False,200,
set_01,unrelated_incidents,unrelated_incidents,1,0,0,1.0,0.0,0.0,0.0,1.0,1.0,1.0,0.995,0.0,0,1,200,2655,2,0.07532956685499058,0,26.55,0.0,0.9,0.8200000000000001,30,1,0,0.9984041782646754,4,96,True,0.8,2,False,200,
set_01,unrelated_incidents,unrelated_incidents,1,0,0,1.0,0.0,0.0,0.0,1.0,1.0,1.0,0.995,0.0,0,1,200,2657,4,0.1505457282649605,0,26.57,0.0,0.9,0.8200000000000001,30,2,0,0.99838123778719,4,96,False,0.8,2,False,200,
set_01,unrelated_incidents,unrelated_incidents,1,0,0,1.0,0.0,0.0,0.0,1.0,1.0,1.0,0.995,0.0,0,1,200,2657,4,0.1505457282649605,0,26.57,0.0,0.9,0.8200000000000001,30,2,0,0.99838123778719,4,96,True,0.8,2,False,200,
set_01,unrelated_incidents,unrelated_incidents,1,0,0,1.0,0.0,0.0,0.0,1.0,1.0,1.0,0.995,0.0,0,1,200,2658,5,0.18811136192626035,0,26.58,0.0,0.9,0.8200000000000001,30,3,0,0.9983733657655005,4,96,False,0.8,2,False,200,
set_01,unrelated_incidents,unrelated_incidents,1,0,0,1.0,0.0,0.0,0.0,1.0,1.0,1.0,0.995,0.0,0,1,200,2658,5,0.18811136192626035,0,26.58,0.0,0.9,0.8200000000000001,30,3,0,0.9983733657655005,4,96,True,0.8,2,False,200,
set_01,unrelated_incidents,unrelated_incidents,1,0,0,1.0,0.0,0.0,0.0,1.0,1.0,1.0,0.995,0.0,0,1,200,2662,9,0.33809166040571,0,26.62,0.0,0.9,0.8200000000000001,30,5,0,0.998337654065226,4,96,False,0.8,2,False,200,
set_01,unrelated_incidents,unrelated_incidents,1,0,0,1.0,0.0,0.0,0.0,1.0,1.0,1.0,0.995,0.0,0,1,200,2662,9,0.33809166040571,0,26.62,0.0,0.9,0.8200000000000001,30,5,0,0.998337654065226,4,96,True,0.8,2,False,200,
set_01,unrelated_incidents,unrelated_incidents,1,0,0,1.0,0.0,0.0,0.0,1.0,1.0,1.0,0.995,0.0,0,1,200,2670,17,0.6367041198501873,0,26.7,0.0,0.9,0.8200000000000001,30,10,0,0.9982467456926567,4,96,False,0.8,2,False,200,
set_01,unrelated_incidents,unrelated_incidents,1,0,0,1.0,0.0,0.0,0.0,1.0,0.135,0.2378854625550661,0.99,0.0,0,2,200,2670,17,0.6367041198501873,0,26.7,0.0,0.9,0.8200000000000001,30,10,0,0.9982467456926567,4,96,True,0.8,2,False,200,
set_01,unrelated_incidents,unrelated_incidents,1,0,0,1.0,0.0,0.0,0.0,1.0,1.0,1.0,0.995,0.0,0,1,200,4013,2,0.049838026414154,0,40.13,0.0,0.9,0.8200000000000001,50,1,0,0.9989442046580397,4,96,False,0.8,2,False,200,
set_01,unrelated_incidents,unrelated_incidents,1,0,0,1.0,0.0,0.0,0.0,1.0,0.135,0.2378854625550661,0.99,0.0,0,2,200,4013,2,0.049838026414153996,0,40.13,0.0,0.9,0.8200000000000001,50,1,0,0.9989442046580397,4,96,True,0.8,2,False,200,
set_01,unrelated_incidents,unrelated_incidents,1,0,0,1.0,0.0,0.0,0.0,1.0,1.0,1.0,0.995,0.0,0,1,200,4015,4,0.099626400996264,0,40.15,0.0,0.9,0.8200000000000001,50,2,0,0.9989287543712487,4,96,False,0.8,2,False,200,
set_01,unrelated_incidents,unrelated_incidents,1,0,0,1.0,0.0,0.0,0.0,1.0,1.0,1.0,0.995,0.0,0,1,200,4015,4,0.099626400996264,0,40.15,0.0,0.9,0.8200000000000001,50,2,0,0.9989287543712487,4,96,True,0.8,2,False,200,
set_01,unrelated_incidents,unrelated_incidents,1,0,0,1.0,0.0,0.0,0.0,1.0,1.0,1.0,0.995,0.0,0,1,200,4016,5,0.12450199203187251,0,40.16,0.0,0.9,0.8200000000000001,50,3,0,0.9989234079194971,4,96,False,0.8,2,False,200,
set_01,unrelated_incidents,unrelated_incidents,1,0,0,1.0,0.0,0.0,0.0,1.0,0.135,0.2378854625550661,0.99,0.0,0,2,200,4016,5,0.12450199203187251,0,40.16,0.0,0.9,0.8200000000000001,50,3,0,0.9989234079194971,4,96,True,0.8,2,False,200,
set_01,unrelated_incidents,unrelated_incidents,1,0,0,1.0,0.0,0.0,0.0,1.0,0.135,0.2378854625550661,0.99,0.0,0,2,200,4020,9,0.22388059701492538,0,40.2,0.0,0.9,0.8200000000000001,50,5,0,0.9988992127168238,4,96,False,0.8,2,False,200,
set_01,unrelated_incidents,unrelated_incidents,1,0,0,1.0,0.0,0.0,0.0,1.0,1.0,1.0,0.995,0.0,0,1,200,4020,9,0.22388059701492538,0,40.2,0.0,0.9,0.8200000000000001,50,5,0,0.9988992127168238,4,96,True,0.8,2,False,200,
set_01,unrelated_incidents,unrelated_incidents,1,0,0,1.0,0.0,0.0,0.0,1.0,1.0,1.0,0.995,0.0,0,1,200,4028,17,0.42204568023833167,0,40.28,0.0,0.9,0.8200000000000001,50,10,0,0.9988378378846557,4,96,False,0.8,2,False,200,
set_01,unrelated_incidents,unrelated_incidents,1,0,0,1.0,0.0,0.0,0.0,1.0,1.0,1.0,0.995,0.0,0,1,200,4028,17,0.42204568023833167,0,40.28,0.0,0.9,0.8200000000000001,50,10,0,0.9988378378846557,4,96,True,0.8,2,False,200,
set_01,strong_campaign,strong_campaign,1,1,0,0.0,1.0,1.0,1.0,1.0,1.0,1.0,0.995,0.0,0,1,200,1050,6,0.5714285714285714,0,10.5,0.0,0.75,0.72,10,3,0,0.995467731044406,4,93,False,0.8,2,False,200,
set_01,strong_campaign,strong_campaign,1,1,0,0.0,1.0,1.0,1.0,1.0,1.0,1.0,0.99,0.0,0,2,200,1050,6,0.5714285714285714,0,10.5,0.0,0.75,0.72,10,3,0,0.995467731044406,4,93,True,0.8,2,False,200,
set_01,strong_campaign,strong_campaign,1,1,0,0.0,1.0,1.0,1.0,1.0,1.0,1.0,0.995,0.0,0,1,200,1058,14,1.3232514177693762,0,10.58,0.0,0.75,0.72,10,10,0,0.9947311093992006,4,93,False,0.8,2,False,200,
set_01,strong_campaign,strong_campaign,1,1,0,0.0,1.0,1.0,1.0,1.0,1.0,1.0,0.995,0.0,0,1,200,1058,14,1.3232514177693762,0,10.58,0.0,0.75,0.72,10,10,0,0.9947311093992006,4,93,True,0.8,2,False,200,
set_01,strong_campaign,strong_campaign,1,1,0,0.0,1.0,1.0,1.0,1.0,1.0,1.0,0.99,0.0,0,2,200,1050,6,0.5714285714285714,0,10.5,0.0,0.85,0.77,10,3,0,0.995467731044406,4,93,False,0.8,2,False,200,
set_01,strong_campaign,strong_campaign,1,1,0,0.0,1.0,1.0,1.0,1.0,1.0,1.0,0.995,0.0,0,1,200,1050,6,0.5714285714285714,0,10.5,0.0,0.85,0.77,10,3,0,0.995467731044406,4,93,True,0.8,2,False,200,
set_01,strong_campaign,strong_campaign,1,1,0,0.0,1.0,1.0,1.0,1.0,1.0,1.0,0.995,0.0,0,1,200,1058,14,1.3232514177693762,0,10.58,0.0,0.85,0.77,10,10,0,0.9947311093992006,4,93,False,0.8,2,False,200,
set_01,strong_campaign,strong_campaign,1,1,0,0.0,1.0,1.0,1.0,1.0,1.0,1.0,0.995,0.0,0,1,200,1058,14,1.3232514177693762,0,10.58,0.0,0.85,0.77,10,10,0,0.9947311093992006,4,93,True,0.8,2,False,200,
set_01,strong_campaign,strong_campaign,1,1,0,0.0,1.0,1.0,1.0,1.0,1.0,1.0,0.995,0.0,0,1,200,1044,6,0.5747126436781609,0,10.44,0.0,0.9,0.8200000000000001,10,3,0,0.9960412649701839,4,93,False,0.8,2,False,200,
set_01,strong_campaign,strong_campaign,1,1,0,0.0,1.0,1.0,1.0,1.0,1.0,1.0,0.995,0.0,0,1,200,1044,6,0.5747126436781609,0,10.44,0.0,0.9,0.8200000000000001,10,3,0,0.9960412649701839,4,93,True,0.8,2,False,200,
set_01,strong_campaign,strong_campaign,1,1,0,0.0,1.0,1.0,1.0,1.0,1.0,1.0,0.99,0.0,0,2,200,1052,14,1.3307984790874523,0,10.52,0.0,0.9,0.8200000000000001,10,10,0,0.9952960805861215,4,93,False,0.8,2,False,200,
set_01,strong_campaign,strong_campaign,1,1,0,0.0,1.0,1.0,1.0,1.0,1.0,1.0,0.995,0.0,0,1,200,1052,14,1.3307984790874525,0,10.52,0.0,0.9,0.8200000000000001,10,10,0,0.9952960805861215,4,93,True,0.8,2,False,200,
set_01,weak_campaign,weak_campaign,1,1,0,0.0,1.0,1.0,1.0,1.0,1.0,1.0,0.995,0.0,0,1,200,1036,6,0.5791505791505791,0,10.412060301507537,0.005,0.75,0.72,10,3,0,0.9968074718382368,4,100,False,0.8,2,False,200,
set_01,weak_campaign,weak_campaign,1,1,0,0.0,1.0,1.0,1.0,1.0,1.0,1.0,0.995,0.0,0,1,200,1036,6,0.5791505791505791,0,10.412060301507537,0.005,0.75,0.72,10,3,0,0.9968074718382368,4,100,True,0.8,2,False,200,
set_01,weak_campaign,weak_campaign,1,1,0,0.0,1.0,1.0,1.0,1.0,1.0,1.0,0.995,0.0,0,1,200,1046,16,1.5296367112810707,0,10.512562814070352,0.005,0.75,0.72,10,10,0,0.9959917086146302,3,179,False,0.8,2,False,200,
set_01,weak_campaign,weak_campaign,1,1,0,0.0,1.0,1.0,1.0,1.0,1.0,1.0,0.995,0.0,0,1,200,1046,16,1.5296367112810707,0,10.512562814070352,0.005,0.75,0.72,10,10,0,0.9959917086146302,3,179,True,0.8,2,False,200,
set_01,weak_campaign,weak_campaign,1,1,0,0.0,1.0,1.0,1.0,1.0,1.0,1.0,0.995,0.0,0,1,200,1036,6,0.5791505791505791,0,10.412060301507537,0.005,0.85,0.77,10,3,0,0.9968074718382368,4,100,False,0.8,2,False,200,
set_01,weak_campaign,weak_campaign,1,1,0,0.0,1.0,1.0,1.0,1.0,1.0,1.0,0.99,0.0,0,2,200,1036,6,0.5791505791505791,0,10.412060301507537,0.005,0.85,0.77,10,3,0,0.9968074718382368,4,100,True,0.8,2,False,200,
set_01,weak_campaign,weak_campaign,1,1,0,0.0,1.0,1.0,1.0,1.0,1.0,1.0,0.995,0.0,0,1,200,1046,16,1.5296367112810707,0,10.512562814070352,0.005,0.85,0.77,10,10,0,0.9959917086146302,3,179,False,0.8,2,False,200,
set_01,weak_campaign,weak_campaign,1,1,0,0.0,1.0,1.0,1.0,1.0,1.0,1.0,0.995,0.0,0,1,200,1046,16,1.5296367112810707,0,10.512562814070352,0.005,0.85,0.77,10,10,0,0.9959917086146302,3,179,True,0.8,2,False,200,
set_01,weak_campaign,weak_campaign,1,1,0,0.0,1.0,1.0,1.0,1.0,1.0,1.0,0.995,0.0,0,1,200,1036,6,0.5791505791505791,0,10.412060301507537,0.005,0.9,0.8200000000000001,10,3,0,0.9968074718382368,4,100,False,0.8,2,False,200,
set_01,weak_campaign,weak_campaign,1,1,0,0.0,1.0,1.0,1.0,1.0,1.0,1.0,0.995,0.0,0,1,200,1036,6,0.5791505791505791,0,10.412060301507537,0.005,0.9,0.8200000000000001,10,3,0,0.9968074718382368,4,100,True,0.8,2,False,200,
set_01,weak_campaign,weak_campaign,1,1,0,0.0,1.0,1.0,1.0,1.0,1.0,1.0,0.995,0.0,0,1,200,1046,16,1.5296367112810707,0,10.512562814070352,0.005,0.9,0.8200000000000001,10,10,0,0.9962047759593103,3,179,False,0.8,2,False,200,
set_01,weak_campaign,weak_campaign,1,1,0,0.0,1.0,1.0,1.0,1.0,1.0,1.0,0.995,0.0,0,1,200,1046,16,1.5296367112810707,0,10.512562814070352,0.005,0.9,0.8200000000000001,10,10,0,0.9962047759593103,3,179,True,0.8,2,False,200,
set_02,benign_fleet_control,benign_fleet_control,0,0,0,0.0,0.0,0.0,0.0,0.0,0.0,0.0,0.995,0.0,-1,1,200,1122,5,0.4456327985739751,0,11.27638190954774,0.005,0.75,0.72,10,3,0,0.9934221668676897,4,150,False,0.8,2,False,200,
set_02,benign_fleet_control,benign_fleet_control,0,0,0,0.0,0.0,0.0,0.0,0.0,0.0,0.0,0.995,0.0,-1,1,200,1122,5,0.44563279857397503,0,11.27638190954774,0.005,0.75,0.72,10,3,0,0.9934221668676897,4,150,True,0.8,2,False,200,
set_02,benign_fleet_control,benign_fleet_control,0,0,0,0.0,0.0,0.0,0.0,0.0,0.0,0.0,0.995,0.0,-1,1,200,1133,16,1.412180052956752,0,11.386934673366834,0.005,0.75,0.72,10,10,0,0.9934860287465991,4,150,False,0.8,2,False,200,
set_02,benign_fleet_control,benign_fleet_control,0,0,0,0.0,0.0,0.0,0.0,0.0,0.0,0.0,0.99,0.0,-1,2,200,1133,16,1.412180052956752,0,11.386934673366834,0.005,0.75,0.72,10,10,0,0.9934860287465991,4,150,True,0.8,2,False,200,
set_02,benign_fleet_control,benign_fleet_control,0,0,0,0.0,0.0,0.0,0.0,0.0,0.0,0.0,0.995,0.0,-1,1,200,1122,5,0.4456327985739751,0,11.27638190954774,0.005,0.85,0.77,10,3,0,0.9934221668676897,4,150,False,0.8,2,False,200,
set_02,benign_fleet_control,benign_fleet_control,0,0,0,0.0,0.0,0.0,0.0,0.0,0.0,0.0,0.995,0.0,-1,1,200,1122,5,0.44563279857397503,0,11.27638190954774,0.005,0.85,0.77,10,3,0,0.9934221668676897,4,150,True,0.8,2,False,200,
set_02,benign_fleet_control,benign_fleet_control,0,0,0,0.0,0.0,0.0,0.0,0.0,0.0,0.0,0.995,0.0,-1,1,200,1133,16,1.412180052956752,0,11.386934673366834,0.005,0.85,0.77,10,10,0,0.9934860287465991,4,150,False,0.8,2,False,200,
set_02,benign_fleet_control,benign_fleet_control,0,0,0,0.0,0.0,0.0,0.0,0.0,0.0,0.0,0.995,0.0,-1,1,200,1133,16,1.412180052956752,0,11.386934673366834,0.005,0.85,0.77,10,10,0,0.9934860287465991,4,150,True,0.8,2,False,200,
set_02,benign_fleet_control,benign_fleet_control,0,0,0,0.0,0.0,0.0,0.0,0.0,0.0,0.0,0.995,0.0,-1,1,200,1119,5,0.44682752457551383,0,11.246231155778894,0.005,0.9,0.8200000000000001,10,3,0,0.9936837718569881,4,150,False,0.8,2,False,200,
set_02,benign_fleet_control,benign_fleet_control,0,0,0,0.0,0.0,0.0,0.0,0.0,0.0,0.0,0.995,0.0,-1,1,200,1119,5,0.44682752457551383,0,11.246231155778894,0.005,0.9,0.8200000000000001,10,3,0,0.9936837718569881,4,150,True,0.8,2,False,200,
set_02,benign_fleet_control,benign_fleet_control,0,0,0,0.0,0.0,0.0,0.0,0.0,0.0,0.0,0.995,0.0,-1,1,200,1130,16,1.415929203539823,0,11.35678391959799,0.005,0.9,0.8200000000000001,10,10,0,0.9937452566834678,4,150,False,0.8,2,False,200,
set_02,benign_fleet_control,benign_fleet_control,0,0,0,0.0,0.0,0.0,0.0,0.0,0.0,0.0,0.99,0.0,-1,2,200,1130,16,1.415929203539823,0,11.35678391959799,0.005,0.9,0.8200000000000001,10,10,0,0.9937452566834678,4,150,True,0.8,2,False,200,
set_02,isolated_attack,isolated_attack,0,0,1,0.0,0.0,0.0,0.0,1.0,1.0,1.0,0.995,0.0,0,1,200,1064,6,0.5639097744360901,0,10.64,0.0,0.75,0.72,10,3,0,0.9981357445170108,2,193,False,0.8,2,False,200,
set_02,isolated_attack,isolated_attack,0,0,1,0.0,0.0,0.0,0.0,1.0,0.965,0.9821882951653944,0.99,0.0,1,2,200,1064,6,0.5639097744360902,0,10.64,0.0,0.75,0.72,10,3,0,0.9981357445170108,2,193,True,0.8,2,False,200,
set_02,isolated_attack,isolated_attack,0,0,1,0.0,0.0,0.0,0.0,1.0,1.0,1.0,0.995,0.0,0,1,200,1075,17,1.5813953488372092,0,10.75,0.0,0.75,0.72,10,10,0,0.9981548206196275,2,193,False,0.8,2,False,200,
set_02,isolated_attack,isolated_attack,0,0,1,0.0,0.0,0.0,0.0,1.0,0.965,0.9821882951653944,0.99,0.0,1,2,200,1075,17,1.5813953488372092,0,10.75,0.0,0.75,0.72,10,10,0,0.9981548206196275,2,193,True,0.8,2,False,200,
set_02,isolated_attack,isolated_attack,0,0,1,0.0,0.0,0.0,0.0,1.0,1.0,1.0,0.995,0.0,0,1,200,1058,6,0.5671077504725899,0,10.58,0.0,0.85,0.77,10,3,0,0.9992546481987028,2,193,False,0.8,2,False,200,
set_02,isolated_attack,isolated_attack,0,0,1,0.0,0.0,0.0,0.0,1.0,1.0,1.0,0.995,0.0,0,1,200,1058,6,0.5671077504725898,0,10.58,0.0,0.85,0.77,10,3,0,0.9992546481987028,2,193,True,0.8,2,False,200,
set_02,isolated_attack,isolated_attack,0,0,1,0.0,0.0,0.0,0.0,1.0,1.0,1.0,0.995,0.0,0,1,200,1069,17,1.5902712815715623,0,10.69,0.0,0.85,0.77,10,10,0,0.9992623178617658,2,193,False,0.8,2,False,200,
set_02,isolated_attack,isolated_attack,0,0,1,0.0,0.0,0.0,0.0,1.0,1.0,1.0,0.995,0.0,0,1,200,1069,17,1.5902712815715623,0,10.69,0.0,0.85,0.77,10,10,0,0.9992623178617658,2,193,True,0.8,2,False,200,
set_02,isolated_attack,isolated_attack,0,0,1,0.0,0.0,0.0,0.0,1.0,1.0,1.0,0.995,0.0,0,1,200,1054,6,0.5692599620493358,0,10.54,0.0,0.9,0.8200000000000001,10,3,0,0.9997709611787742,3,193,False,0.8,2,False,200,
set_02,isolated_attack,isolated_attack,0,0,1,0.0,0.0,0.0,0.0,1.0,1.0,1.0,0.995,0.0,0,1,200,1054,6,0.5692599620493358,0,10.54,0.0,0.9,0.8200000000000001,10,3,0,0.9997709611787742,3,193,True,0.8,2,False,200,
set_02,isolated_attack,isolated_attack,0,0,1,0.0,0.0,0.0,0.0,1.0,1.0,1.0,0.995,0.0,0,1,200,1065,17,1.5962441314553992,0,10.65,0.0,0.9,0.8200000000000001,10,10,0,0.9997733268379605,3,193,False,0.8,2,False,200,
set_02,isolated_attack,isolated_attack,0,0,1,0.0,0.0,0.0,0.0,1.0,1.0,1.0,0.995,0.0,0,1,200,1065,17,1.596244131455399,0,10.65,0.0,0.9,0.8200000000000001,10,10,0,0.9997733268379605,3,193,True,0.8,2,False,200,
set_02,unrelated_incidents,unrelated_incidents,1,0,0,1.0,0.0,0.0,0.0,1.0,1.0,1.0,0.995,0.0,0,1,200,597,2,0.33500837520938026,1,5.97,0.0,0.72,0.72,5,1,0,0.9961077728662858,2,171,False,0.8,2,False,200,
set_02,unrelated_incidents,unrelated_incidents,1,0,0,1.0,0.0,0.0,0.0,1.0,1.0,1.0,0.995,0.0,0,1,200,597,2,0.33500837520938026,1,5.97,0.0,0.72,0.72,5,1,0,0.9961077728662858,2,171,True,0.8,2,False,200,
set_02,unrelated_incidents,unrelated_incidents,1,0,0,1.0,0.0,0.0,0.0,1.0,1.0,1.0,0.995,0.0,0,1,200,598,3,0.5016722408026756,1,5.98,0.0,0.72,0.72,5,2,0,0.9961142816073121,2,171,False,0.8,2,False,200,
set_02,unrelated_incidents,unrelated_incidents,1,0,0,1.0,0.0,0.0,0.0,1.0,0.145,0.25327510917030566,0.99,0.0,0,2,200,598,3,0.5016722408026756,1,5.98,0.0,0.72,0.72,5,2,0,0.9961142816073121,2,171,True,0.8,2,False,200,
set_02,unrelated_incidents,unrelated_incidents,1,0,0,1.0,0.0,0.0,0.0,1.0,1.0,1.0,0.995,0.0,0,1,200,600,5,0.8333333333333334,1,6.0,0.0,0.72,0.72,5,3,0,0.9961272340019544,2,171,False,0.8,2,False,200,
set_02,unrelated_incidents,unrelated_incidents,1,0,0,1.0,0.0,0.0,0.0,1.0,1.0,1.0,0.995,0.0,0,1,200,600,5,0.8333333333333334,1,6.0,0.0,0.72,0.72,5,3,0,0.9961272340019544,2,171,True,0.8,2,False,200,
set_02,unrelated_incidents,unrelated_incidents,1,0,0,1.0,0.0,0.0,0.0,1.0,1.0,1.0,0.995,0.0,0,1,200,603,8,1.3266998341625207,1,6.03,0.0,0.72,0.72,5,5,0,0.996146501494482,2,171,False,0.8,2,False,200,
set_02,unrelated_incidents,unrelated_incidents,1,0,0,1.0,0.0,0.0,0.0,1.0,1.0,1.0,0.995,0.0,0,1,200,603,8,1.3266998341625207,1,6.03,0.0,0.72,0.72,5,5,0,0.996146501494482,2,171,True,0.8,2,False,200,
set_02,unrelated_incidents,unrelated_incidents,1,0,0,1.0,0.0,0.0,0.0,1.0,1.0,1.0,0.995,0.0,0,1,200,613,18,2.936378466557912,1,6.13,0.0,0.72,0.72,5,10,0,0.9962093644391071,2,171,False,0.8,2,False,200,
set_02,unrelated_incidents,unrelated_incidents,1,0,0,1.0,0.0,0.0,0.0,1.0,1.0,1.0,0.995,0.0,0,1,200,613,18,2.936378466557912,1,6.13,0.0,0.72,0.72,5,10,0,0.9962093644391071,2,171,True,0.8,2,False,200,
set_02,unrelated_incidents,unrelated_incidents,1,0,0,1.0,0.0,0.0,0.0,1.0,1.0,1.0,0.995,0.0,0,1,200,1059,2,0.18885741265344666,1,10.59,0.0,0.72,0.72,10,1,0,0.9966465810540716,2,171,False,0.8,2,False,200,
set_02,unrelated_incidents,unrelated_incidents,1,0,0,1.0,0.0,0.0,0.0,1.0,1.0,1.0,0.995,0.0,0,1,200,1059,2,0.18885741265344666,1,10.59,0.0,0.72,0.72,10,1,0,0.9966465810540716,2,171,True,0.8,2,False,200,
set_02,unrelated_incidents,unrelated_incidents,1,0,0,1.0,0.0,0.0,0.0,1.0,1.0,1.0,0.995,0.0,0,1,200,1061,4,0.3770028275212064,2,10.61,0.0,0.72,0.72,10,2,0,0.9965862032380675,2,171,False,0.8,2,False,200,
set_02,unrelated_incidents,unrelated_incidents,1,0,0,1.0,0.0,0.0,0.0,1.0,1.0,1.0,0.995,0.0,0,1,200,1061,4,0.3770028275212064,2,10.61,0.0,0.72,0.72,10,2,0,0.9965862032380675,2,171,True,0.8,2,False,200,
set_02,unrelated_incidents,unrelated_incidents,1,0,0,1.0,0.0,0.0,0.0,1.0,1.0,1.0,0.995,0.0,0,1,200,1063,6,0.5644402634054563,3,10.63,0.0,0.72,0.72,10,3,0,0.9965235269080887,2,171,False,0.8,2,False,200,
set_02,unrelated_incidents,unrelated_incidents,1,0,0,1.0,0.0,0.0,0.0,1.0,0.145,0.25327510917030566,0.99,0.0,0,2,200,1063,6,0.5644402634054563,3,10.63,0.0,0.72,0.72,10,3,0,0.9965235269080887,2,171,True,0.8,2,False,200,
set_02,unrelated_incidents,unrelated_incidents,1,0,0,1.0,0.0,0.0,0.0,1.0,0.145,0.25327510917030566,0.99,0.0,0,2,200,1067,10,0.937207122774133,5,10.67,0.0,0.72,0.72,10,5,0,0.9964096890282386,2,171,False,0.8,2,False,200,
set_02,unrelated_incidents,unrelated_incidents,1,0,0,1.0,0.0,0.0,0.0,1.0,1.0,1.0,0.995,0.0,0,1,200,1067,10,0.9372071227741331,5,10.67,0.0,0.72,0.72,10,5,0,0.9964096890282386,2,171,True,0.8,2,False,200,
set_02,unrelated_incidents,unrelated_incidents,1,0,0,1.0,0.0,0.0,0.0,1.0,1.0,1.0,0.995,0.0,0,1,200,1077,20,1.8570102135561743,10,10.77,0.0,0.72,0.72,10,10,0,0.9960772054773187,2,171,False,0.8,2,False,200,
set_02,unrelated_incidents,unrelated_incidents,1,0,0,1.0,0.0,0.0,0.0,1.0,1.0,1.0,0.995,0.0,0,1,200,1077,20,1.8570102135561746,10,10.77,0.0,0.72,0.72,10,10,0,0.9960772054773187,2,171,True,0.8,2,False,200,
set_02,unrelated_incidents,unrelated_incidents,1,0,0,1.0,0.0,0.0,0.0,1.0,0.145,0.25327510917030566,0.99,0.0,0,2,200,1496,2,0.1336898395721925,1,14.96,0.0,0.72,0.72,15,1,0,0.9967650901426606,2,171,False,0.8,2,False,200,
set_02,unrelated_incidents,unrelated_incidents,1,0,0,1.0,0.0,0.0,0.0,1.0,1.0,1.0,0.995,0.0,0,1,200,1496,2,0.13368983957219252,1,14.96,0.0,0.72,0.72,15,1,0,0.9967650901426606,2,171,True,0.8,2,False,200,
set_02,unrelated_incidents,unrelated_incidents,1,0,0,1.0,0.0,0.0,0.0,1.0,1.0,1.0,0.995,0.0,0,1,200,1498,4,0.26702269692923897,2,14.98,0.0,0.72,0.72,15,2,0,0.9967221676587104,2,171,False,0.8,2,False,200,
set_02,unrelated_incidents,unrelated_incidents,1,0,0,1.0,0.0,0.0,0.0,1.0,1.0,1.0,0.995,0.0,0,1,200,1498,4,0.26702269692923897,2,14.98,0.0,0.72,0.72,15,2,0,0.9967221676587104,2,171,True,0.8,2,False,200,
set_02,unrelated_incidents,unrelated_incidents,1,0,0,1.0,0.0,0.0,0.0,1.0,1.0,1.0,0.995,0.0,0,1,200,1500,6,0.4,3,15.0,0.0,0.72,0.72,15,3,0,0.9966775697469711,2,171,False,0.8,2,False,200,
set_02,unrelated_incidents,unrelated_incidents,1,0,0,1.0,0.0,0.0,0.0,1.0,1.0,1.0,0.995,0.0,0,1,200,1500,6,0.4,3,15.0,0.0,0.72,0.72,15,3,0,0.9966775697469711,2,171,True,0.8,2,False,200,
set_02,unrelated_incidents,unrelated_incidents,1,0,0,1.0,0.0,0.0,0.0,1.0,1.0,1.0,0.995,0.0,0,1,200,1504,10,0.6648936170212766,5,15.04,0.0,0.72,0.72,15,5,0,0.9965813583199014,2,171,False,0.8,2,False,200,
set_02,unrelated_incidents,unrelated_incidents,1,0,0,1.0,0.0,0.0,0.0,1.0,1.0,1.0,0.995,0.0,0,1,200,1504,10,0.6648936170212766,5,15.04,0.0,0.72,0.72,15,5,0,0.9965813583199014,2,171,True,0.8,2,False,200,
set_02,unrelated_incidents,unrelated_incidents,1,0,0,1.0,0.0,0.0,0.0,1.0,0.145,0.25327510917030566,0.99,0.0,0,2,200,1514,20,1.321003963011889,10,15.14,0.0,0.72,0.72,15,10,0,0.9963340991948051,2,171,False,0.8,2,False,200,
set_02,unrelated_incidents,unrelated_incidents,1,0,0,1.0,0.0,0.0,0.0,1.0,1.0,1.0,0.995,0.0,0,1,200,1514,20,1.321003963011889,10,15.14,0.0,0.72,0.72,15,10,0,0.9963340991948051,2,171,True,0.8,2,False,200,
set_02,unrelated_incidents,unrelated_incidents,1,0,0,1.0,0.0,0.0,0.0,1.0,1.0,1.0,0.995,0.0,0,1,200,1890,2,0.10582010582010583,2,18.9,0.0,0.72,0.72,20,1,0,0.9970732794236885,3,87,False,0.8,2,False,200,
set_02,unrelated_incidents,unrelated_incidents,1,0,0,1.0,0.0,0.0,0.0,1.0,0.145,0.25327510917030566,0.99,0.0,0,2,200,1890,2,0.10582010582010581,2,18.9,0.0,0.72,0.72,20,1,0,0.9970732794236885,3,87,True,0.8,2,False,200,
set_02,unrelated_incidents,unrelated_incidents,1,0,0,1.0,0.0,0.0,0.0,1.0,1.0,1.0,0.995,0.0,0,1,200,1891,3,0.15864621893178213,3,18.91,0.0,0.72,0.72,20,2,0,0.9970374037070857,3,87,False,0.8,2,False,200,
set_02,unrelated_incidents,unrelated_incidents,1,0,0,1.0,0.0,0.0,0.0,1.0,1.0,1.0,0.995,0.0,0,1,200,1891,3,0.15864621893178213,3,18.91,0.0,0.72,0.72,20,2,0,0.9970374037070857,3,87,True,0.8,2,False,200,
set_02,unrelated_incidents,unrelated_incidents,1,0,0,1.0,0.0,0.0,0.0,1.0,1.0,1.0,0.995,0.0,0,1,200,1893,5,0.26413100898045433,5,18.93,0.0,0.72,0.72,20,3,0,0.9969548473141525,3,87,False,0.8,2,False,200,
set_02,unrelated_incidents,unrelated_incidents,1,0,0,1.0,0.0,0.0,0.0,1.0,1.0,1.0,0.995,0.0,0,1,200,1893,5,0.26413100898045433,5,18.93,0.0,0.72,0.72,20,3,0,0.9969548473141525,3,87,True,0.8,2,False,200,
set_02,unrelated_incidents,unrelated_incidents,1,0,0,1.0,0.0,0.0,0.0,1.0,1.0,1.0,0.995,0.0,0,1,200,1897,9,0.4744333157617291,9,18.97,0.0,0.72,0.72,20,5,0,0.9967898765110504,3,87,False,0.8,2,False,200,
set_02,unrelated_incidents,unrelated_incidents,1,0,0,1.0,0.0,0.0,0.0,1.0,1.0,1.0,0.995,0.0,0,1,200,1897,9,0.47443331576172904,9,18.97,0.0,0.72,0.72,20,5,0,0.9967898765110504,3,87,True,0.8,2,False,200,
set_02,unrelated_incidents,unrelated_incidents,1,0,0,1.0,0.0,0.0,0.0,1.0,1.0,1.0,0.995,0.0,0,1,200,1907,19,0.9963293130571578,19,19.07,0.0,0.72,0.72,20,10,0,0.9963575383725439,3,87,False,0.8,2,False,200,
set_02,unrelated_incidents,unrelated_incidents,1,0,0,1.0,0.0,0.0,0.0,1.0,1.0,1.0,0.995,0.0,0,1,200,1907,19,0.9963293130571579,19,19.07,0.0,0.72,0.72,20,10,0,0.9963575383725439,3,87,True,0.8,2,False,200,
set_02,unrelated_incidents,unrelated_incidents,1,0,0,1.0,0.0,0.0,0.0,1.0,1.0,1.0,0.995,0.0,0,1,200,2610,2,0.07662835249042146,2,26.1,0.0,0.72,0.72,30,1,0,0.9978806506171537,3,87,False,0.8,2,False,200,
set_02,unrelated_incidents,unrelated_incidents,1,0,0,1.0,0.0,0.0,0.0,1.0,0.145,0.25327510917030566,0.99,0.0,0,2,200,2610,2,0.07662835249042145,2,26.1,0.0,0.72,0.72,30,1,0,0.9978806506171537,3,87,True,0.8,2,False,200,
set_02,unrelated_incidents,unrelated_incidents,1,0,0,1.0,0.0,0.0,0.0,1.0,1.0,1.0,0.995,0.0,0,1,200,2612,4,0.1531393568147014,4,26.12,0.0,0.72,0.72,30,2,0,0.9978248703123782,3,87,False,0.8,2,False,200,
set_02,unrelated_incidents,unrelated_incidents,1,0,0,1.0,0.0,0.0,0.0,1.0,1.0,1.0,0.995,0.0,0,1,200,2612,4,0.15313935681470137,4,26.12,0.0,0.72,0.72,30,2,0,0.9978248703123782,3,87,True,0.8,2,False,200,
set_02,unrelated_incidents,unrelated_incidents,1,0,0,1.0,0.0,0.0,0.0,1.0,1.0,1.0,0.995,0.0,0,1,200,2614,6,0.22953328232593728,6,26.14,0.0,0.72,0.72,30,3,0,0.9977671683473084,3,87,False,0.8,2,False,200,
set_02,unrelated_incidents,unrelated_incidents,1,0,0,1.0,0.0,0.0,0.0,1.0,1.0,1.0,0.995,0.0,0,1,200,2614,6,0.22953328232593725,6,26.14,0.0,0.72,0.72,30,3,0,0.9977671683473084,3,87,True,0.8,2,False,200,
set_02,unrelated_incidents,unrelated_incidents,1,0,0,1.0,0.0,0.0,0.0,1.0,0.145,0.25327510917030566,0.99,0.0,0,2,200,2617,9,0.3439052350019106,9,26.17,0.0,0.72,0.72,30,5,0,0.9976713563542262,3,87,False,0.8,2,False,200,
set_02,unrelated_incidents,unrelated_incidents,1,0,0,1.0,0.0,0.0,0.0,1.0,1.0,1.0,0.995,0.0,0,1,200,2617,9,0.34390523500191056,9,26.17,0.0,0.72,0.72,30,5,0,0.9976713563542262,3,87,True,0.8,2,False,200,
set_02,unrelated_incidents,unrelated_incidents,1,0,0,1.0,0.0,0.0,0.0,1.0,0.145,0.25327510917030566,0.99,0.0,0,2,200,2626,18,0.6854531607006854,18,26.26,0.0,0.72,0.72,30,10,0,0.9973761454984965,3,87,False,0.8,2,False,200,
set_02,unrelated_incidents,unrelated_incidents,1,0,0,1.0,0.0,0.0,0.0,1.0,1.0,1.0,0.995,0.0,0,1,200,2626,18,0.6854531607006854,18,26.26,0.0,0.72,0.72,30,10,0,0.9973761454984965,3,87,True,0.8,2,False,200,
set_02,unrelated_incidents,unrelated_incidents,1,0,0,1.0,0.0,0.0,0.0,1.0,0.145,0.25327510917030566,0.99,0.0,0,2,200,3900,2,0.05128205128205128,2,39.0,0.0,0.72,0.72,50,1,0,0.998581666182249,3,87,False,0.8,2,False,200,
set_02,unrelated_incidents,unrelated_incidents,1,0,0,1.0,0.0,0.0,0.0,1.0,1.0,1.0,0.995,0.0,0,1,200,3900,2,0.05128205128205128,2,39.0,0.0,0.72,0.72,50,1,0,0.998581666182249,3,87,True,0.8,2,False,200,
set_02,unrelated_incidents,unrelated_incidents,1,0,0,1.0,0.0,0.0,0.0,1.0,1.0,1.0,0.995,0.0,0,1,200,3902,4,0.10251153254741158,4,39.02,0.0,0.72,0.72,50,2,0,0.9985439675181783,3,87,False,0.8,2,False,200,
set_02,unrelated_incidents,unrelated_incidents,1,0,0,1.0,0.0,0.0,0.0,1.0,1.0,1.0,0.995,0.0,0,1,200,3902,4,0.10251153254741159,4,39.02,0.0,0.72,0.72,50,2,0,0.9985439675181783,3,87,True,0.8,2,False,200,
set_02,unrelated_incidents,unrelated_incidents,1,0,0,1.0,0.0,0.0,0.0,1.0,1.0,1.0,0.995,0.0,0,1,200,3904,6,0.15368852459016394,6,39.04,0.0,0.72,0.72,50,3,0,0.9985049636423832,3,87,False,0.8,2,False,200,
set_02,unrelated_incidents,unrelated_incidents,1,0,0,1.0,0.0,0.0,0.0,1.0,0.145,0.25327510917030566,0.99,0.0,0,2,200,3904,6,0.15368852459016394,6,39.04,0.0,0.72,0.72,50,3,0,0.9985049636423832,3,87,True,0.8,2,False,200,
set_02,unrelated_incidents,unrelated_incidents,1,0,0,1.0,0.0,0.0,0.0,1.0,1.0,1.0,0.995,0.0,0,1,200,3907,9,0.2303557716918352,9,39.07,0.0,0.72,0.72,50,5,0,0.9984402200099847,3,87,False,0.8,2,False,200,
set_02,unrelated_incidents,unrelated_incidents,1,0,0,1.0,0.0,0.0,0.0,1.0,1.0,1.0,0.995,0.0,0,1,200,3907,9,0.23035577169183516,9,39.07,0.0,0.72,0.72,50,5,0,0.9984402200099847,3,87,True,0.8,2,False,200,
set_02,unrelated_incidents,unrelated_incidents,1,0,0,1.0,0.0,0.0,0.0,1.0,1.0,1.0,0.995,0.0,0,1,200,3916,18,0.45965270684371806,18,39.16,0.0,0.72,0.72,50,10,0,0.9982404898056824,3,87,False,0.8,2,False,200,
set_02,unrelated_incidents,unrelated_incidents,1,0,0,1.0,0.0,0.0,0.0,1.0,1.0,1.0,0.995,0.0,0,1,200,3916,18,0.45965270684371806,18,39.16,0.0,0.72,0.72,50,10,0,0.9982404898056824,3,87,True,0.8,2,False,200,
set_02,unrelated_incidents,unrelated_incidents,1,0,0,1.0,0.0,0.0,0.0,1.0,1.0,1.0,0.995,0.0,0,1,200,594,2,0.33670033670033667,1,5.94,0.0,0.75,0.72,5,1,0,0.9974456902104195,3,171,False,0.8,2,False,200,
set_02,unrelated_incidents,unrelated_incidents,1,0,0,1.0,0.0,0.0,0.0,1.0,1.0,1.0,0.995,0.0,0,1,200,594,2,0.3367003367003367,1,5.94,0.0,0.75,0.72,5,1,0,0.9974456902104195,3,171,True,0.8,2,False,200,
set_02,unrelated_incidents,unrelated_incidents,1,0,0,1.0,0.0,0.0,0.0,1.0,1.0,1.0,0.995,0.0,0,1,200,595,3,0.5042016806722689,1,5.95,0.0,0.75,0.72,5,2,0,0.997449983168049,3,171,False,0.8,2,False,200,
set_02,unrelated_incidents,unrelated_incidents,1,0,0,1.0,0.0,0.0,0.0,1.0,1.0,1.0,0.995,0.0,0,1,200,595,3,0.5042016806722689,1,5.95,0.0,0.75,0.72,5,2,0,0.997449983168049,3,171,True,0.8,2,False,200,
set_02,unrelated_incidents,unrelated_incidents,1,0,0,1.0,0.0,0.0,0.0,1.0,1.0,1.0,0.995,0.0,0,1,200,597,5,0.8375209380234505,1,5.97,0.0,0.75,0.72,5,3,0,0.9974585259380053,3,171,False,0.8,2,False,200,
set_02,unrelated_incidents,unrelated_incidents,1,0,0,1.0,0.0,0.0,0.0,1.0,1.0,1.0,0.995,0.0,0,1,200,597,5,0.8375209380234506,1,5.97,0.0,0.75,0.72,5,3,0,0.9974585259380053,3,171,True,0.8,2,False,200,
set_02,unrelated_incidents,unrelated_incidents,1,0,0,1.0,0.0,0.0,0.0,1.0,1.0,1.0,0.995,0.0,0,1,200,600,8,1.3333333333333335,1,6.0,0.0,0.75,0.72,5,5,0,0.9974712333083153,3,171,False,0.8,2,False,200,
set_02,unrelated_incidents,unrelated_incidents,1,0,0,1.0,0.0,0.0,0.0,1.0,1.0,1.0,0.995,0.0,0,1,200,600,8,1.3333333333333333,1,6.0,0.0,0.75,0.72,5,5,0,0.9974712333083153,3,171,True,0.8,2,False,200,
set_02,unrelated_incidents,unrelated_incidents,1,0,0,1.0,0.0,0.0,0.0,1.0,1.0,1.0,0.995,0.0,0,1,200,610,18,2.9508196721311477,1,6.1,0.0,0.75,0.72,5,10,0,0.9975126884999822,3,171,False,0.8,2,False,200,
set_02,unrelated_incidents,unrelated_incidents,1,0,0,1.0,0.0,0.0,0.0,1.0,0.145,0.25327510917030566,0.99,0.0,0,2,200,610,18,2.9508196721311477,1,6.1,0.0,0.75,0.72,5,10,0,0.9975126884999822,3,171,True,0.8,2,False,200,
set_02,unrelated_incidents,unrelated_incidents,1,0,0,1.0,0.0,0.0,0.0,1.0,0.145,0.25327510917030566,0.99,0.0,0,2,200,1056,2,0.1893939393939394,1,10.56,0.0,0.75,0.72,10,1,0,0.9974006902652256,3,171,False,0.8,2,False,200,
set_02,unrelated_incidents,unrelated_incidents,1,0,0,1.0,0.0,0.0,0.0,1.0,1.0,1.0,0.995,0.0,0,1,200,1056,2,0.1893939393939394,1,10.56,0.0,0.75,0.72,10,1,0,0.9974006902652256,3,171,True,0.8,2,False,200,
set_02,unrelated_incidents,unrelated_incidents,1,0,0,1.0,0.0,0.0,0.0,1.0,0.145,0.25327510917030566,0.99,0.0,0,2,200,1058,4,0.3780718336483932,2,10.58,0.0,0.75,0.72,10,2,0,0.9973387157083233,3,171,False,0.8,2,False,200,
set_02,unrelated_incidents,unrelated_incidents,1,0,0,1.0,0.0,0.0,0.0,1.0,1.0,1.0,0.995,0.0,0,1,200,1058,4,0.3780718336483932,2,10.58,0.0,0.75,0.72,10,2,0,0.9973387157083233,3,171,True,0.8,2,False,200,
set_02,unrelated_incidents,unrelated_incidents,1,0,0,1.0,0.0,0.0,0.0,1.0,1.0,1.0,0.995,0.0,0,1,200,1060,6,0.5660377358490566,3,10.6,0.0,0.75,0.72,10,3,0,0.9972744421576554,3,171,False,0.8,2,False,200,
set_02,unrelated_incidents,unrelated_incidents,1,0,0,1.0,0.0,0.0,0.0,1.0,1.0,1.0,0.995,0.0,0,1,200,1060,6,0.5660377358490566,3,10.6,0.0,0.75,0.72,10,3,0,0.9972744421576554,3,171,True,0.8,2,False,200,
set_02,unrelated_incidents,unrelated_incidents,1,0,0,1.0,0.0,0.0,0.0,1.0,0.145,0.25327510917030566,0.99,0.0,0,2,200,1064,10,0.9398496240601504,5,10.64,0.0,0.75,0.72,10,5,0,0.9971574603166795,3,171,False,0.8,2,False,200,
set_02,unrelated_incidents,unrelated_incidents,1,0,0,1.0,0.0,0.0,0.0,1.0,1.0,1.0,0.995,0.0,0,1,200,1064,10,0.9398496240601504,5,10.64,0.0,0.75,0.72,10,5,0,0.9971574603166795,3,171,True,0.8,2,False,200,
set_02,unrelated_incidents,unrelated_incidents,1,0,0,1.0,0.0,0.0,0.0,1.0,1.0,1.0,0.995,0.0,0,1,200,1074,20,1.86219739292365,10,10.74,0.0,0.75,0.72,10,10,0,0.996817085552038,3,171,False,0.8,2,False,200,
set_02,unrelated_incidents,unrelated_incidents,1,0,0,1.0,0.0,0.0,0.0,1.0,1.0,1.0,0.995,0.0,0,1,200,1074,20,1.86219739292365,10,10.74,0.0,0.75,0.72,10,10,0,0.996817085552038,3,171,True,0.8,2,False,200,
set_02,unrelated_incidents,unrelated_incidents,1,0,0,1.0,0.0,0.0,0.0,1.0,1.0,1.0,0.995,0.0,0,1,200,1493,2,0.13395847287340923,1,14.93,0.0,0.75,0.72,15,1,0,0.9972987102727641,3,171,False,0.8,2,False,200,
set_02,unrelated_incidents,unrelated_incidents,1,0,0,1.0,0.0,0.0,0.0,1.0,0.145,0.25327510917030566,0.99,0.0,0,2,200,1493,2,0.13395847287340926,1,14.93,0.0,0.75,0.72,15,1,0,0.9972987102727641,3,171,True,0.8,2,False,200,
set_02,unrelated_incidents,unrelated_incidents,1,0,0,1.0,0.0,0.0,0.0,1.0,1.0,1.0,0.995,0.0,0,1,200,1495,4,0.26755852842809363,2,14.95,0.0,0.75,0.72,15,2,0,0.9972549877836553,3,171,False,0.8,2,False,200,
set_02,unrelated_incidents,unrelated_incidents,1,0,0,1.0,0.0,0.0,0.0,1.0,0.145,0.25327510917030566,0.99,0.0,0,2,200,1495,4,0.26755852842809363,2,14.95,0.0,0.75,0.72,15,2,0,0.9972549877836553,3,171,True,0.8,2,False,200,
set_02,unrelated_incidents,unrelated_incidents,1,0,0,1.0,0.0,0.0,0.0,1.0,1.0,1.0,0.995,0.0,0,1,200,1497,6,0.4008016032064128,3,14.97,0.0,0.75,0.72,15,3,0,0.9972095886468091,3,171,False,0.8,2,False,200,
set_02,unrelated_incidents,unrelated_incidents,1,0,0,1.0,0.0,0.0,0.0,1.0,1.0,1.0,0.995,0.0,0,1,200,1497,6,0.40080160320641284,3,14.97,0.0,0.75,0.72,15,3,0,0.9972095886468091,3,171,True,0.8,2,False,200,
set_02,unrelated_incidents,unrelated_incidents,1,0,0,1.0,0.0,0.0,0.0,1.0,0.145,0.25327510917030566,0.99,0.0,0,2,200,1501,10,0.6662225183211192,5,15.01,0.0,0.75,0.72,15,5,0,0.9971117671531967,3,171,False,0.8,2,False,200,
set_02,unrelated_incidents,unrelated_incidents,1,0,0,1.0,0.0,0.0,0.0,1.0,1.0,1.0,0.995,0.0,0,1,200,1501,10,0.6662225183211192,5,15.01,0.0,0.75,0.72,15,5,0,0.9971117671531967,3,171,True,0.8,2,False,200,
set_02,unrelated_incidents,unrelated_incidents,1,0,0,1.0,0.0,0.0,0.0,1.0,1.0,1.0,0.995,0.0,0,1,200,1511,20,1.3236267372600927,10,15.11,0.0,0.75,0.72,15,10,0,0.9968605067933497,3,171,False,0.8,2,False,200,
set_02,unrelated_incidents,unrelated_incidents,1,0,0,1.0,0.0,0.0,0.0,1.0,1.0,1.0,0.995,0.0,0,1,200,1511,20,1.3236267372600927,10,15.11,0.0,0.75,0.72,15,10,0,0.9968605067933497,3,171,True,0.8,2,False,200,
set_02,unrelated_incidents,unrelated_incidents,1,0,0,1.0,0.0,0.0,0.0,1.0,1.0,1.0,0.995,0.0,0,1,200,1887,2,0.10598834128245893,2,18.87,0.0,0.75,0.72,20,1,0,0.9974959712212972,4,87,False,0.8,2,False,200,
set_02,unrelated_incidents,unrelated_incidents,1,0,0,1.0,0.0,0.0,0.0,1.0,0.145,0.25327510917030566,0.99,0.0,0,2,200,1887,2,0.10598834128245893,2,18.87,0.0,0.75,0.72,20,1,0,0.9974959712212972,4,87,True,0.8,2,False,200,
set_02,unrelated_incidents,unrelated_incidents,1,0,0,1.0,0.0,0.0,0.0,1.0,1.0,1.0,0.995,0.0,0,1,200,1888,3,0.15889830508474578,3,18.88,0.0,0.75,0.72,20,2,0,0.9974598146154213,4,87,False,0.8,2,False,200,
set_02,unrelated_incidents,unrelated_incidents,1,0,0,1.0,0.0,0.0,0.0,1.0,1.0,1.0,0.995,0.0,0,1,200,1888,3,0.15889830508474576,3,18.88,0.0,0.75,0.72,20,2,0,0.9974598146154213,4,87,True,0.8,2,False,200,
set_02,unrelated_incidents,unrelated_incidents,1,0,0,1.0,0.0,0.0,0.0,1.0,1.0,1.0,0.995,0.0,0,1,200,1890,5,0.26455026455026454,5,18.9,0.0,0.75,0.72,20,3,0,0.9973766801849244,4,87,False,0.8,2,False,200,
set_02,unrelated_incidents,unrelated_incidents,1,0,0,1.0,0.0,0.0,0.0,1.0,0.145,0.25327510917030566,0.99,0.0,0,2,200,1890,5,0.26455026455026454,5,18.9,0.0,0.75,0.72,20,3,0,0.9973766801849244,4,87,True,0.8,2,False,200,
set_02,unrelated_incidents,unrelated_incidents,1,0,0,1.0,0.0,0.0,0.0,1.0,1.0,1.0,0.995,0.0,0,1,200,1894,9,0.4751847940865892,9,18.94,0.0,0.75,0.72,20,5,0,0.9972105571939173,4,87,False,0.8,2,False,200,
set_02,unrelated_incidents,unrelated_incidents,1,0,0,1.0,0.0,0.0,0.0,1.0,1.0,1.0,0.995,0.0,0,1,200,1894,9,0.4751847940865892,9,18.94,0.0,0.75,0.72,20,5,0,0.9972105571939173,4,87,True,0.8,2,False,200,
set_02,unrelated_incidents,unrelated_incidents,1,0,0,1.0,0.0,0.0,0.0,1.0,0.145,0.25327510917030566,0.99,0.0,0,2,200,1904,19,0.9978991596638654,19,19.04,0.0,0.75,0.72,20,10,0,0.9967753283929925,4,87,False,0.8,2,False,200,
set_02,unrelated_incidents,unrelated_incidents,1,0,0,1.0,0.0,0.0,0.0,1.0,1.0,1.0,0.995,0.0,0,1,200,1904,19,0.9978991596638656,19,19.04,0.0,0.75,0.72,20,10,0,0.9967753283929925,4,87,True,0.8,2,False,200,
set_02,unrelated_incidents,unrelated_incidents,1,0,0,1.0,0.0,0.0,0.0,1.0,1.0,1.0,0.995,0.0,0,1,200,2607,2,0.07671653241273495,2,26.07,0.0,0.75,0.72,30,1,0,0.9981875326791667,4,87,False,0.8,2,False,200,
set_02,unrelated_incidents,unrelated_incidents,1,0,0,1.0,0.0,0.0,0.0,1.0,1.0,1.0,0.995,0.0,0,1,200,2607,2,0.07671653241273495,2,26.07,0.0,0.75,0.72,30,1,0,0.9981875326791667,4,87,True,0.8,2,False,200,
set_02,unrelated_incidents,unrelated_incidents,1,0,0,1.0,0.0,0.0,0.0,1.0,0.145,0.25327510917030566,0.99,0.0,0,2,200,2609,4,0.15331544653123802,4,26.09,0.0,0.75,0.72,30,2,0,0.9981314529857219,4,87,False,0.8,2,False,200,
set_02,unrelated_incidents,unrelated_incidents,1,0,0,1.0,0.0,0.0,0.0,1.0,1.0,1.0,0.995,0.0,0,1,200,2609,4,0.15331544653123802,4,26.09,0.0,0.75,0.72,30,2,0,0.9981314529857219,4,87,True,0.8,2,False,200,
set_02,unrelated_incidents,unrelated_incidents,1,0,0,1.0,0.0,0.0,0.0,1.0,1.0,1.0,0.995,0.0,0,1,200,2611,6,0.2297970126388357,6,26.11,0.0,0.75,0.72,30,3,0,0.9980734498826812,4,87,False,0.8,2,False,200,
set_02,unrelated_incidents,unrelated_incidents,1,0,0,1.0,0.0,0.0,0.0,1.0,0.145,0.25327510917030566,0.99,0.0,0,2,200,2611,6,0.2297970126388357,6,26.11,0.0,0.75,0.72,30,3,0,0.9980734498826812,4,87,True,0.8,2,False,200,
set_02,unrelated_incidents,unrelated_incidents,1,0,0,1.0,0.0,0.0,0.0,1.0,1.0,1.0,0.995,0.0,0,1,200,2614,9,0.34429992348890587,9,26.14,0.0,0.75,0.72,30,5,0,0.9979771764203621,4,87,False,0.8,2,False,200,
set_02,unrelated_incidents,unrelated_incidents,1,0,0,1.0,0.0,0.0,0.0,1.0,1.0,1.0,0.995,0.0,0,1,200,2614,9,0.34429992348890587,9,26.14,0.0,0.75,0.72,30,5,0,0.9979771764203621,4,87,True,0.8,2,False,200,
set_02,unrelated_incidents,unrelated_incidents,1,0,0,1.0,0.0,0.0,0.0,1.0,0.145,0.25327510917030566,0.99,0.0,0,2,200,2623,18,0.6862371330537552,18,26.23,0.0,0.75,0.72,30,10,0,0.9976805785981199,4,87,False,0.8,2,False,200,
set_02,unrelated_incidents,unrelated_incidents,1,0,0,1.0,0.0,0.0,0.0,1.0,1.0,1.0,0.995,0.0,0,1,200,2623,18,0.6862371330537552,18,26.23,0.0,0.75,0.72,30,10,0,0.9976805785981199,4,87,True,0.8,2,False,200,
set_02,unrelated_incidents,unrelated_incidents,1,0,0,1.0,0.0,0.0,0.0,1.0,0.145,0.25327510917030566,0.99,0.0,0,2,200,3897,2,0.051321529381575574,2,38.97,0.0,0.75,0.72,50,1,0,0.9987875026160091,4,87,False,0.8,2,False,200,
set_02,unrelated_incidents,unrelated_incidents,1,0,0,1.0,0.0,0.0,0.0,1.0,1.0,1.0,0.995,0.0,0,1,200,3897,2,0.051321529381575574,2,38.97,0.0,0.75,0.72,50,1,0,0.9987875026160091,4,87,True,0.8,2,False,200,
set_02,unrelated_incidents,unrelated_incidents,1,0,0,1.0,0.0,0.0,0.0,1.0,1.0,1.0,0.995,0.0,0,1,200,3899,4,0.10259040779687098,4,38.99,0.0,0.75,0.72,50,2,0,0.9987496693613102,4,87,False,0.8,2,False,200,
set_02,unrelated_incidents,unrelated_incidents,1,0,0,1.0,0.0,0.0,0.0,1.0,1.0,1.0,0.995,0.0,0,1,200,3899,4,0.102590407796871,4,38.99,0.0,0.75,0.72,50,2,0,0.9987496693613102,4,87,True,0.8,2,False,200,
set_02,unrelated_incidents,unrelated_incidents,1,0,0,1.0,0.0,0.0,0.0,1.0,1.0,1.0,0.995,0.0,0,1,200,3901,6,0.15380671622660858,6,39.01,0.0,0.75,0.72,50,3,0,0.9987105300291413,4,87,False,0.8,2,False,200,
set_02,unrelated_incidents,unrelated_incidents,1,0,0,1.0,0.0,0.0,0.0,1.0,1.0,1.0,0.995,0.0,0,1,200,3901,6,0.15380671622660858,6,39.01,0.0,0.75,0.72,50,3,0,0.9987105300291413,4,87,True,0.8,2,False,200,
set_02,unrelated_incidents,unrelated_incidents,1,0,0,1.0,0.0,0.0,0.0,1.0,1.0,1.0,0.995,0.0,0,1,200,3904,9,0.2305327868852459,9,39.04,0.0,0.75,0.72,50,5,0,0.9986455786790027,4,87,False,0.8,2,False,200,
set_02,unrelated_incidents,unrelated_incidents,1,0,0,1.0,0.0,0.0,0.0,1.0,1.0,1.0,0.995,0.0,0,1,200,3904,9,0.2305327868852459,9,39.04,0.0,0.75,0.72,50,5,0,0.9986455786790027,4,87,True,0.8,2,False,200,
set_02,unrelated_incidents,unrelated_incidents,1,0,0,1.0,0.0,0.0,0.0,1.0,1.0,1.0,0.995,0.0,0,1,200,3913,18,0.4600051111679018,18,39.13,0.0,0.75,0.72,50,10,0,0.9984452230163221,4,87,False,0.8,2,False,200,
set_02,unrelated_incidents,unrelated_incidents,1,0,0,1.0,0.0,0.0,0.0,1.0,0.145,0.25327510917030566,0.99,0.0,0,2,200,3913,18,0.4600051111679019,18,39.13,0.0,0.75,0.72,50,10,0,0.9984452230163221,4,87,True,0.8,2,False,200,
set_02,unrelated_incidents,unrelated_incidents,1,0,0,1.0,0.0,0.0,0.0,1.0,1.0,1.0,0.995,0.0,0,1,200,594,2,0.33670033670033667,1,5.94,0.0,0.78,0.72,5,1,0,0.9974456902104195,3,171,False,0.8,2,False,200,
set_02,unrelated_incidents,unrelated_incidents,1,0,0,1.0,0.0,0.0,0.0,1.0,1.0,1.0,0.995,0.0,0,1,200,594,2,0.3367003367003367,1,5.94,0.0,0.78,0.72,5,1,0,0.9974456902104195,3,171,True,0.8,2,False,200,
set_02,unrelated_incidents,unrelated_incidents,1,0,0,1.0,0.0,0.0,0.0,1.0,0.145,0.25327510917030566,0.99,0.0,0,2,200,595,3,0.5042016806722689,1,5.95,0.0,0.78,0.72,5,2,0,0.997449983168049,3,171,False,0.8,2,False,200,
set_02,unrelated_incidents,unrelated_incidents,1,0,0,1.0,0.0,0.0,0.0,1.0,1.0,1.0,0.995,0.0,0,1,200,595,3,0.5042016806722689,1,5.95,0.0,0.78,0.72,5,2,0,0.997449983168049,3,171,True,0.8,2,False,200,
set_02,unrelated_incidents,unrelated_incidents,1,0,0,1.0,0.0,0.0,0.0,1.0,1.0,1.0,0.995,0.0,0,1,200,597,5,0.8375209380234505,1,5.97,0.0,0.78,0.72,5,3,0,0.9974585259380053,3,171,False,0.8,2,False,200,
set_02,unrelated_incidents,unrelated_incidents,1,0,0,1.0,0.0,0.0,0.0,1.0,1.0,1.0,0.995,0.0,0,1,200,597,5,0.8375209380234506,1,5.97,0.0,0.78,0.72,5,3,0,0.9974585259380053,3,171,True,0.8,2,False,200,
set_02,unrelated_incidents,unrelated_incidents,1,0,0,1.0,0.0,0.0,0.0,1.0,1.0,1.0,0.995,0.0,0,1,200,600,8,1.3333333333333335,1,6.0,0.0,0.78,0.72,5,5,0,0.9974712333083153,3,171,False,0.8,2,False,200,
set_02,unrelated_incidents,unrelated_incidents,1,0,0,1.0,0.0,0.0,0.0,1.0,1.0,1.0,0.995,0.0,0,1,200,600,8,1.3333333333333333,1,6.0,0.0,0.78,0.72,5,5,0,0.9974712333083153,3,171,True,0.8,2,False,200,
set_02,unrelated_incidents,unrelated_incidents,1,0,0,1.0,0.0,0.0,0.0,1.0,0.145,0.25327510917030566,0.99,0.0,0,2,200,610,18,2.9508196721311477,1,6.1,0.0,0.78,0.72,5,10,0,0.9975126884999822,3,171,False,0.8,2,False,200,
set_02,unrelated_incidents,unrelated_incidents,1,0,0,1.0,0.0,0.0,0.0,1.0,1.0,1.0,0.995,0.0,0,1,200,610,18,2.9508196721311477,1,6.1,0.0,0.78,0.72,5,10,0,0.9975126884999822,3,171,True,0.8,2,False,200,
set_02,unrelated_incidents,unrelated_incidents,1,0,0,1.0,0.0,0.0,0.0,1.0,1.0,1.0,0.995,0.0,0,1,200,1056,2,0.1893939393939394,1,10.56,0.0,0.78,0.72,10,1,0,0.9974006902652256,3,171,False,0.8,2,False,200,
set_02,unrelated_incidents,unrelated_incidents,1,0,0,1.0,0.0,0.0,0.0,1.0,0.145,0.25327510917030566,0.99,0.0,0,2,200,1056,2,0.1893939393939394,1,10.56,0.0,0.78,0.72,10,1,0,0.9974006902652256,3,171,True,0.8,2,False,200,
set_02,unrelated_incidents,unrelated_incidents,1,0,0,1.0,0.0,0.0,0.0,1.0,0.145,0.25327510917030566,0.99,0.0,0,2,200,1058,4,0.3780718336483932,2,10.58,0.0,0.78,0.72,10,2,0,0.9973387157083233,3,171,False,0.8,2,False,200,
set_02,unrelated_incidents,unrelated_incidents,1,0,0,1.0,0.0,0.0,0.0,1.0,1.0,1.0,0.995,0.0,0,1,200,1058,4,0.3780718336483932,2,10.58,0.0,0.78,0.72,10,2,0,0.9973387157083233,3,171,True,0.8,2,False,200,
set_02,unrelated_incidents,unrelated_incidents,1,0,0,1.0,0.0,0.0,0.0,1.0,1.0,1.0,0.995,0.0,0,1,200,1060,6,0.5660377358490566,3,10.6,0.0,0.78,0.72,10,3,0,0.9972744421576554,3,171,False,0.8,2,False,200,
set_02,unrelated_incidents,unrelated_incidents,1,0,0,1.0,0.0,0.0,0.0,1.0,1.0,1.0,0.995,0.0,0,1,200,1060,6,0.5660377358490566,3,10.6,0.0,0.78,0.72,10,3,0,0.9972744421576554,3,171,True,0.8,2,False,200,
set_02,unrelated_incidents,unrelated_incidents,1,0,0,1.0,0.0,0.0,0.0,1.0,1.0,1.0,0.995,0.0,0,1,200,1064,10,0.9398496240601504,5,10.64,0.0,0.78,0.72,10,5,0,0.9971574603166795,3,171,False,0.8,2,False,200,
set_02,unrelated_incidents,unrelated_incidents,1,0,0,1.0,0.0,0.0,0.0,1.0,1.0,1.0,0.995,0.0,0,1,200,1064,10,0.9398496240601504,5,10.64,0.0,0.78,0.72,10,5,0,0.9971574603166795,3,171,True,0.8,2,False,200,
set_02,unrelated_incidents,unrelated_incidents,1,0,0,1.0,0.0,0.0,0.0,1.0,1.0,1.0,0.995,0.0,0,1,200,1074,20,1.86219739292365,10,10.74,0.0,0.78,0.72,10,10,0,0.996817085552038,3,171,False,0.8,2,False,200,
set_02,unrelated_incidents,unrelated_incidents,1,0,0,1.0,0.0,0.0,0.0,1.0,1.0,1.0,0.995,0.0,0,1,200,1074,20,1.86219739292365,10,10.74,0.0,0.78,0.72,10,10,0,0.996817085552038,3,171,True,0.8,2,False,200,
set_02,unrelated_incidents,unrelated_incidents,1,0,0,1.0,0.0,0.0,0.0,1.0,1.0,1.0,0.995,0.0,0,1,200,1493,2,0.13395847287340923,1,14.93,0.0,0.78,0.72,15,1,0,0.9972987102727641,3,171,False,0.8,2,False,200,
set_02,unrelated_incidents,unrelated_incidents,1,0,0,1.0,0.0,0.0,0.0,1.0,1.0,1.0,0.995,0.0,0,1,200,1493,2,0.13395847287340926,1,14.93,0.0,0.78,0.72,15,1,0,0.9972987102727641,3,171,True,0.8,2,False,200,
set_02,unrelated_incidents,unrelated_incidents,1,0,0,1.0,0.0,0.0,0.0,1.0,1.0,1.0,0.995,0.0,0,1,200,1495,4,0.26755852842809363,2,14.95,0.0,0.78,0.72,15,2,0,0.9972549877836553,3,171,False,0.8,2,False,200,
set_02,unrelated_incidents,unrelated_incidents,1,0,0,1.0,0.0,0.0,0.0,1.0,1.0,1.0,0.995,0.0,0,1,200,1495,4,0.26755852842809363,2,14.95,0.0,0.78,0.72,15,2,0,0.9972549877836553,3,171,True,0.8,2,False,200,
set_02,unrelated_incidents,unrelated_incidents,1,0,0,1.0,0.0,0.0,0.0,1.0,1.0,1.0,0.995,0.0,0,1,200,1497,6,0.4008016032064128,3,14.97,0.0,0.78,0.72,15,3,0,0.9972095886468091,3,171,False,0.8,2,False,200,
set_02,unrelated_incidents,unrelated_incidents,1,0,0,1.0,0.0,0.0,0.0,1.0,0.145,0.25327510917030566,0.99,0.0,0,2,200,1497,6,0.40080160320641284,3,14.97,0.0,0.78,0.72,15,3,0,0.9972095886468091,3,171,True,0.8,2,False,200,
set_02,unrelated_incidents,unrelated_incidents,1,0,0,1.0,0.0,0.0,0.0,1.0,1.0,1.0,0.995,0.0,0,1,200,1501,10,0.6662225183211192,5,15.01,0.0,0.78,0.72,15,5,0,0.9971117671531967,3,171,False,0.8,2,False,200,
set_02,unrelated_incidents,unrelated_incidents,1,0,0,1.0,0.0,0.0,0.0,1.0,0.145,0.25327510917030566,0.99,0.0,0,2,200,1501,10,0.6662225183211192,5,15.01,0.0,0.78,0.72,15,5,0,0.9971117671531967,3,171,True,0.8,2,False,200,
set_02,unrelated_incidents,unrelated_incidents,1,0,0,1.0,0.0,0.0,0.0,1.0,1.0,1.0,0.995,0.0,0,1,200,1511,20,1.3236267372600927,10,15.11,0.0,0.78,0.72,15,10,0,0.9968605067933497,3,171,False,0.8,2,False,200,
set_02,unrelated_incidents,unrelated_incidents,1,0,0,1.0,0.0,0.0,0.0,1.0,1.0,1.0,0.995,0.0,0,1,200,1511,20,1.3236267372600927,10,15.11,0.0,0.78,0.72,15,10,0,0.9968605067933497,3,171,True,0.8,2,False,200,
set_02,unrelated_incidents,unrelated_incidents,1,0,0,1.0,0.0,0.0,0.0,1.0,1.0,1.0,0.995,0.0,0,1,200,1887,2,0.10598834128245893,2,18.87,0.0,0.78,0.72,20,1,0,0.9974959712212972,4,87,False,0.8,2,False,200,
set_02,unrelated_incidents,unrelated_incidents,1,0,0,1.0,0.0,0.0,0.0,1.0,1.0,1.0,0.995,0.0,0,1,200,1887,2,0.10598834128245893,2,18.87,0.0,0.78,0.72,20,1,0,0.9974959712212972,4,87,True,0.8,2,False,200,
set_02,unrelated_incidents,unrelated_incidents,1,0,0,1.0,0.0,0.0,0.0,1.0,0.145,0.25327510917030566,0.99,0.0,0,2,200,1888,3,0.15889830508474578,3,18.88,0.0,0.78,0.72,20,2,0,0.9974598146154213,4,87,False,0.8,2,False,200,
set_02,unrelated_incidents,unrelated_incidents,1,0,0,1.0,0.0,0.0,0.0,1.0,1.0,1.0,0.995,0.0,0,1,200,1888,3,0.15889830508474576,3,18.88,0.0,0.78,0.72,20,2,0,0.9974598146154213,4,87,True,0.8,2,False,200,
set_02,unrelated_incidents,unrelated_incidents,1,0,0,1.0,0.0,0.0,0.0,1.0,1.0,1.0,0.995,0.0,0,1,200,1890,5,0.26455026455026454,5,18.9,0.0,0.78,0.72,20,3,0,0.9973766801849244,4,87,False,0.8,2,False,200,
set_02,unrelated_incidents,unrelated_incidents,1,0,0,1.0,0.0,0.0,0.0,1.0,1.0,1.0,0.995,0.0,0,1,200,1890,5,0.26455026455026454,5,18.9,0.0,0.78,0.72,20,3,0,0.9973766801849244,4,87,True,0.8,2,False,200,
set_02,unrelated_incidents,unrelated_incidents,1,0,0,1.0,0.0,0.0,0.0,1.0,1.0,1.0,0.995,0.0,0,1,200,1894,9,0.4751847940865892,9,18.94,0.0,0.78,0.72,20,5,0,0.9972105571939173,4,87,False,0.8,2,False,200,
set_02,unrelated_incidents,unrelated_incidents,1,0,0,1.0,0.0,0.0,0.0,1.0,1.0,1.0,0.995,0.0,0,1,200,1894,9,0.4751847940865892,9,18.94,0.0,0.78,0.72,20,5,0,0.9972105571939173,4,87,True,0.8,2,False,200,
set_02,unrelated_incidents,unrelated_incidents,1,0,0,1.0,0.0,0.0,0.0,1.0,1.0,1.0,0.995,0.0,0,1,200,1904,19,0.9978991596638654,19,19.04,0.0,0.78,0.72,20,10,0,0.9967753283929925,4,87,False,0.8,2,False,200,
set_02,unrelated_incidents,unrelated_incidents,1,0,0,1.0,0.0,0.0,0.0,1.0,1.0,1.0,0.995,0.0,0,1,200,1904,19,0.9978991596638656,19,19.04,0.0,0.78,0.72,20,10,0,0.9967753283929925,4,87,True,0.8,2,False,200,
set_02,unrelated_incidents,unrelated_incidents,1,0,0,1.0,0.0,0.0,0.0,1.0,1.0,1.0,0.995,0.0,0,1,200,2607,2,0.07671653241273495,2,26.07,0.0,0.78,0.72,30,1,0,0.9981875326791667,4,87,False,0.8,2,False,200,
set_02,unrelated_incidents,unrelated_incidents,1,0,0,1.0,0.0,0.0,0.0,1.0,1.0,1.0,0.995,0.0,0,1,200,2607,2,0.07671653241273495,2,26.07,0.0,0.78,0.72,30,1,0,0.9981875326791667,4,87,True,0.8,2,False,200,
set_02,unrelated_incidents,unrelated_incidents,1,0,0,1.0,0.0,0.0,0.0,1.0,1.0,1.0,0.995,0.0,0,1,200,2609,4,0.15331544653123802,4,26.09,0.0,0.78,0.72,30,2,0,0.9981314529857219,4,87,False,0.8,2,False,200,
set_02,unrelated_incidents,unrelated_incidents,1,0,0,1.0,0.0,0.0,0.0,1.0,1.0,1.0,0.995,0.0,0,1,200,2609,4,0.15331544653123802,4,26.09,0.0,0.78,0.72,30,2,0,0.9981314529857219,4,87,True,0.8,2,False,200,
set_02,unrelated_incidents,unrelated_incidents,1,0,0,1.0,0.0,0.0,0.0,1.0,1.0,1.0,0.995,0.0,0,1,200,2611,6,0.2297970126388357,6,26.11,0.0,0.78,0.72,30,3,0,0.9980734498826812,4,87,False,0.8,2,False,200,
set_02,unrelated_incidents,unrelated_incidents,1,0,0,1.0,0.0,0.0,0.0,1.0,0.145,0.25327510917030566,0.99,0.0,0,2,200,2611,6,0.2297970126388357,6,26.11,0.0,0.78,0.72,30,3,0,0.9980734498826812,4,87,True,0.8,2,False,200,
set_02,unrelated_incidents,unrelated_incidents,1,0,0,1.0,0.0,0.0,0.0,1.0,1.0,1.0,0.995,0.0,0,1,200,2614,9,0.34429992348890587,9,26.14,0.0,0.78,0.72,30,5,0,0.9979771764203621,4,87,False,0.8,2,False,200,
set_02,unrelated_incidents,unrelated_incidents,1,0,0,1.0,0.0,0.0,0.0,1.0,1.0,1.0,0.995,0.0,0,1,200,2614,9,0.34429992348890587,9,26.14,0.0,0.78,0.72,30,5,0,0.9979771764203621,4,87,True,0.8,2,False,200,
set_02,unrelated_incidents,unrelated_incidents,1,0,0,1.0,0.0,0.0,0.0,1.0,1.0,1.0,0.995,0.0,0,1,200,2623,18,0.6862371330537552,18,26.23,0.0,0.78,0.72,30,10,0,0.9976805785981199,4,87,False,0.8,2,False,200,
set_02,unrelated_incidents,unrelated_incidents,1,0,0,1.0,0.0,0.0,0.0,1.0,1.0,1.0,0.995,0.0,0,1,200,2623,18,0.6862371330537552,18,26.23,0.0,0.78,0.72,30,10,0,0.9976805785981199,4,87,True,0.8,2,False,200,
set_02,unrelated_incidents,unrelated_incidents,1,0,0,1.0,0.0,0.0,0.0,1.0,1.0,1.0,0.995,0.0,0,1,200,3897,2,0.051321529381575574,2,38.97,0.0,0.78,0.72,50,1,0,0.9987875026160091,4,87,False,0.8,2,False,200,
set_02,unrelated_incidents,unrelated_incidents,1,0,0,1.0,0.0,0.0,0.0,1.0,1.0,1.0,0.995,0.0,0,1,200,3897,2,0.051321529381575574,2,38.97,0.0,0.78,0.72,50,1,0,0.9987875026160091,4,87,True,0.8,2,False,200,
set_02,unrelated_incidents,unrelated_incidents,1,0,0,1.0,0.0,0.0,0.0,1.0,1.0,1.0,0.995,0.0,0,1,200,3899,4,0.10259040779687098,4,38.99,0.0,0.78,0.72,50,2,0,0.9987496693613102,4,87,False,0.8,2,False,200,
set_02,unrelated_incidents,unrelated_incidents,1,0,0,1.0,0.0,0.0,0.0,1.0,1.0,1.0,0.995,0.0,0,1,200,3899,4,0.102590407796871,4,38.99,0.0,0.78,0.72,50,2,0,0.9987496693613102,4,87,True,0.8,2,False,200,
set_02,unrelated_incidents,unrelated_incidents,1,0,0,1.0,0.0,0.0,0.0,1.0,1.0,1.0,0.995,0.0,0,1,200,3901,6,0.15380671622660858,6,39.01,0.0,0.78,0.72,50,3,0,0.9987105300291413,4,87,False,0.8,2,False,200,
set_02,unrelated_incidents,unrelated_incidents,1,0,0,1.0,0.0,0.0,0.0,1.0,1.0,1.0,0.995,0.0,0,1,200,3901,6,0.15380671622660858,6,39.01,0.0,0.78,0.72,50,3,0,0.9987105300291413,4,87,True,0.8,2,False,200,
set_02,unrelated_incidents,unrelated_incidents,1,0,0,1.0,0.0,0.0,0.0,1.0,1.0,1.0,0.995,0.0,0,1,200,3904,9,0.2305327868852459,9,39.04,0.0,0.78,0.72,50,5,0,0.9986455786790027,4,87,False,0.8,2,False,200,
set_02,unrelated_incidents,unrelated_incidents,1,0,0,1.0,0.0,0.0,0.0,1.0,1.0,1.0,0.995,0.0,0,1,200,3904,9,0.2305327868852459,9,39.04,0.0,0.78,0.72,50,5,0,0.9986455786790027,4,87,True,0.8,2,False,200,
set_02,unrelated_incidents,unrelated_incidents,1,0,0,1.0,0.0,0.0,0.0,1.0,1.0,1.0,0.995,0.0,0,1,200,3913,18,0.4600051111679018,18,39.13,0.0,0.78,0.72,50,10,0,0.9984452230163221,4,87,False,0.8,2,False,200,
set_02,unrelated_incidents,unrelated_incidents,1,0,0,1.0,0.0,0.0,0.0,1.0,0.145,0.25327510917030566,0.99,0.0,0,2,200,3913,18,0.4600051111679019,18,39.13,0.0,0.78,0.72,50,10,0,0.9984452230163221,4,87,True,0.8,2,False,200,
set_02,unrelated_incidents,unrelated_incidents,1,0,0,1.0,0.0,0.0,0.0,1.0,0.145,0.25327510917030566,0.99,0.0,0,2,200,594,2,0.33670033670033667,1,5.94,0.0,0.8,0.7200000000000001,5,1,0,0.9974456902104195,3,171,False,0.8,2,False,200,
set_02,unrelated_incidents,unrelated_incidents,1,0,0,1.0,0.0,0.0,0.0,1.0,1.0,1.0,0.995,0.0,0,1,200,594,2,0.3367003367003367,1,5.94,0.0,0.8,0.7200000000000001,5,1,0,0.9974456902104195,3,171,True,0.8,2,False,200,
set_02,unrelated_incidents,unrelated_incidents,1,0,0,1.0,0.0,0.0,0.0,1.0,0.145,0.25327510917030566,0.99,0.0,0,2,200,595,3,0.5042016806722689,1,5.95,0.0,0.8,0.7200000000000001,5,2,0,0.997449983168049,3,171,False,0.8,2,False,200,
set_02,unrelated_incidents,unrelated_incidents,1,0,0,1.0,0.0,0.0,0.0,1.0,1.0,1.0,0.995,0.0,0,1,200,595,3,0.5042016806722689,1,5.95,0.0,0.8,0.7200000000000001,5,2,0,0.997449983168049,3,171,True,0.8,2,False,200,
set_02,unrelated_incidents,unrelated_incidents,1,0,0,1.0,0.0,0.0,0.0,1.0,1.0,1.0,0.995,0.0,0,1,200,597,5,0.8375209380234505,1,5.97,0.0,0.8,0.7200000000000001,5,3,0,0.9974585259380053,3,171,False,0.8,2,False,200,
set_02,unrelated_incidents,unrelated_incidents,1,0,0,1.0,0.0,0.0,0.0,1.0,1.0,1.0,0.995,0.0,0,1,200,597,5,0.8375209380234506,1,5.97,0.0,0.8,0.7200000000000001,5,3,0,0.9974585259380053,3,171,True,0.8,2,False,200,
set_02,unrelated_incidents,unrelated_incidents,1,0,0,1.0,0.0,0.0,0.0,1.0,0.145,0.25327510917030566,0.99,0.0,0,2,200,600,8,1.3333333333333335,1,6.0,0.0,0.8,0.7200000000000001,5,5,0,0.9974712333083153,3,171,False,0.8,2,False,200,
set_02,unrelated_incidents,unrelated_incidents,1,0,0,1.0,0.0,0.0,0.0,1.0,1.0,1.0,0.995,0.0,0,1,200,600,8,1.3333333333333333,1,6.0,0.0,0.8,0.7200000000000001,5,5,0,0.9974712333083153,3,171,True,0.8,2,False,200,
set_02,unrelated_incidents,unrelated_incidents,1,0,0,1.0,0.0,0.0,0.0,1.0,1.0,1.0,0.995,0.0,0,1,200,610,18,2.9508196721311477,1,6.1,0.0,0.8,0.7200000000000001,5,10,0,0.9975126884999822,3,171,False,0.8,2,False,200,
set_02,unrelated_incidents,unrelated_incidents,1,0,0,1.0,0.0,0.0,0.0,1.0,1.0,1.0,0.995,0.0,0,1,200,610,18,2.9508196721311477,1,6.1,0.0,0.8,0.7200000000000001,5,10,0,0.9975126884999822,3,171,True,0.8,2,False,200,
set_02,unrelated_incidents,unrelated_incidents,1,0,0,1.0,0.0,0.0,0.0,1.0,1.0,1.0,0.995,0.0,0,1,200,1056,2,0.1893939393939394,1,10.56,0.0,0.8,0.7200000000000001,10,1,0,0.9974006902652256,3,171,False,0.8,2,False,200,
set_02,unrelated_incidents,unrelated_incidents,1,0,0,1.0,0.0,0.0,0.0,1.0,1.0,1.0,0.995,0.0,0,1,200,1056,2,0.1893939393939394,1,10.56,0.0,0.8,0.7200000000000001,10,1,0,0.9974006902652256,3,171,True,0.8,2,False,200,
set_02,unrelated_incidents,unrelated_incidents,1,0,0,1.0,0.0,0.0,0.0,1.0,0.145,0.25327510917030566,0.99,0.0,0,2,200,1058,4,0.3780718336483932,2,10.58,0.0,0.8,0.7200000000000001,10,2,0,0.9973387157083233,3,171,False,0.8,2,False,200,
set_02,unrelated_incidents,unrelated_incidents,1,0,0,1.0,0.0,0.0,0.0,1.0,1.0,1.0,0.995,0.0,0,1,200,1058,4,0.3780718336483932,2,10.58,0.0,0.8,0.7200000000000001,10,2,0,0.9973387157083233,3,171,True,0.8,2,False,200,
set_02,unrelated_incidents,unrelated_incidents,1,0,0,1.0,0.0,0.0,0.0,1.0,1.0,1.0,0.995,0.0,0,1,200,1060,6,0.5660377358490566,3,10.6,0.0,0.8,0.7200000000000001,10,3,0,0.9972744421576554,3,171,False,0.8,2,False,200,
set_02,unrelated_incidents,unrelated_incidents,1,0,0,1.0,0.0,0.0,0.0,1.0,1.0,1.0,0.995,0.0,0,1,200,1060,6,0.5660377358490566,3,10.6,0.0,0.8,0.7200000000000001,10,3,0,0.9972744421576554,3,171,True,0.8,2,False,200,
set_02,unrelated_incidents,unrelated_incidents,1,0,0,1.0,0.0,0.0,0.0,1.0,1.0,1.0,0.995,0.0,0,1,200,1064,10,0.9398496240601504,5,10.64,0.0,0.8,0.7200000000000001,10,5,0,0.9971574603166795,3,171,False,0.8,2,False,200,
set_02,unrelated_incidents,unrelated_incidents,1,0,0,1.0,0.0,0.0,0.0,1.0,1.0,1.0,0.995,0.0,0,1,200,1064,10,0.9398496240601504,5,10.64,0.0,0.8,0.7200000000000001,10,5,0,0.9971574603166795,3,171,True,0.8,2,False,200,
set_02,unrelated_incidents,unrelated_incidents,1,0,0,1.0,0.0,0.0,0.0,1.0,1.0,1.0,0.995,0.0,0,1,200,1074,20,1.86219739292365,10,10.74,0.0,0.8,0.7200000000000001,10,10,0,0.996817085552038,3,171,False,0.8,2,False,200,
set_02,unrelated_incidents,unrelated_incidents,1,0,0,1.0,0.0,0.0,0.0,1.0,1.0,1.0,0.995,0.0,0,1,200,1074,20,1.86219739292365,10,10.74,0.0,0.8,0.7200000000000001,10,10,0,0.996817085552038,3,171,True,0.8,2,False,200,
set_02,unrelated_incidents,unrelated_incidents,1,0,0,1.0,0.0,0.0,0.0,1.0,1.0,1.0,0.995,0.0,0,1,200,1493,2,0.13395847287340923,1,14.93,0.0,0.8,0.7200000000000001,15,1,0,0.9972987102727641,3,171,False,0.8,2,False,200,
set_02,unrelated_incidents,unrelated_incidents,1,0,0,1.0,0.0,0.0,0.0,1.0,1.0,1.0,0.995,0.0,0,1,200,1493,2,0.13395847287340926,1,14.93,0.0,0.8,0.7200000000000001,15,1,0,0.9972987102727641,3,171,True,0.8,2,False,200,
set_02,unrelated_incidents,unrelated_incidents,1,0,0,1.0,0.0,0.0,0.0,1.0,1.0,1.0,0.995,0.0,0,1,200,1495,4,0.26755852842809363,2,14.95,0.0,0.8,0.7200000000000001,15,2,0,0.9972549877836553,3,171,False,0.8,2,False,200,
set_02,unrelated_incidents,unrelated_incidents,1,0,0,1.0,0.0,0.0,0.0,1.0,1.0,1.0,0.995,0.0,0,1,200,1495,4,0.26755852842809363,2,14.95,0.0,0.8,0.7200000000000001,15,2,0,0.9972549877836553,3,171,True,0.8,2,False,200,
set_02,unrelated_incidents,unrelated_incidents,1,0,0,1.0,0.0,0.0,0.0,1.0,0.145,0.25327510917030566,0.99,0.0,0,2,200,1497,6,0.4008016032064128,3,14.97,0.0,0.8,0.7200000000000001,15,3,0,0.9972095886468091,3,171,False,0.8,2,False,200,
set_02,unrelated_incidents,unrelated_incidents,1,0,0,1.0,0.0,0.0,0.0,1.0,1.0,1.0,0.995,0.0,0,1,200,1497,6,0.40080160320641284,3,14.97,0.0,0.8,0.7200000000000001,15,3,0,0.9972095886468091,3,171,True,0.8,2,False,200,
set_02,unrelated_incidents,unrelated_incidents,1,0,0,1.0,0.0,0.0,0.0,1.0,1.0,1.0,0.995,0.0,0,1,200,1501,10,0.6662225183211192,5,15.01,0.0,0.8,0.7200000000000001,15,5,0,0.9971117671531967,3,171,False,0.8,2,False,200,
set_02,unrelated_incidents,unrelated_incidents,1,0,0,1.0,0.0,0.0,0.0,1.0,1.0,1.0,0.995,0.0,0,1,200,1501,10,0.6662225183211192,5,15.01,0.0,0.8,0.7200000000000001,15,5,0,0.9971117671531967,3,171,True,0.8,2,False,200,
set_02,unrelated_incidents,unrelated_incidents,1,0,0,1.0,0.0,0.0,0.0,1.0,1.0,1.0,0.995,0.0,0,1,200,1511,20,1.3236267372600927,10,15.11,0.0,0.8,0.7200000000000001,15,10,0,0.9968605067933497,3,171,False,0.8,2,False,200,
set_02,unrelated_incidents,unrelated_incidents,1,0,0,1.0,0.0,0.0,0.0,1.0,1.0,1.0,0.995,0.0,0,1,200,1511,20,1.3236267372600927,10,15.11,0.0,0.8,0.7200000000000001,15,10,0,0.9968605067933497,3,171,True,0.8,2,False,200,
set_02,unrelated_incidents,unrelated_incidents,1,0,0,1.0,0.0,0.0,0.0,1.0,1.0,1.0,0.995,0.0,0,1,200,1887,2,0.10598834128245893,2,18.87,0.0,0.8,0.7200000000000001,20,1,0,0.9974959712212972,4,87,False,0.8,2,False,200,
set_02,unrelated_incidents,unrelated_incidents,1,0,0,1.0,0.0,0.0,0.0,1.0,1.0,1.0,0.995,0.0,0,1,200,1887,2,0.10598834128245893,2,18.87,0.0,0.8,0.7200000000000001,20,1,0,0.9974959712212972,4,87,True,0.8,2,False,200,
set_02,unrelated_incidents,unrelated_incidents,1,0,0,1.0,0.0,0.0,0.0,1.0,1.0,1.0,0.995,0.0,0,1,200,1888,3,0.15889830508474578,3,18.88,0.0,0.8,0.7200000000000001,20,2,0,0.9974598146154213,4,87,False,0.8,2,False,200,
set_02,unrelated_incidents,unrelated_incidents,1,0,0,1.0,0.0,0.0,0.0,1.0,1.0,1.0,0.995,0.0,0,1,200,1888,3,0.15889830508474576,3,18.88,0.0,0.8,0.7200000000000001,20,2,0,0.9974598146154213,4,87,True,0.8,2,False,200,
set_02,unrelated_incidents,unrelated_incidents,1,0,0,1.0,0.0,0.0,0.0,1.0,1.0,1.0,0.995,0.0,0,1,200,1890,5,0.26455026455026454,5,18.9,0.0,0.8,0.7200000000000001,20,3,0,0.9973766801849244,4,87,False,0.8,2,False,200,
set_02,unrelated_incidents,unrelated_incidents,1,0,0,1.0,0.0,0.0,0.0,1.0,1.0,1.0,0.995,0.0,0,1,200,1890,5,0.26455026455026454,5,18.9,0.0,0.8,0.7200000000000001,20,3,0,0.9973766801849244,4,87,True,0.8,2,False,200,
set_02,unrelated_incidents,unrelated_incidents,1,0,0,1.0,0.0,0.0,0.0,1.0,1.0,1.0,0.995,0.0,0,1,200,1894,9,0.4751847940865892,9,18.94,0.0,0.8,0.7200000000000001,20,5,0,0.9972105571939173,4,87,False,0.8,2,False,200,
set_02,unrelated_incidents,unrelated_incidents,1,0,0,1.0,0.0,0.0,0.0,1.0,1.0,1.0,0.995,0.0,0,1,200,1894,9,0.4751847940865892,9,18.94,0.0,0.8,0.7200000000000001,20,5,0,0.9972105571939173,4,87,True,0.8,2,False,200,
set_02,unrelated_incidents,unrelated_incidents,1,0,0,1.0,0.0,0.0,0.0,1.0,1.0,1.0,0.995,0.0,0,1,200,1904,19,0.9978991596638654,19,19.04,0.0,0.8,0.7200000000000001,20,10,0,0.9967753283929925,4,87,False,0.8,2,False,200,
set_02,unrelated_incidents,unrelated_incidents,1,0,0,1.0,0.0,0.0,0.0,1.0,1.0,1.0,0.995,0.0,0,1,200,1904,19,0.9978991596638656,19,19.04,0.0,0.8,0.7200000000000001,20,10,0,0.9967753283929925,4,87,True,0.8,2,False,200,
set_02,unrelated_incidents,unrelated_incidents,1,0,0,1.0,0.0,0.0,0.0,1.0,1.0,1.0,0.995,0.0,0,1,200,2607,2,0.07671653241273495,2,26.07,0.0,0.8,0.7200000000000001,30,1,0,0.9981875326791667,4,87,False,0.8,2,False,200,
set_02,unrelated_incidents,unrelated_incidents,1,0,0,1.0,0.0,0.0,0.0,1.0,0.145,0.25327510917030566,0.99,0.0,0,2,200,2607,2,0.07671653241273495,2,26.07,0.0,0.8,0.7200000000000001,30,1,0,0.9981875326791667,4,87,True,0.8,2,False,200,
set_02,unrelated_incidents,unrelated_incidents,1,0,0,1.0,0.0,0.0,0.0,1.0,1.0,1.0,0.995,0.0,0,1,200,2609,4,0.15331544653123802,4,26.09,0.0,0.8,0.7200000000000001,30,2,0,0.9981314529857219,4,87,False,0.8,2,False,200,
set_02,unrelated_incidents,unrelated_incidents,1,0,0,1.0,0.0,0.0,0.0,1.0,1.0,1.0,0.995,0.0,0,1,200,2609,4,0.15331544653123802,4,26.09,0.0,0.8,0.7200000000000001,30,2,0,0.9981314529857219,4,87,True,0.8,2,False,200,
set_02,unrelated_incidents,unrelated_incidents,1,0,0,1.0,0.0,0.0,0.0,1.0,1.0,1.0,0.995,0.0,0,1,200,2611,6,0.2297970126388357,6,26.11,0.0,0.8,0.7200000000000001,30,3,0,0.9980734498826812,4,87,False,0.8,2,False,200,
set_02,unrelated_incidents,unrelated_incidents,1,0,0,1.0,0.0,0.0,0.0,1.0,1.0,1.0,0.995,0.0,0,1,200,2611,6,0.2297970126388357,6,26.11,0.0,0.8,0.7200000000000001,30,3,0,0.9980734498826812,4,87,True,0.8,2,False,200,
set_02,unrelated_incidents,unrelated_incidents,1,0,0,1.0,0.0,0.0,0.0,1.0,0.145,0.25327510917030566,0.99,0.0,0,2,200,2614,9,0.34429992348890587,9,26.14,0.0,0.8,0.7200000000000001,30,5,0,0.9979771764203621,4,87,False,0.8,2,False,200,
set_02,unrelated_incidents,unrelated_incidents,1,0,0,1.0,0.0,0.0,0.0,1.0,0.145,0.25327510917030566,0.99,0.0,0,2,200,2614,9,0.34429992348890587,9,26.14,0.0,0.8,0.7200000000000001,30,5,0,0.9979771764203621,4,87,True,0.8,2,False,200,
set_02,unrelated_incidents,unrelated_incidents,1,0,0,1.0,0.0,0.0,0.0,1.0,0.145,0.25327510917030566,0.99,0.0,0,2,200,2623,18,0.6862371330537552,18,26.23,0.0,0.8,0.7200000000000001,30,10,0,0.9976805785981199,4,87,False,0.8,2,False,200,
set_02,unrelated_incidents,unrelated_incidents,1,0,0,1.0,0.0,0.0,0.0,1.0,1.0,1.0,0.995,0.0,0,1,200,2623,18,0.6862371330537552,18,26.23,0.0,0.8,0.7200000000000001,30,10,0,0.9976805785981199,4,87,True,0.8,2,False,200,
set_02,unrelated_incidents,unrelated_incidents,1,0,0,1.0,0.0,0.0,0.0,1.0,0.145,0.25327510917030566,0.99,0.0,0,2,200,3897,2,0.051321529381575574,2,38.97,0.0,0.8,0.7200000000000001,50,1,0,0.9987875026160091,4,87,False,0.8,2,False,200,
set_02,unrelated_incidents,unrelated_incidents,1,0,0,1.0,0.0,0.0,0.0,1.0,1.0,1.0,0.995,0.0,0,1,200,3897,2,0.051321529381575574,2,38.97,0.0,0.8,0.7200000000000001,50,1,0,0.9987875026160091,4,87,True,0.8,2,False,200,
set_02,unrelated_incidents,unrelated_incidents,1,0,0,1.0,0.0,0.0,0.0,1.0,1.0,1.0,0.995,0.0,0,1,200,3899,4,0.10259040779687098,4,38.99,0.0,0.8,0.7200000000000001,50,2,0,0.9987496693613102,4,87,False,0.8,2,False,200,
set_02,unrelated_incidents,unrelated_incidents,1,0,0,1.0,0.0,0.0,0.0,1.0,1.0,1.0,0.995,0.0,0,1,200,3899,4,0.102590407796871,4,38.99,0.0,0.8,0.7200000000000001,50,2,0,0.9987496693613102,4,87,True,0.8,2,False,200,
set_02,unrelated_incidents,unrelated_incidents,1,0,0,1.0,0.0,0.0,0.0,1.0,1.0,1.0,0.995,0.0,0,1,200,3901,6,0.15380671622660858,6,39.01,0.0,0.8,0.7200000000000001,50,3,0,0.9987105300291413,4,87,False,0.8,2,False,200,
set_02,unrelated_incidents,unrelated_incidents,1,0,0,1.0,0.0,0.0,0.0,1.0,0.145,0.25327510917030566,0.99,0.0,0,2,200,3901,6,0.15380671622660858,6,39.01,0.0,0.8,0.7200000000000001,50,3,0,0.9987105300291413,4,87,True,0.8,2,False,200,
set_02,unrelated_incidents,unrelated_incidents,1,0,0,1.0,0.0,0.0,0.0,1.0,0.145,0.25327510917030566,0.99,0.0,0,2,200,3904,9,0.2305327868852459,9,39.04,0.0,0.8,0.7200000000000001,50,5,0,0.9986455786790027,4,87,False,0.8,2,False,200,
set_02,unrelated_incidents,unrelated_incidents,1,0,0,1.0,0.0,0.0,0.0,1.0,0.145,0.25327510917030566,0.99,0.0,0,2,200,3904,9,0.2305327868852459,9,39.04,0.0,0.8,0.7200000000000001,50,5,0,0.9986455786790027,4,87,True,0.8,2,False,200,
set_02,unrelated_incidents,unrelated_incidents,1,0,0,1.0,0.0,0.0,0.0,1.0,1.0,1.0,0.995,0.0,0,1,200,3913,18,0.4600051111679018,18,39.13,0.0,0.8,0.7200000000000001,50,10,0,0.9984452230163221,4,87,False,0.8,2,False,200,
set_02,unrelated_incidents,unrelated_incidents,1,0,0,1.0,0.0,0.0,0.0,1.0,1.0,1.0,0.995,0.0,0,1,200,3913,18,0.4600051111679019,18,39.13,0.0,0.8,0.7200000000000001,50,10,0,0.9984452230163221,4,87,True,0.8,2,False,200,
set_02,unrelated_incidents,unrelated_incidents,1,0,0,1.0,0.0,0.0,0.0,1.0,1.0,1.0,0.995,0.0,0,1,200,594,2,0.33670033670033667,1,5.94,0.0,0.82,0.74,5,1,0,0.9974456902104195,3,171,False,0.8,2,False,200,
set_02,unrelated_incidents,unrelated_incidents,1,0,0,1.0,0.0,0.0,0.0,1.0,0.145,0.25327510917030566,0.99,0.0,0,2,200,594,2,0.3367003367003367,1,5.94,0.0,0.82,0.74,5,1,0,0.9974456902104195,3,171,True,0.8,2,False,200,
set_02,unrelated_incidents,unrelated_incidents,1,0,0,1.0,0.0,0.0,0.0,1.0,0.145,0.25327510917030566,0.99,0.0,0,2,200,595,3,0.5042016806722689,1,5.95,0.0,0.82,0.74,5,2,0,0.997449983168049,3,171,False,0.8,2,False,200,
set_02,unrelated_incidents,unrelated_incidents,1,0,0,1.0,0.0,0.0,0.0,1.0,0.145,0.25327510917030566,0.99,0.0,0,2,200,595,3,0.5042016806722689,1,5.95,0.0,0.82,0.74,5,2,0,0.997449983168049,3,171,True,0.8,2,False,200,
set_02,unrelated_incidents,unrelated_incidents,1,0,0,1.0,0.0,0.0,0.0,1.0,0.145,0.25327510917030566,0.99,0.0,0,2,200,597,5,0.8375209380234505,1,5.97,0.0,0.82,0.74,5,3,0,0.9974585259380053,3,171,False,0.8,2,False,200,
set_02,unrelated_incidents,unrelated_incidents,1,0,0,1.0,0.0,0.0,0.0,1.0,1.0,1.0,0.995,0.0,0,1,200,597,5,0.8375209380234506,1,5.97,0.0,0.82,0.74,5,3,0,0.9974585259380053,3,171,True,0.8,2,False,200,
set_02,unrelated_incidents,unrelated_incidents,1,0,0,1.0,0.0,0.0,0.0,1.0,1.0,1.0,0.995,0.0,0,1,200,600,8,1.3333333333333335,1,6.0,0.0,0.82,0.74,5,5,0,0.9974712333083153,3,171,False,0.8,2,False,200,
set_02,unrelated_incidents,unrelated_incidents,1,0,0,1.0,0.0,0.0,0.0,1.0,1.0,1.0,0.995,0.0,0,1,200,600,8,1.3333333333333333,1,6.0,0.0,0.82,0.74,5,5,0,0.9974712333083153,3,171,True,0.8,2,False,200,
set_02,unrelated_incidents,unrelated_incidents,1,0,0,1.0,0.0,0.0,0.0,1.0,0.145,0.25327510917030566,0.99,0.0,0,2,200,610,18,2.9508196721311477,1,6.1,0.0,0.82,0.74,5,10,0,0.9975126884999822,3,171,False,0.8,2,False,200,
set_02,unrelated_incidents,unrelated_incidents,1,0,0,1.0,0.0,0.0,0.0,1.0,1.0,1.0,0.995,0.0,0,1,200,610,18,2.9508196721311477,1,6.1,0.0,0.82,0.74,5,10,0,0.9975126884999822,3,171,True,0.8,2,False,200,
set_02,unrelated_incidents,unrelated_incidents,1,0,0,1.0,0.0,0.0,0.0,1.0,1.0,1.0,0.995,0.0,0,1,200,1056,2,0.1893939393939394,1,10.56,0.0,0.82,0.74,10,1,0,0.9974006902652256,3,171,False,0.8,2,False,200,
set_02,unrelated_incidents,unrelated_incidents,1,0,0,1.0,0.0,0.0,0.0,1.0,0.145,0.25327510917030566,0.99,0.0,0,2,200,1056,2,0.1893939393939394,1,10.56,0.0,0.82,0.74,10,1,0,0.9974006902652256,3,171,True,0.8,2,False,200,
set_02,unrelated_incidents,unrelated_incidents,1,0,0,1.0,0.0,0.0,0.0,1.0,1.0,1.0,0.995,0.0,0,1,200,1058,4,0.3780718336483932,2,10.58,0.0,0.82,0.74,10,2,0,0.9973387157083233,3,171,False,0.8,2,False,200,
set_02,unrelated_incidents,unrelated_incidents,1,0,0,1.0,0.0,0.0,0.0,1.0,1.0,1.0,0.995,0.0,0,1,200,1058,4,0.3780718336483932,2,10.58,0.0,0.82,0.74,10,2,0,0.9973387157083233,3,171,True,0.8,2,False,200,
set_02,unrelated_incidents,unrelated_incidents,1,0,0,1.0,0.0,0.0,0.0,1.0,0.145,0.25327510917030566,0.99,0.0,0,2,200,1060,6,0.5660377358490566,3,10.6,0.0,0.82,0.74,10,3,0,0.9972744421576554,3,171,False,0.8,2,False,200,
set_02,unrelated_incidents,unrelated_incidents,1,0,0,1.0,0.0,0.0,0.0,1.0,1.0,1.0,0.995,0.0,0,1,200,1060,6,0.5660377358490566,3,10.6,0.0,0.82,0.74,10,3,0,0.9972744421576554,3,171,True,0.8,2,False,200,
set_02,unrelated_incidents,unrelated_incidents,1,0,0,1.0,0.0,0.0,0.0,1.0,1.0,1.0,0.995,0.0,0,1,200,1064,10,0.9398496240601504,5,10.64,0.0,0.82,0.74,10,5,0,0.9971574603166795,3,171,False,0.8,2,False,200,
set_02,unrelated_incidents,unrelated_incidents,1,0,0,1.0,0.0,0.0,0.0,1.0,0.145,0.25327510917030566,0.99,0.0,0,2,200,1064,10,0.9398496240601504,5,10.64,0.0,0.82,0.74,10,5,0,0.9971574603166795,3,171,True,0.8,2,False,200,
set_02,unrelated_incidents,unrelated_incidents,1,0,0,1.0,0.0,0.0,0.0,1.0,1.0,1.0,0.995,0.0,0,1,200,1074,20,1.86219739292365,10,10.74,0.0,0.82,0.74,10,10,0,0.996817085552038,3,171,False,0.8,2,False,200,
set_02,unrelated_incidents,unrelated_incidents,1,0,0,1.0,0.0,0.0,0.0,1.0,0.145,0.25327510917030566,0.99,0.0,0,2,200,1074,20,1.86219739292365,10,10.74,0.0,0.82,0.74,10,10,0,0.996817085552038,3,171,True,0.8,2,False,200,
set_02,unrelated_incidents,unrelated_incidents,1,0,0,1.0,0.0,0.0,0.0,1.0,1.0,1.0,0.995,0.0,0,1,200,1493,2,0.13395847287340923,1,14.93,0.0,0.82,0.74,15,1,0,0.9972987102727641,3,171,False,0.8,2,False,200,
set_02,unrelated_incidents,unrelated_incidents,1,0,0,1.0,0.0,0.0,0.0,1.0,0.145,0.25327510917030566,0.99,0.0,0,2,200,1493,2,0.13395847287340926,1,14.93,0.0,0.82,0.74,15,1,0,0.9972987102727641,3,171,True,0.8,2,False,200,
set_02,unrelated_incidents,unrelated_incidents,1,0,0,1.0,0.0,0.0,0.0,1.0,1.0,1.0,0.995,0.0,0,1,200,1495,4,0.26755852842809363,2,14.95,0.0,0.82,0.74,15,2,0,0.9972549877836553,3,171,False,0.8,2,False,200,
set_02,unrelated_incidents,unrelated_incidents,1,0,0,1.0,0.0,0.0,0.0,1.0,1.0,1.0,0.995,0.0,0,1,200,1495,4,0.26755852842809363,2,14.95,0.0,0.82,0.74,15,2,0,0.9972549877836553,3,171,True,0.8,2,False,200,
set_02,unrelated_incidents,unrelated_incidents,1,0,0,1.0,0.0,0.0,0.0,1.0,1.0,1.0,0.995,0.0,0,1,200,1497,6,0.4008016032064128,3,14.97,0.0,0.82,0.74,15,3,0,0.9972095886468091,3,171,False,0.8,2,False,200,
set_02,unrelated_incidents,unrelated_incidents,1,0,0,1.0,0.0,0.0,0.0,1.0,0.145,0.25327510917030566,0.99,0.0,0,2,200,1497,6,0.40080160320641284,3,14.97,0.0,0.82,0.74,15,3,0,0.9972095886468091,3,171,True,0.8,2,False,200,
set_02,unrelated_incidents,unrelated_incidents,1,0,0,1.0,0.0,0.0,0.0,1.0,1.0,1.0,0.995,0.0,0,1,200,1501,10,0.6662225183211192,5,15.01,0.0,0.82,0.74,15,5,0,0.9971117671531967,3,171,False,0.8,2,False,200,
set_02,unrelated_incidents,unrelated_incidents,1,0,0,1.0,0.0,0.0,0.0,1.0,1.0,1.0,0.995,0.0,0,1,200,1501,10,0.6662225183211192,5,15.01,0.0,0.82,0.74,15,5,0,0.9971117671531967,3,171,True,0.8,2,False,200,
set_02,unrelated_incidents,unrelated_incidents,1,0,0,1.0,0.0,0.0,0.0,1.0,1.0,1.0,0.995,0.0,0,1,200,1511,20,1.3236267372600927,10,15.11,0.0,0.82,0.74,15,10,0,0.9968605067933497,3,171,False,0.8,2,False,200,
set_02,unrelated_incidents,unrelated_incidents,1,0,0,1.0,0.0,0.0,0.0,1.0,1.0,1.0,0.995,0.0,0,1,200,1511,20,1.3236267372600927,10,15.11,0.0,0.82,0.74,15,10,0,0.9968605067933497,3,171,True,0.8,2,False,200,
set_02,unrelated_incidents,unrelated_incidents,1,0,0,1.0,0.0,0.0,0.0,1.0,1.0,1.0,0.995,0.0,0,1,200,1887,2,0.10598834128245893,2,18.87,0.0,0.82,0.74,20,1,0,0.9974959712212972,4,87,False,0.8,2,False,200,
set_02,unrelated_incidents,unrelated_incidents,1,0,0,1.0,0.0,0.0,0.0,1.0,1.0,1.0,0.995,0.0,0,1,200,1887,2,0.10598834128245893,2,18.87,0.0,0.82,0.74,20,1,0,0.9974959712212972,4,87,True,0.8,2,False,200,
set_02,unrelated_incidents,unrelated_incidents,1,0,0,1.0,0.0,0.0,0.0,1.0,1.0,1.0,0.995,0.0,0,1,200,1888,3,0.15889830508474578,3,18.88,0.0,0.82,0.74,20,2,0,0.9974598146154213,4,87,False,0.8,2,False,200,
set_02,unrelated_incidents,unrelated_incidents,1,0,0,1.0,0.0,0.0,0.0,1.0,0.145,0.25327510917030566,0.99,0.0,0,2,200,1888,3,0.15889830508474576,3,18.88,0.0,0.82,0.74,20,2,0,0.9974598146154213,4,87,True,0.8,2,False,200,
set_02,unrelated_incidents,unrelated_incidents,1,0,0,1.0,0.0,0.0,0.0,1.0,1.0,1.0,0.995,0.0,0,1,200,1890,5,0.26455026455026454,5,18.9,0.0,0.82,0.74,20,3,0,0.9973766801849244,4,87,False,0.8,2,False,200,
set_02,unrelated_incidents,unrelated_incidents,1,0,0,1.0,0.0,0.0,0.0,1.0,1.0,1.0,0.995,0.0,0,1,200,1890,5,0.26455026455026454,5,18.9,0.0,0.82,0.74,20,3,0,0.9973766801849244,4,87,True,0.8,2,False,200,
set_02,unrelated_incidents,unrelated_incidents,1,0,0,1.0,0.0,0.0,0.0,1.0,1.0,1.0,0.995,0.0,0,1,200,1894,9,0.4751847940865892,9,18.94,0.0,0.82,0.74,20,5,0,0.9972105571939173,4,87,False,0.8,2,False,200,
set_02,unrelated_incidents,unrelated_incidents,1,0,0,1.0,0.0,0.0,0.0,1.0,1.0,1.0,0.995,0.0,0,1,200,1894,9,0.4751847940865892,9,18.94,0.0,0.82,0.74,20,5,0,0.9972105571939173,4,87,True,0.8,2,False,200,
set_02,unrelated_incidents,unrelated_incidents,1,0,0,1.0,0.0,0.0,0.0,1.0,0.145,0.25327510917030566,0.99,0.0,0,2,200,1904,19,0.9978991596638654,19,19.04,0.0,0.82,0.74,20,10,0,0.9967753283929925,4,87,False,0.8,2,False,200,
set_02,unrelated_incidents,unrelated_incidents,1,0,0,1.0,0.0,0.0,0.0,1.0,1.0,1.0,0.995,0.0,0,1,200,1904,19,0.9978991596638656,19,19.04,0.0,0.82,0.74,20,10,0,0.9967753283929925,4,87,True,0.8,2,False,200,
set_02,unrelated_incidents,unrelated_incidents,1,0,0,1.0,0.0,0.0,0.0,1.0,0.145,0.25327510917030566,0.99,0.0,0,2,200,2607,2,0.07671653241273495,2,26.07,0.0,0.82,0.74,30,1,0,0.9981875326791667,4,87,False,0.8,2,False,200,
set_02,unrelated_incidents,unrelated_incidents,1,0,0,1.0,0.0,0.0,0.0,1.0,1.0,1.0,0.995,0.0,0,1,200,2607,2,0.07671653241273495,2,26.07,0.0,0.82,0.74,30,1,0,0.9981875326791667,4,87,True,0.8,2,False,200,
set_02,unrelated_incidents,unrelated_incidents,1,0,0,1.0,0.0,0.0,0.0,1.0,1.0,1.0,0.995,0.0,0,1,200,2609,4,0.15331544653123802,4,26.09,0.0,0.82,0.74,30,2,0,0.9981314529857219,4,87,False,0.8,2,False,200,
set_02,unrelated_incidents,unrelated_incidents,1,0,0,1.0,0.0,0.0,0.0,1.0,1.0,1.0,0.995,0.0,0,1,200,2609,4,0.15331544653123802,4,26.09,0.0,0.82,0.74,30,2,0,0.9981314529857219,4,87,True,0.8,2,False,200,
set_02,unrelated_incidents,unrelated_incidents,1,0,0,1.0,0.0,0.0,0.0,1.0,1.0,1.0,0.995,0.0,0,1,200,2611,6,0.2297970126388357,6,26.11,0.0,0.82,0.74,30,3,0,0.9980734498826812,4,87,False,0.8,2,False,200,
set_02,unrelated_incidents,unrelated_incidents,1,0,0,1.0,0.0,0.0,0.0,1.0,1.0,1.0,0.995,0.0,0,1,200,2611,6,0.2297970126388357,6,26.11,0.0,0.82,0.74,30,3,0,0.9980734498826812,4,87,True,0.8,2,False,200,
set_02,unrelated_incidents,unrelated_incidents,1,0,0,1.0,0.0,0.0,0.0,1.0,1.0,1.0,0.995,0.0,0,1,200,2614,9,0.34429992348890587,9,26.14,0.0,0.82,0.74,30,5,0,0.9979771764203621,4,87,False,0.8,2,False,200,
set_02,unrelated_incidents,unrelated_incidents,1,0,0,1.0,0.0,0.0,0.0,1.0,1.0,1.0,0.995,0.0,0,1,200,2614,9,0.34429992348890587,9,26.14,0.0,0.82,0.74,30,5,0,0.9979771764203621,4,87,True,0.8,2,False,200,
set_02,unrelated_incidents,unrelated_incidents,1,0,0,1.0,0.0,0.0,0.0,1.0,0.145,0.25327510917030566,0.99,0.0,0,2,200,2623,18,0.6862371330537552,18,26.23,0.0,0.82,0.74,30,10,0,0.9976805785981199,4,87,False,0.8,2,False,200,
set_02,unrelated_incidents,unrelated_incidents,1,0,0,1.0,0.0,0.0,0.0,1.0,1.0,1.0,0.995,0.0,0,1,200,2623,18,0.6862371330537552,18,26.23,0.0,0.82,0.74,30,10,0,0.9976805785981199,4,87,True,0.8,2,False,200,
set_02,unrelated_incidents,unrelated_incidents,1,0,0,1.0,0.0,0.0,0.0,1.0,1.0,1.0,0.995,0.0,0,1,200,3897,2,0.051321529381575574,2,38.97,0.0,0.82,0.74,50,1,0,0.9987875026160091,4,87,False,0.8,2,False,200,
set_02,unrelated_incidents,unrelated_incidents,1,0,0,1.0,0.0,0.0,0.0,1.0,1.0,1.0,0.995,0.0,0,1,200,3897,2,0.051321529381575574,2,38.97,0.0,0.82,0.74,50,1,0,0.9987875026160091,4,87,True,0.8,2,False,200,
set_02,unrelated_incidents,unrelated_incidents,1,0,0,1.0,0.0,0.0,0.0,1.0,1.0,1.0,0.995,0.0,0,1,200,3899,4,0.10259040779687098,4,38.99,0.0,0.82,0.74,50,2,0,0.9987496693613102,4,87,False,0.8,2,False,200,
set_02,unrelated_incidents,unrelated_incidents,1,0,0,1.0,0.0,0.0,0.0,1.0,1.0,1.0,0.995,0.0,0,1,200,3899,4,0.102590407796871,4,38.99,0.0,0.82,0.74,50,2,0,0.9987496693613102,4,87,True,0.8,2,False,200,
set_02,unrelated_incidents,unrelated_incidents,1,0,0,1.0,0.0,0.0,0.0,1.0,1.0,1.0,0.995,0.0,0,1,200,3901,6,0.15380671622660858,6,39.01,0.0,0.82,0.74,50,3,0,0.9987105300291413,4,87,False,0.8,2,False,200,
set_02,unrelated_incidents,unrelated_incidents,1,0,0,1.0,0.0,0.0,0.0,1.0,1.0,1.0,0.995,0.0,0,1,200,3901,6,0.15380671622660858,6,39.01,0.0,0.82,0.74,50,3,0,0.9987105300291413,4,87,True,0.8,2,False,200,
set_02,unrelated_incidents,unrelated_incidents,1,0,0,1.0,0.0,0.0,0.0,1.0,0.145,0.25327510917030566,0.99,0.0,0,2,200,3904,9,0.2305327868852459,9,39.04,0.0,0.82,0.74,50,5,0,0.9986455786790027,4,87,False,0.8,2,False,200,
set_02,unrelated_incidents,unrelated_incidents,1,0,0,1.0,0.0,0.0,0.0,1.0,1.0,1.0,0.995,0.0,0,1,200,3904,9,0.2305327868852459,9,39.04,0.0,0.82,0.74,50,5,0,0.9986455786790027,4,87,True,0.8,2,False,200,
set_02,unrelated_incidents,unrelated_incidents,1,0,0,1.0,0.0,0.0,0.0,1.0,1.0,1.0,0.995,0.0,0,1,200,3913,18,0.4600051111679018,18,39.13,0.0,0.82,0.74,50,10,0,0.9984452230163221,4,87,False,0.8,2,False,200,
set_02,unrelated_incidents,unrelated_incidents,1,0,0,1.0,0.0,0.0,0.0,1.0,1.0,1.0,0.995,0.0,0,1,200,3913,18,0.4600051111679019,18,39.13,0.0,0.82,0.74,50,10,0,0.9984452230163221,4,87,True,0.8,2,False,200,
set_02,unrelated_incidents,unrelated_incidents,1,0,0,1.0,0.0,0.0,0.0,1.0,0.145,0.25327510917030566,0.99,0.0,0,2,200,594,2,0.33670033670033667,1,5.94,0.0,0.85,0.77,5,1,0,0.9974456902104195,3,171,False,0.8,2,False,200,
set_02,unrelated_incidents,unrelated_incidents,1,0,0,1.0,0.0,0.0,0.0,1.0,1.0,1.0,0.995,0.0,0,1,200,594,2,0.3367003367003367,1,5.94,0.0,0.85,0.77,5,1,0,0.9974456902104195,3,171,True,0.8,2,False,200,
set_02,unrelated_incidents,unrelated_incidents,1,0,0,1.0,0.0,0.0,0.0,1.0,1.0,1.0,0.995,0.0,0,1,200,595,3,0.5042016806722689,1,5.95,0.0,0.85,0.77,5,2,0,0.997449983168049,3,171,False,0.8,2,False,200,
set_02,unrelated_incidents,unrelated_incidents,1,0,0,1.0,0.0,0.0,0.0,1.0,0.145,0.25327510917030566,0.99,0.0,0,2,200,595,3,0.5042016806722689,1,5.95,0.0,0.85,0.77,5,2,0,0.997449983168049,3,171,True,0.8,2,False,200,
set_02,unrelated_incidents,unrelated_incidents,1,0,0,1.0,0.0,0.0,0.0,1.0,1.0,1.0,0.995,0.0,0,1,200,597,5,0.8375209380234505,1,5.97,0.0,0.85,0.77,5,3,0,0.9974585259380053,3,171,False,0.8,2,False,200,
set_02,unrelated_incidents,unrelated_incidents,1,0,0,1.0,0.0,0.0,0.0,1.0,1.0,1.0,0.995,0.0,0,1,200,597,5,0.8375209380234506,1,5.97,0.0,0.85,0.77,5,3,0,0.9974585259380053,3,171,True,0.8,2,False,200,
set_02,unrelated_incidents,unrelated_incidents,1,0,0,1.0,0.0,0.0,0.0,1.0,1.0,1.0,0.995,0.0,0,1,200,600,8,1.3333333333333335,1,6.0,0.0,0.85,0.77,5,5,0,0.9974712333083153,3,171,False,0.8,2,False,200,
set_02,unrelated_incidents,unrelated_incidents,1,0,0,1.0,0.0,0.0,0.0,1.0,1.0,1.0,0.995,0.0,0,1,200,600,8,1.3333333333333333,1,6.0,0.0,0.85,0.77,5,5,0,0.9974712333083153,3,171,True,0.8,2,False,200,
set_02,unrelated_incidents,unrelated_incidents,1,0,0,1.0,0.0,0.0,0.0,1.0,1.0,1.0,0.995,0.0,0,1,200,610,18,2.9508196721311477,1,6.1,0.0,0.85,0.77,5,10,0,0.9975126884999822,3,171,False,0.8,2,False,200,
set_02,unrelated_incidents,unrelated_incidents,1,0,0,1.0,0.0,0.0,0.0,1.0,1.0,1.0,0.995,0.0,0,1,200,610,18,2.9508196721311477,1,6.1,0.0,0.85,0.77,5,10,0,0.9975126884999822,3,171,True,0.8,2,False,200,
set_02,unrelated_incidents,unrelated_incidents,1,0,0,1.0,0.0,0.0,0.0,1.0,1.0,1.0,0.995,0.0,0,1,200,1056,2,0.1893939393939394,1,10.56,0.0,0.85,0.77,10,1,0,0.9974006902652256,3,171,False,0.8,2,False,200,
set_02,unrelated_incidents,unrelated_incidents,1,0,0,1.0,0.0,0.0,0.0,1.0,1.0,1.0,0.995,0.0,0,1,200,1056,2,0.1893939393939394,1,10.56,0.0,0.85,0.77,10,1,0,0.9974006902652256,3,171,True,0.8,2,False,200,
set_02,unrelated_incidents,unrelated_incidents,1,0,0,1.0,0.0,0.0,0.0,1.0,1.0,1.0,0.995,0.0,0,1,200,1058,4,0.3780718336483932,2,10.58,0.0,0.85,0.77,10,2,0,0.9973387157083233,3,171,False,0.8,2,False,200,
set_02,unrelated_incidents,unrelated_incidents,1,0,0,1.0,0.0,0.0,0.0,1.0,1.0,1.0,0.995,0.0,0,1,200,1058,4,0.3780718336483932,2,10.58,0.0,0.85,0.77,10,2,0,0.9973387157083233,3,171,True,0.8,2,False,200,
set_02,unrelated_incidents,unrelated_incidents,1,0,0,1.0,0.0,0.0,0.0,1.0,1.0,1.0,0.995,0.0,0,1,200,1060,6,0.5660377358490566,3,10.6,0.0,0.85,0.77,10,3,0,0.9972744421576554,3,171,False,0.8,2,False,200,
set_02,unrelated_incidents,unrelated_incidents,1,0,0,1.0,0.0,0.0,0.0,1.0,1.0,1.0,0.995,0.0,0,1,200,1060,6,0.5660377358490566,3,10.6,0.0,0.85,0.77,10,3,0,0.9972744421576554,3,171,True,0.8,2,False,200,
set_02,unrelated_incidents,unrelated_incidents,1,0,0,1.0,0.0,0.0,0.0,1.0,1.0,1.0,0.995,0.0,0,1,200,1064,10,0.9398496240601504,5,10.64,0.0,0.85,0.77,10,5,0,0.9971574603166795,3,171,False,0.8,2,False,200,
set_02,unrelated_incidents,unrelated_incidents,1,0,0,1.0,0.0,0.0,0.0,1.0,1.0,1.0,0.995,0.0,0,1,200,1064,10,0.9398496240601504,5,10.64,0.0,0.85,0.77,10,5,0,0.9971574603166795,3,171,True,0.8,2,False,200,
set_02,unrelated_incidents,unrelated_incidents,1,0,0,1.0,0.0,0.0,0.0,1.0,1.0,1.0,0.995,0.0,0,1,200,1074,20,1.86219739292365,10,10.74,0.0,0.85,0.77,10,10,0,0.996817085552038,3,171,False,0.8,2,False,200,
set_02,unrelated_incidents,unrelated_incidents,1,0,0,1.0,0.0,0.0,0.0,1.0,0.145,0.25327510917030566,0.99,0.0,0,2,200,1074,20,1.86219739292365,10,10.74,0.0,0.85,0.77,10,10,0,0.996817085552038,3,171,True,0.8,2,False,200,
set_02,unrelated_incidents,unrelated_incidents,1,0,0,1.0,0.0,0.0,0.0,1.0,1.0,1.0,0.995,0.0,0,1,200,1493,2,0.13395847287340923,1,14.93,0.0,0.85,0.77,15,1,0,0.9972987102727641,3,171,False,0.8,2,False,200,
set_02,unrelated_incidents,unrelated_incidents,1,0,0,1.0,0.0,0.0,0.0,1.0,1.0,1.0,0.995,0.0,0,1,200,1493,2,0.13395847287340926,1,14.93,0.0,0.85,0.77,15,1,0,0.9972987102727641,3,171,True,0.8,2,False,200,
set_02,unrelated_incidents,unrelated_incidents,1,0,0,1.0,0.0,0.0,0.0,1.0,1.0,1.0,0.995,0.0,0,1,200,1495,4,0.26755852842809363,2,14.95,0.0,0.85,0.77,15,2,0,0.9972549877836553,3,171,False,0.8,2,False,200,
set_02,unrelated_incidents,unrelated_incidents,1,0,0,1.0,0.0,0.0,0.0,1.0,1.0,1.0,0.995,0.0,0,1,200,1495,4,0.26755852842809363,2,14.95,0.0,0.85,0.77,15,2,0,0.9972549877836553,3,171,True,0.8,2,False,200,
set_02,unrelated_incidents,unrelated_incidents,1,0,0,1.0,0.0,0.0,0.0,1.0,1.0,1.0,0.995,0.0,0,1,200,1497,6,0.4008016032064128,3,14.97,0.0,0.85,0.77,15,3,0,0.9972095886468091,3,171,False,0.8,2,False,200,
set_02,unrelated_incidents,unrelated_incidents,1,0,0,1.0,0.0,0.0,0.0,1.0,1.0,1.0,0.995,0.0,0,1,200,1497,6,0.40080160320641284,3,14.97,0.0,0.85,0.77,15,3,0,0.9972095886468091,3,171,True,0.8,2,False,200,
set_02,unrelated_incidents,unrelated_incidents,1,0,0,1.0,0.0,0.0,0.0,1.0,1.0,1.0,0.995,0.0,0,1,200,1501,10,0.6662225183211192,5,15.01,0.0,0.85,0.77,15,5,0,0.9971117671531967,3,171,False,0.8,2,False,200,
set_02,unrelated_incidents,unrelated_incidents,1,0,0,1.0,0.0,0.0,0.0,1.0,1.0,1.0,0.995,0.0,0,1,200,1501,10,0.6662225183211192,5,15.01,0.0,0.85,0.77,15,5,0,0.9971117671531967,3,171,True,0.8,2,False,200,
set_02,unrelated_incidents,unrelated_incidents,1,0,0,1.0,0.0,0.0,0.0,1.0,1.0,1.0,0.995,0.0,0,1,200,1511,20,1.3236267372600927,10,15.11,0.0,0.85,0.77,15,10,0,0.9968605067933497,3,171,False,0.8,2,False,200,
set_02,unrelated_incidents,unrelated_incidents,1,0,0,1.0,0.0,0.0,0.0,1.0,1.0,1.0,0.995,0.0,0,1,200,1511,20,1.3236267372600927,10,15.11,0.0,0.85,0.77,15,10,0,0.9968605067933497,3,171,True,0.8,2,False,200,
set_02,unrelated_incidents,unrelated_incidents,1,0,0,1.0,0.0,0.0,0.0,1.0,1.0,1.0,0.995,0.0,0,1,200,1887,2,0.10598834128245893,2,18.87,0.0,0.85,0.77,20,1,0,0.9974959712212972,4,87,False,0.8,2,False,200,
set_02,unrelated_incidents,unrelated_incidents,1,0,0,1.0,0.0,0.0,0.0,1.0,1.0,1.0,0.995,0.0,0,1,200,1887,2,0.10598834128245893,2,18.87,0.0,0.85,0.77,20,1,0,0.9974959712212972,4,87,True,0.8,2,False,200,
set_02,unrelated_incidents,unrelated_incidents,1,0,0,1.0,0.0,0.0,0.0,1.0,0.145,0.25327510917030566,0.99,0.0,0,2,200,1888,3,0.15889830508474578,3,18.88,0.0,0.85,0.77,20,2,0,0.9974598146154213,4,87,False,0.8,2,False,200,
set_02,unrelated_incidents,unrelated_incidents,1,0,0,1.0,0.0,0.0,0.0,1.0,0.145,0.25327510917030566,0.99,0.0,0,2,200,1888,3,0.15889830508474576,3,18.88,0.0,0.85,0.77,20,2,0,0.9974598146154213,4,87,True,0.8,2,False,200,
set_02,unrelated_incidents,unrelated_incidents,1,0,0,1.0,0.0,0.0,0.0,1.0,1.0,1.0,0.995,0.0,0,1,200,1890,5,0.26455026455026454,5,18.9,0.0,0.85,0.77,20,3,0,0.9973766801849244,4,87,False,0.8,2,False,200,
set_02,unrelated_incidents,unrelated_incidents,1,0,0,1.0,0.0,0.0,0.0,1.0,1.0,1.0,0.995,0.0,0,1,200,1890,5,0.26455026455026454,5,18.9,0.0,0.85,0.77,20,3,0,0.9973766801849244,4,87,True,0.8,2,False,200,
set_02,unrelated_incidents,unrelated_incidents,1,0,0,1.0,0.0,0.0,0.0,1.0,1.0,1.0,0.995,0.0,0,1,200,1894,9,0.4751847940865892,9,18.94,0.0,0.85,0.77,20,5,0,0.9972105571939173,4,87,False,0.8,2,False,200,
set_02,unrelated_incidents,unrelated_incidents,1,0,0,1.0,0.0,0.0,0.0,1.0,1.0,1.0,0.995,0.0,0,1,200,1894,9,0.4751847940865892,9,18.94,0.0,0.85,0.77,20,5,0,0.9972105571939173,4,87,True,0.8,2,False,200,
set_02,unrelated_incidents,unrelated_incidents,1,0,0,1.0,0.0,0.0,0.0,1.0,1.0,1.0,0.995,0.0,0,1,200,1904,19,0.9978991596638654,19,19.04,0.0,0.85,0.77,20,10,0,0.9967753283929925,4,87,False,0.8,2,False,200,
set_02,unrelated_incidents,unrelated_incidents,1,0,0,1.0,0.0,0.0,0.0,1.0,1.0,1.0,0.995,0.0,0,1,200,1904,19,0.9978991596638656,19,19.04,0.0,0.85,0.77,20,10,0,0.9967753283929925,4,87,True,0.8,2,False,200,
set_02,unrelated_incidents,unrelated_incidents,1,0,0,1.0,0.0,0.0,0.0,1.0,1.0,1.0,0.995,0.0,0,1,200,2607,2,0.07671653241273495,2,26.07,0.0,0.85,0.77,30,1,0,0.9981875326791667,4,87,False,0.8,2,False,200,
set_02,unrelated_incidents,unrelated_incidents,1,0,0,1.0,0.0,0.0,0.0,1.0,0.145,0.25327510917030566,0.99,0.0,0,2,200,2607,2,0.07671653241273495,2,26.07,0.0,0.85,0.77,30,1,0,0.9981875326791667,4,87,True,0.8,2,False,200,
set_02,unrelated_incidents,unrelated_incidents,1,0,0,1.0,0.0,0.0,0.0,1.0,1.0,1.0,0.995,0.0,0,1,200,2609,4,0.15331544653123802,4,26.09,0.0,0.85,0.77,30,2,0,0.9981314529857219,4,87,False,0.8,2,False,200,
set_02,unrelated_incidents,unrelated_incidents,1,0,0,1.0,0.0,0.0,0.0,1.0,1.0,1.0,0.995,0.0,0,1,200,2609,4,0.15331544653123802,4,26.09,0.0,0.85,0.77,30,2,0,0.9981314529857219,4,87,True,0.8,2,False,200,
set_02,unrelated_incidents,unrelated_incidents,1,0,0,1.0,0.0,0.0,0.0,1.0,0.145,0.25327510917030566,0.99,0.0,0,2,200,2611,6,0.2297970126388357,6,26.11,0.0,0.85,0.77,30,3,0,0.9980734498826812,4,87,False,0.8,2,False,200,
set_02,unrelated_incidents,unrelated_incidents,1,0,0,1.0,0.0,0.0,0.0,1.0,1.0,1.0,0.995,0.0,0,1,200,2611,6,0.2297970126388357,6,26.11,0.0,0.85,0.77,30,3,0,0.9980734498826812,4,87,True,0.8,2,False,200,
set_02,unrelated_incidents,unrelated_incidents,1,0,0,1.0,0.0,0.0,0.0,1.0,1.0,1.0,0.995,0.0,0,1,200,2614,9,0.34429992348890587,9,26.14,0.0,0.85,0.77,30,5,0,0.9979771764203621,4,87,False,0.8,2,False,200,
set_02,unrelated_incidents,unrelated_incidents,1,0,0,1.0,0.0,0.0,0.0,1.0,1.0,1.0,0.995,0.0,0,1,200,2614,9,0.34429992348890587,9,26.14,0.0,0.85,0.77,30,5,0,0.9979771764203621,4,87,True,0.8,2,False,200,
set_02,unrelated_incidents,unrelated_incidents,1,0,0,1.0,0.0,0.0,0.0,1.0,1.0,1.0,0.995,0.0,0,1,200,2623,18,0.6862371330537552,18,26.23,0.0,0.85,0.77,30,10,0,0.9976805785981199,4,87,False,0.8,2,False,200,
set_02,unrelated_incidents,unrelated_incidents,1,0,0,1.0,0.0,0.0,0.0,1.0,0.145,0.25327510917030566,0.99,0.0,0,2,200,2623,18,0.6862371330537552,18,26.23,0.0,0.85,0.77,30,10,0,0.9976805785981199,4,87,True,0.8,2,False,200,
set_02,unrelated_incidents,unrelated_incidents,1,0,0,1.0,0.0,0.0,0.0,1.0,0.145,0.25327510917030566,0.99,0.0,0,2,200,3897,2,0.051321529381575574,2,38.97,0.0,0.85,0.77,50,1,0,0.9987875026160091,4,87,False,0.8,2,False,200,
set_02,unrelated_incidents,unrelated_incidents,1,0,0,1.0,0.0,0.0,0.0,1.0,1.0,1.0,0.995,0.0,0,1,200,3897,2,0.051321529381575574,2,38.97,0.0,0.85,0.77,50,1,0,0.9987875026160091,4,87,True,0.8,2,False,200,
set_02,unrelated_incidents,unrelated_incidents,1,0,0,1.0,0.0,0.0,0.0,1.0,1.0,1.0,0.995,0.0,0,1,200,3899,4,0.10259040779687098,4,38.99,0.0,0.85,0.77,50,2,0,0.9987496693613102,4,87,False,0.8,2,False,200,
set_02,unrelated_incidents,unrelated_incidents,1,0,0,1.0,0.0,0.0,0.0,1.0,1.0,1.0,0.995,0.0,0,1,200,3899,4,0.102590407796871,4,38.99,0.0,0.85,0.77,50,2,0,0.9987496693613102,4,87,True,0.8,2,False,200,
set_02,unrelated_incidents,unrelated_incidents,1,0,0,1.0,0.0,0.0,0.0,1.0,1.0,1.0,0.995,0.0,0,1,200,3901,6,0.15380671622660858,6,39.01,0.0,0.85,0.77,50,3,0,0.9987105300291413,4,87,False,0.8,2,False,200,
set_02,unrelated_incidents,unrelated_incidents,1,0,0,1.0,0.0,0.0,0.0,1.0,1.0,1.0,0.995,0.0,0,1,200,3901,6,0.15380671622660858,6,39.01,0.0,0.85,0.77,50,3,0,0.9987105300291413,4,87,True,0.8,2,False,200,
set_02,unrelated_incidents,unrelated_incidents,1,0,0,1.0,0.0,0.0,0.0,1.0,0.145,0.25327510917030566,0.99,0.0,0,2,200,3904,9,0.2305327868852459,9,39.04,0.0,0.85,0.77,50,5,0,0.9986455786790027,4,87,False,0.8,2,False,200,
set_02,unrelated_incidents,unrelated_incidents,1,0,0,1.0,0.0,0.0,0.0,1.0,1.0,1.0,0.995,0.0,0,1,200,3904,9,0.2305327868852459,9,39.04,0.0,0.85,0.77,50,5,0,0.9986455786790027,4,87,True,0.8,2,False,200,
set_02,unrelated_incidents,unrelated_incidents,1,0,0,1.0,0.0,0.0,0.0,1.0,1.0,1.0,0.995,0.0,0,1,200,3913,18,0.4600051111679018,18,39.13,0.0,0.85,0.77,50,10,0,0.9984452230163221,4,87,False,0.8,2,False,200,
set_02,unrelated_incidents,unrelated_incidents,1,0,0,1.0,0.0,0.0,0.0,1.0,1.0,1.0,0.995,0.0,0,1,200,3913,18,0.4600051111679019,18,39.13,0.0,0.85,0.77,50,10,0,0.9984452230163221,4,87,True,0.8,2,False,200,
set_02,unrelated_incidents,unrelated_incidents,1,0,0,1.0,0.0,0.0,0.0,1.0,1.0,1.0,0.995,0.0,0,1,200,594,2,0.33670033670033667,1,5.94,0.0,0.88,0.8,5,1,0,0.9974456902104195,3,171,False,0.8,2,False,200,
set_02,unrelated_incidents,unrelated_incidents,1,0,0,1.0,0.0,0.0,0.0,1.0,0.145,0.25327510917030566,0.99,0.0,0,2,200,594,2,0.3367003367003367,1,5.94,0.0,0.88,0.8,5,1,0,0.9974456902104195,3,171,True,0.8,2,False,200,
set_02,unrelated_incidents,unrelated_incidents,1,0,0,1.0,0.0,0.0,0.0,1.0,1.0,1.0,0.995,0.0,0,1,200,595,3,0.5042016806722689,1,5.95,0.0,0.88,0.8,5,2,0,0.997449983168049,3,171,False,0.8,2,False,200,
set_02,unrelated_incidents,unrelated_incidents,1,0,0,1.0,0.0,0.0,0.0,1.0,1.0,1.0,0.995,0.0,0,1,200,595,3,0.5042016806722689,1,5.95,0.0,0.88,0.8,5,2,0,0.997449983168049,3,171,True,0.8,2,False,200,
set_02,unrelated_incidents,unrelated_incidents,1,0,0,1.0,0.0,0.0,0.0,1.0,0.145,0.25327510917030566,0.99,0.0,0,2,200,597,5,0.8375209380234505,1,5.97,0.0,0.88,0.8,5,3,0,0.9974585259380053,3,171,False,0.8,2,False,200,
set_02,unrelated_incidents,unrelated_incidents,1,0,0,1.0,0.0,0.0,0.0,1.0,1.0,1.0,0.995,0.0,0,1,200,597,5,0.8375209380234506,1,5.97,0.0,0.88,0.8,5,3,0,0.9974585259380053,3,171,True,0.8,2,False,200,
set_02,unrelated_incidents,unrelated_incidents,1,0,0,1.0,0.0,0.0,0.0,1.0,1.0,1.0,0.995,0.0,0,1,200,600,8,1.3333333333333335,1,6.0,0.0,0.88,0.8,5,5,0,0.9974712333083153,3,171,False,0.8,2,False,200,
set_02,unrelated_incidents,unrelated_incidents,1,0,0,1.0,0.0,0.0,0.0,1.0,0.145,0.25327510917030566,0.99,0.0,0,2,200,600,8,1.3333333333333333,1,6.0,0.0,0.88,0.8,5,5,0,0.9974712333083153,3,171,True,0.8,2,False,200,
set_02,unrelated_incidents,unrelated_incidents,1,0,0,1.0,0.0,0.0,0.0,1.0,1.0,1.0,0.995,0.0,0,1,200,610,18,2.9508196721311477,1,6.1,0.0,0.88,0.8,5,10,0,0.9975126884999822,3,171,False,0.8,2,False,200,
set_02,unrelated_incidents,unrelated_incidents,1,0,0,1.0,0.0,0.0,0.0,1.0,1.0,1.0,0.995,0.0,0,1,200,610,18,2.9508196721311477,1,6.1,0.0,0.88,0.8,5,10,0,0.9975126884999822,3,171,True,0.8,2,False,200,
set_02,unrelated_incidents,unrelated_incidents,1,0,0,1.0,0.0,0.0,0.0,1.0,1.0,1.0,0.995,0.0,0,1,200,1056,2,0.1893939393939394,1,10.56,0.0,0.88,0.8,10,1,0,0.9974006902652256,3,171,False,0.8,2,False,200,
set_02,unrelated_incidents,unrelated_incidents,1,0,0,1.0,0.0,0.0,0.0,1.0,1.0,1.0,0.995,0.0,0,1,200,1056,2,0.1893939393939394,1,10.56,0.0,0.88,0.8,10,1,0,0.9974006902652256,3,171,True,0.8,2,False,200,
set_02,unrelated_incidents,unrelated_incidents,1,0,0,1.0,0.0,0.0,0.0,1.0,1.0,1.0,0.995,0.0,0,1,200,1058,4,0.3780718336483932,2,10.58,0.0,0.88,0.8,10,2,0,0.9973387157083233,3,171,False,0.8,2,False,200,
set_02,unrelated_incidents,unrelated_incidents,1,0,0,1.0,0.0,0.0,0.0,1.0,1.0,1.0,0.995,0.0,0,1,200,1058,4,0.3780718336483932,2,10.58,0.0,0.88,0.8,10,2,0,0.9973387157083233,3,171,True,0.8,2,False,200,
set_02,unrelated_incidents,unrelated_incidents,1,0,0,1.0,0.0,0.0,0.0,1.0,1.0,1.0,0.995,0.0,0,1,200,1060,6,0.5660377358490566,3,10.6,0.0,0.88,0.8,10,3,0,0.9972744421576554,3,171,False,0.8,2,False,200,
set_02,unrelated_incidents,unrelated_incidents,1,0,0,1.0,0.0,0.0,0.0,1.0,1.0,1.0,0.995,0.0,0,1,200,1060,6,0.5660377358490566,3,10.6,0.0,0.88,0.8,10,3,0,0.9972744421576554,3,171,True,0.8,2,False,200,
set_02,unrelated_incidents,unrelated_incidents,1,0,0,1.0,0.0,0.0,0.0,1.0,1.0,1.0,0.995,0.0,0,1,200,1064,10,0.9398496240601504,5,10.64,0.0,0.88,0.8,10,5,0,0.9971574603166795,3,171,False,0.8,2,False,200,
set_02,unrelated_incidents,unrelated_incidents,1,0,0,1.0,0.0,0.0,0.0,1.0,0.145,0.25327510917030566,0.99,0.0,0,2,200,1064,10,0.9398496240601504,5,10.64,0.0,0.88,0.8,10,5,0,0.9971574603166795,3,171,True,0.8,2,False,200,
set_02,unrelated_incidents,unrelated_incidents,1,0,0,1.0,0.0,0.0,0.0,1.0,1.0,1.0,0.995,0.0,0,1,200,1074,20,1.86219739292365,10,10.74,0.0,0.88,0.8,10,10,0,0.996817085552038,3,171,False,0.8,2,False,200,
set_02,unrelated_incidents,unrelated_incidents,1,0,0,1.0,0.0,0.0,0.0,1.0,1.0,1.0,0.995,0.0,0,1,200,1074,20,1.86219739292365,10,10.74,0.0,0.88,0.8,10,10,0,0.996817085552038,3,171,True,0.8,2,False,200,
set_02,unrelated_incidents,unrelated_incidents,1,0,0,1.0,0.0,0.0,0.0,1.0,1.0,1.0,0.995,0.0,0,1,200,1493,2,0.13395847287340923,1,14.93,0.0,0.88,0.8,15,1,0,0.9972987102727641,3,171,False,0.8,2,False,200,
set_02,unrelated_incidents,unrelated_incidents,1,0,0,1.0,0.0,0.0,0.0,1.0,0.145,0.25327510917030566,0.99,0.0,0,2,200,1493,2,0.13395847287340926,1,14.93,0.0,0.88,0.8,15,1,0,0.9972987102727641,3,171,True,0.8,2,False,200,
set_02,unrelated_incidents,unrelated_incidents,1,0,0,1.0,0.0,0.0,0.0,1.0,1.0,1.0,0.995,0.0,0,1,200,1495,4,0.26755852842809363,2,14.95,0.0,0.88,0.8,15,2,0,0.9972549877836553,3,171,False,0.8,2,False,200,
set_02,unrelated_incidents,unrelated_incidents,1,0,0,1.0,0.0,0.0,0.0,1.0,1.0,1.0,0.995,0.0,0,1,200,1495,4,0.26755852842809363,2,14.95,0.0,0.88,0.8,15,2,0,0.9972549877836553,3,171,True,0.8,2,False,200,
set_02,unrelated_incidents,unrelated_incidents,1,0,0,1.0,0.0,0.0,0.0,1.0,1.0,1.0,0.995,0.0,0,1,200,1497,6,0.4008016032064128,3,14.97,0.0,0.88,0.8,15,3,0,0.9972095886468091,3,171,False,0.8,2,False,200,
set_02,unrelated_incidents,unrelated_incidents,1,0,0,1.0,0.0,0.0,0.0,1.0,1.0,1.0,0.995,0.0,0,1,200,1497,6,0.40080160320641284,3,14.97,0.0,0.88,0.8,15,3,0,0.9972095886468091,3,171,True,0.8,2,False,200,
set_02,unrelated_incidents,unrelated_incidents,1,0,0,1.0,0.0,0.0,0.0,1.0,1.0,1.0,0.995,0.0,0,1,200,1501,10,0.6662225183211192,5,15.01,0.0,0.88,0.8,15,5,0,0.9971117671531967,3,171,False,0.8,2,False,200,
set_02,unrelated_incidents,unrelated_incidents,1,0,0,1.0,0.0,0.0,0.0,1.0,1.0,1.0,0.995,0.0,0,1,200,1501,10,0.6662225183211192,5,15.01,0.0,0.88,0.8,15,5,0,0.9971117671531967,3,171,True,0.8,2,False,200,
set_02,unrelated_incidents,unrelated_incidents,1,0,0,1.0,0.0,0.0,0.0,1.0,1.0,1.0,0.995,0.0,0,1,200,1511,20,1.3236267372600927,10,15.11,0.0,0.88,0.8,15,10,0,0.9968605067933497,3,171,False,0.8,2,False,200,
set_02,unrelated_incidents,unrelated_incidents,1,0,0,1.0,0.0,0.0,0.0,1.0,1.0,1.0,0.995,0.0,0,1,200,1511,20,1.3236267372600927,10,15.11,0.0,0.88,0.8,15,10,0,0.9968605067933497,3,171,True,0.8,2,False,200,
set_02,unrelated_incidents,unrelated_incidents,1,0,0,1.0,0.0,0.0,0.0,1.0,1.0,1.0,0.995,0.0,0,1,200,1887,2,0.10598834128245893,2,18.87,0.0,0.88,0.8,20,1,0,0.9974959712212972,4,87,False,0.8,2,False,200,
set_02,unrelated_incidents,unrelated_incidents,1,0,0,1.0,0.0,0.0,0.0,1.0,1.0,1.0,0.995,0.0,0,1,200,1887,2,0.10598834128245893,2,18.87,0.0,0.88,0.8,20,1,0,0.9974959712212972,4,87,True,0.8,2,False,200,
set_02,unrelated_incidents,unrelated_incidents,1,0,0,1.0,0.0,0.0,0.0,1.0,0.145,0.25327510917030566,0.99,0.0,0,2,200,1888,3,0.15889830508474578,3,18.88,0.0,0.88,0.8,20,2,0,0.9974598146154213,4,87,False,0.8,2,False,200,
set_02,unrelated_incidents,unrelated_incidents,1,0,0,1.0,0.0,0.0,0.0,1.0,1.0,1.0,0.995,0.0,0,1,200,1888,3,0.15889830508474576,3,18.88,0.0,0.88,0.8,20,2,0,0.9974598146154213,4,87,True,0.8,2,False,200,
set_02,unrelated_incidents,unrelated_incidents,1,0,0,1.0,0.0,0.0,0.0,1.0,1.0,1.0,0.995,0.0,0,1,200,1890,5,0.26455026455026454,5,18.9,0.0,0.88,0.8,20,3,0,0.9973766801849244,4,87,False,0.8,2,False,200,
set_02,unrelated_incidents,unrelated_incidents,1,0,0,1.0,0.0,0.0,0.0,1.0,1.0,1.0,0.995,0.0,0,1,200,1890,5,0.26455026455026454,5,18.9,0.0,0.88,0.8,20,3,0,0.9973766801849244,4,87,True,0.8,2,False,200,
set_02,unrelated_incidents,unrelated_incidents,1,0,0,1.0,0.0,0.0,0.0,1.0,1.0,1.0,0.995,0.0,0,1,200,1894,9,0.4751847940865892,9,18.94,0.0,0.88,0.8,20,5,0,0.9972105571939173,4,87,False,0.8,2,False,200,
set_02,unrelated_incidents,unrelated_incidents,1,0,0,1.0,0.0,0.0,0.0,1.0,0.145,0.25327510917030566,0.99,0.0,0,2,200,1894,9,0.4751847940865892,9,18.94,0.0,0.88,0.8,20,5,0,0.9972105571939173,4,87,True,0.8,2,False,200,
set_02,unrelated_incidents,unrelated_incidents,1,0,0,1.0,0.0,0.0,0.0,1.0,1.0,1.0,0.995,0.0,0,1,200,1904,19,0.9978991596638654,19,19.04,0.0,0.88,0.8,20,10,0,0.9967753283929925,4,87,False,0.8,2,False,200,
set_02,unrelated_incidents,unrelated_incidents,1,0,0,1.0,0.0,0.0,0.0,1.0,0.145,0.25327510917030566,0.99,0.0,0,2,200,1904,19,0.9978991596638656,19,19.04,0.0,0.88,0.8,20,10,0,0.9967753283929925,4,87,True,0.8,2,False,200,
set_02,unrelated_incidents,unrelated_incidents,1,0,0,1.0,0.0,0.0,0.0,1.0,1.0,1.0,0.995,0.0,0,1,200,2607,2,0.07671653241273495,2,26.07,0.0,0.88,0.8,30,1,0,0.9981875326791667,4,87,False,0.8,2,False,200,
set_02,unrelated_incidents,unrelated_incidents,1,0,0,1.0,0.0,0.0,0.0,1.0,0.145,0.25327510917030566,0.99,0.0,0,2,200,2607,2,0.07671653241273495,2,26.07,0.0,0.88,0.8,30,1,0,0.9981875326791667,4,87,True,0.8,2,False,200,
set_02,unrelated_incidents,unrelated_incidents,1,0,0,1.0,0.0,0.0,0.0,1.0,1.0,1.0,0.995,0.0,0,1,200,2609,4,0.15331544653123802,4,26.09,0.0,0.88,0.8,30,2,0,0.9981314529857219,4,87,False,0.8,2,False,200,
set_02,unrelated_incidents,unrelated_incidents,1,0,0,1.0,0.0,0.0,0.0,1.0,1.0,1.0,0.995,0.0,0,1,200,2609,4,0.15331544653123802,4,26.09,0.0,0.88,0.8,30,2,0,0.9981314529857219,4,87,True,0.8,2,False,200,
set_02,unrelated_incidents,unrelated_incidents,1,0,0,1.0,0.0,0.0,0.0,1.0,1.0,1.0,0.995,0.0,0,1,200,2611,6,0.2297970126388357,6,26.11,0.0,0.88,0.8,30,3,0,0.9980734498826812,4,87,False,0.8,2,False,200,
set_02,unrelated_incidents,unrelated_incidents,1,0,0,1.0,0.0,0.0,0.0,1.0,0.145,0.25327510917030566,0.99,0.0,0,2,200,2611,6,0.2297970126388357,6,26.11,0.0,0.88,0.8,30,3,0,0.9980734498826812,4,87,True,0.8,2,False,200,
set_02,unrelated_incidents,unrelated_incidents,1,0,0,1.0,0.0,0.0,0.0,1.0,1.0,1.0,0.995,0.0,0,1,200,2614,9,0.34429992348890587,9,26.14,0.0,0.88,0.8,30,5,0,0.9979771764203621,4,87,False,0.8,2,False,200,
set_02,unrelated_incidents,unrelated_incidents,1,0,0,1.0,0.0,0.0,0.0,1.0,1.0,1.0,0.995,0.0,0,1,200,2614,9,0.34429992348890587,9,26.14,0.0,0.88,0.8,30,5,0,0.9979771764203621,4,87,True,0.8,2,False,200,
set_02,unrelated_incidents,unrelated_incidents,1,0,0,1.0,0.0,0.0,0.0,1.0,1.0,1.0,0.995,0.0,0,1,200,2623,18,0.6862371330537552,18,26.23,0.0,0.88,0.8,30,10,0,0.9976805785981199,4,87,False,0.8,2,False,200,
set_02,unrelated_incidents,unrelated_incidents,1,0,0,1.0,0.0,0.0,0.0,1.0,0.145,0.25327510917030566,0.99,0.0,0,2,200,2623,18,0.6862371330537552,18,26.23,0.0,0.88,0.8,30,10,0,0.9976805785981199,4,87,True,0.8,2,False,200,
set_02,unrelated_incidents,unrelated_incidents,1,0,0,1.0,0.0,0.0,0.0,1.0,1.0,1.0,0.995,0.0,0,1,200,3897,2,0.051321529381575574,2,38.97,0.0,0.88,0.8,50,1,0,0.9987875026160091,4,87,False,0.8,2,False,200,
set_02,unrelated_incidents,unrelated_incidents,1,0,0,1.0,0.0,0.0,0.0,1.0,1.0,1.0,0.995,0.0,0,1,200,3897,2,0.051321529381575574,2,38.97,0.0,0.88,0.8,50,1,0,0.9987875026160091,4,87,True,0.8,2,False,200,
set_02,unrelated_incidents,unrelated_incidents,1,0,0,1.0,0.0,0.0,0.0,1.0,1.0,1.0,0.995,0.0,0,1,200,3899,4,0.10259040779687098,4,38.99,0.0,0.88,0.8,50,2,0,0.9987496693613102,4,87,False,0.8,2,False,200,
set_02,unrelated_incidents,unrelated_incidents,1,0,0,1.0,0.0,0.0,0.0,1.0,0.145,0.25327510917030566,0.99,0.0,0,2,200,3899,4,0.102590407796871,4,38.99,0.0,0.88,0.8,50,2,0,0.9987496693613102,4,87,True,0.8,2,False,200,
set_02,unrelated_incidents,unrelated_incidents,1,0,0,1.0,0.0,0.0,0.0,1.0,1.0,1.0,0.995,0.0,0,1,200,3901,6,0.15380671622660858,6,39.01,0.0,0.88,0.8,50,3,0,0.9987105300291413,4,87,False,0.8,2,False,200,
set_02,unrelated_incidents,unrelated_incidents,1,0,0,1.0,0.0,0.0,0.0,1.0,1.0,1.0,0.995,0.0,0,1,200,3901,6,0.15380671622660858,6,39.01,0.0,0.88,0.8,50,3,0,0.9987105300291413,4,87,True,0.8,2,False,200,
set_02,unrelated_incidents,unrelated_incidents,1,0,0,1.0,0.0,0.0,0.0,1.0,1.0,1.0,0.995,0.0,0,1,200,3904,9,0.2305327868852459,9,39.04,0.0,0.88,0.8,50,5,0,0.9986455786790027,4,87,False,0.8,2,False,200,
set_02,unrelated_incidents,unrelated_incidents,1,0,0,1.0,0.0,0.0,0.0,1.0,1.0,1.0,0.995,0.0,0,1,200,3904,9,0.2305327868852459,9,39.04,0.0,0.88,0.8,50,5,0,0.9986455786790027,4,87,True,0.8,2,False,200,
set_02,unrelated_incidents,unrelated_incidents,1,0,0,1.0,0.0,0.0,0.0,1.0,1.0,1.0,0.995,0.0,0,1,200,3913,18,0.4600051111679018,18,39.13,0.0,0.88,0.8,50,10,0,0.9984452230163221,4,87,False,0.8,2,False,200,
set_02,unrelated_incidents,unrelated_incidents,1,0,0,1.0,0.0,0.0,0.0,1.0,1.0,1.0,0.995,0.0,0,1,200,3913,18,0.4600051111679019,18,39.13,0.0,0.88,0.8,50,10,0,0.9984452230163221,4,87,True,0.8,2,False,200,
set_02,unrelated_incidents,unrelated_incidents,1,0,0,1.0,0.0,0.0,0.0,1.0,1.0,1.0,0.995,0.0,0,1,200,594,2,0.33670033670033667,1,5.94,0.0,0.9,0.8200000000000001,5,1,0,0.9974456902104195,3,171,False,0.8,2,False,200,
set_02,unrelated_incidents,unrelated_incidents,1,0,0,1.0,0.0,0.0,0.0,1.0,1.0,1.0,0.995,0.0,0,1,200,594,2,0.3367003367003367,1,5.94,0.0,0.9,0.8200000000000001,5,1,0,0.9974456902104195,3,171,True,0.8,2,False,200,
set_02,unrelated_incidents,unrelated_incidents,1,0,0,1.0,0.0,0.0,0.0,1.0,0.145,0.25327510917030566,0.99,0.0,0,2,200,595,3,0.5042016806722689,1,5.95,0.0,0.9,0.8200000000000001,5,2,0,0.997449983168049,3,171,False,0.8,2,False,200,
set_02,unrelated_incidents,unrelated_incidents,1,0,0,1.0,0.0,0.0,0.0,1.0,1.0,1.0,0.995,0.0,0,1,200,595,3,0.5042016806722689,1,5.95,0.0,0.9,0.8200000000000001,5,2,0,0.997449983168049,3,171,True,0.8,2,False,200,
set_02,unrelated_incidents,unrelated_incidents,1,0,0,1.0,0.0,0.0,0.0,1.0,1.0,1.0,0.995,0.0,0,1,200,597,5,0.8375209380234505,1,5.97,0.0,0.9,0.8200000000000001,5,3,0,0.9974585259380053,3,171,False,0.8,2,False,200,
set_02,unrelated_incidents,unrelated_incidents,1,0,0,1.0,0.0,0.0,0.0,1.0,1.0,1.0,0.995,0.0,0,1,200,597,5,0.8375209380234506,1,5.97,0.0,0.9,0.8200000000000001,5,3,0,0.9974585259380053,3,171,True,0.8,2,False,200,
set_02,unrelated_incidents,unrelated_incidents,1,0,0,1.0,0.0,0.0,0.0,1.0,1.0,1.0,0.995,0.0,0,1,200,600,8,1.3333333333333335,1,6.0,0.0,0.9,0.8200000000000001,5,5,0,0.9974712333083153,3,171,False,0.8,2,False,200,
set_02,unrelated_incidents,unrelated_incidents,1,0,0,1.0,0.0,0.0,0.0,1.0,0.145,0.25327510917030566,0.99,0.0,0,2,200,600,8,1.3333333333333333,1,6.0,0.0,0.9,0.8200000000000001,5,5,0,0.9974712333083153,3,171,True,0.8,2,False,200,
set_02,unrelated_incidents,unrelated_incidents,1,0,0,1.0,0.0,0.0,0.0,1.0,0.145,0.25327510917030566,0.99,0.0,0,2,200,610,18,2.9508196721311477,1,6.1,0.0,0.9,0.8200000000000001,5,10,0,0.9975126884999822,3,171,False,0.8,2,False,200,
set_02,unrelated_incidents,unrelated_incidents,1,0,0,1.0,0.0,0.0,0.0,1.0,1.0,1.0,0.995,0.0,0,1,200,610,18,2.9508196721311477,1,6.1,0.0,0.9,0.8200000000000001,5,10,0,0.9975126884999822,3,171,True,0.8,2,False,200,
set_02,unrelated_incidents,unrelated_incidents,1,0,0,1.0,0.0,0.0,0.0,1.0,1.0,1.0,0.995,0.0,0,1,200,1056,2,0.1893939393939394,1,10.56,0.0,0.9,0.8200000000000001,10,1,0,0.9974006902652256,3,171,False,0.8,2,False,200,
set_02,unrelated_incidents,unrelated_incidents,1,0,0,1.0,0.0,0.0,0.0,1.0,1.0,1.0,0.995,0.0,0,1,200,1056,2,0.1893939393939394,1,10.56,0.0,0.9,0.8200000000000001,10,1,0,0.9974006902652256,3,171,True,0.8,2,False,200,
set_02,unrelated_incidents,unrelated_incidents,1,0,0,1.0,0.0,0.0,0.0,1.0,1.0,1.0,0.995,0.0,0,1,200,1058,4,0.3780718336483932,2,10.58,0.0,0.9,0.8200000000000001,10,2,0,0.9973387157083233,3,171,False,0.8,2,False,200,
set_02,unrelated_incidents,unrelated_incidents,1,0,0,1.0,0.0,0.0,0.0,1.0,1.0,1.0,0.995,0.0,0,1,200,1058,4,0.3780718336483932,2,10.58,0.0,0.9,0.8200000000000001,10,2,0,0.9973387157083233,3,171,True,0.8,2,False,200,
set_02,unrelated_incidents,unrelated_incidents,1,0,0,1.0,0.0,0.0,0.0,1.0,1.0,1.0,0.995,0.0,0,1,200,1060,6,0.5660377358490566,3,10.6,0.0,0.9,0.8200000000000001,10,3,0,0.9972744421576554,3,171,False,0.8,2,False,200,
set_02,unrelated_incidents,unrelated_incidents,1,0,0,1.0,0.0,0.0,0.0,1.0,1.0,1.0,0.995,0.0,0,1,200,1060,6,0.5660377358490566,3,10.6,0.0,0.9,0.8200000000000001,10,3,0,0.9972744421576554,3,171,True,0.8,2,False,200,
set_02,unrelated_incidents,unrelated_incidents,1,0,0,1.0,0.0,0.0,0.0,1.0,1.0,1.0,0.995,0.0,0,1,200,1064,10,0.9398496240601504,5,10.64,0.0,0.9,0.8200000000000001,10,5,0,0.9971574603166795,3,171,False,0.8,2,False,200,
set_02,unrelated_incidents,unrelated_incidents,1,0,0,1.0,0.0,0.0,0.0,1.0,0.145,0.25327510917030566,0.99,0.0,0,2,200,1064,10,0.9398496240601504,5,10.64,0.0,0.9,0.8200000000000001,10,5,0,0.9971574603166795,3,171,True,0.8,2,False,200,
set_02,unrelated_incidents,unrelated_incidents,1,0,0,1.0,0.0,0.0,0.0,1.0,0.145,0.25327510917030566,0.99,0.0,0,2,200,1074,20,1.86219739292365,10,10.74,0.0,0.9,0.8200000000000001,10,10,0,0.996817085552038,3,171,False,0.8,2,False,200,
set_02,unrelated_incidents,unrelated_incidents,1,0,0,1.0,0.0,0.0,0.0,1.0,1.0,1.0,0.995,0.0,0,1,200,1074,20,1.86219739292365,10,10.74,0.0,0.9,0.8200000000000001,10,10,0,0.996817085552038,3,171,True,0.8,2,False,200,
set_02,unrelated_incidents,unrelated_incidents,1,0,0,1.0,0.0,0.0,0.0,1.0,1.0,1.0,0.995,0.0,0,1,200,1493,2,0.13395847287340923,1,14.93,0.0,0.9,0.8200000000000001,15,1,0,0.9972987102727641,3,171,False,0.8,2,False,200,
set_02,unrelated_incidents,unrelated_incidents,1,0,0,1.0,0.0,0.0,0.0,1.0,1.0,1.0,0.995,0.0,0,1,200,1493,2,0.13395847287340926,1,14.93,0.0,0.9,0.8200000000000001,15,1,0,0.9972987102727641,3,171,True,0.8,2,False,200,
set_02,unrelated_incidents,unrelated_incidents,1,0,0,1.0,0.0,0.0,0.0,1.0,1.0,1.0,0.995,0.0,0,1,200,1495,4,0.26755852842809363,2,14.95,0.0,0.9,0.8200000000000001,15,2,0,0.9972549877836553,3,171,False,0.8,2,False,200,
set_02,unrelated_incidents,unrelated_incidents,1,0,0,1.0,0.0,0.0,0.0,1.0,1.0,1.0,0.995,0.0,0,1,200,1495,4,0.26755852842809363,2,14.95,0.0,0.9,0.8200000000000001,15,2,0,0.9972549877836553,3,171,True,0.8,2,False,200,
set_02,unrelated_incidents,unrelated_incidents,1,0,0,1.0,0.0,0.0,0.0,1.0,1.0,1.0,0.995,0.0,0,1,200,1497,6,0.4008016032064128,3,14.97,0.0,0.9,0.8200000000000001,15,3,0,0.9972095886468091,3,171,False,0.8,2,False,200,
set_02,unrelated_incidents,unrelated_incidents,1,0,0,1.0,0.0,0.0,0.0,1.0,1.0,1.0,0.995,0.0,0,1,200,1497,6,0.40080160320641284,3,14.97,0.0,0.9,0.8200000000000001,15,3,0,0.9972095886468091,3,171,True,0.8,2,False,200,
set_02,unrelated_incidents,unrelated_incidents,1,0,0,1.0,0.0,0.0,0.0,1.0,1.0,1.0,0.995,0.0,0,1,200,1501,10,0.6662225183211192,5,15.01,0.0,0.9,0.8200000000000001,15,5,0,0.9971117671531967,3,171,False,0.8,2,False,200,
set_02,unrelated_incidents,unrelated_incidents,1,0,0,1.0,0.0,0.0,0.0,1.0,0.145,0.25327510917030566,0.99,0.0,0,2,200,1501,10,0.6662225183211192,5,15.01,0.0,0.9,0.8200000000000001,15,5,0,0.9971117671531967,3,171,True,0.8,2,False,200,
set_02,unrelated_incidents,unrelated_incidents,1,0,0,1.0,0.0,0.0,0.0,1.0,1.0,1.0,0.995,0.0,0,1,200,1511,20,1.3236267372600927,10,15.11,0.0,0.9,0.8200000000000001,15,10,0,0.9968605067933497,3,171,False,0.8,2,False,200,
set_02,unrelated_incidents,unrelated_incidents,1,0,0,1.0,0.0,0.0,0.0,1.0,1.0,1.0,0.995,0.0,0,1,200,1511,20,1.3236267372600927,10,15.11,0.0,0.9,0.8200000000000001,15,10,0,0.9968605067933497,3,171,True,0.8,2,False,200,
set_02,unrelated_incidents,unrelated_incidents,1,0,0,1.0,0.0,0.0,0.0,1.0,1.0,1.0,0.995,0.0,0,1,200,1887,2,0.10598834128245893,2,18.87,0.0,0.9,0.8200000000000001,20,1,0,0.9974959712212972,4,87,False,0.8,2,False,200,
set_02,unrelated_incidents,unrelated_incidents,1,0,0,1.0,0.0,0.0,0.0,1.0,1.0,1.0,0.995,0.0,0,1,200,1887,2,0.10598834128245893,2,18.87,0.0,0.9,0.8200000000000001,20,1,0,0.9974959712212972,4,87,True,0.8,2,False,200,
set_02,unrelated_incidents,unrelated_incidents,1,0,0,1.0,0.0,0.0,0.0,1.0,1.0,1.0,0.995,0.0,0,1,200,1888,3,0.15889830508474578,3,18.88,0.0,0.9,0.8200000000000001,20,2,0,0.9974598146154213,4,87,False,0.8,2,False,200,
set_02,unrelated_incidents,unrelated_incidents,1,0,0,1.0,0.0,0.0,0.0,1.0,0.145,0.25327510917030566,0.99,0.0,0,2,200,1888,3,0.15889830508474576,3,18.88,0.0,0.9,0.8200000000000001,20,2,0,0.9974598146154213,4,87,True,0.8,2,False,200,
set_02,unrelated_incidents,unrelated_incidents,1,0,0,1.0,0.0,0.0,0.0,1.0,1.0,1.0,0.995,0.0,0,1,200,1890,5,0.26455026455026454,5,18.9,0.0,0.9,0.8200000000000001,20,3,0,0.9973766801849244,4,87,False,0.8,2,False,200,
set_02,unrelated_incidents,unrelated_incidents,1,0,0,1.0,0.0,0.0,0.0,1.0,1.0,1.0,0.995,0.0,0,1,200,1890,5,0.26455026455026454,5,18.9,0.0,0.9,0.8200000000000001,20,3,0,0.9973766801849244,4,87,True,0.8,2,False,200,
set_02,unrelated_incidents,unrelated_incidents,1,0,0,1.0,0.0,0.0,0.0,1.0,1.0,1.0,0.995,0.0,0,1,200,1894,9,0.4751847940865892,9,18.94,0.0,0.9,0.8200000000000001,20,5,0,0.9972105571939173,4,87,False,0.8,2,False,200,
set_02,unrelated_incidents,unrelated_incidents,1,0,0,1.0,0.0,0.0,0.0,1.0,1.0,1.0,0.995,0.0,0,1,200,1894,9,0.4751847940865892,9,18.94,0.0,0.9,0.8200000000000001,20,5,0,0.9972105571939173,4,87,True,0.8,2,False,200,
set_02,unrelated_incidents,unrelated_incidents,1,0,0,1.0,0.0,0.0,0.0,1.0,1.0,1.0,0.995,0.0,0,1,200,1904,19,0.9978991596638654,19,19.04,0.0,0.9,0.8200000000000001,20,10,0,0.9967753283929925,4,87,False,0.8,2,False,200,
set_02,unrelated_incidents,unrelated_incidents,1,0,0,1.0,0.0,0.0,0.0,1.0,1.0,1.0,0.995,0.0,0,1,200,1904,19,0.9978991596638656,19,19.04,0.0,0.9,0.8200000000000001,20,10,0,0.9967753283929925,4,87,True,0.8,2,False,200,
set_02,unrelated_incidents,unrelated_incidents,1,0,0,1.0,0.0,0.0,0.0,1.0,1.0,1.0,0.995,0.0,0,1,200,2607,2,0.07671653241273495,2,26.07,0.0,0.9,0.8200000000000001,30,1,0,0.9981875326791667,4,87,False,0.8,2,False,200,
set_02,unrelated_incidents,unrelated_incidents,1,0,0,1.0,0.0,0.0,0.0,1.0,1.0,1.0,0.995,0.0,0,1,200,2607,2,0.07671653241273495,2,26.07,0.0,0.9,0.8200000000000001,30,1,0,0.9981875326791667,4,87,True,0.8,2,False,200,
set_02,unrelated_incidents,unrelated_incidents,1,0,0,1.0,0.0,0.0,0.0,1.0,1.0,1.0,0.995,0.0,0,1,200,2609,4,0.15331544653123802,4,26.09,0.0,0.9,0.8200000000000001,30,2,0,0.9981314529857219,4,87,False,0.8,2,False,200,
set_02,unrelated_incidents,unrelated_incidents,1,0,0,1.0,0.0,0.0,0.0,1.0,1.0,1.0,0.995,0.0,0,1,200,2609,4,0.15331544653123802,4,26.09,0.0,0.9,0.8200000000000001,30,2,0,0.9981314529857219,4,87,True,0.8,2,False,200,
set_02,unrelated_incidents,unrelated_incidents,1,0,0,1.0,0.0,0.0,0.0,1.0,1.0,1.0,0.995,0.0,0,1,200,2611,6,0.2297970126388357,6,26.11,0.0,0.9,0.8200000000000001,30,3,0,0.9980734498826812,4,87,False,0.8,2,False,200,
set_02,unrelated_incidents,unrelated_incidents,1,0,0,1.0,0.0,0.0,0.0,1.0,1.0,1.0,0.995,0.0,0,1,200,2611,6,0.2297970126388357,6,26.11,0.0,0.9,0.8200000000000001,30,3,0,0.9980734498826812,4,87,True,0.8,2,False,200,
set_02,unrelated_incidents,unrelated_incidents,1,0,0,1.0,0.0,0.0,0.0,1.0,1.0,1.0,0.995,0.0,0,1,200,2614,9,0.34429992348890587,9,26.14,0.0,0.9,0.8200000000000001,30,5,0,0.9979771764203621,4,87,False,0.8,2,False,200,
set_02,unrelated_incidents,unrelated_incidents,1,0,0,1.0,0.0,0.0,0.0,1.0,1.0,1.0,0.995,0.0,0,1,200,2614,9,0.34429992348890587,9,26.14,0.0,0.9,0.8200000000000001,30,5,0,0.9979771764203621,4,87,True,0.8,2,False,200,
set_02,unrelated_incidents,unrelated_incidents,1,0,0,1.0,0.0,0.0,0.0,1.0,1.0,1.0,0.995,0.0,0,1,200,2623,18,0.6862371330537552,18,26.23,0.0,0.9,0.8200000000000001,30,10,0,0.9976805785981199,4,87,False,0.8,2,False,200,
set_02,unrelated_incidents,unrelated_incidents,1,0,0,1.0,0.0,0.0,0.0,1.0,1.0,1.0,0.995,0.0,0,1,200,2623,18,0.6862371330537552,18,26.23,0.0,0.9,0.8200000000000001,30,10,0,0.9976805785981199,4,87,True,0.8,2,False,200,
set_02,unrelated_incidents,unrelated_incidents,1,0,0,1.0,0.0,0.0,0.0,1.0,1.0,1.0,0.995,0.0,0,1,200,3897,2,0.051321529381575574,2,38.97,0.0,0.9,0.8200000000000001,50,1,0,0.9987875026160091,4,87,False,0.8,2,False,200,
set_02,unrelated_incidents,unrelated_incidents,1,0,0,1.0,0.0,0.0,0.0,1.0,1.0,1.0,0.995,0.0,0,1,200,3897,2,0.051321529381575574,2,38.97,0.0,0.9,0.8200000000000001,50,1,0,0.9987875026160091,4,87,True,0.8,2,False,200,
set_02,unrelated_incidents,unrelated_incidents,1,0,0,1.0,0.0,0.0,0.0,1.0,1.0,1.0,0.995,0.0,0,1,200,3899,4,0.10259040779687098,4,38.99,0.0,0.9,0.8200000000000001,50,2,0,0.9987496693613102,4,87,False,0.8,2,False,200,
set_02,unrelated_incidents,unrelated_incidents,1,0,0,1.0,0.0,0.0,0.0,1.0,1.0,1.0,0.995,0.0,0,1,200,3899,4,0.102590407796871,4,38.99,0.0,0.9,0.8200000000000001,50,2,0,0.9987496693613102,4,87,True,0.8,2,False,200,
set_02,unrelated_incidents,unrelated_incidents,1,0,0,1.0,0.0,0.0,0.0,1.0,1.0,1.0,0.995,0.0,0,1,200,3901,6,0.15380671622660858,6,39.01,0.0,0.9,0.8200000000000001,50,3,0,0.9987105300291413,4,87,False,0.8,2,False,200,
set_02,unrelated_incidents,unrelated_incidents,1,0,0,1.0,0.0,0.0,0.0,1.0,1.0,1.0,0.995,0.0,0,1,200,3901,6,0.15380671622660858,6,39.01,0.0,0.9,0.8200000000000001,50,3,0,0.9987105300291413,4,87,True,0.8,2,False,200,
set_02,unrelated_incidents,unrelated_incidents,1,0,0,1.0,0.0,0.0,0.0,1.0,1.0,1.0,0.995,0.0,0,1,200,3904,9,0.2305327868852459,9,39.04,0.0,0.9,0.8200000000000001,50,5,0,0.9986455786790027,4,87,False,0.8,2,False,200,
set_02,unrelated_incidents,unrelated_incidents,1,0,0,1.0,0.0,0.0,0.0,1.0,1.0,1.0,0.995,0.0,0,1,200,3904,9,0.2305327868852459,9,39.04,0.0,0.9,0.8200000000000001,50,5,0,0.9986455786790027,4,87,True,0.8,2,False,200,
set_02,unrelated_incidents,unrelated_incidents,1,0,0,1.0,0.0,0.0,0.0,1.0,1.0,1.0,0.995,0.0,0,1,200,3913,18,0.4600051111679018,18,39.13,0.0,0.9,0.8200000000000001,50,10,0,0.9984452230163221,4,87,False,0.8,2,False,200,
set_02,unrelated_incidents,unrelated_incidents,1,0,0,1.0,0.0,0.0,0.0,1.0,1.0,1.0,0.995,0.0,0,1,200,3913,18,0.4600051111679019,18,39.13,0.0,0.9,0.8200000000000001,50,10,0,0.9984452230163221,4,87,True,0.8,2,False,200,
set_02,strong_campaign,strong_campaign,1,1,0,0.0,1.0,1.0,1.0,1.0,1.0,1.0,0.995,0.0,0,1,200,1074,6,0.5586592178770949,6,10.74,0.0,0.75,0.72,10,3,0,0.9944743928074615,3,83,False,0.8,2,False,200,
set_02,strong_campaign,strong_campaign,1,1,0,0.0,1.0,1.0,1.0,1.0,1.0,1.0,0.995,0.0,0,1,200,1074,6,0.5586592178770949,6,10.74,0.0,0.75,0.72,10,3,0,0.9944743928074615,3,83,True,0.8,2,False,200,
set_02,strong_campaign,strong_campaign,1,1,0,0.0,1.0,1.0,1.0,1.0,1.0,1.0,0.99,0.0,0,2,200,1087,19,1.7479300827966882,12,10.87,0.0,0.75,0.72,10,10,0,0.9940700101655014,2,163,False,0.8,2,False,200,
set_02,strong_campaign,strong_campaign,1,1,0,0.0,1.0,1.0,1.0,1.0,1.0,1.0,0.995,0.0,0,1,200,1087,19,1.7479300827966882,12,10.87,0.0,0.75,0.72,10,10,0,0.9940700101655014,2,163,True,0.8,2,False,200,
set_02,strong_campaign,strong_campaign,1,1,0,0.0,1.0,1.0,1.0,1.0,1.0,1.0,0.995,0.0,0,1,200,1068,6,0.5617977528089888,4,10.68,0.0,0.85,0.77,10,3,0,0.9961826977100265,3,163,False,0.8,2,False,200,
set_02,strong_campaign,strong_campaign,1,1,0,0.0,1.0,1.0,1.0,1.0,1.0,1.0,0.995,0.0,0,1,200,1068,6,0.5617977528089888,4,10.68,0.0,0.85,0.77,10,3,0,0.9961826977100265,3,163,True,0.8,2,False,200,
set_02,strong_campaign,strong_campaign,1,1,0,0.0,1.0,1.0,1.0,1.0,1.0,1.0,0.995,0.0,0,1,200,1082,20,1.8484288354898337,11,10.82,0.0,0.85,0.77,10,10,0,0.9956846325322573,3,163,False,0.8,2,False,200,
set_02,strong_campaign,strong_campaign,1,1,0,0.0,1.0,1.0,1.0,1.0,1.0,1.0,0.995,0.0,0,1,200,1082,20,1.8484288354898337,11,10.82,0.0,0.85,0.77,10,10,0,0.9956846325322573,3,163,True,0.8,2,False,200,
set_02,strong_campaign,strong_campaign,1,1,0,0.0,1.0,1.0,1.0,1.0,1.0,1.0,0.995,0.0,0,1,200,1068,6,0.5617977528089888,3,10.733668341708542,0.005,0.9,0.8200000000000001,10,3,0,0.9963652960370096,4,163,False,0.8,2,False,200,
set_02,strong_campaign,strong_campaign,1,1,0,0.0,1.0,1.0,1.0,1.0,1.0,1.0,0.995,0.0,0,1,200,1068,6,0.5617977528089888,3,10.733668341708542,0.005,0.9,0.8200000000000001,10,3,0,0.9963652960370096,4,163,True,0.8,2,False,200,
set_02,strong_campaign,strong_campaign,1,1,0,0.0,1.0,1.0,1.0,1.0,1.0,1.0,0.995,0.0,0,1,200,1082,20,1.8484288354898337,10,10.874371859296483,0.005,0.9,0.8200000000000001,10,10,0,0.99586486821915,4,163,False,0.8,2,False,200,
set_02,strong_campaign,strong_campaign,1,1,0,0.0,1.0,1.0,1.0,1.0,1.0,1.0,0.995,0.0,0,1,200,1082,20,1.8484288354898337,10,10.874371859296483,0.005,0.9,0.8200000000000001,10,10,0,0.99586486821915,4,163,True,0.8,2,False,200,
set_02,weak_campaign,weak_campaign,1,1,0,0.0,1.0,1.0,1.0,1.0,1.0,1.0,0.99,0.0,0,2,200,1058,6,0.5671077504725899,3,10.633165829145728,0.005,0.75,0.72,10,3,0,0.9979053045603639,3,178,False,0.8,2,False,200,
set_02,weak_campaign,weak_campaign,1,1,0,0.0,1.0,1.0,1.0,1.0,1.0,1.0,0.99,0.0,0,2,200,1058,6,0.5671077504725898,3,10.633165829145728,0.005,0.75,0.72,10,3,0,0.9979053045603639,3,178,True,0.8,2,False,200,
set_02,weak_campaign,weak_campaign,1,1,0,0.0,1.0,1.0,1.0,1.0,1.0,1.0,0.995,0.0,0,1,200,1072,20,1.8656716417910446,10,10.773869346733669,0.005,0.75,0.72,10,10,0,0.997461031065948,3,178,False,0.8,2,False,200,
set_02,weak_campaign,weak_campaign,1,1,0,0.0,1.0,1.0,1.0,1.0,1.0,1.0,0.995,0.0,0,1,200,1072,20,1.8656716417910448,10,10.773869346733669,0.005,0.75,0.72,10,10,0,0.997461031065948,3,178,True,0.8,2,False,200,
set_02,weak_campaign,weak_campaign,1,1,0,0.0,1.0,1.0,1.0,1.0,1.0,1.0,0.995,0.0,0,1,200,1058,6,0.5671077504725899,3,10.633165829145728,0.005,0.85,0.77,10,3,0,0.9979053045603639,3,178,False,0.8,2,False,200,
set_02,weak_campaign,weak_campaign,1,1,0,0.0,1.0,1.0,1.0,1.0,1.0,1.0,0.995,0.0,0,1,200,1058,6,0.5671077504725898,3,10.633165829145728,0.005,0.85,0.77,10,3,0,0.9979053045603639,3,178,True,0.8,2,False,200,
set_02,weak_campaign,weak_campaign,1,1,0,0.0,1.0,1.0,1.0,1.0,1.0,1.0,0.995,0.0,0,1,200,1072,20,1.8656716417910446,10,10.773869346733669,0.005,0.85,0.77,10,10,0,0.997461031065948,3,178,False,0.8,2,False,200,
set_02,weak_campaign,weak_campaign,1,1,0,0.0,1.0,1.0,1.0,1.0,1.0,1.0,0.995,0.0,0,1,200,1072,20,1.8656716417910448,10,10.773869346733669,0.005,0.85,0.77,10,10,0,0.997461031065948,3,178,True,0.8,2,False,200,
set_02,weak_campaign,weak_campaign,1,1,0,0.0,1.0,1.0,1.0,1.0,1.0,1.0,0.99,0.0,0,2,200,1058,6,0.5671077504725899,3,10.633165829145728,0.005,0.9,0.8200000000000001,10,3,0,0.9979053045603639,3,178,False,0.8,2,False,200,
set_02,weak_campaign,weak_campaign,1,1,0,0.0,1.0,1.0,1.0,1.0,1.0,1.0,0.995,0.0,0,1,200,1058,6,0.5671077504725898,3,10.633165829145728,0.005,0.9,0.8200000000000001,10,3,0,0.9979053045603639,3,178,True,0.8,2,False,200,
set_02,weak_campaign,weak_campaign,1,1,0,0.0,1.0,1.0,1.0,1.0,1.0,1.0,0.995,0.0,0,1,200,1072,20,1.8656716417910446,10,10.773869346733669,0.005,0.9,0.8200000000000001,10,10,0,0.997461031065948,3,178,False,0.8,2,False,200,
set_02,weak_campaign,weak_campaign,1,1,0,0.0,1.0,1.0,1.0,1.0,1.0,1.0,0.995,0.0,0,1,200,1072,20,1.8656716417910448,10,10.773869346733669,0.005,0.9,0.8200000000000001,10,10,0,0.997461031065948,3,178,True,0.8,2,False,200,
set_01,unrelated_incidents,unrelated_incidents,1,0,0,1.0,0.0,0.0,0.0,1.0,0.135,0.2378854625550661,0.99,0.0,0,2,200,1056,6,0.5681818181818182,0,10.56,0.0,0.88,0.8,10,3,0,0.9981917180120945,3,173,True,0.5,2,False,200,dbscan
set_01,unrelated_incidents,unrelated_incidents,1,0,0,1.0,0.0,0.0,0.0,1.0,0.135,0.2378854625550661,0.99,0.0,0,2,200,1056,6,0.5681818181818182,0,10.56,0.0,0.88,0.8,10,3,0,0.9981917180120945,3,173,True,0.5,3,False,200,dbscan
set_01,unrelated_incidents,unrelated_incidents,1,0,0,1.0,0.0,0.0,0.0,1.0,1.0,1.0,0.995,0.0,0,1,200,1056,6,0.5681818181818182,0,10.56,0.0,0.88,0.8,10,3,0,0.9981917180120945,3,173,True,0.5,5,False,200,dbscan
set_01,unrelated_incidents,unrelated_incidents,1,0,0,1.0,0.0,0.0,0.0,1.0,1.0,1.0,0.995,0.0,0,1,200,1056,6,0.5681818181818182,0,10.56,0.0,0.88,0.8,10,3,0,0.9981917180120945,3,173,True,0.6,2,False,200,dbscan
set_01,unrelated_incidents,unrelated_incidents,1,0,0,1.0,0.0,0.0,0.0,1.0,0.135,0.2378854625550661,0.99,0.0,0,2,200,1056,6,0.5681818181818182,0,10.56,0.0,0.88,0.8,10,3,0,0.9981917180120945,3,173,True,0.6,3,False,200,dbscan
set_01,unrelated_incidents,unrelated_incidents,1,0,0,1.0,0.0,0.0,0.0,1.0,1.0,1.0,0.995,0.0,0,1,200,1056,6,0.5681818181818182,0,10.56,0.0,0.88,0.8,10,3,0,0.9981917180120945,3,173,True,0.6,5,False,200,dbscan
set_01,unrelated_incidents,unrelated_incidents,1,0,0,1.0,0.0,0.0,0.0,1.0,1.0,1.0,0.995,0.0,0,1,200,1056,6,0.5681818181818182,0,10.56,0.0,0.88,0.8,10,3,0,0.9981917180120945,3,173,True,0.8,2,False,200,dbscan
set_01,unrelated_incidents,unrelated_incidents,1,0,0,1.0,0.0,0.0,0.0,1.0,1.0,1.0,0.995,0.0,0,1,200,1056,6,0.5681818181818182,0,10.56,0.0,0.88,0.8,10,3,0,0.9981917180120945,3,173,True,0.8,3,False,200,dbscan
set_01,unrelated_incidents,unrelated_incidents,1,0,0,1.0,0.0,0.0,0.0,1.0,1.0,1.0,0.995,0.0,0,1,200,1056,6,0.5681818181818182,0,10.56,0.0,0.88,0.8,10,3,0,0.9981917180120945,3,173,True,0.8,5,False,200,dbscan
set_01,unrelated_incidents,unrelated_incidents,1,0,0,1.0,0.0,0.0,0.0,1.0,1.0,1.0,0.995,0.0,0,1,200,1056,6,0.5681818181818182,0,10.56,0.0,0.88,0.8,10,3,0,0.9981917180120945,3,173,True,1.0,2,False,200,dbscan
set_01,unrelated_incidents,unrelated_incidents,1,0,0,1.0,0.0,0.0,0.0,1.0,1.0,1.0,0.995,0.0,0,1,200,1056,6,0.5681818181818182,0,10.56,0.0,0.88,0.8,10,3,0,0.9981917180120945,3,173,True,1.0,3,False,200,dbscan
set_01,unrelated_incidents,unrelated_incidents,1,0,0,1.0,0.0,0.0,0.0,1.0,1.0,1.0,0.995,0.0,0,1,200,1056,6,0.5681818181818182,0,10.56,0.0,0.88,0.8,10,3,0,0.9981917180120945,3,173,True,1.0,5,False,200,dbscan
