seed,scenario,event_id,source_window_uid,source_trace,physical_vehicle,fleet_vehicle_id,is_attack,gt_campaign_id,anomaly_score,attack_type,attack_family
11,strong_campaign,veh_00-w00,Challenge_D::Pre_train_D_2.csv::416::test,Pre_train_D_2.csv,Challenge_D,veh_00,1,0,0.8232323232323232,spoofing,spoofing
11,strong_campaign,veh_00-w01,Challenge_S::Pre_train_S_1.csv::516::test,Pre_train_S_1.csv,Challenge_S,veh_00,1,0,0.88510101010101,spoofing,spoofing
11,strong_campaign,veh_00-w02,Challenge_S::Pre_train_S_2.csv::466::test,Pre_train_S_2.csv,Challenge_S,veh_00,1,0,0.9154040404040404,spoofing,spoofing
11,strong_campaign,veh_00-w03,Challenge_D::Pre_train_D_2.csv::454::test,Pre_train_D_2.csv,Challenge_D,veh_00,1,0,0.8274410774410774,spoofing,spoofing
11,strong_campaign,veh_00-w04,Challenge_D::Pre_train_D_2.csv::498::test,Pre_train_D_2.csv,Challenge_D,veh_00,1,0,0.8211279461279462,spoofing,spoofing
11,strong_campaign,veh_00-w05,Challenge_S::Pre_train_S_1.csv::391::test,Pre_train_S_1.csv,Challenge_S,veh_00,1,0,0.8657407407407407,spoofing,spoofing
11,strong_campaign,veh_00-w06,Challenge_S::Pre_train_S_2.csv::528::test,Pre_train_S_2.csv,Challenge_S,veh_00,1,0,0.8135521885521886,spoofing,spoofing
11,strong_campaign,veh_00-w07,Challenge_D::Pre_train_D_2.csv::535::test,Pre_train_D_2.csv,Challenge_D,veh_00,1,0,0.9612794612794612,spoofing,spoofing
11,strong_campaign,veh_00-w08,Challenge_S::Pre_train_S_2.csv::300::test,Pre_train_S_2.csv,Challenge_S,veh_00,1,0,0.8712121212121212,spoofing,spoofing
11,strong_campaign,veh_00-w09,Challenge_S::Pre_train_S_2.csv::379::test,Pre_train_S_2.csv,Challenge_S,veh_00,1,0,0.8855218855218855,spoofing,spoofing
11,strong_campaign,veh_01-w00,Challenge_S::Pre_train_S_2.csv::474::test,Pre_train_S_2.csv,Challenge_S,veh_01,1,0,0.9288720538720538,spoofing,spoofing
11,strong_campaign,veh_01-w01,Challenge_D::Pre_train_D_2.csv::499::test,Pre_train_D_2.csv,Challenge_D,veh_01,1,0,0.8712121212121212,spoofing,spoofing
11,strong_campaign,veh_01-w02,Challenge_D::Pre_train_D_1.csv::499::test,Pre_train_D_1.csv,Challenge_D,veh_01,1,0,0.8446969696969697,spoofing,spoofing
11,strong_campaign,veh_01-w03,Challenge_D::Pre_train_D_1.csv::482::test,Pre_train_D_1.csv,Challenge_D,veh_01,1,0,0.9692760942760944,spoofing,spoofing
11,strong_campaign,veh_01-w04,Challenge_D::Pre_train_D_2.csv::458::test,Pre_train_D_2.csv,Challenge_D,veh_01,1,0,0.9583333333333334,spoofing,spoofing
11,strong_campaign,veh_01-w05,Challenge_D::Pre_train_D_1.csv::400::test,Pre_train_D_1.csv,Challenge_D,veh_01,1,0,0.9061447811447813,spoofing,spoofing
11,strong_campaign,veh_01-w06,Challenge_S::Pre_train_S_2.csv::340::test,Pre_train_S_2.csv,Challenge_S,veh_01,1,0,0.9154040404040404,spoofing,spoofing
11,strong_campaign,veh_01-w07,Challenge_D::Pre_train_D_1.csv::577::test,Pre_train_D_1.csv,Challenge_D,veh_01,1,0,0.805976430976431,spoofing,spoofing
11,strong_campaign,veh_01-w08,Challenge_S::Pre_train_S_2.csv::358::test,Pre_train_S_2.csv,Challenge_S,veh_01,1,0,0.9936868686868688,spoofing,spoofing
11,strong_campaign,veh_01-w09,Challenge_S::Pre_train_S_2.csv::426::test,Pre_train_S_2.csv,Challenge_S,veh_01,1,0,0.8114478114478114,spoofing,spoofing
11,strong_campaign,veh_02-w00,Challenge_S::Pre_train_S_2.csv::308::test,Pre_train_S_2.csv,Challenge_S,veh_02,1,0,0.9671717171717172,spoofing,spoofing
11,strong_campaign,veh_02-w01,Challenge_D::Pre_train_D_2.csv::565::test,Pre_train_D_2.csv,Challenge_D,veh_02,1,0,0.8834175084175084,spoofing,spoofing
11,strong_campaign,veh_02-w02,Challenge_D::Pre_train_D_2.csv::473::test,Pre_train_D_2.csv,Challenge_D,veh_02,1,0,0.9444444444444444,spoofing,spoofing
11,strong_campaign,veh_02-w03,Challenge_D::Pre_train_D_2.csv::404::test,Pre_train_D_2.csv,Challenge_D,veh_02,1,0,0.8274410774410774,spoofing,spoofing
11,strong_campaign,veh_02-w04,Challenge_D::Pre_train_D_2.csv::494::test,Pre_train_D_2.csv,Challenge_D,veh_02,1,0,0.9179292929292928,spoofing,spoofing
11,strong_campaign,veh_02-w05,Challenge_S::Pre_train_S_2.csv::461::test,Pre_train_S_2.csv,Challenge_S,veh_02,1,0,0.9701178451178452,spoofing,spoofing
11,strong_campaign,veh_02-w06,Challenge_D::Pre_train_D_1.csv::403::test,Pre_train_D_1.csv,Challenge_D,veh_02,1,0,0.981060606060606,spoofing,spoofing
11,strong_campaign,veh_02-w07,Challenge_S::Pre_train_S_2.csv::387::test,Pre_train_S_2.csv,Challenge_S,veh_02,1,0,0.9478114478114478,spoofing,spoofing
11,strong_campaign,veh_02-w08,Challenge_S::Pre_train_S_2.csv::409::test,Pre_train_S_2.csv,Challenge_S,veh_02,1,0,0.9865319865319864,spoofing,spoofing
11,strong_campaign,veh_02-w09,Challenge_D::Pre_train_D_1.csv::479::test,Pre_train_D_1.csv,Challenge_D,veh_02,1,0,0.8686868686868687,spoofing,spoofing
11,strong_campaign,veh_03-w00,Challenge_D::Pre_train_D_2.csv::559::test,Pre_train_D_2.csv,Challenge_D,veh_03,1,0,0.976010101010101,spoofing,spoofing
11,strong_campaign,veh_03-w01,Challenge_D::Pre_train_D_2.csv::441::test,Pre_train_D_2.csv,Challenge_D,veh_03,1,0,0.9128787878787878,spoofing,spoofing
11,strong_campaign,veh_03-w02,Challenge_S::Pre_train_S_2.csv::415::test,Pre_train_S_2.csv,Challenge_S,veh_03,1,0,0.8560606060606061,spoofing,spoofing
11,strong_campaign,veh_03-w03,Challenge_D::Pre_train_D_2.csv::339::test,Pre_train_D_2.csv,Challenge_D,veh_03,1,0,0.9191919191919192,spoofing,spoofing
11,strong_campaign,veh_03-w04,Challenge_S::Pre_train_S_1.csv::439::test,Pre_train_S_1.csv,Challenge_S,veh_03,1,0,0.9297138047138048,spoofing,spoofing
11,strong_campaign,veh_03-w05,Challenge_S::Pre_train_S_2.csv::385::test,Pre_train_S_2.csv,Challenge_S,veh_03,1,0,0.8758417508417509,spoofing,spoofing
11,strong_campaign,veh_03-w06,Challenge_D::Pre_train_D_1.csv::485::test,Pre_train_D_1.csv,Challenge_D,veh_03,1,0,0.8131313131313131,spoofing,spoofing
11,strong_campaign,veh_03-w07,Challenge_S::Pre_train_S_2.csv::509::test,Pre_train_S_2.csv,Challenge_S,veh_03,1,0,0.8274410774410774,spoofing,spoofing
11,strong_campaign,veh_03-w08,Challenge_S::Pre_train_S_2.csv::496::test,Pre_train_S_2.csv,Challenge_S,veh_03,1,0,0.8754208754208754,spoofing,spoofing
11,strong_campaign,veh_03-w09,Challenge_D::Pre_train_D_2.csv::466::test,Pre_train_D_2.csv,Challenge_D,veh_03,1,0,0.914141414141414,spoofing,spoofing
11,strong_campaign,veh_04-w00,Challenge_S::Pre_train_S_2.csv::402::test,Pre_train_S_2.csv,Challenge_S,veh_04,1,0,0.9701178451178452,spoofing,spoofing
11,strong_campaign,veh_04-w01,Challenge_D::Pre_train_D_2.csv::515::test,Pre_train_D_2.csv,Challenge_D,veh_04,1,0,0.9271885521885522,spoofing,spoofing
11,strong_campaign,veh_04-w02,Challenge_D::Pre_train_D_2.csv::471::test,Pre_train_D_2.csv,Challenge_D,veh_04,1,0,0.9621212121212122,spoofing,spoofing
11,strong_campaign,veh_04-w03,Challenge_S::Pre_train_S_2.csv::299::test,Pre_train_S_2.csv,Challenge_S,veh_04,1,0,0.8177609427609428,spoofing,spoofing
11,strong_campaign,veh_04-w04,Challenge_S::Pre_train_S_2.csv::378::test,Pre_train_S_2.csv,Challenge_S,veh_04,1,0,0.9764309764309764,spoofing,spoofing
11,strong_campaign,veh_04-w05,Challenge_D::Pre_train_D_1.csv::591::test,Pre_train_D_1.csv,Challenge_D,veh_04,1,0,0.8438552188552189,spoofing,spoofing
11,strong_campaign,veh_04-w06,Challenge_S::Pre_train_S_2.csv::395::test,Pre_train_S_2.csv,Challenge_S,veh_04,1,0,0.9423400673400674,spoofing,spoofing
11,strong_campaign,veh_04-w07,Challenge_S::Pre_train_S_2.csv::504::test,Pre_train_S_2.csv,Challenge_S,veh_04,1,0,0.8998316498316499,spoofing,spoofing
11,strong_campaign,veh_04-w08,Challenge_S::Pre_train_S_2.csv::356::test,Pre_train_S_2.csv,Challenge_S,veh_04,1,0,0.9398148148148148,spoofing,spoofing
11,strong_campaign,veh_04-w09,Challenge_S::Pre_train_S_2.csv::467::test,Pre_train_S_2.csv,Challenge_S,veh_04,1,0,0.925925925925926,spoofing,spoofing
11,strong_campaign,veh_05-w00,OCSLab_Car::gear_dataset.csv::548::test,gear_dataset.csv,OCSLab_Car,veh_05,0,-1,0.7105156313438896,attack_free,benign_fp
11,strong_campaign,veh_05-w01,OCSLab_Car::DoS_dataset.csv::356::test,DoS_dataset.csv,OCSLab_Car,veh_05,0,-1,0.5659764514819327,attack_free,benign_fp
11,strong_campaign,veh_05-w02,OCSLab_Car::normal_run_data.txt::533::test,normal_run_data.txt,OCSLab_Car,veh_05,0,-1,0.8335363377994316,attack_free,benign_fp
11,strong_campaign,veh_05-w03,OCSLab_Car::normal_run_data.txt::384::test,normal_run_data.txt,OCSLab_Car,veh_05,0,-1,0.9508729192042225,attack_free,benign_fp
11,strong_campaign,veh_05-w04,OCSLab_Car::normal_run_data.txt::782::test,normal_run_data.txt,OCSLab_Car,veh_05,0,-1,0.782785221274868,attack_free,benign_fp
11,strong_campaign,veh_05-w05,OCSLab_Car::gear_dataset.csv::662::test,gear_dataset.csv,OCSLab_Car,veh_05,0,-1,0.8611449451887941,attack_free,benign_fp
11,strong_campaign,veh_05-w06,Challenge_D::Pre_train_D_0.csv::64::test,Pre_train_D_0.csv,Challenge_D,veh_05,0,-1,0.6191077441077442,attack_free,benign_fp
11,strong_campaign,veh_05-w07,Challenge_D::Pre_train_D_0.csv::91::test,Pre_train_D_0.csv,Challenge_D,veh_05,0,-1,0.9621212121212122,attack_free,benign_fp
11,strong_campaign,veh_05-w08,Challenge_D::Pre_train_D_0.csv::167::test,Pre_train_D_0.csv,Challenge_D,veh_05,0,-1,0.6641414141414141,attack_free,benign_fp
11,strong_campaign,veh_05-w09,OCSLab_Car::normal_run_data.txt::334::test,normal_run_data.txt,OCSLab_Car,veh_05,0,-1,0.8725131952902964,attack_free,benign_fp
11,strong_campaign,veh_06-w00,Challenge_D::Pre_train_D_0.csv::207::test,Pre_train_D_0.csv,Challenge_D,veh_06,0,-1,0.8859427609427609,attack_free,benign_fp
11,strong_campaign,veh_06-w01,OCSLab_Car::normal_run_data.txt::10::test,normal_run_data.txt,OCSLab_Car,veh_06,0,-1,0.7137637028014616,attack_free,benign_fp
11,strong_campaign,veh_06-w02,Challenge_S::Pre_train_S_0.csv::142::test,Pre_train_S_0.csv,Challenge_S,veh_06,0,-1,0.7011784511784511,attack_free,benign_fp
11,strong_campaign,veh_06-w03,OCSLab_Car::normal_run_data.txt::294::test,normal_run_data.txt,OCSLab_Car,veh_06,0,-1,0.9857896873731222,attack_free,benign_fp
11,strong_campaign,veh_06-w04,Challenge_D::Pre_train_D_0.csv::215::test,Pre_train_D_0.csv,Challenge_D,veh_06,0,-1,0.8573232323232324,attack_free,benign_fp
11,strong_campaign,veh_06-w05,Challenge_D::Pre_train_D_1.csv::40::test,Pre_train_D_1.csv,Challenge_D,veh_06,0,-1,0.819023569023569,attack_free,benign_fp
11,strong_campaign,veh_06-w06,OCSLab_Car::normal_run_data.txt::250::test,normal_run_data.txt,OCSLab_Car,veh_06,0,-1,0.9618351603735282,attack_free,benign_fp
11,strong_campaign,veh_06-w07,OCSLab_Car::gear_dataset.csv::752::test,gear_dataset.csv,OCSLab_Car,veh_06,0,-1,0.6167275680064962,attack_free,benign_fp
11,strong_campaign,veh_06-w08,Challenge_S::Pre_train_S_1.csv::16::test,Pre_train_S_1.csv,Challenge_S,veh_06,0,-1,0.8640572390572391,attack_free,benign_fp
11,strong_campaign,veh_06-w09,OCSLab_Car::gear_dataset.csv::513::test,gear_dataset.csv,OCSLab_Car,veh_06,0,-1,0.5676004872107187,attack_free,benign_fp
11,strong_campaign,veh_07-w00,OCSLab_Car::normal_run_data.txt::142::test,normal_run_data.txt,OCSLab_Car,veh_07,0,-1,0.9533089727974016,attack_free,benign_fp
11,strong_campaign,veh_07-w01,OCSLab_Car::Fuzzy_dataset.csv::275::test,Fuzzy_dataset.csv,OCSLab_Car,veh_07,0,-1,0.5797807551766139,attack_free,benign_fp
11,strong_campaign,veh_07-w02,OCSLab_Car::normal_run_data.txt::410::test,normal_run_data.txt,OCSLab_Car,veh_07,0,-1,0.976045473000406,attack_free,benign_fp
11,strong_campaign,veh_07-w03,Challenge_D::Pre_train_D_0.csv::236::test,Pre_train_D_0.csv,Challenge_D,veh_07,0,-1,0.5993265993265994,attack_free,benign_fp
11,strong_campaign,veh_07-w04,OCSLab_Car::gear_dataset.csv::665::test,gear_dataset.csv,OCSLab_Car,veh_07,0,-1,0.9155501421031262,attack_free,benign_fp
11,strong_campaign,veh_07-w05,OCSLab_Car::RPM_dataset.csv::105::test,RPM_dataset.csv,OCSLab_Car,veh_07,0,-1,0.5797807551766139,attack_free,benign_fp
11,strong_campaign,veh_07-w06,Challenge_S::Pre_train_S_0.csv::188::test,Pre_train_S_0.csv,Challenge_S,veh_07,0,-1,0.7584175084175084,attack_free,benign_fp
11,strong_campaign,veh_07-w07,OCSLab_Car::gear_dataset.csv::610::test,gear_dataset.csv,OCSLab_Car,veh_07,0,-1,0.6585464880227365,attack_free,benign_fp
11,strong_campaign,veh_07-w08,OCSLab_Car::normal_run_data.txt::682::test,normal_run_data.txt,OCSLab_Car,veh_07,0,-1,0.8233861144945189,attack_free,benign_fp
11,strong_campaign,veh_07-w09,Challenge_S::Pre_train_S_2.csv::619::test,Pre_train_S_2.csv,Challenge_S,veh_07,0,-1,0.9747474747474748,attack_free,benign_fp
11,strong_campaign,veh_08-w00,Challenge_S::Pre_train_S_0.csv::277::test,Pre_train_S_0.csv,Challenge_S,veh_08,0,-1,0.970959595959596,attack_free,benign_fp
11,strong_campaign,veh_08-w01,OCSLab_Car::normal_run_data.txt::505::test,normal_run_data.txt,OCSLab_Car,veh_08,0,-1,0.9772634997969956,attack_free,benign_fp
11,strong_campaign,veh_08-w02,OCSLab_Car::normal_run_data.txt::771::test,normal_run_data.txt,OCSLab_Car,veh_08,0,-1,0.5943970767356882,attack_free,benign_fp
11,strong_campaign,veh_08-w03,OCSLab_Car::normal_run_data.txt::604::test,normal_run_data.txt,OCSLab_Car,veh_08,0,-1,0.9598051157125456,attack_free,benign_fp
11,strong_campaign,veh_08-w04,Challenge_S::Pre_train_S_2.csv::640::test,Pre_train_S_2.csv,Challenge_S,veh_08,0,-1,0.9095117845117844,attack_free,benign_fp
11,strong_campaign,veh_08-w05,OCSLab_Car::gear_dataset.csv::669::test,gear_dataset.csv,OCSLab_Car,veh_08,0,-1,0.7161997563946407,attack_free,benign_fp
11,strong_campaign,veh_08-w06,Challenge_S::Pre_train_S_1.csv::790::test,Pre_train_S_1.csv,Challenge_S,veh_08,0,-1,0.7920875420875421,attack_free,benign_fp
11,strong_campaign,veh_08-w07,OCSLab_Car::normal_run_data.txt::34::test,normal_run_data.txt,OCSLab_Car,veh_08,0,-1,0.9326025172553796,attack_free,benign_fp
11,strong_campaign,veh_08-w08,OCSLab_Car::DoS_dataset.csv::360::test,DoS_dataset.csv,OCSLab_Car,veh_08,0,-1,0.93138449045879,attack_free,benign_fp
11,strong_campaign,veh_08-w09,OCSLab_Car::normal_run_data.txt::21::test,normal_run_data.txt,OCSLab_Car,veh_08,0,-1,0.6865611043442956,attack_free,benign_fp
11,strong_campaign,veh_09-w00,OCSLab_Car::normal_run_data.txt::263::test,normal_run_data.txt,OCSLab_Car,veh_09,0,-1,0.85464880227365,attack_free,benign_fp
11,strong_campaign,veh_09-w01,Challenge_D::Pre_train_D_2.csv::702::test,Pre_train_D_2.csv,Challenge_D,veh_09,0,-1,0.8202861952861953,attack_free,benign_fp
11,strong_campaign,veh_09-w02,OCSLab_Car::gear_dataset.csv::327::test,gear_dataset.csv,OCSLab_Car,veh_09,0,-1,0.7409663012586277,attack_free,benign_fp
11,strong_campaign,veh_09-w03,OCSLab_Car::normal_run_data.txt::643::test,normal_run_data.txt,OCSLab_Car,veh_09,0,-1,0.7742590336987414,attack_free,benign_fp
11,strong_campaign,veh_09-w04,Challenge_D::Pre_train_D_2.csv::55::test,Pre_train_D_2.csv,Challenge_D,veh_09,0,-1,0.9313973063973064,attack_free,benign_fp
11,strong_campaign,veh_09-w05,OCSLab_Car::normal_run_data.txt::640::test,normal_run_data.txt,OCSLab_Car,veh_09,0,-1,0.94884287454324,attack_free,benign_fp
11,strong_campaign,veh_09-w06,OCSLab_Car::gear_dataset.csv::584::test,gear_dataset.csv,OCSLab_Car,veh_09,0,-1,0.6585464880227365,attack_free,benign_fp
11,strong_campaign,veh_09-w07,OCSLab_Car::normal_run_data.txt::91::test,normal_run_data.txt,OCSLab_Car,veh_09,0,-1,0.7726349979699554,attack_free,benign_fp
11,strong_campaign,veh_09-w08,Challenge_D::Pre_train_D_0.csv::260::test,Pre_train_D_0.csv,Challenge_D,veh_09,0,-1,0.8573232323232324,attack_free,benign_fp
11,strong_campaign,veh_09-w09,Challenge_D::Pre_train_D_2.csv::673::test,Pre_train_D_2.csv,Challenge_D,veh_09,0,-1,0.7138047138047138,attack_free,benign_fp
11,strong_campaign,veh_10-w00,Challenge_S::Pre_train_S_0.csv::67::test,Pre_train_S_0.csv,Challenge_S,veh_10,0,-1,0.5606060606060606,attack_free,benign_fp
11,strong_campaign,veh_10-w01,OCSLab_Car::normal_run_data.txt::48::test,normal_run_data.txt,OCSLab_Car,veh_10,0,-1,0.8830694275274056,attack_free,benign_fp
11,strong_campaign,veh_10-w02,Challenge_S::Pre_train_S_2.csv::768::test,Pre_train_S_2.csv,Challenge_S,veh_10,0,-1,0.6893939393939394,attack_free,benign_fp
11,strong_campaign,veh_10-w03,OCSLab_Car::RPM_dataset.csv::616::test,RPM_dataset.csv,OCSLab_Car,veh_10,0,-1,0.6760048721071864,attack_free,benign_fp
11,strong_campaign,veh_10-w04,Challenge_S::Pre_train_S_2.csv::35::test,Pre_train_S_2.csv,Challenge_S,veh_10,0,-1,0.9823232323232324,attack_free,benign_fp
11,strong_campaign,veh_10-w05,OCSLab_Car::gear_dataset.csv::651::test,gear_dataset.csv,OCSLab_Car,veh_10,0,-1,0.949654892407633,attack_free,benign_fp
11,strong_campaign,veh_10-w06,OCSLab_Car::normal_run_data.txt::252::test,normal_run_data.txt,OCSLab_Car,veh_10,0,-1,0.9910678034916768,attack_free,benign_fp
11,strong_campaign,veh_10-w07,OCSLab_Car::normal_run_data.txt::444::test,normal_run_data.txt,OCSLab_Car,veh_10,0,-1,0.926512383272432,attack_free,benign_fp
11,strong_campaign,veh_10-w08,Challenge_S::Pre_train_S_2.csv::596::test,Pre_train_S_2.csv,Challenge_S,veh_10,0,-1,0.872895622895623,attack_free,benign_fp
11,strong_campaign,veh_10-w09,OCSLab_Car::normal_run_data.txt::464::test,normal_run_data.txt,OCSLab_Car,veh_10,0,-1,0.8258221680876979,attack_free,benign_fp
11,strong_campaign,veh_11-w00,OCSLab_Car::normal_run_data.txt::611::test,normal_run_data.txt,OCSLab_Car,veh_11,0,-1,0.976045473000406,attack_free,benign_fp
11,strong_campaign,veh_11-w01,OCSLab_Car::Fuzzy_dataset.csv::417::test,Fuzzy_dataset.csv,OCSLab_Car,veh_11,0,-1,0.5602923264311814,attack_free,benign_fp
11,strong_campaign,veh_11-w02,OCSLab_Car::normal_run_data.txt::546::test,normal_run_data.txt,OCSLab_Car,veh_11,0,-1,0.877791311408851,attack_free,benign_fp
11,strong_campaign,veh_11-w03,Challenge_S::Pre_train_S_2.csv::651::test,Pre_train_S_2.csv,Challenge_S,veh_11,0,-1,0.7015993265993266,attack_free,benign_fp
11,strong_campaign,veh_11-w04,OCSLab_Car::normal_run_data.txt::364::test,normal_run_data.txt,OCSLab_Car,veh_11,0,-1,0.9464068209500608,attack_free,benign_fp
11,strong_campaign,veh_11-w05,OCSLab_Car::normal_run_data.txt::587::test,normal_run_data.txt,OCSLab_Car,veh_11,0,-1,0.976045473000406,attack_free,benign_fp
11,strong_campaign,veh_11-w06,OCSLab_Car::normal_run_data.txt::623::test,normal_run_data.txt,OCSLab_Car,veh_11,0,-1,0.7685749086479903,attack_free,benign_fp
11,strong_campaign,veh_11-w07,OCSLab_Car::normal_run_data.txt::764::test,normal_run_data.txt,OCSLab_Car,veh_11,0,-1,0.8302882663418595,attack_free,benign_fp
11,strong_campaign,veh_11-w08,Challenge_D::Pre_train_D_2.csv::605::test,Pre_train_D_2.csv,Challenge_D,veh_11,0,-1,0.6872895622895623,attack_free,benign_fp
11,strong_campaign,veh_11-w09,OCSLab_Car::normal_run_data.txt::64::test,normal_run_data.txt,OCSLab_Car,veh_11,0,-1,0.9801055623223712,attack_free,benign_fp
11,strong_campaign,veh_12-w00,OCSLab_Car::normal_run_data.txt::215::test,normal_run_data.txt,OCSLab_Car,veh_12,0,-1,0.731628095818108,attack_free,benign_fp
11,strong_campaign,veh_12-w01,Challenge_D::Pre_train_D_1.csv::89::test,Pre_train_D_1.csv,Challenge_D,veh_12,0,-1,0.8476430976430976,attack_free,benign_fp
11,strong_campaign,veh_12-w02,Challenge_D::Pre_train_D_2.csv::745::test,Pre_train_D_2.csv,Challenge_D,veh_12,0,-1,0.9225589225589226,attack_free,benign_fp
11,strong_campaign,veh_12-w03,Challenge_S::Pre_train_S_0.csv::276::test,Pre_train_S_0.csv,Challenge_S,veh_12,0,-1,0.917087542087542,attack_free,benign_fp
11,strong_campaign,veh_12-w04,OCSLab_Car::normal_run_data.txt::83::test,normal_run_data.txt,OCSLab_Car,veh_12,0,-1,0.6995533901745838,attack_free,benign_fp
11,strong_campaign,veh_12-w05,Challenge_D::Pre_train_D_2.csv::643::test,Pre_train_D_2.csv,Challenge_D,veh_12,0,-1,0.9587542087542088,attack_free,benign_fp
11,strong_campaign,veh_12-w06,OCSLab_Car::normal_run_data.txt::463::test,normal_run_data.txt,OCSLab_Car,veh_12,0,-1,0.7117336581404791,attack_free,benign_fp
11,strong_campaign,veh_12-w07,OCSLab_Car::normal_run_data.txt::109::test,normal_run_data.txt,OCSLab_Car,veh_12,0,-1,0.7766950872919204,attack_free,benign_fp
11,strong_campaign,veh_12-w08,OCSLab_Car::Fuzzy_dataset.csv::127::test,Fuzzy_dataset.csv,OCSLab_Car,veh_12,0,-1,0.5724725943970768,attack_free,benign_fp
11,strong_campaign,veh_12-w09,Challenge_S::Pre_train_S_1.csv::771::test,Pre_train_S_1.csv,Challenge_S,veh_12,0,-1,0.8964646464646465,attack_free,benign_fp
11,strong_campaign,veh_13-w00,OCSLab_Car::normal_run_data.txt::283::test,normal_run_data.txt,OCSLab_Car,veh_13,0,-1,0.9045879009338206,attack_free,benign_fp
11,strong_campaign,veh_13-w01,OCSLab_Car::normal_run_data.txt::653::test,normal_run_data.txt,OCSLab_Car,veh_13,0,-1,0.7921234267153877,attack_free,benign_fp
11,strong_campaign,veh_13-w02,OCSLab_Car::normal_run_data.txt::537::test,normal_run_data.txt,OCSLab_Car,veh_13,0,-1,0.9078359723913926,attack_free,benign_fp
11,strong_campaign,veh_13-w03,Challenge_D::Pre_train_D_0.csv::99::test,Pre_train_D_0.csv,Challenge_D,veh_13,0,-1,0.9137205387205388,attack_free,benign_fp
11,strong_campaign,veh_13-w04,Challenge_D::Pre_train_D_0.csv::248::test,Pre_train_D_0.csv,Challenge_D,veh_13,0,-1,0.8038720538720538,attack_free,benign_fp
11,strong_campaign,veh_13-w05,Challenge_D::Pre_train_D_0.csv::137::test,Pre_train_D_0.csv,Challenge_D,veh_13,0,-1,0.5505050505050505,attack_free,benign_fp
11,strong_campaign,veh_13-w06,Challenge_S::Pre_train_S_2.csv::724::test,Pre_train_S_2.csv,Challenge_S,veh_13,0,-1,0.5862794612794613,attack_free,benign_fp
11,strong_campaign,veh_13-w07,OCSLab_Car::normal_run_data.txt::275::test,normal_run_data.txt,OCSLab_Car,veh_13,0,-1,0.9849776695087292,attack_free,benign_fp
11,strong_campaign,veh_13-w08,OCSLab_Car::normal_run_data.txt::158::test,normal_run_data.txt,OCSLab_Car,veh_13,0,-1,0.877791311408851,attack_free,benign_fp
11,strong_campaign,veh_13-w09,OCSLab_Car::normal_run_data.txt::496::test,normal_run_data.txt,OCSLab_Car,veh_13,0,-1,0.72675598863175,attack_free,benign_fp
11,strong_campaign,veh_14-w00,OCSLab_Car::DoS_dataset.csv::350::test,DoS_dataset.csv,OCSLab_Car,veh_14,0,-1,0.558262281770199,attack_free,benign_fp
11,strong_campaign,veh_14-w01,OCSLab_Car::normal_run_data.txt::103::test,normal_run_data.txt,OCSLab_Car,veh_14,0,-1,0.8518067397482745,attack_free,benign_fp
11,strong_campaign,veh_14-w02,Challenge_D::Pre_train_D_0.csv::151::test,Pre_train_D_0.csv,Challenge_D,veh_14,0,-1,0.9629629629629628,attack_free,benign_fp
11,strong_campaign,veh_14-w03,OCSLab_Car::gear_dataset.csv::578::test,gear_dataset.csv,OCSLab_Car,veh_14,0,-1,0.7876573284612262,attack_free,benign_fp
11,strong_campaign,veh_14-w04,Challenge_D::Pre_train_D_2.csv::581::test,Pre_train_D_2.csv,Challenge_D,veh_14,0,-1,0.6620370370370371,attack_free,benign_fp
11,strong_campaign,veh_14-w05,OCSLab_Car::gear_dataset.csv::766::test,gear_dataset.csv,OCSLab_Car,veh_14,0,-1,0.7442143727161997,attack_free,benign_fp
11,strong_campaign,veh_14-w06,Challenge_D::Pre_train_D_0.csv::22::test,Pre_train_D_0.csv,Challenge_D,veh_14,0,-1,0.9949494949494948,attack_free,benign_fp
11,strong_campaign,veh_14-w07,Challenge_D::Pre_train_D_0.csv::146::test,Pre_train_D_0.csv,Challenge_D,veh_14,0,-1,0.960016835016835,attack_free,benign_fp
11,strong_campaign,veh_14-w08,OCSLab_Car::gear_dataset.csv::559::test,gear_dataset.csv,OCSLab_Car,veh_14,0,-1,0.606171335769387,attack_free,benign_fp
11,strong_campaign,veh_14-w09,OCSLab_Car::normal_run_data.txt::303::test,normal_run_data.txt,OCSLab_Car,veh_14,0,-1,0.967925294356476,attack_free,benign_fp
11,strong_campaign,veh_15-w00,OCSLab_Car::normal_run_data.txt::14::test,normal_run_data.txt,OCSLab_Car,veh_15,0,-1,0.8229801055623224,attack_free,benign_fp
11,strong_campaign,veh_15-w01,OCSLab_Car::DoS_dataset.csv::132::test,DoS_dataset.csv,OCSLab_Car,veh_15,0,-1,0.587088915956151,attack_free,benign_fp
11,strong_campaign,veh_15-w02,Challenge_S::Pre_train_S_0.csv::26::test,Pre_train_S_0.csv,Challenge_S,veh_15,0,-1,0.944023569023569,attack_free,benign_fp
11,strong_campaign,veh_15-w03,OCSLab_Car::normal_run_data.txt::380::test,normal_run_data.txt,OCSLab_Car,veh_15,0,-1,0.9618351603735282,attack_free,benign_fp
11,strong_campaign,veh_15-w04,Challenge_S::Pre_train_S_2.csv::612::test,Pre_train_S_2.csv,Challenge_S,veh_15,0,-1,0.9595959595959596,attack_free,benign_fp
11,strong_campaign,veh_15-w05,Challenge_S::Pre_train_S_0.csv::21::test,Pre_train_S_0.csv,Challenge_S,veh_15,0,-1,0.6666666666666666,attack_free,benign_fp
11,strong_campaign,veh_15-w06,OCSLab_Car::gear_dataset.csv::333::test,gear_dataset.csv,OCSLab_Car,veh_15,0,-1,0.5781567194478279,attack_free,benign_fp
11,strong_campaign,veh_15-w07,OCSLab_Car::normal_run_data.txt::307::test,normal_run_data.txt,OCSLab_Car,veh_15,0,-1,0.9171741778319124,attack_free,benign_fp
11,strong_campaign,veh_15-w08,OCSLab_Car::normal_run_data.txt::534::test,normal_run_data.txt,OCSLab_Car,veh_15,0,-1,0.925700365408039,attack_free,benign_fp
11,strong_campaign,veh_15-w09,Challenge_S::Pre_train_S_1.csv::742::test,Pre_train_S_1.csv,Challenge_S,veh_15,0,-1,0.7070707070707071,attack_free,benign_fp
11,strong_campaign,veh_16-w00,Challenge_D::Pre_train_D_0.csv::62::test,Pre_train_D_0.csv,Challenge_D,veh_16,0,-1,0.7390572390572391,attack_free,benign_fp
11,strong_campaign,veh_16-w01,Challenge_S::Pre_train_S_2.csv::770::test,Pre_train_S_2.csv,Challenge_S,veh_16,0,-1,0.6498316498316499,attack_free,benign_fp
11,strong_campaign,veh_16-w02,Challenge_D::Pre_train_D_2.csv::582::test,Pre_train_D_2.csv,Challenge_D,veh_16,0,-1,0.7878787878787878,attack_free,benign_fp
11,strong_campaign,veh_16-w03,OCSLab_Car::normal_run_data.txt::352::test,normal_run_data.txt,OCSLab_Car,veh_16,0,-1,0.9663012586276898,attack_free,benign_fp
11,strong_campaign,veh_16-w04,Challenge_D::Pre_train_D_2.csv::729::test,Pre_train_D_2.csv,Challenge_D,veh_16,0,-1,0.898989898989899,attack_free,benign_fp
11,strong_campaign,veh_16-w05,Challenge_S::Pre_train_S_2.csv::610::test,Pre_train_S_2.csv,Challenge_S,veh_16,0,-1,0.8623737373737373,attack_free,benign_fp
11,strong_campaign,veh_16-w06,OCSLab_Car::Fuzzy_dataset.csv::220::test,Fuzzy_dataset.csv,OCSLab_Car,veh_16,0,-1,0.758018676410881,attack_free,benign_fp
11,strong_campaign,veh_16-w07,OCSLab_Car::normal_run_data.txt::160::test,normal_run_data.txt,OCSLab_Car,veh_16,0,-1,0.7726349979699554,attack_free,benign_fp
11,strong_campaign,veh_16-w08,Challenge_D::Pre_train_D_0.csv::187::test,Pre_train_D_0.csv,Challenge_D,veh_16,0,-1,0.904040404040404,attack_free,benign_fp
11,strong_campaign,veh_16-w09,Challenge_D::Pre_train_D_2.csv::108::test,Pre_train_D_2.csv,Challenge_D,veh_16,0,-1,0.8164983164983165,attack_free,benign_fp
11,strong_campaign,veh_17-w00,OCSLab_Car::normal_run_data.txt::710::test,normal_run_data.txt,OCSLab_Car,veh_17,0,-1,0.7356881851400731,attack_free,benign_fp
11,strong_campaign,veh_17-w01,OCSLab_Car::Fuzzy_dataset.csv::554::test,Fuzzy_dataset.csv,OCSLab_Car,veh_17,0,-1,0.6203816483962648,attack_free,benign_fp
11,strong_campaign,veh_17-w02,OCSLab_Car::normal_run_data.txt::76::test,normal_run_data.txt,OCSLab_Car,veh_17,0,-1,0.7665448639870077,attack_free,benign_fp
11,strong_campaign,veh_17-w03,OCSLab_Car::DoS_dataset.csv::167::test,DoS_dataset.csv,OCSLab_Car,veh_17,0,-1,0.5724725943970768,attack_free,benign_fp
11,strong_campaign,veh_17-w04,OCSLab_Car::normal_run_data.txt::456::test,normal_run_data.txt,OCSLab_Car,veh_17,0,-1,0.8087697929354446,attack_free,benign_fp
11,strong_campaign,veh_17-w05,OCSLab_Car::normal_run_data.txt::247::test,normal_run_data.txt,OCSLab_Car,veh_17,0,-1,0.9801055623223712,attack_free,benign_fp
11,strong_campaign,veh_17-w06,Challenge_S::Pre_train_S_2.csv::645::test,Pre_train_S_2.csv,Challenge_S,veh_17,0,-1,0.617003367003367,attack_free,benign_fp
11,strong_campaign,veh_17-w07,OCSLab_Car::normal_run_data.txt::558::test,normal_run_data.txt,OCSLab_Car,veh_17,0,-1,0.7332521315468941,attack_free,benign_fp
11,strong_campaign,veh_17-w08,OCSLab_Car::normal_run_data.txt::468::test,normal_run_data.txt,OCSLab_Car,veh_17,0,-1,0.9423467316280958,attack_free,benign_fp
11,strong_campaign,veh_17-w09,Challenge_S::Pre_train_S_2.csv::639::test,Pre_train_S_2.csv,Challenge_S,veh_17,0,-1,0.9250841750841752,attack_free,benign_fp
11,strong_campaign,veh_18-w00,OCSLab_Car::normal_run_data.txt::159::test,normal_run_data.txt,OCSLab_Car,veh_18,0,-1,0.7547706049533089,attack_free,benign_fp
11,strong_campaign,veh_18-w01,OCSLab_Car::normal_run_data.txt::641::test,normal_run_data.txt,OCSLab_Car,veh_18,0,-1,0.7600487210718636,attack_free,benign_fp
11,strong_campaign,veh_18-w02,OCSLab_Car::normal_run_data.txt::28::test,normal_run_data.txt,OCSLab_Car,veh_18,0,-1,0.7965895249695494,attack_free,benign_fp
11,strong_campaign,veh_18-w03,OCSLab_Car::normal_run_data.txt::642::test,normal_run_data.txt,OCSLab_Car,veh_18,0,-1,0.8940316686967114,attack_free,benign_fp
11,strong_campaign,veh_18-w04,OCSLab_Car::normal_run_data.txt::191::test,normal_run_data.txt,OCSLab_Car,veh_18,0,-1,0.7149817295980512,attack_free,benign_fp
11,strong_campaign,veh_18-w05,Challenge_D::Pre_train_D_0.csv::229::test,Pre_train_D_0.csv,Challenge_D,veh_18,0,-1,0.8657407407407407,attack_free,benign_fp
11,strong_campaign,veh_18-w06,OCSLab_Car::normal_run_data.txt::579::test,normal_run_data.txt,OCSLab_Car,veh_18,0,-1,0.8729192042224929,attack_free,benign_fp
11,strong_campaign,veh_18-w07,OCSLab_Car::normal_run_data.txt::688::test,normal_run_data.txt,OCSLab_Car,veh_18,0,-1,0.7446203816483963,attack_free,benign_fp
11,strong_campaign,veh_18-w08,OCSLab_Car::normal_run_data.txt::392::test,normal_run_data.txt,OCSLab_Car,veh_18,0,-1,0.9663012586276898,attack_free,benign_fp
11,strong_campaign,veh_18-w09,OCSLab_Car::normal_run_data.txt::607::test,normal_run_data.txt,OCSLab_Car,veh_18,0,-1,0.8745432399512789,attack_free,benign_fp
11,strong_campaign,veh_19-w00,OCSLab_Car::normal_run_data.txt::713::test,normal_run_data.txt,OCSLab_Car,veh_19,0,-1,0.9468128298822576,attack_free,benign_fp
11,strong_campaign,veh_19-w01,Challenge_S::Pre_train_S_2.csv::726::test,Pre_train_S_2.csv,Challenge_S,veh_19,0,-1,0.5707070707070707,attack_free,benign_fp
11,strong_campaign,veh_19-w02,OCSLab_Car::normal_run_data.txt::781::test,normal_run_data.txt,OCSLab_Car,veh_19,0,-1,0.7876573284612262,attack_free,benign_fp
11,strong_campaign,veh_19-w03,OCSLab_Car::normal_run_data.txt::712::test,normal_run_data.txt,OCSLab_Car,veh_19,0,-1,0.805115712545676,attack_free,benign_fp
11,strong_campaign,veh_19-w04,OCSLab_Car::normal_run_data.txt::156::test,normal_run_data.txt,OCSLab_Car,veh_19,0,-1,0.9350385708485588,attack_free,benign_fp
11,strong_campaign,veh_19-w05,Challenge_S::Pre_train_S_2.csv::602::test,Pre_train_S_2.csv,Challenge_S,veh_19,0,-1,0.9208754208754208,attack_free,benign_fp
11,strong_campaign,veh_19-w06,OCSLab_Car::normal_run_data.txt::4::test,normal_run_data.txt,OCSLab_Car,veh_19,0,-1,0.9326025172553796,attack_free,benign_fp
11,strong_campaign,veh_19-w07,OCSLab_Car::normal_run_data.txt::22::test,normal_run_data.txt,OCSLab_Car,veh_19,0,-1,0.60698335363378,attack_free,benign_fp
11,strong_campaign,veh_19-w08,OCSLab_Car::RPM_dataset.csv::118::test,RPM_dataset.csv,OCSLab_Car,veh_19,0,-1,0.5866829070239545,attack_free,benign_fp
11,strong_campaign,veh_19-w09,OCSLab_Car::normal_run_data.txt::451::test,normal_run_data.txt,OCSLab_Car,veh_19,0,-1,0.9906617945594804,attack_free,benign_fp
11,weak_campaign,veh_00-w00,Challenge_S::Pre_train_S_2.csv::493::test,Pre_train_S_2.csv,Challenge_S,veh_00,1,0,0.7584175084175084,spoofing,spoofing
11,weak_campaign,veh_00-w01,Challenge_S::Pre_train_S_1.csv::574::test,Pre_train_S_1.csv,Challenge_S,veh_00,1,0,0.5732323232323232,spoofing,spoofing
11,weak_campaign,veh_00-w02,Challenge_S::Pre_train_S_2.csv::365::test,Pre_train_S_2.csv,Challenge_S,veh_00,1,0,0.6447811447811448,spoofing,spoofing
11,weak_campaign,veh_00-w03,Challenge_D::Pre_train_D_2.csv::431::test,Pre_train_D_2.csv,Challenge_D,veh_00,1,0,0.6321548821548821,spoofing,spoofing
11,weak_campaign,veh_00-w04,Challenge_D::Pre_train_D_1.csv::383::test,Pre_train_D_1.csv,Challenge_D,veh_00,1,0,0.7718855218855218,spoofing,spoofing
11,weak_campaign,veh_00-w05,Challenge_D::Pre_train_D_2.csv::479::test,Pre_train_D_2.csv,Challenge_D,veh_00,1,0,0.6262626262626263,spoofing,spoofing
11,weak_campaign,veh_00-w06,Challenge_S::Pre_train_S_2.csv::309::test,Pre_train_S_2.csv,Challenge_S,veh_00,1,0,0.7251683501683501,spoofing,spoofing
11,weak_campaign,veh_00-w07,Challenge_D::Pre_train_D_2.csv::412::test,Pre_train_D_2.csv,Challenge_D,veh_00,1,0,0.7108585858585859,spoofing,spoofing
11,weak_campaign,veh_00-w08,Challenge_D::Pre_train_D_1.csv::462::test,Pre_train_D_1.csv,Challenge_D,veh_00,1,0,0.6203703703703703,spoofing,spoofing
11,weak_campaign,veh_00-w09,Challenge_S::Pre_train_S_1.csv::301::test,Pre_train_S_1.csv,Challenge_S,veh_00,1,0,0.5963804713804713,spoofing,spoofing
11,weak_campaign,veh_01-w00,Challenge_S::Pre_train_S_1.csv::405::test,Pre_train_S_1.csv,Challenge_S,veh_01,1,0,0.7424242424242424,spoofing,spoofing
11,weak_campaign,veh_01-w01,Challenge_D::Pre_train_D_1.csv::402::test,Pre_train_D_1.csv,Challenge_D,veh_01,1,0,0.6384680134680135,spoofing,spoofing
11,weak_campaign,veh_01-w02,Challenge_D::Pre_train_D_1.csv::558::test,Pre_train_D_1.csv,Challenge_D,veh_01,1,0,0.696969696969697,spoofing,spoofing
11,weak_campaign,veh_01-w03,Challenge_S::Pre_train_S_1.csv::433::test,Pre_train_S_1.csv,Challenge_S,veh_01,1,0,0.7474747474747475,spoofing,spoofing
11,weak_campaign,veh_01-w04,Challenge_D::Pre_train_D_1.csv::585::test,Pre_train_D_1.csv,Challenge_D,veh_01,1,0,0.57996632996633,spoofing,spoofing
11,weak_campaign,veh_01-w05,Challenge_S::Pre_train_S_1.csv::534::test,Pre_train_S_1.csv,Challenge_S,veh_01,1,0,0.6565656565656566,spoofing,spoofing
11,weak_campaign,veh_01-w06,Challenge_D::Pre_train_D_2.csv::525::test,Pre_train_D_2.csv,Challenge_D,veh_01,1,0,0.7744107744107744,spoofing,spoofing
11,weak_campaign,veh_01-w07,Challenge_S::Pre_train_S_1.csv::392::test,Pre_train_S_1.csv,Challenge_S,veh_01,1,0,0.6216329966329966,spoofing,spoofing
11,weak_campaign,veh_01-w08,Challenge_D::Pre_train_D_1.csv::309::test,Pre_train_D_1.csv,Challenge_D,veh_01,1,0,0.6498316498316499,spoofing,spoofing
11,weak_campaign,veh_01-w09,Challenge_S::Pre_train_S_2.csv::457::test,Pre_train_S_2.csv,Challenge_S,veh_01,1,0,0.6734006734006734,spoofing,spoofing
11,weak_campaign,veh_02-w00,Challenge_D::Pre_train_D_2.csv::420::test,Pre_train_D_2.csv,Challenge_D,veh_02,1,0,0.6830808080808081,spoofing,spoofing
11,weak_campaign,veh_02-w01,Challenge_D::Pre_train_D_2.csv::434::test,Pre_train_D_2.csv,Challenge_D,veh_02,1,0,0.6119528619528619,spoofing,spoofing
11,weak_campaign,veh_02-w02,Challenge_D::Pre_train_D_1.csv::376::test,Pre_train_D_1.csv,Challenge_D,veh_02,1,0,0.7087542087542088,spoofing,spoofing
11,weak_campaign,veh_02-w03,Challenge_S::Pre_train_S_2.csv::424::test,Pre_train_S_2.csv,Challenge_S,veh_02,1,0,0.6683501683501684,spoofing,spoofing
11,weak_campaign,veh_02-w04,Challenge_D::Pre_train_D_2.csv::429::test,Pre_train_D_2.csv,Challenge_D,veh_02,1,0,0.6346801346801347,spoofing,spoofing
11,weak_campaign,veh_02-w05,Challenge_D::Pre_train_D_2.csv::426::test,Pre_train_D_2.csv,Challenge_D,veh_02,1,0,0.6763468013468014,spoofing,spoofing
11,weak_campaign,veh_02-w06,Challenge_S::Pre_train_S_2.csv::516::test,Pre_train_S_2.csv,Challenge_S,veh_02,1,0,0.7011784511784511,spoofing,spoofing
11,weak_campaign,veh_02-w07,Challenge_D::Pre_train_D_2.csv::390::test,Pre_train_D_2.csv,Challenge_D,veh_02,1,0,0.7609427609427609,spoofing,spoofing
11,weak_campaign,veh_02-w08,Challenge_S::Pre_train_S_1.csv::538::test,Pre_train_S_1.csv,Challenge_S,veh_02,1,0,0.6363636363636364,spoofing,spoofing
11,weak_campaign,veh_02-w09,Challenge_S::Pre_train_S_2.csv::470::test,Pre_train_S_2.csv,Challenge_S,veh_02,1,0,0.6881313131313131,spoofing,spoofing
11,weak_campaign,veh_03-w00,Challenge_S::Pre_train_S_2.csv::437::test,Pre_train_S_2.csv,Challenge_S,veh_03,1,0,0.6094276094276094,spoofing,spoofing
11,weak_campaign,veh_03-w01,Challenge_S::Pre_train_S_1.csv::332::test,Pre_train_S_1.csv,Challenge_S,veh_03,1,0,0.617003367003367,spoofing,spoofing
11,weak_campaign,veh_03-w02,Challenge_D::Pre_train_D_1.csv::455::test,Pre_train_D_1.csv,Challenge_D,veh_03,1,0,0.7777777777777778,spoofing,spoofing
11,weak_campaign,veh_03-w03,Challenge_D::Pre_train_D_1.csv::532::test,Pre_train_D_1.csv,Challenge_D,veh_03,1,0,0.7218013468013468,spoofing,spoofing
11,weak_campaign,veh_03-w04,Challenge_D::Pre_train_D_2.csv::546::test,Pre_train_D_2.csv,Challenge_D,veh_03,1,0,0.656986531986532,spoofing,spoofing
11,weak_campaign,veh_03-w05,Challenge_D::Pre_train_D_2.csv::534::test,Pre_train_D_2.csv,Challenge_D,veh_03,1,0,0.6902356902356902,spoofing,spoofing
11,weak_campaign,veh_03-w06,Challenge_S::Pre_train_S_2.csv::363::test,Pre_train_S_2.csv,Challenge_S,veh_03,1,0,0.7272727272727273,spoofing,spoofing
11,weak_campaign,veh_03-w07,Challenge_D::Pre_train_D_1.csv::411::test,Pre_train_D_1.csv,Challenge_D,veh_03,1,0,0.6388888888888888,spoofing,spoofing
11,weak_campaign,veh_03-w08,Challenge_D::Pre_train_D_1.csv::394::test,Pre_train_D_1.csv,Challenge_D,veh_03,1,0,0.6254208754208754,spoofing,spoofing
11,weak_campaign,veh_03-w09,Challenge_D::Pre_train_D_2.csv::529::test,Pre_train_D_2.csv,Challenge_D,veh_03,1,0,0.6191077441077442,spoofing,spoofing
11,weak_campaign,veh_04-w00,Challenge_S::Pre_train_S_2.csv::508::test,Pre_train_S_2.csv,Challenge_S,veh_04,1,0,0.6893939393939394,spoofing,spoofing
11,weak_campaign,veh_04-w01,Challenge_S::Pre_train_S_2.csv::464::test,Pre_train_S_2.csv,Challenge_S,veh_04,1,0,0.6565656565656566,spoofing,spoofing
11,weak_campaign,veh_04-w02,Challenge_S::Pre_train_S_2.csv::448::test,Pre_train_S_2.csv,Challenge_S,veh_04,1,0,0.702020202020202,spoofing,spoofing
11,weak_campaign,veh_04-w03,Challenge_S::Pre_train_S_2.csv::434::test,Pre_train_S_2.csv,Challenge_S,veh_04,1,0,0.7542087542087542,spoofing,spoofing
11,weak_campaign,veh_04-w04,Challenge_S::Pre_train_S_2.csv::475::test,Pre_train_S_2.csv,Challenge_S,veh_04,1,0,0.6868686868686869,spoofing,spoofing
11,weak_campaign,veh_04-w05,Challenge_S::Pre_train_S_2.csv::487::test,Pre_train_S_2.csv,Challenge_S,veh_04,1,0,0.6986531986531986,spoofing,spoofing
11,weak_campaign,veh_04-w06,Challenge_S::Pre_train_S_2.csv::456::test,Pre_train_S_2.csv,Challenge_S,veh_04,1,0,0.7571548821548821,spoofing,spoofing
11,weak_campaign,veh_04-w07,Challenge_D::Pre_train_D_2.csv::363::test,Pre_train_D_2.csv,Challenge_D,veh_04,1,0,0.6052188552188552,spoofing,spoofing
11,weak_campaign,veh_04-w08,Challenge_D::Pre_train_D_1.csv::489::test,Pre_train_D_1.csv,Challenge_D,veh_04,1,0,0.622895622895623,spoofing,spoofing
11,weak_campaign,veh_04-w09,Challenge_S::Pre_train_S_2.csv::417::test,Pre_train_S_2.csv,Challenge_S,veh_04,1,0,0.7777777777777778,spoofing,spoofing
11,weak_campaign,veh_05-w00,OCSLab_Car::normal_run_data.txt::292::test,normal_run_data.txt,OCSLab_Car,veh_05,0,-1,0.980917580186764,attack_free,benign_fp
11,weak_campaign,veh_05-w01,OCSLab_Car::gear_dataset.csv::663::test,gear_dataset.csv,OCSLab_Car,veh_05,0,-1,0.920016240357288,attack_free,benign_fp
11,weak_campaign,veh_05-w02,OCSLab_Car::normal_run_data.txt::757::test,normal_run_data.txt,OCSLab_Car,veh_05,0,-1,0.5647584246853431,attack_free,benign_fp
11,weak_campaign,veh_05-w03,OCSLab_Car::DoS_dataset.csv::558::test,DoS_dataset.csv,OCSLab_Car,veh_05,0,-1,0.6605765326837191,attack_free,benign_fp
11,weak_campaign,veh_05-w04,OCSLab_Car::normal_run_data.txt::523::test,normal_run_data.txt,OCSLab_Car,veh_05,0,-1,0.7884693463256192,attack_free,benign_fp
11,weak_campaign,veh_05-w05,Challenge_S::Pre_train_S_2.csv::767::test,Pre_train_S_2.csv,Challenge_S,veh_05,0,-1,0.7058080808080808,attack_free,benign_fp
11,weak_campaign,veh_05-w06,OCSLab_Car::Fuzzy_dataset.csv::458::test,Fuzzy_dataset.csv,OCSLab_Car,veh_05,0,-1,0.6195696305318718,attack_free,benign_fp
11,weak_campaign,veh_05-w07,Challenge_D::Pre_train_D_0.csv::55::test,Pre_train_D_0.csv,Challenge_D,veh_05,0,-1,0.8968855218855218,attack_free,benign_fp
11,weak_campaign,veh_05-w08,Challenge_D::Pre_train_D_0.csv::124::test,Pre_train_D_0.csv,Challenge_D,veh_05,0,-1,0.7836700336700336,attack_free,benign_fp
11,weak_campaign,veh_05-w09,OCSLab_Car::normal_run_data.txt::551::test,normal_run_data.txt,OCSLab_Car,veh_05,0,-1,0.8717011774259034,attack_free,benign_fp
11,weak_campaign,veh_06-w00,OCSLab_Car::gear_dataset.csv::163::test,gear_dataset.csv,OCSLab_Car,veh_06,0,-1,0.5509541209906618,attack_free,benign_fp
11,weak_campaign,veh_06-w01,OCSLab_Car::gear_dataset.csv::133::test,gear_dataset.csv,OCSLab_Car,veh_06,0,-1,0.6252537555826229,attack_free,benign_fp
11,weak_campaign,veh_06-w02,Challenge_S::Pre_train_S_1.csv::9::test,Pre_train_S_1.csv,Challenge_S,veh_06,0,-1,0.9671717171717172,attack_free,benign_fp
11,weak_campaign,veh_06-w03,OCSLab_Car::normal_run_data.txt::761::test,normal_run_data.txt,OCSLab_Car,veh_06,0,-1,0.6406820950060901,attack_free,benign_fp
11,weak_campaign,veh_06-w04,Challenge_S::Pre_train_S_1.csv::2::test,Pre_train_S_1.csv,Challenge_S,veh_06,0,-1,0.8417508417508418,attack_free,benign_fp
11,weak_campaign,veh_06-w05,OCSLab_Car::normal_run_data.txt::9::test,normal_run_data.txt,OCSLab_Car,veh_06,0,-1,0.757206658546488,attack_free,benign_fp
11,weak_campaign,veh_06-w06,OCSLab_Car::normal_run_data.txt::281::test,normal_run_data.txt,OCSLab_Car,veh_06,0,-1,0.9833536337799432,attack_free,benign_fp
11,weak_campaign,veh_06-w07,Challenge_S::Pre_train_S_2.csv::32::test,Pre_train_S_2.csv,Challenge_S,veh_06,0,-1,0.877104377104377,attack_free,benign_fp
11,weak_campaign,veh_06-w08,OCSLab_Car::RPM_dataset.csv::577::test,RPM_dataset.csv,OCSLab_Car,veh_06,0,-1,0.6914332115306536,attack_free,benign_fp
11,weak_campaign,veh_06-w09,OCSLab_Car::DoS_dataset.csv::392::test,DoS_dataset.csv,OCSLab_Car,veh_06,0,-1,0.7730410069021518,attack_free,benign_fp
11,weak_campaign,veh_07-w00,OCSLab_Car::normal_run_data.txt::721::test,normal_run_data.txt,OCSLab_Car,veh_07,0,-1,0.9066179455948032,attack_free,benign_fp
11,weak_campaign,veh_07-w01,OCSLab_Car::normal_run_data.txt::429::test,normal_run_data.txt,OCSLab_Car,veh_07,0,-1,0.9801055623223712,attack_free,benign_fp
11,weak_campaign,veh_07-w02,Challenge_S::Pre_train_S_0.csv::18::test,Pre_train_S_0.csv,Challenge_S,veh_07,0,-1,0.5963804713804713,attack_free,benign_fp
11,weak_campaign,veh_07-w03,Challenge_D::Pre_train_D_0.csv::56::test,Pre_train_D_0.csv,Challenge_D,veh_07,0,-1,0.9271885521885522,attack_free,benign_fp
11,weak_campaign,veh_07-w04,Challenge_D::Pre_train_D_2.csv::675::test,Pre_train_D_2.csv,Challenge_D,veh_07,0,-1,0.7912457912457912,attack_free,benign_fp
11,weak_campaign,veh_07-w05,OCSLab_Car::normal_run_data.txt::471::test,normal_run_data.txt,OCSLab_Car,veh_07,0,-1,0.6626065773447016,attack_free,benign_fp
11,weak_campaign,veh_07-w06,Challenge_S::Pre_train_S_0.csv::38::test,Pre_train_S_0.csv,Challenge_S,veh_07,0,-1,0.9966329966329966,attack_free,benign_fp
11,weak_campaign,veh_07-w07,Challenge_S::Pre_train_S_2.csv::577::test,Pre_train_S_2.csv,Challenge_S,veh_07,0,-1,0.877104377104377,attack_free,benign_fp
11,weak_campaign,veh_07-w08,Challenge_D::Pre_train_D_2.csv::605::test,Pre_train_D_2.csv,Challenge_D,veh_07,0,-1,0.6872895622895623,attack_free,benign_fp
11,weak_campaign,veh_07-w09,OCSLab_Car::gear_dataset.csv::628::test,gear_dataset.csv,OCSLab_Car,veh_07,0,-1,0.6471782379212343,attack_free,benign_fp
11,weak_campaign,veh_08-w00,Challenge_D::Pre_train_D_0.csv::140::test,Pre_train_D_0.csv,Challenge_D,veh_08,0,-1,0.781986531986532,attack_free,benign_fp
11,weak_campaign,veh_08-w01,Challenge_S::Pre_train_S_0.csv::53::test,Pre_train_S_0.csv,Challenge_S,veh_08,0,-1,0.5627104377104377,attack_free,benign_fp
11,weak_campaign,veh_08-w02,Challenge_D::Pre_train_D_2.csv::681::test,Pre_train_D_2.csv,Challenge_D,veh_08,0,-1,0.7184343434343434,attack_free,benign_fp
11,weak_campaign,veh_08-w03,OCSLab_Car::RPM_dataset.csv::573::test,RPM_dataset.csv,OCSLab_Car,veh_08,0,-1,0.5517661388550548,attack_free,benign_fp
11,weak_campaign,veh_08-w04,Challenge_D::Pre_train_D_1.csv::16::test,Pre_train_D_1.csv,Challenge_D,veh_08,0,-1,0.7247474747474747,attack_free,benign_fp
11,weak_campaign,veh_08-w05,Challenge_S::Pre_train_S_2.csv::25::test,Pre_train_S_2.csv,Challenge_S,veh_08,0,-1,0.9675925925925926,attack_free,benign_fp
11,weak_campaign,veh_08-w06,OCSLab_Car::normal_run_data.txt::427::test,normal_run_data.txt,OCSLab_Car,veh_08,0,-1,0.9813235891189608,attack_free,benign_fp
11,weak_campaign,veh_08-w07,OCSLab_Car::normal_run_data.txt::30::test,normal_run_data.txt,OCSLab_Car,veh_08,0,-1,0.8631749898497767,attack_free,benign_fp
11,weak_campaign,veh_08-w08,Challenge_S::Pre_train_S_0.csv::106::test,Pre_train_S_0.csv,Challenge_S,veh_08,0,-1,0.752104377104377,attack_free,benign_fp
11,weak_campaign,veh_08-w09,OCSLab_Car::gear_dataset.csv::590::test,gear_dataset.csv,OCSLab_Car,veh_08,0,-1,0.5619163621599675,attack_free,benign_fp
11,weak_campaign,veh_09-w00,OCSLab_Car::DoS_dataset.csv::489::test,DoS_dataset.csv,OCSLab_Car,veh_09,0,-1,0.6979293544457978,attack_free,benign_fp
11,weak_campaign,veh_09-w01,OCSLab_Car::normal_run_data.txt::3::test,normal_run_data.txt,OCSLab_Car,veh_09,0,-1,0.9407226958993098,attack_free,benign_fp
11,weak_campaign,veh_09-w02,Challenge_D::Pre_train_D_0.csv::70::test,Pre_train_D_0.csv,Challenge_D,veh_09,0,-1,0.9861111111111112,attack_free,benign_fp
11,weak_campaign,veh_09-w03,OCSLab_Car::gear_dataset.csv::579::test,gear_dataset.csv,OCSLab_Car,veh_09,0,-1,0.8887535525781567,attack_free,benign_fp
11,weak_campaign,veh_09-w04,OCSLab_Car::gear_dataset.csv::159::test,gear_dataset.csv,OCSLab_Car,veh_09,0,-1,0.5866829070239545,attack_free,benign_fp
11,weak_campaign,veh_09-w05,OCSLab_Car::DoS_dataset.csv::361::test,DoS_dataset.csv,OCSLab_Car,veh_09,0,-1,0.5980511571254568,attack_free,benign_fp
11,weak_campaign,veh_09-w06,OCSLab_Car::normal_run_data.txt::528::test,normal_run_data.txt,OCSLab_Car,veh_09,0,-1,0.9244823386114496,attack_free,benign_fp
11,weak_campaign,veh_09-w07,Challenge_S::Pre_train_S_2.csv::559::test,Pre_train_S_2.csv,Challenge_S,veh_09,0,-1,0.7920875420875421,attack_free,benign_fp
11,weak_campaign,veh_09-w08,Challenge_D::Pre_train_D_0.csv::146::test,Pre_train_D_0.csv,Challenge_D,veh_09,0,-1,0.960016835016835,attack_free,benign_fp
11,weak_campaign,veh_09-w09,OCSLab_Car::gear_dataset.csv::526::test,gear_dataset.csv,OCSLab_Car,veh_09,0,-1,0.682095006090134,attack_free,benign_fp
11,weak_campaign,veh_10-w00,OCSLab_Car::normal_run_data.txt::444::test,normal_run_data.txt,OCSLab_Car,veh_10,0,-1,0.926512383272432,attack_free,benign_fp
11,weak_campaign,veh_10-w01,OCSLab_Car::normal_run_data.txt::526::test,normal_run_data.txt,OCSLab_Car,veh_10,0,-1,0.8798213560698336,attack_free,benign_fp
11,weak_campaign,veh_10-w02,OCSLab_Car::normal_run_data.txt::709::test,normal_run_data.txt,OCSLab_Car,veh_10,0,-1,0.9163621599675192,attack_free,benign_fp
11,weak_campaign,veh_10-w03,Challenge_D::Pre_train_D_2.csv::585::test,Pre_train_D_2.csv,Challenge_D,veh_10,0,-1,0.9945286195286196,attack_free,benign_fp
11,weak_campaign,veh_10-w04,Challenge_S::Pre_train_S_1.csv::728::test,Pre_train_S_1.csv,Challenge_S,veh_10,0,-1,0.8930976430976431,attack_free,benign_fp
11,weak_campaign,veh_10-w05,Challenge_D::Pre_train_D_0.csv::291::test,Pre_train_D_0.csv,Challenge_D,veh_10,0,-1,0.7302188552188552,attack_free,benign_fp
11,weak_campaign,veh_10-w06,Challenge_S::Pre_train_S_2.csv::639::test,Pre_train_S_2.csv,Challenge_S,veh_10,0,-1,0.9250841750841752,attack_free,benign_fp
11,weak_campaign,veh_10-w07,OCSLab_Car::gear_dataset.csv::665::test,gear_dataset.csv,OCSLab_Car,veh_10,0,-1,0.9155501421031262,attack_free,benign_fp
11,weak_campaign,veh_10-w08,OCSLab_Car::gear_dataset.csv::638::test,gear_dataset.csv,OCSLab_Car,veh_10,0,-1,0.9930978481526592,attack_free,benign_fp
11,weak_campaign,veh_10-w09,OCSLab_Car::normal_run_data.txt::645::test,normal_run_data.txt,OCSLab_Car,veh_10,0,-1,0.6853430775477061,attack_free,benign_fp
11,weak_campaign,veh_11-w00,OCSLab_Car::normal_run_data.txt::558::test,normal_run_data.txt,OCSLab_Car,veh_11,0,-1,0.7332521315468941,attack_free,benign_fp
11,weak_campaign,veh_11-w01,OCSLab_Car::normal_run_data.txt::647::test,normal_run_data.txt,OCSLab_Car,veh_11,0,-1,0.7454323995127893,attack_free,benign_fp
11,weak_campaign,veh_11-w02,OCSLab_Car::normal_run_data.txt::414::test,normal_run_data.txt,OCSLab_Car,veh_11,0,-1,0.9979699553390174,attack_free,benign_fp
11,weak_campaign,veh_11-w03,Challenge_D::Pre_train_D_0.csv::108::test,Pre_train_D_0.csv,Challenge_D,veh_11,0,-1,0.6830808080808081,attack_free,benign_fp
11,weak_campaign,veh_11-w04,OCSLab_Car::normal_run_data.txt::364::test,normal_run_data.txt,OCSLab_Car,veh_11,0,-1,0.9464068209500608,attack_free,benign_fp
11,weak_campaign,veh_11-w05,OCSLab_Car::gear_dataset.csv::639::test,gear_dataset.csv,OCSLab_Car,veh_11,0,-1,0.9813235891189608,attack_free,benign_fp
11,weak_campaign,veh_11-w06,Challenge_S::Pre_train_S_0.csv::79::test,Pre_train_S_0.csv,Challenge_S,veh_11,0,-1,0.8981481481481481,attack_free,benign_fp
11,weak_campaign,veh_11-w07,OCSLab_Car::normal_run_data.txt::784::test,normal_run_data.txt,OCSLab_Car,veh_11,0,-1,0.9045879009338206,attack_free,benign_fp
11,weak_campaign,veh_11-w08,Challenge_D::Pre_train_D_0.csv::144::test,Pre_train_D_0.csv,Challenge_D,veh_11,0,-1,0.694023569023569,attack_free,benign_fp
11,weak_campaign,veh_11-w09,Challenge_D::Pre_train_D_2.csv::746::test,Pre_train_D_2.csv,Challenge_D,veh_11,0,-1,0.7428451178451179,attack_free,benign_fp
11,weak_campaign,veh_12-w00,Challenge_D::Pre_train_D_2.csv::577::test,Pre_train_D_2.csv,Challenge_D,veh_12,0,-1,0.5867003367003367,attack_free,benign_fp
11,weak_campaign,veh_12-w01,OCSLab_Car::normal_run_data.txt::684::test,normal_run_data.txt,OCSLab_Car,veh_12,0,-1,0.7397482744620382,attack_free,benign_fp
11,weak_campaign,veh_12-w02,OCSLab_Car::normal_run_data.txt::646::test,normal_run_data.txt,OCSLab_Car,veh_12,0,-1,0.7019894437677628,attack_free,benign_fp
11,weak_campaign,veh_12-w03,OCSLab_Car::normal_run_data.txt::510::test,normal_run_data.txt,OCSLab_Car,veh_12,0,-1,0.8635809987819733,attack_free,benign_fp
11,weak_campaign,veh_12-w04,OCSLab_Car::normal_run_data.txt::413::test,normal_run_data.txt,OCSLab_Car,veh_12,0,-1,0.9971579374746244,attack_free,benign_fp
11,weak_campaign,veh_12-w05,Challenge_D::Pre_train_D_0.csv::94::test,Pre_train_D_0.csv,Challenge_D,veh_12,0,-1,0.7289562289562289,attack_free,benign_fp
11,weak_campaign,veh_12-w06,OCSLab_Car::normal_run_data.txt::433::test,normal_run_data.txt,OCSLab_Car,veh_12,0,-1,0.949654892407633,attack_free,benign_fp
11,weak_campaign,veh_12-w07,Challenge_S::Pre_train_S_2.csv::533::test,Pre_train_S_2.csv,Challenge_S,veh_12,0,-1,0.6902356902356902,attack_free,benign_fp
11,weak_campaign,veh_12-w08,OCSLab_Car::normal_run_data.txt::686::test,normal_run_data.txt,OCSLab_Car,veh_12,0,-1,0.7884693463256192,attack_free,benign_fp
11,weak_campaign,veh_12-w09,OCSLab_Car::gear_dataset.csv::318::test,gear_dataset.csv,OCSLab_Car,veh_12,0,-1,0.6674786845310596,attack_free,benign_fp
11,weak_campaign,veh_13-w00,OCSLab_Car::DoS_dataset.csv::391::test,DoS_dataset.csv,OCSLab_Car,veh_13,0,-1,0.5647584246853431,attack_free,benign_fp
11,weak_campaign,veh_13-w01,OCSLab_Car::DoS_dataset.csv::284::test,DoS_dataset.csv,OCSLab_Car,veh_13,0,-1,0.7742590336987414,attack_free,benign_fp
11,weak_campaign,veh_13-w02,OCSLab_Car::normal_run_data.txt::60::test,normal_run_data.txt,OCSLab_Car,veh_13,0,-1,0.7974015428339424,attack_free,benign_fp
11,weak_campaign,veh_13-w03,OCSLab_Car::normal_run_data.txt::32::test,normal_run_data.txt,OCSLab_Car,veh_13,0,-1,0.9139261063743402,attack_free,benign_fp
11,weak_campaign,veh_13-w04,OCSLab_Car::gear_dataset.csv::583::test,gear_dataset.csv,OCSLab_Car,veh_13,0,-1,0.6954933008526187,attack_free,benign_fp
11,weak_campaign,veh_13-w05,OCSLab_Car::normal_run_data.txt::40::test,normal_run_data.txt,OCSLab_Car,veh_13,0,-1,0.8729192042224929,attack_free,benign_fp
11,weak_campaign,veh_13-w06,Challenge_D::Pre_train_D_1.csv::454::test,Pre_train_D_1.csv,Challenge_D,veh_13,0,-1,0.5686026936026936,attack_free,benign_fp
11,weak_campaign,veh_13-w07,OCSLab_Car::Fuzzy_dataset.csv::249::test,Fuzzy_dataset.csv,OCSLab_Car,veh_13,0,-1,0.6873731222086886,attack_free,benign_fp
11,weak_campaign,veh_13-w08,OCSLab_Car::normal_run_data.txt::313::test,normal_run_data.txt,OCSLab_Car,veh_13,0,-1,0.976045473000406,attack_free,benign_fp
11,weak_campaign,veh_13-w09,OCSLab_Car::DoS_dataset.csv::168::test,DoS_dataset.csv,OCSLab_Car,veh_13,0,-1,0.561510353227771,attack_free,benign_fp
11,weak_campaign,veh_14-w00,OCSLab_Car::normal_run_data.txt::570::test,normal_run_data.txt,OCSLab_Car,veh_14,0,-1,0.8611449451887941,attack_free,benign_fp
11,weak_campaign,veh_14-w01,OCSLab_Car::normal_run_data.txt::301::test,normal_run_data.txt,OCSLab_Car,veh_14,0,-1,0.9878197320341048,attack_free,benign_fp
11,weak_campaign,veh_14-w02,OCSLab_Car::normal_run_data.txt::750::test,normal_run_data.txt,OCSLab_Car,veh_14,0,-1,0.7742590336987414,attack_free,benign_fp
11,weak_campaign,veh_14-w03,OCSLab_Car::DoS_dataset.csv::613::test,DoS_dataset.csv,OCSLab_Car,veh_14,0,-1,0.6784409257003654,attack_free,benign_fp
11,weak_campaign,veh_14-w04,Challenge_D::Pre_train_D_2.csv::3::test,Pre_train_D_2.csv,Challenge_D,veh_14,0,-1,0.7643097643097643,attack_free,benign_fp
11,weak_campaign,veh_14-w05,OCSLab_Car::DoS_dataset.csv::488::test,DoS_dataset.csv,OCSLab_Car,veh_14,0,-1,0.9183922046285018,attack_free,benign_fp
11,weak_campaign,veh_14-w06,OCSLab_Car::gear_dataset.csv::560::test,gear_dataset.csv,OCSLab_Car,veh_14,0,-1,0.7486804709703614,attack_free,benign_fp
11,weak_campaign,veh_14-w07,OCSLab_Car::normal_run_data.txt::503::test,normal_run_data.txt,OCSLab_Car,veh_14,0,-1,0.934632561916362,attack_free,benign_fp
11,weak_campaign,veh_14-w08,OCSLab_Car::normal_run_data.txt::703::test,normal_run_data.txt,OCSLab_Car,veh_14,0,-1,0.9480308566788468,attack_free,benign_fp
11,weak_campaign,veh_14-w09,Challenge_D::Pre_train_D_2.csv::710::test,Pre_train_D_2.csv,Challenge_D,veh_14,0,-1,0.7159090909090909,attack_free,benign_fp
11,weak_campaign,veh_15-w00,OCSLab_Car::normal_run_data.txt::744::test,normal_run_data.txt,OCSLab_Car,veh_15,0,-1,0.8246041412911084,attack_free,benign_fp
11,weak_campaign,veh_15-w01,Challenge_D::Pre_train_D_1.csv::57::test,Pre_train_D_1.csv,Challenge_D,veh_15,0,-1,0.5820707070707071,attack_free,benign_fp
11,weak_campaign,veh_15-w02,OCSLab_Car::DoS_dataset.csv::556::test,DoS_dataset.csv,OCSLab_Car,veh_15,0,-1,0.5671944782785221,attack_free,benign_fp
11,weak_campaign,veh_15-w03,OCSLab_Car::normal_run_data.txt::640::test,normal_run_data.txt,OCSLab_Car,veh_15,0,-1,0.94884287454324,attack_free,benign_fp
11,weak_campaign,veh_15-w04,Challenge_D::Pre_train_D_2.csv::657::test,Pre_train_D_2.csv,Challenge_D,veh_15,0,-1,0.6119528619528619,attack_free,benign_fp
11,weak_campaign,veh_15-w05,OCSLab_Car::normal_run_data.txt::596::test,normal_run_data.txt,OCSLab_Car,veh_15,0,-1,0.9813235891189608,attack_free,benign_fp
11,weak_campaign,veh_15-w06,OCSLab_Car::normal_run_data.txt::22::test,normal_run_data.txt,OCSLab_Car,veh_15,0,-1,0.60698335363378,attack_free,benign_fp
11,weak_campaign,veh_15-w07,OCSLab_Car::normal_run_data.txt::621::test,normal_run_data.txt,OCSLab_Car,veh_15,0,-1,0.832318311002842,attack_free,benign_fp
11,weak_campaign,veh_15-w08,Challenge_D::Pre_train_D_0.csv::63::test,Pre_train_D_0.csv,Challenge_D,veh_15,0,-1,0.86489898989899,attack_free,benign_fp
11,weak_campaign,veh_15-w09,Challenge_D::Pre_train_D_0.csv::8::test,Pre_train_D_0.csv,Challenge_D,veh_15,0,-1,0.82996632996633,attack_free,benign_fp
11,weak_campaign,veh_16-w00,OCSLab_Car::gear_dataset.csv::669::test,gear_dataset.csv,OCSLab_Car,veh_16,0,-1,0.7161997563946407,attack_free,benign_fp
11,weak_campaign,veh_16-w01,Challenge_D::Pre_train_D_2.csv::108::test,Pre_train_D_2.csv,Challenge_D,veh_16,0,-1,0.8164983164983165,attack_free,benign_fp
11,weak_campaign,veh_16-w02,OCSLab_Car::normal_run_data.txt::198::test,normal_run_data.txt,OCSLab_Car,veh_16,0,-1,0.98254161591555,attack_free,benign_fp
11,weak_campaign,veh_16-w03,OCSLab_Car::normal_run_data.txt::531::test,normal_run_data.txt,OCSLab_Car,veh_16,0,-1,0.94884287454324,attack_free,benign_fp
11,weak_campaign,veh_16-w04,OCSLab_Car::normal_run_data.txt::309::test,normal_run_data.txt,OCSLab_Car,veh_16,0,-1,0.976045473000406,attack_free,benign_fp
11,weak_campaign,veh_16-w05,Challenge_S::Pre_train_S_2.csv::739::test,Pre_train_S_2.csv,Challenge_S,veh_16,0,-1,0.6767676767676768,attack_free,benign_fp
11,weak_campaign,veh_16-w06,OCSLab_Car::normal_run_data.txt::679::test,normal_run_data.txt,OCSLab_Car,veh_16,0,-1,0.7523345513601299,attack_free,benign_fp
11,weak_campaign,veh_16-w07,Challenge_D::Pre_train_D_0.csv::280::test,Pre_train_D_0.csv,Challenge_D,veh_16,0,-1,0.6477272727272727,attack_free,benign_fp
11,weak_campaign,veh_16-w08,OCSLab_Car::Fuzzy_dataset.csv::417::test,Fuzzy_dataset.csv,OCSLab_Car,veh_16,0,-1,0.5602923264311814,attack_free,benign_fp
11,weak_campaign,veh_16-w09,OCSLab_Car::RPM_dataset.csv::296::test,RPM_dataset.csv,OCSLab_Car,veh_16,0,-1,0.5692245229395047,attack_free,benign_fp
11,weak_campaign,veh_17-w00,OCSLab_Car::normal_run_data.txt::742::test,normal_run_data.txt,OCSLab_Car,veh_17,0,-1,0.7429963459196103,attack_free,benign_fp
11,weak_campaign,veh_17-w01,OCSLab_Car::gear_dataset.csv::651::test,gear_dataset.csv,OCSLab_Car,veh_17,0,-1,0.949654892407633,attack_free,benign_fp
11,weak_campaign,veh_17-w02,Challenge_D::Pre_train_D_2.csv::635::test,Pre_train_D_2.csv,Challenge_D,veh_17,0,-1,0.8186026936026936,attack_free,benign_fp
11,weak_campaign,veh_17-w03,OCSLab_Car::normal_run_data.txt::270::test,normal_run_data.txt,OCSLab_Car,veh_17,0,-1,0.9638652050345108,attack_free,benign_fp
11,weak_campaign,veh_17-w04,OCSLab_Car::normal_run_data.txt::439::test,normal_run_data.txt,OCSLab_Car,veh_17,0,-1,0.9183922046285018,attack_free,benign_fp
11,weak_campaign,veh_17-w05,OCSLab_Car::normal_run_data.txt::434::test,normal_run_data.txt,OCSLab_Car,veh_17,0,-1,0.9078359723913926,attack_free,benign_fp
11,weak_campaign,veh_17-w06,Challenge_S::Pre_train_S_0.csv::20::test,Pre_train_S_0.csv,Challenge_S,veh_17,0,-1,0.5715488215488216,attack_free,benign_fp
11,weak_campaign,veh_17-w07,OCSLab_Car::gear_dataset.csv::310::test,gear_dataset.csv,OCSLab_Car,veh_17,0,-1,0.5781567194478279,attack_free,benign_fp
11,weak_campaign,veh_17-w08,OCSLab_Car::normal_run_data.txt::545::test,normal_run_data.txt,OCSLab_Car,veh_17,0,-1,0.9399106780349168,attack_free,benign_fp
11,weak_campaign,veh_17-w09,Challenge_S::Pre_train_S_0.csv::78::test,Pre_train_S_0.csv,Challenge_S,veh_17,0,-1,0.8863636363636364,attack_free,benign_fp
11,weak_campaign,veh_18-w00,Challenge_D::Pre_train_D_0.csv::225::test,Pre_train_D_0.csv,Challenge_D,veh_18,0,-1,0.5673400673400674,attack_free,benign_fp
11,weak_campaign,veh_18-w01,OCSLab_Car::normal_run_data.txt::172::test,normal_run_data.txt,OCSLab_Car,veh_18,0,-1,0.7750710515631344,attack_free,benign_fp
11,weak_campaign,veh_18-w02,Challenge_S::Pre_train_S_1.csv::777::test,Pre_train_S_1.csv,Challenge_S,veh_18,0,-1,0.914141414141414,attack_free,benign_fp
11,weak_campaign,veh_18-w03,OCSLab_Car::gear_dataset.csv::739::test,gear_dataset.csv,OCSLab_Car,veh_18,0,-1,0.6837190418189201,attack_free,benign_fp
11,weak_campaign,veh_18-w04,OCSLab_Car::normal_run_data.txt::358::test,normal_run_data.txt,OCSLab_Car,veh_18,0,-1,0.969549330085262,attack_free,benign_fp
11,weak_campaign,veh_18-w05,Challenge_S::Pre_train_S_2.csv::713::test,Pre_train_S_2.csv,Challenge_S,veh_18,0,-1,0.6746632996632996,attack_free,benign_fp
11,weak_campaign,veh_18-w06,Challenge_D::Pre_train_D_0.csv::193::test,Pre_train_D_0.csv,Challenge_D,veh_18,0,-1,0.5904882154882155,attack_free,benign_fp
11,weak_campaign,veh_18-w07,OCSLab_Car::normal_run_data.txt::617::test,normal_run_data.txt,OCSLab_Car,veh_18,0,-1,0.9086479902557856,attack_free,benign_fp
11,weak_campaign,veh_18-w08,OCSLab_Car::normal_run_data.txt::648::test,normal_run_data.txt,OCSLab_Car,veh_18,0,-1,0.8294762484774665,attack_free,benign_fp
11,weak_campaign,veh_18-w09,OCSLab_Car::gear_dataset.csv::757::test,gear_dataset.csv,OCSLab_Car,veh_18,0,-1,0.727568006496143,attack_free,benign_fp
11,weak_campaign,veh_19-w00,OCSLab_Car::DoS_dataset.csv::125::test,DoS_dataset.csv,OCSLab_Car,veh_19,0,-1,0.9464068209500608,attack_free,benign_fp
11,weak_campaign,veh_19-w01,OCSLab_Car::Fuzzy_dataset.csv::275::test,Fuzzy_dataset.csv,OCSLab_Car,veh_19,0,-1,0.5797807551766139,attack_free,benign_fp
11,weak_campaign,veh_19-w02,Challenge_D::Pre_train_D_0.csv::52::test,Pre_train_D_0.csv,Challenge_D,veh_19,0,-1,0.6494107744107744,attack_free,benign_fp
11,weak_campaign,veh_19-w03,Challenge_D::Pre_train_D_2.csv::688::test,Pre_train_D_2.csv,Challenge_D,veh_19,0,-1,0.75,attack_free,benign_fp
11,weak_campaign,veh_19-w04,OCSLab_Car::RPM_dataset.csv::539::test,RPM_dataset.csv,OCSLab_Car,veh_19,0,-1,0.6386520503451076,attack_free,benign_fp
11,weak_campaign,veh_19-w05,Challenge_D::Pre_train_D_2.csv::708::test,Pre_train_D_2.csv,Challenge_D,veh_19,0,-1,0.8337542087542088,attack_free,benign_fp
11,weak_campaign,veh_19-w06,Challenge_S::Pre_train_S_0.csv::43::test,Pre_train_S_0.csv,Challenge_S,veh_19,0,-1,0.8674242424242424,attack_free,benign_fp
11,weak_campaign,veh_19-w07,OCSLab_Car::normal_run_data.txt::729::test,normal_run_data.txt,OCSLab_Car,veh_19,0,-1,0.7243199350385708,attack_free,benign_fp
11,weak_campaign,veh_19-w08,Challenge_S::Pre_train_S_0.csv::198::test,Pre_train_S_0.csv,Challenge_S,veh_19,0,-1,0.5955387205387206,attack_free,benign_fp
11,weak_campaign,veh_19-w09,OCSLab_Car::normal_run_data.txt::141::test,normal_run_data.txt,OCSLab_Car,veh_19,0,-1,0.878603329273244,attack_free,benign_fp
11,unrelated_incidents,veh_00-w00,Challenge_S::Pre_train_S_1.csv::183::test,Pre_train_S_1.csv,Challenge_S,veh_00,1,0,1.0,flooding,independent_0_flooding
11,unrelated_incidents,veh_00-w01,Challenge_D::Pre_train_D_1.csv::208::test,Pre_train_D_1.csv,Challenge_D,veh_00,1,0,1.0,flooding,independent_0_flooding
11,unrelated_incidents,veh_00-w02,OCSLab_Car::DoS_dataset.csv::294::test,DoS_dataset.csv,OCSLab_Car,veh_00,1,0,1.0,flooding,independent_0_flooding
11,unrelated_incidents,veh_00-w03,Challenge_D::Pre_train_D_2.csv::289::test,Pre_train_D_2.csv,Challenge_D,veh_00,1,0,1.0,flooding,independent_0_flooding
11,unrelated_incidents,veh_00-w04,Challenge_D::Pre_train_D_2.csv::252::test,Pre_train_D_2.csv,Challenge_D,veh_00,1,0,1.0,flooding,independent_0_flooding
11,unrelated_incidents,veh_00-w05,Challenge_D::Pre_train_D_2.csv::186::test,Pre_train_D_2.csv,Challenge_D,veh_00,1,0,1.0,flooding,independent_0_flooding
11,unrelated_incidents,veh_00-w06,Challenge_S::Pre_train_S_1.csv::179::test,Pre_train_S_1.csv,Challenge_S,veh_00,1,0,1.0,flooding,independent_0_flooding
11,unrelated_incidents,veh_00-w07,OCSLab_Car::DoS_dataset.csv::72::test,DoS_dataset.csv,OCSLab_Car,veh_00,1,0,1.0,flooding,independent_0_flooding
11,unrelated_incidents,veh_00-w08,Challenge_S::Pre_train_S_1.csv::124::test,Pre_train_S_1.csv,Challenge_S,veh_00,1,0,1.0,flooding,independent_0_flooding
11,unrelated_incidents,veh_00-w09,OCSLab_Car::DoS_dataset.csv::703::test,DoS_dataset.csv,OCSLab_Car,veh_00,1,0,1.0,flooding,independent_0_flooding
11,unrelated_incidents,veh_01-w00,OCSLab_Car::RPM_dataset.csv::63::test,RPM_dataset.csv,OCSLab_Car,veh_01,1,1,1.0,malfunction_rpm,independent_1_malfunction_rpm
11,unrelated_incidents,veh_01-w01,OCSLab_Car::RPM_dataset.csv::729::test,RPM_dataset.csv,OCSLab_Car,veh_01,1,1,1.0,malfunction_rpm,independent_1_malfunction_rpm
11,unrelated_incidents,veh_01-w02,OCSLab_Car::RPM_dataset.csv::203::test,RPM_dataset.csv,OCSLab_Car,veh_01,1,1,1.0,malfunction_rpm,independent_1_malfunction_rpm
11,unrelated_incidents,veh_01-w03,OCSLab_Car::RPM_dataset.csv::347::test,RPM_dataset.csv,OCSLab_Car,veh_01,1,1,0.9963459196102314,malfunction_rpm,independent_1_malfunction_rpm
11,unrelated_incidents,veh_01-w04,OCSLab_Car::RPM_dataset.csv::240::test,RPM_dataset.csv,OCSLab_Car,veh_01,1,1,1.0,malfunction_rpm,independent_1_malfunction_rpm
11,unrelated_incidents,veh_01-w05,OCSLab_Car::RPM_dataset.csv::251::test,RPM_dataset.csv,OCSLab_Car,veh_01,1,1,1.0,malfunction_rpm,independent_1_malfunction_rpm
11,unrelated_incidents,veh_01-w06,OCSLab_Car::RPM_dataset.csv::756::test,RPM_dataset.csv,OCSLab_Car,veh_01,1,1,1.0,malfunction_rpm,independent_1_malfunction_rpm
11,unrelated_incidents,veh_01-w07,OCSLab_Car::RPM_dataset.csv::439::test,RPM_dataset.csv,OCSLab_Car,veh_01,1,1,1.0,malfunction_rpm,independent_1_malfunction_rpm
11,unrelated_incidents,veh_01-w08,OCSLab_Car::RPM_dataset.csv::490::test,RPM_dataset.csv,OCSLab_Car,veh_01,1,1,1.0,malfunction_rpm,independent_1_malfunction_rpm
11,unrelated_incidents,veh_01-w09,OCSLab_Car::RPM_dataset.csv::754::test,RPM_dataset.csv,OCSLab_Car,veh_01,1,1,1.0,malfunction_rpm,independent_1_malfunction_rpm
11,unrelated_incidents,veh_02-w00,OCSLab_Car::gear_dataset.csv::221::test,gear_dataset.csv,OCSLab_Car,veh_02,1,2,1.0,malfunction_gear,independent_2_malfunction_gear
11,unrelated_incidents,veh_02-w01,OCSLab_Car::gear_dataset.csv::455::test,gear_dataset.csv,OCSLab_Car,veh_02,1,2,1.0,malfunction_gear,independent_2_malfunction_gear
11,unrelated_incidents,veh_02-w02,OCSLab_Car::gear_dataset.csv::57::test,gear_dataset.csv,OCSLab_Car,veh_02,1,2,1.0,malfunction_gear,independent_2_malfunction_gear
11,unrelated_incidents,veh_02-w03,OCSLab_Car::gear_dataset.csv::22::test,gear_dataset.csv,OCSLab_Car,veh_02,1,2,1.0,malfunction_gear,independent_2_malfunction_gear
11,unrelated_incidents,veh_02-w04,OCSLab_Car::gear_dataset.csv::288::test,gear_dataset.csv,OCSLab_Car,veh_02,1,2,1.0,malfunction_gear,independent_2_malfunction_gear
11,unrelated_incidents,veh_02-w05,OCSLab_Car::gear_dataset.csv::683::test,gear_dataset.csv,OCSLab_Car,veh_02,1,2,1.0,malfunction_gear,independent_2_malfunction_gear
11,unrelated_incidents,veh_02-w06,OCSLab_Car::gear_dataset.csv::709::test,gear_dataset.csv,OCSLab_Car,veh_02,1,2,1.0,malfunction_gear,independent_2_malfunction_gear
11,unrelated_incidents,veh_02-w07,OCSLab_Car::gear_dataset.csv::214::test,gear_dataset.csv,OCSLab_Car,veh_02,1,2,1.0,malfunction_gear,independent_2_malfunction_gear
11,unrelated_incidents,veh_02-w08,OCSLab_Car::gear_dataset.csv::397::test,gear_dataset.csv,OCSLab_Car,veh_02,1,2,1.0,malfunction_gear,independent_2_malfunction_gear
11,unrelated_incidents,veh_02-w09,OCSLab_Car::gear_dataset.csv::37::test,gear_dataset.csv,OCSLab_Car,veh_02,1,2,1.0,malfunction_gear,independent_2_malfunction_gear
11,unrelated_incidents,veh_03-w00,OCSLab_Car::Fuzzy_dataset.csv::689::test,Fuzzy_dataset.csv,OCSLab_Car,veh_03,1,3,1.0,fuzzy,independent_3_fuzzy
11,unrelated_incidents,veh_03-w01,OCSLab_Car::Fuzzy_dataset.csv::742::test,Fuzzy_dataset.csv,OCSLab_Car,veh_03,1,3,1.0,fuzzy,independent_3_fuzzy
11,unrelated_incidents,veh_03-w02,OCSLab_Car::Fuzzy_dataset.csv::176::test,Fuzzy_dataset.csv,OCSLab_Car,veh_03,1,3,1.0,fuzzy,independent_3_fuzzy
11,unrelated_incidents,veh_03-w03,OCSLab_Car::Fuzzy_dataset.csv::599::test,Fuzzy_dataset.csv,OCSLab_Car,veh_03,1,3,1.0,fuzzy,independent_3_fuzzy
11,unrelated_incidents,veh_03-w04,OCSLab_Car::Fuzzy_dataset.csv::611::test,Fuzzy_dataset.csv,OCSLab_Car,veh_03,1,3,1.0,fuzzy,independent_3_fuzzy
11,unrelated_incidents,veh_03-w05,OCSLab_Car::Fuzzy_dataset.csv::609::test,Fuzzy_dataset.csv,OCSLab_Car,veh_03,1,3,1.0,fuzzy,independent_3_fuzzy
11,unrelated_incidents,veh_03-w06,OCSLab_Car::Fuzzy_dataset.csv::613::test,Fuzzy_dataset.csv,OCSLab_Car,veh_03,1,3,1.0,fuzzy,independent_3_fuzzy
11,unrelated_incidents,veh_03-w07,OCSLab_Car::Fuzzy_dataset.csv::603::test,Fuzzy_dataset.csv,OCSLab_Car,veh_03,1,3,1.0,fuzzy,independent_3_fuzzy
11,unrelated_incidents,veh_03-w08,OCSLab_Car::Fuzzy_dataset.csv::605::test,Fuzzy_dataset.csv,OCSLab_Car,veh_03,1,3,1.0,fuzzy,independent_3_fuzzy
11,unrelated_incidents,veh_03-w09,OCSLab_Car::Fuzzy_dataset.csv::662::test,Fuzzy_dataset.csv,OCSLab_Car,veh_03,1,3,1.0,fuzzy,independent_3_fuzzy
11,unrelated_incidents,veh_04-w00,Challenge_D::Pre_train_D_2.csv::445::test,Pre_train_D_2.csv,Challenge_D,veh_04,1,4,0.9936868686868688,spoofing,independent_4_spoofing
11,unrelated_incidents,veh_04-w01,Challenge_D::Pre_train_D_2.csv::542::test,Pre_train_D_2.csv,Challenge_D,veh_04,1,4,0.8148148148148148,spoofing,independent_4_spoofing
11,unrelated_incidents,veh_04-w02,Challenge_S::Pre_train_S_1.csv::457::test,Pre_train_S_1.csv,Challenge_S,veh_04,1,4,0.9339225589225588,spoofing,independent_4_spoofing
11,unrelated_incidents,veh_04-w03,Challenge_D::Pre_train_D_2.csv::460::test,Pre_train_D_2.csv,Challenge_D,veh_04,1,4,0.86489898989899,spoofing,independent_4_spoofing
11,unrelated_incidents,veh_04-w04,Challenge_S::Pre_train_S_1.csv::586::test,Pre_train_S_1.csv,Challenge_S,veh_04,1,4,0.8952020202020202,spoofing,independent_4_spoofing
11,unrelated_incidents,veh_04-w05,Challenge_S::Pre_train_S_2.csv::467::test,Pre_train_S_2.csv,Challenge_S,veh_04,1,4,0.925925925925926,spoofing,independent_4_spoofing
11,unrelated_incidents,veh_04-w06,Challenge_D::Pre_train_D_2.csv::478::test,Pre_train_D_2.csv,Challenge_D,veh_04,1,4,0.8505892255892256,spoofing,independent_4_spoofing
11,unrelated_incidents,veh_04-w07,Challenge_D::Pre_train_D_2.csv::544::test,Pre_train_D_2.csv,Challenge_D,veh_04,1,4,0.8186026936026936,spoofing,independent_4_spoofing
11,unrelated_incidents,veh_04-w08,Challenge_S::Pre_train_S_2.csv::526::test,Pre_train_S_2.csv,Challenge_S,veh_04,1,4,0.8177609427609428,spoofing,independent_4_spoofing
11,unrelated_incidents,veh_04-w09,Challenge_D::Pre_train_D_2.csv::439::test,Pre_train_D_2.csv,Challenge_D,veh_04,1,4,0.9894781144781144,spoofing,independent_4_spoofing
11,unrelated_incidents,veh_05-w00,Challenge_S::Pre_train_S_0.csv::26::test,Pre_train_S_0.csv,Challenge_S,veh_05,0,-1,0.944023569023569,attack_free,benign_fp
11,unrelated_incidents,veh_05-w01,OCSLab_Car::gear_dataset.csv::115::test,gear_dataset.csv,OCSLab_Car,veh_05,0,-1,0.7015834348355664,attack_free,benign_fp
11,unrelated_incidents,veh_05-w02,OCSLab_Car::normal_run_data.txt::432::test,normal_run_data.txt,OCSLab_Car,veh_05,0,-1,0.9833536337799432,attack_free,benign_fp
11,unrelated_incidents,veh_05-w03,OCSLab_Car::normal_run_data.txt::672::test,normal_run_data.txt,OCSLab_Car,veh_05,0,-1,0.680470970361348,attack_free,benign_fp
11,unrelated_incidents,veh_05-w04,OCSLab_Car::normal_run_data.txt::682::test,normal_run_data.txt,OCSLab_Car,veh_05,0,-1,0.8233861144945189,attack_free,benign_fp
11,unrelated_incidents,veh_05-w05,OCSLab_Car::normal_run_data.txt::352::test,normal_run_data.txt,OCSLab_Car,veh_05,0,-1,0.9663012586276898,attack_free,benign_fp
11,unrelated_incidents,veh_05-w06,Challenge_S::Pre_train_S_0.csv::88::test,Pre_train_S_0.csv,Challenge_S,veh_05,0,-1,0.7731481481481481,attack_free,benign_fp
11,unrelated_incidents,veh_05-w07,Challenge_D::Pre_train_D_0.csv::223::test,Pre_train_D_0.csv,Challenge_D,veh_05,0,-1,0.7327441077441077,attack_free,benign_fp
11,unrelated_incidents,veh_05-w08,Challenge_D::Pre_train_D_2.csv::92::test,Pre_train_D_2.csv,Challenge_D,veh_05,0,-1,0.9002525252525253,attack_free,benign_fp
11,unrelated_incidents,veh_05-w09,Challenge_S::Pre_train_S_0.csv::213::test,Pre_train_S_0.csv,Challenge_S,veh_05,0,-1,0.8017676767676768,attack_free,benign_fp
11,unrelated_incidents,veh_06-w00,Challenge_D::Pre_train_D_0.csv::62::test,Pre_train_D_0.csv,Challenge_D,veh_06,0,-1,0.7390572390572391,attack_free,benign_fp
11,unrelated_incidents,veh_06-w01,Challenge_D::Pre_train_D_0.csv::80::test,Pre_train_D_0.csv,Challenge_D,veh_06,0,-1,0.6334175084175084,attack_free,benign_fp
11,unrelated_incidents,veh_06-w02,OCSLab_Car::RPM_dataset.csv::296::test,RPM_dataset.csv,OCSLab_Car,veh_06,0,-1,0.5692245229395047,attack_free,benign_fp
11,unrelated_incidents,veh_06-w03,OCSLab_Car::normal_run_data.txt::34::test,normal_run_data.txt,OCSLab_Car,veh_06,0,-1,0.9326025172553796,attack_free,benign_fp
11,unrelated_incidents,veh_06-w04,OCSLab_Car::normal_run_data.txt::16::test,normal_run_data.txt,OCSLab_Car,veh_06,0,-1,0.805115712545676,attack_free,benign_fp
11,unrelated_incidents,veh_06-w05,OCSLab_Car::normal_run_data.txt::361::test,normal_run_data.txt,OCSLab_Car,veh_06,0,-1,0.782785221274868,attack_free,benign_fp
11,unrelated_incidents,veh_06-w06,Challenge_D::Pre_train_D_0.csv::232::test,Pre_train_D_0.csv,Challenge_D,veh_06,0,-1,0.9313973063973064,attack_free,benign_fp
11,unrelated_incidents,veh_06-w07,Challenge_S::Pre_train_S_2.csv::18::test,Pre_train_S_2.csv,Challenge_S,veh_06,0,-1,0.9915824915824916,attack_free,benign_fp
11,unrelated_incidents,veh_06-w08,Challenge_S::Pre_train_S_1.csv::777::test,Pre_train_S_1.csv,Challenge_S,veh_06,0,-1,0.914141414141414,attack_free,benign_fp
11,unrelated_incidents,veh_06-w09,OCSLab_Car::normal_run_data.txt::630::test,normal_run_data.txt,OCSLab_Car,veh_06,0,-1,0.805115712545676,attack_free,benign_fp
11,unrelated_incidents,veh_07-w00,Challenge_S::Pre_train_S_2.csv::545::test,Pre_train_S_2.csv,Challenge_S,veh_07,0,-1,0.94486531986532,attack_free,benign_fp
11,unrelated_incidents,veh_07-w01,OCSLab_Car::normal_run_data.txt::133::test,normal_run_data.txt,OCSLab_Car,veh_07,0,-1,0.8883475436459602,attack_free,benign_fp
11,unrelated_incidents,veh_07-w02,Challenge_S::Pre_train_S_2.csv::553::test,Pre_train_S_2.csv,Challenge_S,veh_07,0,-1,0.5900673400673401,attack_free,benign_fp
11,unrelated_incidents,veh_07-w03,OCSLab_Car::normal_run_data.txt::4::test,normal_run_data.txt,OCSLab_Car,veh_07,0,-1,0.9326025172553796,attack_free,benign_fp
11,unrelated_incidents,veh_07-w04,OCSLab_Car::normal_run_data.txt::546::test,normal_run_data.txt,OCSLab_Car,veh_07,0,-1,0.877791311408851,attack_free,benign_fp
11,unrelated_incidents,veh_07-w05,Challenge_D::Pre_train_D_0.csv::53::test,Pre_train_D_0.csv,Challenge_D,veh_07,0,-1,0.8514309764309764,attack_free,benign_fp
11,unrelated_incidents,veh_07-w06,OCSLab_Car::normal_run_data.txt::761::test,normal_run_data.txt,OCSLab_Car,veh_07,0,-1,0.6406820950060901,attack_free,benign_fp
11,unrelated_incidents,veh_07-w07,OCSLab_Car::normal_run_data.txt::286::test,normal_run_data.txt,OCSLab_Car,veh_07,0,-1,0.9565570442549736,attack_free,benign_fp
11,unrelated_incidents,veh_07-w08,OCSLab_Car::normal_run_data.txt::1::test,normal_run_data.txt,OCSLab_Car,veh_07,0,-1,0.8574908647990256,attack_free,benign_fp
11,unrelated_incidents,veh_07-w09,OCSLab_Car::normal_run_data.txt::699::test,normal_run_data.txt,OCSLab_Car,veh_07,0,-1,0.8688591149005278,attack_free,benign_fp
11,unrelated_incidents,veh_08-w00,OCSLab_Car::normal_run_data.txt::490::test,normal_run_data.txt,OCSLab_Car,veh_08,0,-1,0.7365002030044661,attack_free,benign_fp
11,unrelated_incidents,veh_08-w01,Challenge_S::Pre_train_S_1.csv::554::test,Pre_train_S_1.csv,Challenge_S,veh_08,0,-1,0.765993265993266,attack_free,benign_fp
11,unrelated_incidents,veh_08-w02,Challenge_S::Pre_train_S_0.csv::62::test,Pre_train_S_0.csv,Challenge_S,veh_08,0,-1,0.7584175084175084,attack_free,benign_fp
11,unrelated_incidents,veh_08-w03,OCSLab_Car::RPM_dataset.csv::167::test,RPM_dataset.csv,OCSLab_Car,veh_08,0,-1,0.6236297198538368,attack_free,benign_fp
11,unrelated_incidents,veh_08-w04,OCSLab_Car::normal_run_data.txt::168::test,normal_run_data.txt,OCSLab_Car,veh_08,0,-1,0.6942752740560292,attack_free,benign_fp
11,unrelated_incidents,veh_08-w05,Challenge_S::Pre_train_S_1.csv::788::test,Pre_train_S_1.csv,Challenge_S,veh_08,0,-1,0.6296296296296297,attack_free,benign_fp
11,unrelated_incidents,veh_08-w06,Challenge_D::Pre_train_D_1.csv::16::test,Pre_train_D_1.csv,Challenge_D,veh_08,0,-1,0.7247474747474747,attack_free,benign_fp
11,unrelated_incidents,veh_08-w07,Challenge_S::Pre_train_S_1.csv::759::test,Pre_train_S_1.csv,Challenge_S,veh_08,0,-1,0.8766835016835017,attack_free,benign_fp
11,unrelated_incidents,veh_08-w08,OCSLab_Car::normal_run_data.txt::235::test,normal_run_data.txt,OCSLab_Car,veh_08,0,-1,0.9671132764920828,attack_free,benign_fp
11,unrelated_incidents,veh_08-w09,Challenge_D::Pre_train_D_2.csv::108::test,Pre_train_D_2.csv,Challenge_D,veh_08,0,-1,0.8164983164983165,attack_free,benign_fp
11,unrelated_incidents,veh_09-w00,Challenge_S::Pre_train_S_1.csv::771::test,Pre_train_S_1.csv,Challenge_S,veh_09,0,-1,0.8964646464646465,attack_free,benign_fp
11,unrelated_incidents,veh_09-w01,Challenge_D::Pre_train_D_2.csv::739::test,Pre_train_D_2.csv,Challenge_D,veh_09,0,-1,0.6422558922558923,attack_free,benign_fp
11,unrelated_incidents,veh_09-w02,OCSLab_Car::normal_run_data.txt::274::test,normal_run_data.txt,OCSLab_Car,veh_09,0,-1,0.9801055623223712,attack_free,benign_fp
11,unrelated_incidents,veh_09-w03,Challenge_S::Pre_train_S_2.csv::11::test,Pre_train_S_2.csv,Challenge_S,veh_09,0,-1,0.7117003367003367,attack_free,benign_fp
11,unrelated_incidents,veh_09-w04,OCSLab_Car::normal_run_data.txt::429::test,normal_run_data.txt,OCSLab_Car,veh_09,0,-1,0.9801055623223712,attack_free,benign_fp
11,unrelated_incidents,veh_09-w05,Challenge_D::Pre_train_D_2.csv::662::test,Pre_train_D_2.csv,Challenge_D,veh_09,0,-1,0.9823232323232324,attack_free,benign_fp
11,unrelated_incidents,veh_09-w06,Challenge_D::Pre_train_D_2.csv::323::test,Pre_train_D_2.csv,Challenge_D,veh_09,0,-1,0.8000841750841751,attack_free,benign_fp
11,unrelated_incidents,veh_09-w07,Challenge_D::Pre_train_D_1.csv::80::test,Pre_train_D_1.csv,Challenge_D,veh_09,0,-1,0.5862794612794613,attack_free,benign_fp
11,unrelated_incidents,veh_09-w08,Challenge_D::Pre_train_D_0.csv::64::test,Pre_train_D_0.csv,Challenge_D,veh_09,0,-1,0.6191077441077442,attack_free,benign_fp
11,unrelated_incidents,veh_09-w09,OCSLab_Car::RPM_dataset.csv::137::test,RPM_dataset.csv,OCSLab_Car,veh_09,0,-1,0.561510353227771,attack_free,benign_fp
11,unrelated_incidents,veh_10-w00,OCSLab_Car::normal_run_data.txt::443::test,normal_run_data.txt,OCSLab_Car,veh_10,0,-1,0.9309784815265936,attack_free,benign_fp
11,unrelated_incidents,veh_10-w01,OCSLab_Car::normal_run_data.txt::174::test,normal_run_data.txt,OCSLab_Car,veh_10,0,-1,0.9508729192042225,attack_free,benign_fp
11,unrelated_incidents,veh_10-w02,Challenge_S::Pre_train_S_2.csv::726::test,Pre_train_S_2.csv,Challenge_S,veh_10,0,-1,0.5707070707070707,attack_free,benign_fp
11,unrelated_incidents,veh_10-w03,Challenge_S::Pre_train_S_2.csv::586::test,Pre_train_S_2.csv,Challenge_S,veh_10,0,-1,0.6178451178451179,attack_free,benign_fp
11,unrelated_incidents,veh_10-w04,OCSLab_Car::normal_run_data.txt::639::test,normal_run_data.txt,OCSLab_Car,veh_10,0,-1,0.9078359723913926,attack_free,benign_fp
11,unrelated_incidents,veh_10-w05,OCSLab_Car::DoS_dataset.csv::129::test,DoS_dataset.csv,OCSLab_Car,veh_10,0,-1,0.6447421843280552,attack_free,benign_fp
11,unrelated_incidents,veh_10-w06,OCSLab_Car::normal_run_data.txt::422::test,normal_run_data.txt,OCSLab_Car,veh_10,0,-1,0.94884287454324,attack_free,benign_fp
11,unrelated_incidents,veh_10-w07,OCSLab_Car::RPM_dataset.csv::664::test,RPM_dataset.csv,OCSLab_Car,veh_10,0,-1,0.5992691839220463,attack_free,benign_fp
11,unrelated_incidents,veh_10-w08,Challenge_D::Pre_train_D_2.csv::55::test,Pre_train_D_2.csv,Challenge_D,veh_10,0,-1,0.9313973063973064,attack_free,benign_fp
11,unrelated_incidents,veh_10-w09,OCSLab_Car::normal_run_data.txt::86::test,normal_run_data.txt,OCSLab_Car,veh_10,0,-1,0.9618351603735282,attack_free,benign_fp
11,unrelated_incidents,veh_11-w00,OCSLab_Car::Fuzzy_dataset.csv::542::test,Fuzzy_dataset.csv,OCSLab_Car,veh_11,0,-1,0.7706049533089728,attack_free,benign_fp
11,unrelated_incidents,veh_11-w01,OCSLab_Car::normal_run_data.txt::359::test,normal_run_data.txt,OCSLab_Car,veh_11,0,-1,0.9220462850182704,attack_free,benign_fp
11,unrelated_incidents,veh_11-w02,Challenge_S::Pre_train_S_0.csv::174::test,Pre_train_S_0.csv,Challenge_S,veh_11,0,-1,0.6805555555555556,attack_free,benign_fp
11,unrelated_incidents,veh_11-w03,OCSLab_Car::gear_dataset.csv::566::test,gear_dataset.csv,OCSLab_Car,veh_11,0,-1,0.7226958993097848,attack_free,benign_fp
11,unrelated_incidents,veh_11-w04,Challenge_S::Pre_train_S_2.csv::630::test,Pre_train_S_2.csv,Challenge_S,veh_11,0,-1,0.9983164983164984,attack_free,benign_fp
11,unrelated_incidents,veh_11-w05,OCSLab_Car::gear_dataset.csv::575::test,gear_dataset.csv,OCSLab_Car,veh_11,0,-1,0.6471782379212343,attack_free,benign_fp
11,unrelated_incidents,veh_11-w06,OCSLab_Car::normal_run_data.txt::638::test,normal_run_data.txt,OCSLab_Car,veh_11,0,-1,0.9334145351197728,attack_free,benign_fp
11,unrelated_incidents,veh_11-w07,OCSLab_Car::gear_dataset.csv::562::test,gear_dataset.csv,OCSLab_Car,veh_11,0,-1,0.6577344701583435,attack_free,benign_fp
11,unrelated_incidents,veh_11-w08,OCSLab_Car::normal_run_data.txt::572::test,normal_run_data.txt,OCSLab_Car,veh_11,0,-1,0.7535525781567195,attack_free,benign_fp
11,unrelated_incidents,veh_11-w09,Challenge_S::Pre_train_S_0.csv::221::test,Pre_train_S_0.csv,Challenge_S,veh_11,0,-1,0.6746632996632996,attack_free,benign_fp
11,unrelated_incidents,veh_12-w00,OCSLab_Car::gear_dataset.csv::663::test,gear_dataset.csv,OCSLab_Car,veh_12,0,-1,0.920016240357288,attack_free,benign_fp
11,unrelated_incidents,veh_12-w01,OCSLab_Car::DoS_dataset.csv::44::test,DoS_dataset.csv,OCSLab_Car,veh_12,0,-1,0.5992691839220463,attack_free,benign_fp
11,unrelated_incidents,veh_12-w02,Challenge_D::Pre_train_D_0.csv::19::test,Pre_train_D_0.csv,Challenge_D,veh_12,0,-1,0.7264309764309764,attack_free,benign_fp
11,unrelated_incidents,veh_12-w03,Challenge_D::Pre_train_D_2.csv::53::test,Pre_train_D_2.csv,Challenge_D,veh_12,0,-1,0.9574915824915824,attack_free,benign_fp
11,unrelated_incidents,veh_12-w04,Challenge_D::Pre_train_D_2.csv::745::test,Pre_train_D_2.csv,Challenge_D,veh_12,0,-1,0.9225589225589226,attack_free,benign_fp
11,unrelated_incidents,veh_12-w05,OCSLab_Car::normal_run_data.txt::68::test,normal_run_data.txt,OCSLab_Car,veh_12,0,-1,0.927324401136825,attack_free,benign_fp
11,unrelated_incidents,veh_12-w06,Challenge_S::Pre_train_S_2.csv::562::test,Pre_train_S_2.csv,Challenge_S,veh_12,0,-1,0.8101851851851852,attack_free,benign_fp
11,unrelated_incidents,veh_12-w07,OCSLab_Car::normal_run_data.txt::297::test,normal_run_data.txt,OCSLab_Car,veh_12,0,-1,0.9805115712545676,attack_free,benign_fp
11,unrelated_incidents,veh_12-w08,Challenge_S::Pre_train_S_0.csv::113::test,Pre_train_S_0.csv,Challenge_S,veh_12,0,-1,0.7474747474747475,attack_free,benign_fp
11,unrelated_incidents,veh_12-w09,Challenge_D::Pre_train_D_2.csv::657::test,Pre_train_D_2.csv,Challenge_D,veh_12,0,-1,0.6119528619528619,attack_free,benign_fp
11,unrelated_incidents,veh_13-w00,OCSLab_Car::RPM_dataset.csv::100::test,RPM_dataset.csv,OCSLab_Car,veh_13,0,-1,0.6443361753958587,attack_free,benign_fp
11,unrelated_incidents,veh_13-w01,Challenge_S::Pre_train_S_0.csv::255::test,Pre_train_S_0.csv,Challenge_S,veh_13,0,-1,0.7996632996632996,attack_free,benign_fp
11,unrelated_incidents,veh_13-w02,Challenge_S::Pre_train_S_0.csv::182::test,Pre_train_S_0.csv,Challenge_S,veh_13,0,-1,0.9284511784511784,attack_free,benign_fp
11,unrelated_incidents,veh_13-w03,OCSLab_Car::normal_run_data.txt::752::test,normal_run_data.txt,OCSLab_Car,veh_13,0,-1,0.8246041412911084,attack_free,benign_fp
11,unrelated_incidents,veh_13-w04,OCSLab_Car::normal_run_data.txt::280::test,normal_run_data.txt,OCSLab_Car,veh_13,0,-1,0.997563946406821,attack_free,benign_fp
11,unrelated_incidents,veh_13-w05,OCSLab_Car::DoS_dataset.csv::143::test,DoS_dataset.csv,OCSLab_Car,veh_13,0,-1,0.657328461226147,attack_free,benign_fp
11,unrelated_incidents,veh_13-w06,Challenge_D::Pre_train_D_2.csv::98::test,Pre_train_D_2.csv,Challenge_D,veh_13,0,-1,0.6321548821548821,attack_free,benign_fp
11,unrelated_incidents,veh_13-w07,OCSLab_Car::normal_run_data.txt::95::test,normal_run_data.txt,OCSLab_Car,veh_13,0,-1,0.853024766544864,attack_free,benign_fp
11,unrelated_incidents,veh_13-w08,OCSLab_Car::normal_run_data.txt::187::test,normal_run_data.txt,OCSLab_Car,veh_13,0,-1,0.933008526187576,attack_free,benign_fp
11,unrelated_incidents,veh_13-w09,Challenge_D::Pre_train_D_0.csv::117::test,Pre_train_D_0.csv,Challenge_D,veh_13,0,-1,0.9482323232323232,attack_free,benign_fp
11,unrelated_incidents,veh_14-w00,OCSLab_Car::normal_run_data.txt::43::test,normal_run_data.txt,OCSLab_Car,veh_14,0,-1,0.8457166057653268,attack_free,benign_fp
11,unrelated_incidents,veh_14-w01,Challenge_D::Pre_train_D_2.csv::83::test,Pre_train_D_2.csv,Challenge_D,veh_14,0,-1,0.5614478114478114,attack_free,benign_fp
11,unrelated_incidents,veh_14-w02,OCSLab_Car::gear_dataset.csv::669::test,gear_dataset.csv,OCSLab_Car,veh_14,0,-1,0.7161997563946407,attack_free,benign_fp
11,unrelated_incidents,veh_14-w03,OCSLab_Car::normal_run_data.txt::484::test,normal_run_data.txt,OCSLab_Car,veh_14,0,-1,0.8676410881039383,attack_free,benign_fp
11,unrelated_incidents,veh_14-w04,Challenge_S::Pre_train_S_1.csv::728::test,Pre_train_S_1.csv,Challenge_S,veh_14,0,-1,0.8930976430976431,attack_free,benign_fp
11,unrelated_incidents,veh_14-w05,Challenge_D::Pre_train_D_0.csv::176::test,Pre_train_D_0.csv,Challenge_D,veh_14,0,-1,0.917087542087542,attack_free,benign_fp
11,unrelated_incidents,veh_14-w06,Challenge_D::Pre_train_D_0.csv::198::test,Pre_train_D_0.csv,Challenge_D,veh_14,0,-1,0.7297979797979798,attack_free,benign_fp
11,unrelated_incidents,veh_14-w07,Challenge_S::Pre_train_S_1.csv::0::test,Pre_train_S_1.csv,Challenge_S,veh_14,0,-1,0.8005050505050505,attack_free,benign_fp
11,unrelated_incidents,veh_14-w08,Challenge_S::Pre_train_S_2.csv::790::test,Pre_train_S_2.csv,Challenge_S,veh_14,0,-1,0.9583333333333334,attack_free,benign_fp
11,unrelated_incidents,veh_14-w09,Challenge_D::Pre_train_D_2.csv::32::test,Pre_train_D_2.csv,Challenge_D,veh_14,0,-1,0.6830808080808081,attack_free,benign_fp
11,unrelated_incidents,veh_15-w00,Challenge_D::Pre_train_D_0.csv::154::test,Pre_train_D_0.csv,Challenge_D,veh_15,0,-1,0.6115319865319865,attack_free,benign_fp
11,unrelated_incidents,veh_15-w01,Challenge_D::Pre_train_D_2.csv::580::test,Pre_train_D_2.csv,Challenge_D,veh_15,0,-1,0.904040404040404,attack_free,benign_fp
11,unrelated_incidents,veh_15-w02,OCSLab_Car::Fuzzy_dataset.csv::357::test,Fuzzy_dataset.csv,OCSLab_Car,veh_15,0,-1,0.9910678034916768,attack_free,benign_fp
11,unrelated_incidents,veh_15-w03,OCSLab_Car::DoS_dataset.csv::489::test,DoS_dataset.csv,OCSLab_Car,veh_15,0,-1,0.6979293544457978,attack_free,benign_fp
11,unrelated_incidents,veh_15-w04,Challenge_S::Pre_train_S_0.csv::134::test,Pre_train_S_0.csv,Challenge_S,veh_15,0,-1,0.6430976430976431,attack_free,benign_fp
11,unrelated_incidents,veh_15-w05,OCSLab_Car::normal_run_data.txt::335::test,normal_run_data.txt,OCSLab_Car,veh_15,0,-1,0.9350385708485588,attack_free,benign_fp
11,unrelated_incidents,veh_15-w06,Challenge_D::Pre_train_D_0.csv::249::test,Pre_train_D_0.csv,Challenge_D,veh_15,0,-1,0.8451178451178452,attack_free,benign_fp
11,unrelated_incidents,veh_15-w07,OCSLab_Car::normal_run_data.txt::263::test,normal_run_data.txt,OCSLab_Car,veh_15,0,-1,0.85464880227365,attack_free,benign_fp
11,unrelated_incidents,veh_15-w08,OCSLab_Car::gear_dataset.csv::626::test,gear_dataset.csv,OCSLab_Car,veh_15,0,-1,0.6276898091758019,attack_free,benign_fp
11,unrelated_incidents,veh_15-w09,OCSLab_Car::normal_run_data.txt::444::test,normal_run_data.txt,OCSLab_Car,veh_15,0,-1,0.926512383272432,attack_free,benign_fp
11,unrelated_incidents,veh_16-w00,Challenge_D::Pre_train_D_0.csv::231::test,Pre_train_D_0.csv,Challenge_D,veh_16,0,-1,0.9730639730639732,attack_free,benign_fp
11,unrelated_incidents,veh_16-w01,Challenge_D::Pre_train_D_0.csv::39::test,Pre_train_D_0.csv,Challenge_D,veh_16,0,-1,0.6851851851851852,attack_free,benign_fp
11,unrelated_incidents,veh_16-w02,OCSLab_Car::normal_run_data.txt::646::test,normal_run_data.txt,OCSLab_Car,veh_16,0,-1,0.7019894437677628,attack_free,benign_fp
11,unrelated_incidents,veh_16-w03,OCSLab_Car::DoS_dataset.csv::521::test,DoS_dataset.csv,OCSLab_Car,veh_16,0,-1,0.9995939910678034,attack_free,benign_fp
11,unrelated_incidents,veh_16-w04,OCSLab_Car::gear_dataset.csv::547::test,gear_dataset.csv,OCSLab_Car,veh_16,0,-1,0.6674786845310596,attack_free,benign_fp
11,unrelated_incidents,veh_16-w05,OCSLab_Car::normal_run_data.txt::97::test,normal_run_data.txt,OCSLab_Car,veh_16,0,-1,0.9427527405602923,attack_free,benign_fp
11,unrelated_incidents,veh_16-w06,Challenge_D::Pre_train_D_0.csv::102::test,Pre_train_D_0.csv,Challenge_D,veh_16,0,-1,0.9785353535353536,attack_free,benign_fp
11,unrelated_incidents,veh_16-w07,OCSLab_Car::gear_dataset.csv::82::test,gear_dataset.csv,OCSLab_Car,veh_16,0,-1,0.5513601299228583,attack_free,benign_fp
11,unrelated_incidents,veh_16-w08,OCSLab_Car::normal_run_data.txt::634::test,normal_run_data.txt,OCSLab_Car,veh_16,0,-1,0.8587088915956151,attack_free,benign_fp
11,unrelated_incidents,veh_16-w09,OCSLab_Car::normal_run_data.txt::146::test,normal_run_data.txt,OCSLab_Car,veh_16,0,-1,0.8725131952902964,attack_free,benign_fp
11,unrelated_incidents,veh_17-w00,Challenge_S::Pre_train_S_2.csv::654::test,Pre_train_S_2.csv,Challenge_S,veh_17,0,-1,0.7622053872053872,attack_free,benign_fp
11,unrelated_incidents,veh_17-w01,OCSLab_Car::normal_run_data.txt::500::test,normal_run_data.txt,OCSLab_Car,veh_17,0,-1,0.8940316686967114,attack_free,benign_fp
11,unrelated_incidents,veh_17-w02,Challenge_S::Pre_train_S_1.csv::727::test,Pre_train_S_1.csv,Challenge_S,veh_17,0,-1,0.9065656565656566,attack_free,benign_fp
11,unrelated_incidents,veh_17-w03,Challenge_D::Pre_train_D_2.csv::585::test,Pre_train_D_2.csv,Challenge_D,veh_17,0,-1,0.9945286195286196,attack_free,benign_fp
11,unrelated_incidents,veh_17-w04,OCSLab_Car::normal_run_data.txt::248::test,normal_run_data.txt,OCSLab_Car,veh_17,0,-1,0.997563946406821,attack_free,benign_fp
11,unrelated_incidents,veh_17-w05,OCSLab_Car::normal_run_data.txt::550::test,normal_run_data.txt,OCSLab_Car,veh_17,0,-1,0.9476248477466503,attack_free,benign_fp
11,unrelated_incidents,veh_17-w06,OCSLab_Car::normal_run_data.txt::253::test,normal_run_data.txt,OCSLab_Car,veh_17,0,-1,0.955339017458384,attack_free,benign_fp
11,unrelated_incidents,veh_17-w07,OCSLab_Car::gear_dataset.csv::657::test,gear_dataset.csv,OCSLab_Car,veh_17,0,-1,0.8859114900527811,attack_free,benign_fp
11,unrelated_incidents,veh_17-w08,OCSLab_Car::DoS_dataset.csv::350::test,DoS_dataset.csv,OCSLab_Car,veh_17,0,-1,0.558262281770199,attack_free,benign_fp
11,unrelated_incidents,veh_17-w09,OCSLab_Car::Fuzzy_dataset.csv::574::test,Fuzzy_dataset.csv,OCSLab_Car,veh_17,0,-1,0.6378400324807145,attack_free,benign_fp
11,unrelated_incidents,veh_18-w00,OCSLab_Car::gear_dataset.csv::70::test,gear_dataset.csv,OCSLab_Car,veh_18,0,-1,0.6374340235485181,attack_free,benign_fp
11,unrelated_incidents,veh_18-w01,OCSLab_Car::normal_run_data.txt::50::test,normal_run_data.txt,OCSLab_Car,veh_18,0,-1,0.998375964271214,attack_free,benign_fp
11,unrelated_incidents,veh_18-w02,OCSLab_Car::gear_dataset.csv::168::test,gear_dataset.csv,OCSLab_Car,veh_18,0,-1,0.6293138449045879,attack_free,benign_fp
11,unrelated_incidents,veh_18-w03,OCSLab_Car::normal_run_data.txt::555::test,normal_run_data.txt,OCSLab_Car,veh_18,0,-1,0.8968737312220869,attack_free,benign_fp
11,unrelated_incidents,veh_18-w04,OCSLab_Car::RPM_dataset.csv::149::test,RPM_dataset.csv,OCSLab_Car,veh_18,0,-1,0.7259439707673568,attack_free,benign_fp
11,unrelated_incidents,veh_18-w05,Challenge_D::Pre_train_D_0.csv::60::test,Pre_train_D_0.csv,Challenge_D,veh_18,0,-1,0.9936868686868688,attack_free,benign_fp
11,unrelated_incidents,veh_18-w06,Challenge_S::Pre_train_S_1.csv::328::test,Pre_train_S_1.csv,Challenge_S,veh_18,0,-1,0.9154040404040404,attack_free,benign_fp
11,unrelated_incidents,veh_18-w07,OCSLab_Car::normal_run_data.txt::212::test,normal_run_data.txt,OCSLab_Car,veh_18,0,-1,0.947218838814454,attack_free,benign_fp
11,unrelated_incidents,veh_18-w08,OCSLab_Car::normal_run_data.txt::599::test,normal_run_data.txt,OCSLab_Car,veh_18,0,-1,0.8834754364596021,attack_free,benign_fp
11,unrelated_incidents,veh_18-w09,Challenge_S::Pre_train_S_2.csv::548::test,Pre_train_S_2.csv,Challenge_S,veh_18,0,-1,0.8489057239057239,attack_free,benign_fp
11,unrelated_incidents,veh_19-w00,OCSLab_Car::normal_run_data.txt::345::test,normal_run_data.txt,OCSLab_Car,veh_19,0,-1,0.976045473000406,attack_free,benign_fp
11,unrelated_incidents,veh_19-w01,Challenge_D::Pre_train_D_2.csv::315::test,Pre_train_D_2.csv,Challenge_D,veh_19,0,-1,0.6872895622895623,attack_free,benign_fp
11,unrelated_incidents,veh_19-w02,OCSLab_Car::normal_run_data.txt::586::test,normal_run_data.txt,OCSLab_Car,veh_19,0,-1,0.9078359723913926,attack_free,benign_fp
11,unrelated_incidents,veh_19-w03,Challenge_D::Pre_train_D_1.csv::33::test,Pre_train_D_1.csv,Challenge_D,veh_19,0,-1,0.5694444444444444,attack_free,benign_fp
11,unrelated_incidents,veh_19-w04,Challenge_S::Pre_train_S_2.csv::779::test,Pre_train_S_2.csv,Challenge_S,veh_19,0,-1,0.6881313131313131,attack_free,benign_fp
11,unrelated_incidents,veh_19-w05,Challenge_D::Pre_train_D_0.csv::274::test,Pre_train_D_0.csv,Challenge_D,veh_19,0,-1,0.9027777777777778,attack_free,benign_fp
11,unrelated_incidents,veh_19-w06,OCSLab_Car::normal_run_data.txt::154::test,normal_run_data.txt,OCSLab_Car,veh_19,0,-1,0.9845716605765328,attack_free,benign_fp
11,unrelated_incidents,veh_19-w07,OCSLab_Car::normal_run_data.txt::197::test,normal_run_data.txt,OCSLab_Car,veh_19,0,-1,0.8940316686967114,attack_free,benign_fp
11,unrelated_incidents,veh_19-w08,OCSLab_Car::normal_run_data.txt::702::test,normal_run_data.txt,OCSLab_Car,veh_19,0,-1,0.9703613479496548,attack_free,benign_fp
11,unrelated_incidents,veh_19-w09,OCSLab_Car::Fuzzy_dataset.csv::553::test,Fuzzy_dataset.csv,OCSLab_Car,veh_19,0,-1,0.6654486398700772,attack_free,benign_fp
23,strong_campaign,veh_00-w00,OCSLab_Car::DoS_dataset.csv::97::test,DoS_dataset.csv,OCSLab_Car,veh_00,1,0,1.0,flooding,flooding
23,strong_campaign,veh_00-w01,Challenge_S::Pre_train_S_2.csv::205::test,Pre_train_S_2.csv,Challenge_S,veh_00,1,0,1.0,flooding,flooding
23,strong_campaign,veh_00-w02,Challenge_S::Pre_train_S_2.csv::261::test,Pre_train_S_2.csv,Challenge_S,veh_00,1,0,1.0,flooding,flooding
23,strong_campaign,veh_00-w03,Challenge_S::Pre_train_S_2.csv::283::test,Pre_train_S_2.csv,Challenge_S,veh_00,1,0,1.0,flooding,flooding
23,strong_campaign,veh_00-w04,Challenge_S::Pre_train_S_2.csv::226::test,Pre_train_S_2.csv,Challenge_S,veh_00,1,0,1.0,flooding,flooding
23,strong_campaign,veh_00-w05,Challenge_D::Pre_train_D_1.csv::194::test,Pre_train_D_1.csv,Challenge_D,veh_00,1,0,1.0,flooding,flooding
23,strong_campaign,veh_00-w06,OCSLab_Car::DoS_dataset.csv::330::test,DoS_dataset.csv,OCSLab_Car,veh_00,1,0,1.0,flooding,flooding
23,strong_campaign,veh_00-w07,Challenge_D::Pre_train_D_1.csv::281::test,Pre_train_D_1.csv,Challenge_D,veh_00,1,0,1.0,flooding,flooding
23,strong_campaign,veh_00-w08,Challenge_S::Pre_train_S_2.csv::170::test,Pre_train_S_2.csv,Challenge_S,veh_00,1,0,1.0,flooding,flooding
23,strong_campaign,veh_00-w09,Challenge_D::Pre_train_D_1.csv::125::test,Pre_train_D_1.csv,Challenge_D,veh_00,1,0,1.0,flooding,flooding
23,strong_campaign,veh_01-w00,Challenge_D::Pre_train_D_2.csv::198::test,Pre_train_D_2.csv,Challenge_D,veh_01,1,0,1.0,flooding,flooding
23,strong_campaign,veh_01-w01,Challenge_D::Pre_train_D_2.csv::217::test,Pre_train_D_2.csv,Challenge_D,veh_01,1,0,1.0,flooding,flooding
23,strong_campaign,veh_01-w02,Challenge_S::Pre_train_S_2.csv::46::test,Pre_train_S_2.csv,Challenge_S,veh_01,1,0,1.0,flooding,flooding
23,strong_campaign,veh_01-w03,OCSLab_Car::DoS_dataset.csv::329::test,DoS_dataset.csv,OCSLab_Car,veh_01,1,0,1.0,flooding,flooding
23,strong_campaign,veh_01-w04,Challenge_S::Pre_train_S_2.csv::171::test,Pre_train_S_2.csv,Challenge_S,veh_01,1,0,1.0,flooding,flooding
23,strong_campaign,veh_01-w05,Challenge_S::Pre_train_S_2.csv::228::test,Pre_train_S_2.csv,Challenge_S,veh_01,1,0,1.0,flooding,flooding
23,strong_campaign,veh_01-w06,Challenge_S::Pre_train_S_1.csv::289::test,Pre_train_S_1.csv,Challenge_S,veh_01,1,0,1.0,flooding,flooding
23,strong_campaign,veh_01-w07,Challenge_S::Pre_train_S_2.csv::143::test,Pre_train_S_2.csv,Challenge_S,veh_01,1,0,1.0,flooding,flooding
23,strong_campaign,veh_01-w08,Challenge_D::Pre_train_D_1.csv::269::test,Pre_train_D_1.csv,Challenge_D,veh_01,1,0,1.0,flooding,flooding
23,strong_campaign,veh_01-w09,Challenge_S::Pre_train_S_1.csv::222::test,Pre_train_S_1.csv,Challenge_S,veh_01,1,0,1.0,flooding,flooding
23,strong_campaign,veh_02-w00,Challenge_D::Pre_train_D_1.csv::212::test,Pre_train_D_1.csv,Challenge_D,veh_02,1,0,1.0,flooding,flooding
23,strong_campaign,veh_02-w01,Challenge_D::Pre_train_D_2.csv::283::test,Pre_train_D_2.csv,Challenge_D,veh_02,1,0,1.0,flooding,flooding
23,strong_campaign,veh_02-w02,Challenge_D::Pre_train_D_2.csv::185::test,Pre_train_D_2.csv,Challenge_D,veh_02,1,0,1.0,flooding,flooding
23,strong_campaign,veh_02-w03,Challenge_D::Pre_train_D_2.csv::197::test,Pre_train_D_2.csv,Challenge_D,veh_02,1,0,1.0,flooding,flooding
23,strong_campaign,veh_02-w04,Challenge_S::Pre_train_S_2.csv::157::test,Pre_train_S_2.csv,Challenge_S,veh_02,1,0,1.0,flooding,flooding
23,strong_campaign,veh_02-w05,Challenge_D::Pre_train_D_1.csv::238::test,Pre_train_D_1.csv,Challenge_D,veh_02,1,0,1.0,flooding,flooding
23,strong_campaign,veh_02-w06,Challenge_D::Pre_train_D_2.csv::149::test,Pre_train_D_2.csv,Challenge_D,veh_02,1,0,1.0,flooding,flooding
23,strong_campaign,veh_02-w07,Challenge_D::Pre_train_D_1.csv::292::test,Pre_train_D_1.csv,Challenge_D,veh_02,1,0,1.0,flooding,flooding
23,strong_campaign,veh_02-w08,Challenge_S::Pre_train_S_2.csv::231::test,Pre_train_S_2.csv,Challenge_S,veh_02,1,0,1.0,flooding,flooding
23,strong_campaign,veh_02-w09,Challenge_D::Pre_train_D_1.csv::254::test,Pre_train_D_1.csv,Challenge_D,veh_02,1,0,1.0,flooding,flooding
23,strong_campaign,veh_03-w00,Challenge_S::Pre_train_S_1.csv::73::test,Pre_train_S_1.csv,Challenge_S,veh_03,1,0,1.0,flooding,flooding
23,strong_campaign,veh_03-w01,Challenge_S::Pre_train_S_1.csv::270::test,Pre_train_S_1.csv,Challenge_S,veh_03,1,0,1.0,flooding,flooding
23,strong_campaign,veh_03-w02,Challenge_D::Pre_train_D_1.csv::98::test,Pre_train_D_1.csv,Challenge_D,veh_03,1,0,1.0,flooding,flooding
23,strong_campaign,veh_03-w03,Challenge_S::Pre_train_S_1.csv::168::test,Pre_train_S_1.csv,Challenge_S,veh_03,1,0,1.0,flooding,flooding
23,strong_campaign,veh_03-w04,Challenge_S::Pre_train_S_1.csv::92::test,Pre_train_S_1.csv,Challenge_S,veh_03,1,0,1.0,flooding,flooding
23,strong_campaign,veh_03-w05,Challenge_S::Pre_train_S_1.csv::138::test,Pre_train_S_1.csv,Challenge_S,veh_03,1,0,1.0,flooding,flooding
23,strong_campaign,veh_03-w06,Challenge_S::Pre_train_S_1.csv::52::test,Pre_train_S_1.csv,Challenge_S,veh_03,1,0,1.0,flooding,flooding
23,strong_campaign,veh_03-w07,OCSLab_Car::DoS_dataset.csv::119::test,DoS_dataset.csv,OCSLab_Car,veh_03,1,0,1.0,flooding,flooding
23,strong_campaign,veh_03-w08,Challenge_S::Pre_train_S_2.csv::90::test,Pre_train_S_2.csv,Challenge_S,veh_03,1,0,1.0,flooding,flooding
23,strong_campaign,veh_03-w09,Challenge_S::Pre_train_S_2.csv::275::test,Pre_train_S_2.csv,Challenge_S,veh_03,1,0,1.0,flooding,flooding
23,strong_campaign,veh_04-w00,OCSLab_Car::DoS_dataset.csv::685::test,DoS_dataset.csv,OCSLab_Car,veh_04,1,0,1.0,flooding,flooding
23,strong_campaign,veh_04-w01,OCSLab_Car::DoS_dataset.csv::705::test,DoS_dataset.csv,OCSLab_Car,veh_04,1,0,1.0,flooding,flooding
23,strong_campaign,veh_04-w02,OCSLab_Car::DoS_dataset.csv::463::test,DoS_dataset.csv,OCSLab_Car,veh_04,1,0,1.0,flooding,flooding
23,strong_campaign,veh_04-w03,Challenge_D::Pre_train_D_2.csv::277::test,Pre_train_D_2.csv,Challenge_D,veh_04,1,0,1.0,flooding,flooding
23,strong_campaign,veh_04-w04,OCSLab_Car::DoS_dataset.csv::235::test,DoS_dataset.csv,OCSLab_Car,veh_04,1,0,1.0,flooding,flooding
23,strong_campaign,veh_04-w05,Challenge_D::Pre_train_D_1.csv::111::test,Pre_train_D_1.csv,Challenge_D,veh_04,1,0,1.0,flooding,flooding
23,strong_campaign,veh_04-w06,Challenge_D::Pre_train_D_1.csv::241::test,Pre_train_D_1.csv,Challenge_D,veh_04,1,0,1.0,flooding,flooding
23,strong_campaign,veh_04-w07,Challenge_S::Pre_train_S_2.csv::118::test,Pre_train_S_2.csv,Challenge_S,veh_04,1,0,1.0,flooding,flooding
23,strong_campaign,veh_04-w08,Challenge_D::Pre_train_D_1.csv::206::test,Pre_train_D_1.csv,Challenge_D,veh_04,1,0,1.0,flooding,flooding
23,strong_campaign,veh_04-w09,OCSLab_Car::DoS_dataset.csv::106::test,DoS_dataset.csv,OCSLab_Car,veh_04,1,0,1.0,flooding,flooding
23,strong_campaign,veh_05-w00,Challenge_S::Pre_train_S_0.csv::107::test,Pre_train_S_0.csv,Challenge_S,veh_05,0,-1,0.9541245791245792,attack_free,benign_fp
23,strong_campaign,veh_05-w01,Challenge_D::Pre_train_D_2.csv::647::test,Pre_train_D_2.csv,Challenge_D,veh_05,0,-1,0.8333333333333334,attack_free,benign_fp
23,strong_campaign,veh_05-w02,Challenge_S::Pre_train_S_2.csv::615::test,Pre_train_S_2.csv,Challenge_S,veh_05,0,-1,0.7516835016835017,attack_free,benign_fp
23,strong_campaign,veh_05-w03,OCSLab_Car::normal_run_data.txt::768::test,normal_run_data.txt,OCSLab_Car,veh_05,0,-1,0.808363784003248,attack_free,benign_fp
23,strong_campaign,veh_05-w04,Challenge_S::Pre_train_S_2.csv::619::test,Pre_train_S_2.csv,Challenge_S,veh_05,0,-1,0.9747474747474748,attack_free,benign_fp
23,strong_campaign,veh_05-w05,OCSLab_Car::normal_run_data.txt::463::test,normal_run_data.txt,OCSLab_Car,veh_05,0,-1,0.7117336581404791,attack_free,benign_fp
23,strong_campaign,veh_05-w06,Challenge_S::Pre_train_S_2.csv::597::test,Pre_train_S_2.csv,Challenge_S,veh_05,0,-1,0.8097643097643098,attack_free,benign_fp
23,strong_campaign,veh_05-w07,Challenge_D::Pre_train_D_2.csv::311::test,Pre_train_D_2.csv,Challenge_D,veh_05,0,-1,0.696969696969697,attack_free,benign_fp
23,strong_campaign,veh_05-w08,Challenge_D::Pre_train_D_2.csv::670::test,Pre_train_D_2.csv,Challenge_D,veh_05,0,-1,0.8661616161616161,attack_free,benign_fp
23,strong_campaign,veh_05-w09,OCSLab_Car::normal_run_data.txt::516::test,normal_run_data.txt,OCSLab_Car,veh_05,0,-1,0.7921234267153877,attack_free,benign_fp
23,strong_campaign,veh_06-w00,Challenge_D::Pre_train_D_0.csv::18::test,Pre_train_D_0.csv,Challenge_D,veh_06,0,-1,0.9494949494949496,attack_free,benign_fp
23,strong_campaign,veh_06-w01,Challenge_S::Pre_train_S_1.csv::762::test,Pre_train_S_1.csv,Challenge_S,veh_06,0,-1,0.9023569023569024,attack_free,benign_fp
23,strong_campaign,veh_06-w02,OCSLab_Car::normal_run_data.txt::388::test,normal_run_data.txt,OCSLab_Car,veh_06,0,-1,0.8172959805115713,attack_free,benign_fp
23,strong_campaign,veh_06-w03,OCSLab_Car::normal_run_data.txt::691::test,normal_run_data.txt,OCSLab_Car,veh_06,0,-1,0.8416565164433617,attack_free,benign_fp
23,strong_campaign,veh_06-w04,OCSLab_Car::normal_run_data.txt::72::test,normal_run_data.txt,OCSLab_Car,veh_06,0,-1,0.7101096224116931,attack_free,benign_fp
23,strong_campaign,veh_06-w05,OCSLab_Car::normal_run_data.txt::108::test,normal_run_data.txt,OCSLab_Car,veh_06,0,-1,0.8676410881039383,attack_free,benign_fp
23,strong_campaign,veh_06-w06,Challenge_S::Pre_train_S_1.csv::23::test,Pre_train_S_1.csv,Challenge_S,veh_06,0,-1,0.827020202020202,attack_free,benign_fp
23,strong_campaign,veh_06-w07,Challenge_S::Pre_train_S_2.csv::638::test,Pre_train_S_2.csv,Challenge_S,veh_06,0,-1,0.9562289562289562,attack_free,benign_fp
23,strong_campaign,veh_06-w08,Challenge_S::Pre_train_S_0.csv::106::test,Pre_train_S_0.csv,Challenge_S,veh_06,0,-1,0.752104377104377,attack_free,benign_fp
23,strong_campaign,veh_06-w09,OCSLab_Car::gear_dataset.csv::70::test,gear_dataset.csv,OCSLab_Car,veh_06,0,-1,0.6374340235485181,attack_free,benign_fp
23,strong_campaign,veh_07-w00,OCSLab_Car::normal_run_data.txt::666::test,normal_run_data.txt,OCSLab_Car,veh_07,0,-1,0.9183922046285018,attack_free,benign_fp
23,strong_campaign,veh_07-w01,OCSLab_Car::normal_run_data.txt::733::test,normal_run_data.txt,OCSLab_Car,veh_07,0,-1,0.9001218026796589,attack_free,benign_fp
23,strong_campaign,veh_07-w02,Challenge_D::Pre_train_D_0.csv::152::test,Pre_train_D_0.csv,Challenge_D,veh_07,0,-1,0.9120370370370372,attack_free,benign_fp
23,strong_campaign,veh_07-w03,OCSLab_Car::normal_run_data.txt::30::test,normal_run_data.txt,OCSLab_Car,veh_07,0,-1,0.8631749898497767,attack_free,benign_fp
23,strong_campaign,veh_07-w04,OCSLab_Car::gear_dataset.csv::156::test,gear_dataset.csv,OCSLab_Car,veh_07,0,-1,0.5935850588712952,attack_free,benign_fp
23,strong_campaign,veh_07-w05,OCSLab_Car::normal_run_data.txt::141::test,normal_run_data.txt,OCSLab_Car,veh_07,0,-1,0.878603329273244,attack_free,benign_fp
23,strong_campaign,veh_07-w06,OCSLab_Car::gear_dataset.csv::150::test,gear_dataset.csv,OCSLab_Car,veh_07,0,-1,0.5635403978887535,attack_free,benign_fp
23,strong_campaign,veh_07-w07,OCSLab_Car::normal_run_data.txt::734::test,normal_run_data.txt,OCSLab_Car,veh_07,0,-1,0.7921234267153877,attack_free,benign_fp
23,strong_campaign,veh_07-w08,OCSLab_Car::normal_run_data.txt::307::test,normal_run_data.txt,OCSLab_Car,veh_07,0,-1,0.9171741778319124,attack_free,benign_fp
23,strong_campaign,veh_07-w09,OCSLab_Car::normal_run_data.txt::674::test,normal_run_data.txt,OCSLab_Car,veh_07,0,-1,0.682095006090134,attack_free,benign_fp
23,strong_campaign,veh_08-w00,Challenge_S::Pre_train_S_1.csv::545::test,Pre_train_S_1.csv,Challenge_S,veh_08,0,-1,0.5707070707070707,attack_free,benign_fp
23,strong_campaign,veh_08-w01,OCSLab_Car::normal_run_data.txt::594::test,normal_run_data.txt,OCSLab_Car,veh_08,0,-1,0.9902557856272838,attack_free,benign_fp
23,strong_campaign,veh_08-w02,OCSLab_Car::normal_run_data.txt::618::test,normal_run_data.txt,OCSLab_Car,veh_08,0,-1,0.758018676410881,attack_free,benign_fp
23,strong_campaign,veh_08-w03,Challenge_D::Pre_train_D_0.csv::105::test,Pre_train_D_0.csv,Challenge_D,veh_08,0,-1,0.8661616161616161,attack_free,benign_fp
23,strong_campaign,veh_08-w04,Challenge_S::Pre_train_S_2.csv::646::test,Pre_train_S_2.csv,Challenge_S,veh_08,0,-1,0.8552188552188552,attack_free,benign_fp
23,strong_campaign,veh_08-w05,Challenge_D::Pre_train_D_0.csv::69::test,Pre_train_D_0.csv,Challenge_D,veh_08,0,-1,0.5673400673400674,attack_free,benign_fp
23,strong_campaign,veh_08-w06,OCSLab_Car::gear_dataset.csv::614::test,gear_dataset.csv,OCSLab_Car,veh_08,0,-1,0.657328461226147,attack_free,benign_fp
23,strong_campaign,veh_08-w07,OCSLab_Car::normal_run_data.txt::16::test,normal_run_data.txt,OCSLab_Car,veh_08,0,-1,0.805115712545676,attack_free,benign_fp
23,strong_campaign,veh_08-w08,Challenge_S::Pre_train_S_2.csv::555::test,Pre_train_S_2.csv,Challenge_S,veh_08,0,-1,0.7794612794612794,attack_free,benign_fp
23,strong_campaign,veh_08-w09,OCSLab_Car::normal_run_data.txt::595::test,normal_run_data.txt,OCSLab_Car,veh_08,0,-1,0.928948436865611,attack_free,benign_fp
23,strong_campaign,veh_09-w00,OCSLab_Car::normal_run_data.txt::592::test,normal_run_data.txt,OCSLab_Car,veh_09,0,-1,0.976857490864799,attack_free,benign_fp
23,strong_campaign,veh_09-w01,OCSLab_Car::DoS_dataset.csv::356::test,DoS_dataset.csv,OCSLab_Car,veh_09,0,-1,0.5659764514819327,attack_free,benign_fp
23,strong_campaign,veh_09-w02,Challenge_D::Pre_train_D_0.csv::19::test,Pre_train_D_0.csv,Challenge_D,veh_09,0,-1,0.7264309764309764,attack_free,benign_fp
23,strong_campaign,veh_09-w03,Challenge_S::Pre_train_S_2.csv::603::test,Pre_train_S_2.csv,Challenge_S,veh_09,0,-1,0.7011784511784511,attack_free,benign_fp
23,strong_campaign,veh_09-w04,Challenge_D::Pre_train_D_1.csv::59::test,Pre_train_D_1.csv,Challenge_D,veh_09,0,-1,0.901094276094276,attack_free,benign_fp
23,strong_campaign,veh_09-w05,OCSLab_Car::Fuzzy_dataset.csv::526::test,Fuzzy_dataset.csv,OCSLab_Car,veh_09,0,-1,0.8079577750710516,attack_free,benign_fp
23,strong_campaign,veh_09-w06,OCSLab_Car::normal_run_data.txt::396::test,normal_run_data.txt,OCSLab_Car,veh_09,0,-1,0.8388144539179861,attack_free,benign_fp
23,strong_campaign,veh_09-w07,OCSLab_Car::DoS_dataset.csv::14::test,DoS_dataset.csv,OCSLab_Car,veh_09,0,-1,0.6995533901745838,attack_free,benign_fp
23,strong_campaign,veh_09-w08,OCSLab_Car::normal_run_data.txt::281::test,normal_run_data.txt,OCSLab_Car,veh_09,0,-1,0.9833536337799432,attack_free,benign_fp
23,strong_campaign,veh_09-w09,OCSLab_Car::normal_run_data.txt::671::test,normal_run_data.txt,OCSLab_Car,veh_09,0,-1,0.7218838814453918,attack_free,benign_fp
23,strong_campaign,veh_10-w00,OCSLab_Car::Fuzzy_dataset.csv::358::test,Fuzzy_dataset.csv,OCSLab_Car,veh_10,0,-1,0.9663012586276898,attack_free,benign_fp
23,strong_campaign,veh_10-w01,Challenge_D::Pre_train_D_0.csv::208::test,Pre_train_D_0.csv,Challenge_D,veh_10,0,-1,0.9924242424242424,attack_free,benign_fp
23,strong_campaign,veh_10-w02,Challenge_S::Pre_train_S_2.csv::768::test,Pre_train_S_2.csv,Challenge_S,veh_10,0,-1,0.6893939393939394,attack_free,benign_fp
23,strong_campaign,veh_10-w03,OCSLab_Car::Fuzzy_dataset.csv::239::test,Fuzzy_dataset.csv,OCSLab_Car,veh_10,0,-1,0.5716605765326838,attack_free,benign_fp
23,strong_campaign,veh_10-w04,OCSLab_Car::normal_run_data.txt::663::test,normal_run_data.txt,OCSLab_Car,veh_10,0,-1,0.7965895249695494,attack_free,benign_fp
23,strong_campaign,veh_10-w05,OCSLab_Car::normal_run_data.txt::242::test,normal_run_data.txt,OCSLab_Car,veh_10,0,-1,0.9833536337799432,attack_free,benign_fp
23,strong_campaign,veh_10-w06,Challenge_S::Pre_train_S_2.csv::679::test,Pre_train_S_2.csv,Challenge_S,veh_10,0,-1,0.7331649831649831,attack_free,benign_fp
23,strong_campaign,veh_10-w07,OCSLab_Car::normal_run_data.txt::341::test,normal_run_data.txt,OCSLab_Car,veh_10,0,-1,0.9390986601705238,attack_free,benign_fp
23,strong_campaign,veh_10-w08,OCSLab_Car::normal_run_data.txt::137::test,normal_run_data.txt,OCSLab_Car,veh_10,0,-1,0.8639870077141697,attack_free,benign_fp
23,strong_campaign,veh_10-w09,OCSLab_Car::normal_run_data.txt::441::test,normal_run_data.txt,OCSLab_Car,veh_10,0,-1,0.8725131952902964,attack_free,benign_fp
23,strong_campaign,veh_11-w00,Challenge_D::Pre_train_D_1.csv::533::test,Pre_train_D_1.csv,Challenge_D,veh_11,0,-1,0.622895622895623,attack_free,benign_fp
23,strong_campaign,veh_11-w01,OCSLab_Car::gear_dataset.csv::588::test,gear_dataset.csv,OCSLab_Car,veh_11,0,-1,0.8928136419001218,attack_free,benign_fp
23,strong_campaign,veh_11-w02,Challenge_S::Pre_train_S_1.csv::26::test,Pre_train_S_1.csv,Challenge_S,veh_11,0,-1,0.8699494949494949,attack_free,benign_fp
23,strong_campaign,veh_11-w03,Challenge_D::Pre_train_D_0.csv::1::test,Pre_train_D_0.csv,Challenge_D,veh_11,0,-1,0.8409090909090909,attack_free,benign_fp
23,strong_campaign,veh_11-w04,OCSLab_Car::gear_dataset.csv::657::test,gear_dataset.csv,OCSLab_Car,veh_11,0,-1,0.8859114900527811,attack_free,benign_fp
23,strong_campaign,veh_11-w05,OCSLab_Car::Fuzzy_dataset.csv::207::test,Fuzzy_dataset.csv,OCSLab_Car,veh_11,0,-1,0.5866829070239545,attack_free,benign_fp
23,strong_campaign,veh_11-w06,Challenge_S::Pre_train_S_1.csv::752::test,Pre_train_S_1.csv,Challenge_S,veh_11,0,-1,0.9250841750841752,attack_free,benign_fp
23,strong_campaign,veh_11-w07,Challenge_D::Pre_train_D_0.csv::5::test,Pre_train_D_0.csv,Challenge_D,veh_11,0,-1,0.8409090909090909,attack_free,benign_fp
23,strong_campaign,veh_11-w08,Challenge_D::Pre_train_D_0.csv::273::test,Pre_train_D_0.csv,Challenge_D,veh_11,0,-1,0.6085858585858586,attack_free,benign_fp
23,strong_campaign,veh_11-w09,OCSLab_Car::gear_dataset.csv::313::test,gear_dataset.csv,OCSLab_Car,veh_11,0,-1,0.5574502639058059,attack_free,benign_fp
23,strong_campaign,veh_12-w00,OCSLab_Car::gear_dataset.csv::564::test,gear_dataset.csv,OCSLab_Car,veh_12,0,-1,0.6979293544457978,attack_free,benign_fp
23,strong_campaign,veh_12-w01,Challenge_D::Pre_train_D_2.csv::744::test,Pre_train_D_2.csv,Challenge_D,veh_12,0,-1,0.6060606060606061,attack_free,benign_fp
23,strong_campaign,veh_12-w02,OCSLab_Car::normal_run_data.txt::760::test,normal_run_data.txt,OCSLab_Car,veh_12,0,-1,0.7661388550548112,attack_free,benign_fp
23,strong_campaign,veh_12-w03,OCSLab_Car::normal_run_data.txt::245::test,normal_run_data.txt,OCSLab_Car,veh_12,0,-1,0.9468128298822576,attack_free,benign_fp
23,strong_campaign,veh_12-w04,Challenge_D::Pre_train_D_0.csv::146::test,Pre_train_D_0.csv,Challenge_D,veh_12,0,-1,0.960016835016835,attack_free,benign_fp
23,strong_campaign,veh_12-w05,OCSLab_Car::normal_run_data.txt::39::test,normal_run_data.txt,OCSLab_Car,veh_12,0,-1,0.8574908647990256,attack_free,benign_fp
23,strong_campaign,veh_12-w06,OCSLab_Car::gear_dataset.csv::654::test,gear_dataset.csv,OCSLab_Car,veh_12,0,-1,0.9801055623223712,attack_free,benign_fp
23,strong_campaign,veh_12-w07,Challenge_D::Pre_train_D_0.csv::100::test,Pre_train_D_0.csv,Challenge_D,veh_12,0,-1,0.933080808080808,attack_free,benign_fp
23,strong_campaign,veh_12-w08,Challenge_D::Pre_train_D_2.csv::676::test,Pre_train_D_2.csv,Challenge_D,veh_12,0,-1,0.6725589225589226,attack_free,benign_fp
23,strong_campaign,veh_12-w09,OCSLab_Car::normal_run_data.txt::623::test,normal_run_data.txt,OCSLab_Car,veh_12,0,-1,0.7685749086479903,attack_free,benign_fp
23,strong_campaign,veh_13-w00,OCSLab_Car::normal_run_data.txt::784::test,normal_run_data.txt,OCSLab_Car,veh_13,0,-1,0.9045879009338206,attack_free,benign_fp
23,strong_campaign,veh_13-w01,OCSLab_Car::Fuzzy_dataset.csv::550::test,Fuzzy_dataset.csv,OCSLab_Car,veh_13,0,-1,0.8863174989849777,attack_free,benign_fp
23,strong_campaign,veh_13-w02,Challenge_D::Pre_train_D_0.csv::164::test,Pre_train_D_0.csv,Challenge_D,veh_13,0,-1,0.8918350168350169,attack_free,benign_fp
23,strong_campaign,veh_13-w03,OCSLab_Car::normal_run_data.txt::365::test,normal_run_data.txt,OCSLab_Car,veh_13,0,-1,0.9849776695087292,attack_free,benign_fp
23,strong_campaign,veh_13-w04,Challenge_D::Pre_train_D_0.csv::185::test,Pre_train_D_0.csv,Challenge_D,veh_13,0,-1,0.8156565656565656,attack_free,benign_fp
23,strong_campaign,veh_13-w05,Challenge_S::Pre_train_S_1.csv::0::test,Pre_train_S_1.csv,Challenge_S,veh_13,0,-1,0.8005050505050505,attack_free,benign_fp
23,strong_campaign,veh_13-w06,OCSLab_Car::gear_dataset.csv::637::test,gear_dataset.csv,OCSLab_Car,veh_13,0,-1,0.7226958993097848,attack_free,benign_fp
23,strong_campaign,veh_13-w07,OCSLab_Car::normal_run_data.txt::470::test,normal_run_data.txt,OCSLab_Car,veh_13,0,-1,0.8907835972391392,attack_free,benign_fp
23,strong_campaign,veh_13-w08,OCSLab_Car::normal_run_data.txt::252::test,normal_run_data.txt,OCSLab_Car,veh_13,0,-1,0.9910678034916768,attack_free,benign_fp
23,strong_campaign,veh_13-w09,OCSLab_Car::gear_dataset.csv::616::test,gear_dataset.csv,OCSLab_Car,veh_13,0,-1,0.5513601299228583,attack_free,benign_fp
23,strong_campaign,veh_14-w00,Challenge_S::Pre_train_S_0.csv::69::test,Pre_train_S_0.csv,Challenge_S,veh_14,0,-1,0.9225589225589226,attack_free,benign_fp
23,strong_campaign,veh_14-w01,Challenge_D::Pre_train_D_2.csv::745::test,Pre_train_D_2.csv,Challenge_D,veh_14,0,-1,0.9225589225589226,attack_free,benign_fp
23,strong_campaign,veh_14-w02,Challenge_D::Pre_train_D_2.csv::61::test,Pre_train_D_2.csv,Challenge_D,veh_14,0,-1,0.7192760942760943,attack_free,benign_fp
23,strong_campaign,veh_14-w03,OCSLab_Car::Fuzzy_dataset.csv::533::test,Fuzzy_dataset.csv,OCSLab_Car,veh_14,0,-1,0.730004060089322,attack_free,benign_fp
23,strong_campaign,veh_14-w04,OCSLab_Car::gear_dataset.csv::513::test,gear_dataset.csv,OCSLab_Car,veh_14,0,-1,0.5676004872107187,attack_free,benign_fp
23,strong_campaign,veh_14-w05,OCSLab_Car::normal_run_data.txt::523::test,normal_run_data.txt,OCSLab_Car,veh_14,0,-1,0.7884693463256192,attack_free,benign_fp
23,strong_campaign,veh_14-w06,Challenge_D::Pre_train_D_0.csv::159::test,Pre_train_D_0.csv,Challenge_D,veh_14,0,-1,0.8985690235690236,attack_free,benign_fp
23,strong_campaign,veh_14-w07,Challenge_D::Pre_train_D_0.csv::132::test,Pre_train_D_0.csv,Challenge_D,veh_14,0,-1,0.9806397306397306,attack_free,benign_fp
23,strong_campaign,veh_14-w08,OCSLab_Car::normal_run_data.txt::783::test,normal_run_data.txt,OCSLab_Car,veh_14,0,-1,0.6544863987007714,attack_free,benign_fp
23,strong_campaign,veh_14-w09,OCSLab_Car::normal_run_data.txt::268::test,normal_run_data.txt,OCSLab_Car,veh_14,0,-1,0.9431587494924888,attack_free,benign_fp
23,strong_campaign,veh_15-w00,Challenge_D::Pre_train_D_2.csv::52::test,Pre_train_D_2.csv,Challenge_D,veh_15,0,-1,0.7584175084175084,attack_free,benign_fp
23,strong_campaign,veh_15-w01,OCSLab_Car::normal_run_data.txt::610::test,normal_run_data.txt,OCSLab_Car,veh_15,0,-1,0.98254161591555,attack_free,benign_fp
23,strong_campaign,veh_15-w02,OCSLab_Car::normal_run_data.txt::185::test,normal_run_data.txt,OCSLab_Car,veh_15,0,-1,0.9484368656110436,attack_free,benign_fp
23,strong_campaign,veh_15-w03,Challenge_D::Pre_train_D_1.csv::80::test,Pre_train_D_1.csv,Challenge_D,veh_15,0,-1,0.5862794612794613,attack_free,benign_fp
23,strong_campaign,veh_15-w04,OCSLab_Car::DoS_dataset.csv::722::test,DoS_dataset.csv,OCSLab_Car,veh_15,0,-1,0.5602923264311814,attack_free,benign_fp
23,strong_campaign,veh_15-w05,OCSLab_Car::normal_run_data.txt::701::test,normal_run_data.txt,OCSLab_Car,veh_15,0,-1,0.9853836784409256,attack_free,benign_fp
23,strong_campaign,veh_15-w06,Challenge_D::Pre_train_D_2.csv::65::test,Pre_train_D_2.csv,Challenge_D,veh_15,0,-1,0.986952861952862,attack_free,benign_fp
23,strong_campaign,veh_15-w07,Challenge_D::Pre_train_D_2.csv::631::test,Pre_train_D_2.csv,Challenge_D,veh_15,0,-1,0.5787037037037037,attack_free,benign_fp
23,strong_campaign,veh_15-w08,OCSLab_Car::normal_run_data.txt::526::test,normal_run_data.txt,OCSLab_Car,veh_15,0,-1,0.8798213560698336,attack_free,benign_fp
23,strong_campaign,veh_15-w09,OCSLab_Car::gear_dataset.csv::167::test,gear_dataset.csv,OCSLab_Car,veh_15,0,-1,0.65814047909054,attack_free,benign_fp
23,strong_campaign,veh_16-w00,OCSLab_Car::normal_run_data.txt::156::test,normal_run_data.txt,OCSLab_Car,veh_16,0,-1,0.9350385708485588,attack_free,benign_fp
23,strong_campaign,veh_16-w01,OCSLab_Car::normal_run_data.txt::338::test,normal_run_data.txt,OCSLab_Car,veh_16,0,-1,0.9078359723913926,attack_free,benign_fp
23,strong_campaign,veh_16-w02,OCSLab_Car::gear_dataset.csv::611::test,gear_dataset.csv,OCSLab_Car,veh_16,0,-1,0.8587088915956151,attack_free,benign_fp
23,strong_campaign,veh_16-w03,OCSLab_Car::RPM_dataset.csv::543::test,RPM_dataset.csv,OCSLab_Car,veh_16,0,-1,0.5883069427527405,attack_free,benign_fp
23,strong_campaign,veh_16-w04,OCSLab_Car::normal_run_data.txt::292::test,normal_run_data.txt,OCSLab_Car,veh_16,0,-1,0.980917580186764,attack_free,benign_fp
23,strong_campaign,veh_16-w05,OCSLab_Car::normal_run_data.txt::494::test,normal_run_data.txt,OCSLab_Car,veh_16,0,-1,0.9626471782379212,attack_free,benign_fp
23,strong_campaign,veh_16-w06,OCSLab_Car::normal_run_data.txt::346::test,normal_run_data.txt,OCSLab_Car,veh_16,0,-1,0.907429963459196,attack_free,benign_fp
23,strong_campaign,veh_16-w07,Challenge_D::Pre_train_D_0.csv::126::test,Pre_train_D_0.csv,Challenge_D,veh_16,0,-1,0.7878787878787878,attack_free,benign_fp
23,strong_campaign,veh_16-w08,Challenge_D::Pre_train_D_2.csv::595::test,Pre_train_D_2.csv,Challenge_D,veh_16,0,-1,0.8686868686868687,attack_free,benign_fp
23,strong_campaign,veh_16-w09,OCSLab_Car::normal_run_data.txt::510::test,normal_run_data.txt,OCSLab_Car,veh_16,0,-1,0.8635809987819733,attack_free,benign_fp
23,strong_campaign,veh_17-w00,OCSLab_Car::normal_run_data.txt::66::test,normal_run_data.txt,OCSLab_Car,veh_17,0,-1,0.7807551766138855,attack_free,benign_fp
23,strong_campaign,veh_17-w01,Challenge_D::Pre_train_D_1.csv::16::test,Pre_train_D_1.csv,Challenge_D,veh_17,0,-1,0.7247474747474747,attack_free,benign_fp
23,strong_campaign,veh_17-w02,OCSLab_Car::normal_run_data.txt::186::test,normal_run_data.txt,OCSLab_Car,veh_17,0,-1,0.8964677222898904,attack_free,benign_fp
23,strong_campaign,veh_17-w03,Challenge_D::Pre_train_D_2.csv::692::test,Pre_train_D_2.csv,Challenge_D,veh_17,0,-1,0.7992424242424242,attack_free,benign_fp
23,strong_campaign,veh_17-w04,OCSLab_Car::gear_dataset.csv::560::test,gear_dataset.csv,OCSLab_Car,veh_17,0,-1,0.7486804709703614,attack_free,benign_fp
23,strong_campaign,veh_17-w05,Challenge_D::Pre_train_D_2.csv::318::test,Pre_train_D_2.csv,Challenge_D,veh_17,0,-1,0.5925925925925926,attack_free,benign_fp
23,strong_campaign,veh_17-w06,OCSLab_Car::normal_run_data.txt::460::test,normal_run_data.txt,OCSLab_Car,veh_17,0,-1,0.6845310596833131,attack_free,benign_fp
23,strong_campaign,veh_17-w07,Challenge_S::Pre_train_S_0.csv::35::test,Pre_train_S_0.csv,Challenge_S,veh_17,0,-1,0.5968013468013468,attack_free,benign_fp
23,strong_campaign,veh_17-w08,OCSLab_Car::normal_run_data.txt::528::test,normal_run_data.txt,OCSLab_Car,veh_17,0,-1,0.9244823386114496,attack_free,benign_fp
23,strong_campaign,veh_17-w09,Challenge_D::Pre_train_D_0.csv::172::test,Pre_train_D_0.csv,Challenge_D,veh_17,0,-1,0.6060606060606061,attack_free,benign_fp
23,strong_campaign,veh_18-w00,Challenge_S::Pre_train_S_2.csv::577::test,Pre_train_S_2.csv,Challenge_S,veh_18,0,-1,0.877104377104377,attack_free,benign_fp
23,strong_campaign,veh_18-w01,OCSLab_Car::gear_dataset.csv::652::test,gear_dataset.csv,OCSLab_Car,veh_18,0,-1,0.8380024360535931,attack_free,benign_fp
23,strong_campaign,veh_18-w02,Challenge_D::Pre_train_D_0.csv::233::test,Pre_train_D_0.csv,Challenge_D,veh_18,0,-1,0.9225589225589226,attack_free,benign_fp
23,strong_campaign,veh_18-w03,OCSLab_Car::normal_run_data.txt::631::test,normal_run_data.txt,OCSLab_Car,veh_18,0,-1,0.9277304100690216,attack_free,benign_fp
23,strong_campaign,veh_18-w04,OCSLab_Car::Fuzzy_dataset.csv::249::test,Fuzzy_dataset.csv,OCSLab_Car,veh_18,0,-1,0.6873731222086886,attack_free,benign_fp
23,strong_campaign,veh_18-w05,OCSLab_Car::normal_run_data.txt::176::test,normal_run_data.txt,OCSLab_Car,veh_18,0,-1,0.926512383272432,attack_free,benign_fp
23,strong_campaign,veh_18-w06,OCSLab_Car::gear_dataset.csv::123::test,gear_dataset.csv,OCSLab_Car,veh_18,0,-1,0.6963053187170117,attack_free,benign_fp
23,strong_campaign,veh_18-w07,OCSLab_Car::normal_run_data.txt::466::test,normal_run_data.txt,OCSLab_Car,veh_18,0,-1,0.9533089727974016,attack_free,benign_fp
23,strong_campaign,veh_18-w08,OCSLab_Car::normal_run_data.txt::655::test,normal_run_data.txt,OCSLab_Car,veh_18,0,-1,0.8834754364596021,attack_free,benign_fp
23,strong_campaign,veh_18-w09,OCSLab_Car::gear_dataset.csv::735::test,gear_dataset.csv,OCSLab_Car,veh_18,0,-1,0.9663012586276898,attack_free,benign_fp
23,strong_campaign,veh_19-w00,Challenge_D::Pre_train_D_2.csv::299::test,Pre_train_D_2.csv,Challenge_D,veh_19,0,-1,0.7432659932659933,attack_free,benign_fp
23,strong_campaign,veh_19-w01,Challenge_D::Pre_train_D_2.csv::699::test,Pre_train_D_2.csv,Challenge_D,veh_19,0,-1,0.8232323232323232,attack_free,benign_fp
23,strong_campaign,veh_19-w02,Challenge_S::Pre_train_S_2.csv::35::test,Pre_train_S_2.csv,Challenge_S,veh_19,0,-1,0.9823232323232324,attack_free,benign_fp
23,strong_campaign,veh_19-w03,Challenge_S::Pre_train_S_0.csv::289::test,Pre_train_S_0.csv,Challenge_S,veh_19,0,-1,0.7167508417508418,attack_free,benign_fp
23,strong_campaign,veh_19-w04,OCSLab_Car::normal_run_data.txt::749::test,normal_run_data.txt,OCSLab_Car,veh_19,0,-1,0.6561104344295574,attack_free,benign_fp
23,strong_campaign,veh_19-w05,Challenge_S::Pre_train_S_2.csv::586::test,Pre_train_S_2.csv,Challenge_S,veh_19,0,-1,0.6178451178451179,attack_free,benign_fp
23,strong_campaign,veh_19-w06,Challenge_D::Pre_train_D_2.csv::3::test,Pre_train_D_2.csv,Challenge_D,veh_19,0,-1,0.7643097643097643,attack_free,benign_fp
23,strong_campaign,veh_19-w07,OCSLab_Car::normal_run_data.txt::543::test,normal_run_data.txt,OCSLab_Car,veh_19,0,-1,0.8635809987819733,attack_free,benign_fp
23,strong_campaign,veh_19-w08,OCSLab_Car::gear_dataset.csv::669::test,gear_dataset.csv,OCSLab_Car,veh_19,0,-1,0.7161997563946407,attack_free,benign_fp
23,strong_campaign,veh_19-w09,Challenge_S::Pre_train_S_0.csv::211::test,Pre_train_S_0.csv,Challenge_S,veh_19,0,-1,0.9217171717171716,attack_free,benign_fp
23,weak_campaign,veh_00-w00,Challenge_D::Pre_train_D_1.csv::649::test,Pre_train_D_1.csv,Challenge_D,veh_00,1,0,0.5976430976430976,replay,replay
23,weak_campaign,veh_00-w01,Challenge_D::Pre_train_D_1.csv::648::test,Pre_train_D_1.csv,Challenge_D,veh_00,1,0,0.6603535353535354,replay,replay
23,weak_campaign,veh_00-w02,Challenge_S::Pre_train_S_1.csv::651::test,Pre_train_S_1.csv,Challenge_S,veh_00,1,0,0.7558922558922558,replay,replay
23,weak_campaign,veh_00-w03,Challenge_D::Pre_train_D_1.csv::605::test,Pre_train_D_1.csv,Challenge_D,veh_00,1,0,0.7230639730639731,replay,replay
23,weak_campaign,veh_00-w04,Challenge_S::Pre_train_S_1.csv::635::test,Pre_train_S_1.csv,Challenge_S,veh_00,1,0,0.6401515151515151,replay,replay
23,weak_campaign,veh_00-w05,Challenge_S::Pre_train_S_1.csv::628::test,Pre_train_S_1.csv,Challenge_S,veh_00,1,0,0.7146464646464646,replay,replay
23,weak_campaign,veh_00-w06,Challenge_D::Pre_train_D_1.csv::769::test,Pre_train_D_1.csv,Challenge_D,veh_00,1,0,0.7104377104377104,replay,replay
23,weak_campaign,veh_00-w07,Challenge_D::Pre_train_D_1.csv::785::test,Pre_train_D_1.csv,Challenge_D,veh_00,1,0,0.5627104377104377,replay,replay
23,weak_campaign,veh_00-w08,Challenge_S::Pre_train_S_1.csv::608::test,Pre_train_S_1.csv,Challenge_S,veh_00,1,0,0.7634680134680135,replay,replay
23,weak_campaign,veh_00-w09,Challenge_S::Pre_train_S_1.csv::655::test,Pre_train_S_1.csv,Challenge_S,veh_00,1,0,0.686026936026936,replay,replay
23,weak_campaign,veh_01-w00,Challenge_D::Pre_train_D_1.csv::718::test,Pre_train_D_1.csv,Challenge_D,veh_01,1,0,0.6721380471380471,replay,replay
23,weak_campaign,veh_01-w01,Challenge_S::Pre_train_S_1.csv::633::test,Pre_train_S_1.csv,Challenge_S,veh_01,1,0,0.7946127946127947,replay,replay
23,weak_campaign,veh_01-w02,Challenge_D::Pre_train_D_1.csv::637::test,Pre_train_D_1.csv,Challenge_D,veh_01,1,0,0.7916666666666666,replay,replay
23,weak_campaign,veh_01-w03,Challenge_D::Pre_train_D_1.csv::688::test,Pre_train_D_1.csv,Challenge_D,veh_01,1,0,0.7335858585858586,replay,replay
23,weak_campaign,veh_01-w04,Challenge_S::Pre_train_S_1.csv::598::test,Pre_train_S_1.csv,Challenge_S,veh_01,1,0,0.6515151515151515,replay,replay
23,weak_campaign,veh_01-w05,Challenge_D::Pre_train_D_1.csv::782::test,Pre_train_D_1.csv,Challenge_D,veh_01,1,0,0.6300505050505051,replay,replay
23,weak_campaign,veh_01-w06,Challenge_D::Pre_train_D_1.csv::664::test,Pre_train_D_1.csv,Challenge_D,veh_01,1,0,0.7495791245791246,replay,replay
23,weak_campaign,veh_01-w07,Challenge_D::Pre_train_D_1.csv::612::test,Pre_train_D_1.csv,Challenge_D,veh_01,1,0,0.5820707070707071,replay,replay
23,weak_campaign,veh_01-w08,Challenge_D::Pre_train_D_1.csv::774::test,Pre_train_D_1.csv,Challenge_D,veh_01,1,0,0.632996632996633,replay,replay
23,weak_campaign,veh_01-w09,Challenge_D::Pre_train_D_1.csv::623::test,Pre_train_D_1.csv,Challenge_D,veh_01,1,0,0.7243265993265994,replay,replay
23,weak_campaign,veh_02-w00,Challenge_S::Pre_train_S_1.csv::697::test,Pre_train_S_1.csv,Challenge_S,veh_02,1,0,0.6902356902356902,replay,replay
23,weak_campaign,veh_02-w01,Challenge_D::Pre_train_D_1.csv::678::test,Pre_train_D_1.csv,Challenge_D,veh_02,1,0,0.7912457912457912,replay,replay
23,weak_campaign,veh_02-w02,Challenge_D::Pre_train_D_1.csv::766::test,Pre_train_D_1.csv,Challenge_D,veh_02,1,0,0.7567340067340067,replay,replay
23,weak_campaign,veh_02-w03,Challenge_D::Pre_train_D_1.csv::732::test,Pre_train_D_1.csv,Challenge_D,veh_02,1,0,0.7946127946127947,replay,replay
23,weak_campaign,veh_02-w04,Challenge_D::Pre_train_D_1.csv::643::test,Pre_train_D_1.csv,Challenge_D,veh_02,1,0,0.6321548821548821,replay,replay
23,weak_campaign,veh_02-w05,Challenge_S::Pre_train_S_1.csv::639::test,Pre_train_S_1.csv,Challenge_S,veh_02,1,0,0.7361111111111112,replay,replay
23,weak_campaign,veh_02-w06,Challenge_S::Pre_train_S_1.csv::689::test,Pre_train_S_1.csv,Challenge_S,veh_02,1,0,0.7781986531986532,replay,replay
23,weak_campaign,veh_02-w07,Challenge_S::Pre_train_S_1.csv::631::test,Pre_train_S_1.csv,Challenge_S,veh_02,1,0,0.6144781144781145,replay,replay
23,weak_campaign,veh_02-w08,Challenge_S::Pre_train_S_1.csv::702::test,Pre_train_S_1.csv,Challenge_S,veh_02,1,0,0.7845117845117845,replay,replay
23,weak_campaign,veh_02-w09,Challenge_D::Pre_train_D_1.csv::660::test,Pre_train_D_1.csv,Challenge_D,veh_02,1,0,0.6506734006734006,replay,replay
23,weak_campaign,veh_03-w00,Challenge_D::Pre_train_D_1.csv::699::test,Pre_train_D_1.csv,Challenge_D,veh_03,1,0,0.6763468013468014,replay,replay
23,weak_campaign,veh_03-w01,Challenge_S::Pre_train_S_1.csv::670::test,Pre_train_S_1.csv,Challenge_S,veh_03,1,0,0.7331649831649831,replay,replay
23,weak_campaign,veh_03-w02,Challenge_D::Pre_train_D_1.csv::754::test,Pre_train_D_1.csv,Challenge_D,veh_03,1,0,0.7462121212121212,replay,replay
23,weak_campaign,veh_03-w03,Challenge_D::Pre_train_D_1.csv::646::test,Pre_train_D_1.csv,Challenge_D,veh_03,1,0,0.7752525252525253,replay,replay
23,weak_campaign,veh_03-w04,Challenge_D::Pre_train_D_1.csv::709::test,Pre_train_D_1.csv,Challenge_D,veh_03,1,0,0.6851851851851852,replay,replay
23,weak_campaign,veh_03-w05,Challenge_D::Pre_train_D_1.csv::780::test,Pre_train_D_1.csv,Challenge_D,veh_03,1,0,0.7159090909090909,replay,replay
23,weak_campaign,veh_03-w06,Challenge_D::Pre_train_D_1.csv::715::test,Pre_train_D_1.csv,Challenge_D,veh_03,1,0,0.5749158249158249,replay,replay
23,weak_campaign,veh_03-w07,Challenge_S::Pre_train_S_1.csv::643::test,Pre_train_S_1.csv,Challenge_S,veh_03,1,0,0.7605218855218855,replay,replay
23,weak_campaign,veh_03-w08,Challenge_D::Pre_train_D_1.csv::778::test,Pre_train_D_1.csv,Challenge_D,veh_03,1,0,0.6443602693602694,replay,replay
23,weak_campaign,veh_03-w09,Challenge_S::Pre_train_S_1.csv::667::test,Pre_train_S_1.csv,Challenge_S,veh_03,1,0,0.7550505050505051,replay,replay
23,weak_campaign,veh_04-w00,Challenge_S::Pre_train_S_1.csv::624::test,Pre_train_S_1.csv,Challenge_S,veh_04,1,0,0.7394781144781145,replay,replay
23,weak_campaign,veh_04-w01,Challenge_S::Pre_train_S_1.csv::607::test,Pre_train_S_1.csv,Challenge_S,veh_04,1,0,0.6435185185185185,replay,replay
23,weak_campaign,veh_04-w02,Challenge_D::Pre_train_D_1.csv::662::test,Pre_train_D_1.csv,Challenge_D,veh_04,1,0,0.6216329966329966,replay,replay
23,weak_campaign,veh_04-w03,Challenge_D::Pre_train_D_1.csv::783::test,Pre_train_D_1.csv,Challenge_D,veh_04,1,0,0.6931818181818182,replay,replay
23,weak_campaign,veh_04-w04,Challenge_D::Pre_train_D_1.csv::726::test,Pre_train_D_1.csv,Challenge_D,veh_04,1,0,0.773989898989899,replay,replay
23,weak_campaign,veh_04-w05,Challenge_S::Pre_train_S_1.csv::700::test,Pre_train_S_1.csv,Challenge_S,veh_04,1,0,0.571969696969697,replay,replay
23,weak_campaign,veh_04-w06,Challenge_S::Pre_train_S_1.csv::703::test,Pre_train_S_1.csv,Challenge_S,veh_04,1,0,0.7117003367003367,replay,replay
23,weak_campaign,veh_04-w07,Challenge_D::Pre_train_D_1.csv::630::test,Pre_train_D_1.csv,Challenge_D,veh_04,1,0,0.7394781144781145,replay,replay
23,weak_campaign,veh_04-w08,Challenge_D::Pre_train_D_1.csv::728::test,Pre_train_D_1.csv,Challenge_D,veh_04,1,0,0.5862794612794613,replay,replay
23,weak_campaign,veh_04-w09,Challenge_D::Pre_train_D_1.csv::666::test,Pre_train_D_1.csv,Challenge_D,veh_04,1,0,0.7584175084175084,replay,replay
23,weak_campaign,veh_05-w00,Challenge_D::Pre_train_D_2.csv::745::test,Pre_train_D_2.csv,Challenge_D,veh_05,0,-1,0.9225589225589226,attack_free,benign_fp
23,weak_campaign,veh_05-w01,Challenge_D::Pre_train_D_0.csv::78::test,Pre_train_D_0.csv,Challenge_D,veh_05,0,-1,0.577020202020202,attack_free,benign_fp
23,weak_campaign,veh_05-w02,Challenge_S::Pre_train_S_2.csv::591::test,Pre_train_S_2.csv,Challenge_S,veh_05,0,-1,0.8623737373737373,attack_free,benign_fp
23,weak_campaign,veh_05-w03,OCSLab_Car::gear_dataset.csv::739::test,gear_dataset.csv,OCSLab_Car,veh_05,0,-1,0.6837190418189201,attack_free,benign_fp
23,weak_campaign,veh_05-w04,OCSLab_Car::normal_run_data.txt::422::test,normal_run_data.txt,OCSLab_Car,veh_05,0,-1,0.94884287454324,attack_free,benign_fp
23,weak_campaign,veh_05-w05,OCSLab_Car::normal_run_data.txt::8::test,normal_run_data.txt,OCSLab_Car,veh_05,0,-1,0.8944376776289078,attack_free,benign_fp
23,weak_campaign,veh_05-w06,OCSLab_Car::normal_run_data.txt::133::test,normal_run_data.txt,OCSLab_Car,veh_05,0,-1,0.8883475436459602,attack_free,benign_fp
23,weak_campaign,veh_05-w07,OCSLab_Car::normal_run_data.txt::773::test,normal_run_data.txt,OCSLab_Car,veh_05,0,-1,0.7137637028014616,attack_free,benign_fp
23,weak_campaign,veh_05-w08,Challenge_S::Pre_train_S_2.csv::533::test,Pre_train_S_2.csv,Challenge_S,veh_05,0,-1,0.6902356902356902,attack_free,benign_fp
23,weak_campaign,veh_05-w09,OCSLab_Car::Fuzzy_dataset.csv::191::test,Fuzzy_dataset.csv,OCSLab_Car,veh_05,0,-1,0.5631343889565571,attack_free,benign_fp
23,weak_campaign,veh_06-w00,Challenge_D::Pre_train_D_0.csv::226::test,Pre_train_D_0.csv,Challenge_D,veh_06,0,-1,0.8745791245791246,attack_free,benign_fp
23,weak_campaign,veh_06-w01,OCSLab_Car::normal_run_data.txt::15::test,normal_run_data.txt,OCSLab_Car,veh_06,0,-1,0.8611449451887941,attack_free,benign_fp
23,weak_campaign,veh_06-w02,OCSLab_Car::gear_dataset.csv::772::test,gear_dataset.csv,OCSLab_Car,veh_06,0,-1,0.583028826634186,attack_free,benign_fp
23,weak_campaign,veh_06-w03,Challenge_S::Pre_train_S_0.csv::225::test,Pre_train_S_0.csv,Challenge_S,veh_06,0,-1,0.7584175084175084,attack_free,benign_fp
23,weak_campaign,veh_06-w04,Challenge_D::Pre_train_D_0.csv::274::test,Pre_train_D_0.csv,Challenge_D,veh_06,0,-1,0.9027777777777778,attack_free,benign_fp
23,weak_campaign,veh_06-w05,OCSLab_Car::normal_run_data.txt::415::test,normal_run_data.txt,OCSLab_Car,veh_06,0,-1,0.9874137231019082,attack_free,benign_fp
23,weak_campaign,veh_06-w06,OCSLab_Car::gear_dataset.csv::554::test,gear_dataset.csv,OCSLab_Car,veh_06,0,-1,0.6427121396670726,attack_free,benign_fp
23,weak_campaign,veh_06-w07,OCSLab_Car::normal_run_data.txt::761::test,normal_run_data.txt,OCSLab_Car,veh_06,0,-1,0.6406820950060901,attack_free,benign_fp
23,weak_campaign,veh_06-w08,Challenge_D::Pre_train_D_1.csv::442::test,Pre_train_D_1.csv,Challenge_D,veh_06,0,-1,0.7453703703703703,attack_free,benign_fp
23,weak_campaign,veh_06-w09,OCSLab_Car::gear_dataset.csv::657::test,gear_dataset.csv,OCSLab_Car,veh_06,0,-1,0.8859114900527811,attack_free,benign_fp
23,weak_campaign,veh_07-w00,OCSLab_Car::normal_run_data.txt::268::test,normal_run_data.txt,OCSLab_Car,veh_07,0,-1,0.9431587494924888,attack_free,benign_fp
23,weak_campaign,veh_07-w01,OCSLab_Car::normal_run_data.txt::173::test,normal_run_data.txt,OCSLab_Car,veh_07,0,-1,0.7097036134794965,attack_free,benign_fp
23,weak_campaign,veh_07-w02,Challenge_D::Pre_train_D_0.csv::260::test,Pre_train_D_0.csv,Challenge_D,veh_07,0,-1,0.8573232323232324,attack_free,benign_fp
23,weak_campaign,veh_07-w03,OCSLab_Car::normal_run_data.txt::605::test,normal_run_data.txt,OCSLab_Car,veh_07,0,-1,0.8964677222898904,attack_free,benign_fp
23,weak_campaign,veh_07-w04,OCSLab_Car::normal_run_data.txt::363::test,normal_run_data.txt,OCSLab_Car,veh_07,0,-1,0.877791311408851,attack_free,benign_fp
23,weak_campaign,veh_07-w05,Challenge_S::Pre_train_S_1.csv::1::test,Pre_train_S_1.csv,Challenge_S,veh_07,0,-1,0.8459595959595959,attack_free,benign_fp
23,weak_campaign,veh_07-w06,OCSLab_Car::normal_run_data.txt::114::test,normal_run_data.txt,OCSLab_Car,veh_07,0,-1,0.9460008120178643,attack_free,benign_fp
23,weak_campaign,veh_07-w07,OCSLab_Car::DoS_dataset.csv::44::test,DoS_dataset.csv,OCSLab_Car,veh_07,0,-1,0.5992691839220463,attack_free,benign_fp
23,weak_campaign,veh_07-w08,Challenge_D::Pre_train_D_2.csv::635::test,Pre_train_D_2.csv,Challenge_D,veh_07,0,-1,0.8186026936026936,attack_free,benign_fp
23,weak_campaign,veh_07-w09,OCSLab_Car::normal_run_data.txt::166::test,normal_run_data.txt,OCSLab_Car,veh_07,0,-1,0.8936256597645148,attack_free,benign_fp
23,weak_campaign,veh_08-w00,OCSLab_Car::normal_run_data.txt::463::test,normal_run_data.txt,OCSLab_Car,veh_08,0,-1,0.7117336581404791,attack_free,benign_fp
23,weak_campaign,veh_08-w01,OCSLab_Car::normal_run_data.txt::524::test,normal_run_data.txt,OCSLab_Car,veh_08,0,-1,0.8026796589524969,attack_free,benign_fp
23,weak_campaign,veh_08-w02,OCSLab_Car::normal_run_data.txt::345::test,normal_run_data.txt,OCSLab_Car,veh_08,0,-1,0.976045473000406,attack_free,benign_fp
23,weak_campaign,veh_08-w03,Challenge_S::Pre_train_S_0.csv::104::test,Pre_train_S_0.csv,Challenge_S,veh_08,0,-1,0.7748316498316499,attack_free,benign_fp
23,weak_campaign,veh_08-w04,OCSLab_Car::normal_run_data.txt::738::test,normal_run_data.txt,OCSLab_Car,veh_08,0,-1,0.8014616321559074,attack_free,benign_fp
23,weak_campaign,veh_08-w05,Challenge_D::Pre_train_D_2.csv::775::test,Pre_train_D_2.csv,Challenge_D,veh_08,0,-1,0.6910774410774411,attack_free,benign_fp
23,weak_campaign,veh_08-w06,Challenge_S::Pre_train_S_2.csv::602::test,Pre_train_S_2.csv,Challenge_S,veh_08,0,-1,0.9208754208754208,attack_free,benign_fp
23,weak_campaign,veh_08-w07,OCSLab_Car::normal_run_data.txt::92::test,normal_run_data.txt,OCSLab_Car,veh_08,0,-1,0.7726349979699554,attack_free,benign_fp
23,weak_campaign,veh_08-w08,Challenge_D::Pre_train_D_0.csv::212::test,Pre_train_D_0.csv,Challenge_D,veh_08,0,-1,0.7163299663299664,attack_free,benign_fp
23,weak_campaign,veh_08-w09,Challenge_S::Pre_train_S_2.csv::660::test,Pre_train_S_2.csv,Challenge_S,veh_08,0,-1,0.917087542087542,attack_free,benign_fp
23,weak_campaign,veh_09-w00,OCSLab_Car::gear_dataset.csv::533::test,gear_dataset.csv,OCSLab_Car,veh_09,0,-1,0.6816889971579375,attack_free,benign_fp
23,weak_campaign,veh_09-w01,Challenge_D::Pre_train_D_2.csv::702::test,Pre_train_D_2.csv,Challenge_D,veh_09,0,-1,0.8202861952861953,attack_free,benign_fp
23,weak_campaign,veh_09-w02,OCSLab_Car::normal_run_data.txt::751::test,normal_run_data.txt,OCSLab_Car,veh_09,0,-1,0.7551766138855055,attack_free,benign_fp
23,weak_campaign,veh_09-w03,OCSLab_Car::normal_run_data.txt::258::test,normal_run_data.txt,OCSLab_Car,veh_09,0,-1,0.9939098660170524,attack_free,benign_fp
23,weak_campaign,veh_09-w04,OCSLab_Car::normal_run_data.txt::209::test,normal_run_data.txt,OCSLab_Car,veh_09,0,-1,0.9650832318311002,attack_free,benign_fp
23,weak_campaign,veh_09-w05,OCSLab_Car::gear_dataset.csv::585::test,gear_dataset.csv,OCSLab_Car,veh_09,0,-1,0.6146975233455136,attack_free,benign_fp
23,weak_campaign,veh_09-w06,Challenge_S::Pre_train_S_2.csv::623::test,Pre_train_S_2.csv,Challenge_S,veh_09,0,-1,0.8354377104377104,attack_free,benign_fp
23,weak_campaign,veh_09-w07,Challenge_S::Pre_train_S_1.csv::729::test,Pre_train_S_1.csv,Challenge_S,veh_09,0,-1,0.933080808080808,attack_free,benign_fp
23,weak_campaign,veh_09-w08,Challenge_D::Pre_train_D_0.csv::110::test,Pre_train_D_0.csv,Challenge_D,veh_09,0,-1,0.9313973063973064,attack_free,benign_fp
23,weak_campaign,veh_09-w09,OCSLab_Car::normal_run_data.txt::337::test,normal_run_data.txt,OCSLab_Car,veh_09,0,-1,0.9671132764920828,attack_free,benign_fp
23,weak_campaign,veh_10-w00,Challenge_D::Pre_train_D_1.csv::11::test,Pre_train_D_1.csv,Challenge_D,veh_10,0,-1,0.6498316498316499,attack_free,benign_fp
23,weak_campaign,veh_10-w01,Challenge_S::Pre_train_S_0.csv::273::test,Pre_train_S_0.csv,Challenge_S,veh_10,0,-1,0.6418350168350169,attack_free,benign_fp
23,weak_campaign,veh_10-w02,Challenge_D::Pre_train_D_0.csv::161::test,Pre_train_D_0.csv,Challenge_D,veh_10,0,-1,0.9974747474747476,attack_free,benign_fp
23,weak_campaign,veh_10-w03,OCSLab_Car::normal_run_data.txt::633::test,normal_run_data.txt,OCSLab_Car,veh_10,0,-1,0.947218838814454,attack_free,benign_fp
23,weak_campaign,veh_10-w04,OCSLab_Car::DoS_dataset.csv::363::test,DoS_dataset.csv,OCSLab_Car,veh_10,0,-1,0.5611043442955745,attack_free,benign_fp
23,weak_campaign,veh_10-w05,Challenge_D::Pre_train_D_0.csv::3::test,Pre_train_D_0.csv,Challenge_D,veh_10,0,-1,0.8964646464646465,attack_free,benign_fp
23,weak_campaign,veh_10-w06,OCSLab_Car::DoS_dataset.csv::381::test,DoS_dataset.csv,OCSLab_Car,veh_10,0,-1,0.5501421031262688,attack_free,benign_fp
23,weak_campaign,veh_10-w07,Challenge_D::Pre_train_D_0.csv::213::test,Pre_train_D_0.csv,Challenge_D,veh_10,0,-1,0.8228114478114478,attack_free,benign_fp
23,weak_campaign,veh_10-w08,OCSLab_Car::DoS_dataset.csv::420::test,DoS_dataset.csv,OCSLab_Car,veh_10,0,-1,0.5521721477872513,attack_free,benign_fp
23,weak_campaign,veh_10-w09,Challenge_S::Pre_train_S_0.csv::218::test,Pre_train_S_0.csv,Challenge_S,veh_10,0,-1,0.5707070707070707,attack_free,benign_fp
23,weak_campaign,veh_11-w00,OCSLab_Car::normal_run_data.txt::376::test,normal_run_data.txt,OCSLab_Car,veh_11,0,-1,0.976045473000406,attack_free,benign_fp
23,weak_campaign,veh_11-w01,OCSLab_Car::gear_dataset.csv::547::test,gear_dataset.csv,OCSLab_Car,veh_11,0,-1,0.6674786845310596,attack_free,benign_fp
23,weak_campaign,veh_11-w02,Challenge_D::Pre_train_D_0.csv::227::test,Pre_train_D_0.csv,Challenge_D,veh_11,0,-1,0.928030303030303,attack_free,benign_fp
23,weak_campaign,veh_11-w03,Challenge_S::Pre_train_S_1.csv::21::test,Pre_train_S_1.csv,Challenge_S,veh_11,0,-1,0.9326599326599326,attack_free,benign_fp
23,weak_campaign,veh_11-w04,Challenge_S::Pre_train_S_2.csv::715::test,Pre_train_S_2.csv,Challenge_S,veh_11,0,-1,0.5555555555555556,attack_free,benign_fp
23,weak_campaign,veh_11-w05,OCSLab_Car::normal_run_data.txt::742::test,normal_run_data.txt,OCSLab_Car,veh_11,0,-1,0.7429963459196103,attack_free,benign_fp
23,weak_campaign,veh_11-w06,Challenge_D::Pre_train_D_0.csv::24::test,Pre_train_D_0.csv,Challenge_D,veh_11,0,-1,0.7672558922558923,attack_free,benign_fp
23,weak_campaign,veh_11-w07,Challenge_S::Pre_train_S_2.csv::630::test,Pre_train_S_2.csv,Challenge_S,veh_11,0,-1,0.9983164983164984,attack_free,benign_fp
23,weak_campaign,veh_11-w08,OCSLab_Car::gear_dataset.csv::641::test,gear_dataset.csv,OCSLab_Car,veh_11,0,-1,0.6167275680064962,attack_free,benign_fp
23,weak_campaign,veh_11-w09,Challenge_S::Pre_train_S_0.csv::290::test,Pre_train_S_0.csv,Challenge_S,veh_11,0,-1,0.7289562289562289,attack_free,benign_fp
23,weak_campaign,veh_12-w00,Challenge_S::Pre_train_S_1.csv::0::test,Pre_train_S_1.csv,Challenge_S,veh_12,0,-1,0.8005050505050505,attack_free,benign_fp
23,weak_campaign,veh_12-w01,Challenge_S::Pre_train_S_1.csv::758::test,Pre_train_S_1.csv,Challenge_S,veh_12,0,-1,0.9776936026936028,attack_free,benign_fp
23,weak_campaign,veh_12-w02,Challenge_S::Pre_train_S_0.csv::66::test,Pre_train_S_0.csv,Challenge_S,veh_12,0,-1,0.6047979797979798,attack_free,benign_fp
23,weak_campaign,veh_12-w03,Challenge_D::Pre_train_D_2.csv::583::test,Pre_train_D_2.csv,Challenge_D,veh_12,0,-1,0.7382154882154882,attack_free,benign_fp
23,weak_campaign,veh_12-w04,OCSLab_Car::normal_run_data.txt::532::test,normal_run_data.txt,OCSLab_Car,veh_12,0,-1,0.8611449451887941,attack_free,benign_fp
23,weak_campaign,veh_12-w05,OCSLab_Car::normal_run_data.txt::362::test,normal_run_data.txt,OCSLab_Car,veh_12,0,-1,0.9577750710515632,attack_free,benign_fp
23,weak_campaign,veh_12-w06,OCSLab_Car::Fuzzy_dataset.csv::527::test,Fuzzy_dataset.csv,OCSLab_Car,veh_12,0,-1,0.8717011774259034,attack_free,benign_fp
23,weak_campaign,veh_12-w07,Challenge_D::Pre_train_D_1.csv::16::test,Pre_train_D_1.csv,Challenge_D,veh_12,0,-1,0.7247474747474747,attack_free,benign_fp
23,weak_campaign,veh_12-w08,OCSLab_Car::normal_run_data.txt::111::test,normal_run_data.txt,OCSLab_Car,veh_12,0,-1,0.9650832318311002,attack_free,benign_fp
23,weak_campaign,veh_12-w09,Challenge_S::Pre_train_S_2.csv::791::test,Pre_train_S_2.csv,Challenge_S,veh_12,0,-1,0.9861111111111112,attack_free,benign_fp
23,weak_campaign,veh_13-w00,OCSLab_Car::normal_run_data.txt::506::test,normal_run_data.txt,OCSLab_Car,veh_13,0,-1,0.9618351603735282,attack_free,benign_fp
23,weak_campaign,veh_13-w01,OCSLab_Car::normal_run_data.txt::85::test,normal_run_data.txt,OCSLab_Car,veh_13,0,-1,0.7466504263093788,attack_free,benign_fp
23,weak_campaign,veh_13-w02,OCSLab_Car::normal_run_data.txt::693::test,normal_run_data.txt,OCSLab_Car,veh_13,0,-1,0.6362159967519285,attack_free,benign_fp
23,weak_campaign,veh_13-w03,Challenge_D::Pre_train_D_1.csv::36::test,Pre_train_D_1.csv,Challenge_D,veh_13,0,-1,0.803030303030303,attack_free,benign_fp
23,weak_campaign,veh_13-w04,Challenge_S::Pre_train_S_0.csv::232::test,Pre_train_S_0.csv,Challenge_S,veh_13,0,-1,0.5829124579124579,attack_free,benign_fp
23,weak_campaign,veh_13-w05,OCSLab_Car::RPM_dataset.csv::114::test,RPM_dataset.csv,OCSLab_Car,veh_13,0,-1,0.6743808363784003,attack_free,benign_fp
23,weak_campaign,veh_13-w06,OCSLab_Car::normal_run_data.txt::549::test,normal_run_data.txt,OCSLab_Car,veh_13,0,-1,0.9671132764920828,attack_free,benign_fp
23,weak_campaign,veh_13-w07,OCSLab_Car::normal_run_data.txt::474::test,normal_run_data.txt,OCSLab_Car,veh_13,0,-1,0.705237515225335,attack_free,benign_fp
23,weak_campaign,veh_13-w08,Challenge_D::Pre_train_D_0.csv::1::test,Pre_train_D_0.csv,Challenge_D,veh_13,0,-1,0.8409090909090909,attack_free,benign_fp
23,weak_campaign,veh_13-w09,OCSLab_Car::normal_run_data.txt::638::test,normal_run_data.txt,OCSLab_Car,veh_13,0,-1,0.9334145351197728,attack_free,benign_fp
23,weak_campaign,veh_14-w00,OCSLab_Car::normal_run_data.txt::373::test,normal_run_data.txt,OCSLab_Car,veh_14,0,-1,0.8936256597645148,attack_free,benign_fp
23,weak_campaign,veh_14-w01,OCSLab_Car::gear_dataset.csv::513::test,gear_dataset.csv,OCSLab_Car,veh_14,0,-1,0.5676004872107187,attack_free,benign_fp
23,weak_campaign,veh_14-w02,Challenge_D::Pre_train_D_0.csv::43::test,Pre_train_D_0.csv,Challenge_D,veh_14,0,-1,0.6216329966329966,attack_free,benign_fp
23,weak_campaign,veh_14-w03,Challenge_D::Pre_train_D_2.csv::709::test,Pre_train_D_2.csv,Challenge_D,veh_14,0,-1,0.9659090909090908,attack_free,benign_fp
23,weak_campaign,veh_14-w04,Challenge_D::Pre_train_D_0.csv::184::test,Pre_train_D_0.csv,Challenge_D,veh_14,0,-1,0.8678451178451179,attack_free,benign_fp
23,weak_campaign,veh_14-w05,Challenge_S::Pre_train_S_0.csv::40::test,Pre_train_S_0.csv,Challenge_S,veh_14,0,-1,0.9861111111111112,attack_free,benign_fp
23,weak_campaign,veh_14-w06,Challenge_D::Pre_train_D_2.csv::727::test,Pre_train_D_2.csv,Challenge_D,veh_14,0,-1,0.7394781144781145,attack_free,benign_fp
23,weak_campaign,veh_14-w07,Challenge_D::Pre_train_D_2.csv::645::test,Pre_train_D_2.csv,Challenge_D,veh_14,0,-1,0.640993265993266,attack_free,benign_fp
23,weak_campaign,veh_14-w08,OCSLab_Car::normal_run_data.txt::487::test,normal_run_data.txt,OCSLab_Car,veh_14,0,-1,0.925700365408039,attack_free,benign_fp
23,weak_campaign,veh_14-w09,OCSLab_Car::gear_dataset.csv::131::test,gear_dataset.csv,OCSLab_Car,veh_14,0,-1,0.6244417377182298,attack_free,benign_fp
23,weak_campaign,veh_15-w00,OCSLab_Car::gear_dataset.csv::650::test,gear_dataset.csv,OCSLab_Car,veh_15,0,-1,0.6171335769386926,attack_free,benign_fp
23,weak_campaign,veh_15-w01,OCSLab_Car::gear_dataset.csv::644::test,gear_dataset.csv,OCSLab_Car,veh_15,0,-1,0.9910678034916768,attack_free,benign_fp
23,weak_campaign,veh_15-w02,Challenge_S::Pre_train_S_0.csv::106::test,Pre_train_S_0.csv,Challenge_S,veh_15,0,-1,0.752104377104377,attack_free,benign_fp
23,weak_campaign,veh_15-w03,OCSLab_Car::gear_dataset.csv::551::test,gear_dataset.csv,OCSLab_Car,veh_15,0,-1,0.6406820950060901,attack_free,benign_fp
23,weak_campaign,veh_15-w04,OCSLab_Car::normal_run_data.txt::35::test,normal_run_data.txt,OCSLab_Car,veh_15,0,-1,0.8302882663418595,attack_free,benign_fp
23,weak_campaign,veh_15-w05,OCSLab_Car::gear_dataset.csv::150::test,gear_dataset.csv,OCSLab_Car,veh_15,0,-1,0.5635403978887535,attack_free,benign_fp
23,weak_campaign,veh_15-w06,OCSLab_Car::normal_run_data.txt::606::test,normal_run_data.txt,OCSLab_Car,veh_15,0,-1,0.9703613479496548,attack_free,benign_fp
23,weak_campaign,veh_15-w07,OCSLab_Car::gear_dataset.csv::643::test,gear_dataset.csv,OCSLab_Car,veh_15,0,-1,0.9959399106780348,attack_free,benign_fp
23,weak_campaign,veh_15-w08,OCSLab_Car::normal_run_data.txt::150::test,normal_run_data.txt,OCSLab_Car,veh_15,0,-1,0.9650832318311002,attack_free,benign_fp
23,weak_campaign,veh_15-w09,Challenge_D::Pre_train_D_0.csv::125::test,Pre_train_D_0.csv,Challenge_D,veh_15,0,-1,0.8682659932659933,attack_free,benign_fp
23,weak_campaign,veh_16-w00,OCSLab_Car::normal_run_data.txt::642::test,normal_run_data.txt,OCSLab_Car,veh_16,0,-1,0.8940316686967114,attack_free,benign_fp
23,weak_campaign,veh_16-w01,OCSLab_Car::Fuzzy_dataset.csv::127::test,Fuzzy_dataset.csv,OCSLab_Car,veh_16,0,-1,0.5724725943970768,attack_free,benign_fp
23,weak_campaign,veh_16-w02,Challenge_S::Pre_train_S_0.csv::183::test,Pre_train_S_0.csv,Challenge_S,veh_16,0,-1,0.8021885521885522,attack_free,benign_fp
23,weak_campaign,veh_16-w03,OCSLab_Car::normal_run_data.txt::468::test,normal_run_data.txt,OCSLab_Car,veh_16,0,-1,0.9423467316280958,attack_free,benign_fp
23,weak_campaign,veh_16-w04,OCSLab_Car::normal_run_data.txt::152::test,normal_run_data.txt,OCSLab_Car,veh_16,0,-1,0.8891595615103532,attack_free,benign_fp
23,weak_campaign,veh_16-w05,OCSLab_Car::gear_dataset.csv::518::test,gear_dataset.csv,OCSLab_Car,veh_16,0,-1,0.5724725943970768,attack_free,benign_fp
23,weak_campaign,veh_16-w06,OCSLab_Car::DoS_dataset.csv::36::test,DoS_dataset.csv,OCSLab_Car,veh_16,0,-1,0.5521721477872513,attack_free,benign_fp
23,weak_campaign,veh_16-w07,OCSLab_Car::DoS_dataset.csv::365::test,DoS_dataset.csv,OCSLab_Car,veh_16,0,-1,0.6613885505481121,attack_free,benign_fp
23,weak_campaign,veh_16-w08,OCSLab_Car::DoS_dataset.csv::3::test,DoS_dataset.csv,OCSLab_Car,veh_16,0,-1,0.562322371092164,attack_free,benign_fp
23,weak_campaign,veh_16-w09,Challenge_D::Pre_train_D_2.csv::45::test,Pre_train_D_2.csv,Challenge_D,veh_16,0,-1,0.7095959595959596,attack_free,benign_fp
23,weak_campaign,veh_17-w00,OCSLab_Car::gear_dataset.csv::559::test,gear_dataset.csv,OCSLab_Car,veh_17,0,-1,0.606171335769387,attack_free,benign_fp
23,weak_campaign,veh_17-w01,OCSLab_Car::DoS_dataset.csv::437::test,DoS_dataset.csv,OCSLab_Car,veh_17,0,-1,0.9187982135606984,attack_free,benign_fp
23,weak_campaign,veh_17-w02,OCSLab_Car::normal_run_data.txt::704::test,normal_run_data.txt,OCSLab_Car,veh_17,0,-1,0.9183922046285018,attack_free,benign_fp
23,weak_campaign,veh_17-w03,OCSLab_Car::normal_run_data.txt::697::test,normal_run_data.txt,OCSLab_Car,veh_17,0,-1,0.8246041412911084,attack_free,benign_fp
23,weak_campaign,veh_17-w04,OCSLab_Car::DoS_dataset.csv::518::test,DoS_dataset.csv,OCSLab_Car,veh_17,0,-1,0.8863174989849777,attack_free,benign_fp
23,weak_campaign,veh_17-w05,OCSLab_Car::normal_run_data.txt::397::test,normal_run_data.txt,OCSLab_Car,veh_17,0,-1,0.8867235079171741,attack_free,benign_fp
23,weak_campaign,veh_17-w06,Challenge_D::Pre_train_D_0.csv::141::test,Pre_train_D_0.csv,Challenge_D,veh_17,0,-1,0.7668350168350169,attack_free,benign_fp
23,weak_campaign,veh_17-w07,OCSLab_Car::normal_run_data.txt::45::test,normal_run_data.txt,OCSLab_Car,veh_17,0,-1,0.920016240357288,attack_free,benign_fp
23,weak_campaign,veh_17-w08,OCSLab_Car::normal_run_data.txt::180::test,normal_run_data.txt,OCSLab_Car,veh_17,0,-1,0.9638652050345108,attack_free,benign_fp
23,weak_campaign,veh_17-w09,OCSLab_Car::gear_dataset.csv::116::test,gear_dataset.csv,OCSLab_Car,veh_17,0,-1,0.5655704425497361,attack_free,benign_fp
23,weak_campaign,veh_18-w00,Challenge_D::Pre_train_D_2.csv::744::test,Pre_train_D_2.csv,Challenge_D,veh_18,0,-1,0.6060606060606061,attack_free,benign_fp
23,weak_campaign,veh_18-w01,OCSLab_Car::gear_dataset.csv::630::test,gear_dataset.csv,OCSLab_Car,veh_18,0,-1,0.9159561510353228,attack_free,benign_fp
23,weak_campaign,veh_18-w02,Challenge_S::Pre_train_S_0.csv::148::test,Pre_train_S_0.csv,Challenge_S,veh_18,0,-1,0.6140572390572391,attack_free,benign_fp
23,weak_campaign,veh_18-w03,OCSLab_Car::normal_run_data.txt::520::test,normal_run_data.txt,OCSLab_Car,veh_18,0,-1,0.6370280146163215,attack_free,benign_fp
23,weak_campaign,veh_18-w04,OCSLab_Car::normal_run_data.txt::98::test,normal_run_data.txt,OCSLab_Car,veh_18,0,-1,0.98254161591555,attack_free,benign_fp
23,weak_campaign,veh_18-w05,OCSLab_Car::normal_run_data.txt::329::test,normal_run_data.txt,OCSLab_Car,veh_18,0,-1,0.951278928136419,attack_free,benign_fp
23,weak_campaign,veh_18-w06,OCSLab_Car::normal_run_data.txt::99::test,normal_run_data.txt,OCSLab_Car,veh_18,0,-1,0.9342265529841656,attack_free,benign_fp
23,weak_campaign,veh_18-w07,Challenge_D::Pre_train_D_2.csv::66::test,Pre_train_D_2.csv,Challenge_D,veh_18,0,-1,0.7904040404040404,attack_free,benign_fp
23,weak_campaign,veh_18-w08,Challenge_D::Pre_train_D_1.csv::84::test,Pre_train_D_1.csv,Challenge_D,veh_18,0,-1,0.6321548821548821,attack_free,benign_fp
23,weak_campaign,veh_18-w09,Challenge_D::Pre_train_D_0.csv::243::test,Pre_train_D_0.csv,Challenge_D,veh_18,0,-1,0.617003367003367,attack_free,benign_fp
23,weak_campaign,veh_19-w00,OCSLab_Car::normal_run_data.txt::89::test,normal_run_data.txt,OCSLab_Car,veh_19,0,-1,0.8863174989849777,attack_free,benign_fp
23,weak_campaign,veh_19-w01,OCSLab_Car::normal_run_data.txt::679::test,normal_run_data.txt,OCSLab_Car,veh_19,0,-1,0.7523345513601299,attack_free,benign_fp
23,weak_campaign,veh_19-w02,OCSLab_Car::normal_run_data.txt::302::test,normal_run_data.txt,OCSLab_Car,veh_19,0,-1,0.9821356069833536,attack_free,benign_fp
23,weak_campaign,veh_19-w03,OCSLab_Car::normal_run_data.txt::278::test,normal_run_data.txt,OCSLab_Car,veh_19,0,-1,0.9979699553390174,attack_free,benign_fp
23,weak_campaign,veh_19-w04,OCSLab_Car::RPM_dataset.csv::173::test,RPM_dataset.csv,OCSLab_Car,veh_19,0,-1,0.6776289078359724,attack_free,benign_fp
23,weak_campaign,veh_19-w05,OCSLab_Car::normal_run_data.txt::639::test,normal_run_data.txt,OCSLab_Car,veh_19,0,-1,0.9078359723913926,attack_free,benign_fp
23,weak_campaign,veh_19-w06,Challenge_S::Pre_train_S_2.csv::548::test,Pre_train_S_2.csv,Challenge_S,veh_19,0,-1,0.8489057239057239,attack_free,benign_fp
23,weak_campaign,veh_19-w07,Challenge_D::Pre_train_D_2.csv::690::test,Pre_train_D_2.csv,Challenge_D,veh_19,0,-1,0.7487373737373737,attack_free,benign_fp
23,weak_campaign,veh_19-w08,OCSLab_Car::normal_run_data.txt::542::test,normal_run_data.txt,OCSLab_Car,veh_19,0,-1,0.95696305318717,attack_free,benign_fp
23,weak_campaign,veh_19-w09,Challenge_D::Pre_train_D_2.csv::588::test,Pre_train_D_2.csv,Challenge_D,veh_19,0,-1,0.9936868686868688,attack_free,benign_fp
23,unrelated_incidents,veh_00-w00,Challenge_S::Pre_train_S_1.csv::158::test,Pre_train_S_1.csv,Challenge_S,veh_00,1,0,1.0,flooding,independent_0_flooding
23,unrelated_incidents,veh_00-w01,OCSLab_Car::DoS_dataset.csv::305::test,DoS_dataset.csv,OCSLab_Car,veh_00,1,0,1.0,flooding,independent_0_flooding
23,unrelated_incidents,veh_00-w02,OCSLab_Car::DoS_dataset.csv::644::test,DoS_dataset.csv,OCSLab_Car,veh_00,1,0,1.0,flooding,independent_0_flooding
23,unrelated_incidents,veh_00-w03,OCSLab_Car::DoS_dataset.csv::478::test,DoS_dataset.csv,OCSLab_Car,veh_00,1,0,1.0,flooding,independent_0_flooding
23,unrelated_incidents,veh_00-w04,Challenge_D::Pre_train_D_2.csv::251::test,Pre_train_D_2.csv,Challenge_D,veh_00,1,0,1.0,flooding,independent_0_flooding
23,unrelated_incidents,veh_00-w05,Challenge_S::Pre_train_S_2.csv::268::test,Pre_train_S_2.csv,Challenge_S,veh_00,1,0,1.0,flooding,independent_0_flooding
23,unrelated_incidents,veh_00-w06,Challenge_D::Pre_train_D_2.csv::288::test,Pre_train_D_2.csv,Challenge_D,veh_00,1,0,1.0,flooding,independent_0_flooding
23,unrelated_incidents,veh_00-w07,OCSLab_Car::DoS_dataset.csv::253::test,DoS_dataset.csv,OCSLab_Car,veh_00,1,0,1.0,flooding,independent_0_flooding
23,unrelated_incidents,veh_00-w08,Challenge_D::Pre_train_D_1.csv::213::test,Pre_train_D_1.csv,Challenge_D,veh_00,1,0,1.0,flooding,independent_0_flooding
23,unrelated_incidents,veh_00-w09,Challenge_S::Pre_train_S_1.csv::119::test,Pre_train_S_1.csv,Challenge_S,veh_00,1,0,1.0,flooding,independent_0_flooding
23,unrelated_incidents,veh_01-w00,OCSLab_Car::RPM_dataset.csv::257::test,RPM_dataset.csv,OCSLab_Car,veh_01,1,1,1.0,malfunction_rpm,independent_1_malfunction_rpm
23,unrelated_incidents,veh_01-w01,OCSLab_Car::RPM_dataset.csv::417::test,RPM_dataset.csv,OCSLab_Car,veh_01,1,1,1.0,malfunction_rpm,independent_1_malfunction_rpm
23,unrelated_incidents,veh_01-w02,OCSLab_Car::RPM_dataset.csv::446::test,RPM_dataset.csv,OCSLab_Car,veh_01,1,1,1.0,malfunction_rpm,independent_1_malfunction_rpm
23,unrelated_incidents,veh_01-w03,OCSLab_Car::RPM_dataset.csv::196::test,RPM_dataset.csv,OCSLab_Car,veh_01,1,1,1.0,malfunction_rpm,independent_1_malfunction_rpm
23,unrelated_incidents,veh_01-w04,OCSLab_Car::RPM_dataset.csv::44::test,RPM_dataset.csv,OCSLab_Car,veh_01,1,1,1.0,malfunction_rpm,independent_1_malfunction_rpm
23,unrelated_incidents,veh_01-w05,OCSLab_Car::RPM_dataset.csv::347::test,RPM_dataset.csv,OCSLab_Car,veh_01,1,1,0.9963459196102314,malfunction_rpm,independent_1_malfunction_rpm
23,unrelated_incidents,veh_01-w06,OCSLab_Car::RPM_dataset.csv::433::test,RPM_dataset.csv,OCSLab_Car,veh_01,1,1,1.0,malfunction_rpm,independent_1_malfunction_rpm
23,unrelated_incidents,veh_01-w07,OCSLab_Car::RPM_dataset.csv::3::test,RPM_dataset.csv,OCSLab_Car,veh_01,1,1,1.0,malfunction_rpm,independent_1_malfunction_rpm
23,unrelated_incidents,veh_01-w08,OCSLab_Car::RPM_dataset.csv::217::test,RPM_dataset.csv,OCSLab_Car,veh_01,1,1,1.0,malfunction_rpm,independent_1_malfunction_rpm
23,unrelated_incidents,veh_01-w09,OCSLab_Car::RPM_dataset.csv::237::test,RPM_dataset.csv,OCSLab_Car,veh_01,1,1,1.0,malfunction_rpm,independent_1_malfunction_rpm
23,unrelated_incidents,veh_02-w00,OCSLab_Car::gear_dataset.csv::281::test,gear_dataset.csv,OCSLab_Car,veh_02,1,2,1.0,malfunction_gear,independent_2_malfunction_gear
23,unrelated_incidents,veh_02-w01,OCSLab_Car::gear_dataset.csv::425::test,gear_dataset.csv,OCSLab_Car,veh_02,1,2,1.0,malfunction_gear,independent_2_malfunction_gear
23,unrelated_incidents,veh_02-w02,OCSLab_Car::gear_dataset.csv::376::test,gear_dataset.csv,OCSLab_Car,veh_02,1,2,1.0,malfunction_gear,independent_2_malfunction_gear
23,unrelated_incidents,veh_02-w03,OCSLab_Car::gear_dataset.csv::3::test,gear_dataset.csv,OCSLab_Car,veh_02,1,2,1.0,malfunction_gear,independent_2_malfunction_gear
23,unrelated_incidents,veh_02-w04,OCSLab_Car::gear_dataset.csv::189::test,gear_dataset.csv,OCSLab_Car,veh_02,1,2,1.0,malfunction_gear,independent_2_malfunction_gear
23,unrelated_incidents,veh_02-w05,OCSLab_Car::gear_dataset.csv::357::test,gear_dataset.csv,OCSLab_Car,veh_02,1,2,1.0,malfunction_gear,independent_2_malfunction_gear
23,unrelated_incidents,veh_02-w06,OCSLab_Car::gear_dataset.csv::280::test,gear_dataset.csv,OCSLab_Car,veh_02,1,2,1.0,malfunction_gear,independent_2_malfunction_gear
23,unrelated_incidents,veh_02-w07,OCSLab_Car::gear_dataset.csv::12::test,gear_dataset.csv,OCSLab_Car,veh_02,1,2,1.0,malfunction_gear,independent_2_malfunction_gear
23,unrelated_incidents,veh_02-w08,OCSLab_Car::gear_dataset.csv::732::test,gear_dataset.csv,OCSLab_Car,veh_02,1,2,1.0,malfunction_gear,independent_2_malfunction_gear
23,unrelated_incidents,veh_02-w09,OCSLab_Car::gear_dataset.csv::388::test,gear_dataset.csv,OCSLab_Car,veh_02,1,2,1.0,malfunction_gear,independent_2_malfunction_gear
23,unrelated_incidents,veh_03-w00,OCSLab_Car::Fuzzy_dataset.csv::175::test,Fuzzy_dataset.csv,OCSLab_Car,veh_03,1,3,1.0,fuzzy,independent_3_fuzzy
23,unrelated_incidents,veh_03-w01,OCSLab_Car::Fuzzy_dataset.csv::740::test,Fuzzy_dataset.csv,OCSLab_Car,veh_03,1,3,1.0,fuzzy,independent_3_fuzzy
23,unrelated_incidents,veh_03-w02,OCSLab_Car::Fuzzy_dataset.csv::508::test,Fuzzy_dataset.csv,OCSLab_Car,veh_03,1,3,1.0,fuzzy,independent_3_fuzzy
23,unrelated_incidents,veh_03-w03,OCSLab_Car::Fuzzy_dataset.csv::44::test,Fuzzy_dataset.csv,OCSLab_Car,veh_03,1,3,1.0,fuzzy,independent_3_fuzzy
23,unrelated_incidents,veh_03-w04,OCSLab_Car::Fuzzy_dataset.csv::720::test,Fuzzy_dataset.csv,OCSLab_Car,veh_03,1,3,1.0,fuzzy,independent_3_fuzzy
23,unrelated_incidents,veh_03-w05,OCSLab_Car::Fuzzy_dataset.csv::324::test,Fuzzy_dataset.csv,OCSLab_Car,veh_03,1,3,1.0,fuzzy,independent_3_fuzzy
23,unrelated_incidents,veh_03-w06,OCSLab_Car::Fuzzy_dataset.csv::316::test,Fuzzy_dataset.csv,OCSLab_Car,veh_03,1,3,1.0,fuzzy,independent_3_fuzzy
23,unrelated_incidents,veh_03-w07,OCSLab_Car::Fuzzy_dataset.csv::504::test,Fuzzy_dataset.csv,OCSLab_Car,veh_03,1,3,1.0,fuzzy,independent_3_fuzzy
23,unrelated_incidents,veh_03-w08,OCSLab_Car::Fuzzy_dataset.csv::680::test,Fuzzy_dataset.csv,OCSLab_Car,veh_03,1,3,1.0,fuzzy,independent_3_fuzzy
23,unrelated_incidents,veh_03-w09,OCSLab_Car::Fuzzy_dataset.csv::489::test,Fuzzy_dataset.csv,OCSLab_Car,veh_03,1,3,1.0,fuzzy,independent_3_fuzzy
23,unrelated_incidents,veh_04-w00,Challenge_D::Pre_train_D_2.csv::552::test,Pre_train_D_2.csv,Challenge_D,veh_04,1,4,0.8164983164983165,spoofing,independent_4_spoofing
23,unrelated_incidents,veh_04-w01,Challenge_S::Pre_train_S_2.csv::454::test,Pre_train_S_2.csv,Challenge_S,veh_04,1,4,0.9120370370370372,spoofing,independent_4_spoofing
23,unrelated_incidents,veh_04-w02,Challenge_S::Pre_train_S_2.csv::471::test,Pre_train_S_2.csv,Challenge_S,veh_04,1,4,0.9179292929292928,spoofing,independent_4_spoofing
23,unrelated_incidents,veh_04-w03,Challenge_S::Pre_train_S_2.csv::414::test,Pre_train_S_2.csv,Challenge_S,veh_04,1,4,0.9385521885521886,spoofing,independent_4_spoofing
23,unrelated_incidents,veh_04-w04,Challenge_S::Pre_train_S_2.csv::433::test,Pre_train_S_2.csv,Challenge_S,veh_04,1,4,0.8211279461279462,spoofing,independent_4_spoofing
23,unrelated_incidents,veh_04-w05,Challenge_D::Pre_train_D_2.csv::521::test,Pre_train_D_2.csv,Challenge_D,veh_04,1,4,0.9806397306397306,spoofing,independent_4_spoofing
23,unrelated_incidents,veh_04-w06,Challenge_D::Pre_train_D_2.csv::542::test,Pre_train_D_2.csv,Challenge_D,veh_04,1,4,0.8148148148148148,spoofing,independent_4_spoofing
23,unrelated_incidents,veh_04-w07,Challenge_D::Pre_train_D_2.csv::559::test,Pre_train_D_2.csv,Challenge_D,veh_04,1,4,0.976010101010101,spoofing,independent_4_spoofing
23,unrelated_incidents,veh_04-w08,Challenge_S::Pre_train_S_2.csv::499::test,Pre_train_S_2.csv,Challenge_S,veh_04,1,4,0.9646464646464646,spoofing,independent_4_spoofing
23,unrelated_incidents,veh_04-w09,Challenge_S::Pre_train_S_2.csv::350::test,Pre_train_S_2.csv,Challenge_S,veh_04,1,4,0.9865319865319864,spoofing,independent_4_spoofing
23,unrelated_incidents,veh_05-w00,OCSLab_Car::RPM_dataset.csv::608::test,RPM_dataset.csv,OCSLab_Car,veh_05,0,-1,0.9667072675598865,attack_free,benign_fp
23,unrelated_incidents,veh_05-w01,OCSLab_Car::normal_run_data.txt::91::test,normal_run_data.txt,OCSLab_Car,veh_05,0,-1,0.7726349979699554,attack_free,benign_fp
23,unrelated_incidents,veh_05-w02,Challenge_S::Pre_train_S_0.csv::282::test,Pre_train_S_0.csv,Challenge_S,veh_05,0,-1,0.617003367003367,attack_free,benign_fp
23,unrelated_incidents,veh_05-w03,Challenge_S::Pre_train_S_2.csv::613::test,Pre_train_S_2.csv,Challenge_S,veh_05,0,-1,0.7247474747474747,attack_free,benign_fp
23,unrelated_incidents,veh_05-w04,Challenge_D::Pre_train_D_0.csv::231::test,Pre_train_D_0.csv,Challenge_D,veh_05,0,-1,0.9730639730639732,attack_free,benign_fp
23,unrelated_incidents,veh_05-w05,OCSLab_Car::normal_run_data.txt::339::test,normal_run_data.txt,OCSLab_Car,veh_05,0,-1,0.976857490864799,attack_free,benign_fp
23,unrelated_incidents,veh_05-w06,Challenge_D::Pre_train_D_2.csv::673::test,Pre_train_D_2.csv,Challenge_D,veh_05,0,-1,0.7138047138047138,attack_free,benign_fp
23,unrelated_incidents,veh_05-w07,OCSLab_Car::normal_run_data.txt::118::test,normal_run_data.txt,OCSLab_Car,veh_05,0,-1,0.953714981729598,attack_free,benign_fp
23,unrelated_incidents,veh_05-w08,Challenge_S::Pre_train_S_0.csv::54::test,Pre_train_S_0.csv,Challenge_S,veh_05,0,-1,0.7975589225589226,attack_free,benign_fp
23,unrelated_incidents,veh_05-w09,OCSLab_Car::normal_run_data.txt::197::test,normal_run_data.txt,OCSLab_Car,veh_05,0,-1,0.8940316686967114,attack_free,benign_fp
23,unrelated_incidents,veh_06-w00,OCSLab_Car::DoS_dataset.csv::131::test,DoS_dataset.csv,OCSLab_Car,veh_06,0,-1,0.5602923264311814,attack_free,benign_fp
23,unrelated_incidents,veh_06-w01,OCSLab_Car::normal_run_data.txt::290::test,normal_run_data.txt,OCSLab_Car,veh_06,0,-1,0.95696305318717,attack_free,benign_fp
23,unrelated_incidents,veh_06-w02,Challenge_D::Pre_train_D_0.csv::68::test,Pre_train_D_0.csv,Challenge_D,veh_06,0,-1,0.877104377104377,attack_free,benign_fp
23,unrelated_incidents,veh_06-w03,OCSLab_Car::normal_run_data.txt::301::test,normal_run_data.txt,OCSLab_Car,veh_06,0,-1,0.9878197320341048,attack_free,benign_fp
23,unrelated_incidents,veh_06-w04,OCSLab_Car::normal_run_data.txt::214::test,normal_run_data.txt,OCSLab_Car,veh_06,0,-1,0.8185140073081608,attack_free,benign_fp
23,unrelated_incidents,veh_06-w05,OCSLab_Car::normal_run_data.txt::632::test,normal_run_data.txt,OCSLab_Car,veh_06,0,-1,0.976045473000406,attack_free,benign_fp
23,unrelated_incidents,veh_06-w06,Challenge_D::Pre_train_D_2.csv::323::test,Pre_train_D_2.csv,Challenge_D,veh_06,0,-1,0.8000841750841751,attack_free,benign_fp
23,unrelated_incidents,veh_06-w07,OCSLab_Car::normal_run_data.txt::74::test,normal_run_data.txt,OCSLab_Car,veh_06,0,-1,0.8132358911896062,attack_free,benign_fp
23,unrelated_incidents,veh_06-w08,Challenge_D::Pre_train_D_2.csv::47::test,Pre_train_D_2.csv,Challenge_D,veh_06,0,-1,0.6738215488215489,attack_free,benign_fp
23,unrelated_incidents,veh_06-w09,Challenge_D::Pre_train_D_0.csv::294::test,Pre_train_D_0.csv,Challenge_D,veh_06,0,-1,0.8960437710437711,attack_free,benign_fp
23,unrelated_incidents,veh_07-w00,OCSLab_Car::normal_run_data.txt::108::test,normal_run_data.txt,OCSLab_Car,veh_07,0,-1,0.8676410881039383,attack_free,benign_fp
23,unrelated_incidents,veh_07-w01,OCSLab_Car::normal_run_data.txt::757::test,normal_run_data.txt,OCSLab_Car,veh_07,0,-1,0.5647584246853431,attack_free,benign_fp
23,unrelated_incidents,veh_07-w02,OCSLab_Car::normal_run_data.txt::593::test,normal_run_data.txt,OCSLab_Car,veh_07,0,-1,0.967925294356476,attack_free,benign_fp
23,unrelated_incidents,veh_07-w03,OCSLab_Car::Fuzzy_dataset.csv::358::test,Fuzzy_dataset.csv,OCSLab_Car,veh_07,0,-1,0.9663012586276898,attack_free,benign_fp
23,unrelated_incidents,veh_07-w04,OCSLab_Car::Fuzzy_dataset.csv::292::test,Fuzzy_dataset.csv,OCSLab_Car,veh_07,0,-1,0.6374340235485181,attack_free,benign_fp
23,unrelated_incidents,veh_07-w05,Challenge_D::Pre_train_D_0.csv::18::test,Pre_train_D_0.csv,Challenge_D,veh_07,0,-1,0.9494949494949496,attack_free,benign_fp
23,unrelated_incidents,veh_07-w06,OCSLab_Car::normal_run_data.txt::348::test,normal_run_data.txt,OCSLab_Car,veh_07,0,-1,0.9423467316280958,attack_free,benign_fp
23,unrelated_incidents,veh_07-w07,OCSLab_Car::normal_run_data.txt::559::test,normal_run_data.txt,OCSLab_Car,veh_07,0,-1,0.9187982135606984,attack_free,benign_fp
23,unrelated_incidents,veh_07-w08,OCSLab_Car::gear_dataset.csv::553::test,gear_dataset.csv,OCSLab_Car,veh_07,0,-1,0.731628095818108,attack_free,benign_fp
23,unrelated_incidents,veh_07-w09,Challenge_D::Pre_train_D_2.csv::670::test,Pre_train_D_2.csv,Challenge_D,veh_07,0,-1,0.8661616161616161,attack_free,benign_fp
23,unrelated_incidents,veh_08-w00,OCSLab_Car::normal_run_data.txt::357::test,normal_run_data.txt,OCSLab_Car,veh_08,0,-1,0.9796995533901746,attack_free,benign_fp
23,unrelated_incidents,veh_08-w01,OCSLab_Car::gear_dataset.csv::156::test,gear_dataset.csv,OCSLab_Car,veh_08,0,-1,0.5935850588712952,attack_free,benign_fp
23,unrelated_incidents,veh_08-w02,Challenge_S::Pre_train_S_2.csv::20::test,Pre_train_S_2.csv,Challenge_S,veh_08,0,-1,0.9705387205387206,attack_free,benign_fp
23,unrelated_incidents,veh_08-w03,OCSLab_Car::normal_run_data.txt::404::test,normal_run_data.txt,OCSLab_Car,veh_08,0,-1,0.9224522939504668,attack_free,benign_fp
23,unrelated_incidents,veh_08-w04,OCSLab_Car::normal_run_data.txt::712::test,normal_run_data.txt,OCSLab_Car,veh_08,0,-1,0.805115712545676,attack_free,benign_fp
23,unrelated_incidents,veh_08-w05,OCSLab_Car::normal_run_data.txt::604::test,normal_run_data.txt,OCSLab_Car,veh_08,0,-1,0.9598051157125456,attack_free,benign_fp
23,unrelated_incidents,veh_08-w06,OCSLab_Car::normal_run_data.txt::661::test,normal_run_data.txt,OCSLab_Car,veh_08,0,-1,0.9443767762890783,attack_free,benign_fp
23,unrelated_incidents,veh_08-w07,OCSLab_Car::normal_run_data.txt::687::test,normal_run_data.txt,OCSLab_Car,veh_08,0,-1,0.7535525781567195,attack_free,benign_fp
23,unrelated_incidents,veh_08-w08,OCSLab_Car::normal_run_data.txt::726::test,normal_run_data.txt,OCSLab_Car,veh_08,0,-1,0.8830694275274056,attack_free,benign_fp
23,unrelated_incidents,veh_08-w09,OCSLab_Car::normal_run_data.txt::277::test,normal_run_data.txt,OCSLab_Car,veh_08,0,-1,0.9821356069833536,attack_free,benign_fp
23,unrelated_incidents,veh_09-w00,OCSLab_Car::normal_run_data.txt::698::test,normal_run_data.txt,OCSLab_Car,veh_09,0,-1,0.925700365408039,attack_free,benign_fp
23,unrelated_incidents,veh_09-w01,Challenge_D::Pre_train_D_0.csv::21::test,Pre_train_D_0.csv,Challenge_D,veh_09,0,-1,0.8329124579124579,attack_free,benign_fp
23,unrelated_incidents,veh_09-w02,OCSLab_Car::normal_run_data.txt::256::test,normal_run_data.txt,OCSLab_Car,veh_09,0,-1,0.8940316686967114,attack_free,benign_fp
23,unrelated_incidents,veh_09-w03,OCSLab_Car::normal_run_data.txt::270::test,normal_run_data.txt,OCSLab_Car,veh_09,0,-1,0.9638652050345108,attack_free,benign_fp
23,unrelated_incidents,veh_09-w04,OCSLab_Car::normal_run_data.txt::144::test,normal_run_data.txt,OCSLab_Car,veh_09,0,-1,0.7653268371904182,attack_free,benign_fp
23,unrelated_incidents,veh_09-w05,Challenge_D::Pre_train_D_1.csv::521::test,Pre_train_D_1.csv,Challenge_D,veh_09,0,-1,0.5698653198653199,attack_free,benign_fp
23,unrelated_incidents,veh_09-w06,OCSLab_Car::normal_run_data.txt::365::test,normal_run_data.txt,OCSLab_Car,veh_09,0,-1,0.9849776695087292,attack_free,benign_fp
23,unrelated_incidents,veh_09-w07,OCSLab_Car::Fuzzy_dataset.csv::543::test,Fuzzy_dataset.csv,OCSLab_Car,veh_09,0,-1,0.907429963459196,attack_free,benign_fp
23,unrelated_incidents,veh_09-w08,OCSLab_Car::normal_run_data.txt::724::test,normal_run_data.txt,OCSLab_Car,veh_09,0,-1,0.7738530247665448,attack_free,benign_fp
23,unrelated_incidents,veh_09-w09,Challenge_S::Pre_train_S_0.csv::243::test,Pre_train_S_0.csv,Challenge_S,veh_09,0,-1,0.5572390572390572,attack_free,benign_fp
23,unrelated_incidents,veh_10-w00,Challenge_S::Pre_train_S_2.csv::625::test,Pre_train_S_2.csv,Challenge_S,veh_10,0,-1,0.8699494949494949,attack_free,benign_fp
23,unrelated_incidents,veh_10-w01,Challenge_S::Pre_train_S_1.csv::575::test,Pre_train_S_1.csv,Challenge_S,veh_10,0,-1,0.7226430976430976,attack_free,benign_fp
23,unrelated_incidents,veh_10-w02,Challenge_D::Pre_train_D_2.csv::657::test,Pre_train_D_2.csv,Challenge_D,veh_10,0,-1,0.6119528619528619,attack_free,benign_fp
23,unrelated_incidents,veh_10-w03,OCSLab_Car::gear_dataset.csv::602::test,gear_dataset.csv,OCSLab_Car,veh_10,0,-1,0.7498984977669508,attack_free,benign_fp
23,unrelated_incidents,veh_10-w04,Challenge_S::Pre_train_S_0.csv::179::test,Pre_train_S_0.csv,Challenge_S,veh_10,0,-1,0.8691077441077442,attack_free,benign_fp
23,unrelated_incidents,veh_10-w05,Challenge_D::Pre_train_D_2.csv::634::test,Pre_train_D_2.csv,Challenge_D,veh_10,0,-1,0.747895622895623,attack_free,benign_fp
23,unrelated_incidents,veh_10-w06,Challenge_D::Pre_train_D_2.csv::306::test,Pre_train_D_2.csv,Challenge_D,veh_10,0,-1,0.7314814814814815,attack_free,benign_fp
23,unrelated_incidents,veh_10-w07,OCSLab_Car::normal_run_data.txt::356::test,normal_run_data.txt,OCSLab_Car,veh_10,0,-1,0.9866017052375152,attack_free,benign_fp
23,unrelated_incidents,veh_10-w08,Challenge_D::Pre_train_D_2.csv::78::test,Pre_train_D_2.csv,Challenge_D,veh_10,0,-1,0.6797138047138047,attack_free,benign_fp
23,unrelated_incidents,veh_10-w09,OCSLab_Car::normal_run_data.txt::474::test,normal_run_data.txt,OCSLab_Car,veh_10,0,-1,0.705237515225335,attack_free,benign_fp
23,unrelated_incidents,veh_11-w00,OCSLab_Car::DoS_dataset.csv::558::test,DoS_dataset.csv,OCSLab_Car,veh_11,0,-1,0.6605765326837191,attack_free,benign_fp
23,unrelated_incidents,veh_11-w01,Challenge_D::Pre_train_D_0.csv::154::test,Pre_train_D_0.csv,Challenge_D,veh_11,0,-1,0.6115319865319865,attack_free,benign_fp
23,unrelated_incidents,veh_11-w02,Challenge_D::Pre_train_D_0.csv::250::test,Pre_train_D_0.csv,Challenge_D,veh_11,0,-1,0.7306397306397306,attack_free,benign_fp
23,unrelated_incidents,veh_11-w03,OCSLab_Car::gear_dataset.csv::561::test,gear_dataset.csv,OCSLab_Car,veh_11,0,-1,0.7389362565976452,attack_free,benign_fp
23,unrelated_incidents,veh_11-w04,Challenge_D::Pre_train_D_0.csv::193::test,Pre_train_D_0.csv,Challenge_D,veh_11,0,-1,0.5904882154882155,attack_free,benign_fp
23,unrelated_incidents,veh_11-w05,OCSLab_Car::normal_run_data.txt::139::test,normal_run_data.txt,OCSLab_Car,veh_11,0,-1,0.9561510353227772,attack_free,benign_fp
23,unrelated_incidents,veh_11-w06,OCSLab_Car::normal_run_data.txt::326::test,normal_run_data.txt,OCSLab_Car,veh_11,0,-1,0.9995939910678034,attack_free,benign_fp
23,unrelated_incidents,veh_11-w07,OCSLab_Car::normal_run_data.txt::137::test,normal_run_data.txt,OCSLab_Car,veh_11,0,-1,0.8639870077141697,attack_free,benign_fp
23,unrelated_incidents,veh_11-w08,OCSLab_Car::normal_run_data.txt::12::test,normal_run_data.txt,OCSLab_Car,veh_11,0,-1,0.8798213560698336,attack_free,benign_fp
23,unrelated_incidents,veh_11-w09,Challenge_D::Pre_train_D_2.csv::766::test,Pre_train_D_2.csv,Challenge_D,veh_11,0,-1,0.5816498316498316,attack_free,benign_fp
23,unrelated_incidents,veh_12-w00,Challenge_D::Pre_train_D_1.csv::34::test,Pre_train_D_1.csv,Challenge_D,veh_12,0,-1,0.8093434343434344,attack_free,benign_fp
23,unrelated_incidents,veh_12-w01,OCSLab_Car::DoS_dataset.csv::14::test,DoS_dataset.csv,OCSLab_Car,veh_12,0,-1,0.6995533901745838,attack_free,benign_fp
23,unrelated_incidents,veh_12-w02,OCSLab_Car::gear_dataset.csv::537::test,gear_dataset.csv,OCSLab_Car,veh_12,0,-1,0.758018676410881,attack_free,benign_fp
23,unrelated_incidents,veh_12-w03,Challenge_D::Pre_train_D_1.csv::589::test,Pre_train_D_1.csv,Challenge_D,veh_12,0,-1,0.8156565656565656,attack_free,benign_fp
23,unrelated_incidents,veh_12-w04,OCSLab_Car::normal_run_data.txt::245::test,normal_run_data.txt,OCSLab_Car,veh_12,0,-1,0.9468128298822576,attack_free,benign_fp
23,unrelated_incidents,veh_12-w05,Challenge_D::Pre_train_D_0.csv::199::test,Pre_train_D_0.csv,Challenge_D,veh_12,0,-1,0.9208754208754208,attack_free,benign_fp
23,unrelated_incidents,veh_12-w06,OCSLab_Car::DoS_dataset.csv::484::test,DoS_dataset.csv,OCSLab_Car,veh_12,0,-1,0.8461226146975234,attack_free,benign_fp
23,unrelated_incidents,veh_12-w07,Challenge_D::Pre_train_D_0.csv::66::test,Pre_train_D_0.csv,Challenge_D,veh_12,0,-1,0.997053872053872,attack_free,benign_fp
23,unrelated_incidents,veh_12-w08,OCSLab_Car::normal_run_data.txt::44::test,normal_run_data.txt,OCSLab_Car,veh_12,0,-1,0.9395046691027202,attack_free,benign_fp
23,unrelated_incidents,veh_12-w09,OCSLab_Car::normal_run_data.txt::310::test,normal_run_data.txt,OCSLab_Car,veh_12,0,-1,0.949654892407633,attack_free,benign_fp
23,unrelated_incidents,veh_13-w00,Challenge_S::Pre_train_S_1.csv::786::test,Pre_train_S_1.csv,Challenge_S,veh_13,0,-1,0.7058080808080808,attack_free,benign_fp
23,unrelated_incidents,veh_13-w01,Challenge_S::Pre_train_S_2.csv::717::test,Pre_train_S_2.csv,Challenge_S,veh_13,0,-1,0.6982323232323232,attack_free,benign_fp
23,unrelated_incidents,veh_13-w02,OCSLab_Car::DoS_dataset.csv::125::test,DoS_dataset.csv,OCSLab_Car,veh_13,0,-1,0.9464068209500608,attack_free,benign_fp
23,unrelated_incidents,veh_13-w03,OCSLab_Car::RPM_dataset.csv::664::test,RPM_dataset.csv,OCSLab_Car,veh_13,0,-1,0.5992691839220463,attack_free,benign_fp
23,unrelated_incidents,veh_13-w04,Challenge_D::Pre_train_D_0.csv::103::test,Pre_train_D_0.csv,Challenge_D,veh_13,0,-1,0.9612794612794612,attack_free,benign_fp
23,unrelated_incidents,veh_13-w05,Challenge_D::Pre_train_D_2.csv::66::test,Pre_train_D_2.csv,Challenge_D,veh_13,0,-1,0.7904040404040404,attack_free,benign_fp
23,unrelated_incidents,veh_13-w06,OCSLab_Car::normal_run_data.txt::184::test,normal_run_data.txt,OCSLab_Car,veh_13,0,-1,0.7685749086479903,attack_free,benign_fp
23,unrelated_incidents,veh_13-w07,OCSLab_Car::gear_dataset.csv::65::test,gear_dataset.csv,OCSLab_Car,veh_13,0,-1,0.5818107998375964,attack_free,benign_fp
23,unrelated_incidents,veh_13-w08,OCSLab_Car::normal_run_data.txt::459::test,normal_run_data.txt,OCSLab_Car,veh_13,0,-1,0.7766950872919204,attack_free,benign_fp
23,unrelated_incidents,veh_13-w09,Challenge_S::Pre_train_S_0.csv::293::test,Pre_train_S_0.csv,Challenge_S,veh_13,0,-1,0.8695286195286195,attack_free,benign_fp
23,unrelated_incidents,veh_14-w00,OCSLab_Car::normal_run_data.txt::221::test,normal_run_data.txt,OCSLab_Car,veh_14,0,-1,0.8611449451887941,attack_free,benign_fp
23,unrelated_incidents,veh_14-w01,OCSLab_Car::normal_run_data.txt::26::test,normal_run_data.txt,OCSLab_Car,veh_14,0,-1,0.8132358911896062,attack_free,benign_fp
23,unrelated_incidents,veh_14-w02,OCSLab_Car::DoS_dataset.csv::489::test,DoS_dataset.csv,OCSLab_Car,veh_14,0,-1,0.6979293544457978,attack_free,benign_fp
23,unrelated_incidents,veh_14-w03,Challenge_D::Pre_train_D_2.csv::653::test,Pre_train_D_2.csv,Challenge_D,veh_14,0,-1,0.6481481481481481,attack_free,benign_fp
23,unrelated_incidents,veh_14-w04,Challenge_S::Pre_train_S_2.csv::692::test,Pre_train_S_2.csv,Challenge_S,veh_14,0,-1,0.925925925925926,attack_free,benign_fp
23,unrelated_incidents,veh_14-w05,Challenge_S::Pre_train_S_2.csv::544::test,Pre_train_S_2.csv,Challenge_S,veh_14,0,-1,0.7314814814814815,attack_free,benign_fp
23,unrelated_incidents,veh_14-w06,OCSLab_Car::normal_run_data.txt::172::test,normal_run_data.txt,OCSLab_Car,veh_14,0,-1,0.7750710515631344,attack_free,benign_fp
23,unrelated_incidents,veh_14-w07,Challenge_D::Pre_train_D_0.csv::239::test,Pre_train_D_0.csv,Challenge_D,veh_14,0,-1,0.5904882154882155,attack_free,benign_fp
23,unrelated_incidents,veh_14-w08,Challenge_D::Pre_train_D_0.csv::146::test,Pre_train_D_0.csv,Challenge_D,veh_14,0,-1,0.960016835016835,attack_free,benign_fp
23,unrelated_incidents,veh_14-w09,Challenge_S::Pre_train_S_2.csv::603::test,Pre_train_S_2.csv,Challenge_S,veh_14,0,-1,0.7011784511784511,attack_free,benign_fp
23,unrelated_incidents,veh_15-w00,Challenge_S::Pre_train_S_0.csv::145::test,Pre_train_S_0.csv,Challenge_S,veh_15,0,-1,0.5723905723905723,attack_free,benign_fp
23,unrelated_incidents,veh_15-w01,Challenge_D::Pre_train_D_2.csv::672::test,Pre_train_D_2.csv,Challenge_D,veh_15,0,-1,0.928030303030303,attack_free,benign_fp
23,unrelated_incidents,veh_15-w02,Challenge_D::Pre_train_D_0.csv::159::test,Pre_train_D_0.csv,Challenge_D,veh_15,0,-1,0.8985690235690236,attack_free,benign_fp
23,unrelated_incidents,veh_15-w03,OCSLab_Car::Fuzzy_dataset.csv::553::test,Fuzzy_dataset.csv,OCSLab_Car,veh_15,0,-1,0.6654486398700772,attack_free,benign_fp
23,unrelated_incidents,veh_15-w04,OCSLab_Car::normal_run_data.txt::416::test,normal_run_data.txt,OCSLab_Car,veh_15,0,-1,0.9821356069833536,attack_free,benign_fp
23,unrelated_incidents,veh_15-w05,OCSLab_Car::Fuzzy_dataset.csv::191::test,Fuzzy_dataset.csv,OCSLab_Car,veh_15,0,-1,0.5631343889565571,attack_free,benign_fp
23,unrelated_incidents,veh_15-w06,Challenge_S::Pre_train_S_0.csv::20::test,Pre_train_S_0.csv,Challenge_S,veh_15,0,-1,0.5715488215488216,attack_free,benign_fp
23,unrelated_incidents,veh_15-w07,OCSLab_Car::gear_dataset.csv::767::test,gear_dataset.csv,OCSLab_Car,veh_15,0,-1,0.729192042224929,attack_free,benign_fp
23,unrelated_incidents,veh_15-w08,OCSLab_Car::normal_run_data.txt::587::test,normal_run_data.txt,OCSLab_Car,veh_15,0,-1,0.976045473000406,attack_free,benign_fp
23,unrelated_incidents,veh_15-w09,OCSLab_Car::normal_run_data.txt::719::test,normal_run_data.txt,OCSLab_Car,veh_15,0,-1,0.833130328867235,attack_free,benign_fp
23,unrelated_incidents,veh_16-w00,OCSLab_Car::normal_run_data.txt::574::test,normal_run_data.txt,OCSLab_Car,veh_16,0,-1,0.8375964271213967,attack_free,benign_fp
23,unrelated_incidents,veh_16-w01,OCSLab_Car::gear_dataset.csv::576::test,gear_dataset.csv,OCSLab_Car,veh_16,0,-1,0.586276898091758,attack_free,benign_fp
23,unrelated_incidents,veh_16-w02,Challenge_S::Pre_train_S_0.csv::213::test,Pre_train_S_0.csv,Challenge_S,veh_16,0,-1,0.8017676767676768,attack_free,benign_fp
23,unrelated_incidents,veh_16-w03,OCSLab_Car::gear_dataset.csv::324::test,gear_dataset.csv,OCSLab_Car,veh_16,0,-1,0.5765326837190419,attack_free,benign_fp
23,unrelated_incidents,veh_16-w04,Challenge_D::Pre_train_D_0.csv::184::test,Pre_train_D_0.csv,Challenge_D,veh_16,0,-1,0.8678451178451179,attack_free,benign_fp
23,unrelated_incidents,veh_16-w05,OCSLab_Car::normal_run_data.txt::250::test,normal_run_data.txt,OCSLab_Car,veh_16,0,-1,0.9618351603735282,attack_free,benign_fp
23,unrelated_incidents,veh_16-w06,OCSLab_Car::normal_run_data.txt::456::test,normal_run_data.txt,OCSLab_Car,veh_16,0,-1,0.8087697929354446,attack_free,benign_fp
23,unrelated_incidents,veh_16-w07,OCSLab_Car::normal_run_data.txt::360::test,normal_run_data.txt,OCSLab_Car,veh_16,0,-1,0.94884287454324,attack_free,benign_fp
23,unrelated_incidents,veh_16-w08,OCSLab_Car::gear_dataset.csv::318::test,gear_dataset.csv,OCSLab_Car,veh_16,0,-1,0.6674786845310596,attack_free,benign_fp
23,unrelated_incidents,veh_16-w09,Challenge_D::Pre_train_D_2.csv::666::test,Pre_train_D_2.csv,Challenge_D,veh_16,0,-1,0.7933501683501684,attack_free,benign_fp
23,unrelated_incidents,veh_17-w00,OCSLab_Car::normal_run_data.txt::21::test,normal_run_data.txt,OCSLab_Car,veh_17,0,-1,0.6865611043442956,attack_free,benign_fp
23,unrelated_incidents,veh_17-w01,OCSLab_Car::normal_run_data.txt::264::test,normal_run_data.txt,OCSLab_Car,veh_17,0,-1,0.8741372310190825,attack_free,benign_fp
23,unrelated_incidents,veh_17-w02,Challenge_D::Pre_train_D_0.csv::140::test,Pre_train_D_0.csv,Challenge_D,veh_17,0,-1,0.781986531986532,attack_free,benign_fp
23,unrelated_incidents,veh_17-w03,OCSLab_Car::gear_dataset.csv::302::test,gear_dataset.csv,OCSLab_Car,veh_17,0,-1,0.5574502639058059,attack_free,benign_fp
23,unrelated_incidents,veh_17-w04,OCSLab_Car::normal_run_data.txt::437::test,normal_run_data.txt,OCSLab_Car,veh_17,0,-1,0.9066179455948032,attack_free,benign_fp
23,unrelated_incidents,veh_17-w05,OCSLab_Car::normal_run_data.txt::375::test,normal_run_data.txt,OCSLab_Car,veh_17,0,-1,0.7884693463256192,attack_free,benign_fp
23,unrelated_incidents,veh_17-w06,OCSLab_Car::Fuzzy_dataset.csv::542::test,Fuzzy_dataset.csv,OCSLab_Car,veh_17,0,-1,0.7706049533089728,attack_free,benign_fp
23,unrelated_incidents,veh_17-w07,Challenge_S::Pre_train_S_1.csv::410::test,Pre_train_S_1.csv,Challenge_S,veh_17,0,-1,0.7003367003367004,attack_free,benign_fp
23,unrelated_incidents,veh_17-w08,Challenge_S::Pre_train_S_2.csv::35::test,Pre_train_S_2.csv,Challenge_S,veh_17,0,-1,0.9823232323232324,attack_free,benign_fp
23,unrelated_incidents,veh_17-w09,Challenge_D::Pre_train_D_1.csv::51::test,Pre_train_D_1.csv,Challenge_D,veh_17,0,-1,0.5542929292929293,attack_free,benign_fp
23,unrelated_incidents,veh_18-w00,OCSLab_Car::normal_run_data.txt::202::test,normal_run_data.txt,OCSLab_Car,veh_18,0,-1,0.877791311408851,attack_free,benign_fp
23,unrelated_incidents,veh_18-w01,OCSLab_Car::DoS_dataset.csv::126::test,DoS_dataset.csv,OCSLab_Car,veh_18,0,-1,0.8477466504263094,attack_free,benign_fp
23,unrelated_incidents,veh_18-w02,Challenge_S::Pre_train_S_2.csv::769::test,Pre_train_S_2.csv,Challenge_S,veh_18,0,-1,0.6868686868686869,attack_free,benign_fp
23,unrelated_incidents,veh_18-w03,OCSLab_Car::normal_run_data.txt::399::test,normal_run_data.txt,OCSLab_Car,veh_18,0,-1,0.921640276086074,attack_free,benign_fp
23,unrelated_incidents,veh_18-w04,Challenge_S::Pre_train_S_2.csv::5::test,Pre_train_S_2.csv,Challenge_S,veh_18,0,-1,0.9452861952861952,attack_free,benign_fp
23,unrelated_incidents,veh_18-w05,OCSLab_Car::normal_run_data.txt::588::test,normal_run_data.txt,OCSLab_Car,veh_18,0,-1,0.997563946406821,attack_free,benign_fp
23,unrelated_incidents,veh_18-w06,Challenge_S::Pre_train_S_2.csv::629::test,Pre_train_S_2.csv,Challenge_S,veh_18,0,-1,0.9553872053872052,attack_free,benign_fp
23,unrelated_incidents,veh_18-w07,OCSLab_Car::RPM_dataset.csv::167::test,RPM_dataset.csv,OCSLab_Car,veh_18,0,-1,0.6236297198538368,attack_free,benign_fp
23,unrelated_incidents,veh_18-w08,Challenge_D::Pre_train_D_1.csv::509::test,Pre_train_D_1.csv,Challenge_D,veh_18,0,-1,0.8947811447811448,attack_free,benign_fp
23,unrelated_incidents,veh_18-w09,Challenge_S::Pre_train_S_0.csv::19::test,Pre_train_S_0.csv,Challenge_S,veh_18,0,-1,0.9221380471380471,attack_free,benign_fp
23,unrelated_incidents,veh_19-w00,OCSLab_Car::normal_run_data.txt::631::test,normal_run_data.txt,OCSLab_Car,veh_19,0,-1,0.9277304100690216,attack_free,benign_fp
23,unrelated_incidents,veh_19-w01,OCSLab_Car::normal_run_data.txt::445::test,normal_run_data.txt,OCSLab_Car,veh_19,0,-1,0.9618351603735282,attack_free,benign_fp
23,unrelated_incidents,veh_19-w02,Challenge_S::Pre_train_S_2.csv::553::test,Pre_train_S_2.csv,Challenge_S,veh_19,0,-1,0.5900673400673401,attack_free,benign_fp
23,unrelated_incidents,veh_19-w03,Challenge_D::Pre_train_D_0.csv::94::test,Pre_train_D_0.csv,Challenge_D,veh_19,0,-1,0.7289562289562289,attack_free,benign_fp
23,unrelated_incidents,veh_19-w04,OCSLab_Car::normal_run_data.txt::636::test,normal_run_data.txt,OCSLab_Car,veh_19,0,-1,0.7494924888347544,attack_free,benign_fp
23,unrelated_incidents,veh_19-w05,OCSLab_Car::normal_run_data.txt::791::test,normal_run_data.txt,OCSLab_Car,veh_19,0,-1,0.9309784815265936,attack_free,benign_fp
23,unrelated_incidents,veh_19-w06,OCSLab_Car::Fuzzy_dataset.csv::362::test,Fuzzy_dataset.csv,OCSLab_Car,veh_19,0,-1,0.6159155501421031,attack_free,benign_fp
23,unrelated_incidents,veh_19-w07,OCSLab_Car::normal_run_data.txt::500::test,normal_run_data.txt,OCSLab_Car,veh_19,0,-1,0.8940316686967114,attack_free,benign_fp
23,unrelated_incidents,veh_19-w08,OCSLab_Car::normal_run_data.txt::485::test,normal_run_data.txt,OCSLab_Car,veh_19,0,-1,0.9618351603735282,attack_free,benign_fp
23,unrelated_incidents,veh_19-w09,Challenge_S::Pre_train_S_0.csv::67::test,Pre_train_S_0.csv,Challenge_S,veh_19,0,-1,0.5606060606060606,attack_free,benign_fp
37,strong_campaign,veh_00-w00,Challenge_S::Pre_train_S_2.csv::88::test,Pre_train_S_2.csv,Challenge_S,veh_00,1,0,1.0,flooding,flooding
37,strong_campaign,veh_00-w01,OCSLab_Car::DoS_dataset.csv::674::test,DoS_dataset.csv,OCSLab_Car,veh_00,1,0,1.0,flooding,flooding
37,strong_campaign,veh_00-w02,OCSLab_Car::DoS_dataset.csv::239::test,DoS_dataset.csv,OCSLab_Car,veh_00,1,0,1.0,flooding,flooding
37,strong_campaign,veh_00-w03,Challenge_S::Pre_train_S_2.csv::64::test,Pre_train_S_2.csv,Challenge_S,veh_00,1,0,1.0,flooding,flooding
37,strong_campaign,veh_00-w04,OCSLab_Car::DoS_dataset.csv::112::test,DoS_dataset.csv,OCSLab_Car,veh_00,1,0,1.0,flooding,flooding
37,strong_campaign,veh_00-w05,Challenge_D::Pre_train_D_1.csv::225::test,Pre_train_D_1.csv,Challenge_D,veh_00,1,0,1.0,flooding,flooding
37,strong_campaign,veh_00-w06,Challenge_D::Pre_train_D_2.csv::135::test,Pre_train_D_2.csv,Challenge_D,veh_00,1,0,1.0,flooding,flooding
37,strong_campaign,veh_00-w07,OCSLab_Car::DoS_dataset.csv::101::test,DoS_dataset.csv,OCSLab_Car,veh_00,1,0,1.0,flooding,flooding
37,strong_campaign,veh_00-w08,Challenge_S::Pre_train_S_1.csv::84::test,Pre_train_S_1.csv,Challenge_S,veh_00,1,0,1.0,flooding,flooding
37,strong_campaign,veh_00-w09,Challenge_S::Pre_train_S_1.csv::244::test,Pre_train_S_1.csv,Challenge_S,veh_00,1,0,1.0,flooding,flooding
37,strong_campaign,veh_01-w00,Challenge_S::Pre_train_S_2.csv::114::test,Pre_train_S_2.csv,Challenge_S,veh_01,1,0,1.0,flooding,flooding
37,strong_campaign,veh_01-w01,Challenge_D::Pre_train_D_1.csv::190::test,Pre_train_D_1.csv,Challenge_D,veh_01,1,0,1.0,flooding,flooding
37,strong_campaign,veh_01-w02,Challenge_D::Pre_train_D_1.csv::254::test,Pre_train_D_1.csv,Challenge_D,veh_01,1,0,1.0,flooding,flooding
37,strong_campaign,veh_01-w03,Challenge_D::Pre_train_D_1.csv::187::test,Pre_train_D_1.csv,Challenge_D,veh_01,1,0,1.0,flooding,flooding
37,strong_campaign,veh_01-w04,OCSLab_Car::DoS_dataset.csv::676::test,DoS_dataset.csv,OCSLab_Car,veh_01,1,0,1.0,flooding,flooding
37,strong_campaign,veh_01-w05,Challenge_D::Pre_train_D_2.csv::127::test,Pre_train_D_2.csv,Challenge_D,veh_01,1,0,0.9835858585858586,flooding,flooding
37,strong_campaign,veh_01-w06,Challenge_D::Pre_train_D_1.csv::199::test,Pre_train_D_1.csv,Challenge_D,veh_01,1,0,1.0,flooding,flooding
37,strong_campaign,veh_01-w07,Challenge_D::Pre_train_D_2.csv::170::test,Pre_train_D_2.csv,Challenge_D,veh_01,1,0,1.0,flooding,flooding
37,strong_campaign,veh_01-w08,Challenge_D::Pre_train_D_1.csv::201::test,Pre_train_D_1.csv,Challenge_D,veh_01,1,0,1.0,flooding,flooding
37,strong_campaign,veh_01-w09,OCSLab_Car::DoS_dataset.csv::96::test,DoS_dataset.csv,OCSLab_Car,veh_01,1,0,1.0,flooding,flooding
37,strong_campaign,veh_02-w00,Challenge_S::Pre_train_S_1.csv::34::test,Pre_train_S_1.csv,Challenge_S,veh_02,1,0,1.0,flooding,flooding
37,strong_campaign,veh_02-w01,OCSLab_Car::DoS_dataset.csv::307::test,DoS_dataset.csv,OCSLab_Car,veh_02,1,0,1.0,flooding,flooding
37,strong_campaign,veh_02-w02,OCSLab_Car::DoS_dataset.csv::693::test,DoS_dataset.csv,OCSLab_Car,veh_02,1,0,1.0,flooding,flooding
37,strong_campaign,veh_02-w03,Challenge_S::Pre_train_S_1.csv::121::test,Pre_train_S_1.csv,Challenge_S,veh_02,1,0,1.0,flooding,flooding
37,strong_campaign,veh_02-w04,Challenge_S::Pre_train_S_1.csv::202::test,Pre_train_S_1.csv,Challenge_S,veh_02,1,0,1.0,flooding,flooding
37,strong_campaign,veh_02-w05,Challenge_S::Pre_train_S_1.csv::130::test,Pre_train_S_1.csv,Challenge_S,veh_02,1,0,1.0,flooding,flooding
37,strong_campaign,veh_02-w06,Challenge_S::Pre_train_S_2.csv::56::test,Pre_train_S_2.csv,Challenge_S,veh_02,1,0,1.0,flooding,flooding
37,strong_campaign,veh_02-w07,Challenge_D::Pre_train_D_2.csv::251::test,Pre_train_D_2.csv,Challenge_D,veh_02,1,0,1.0,flooding,flooding
37,strong_campaign,veh_02-w08,Challenge_D::Pre_train_D_2.csv::184::test,Pre_train_D_2.csv,Challenge_D,veh_02,1,0,1.0,flooding,flooding
37,strong_campaign,veh_02-w09,Challenge_S::Pre_train_S_2.csv::102::test,Pre_train_S_2.csv,Challenge_S,veh_02,1,0,1.0,flooding,flooding
37,strong_campaign,veh_03-w00,Challenge_S::Pre_train_S_2.csv::123::test,Pre_train_S_2.csv,Challenge_S,veh_03,1,0,1.0,flooding,flooding
37,strong_campaign,veh_03-w01,Challenge_D::Pre_train_D_1.csv::164::test,Pre_train_D_1.csv,Challenge_D,veh_03,1,0,1.0,flooding,flooding
37,strong_campaign,veh_03-w02,Challenge_S::Pre_train_S_1.csv::45::test,Pre_train_S_1.csv,Challenge_S,veh_03,1,0,1.0,flooding,flooding
37,strong_campaign,veh_03-w03,Challenge_D::Pre_train_D_1.csv::288::test,Pre_train_D_1.csv,Challenge_D,veh_03,1,0,1.0,flooding,flooding
37,strong_campaign,veh_03-w04,Challenge_S::Pre_train_S_1.csv::253::test,Pre_train_S_1.csv,Challenge_S,veh_03,1,0,1.0,flooding,flooding
37,strong_campaign,veh_03-w05,OCSLab_Car::DoS_dataset.csv::321::test,DoS_dataset.csv,OCSLab_Car,veh_03,1,0,1.0,flooding,flooding
37,strong_campaign,veh_03-w06,Challenge_D::Pre_train_D_1.csv::149::test,Pre_train_D_1.csv,Challenge_D,veh_03,1,0,1.0,flooding,flooding
37,strong_campaign,veh_03-w07,Challenge_S::Pre_train_S_2.csv::232::test,Pre_train_S_2.csv,Challenge_S,veh_03,1,0,1.0,flooding,flooding
37,strong_campaign,veh_03-w08,OCSLab_Car::DoS_dataset.csv::696::test,DoS_dataset.csv,OCSLab_Car,veh_03,1,0,1.0,flooding,flooding
37,strong_campaign,veh_03-w09,Challenge_D::Pre_train_D_2.csv::173::test,Pre_train_D_2.csv,Challenge_D,veh_03,1,0,1.0,flooding,flooding
37,strong_campaign,veh_04-w00,Challenge_S::Pre_train_S_1.csv::74::test,Pre_train_S_1.csv,Challenge_S,veh_04,1,0,1.0,flooding,flooding
37,strong_campaign,veh_04-w01,Challenge_D::Pre_train_D_2.csv::172::test,Pre_train_D_2.csv,Challenge_D,veh_04,1,0,1.0,flooding,flooding
37,strong_campaign,veh_04-w02,OCSLab_Car::DoS_dataset.csv::480::test,DoS_dataset.csv,OCSLab_Car,veh_04,1,0,1.0,flooding,flooding
37,strong_campaign,veh_04-w03,OCSLab_Car::DoS_dataset.csv::254::test,DoS_dataset.csv,OCSLab_Car,veh_04,1,0,1.0,flooding,flooding
37,strong_campaign,veh_04-w04,Challenge_S::Pre_train_S_2.csv::129::test,Pre_train_S_2.csv,Challenge_S,veh_04,1,0,1.0,flooding,flooding
37,strong_campaign,veh_04-w05,Challenge_D::Pre_train_D_2.csv::137::test,Pre_train_D_2.csv,Challenge_D,veh_04,1,0,1.0,flooding,flooding
37,strong_campaign,veh_04-w06,Challenge_S::Pre_train_S_1.csv::36::test,Pre_train_S_1.csv,Challenge_S,veh_04,1,0,1.0,flooding,flooding
37,strong_campaign,veh_04-w07,Challenge_S::Pre_train_S_1.csv::90::test,Pre_train_S_1.csv,Challenge_S,veh_04,1,0,1.0,flooding,flooding
37,strong_campaign,veh_04-w08,OCSLab_Car::DoS_dataset.csv::114::test,DoS_dataset.csv,OCSLab_Car,veh_04,1,0,1.0,flooding,flooding
37,strong_campaign,veh_04-w09,Challenge_S::Pre_train_S_1.csv::132::test,Pre_train_S_1.csv,Challenge_S,veh_04,1,0,1.0,flooding,flooding
37,strong_campaign,veh_05-w00,Challenge_S::Pre_train_S_1.csv::750::test,Pre_train_S_1.csv,Challenge_S,veh_05,0,-1,0.7836700336700336,attack_free,benign_fp
37,strong_campaign,veh_05-w01,Challenge_S::Pre_train_S_0.csv::231::test,Pre_train_S_0.csv,Challenge_S,veh_05,0,-1,0.5955387205387206,attack_free,benign_fp
37,strong_campaign,veh_05-w02,OCSLab_Car::normal_run_data.txt::29::test,normal_run_data.txt,OCSLab_Car,veh_05,0,-1,0.9468128298822576,attack_free,benign_fp
37,strong_campaign,veh_05-w03,Challenge_D::Pre_train_D_1.csv::59::test,Pre_train_D_1.csv,Challenge_D,veh_05,0,-1,0.901094276094276,attack_free,benign_fp
37,strong_campaign,veh_05-w04,OCSLab_Car::normal_run_data.txt::555::test,normal_run_data.txt,OCSLab_Car,veh_05,0,-1,0.8968737312220869,attack_free,benign_fp
37,strong_campaign,veh_05-w05,OCSLab_Car::normal_run_data.txt::550::test,normal_run_data.txt,OCSLab_Car,veh_05,0,-1,0.9476248477466503,attack_free,benign_fp
37,strong_campaign,veh_05-w06,OCSLab_Car::DoS_dataset.csv::356::test,DoS_dataset.csv,OCSLab_Car,veh_05,0,-1,0.5659764514819327,attack_free,benign_fp
37,strong_campaign,veh_05-w07,OCSLab_Car::DoS_dataset.csv::392::test,DoS_dataset.csv,OCSLab_Car,veh_05,0,-1,0.7730410069021518,attack_free,benign_fp
37,strong_campaign,veh_05-w08,Challenge_D::Pre_train_D_1.csv::0::test,Pre_train_D_1.csv,Challenge_D,veh_05,0,-1,0.6321548821548821,attack_free,benign_fp
37,strong_campaign,veh_05-w09,OCSLab_Car::normal_run_data.txt::723::test,normal_run_data.txt,OCSLab_Car,veh_05,0,-1,0.8164839626471783,attack_free,benign_fp
37,strong_campaign,veh_06-w00,OCSLab_Car::normal_run_data.txt::98::test,normal_run_data.txt,OCSLab_Car,veh_06,0,-1,0.98254161591555,attack_free,benign_fp
37,strong_campaign,veh_06-w01,Challenge_S::Pre_train_S_1.csv::7::test,Pre_train_S_1.csv,Challenge_S,veh_06,0,-1,0.7365319865319865,attack_free,benign_fp
37,strong_campaign,veh_06-w02,OCSLab_Car::normal_run_data.txt::19::test,normal_run_data.txt,OCSLab_Car,veh_06,0,-1,0.9833536337799432,attack_free,benign_fp
37,strong_campaign,veh_06-w03,OCSLab_Car::normal_run_data.txt::694::test,normal_run_data.txt,OCSLab_Car,veh_06,0,-1,0.7182298010556232,attack_free,benign_fp
37,strong_campaign,veh_06-w04,OCSLab_Car::normal_run_data.txt::262::test,normal_run_data.txt,OCSLab_Car,veh_06,0,-1,0.8233861144945189,attack_free,benign_fp
37,strong_campaign,veh_06-w05,Challenge_D::Pre_train_D_2.csv::312::test,Pre_train_D_2.csv,Challenge_D,veh_06,0,-1,0.6342592592592593,attack_free,benign_fp
37,strong_campaign,veh_06-w06,OCSLab_Car::normal_run_data.txt::75::test,normal_run_data.txt,OCSLab_Car,veh_06,0,-1,0.8148599269183922,attack_free,benign_fp
37,strong_campaign,veh_06-w07,OCSLab_Car::normal_run_data.txt::471::test,normal_run_data.txt,OCSLab_Car,veh_06,0,-1,0.6626065773447016,attack_free,benign_fp
37,strong_campaign,veh_06-w08,OCSLab_Car::Fuzzy_dataset.csv::562::test,Fuzzy_dataset.csv,OCSLab_Car,veh_06,0,-1,0.5923670320747056,attack_free,benign_fp
37,strong_campaign,veh_06-w09,OCSLab_Car::gear_dataset.csv::649::test,gear_dataset.csv,OCSLab_Car,veh_06,0,-1,0.6065773447015834,attack_free,benign_fp
37,strong_campaign,veh_07-w00,OCSLab_Car::gear_dataset.csv::653::test,gear_dataset.csv,OCSLab_Car,veh_07,0,-1,0.9874137231019082,attack_free,benign_fp
37,strong_campaign,veh_07-w01,OCSLab_Car::normal_run_data.txt::278::test,normal_run_data.txt,OCSLab_Car,veh_07,0,-1,0.9979699553390174,attack_free,benign_fp
37,strong_campaign,veh_07-w02,Challenge_D::Pre_train_D_2.csv::615::test,Pre_train_D_2.csv,Challenge_D,veh_07,0,-1,0.8636363636363636,attack_free,benign_fp
37,strong_campaign,veh_07-w03,OCSLab_Car::gear_dataset.csv::303::test,gear_dataset.csv,OCSLab_Car,veh_07,0,-1,0.5842468534307754,attack_free,benign_fp
37,strong_campaign,veh_07-w04,OCSLab_Car::RPM_dataset.csv::515::test,RPM_dataset.csv,OCSLab_Car,veh_07,0,-1,0.5923670320747056,attack_free,benign_fp
37,strong_campaign,veh_07-w05,Challenge_D::Pre_train_D_0.csv::70::test,Pre_train_D_0.csv,Challenge_D,veh_07,0,-1,0.9861111111111112,attack_free,benign_fp
37,strong_campaign,veh_07-w06,Challenge_S::Pre_train_S_1.csv::748::test,Pre_train_S_1.csv,Challenge_S,veh_07,0,-1,0.7773569023569024,attack_free,benign_fp
37,strong_campaign,veh_07-w07,OCSLab_Car::gear_dataset.csv::762::test,gear_dataset.csv,OCSLab_Car,veh_07,0,-1,0.5903369874137231,attack_free,benign_fp
37,strong_campaign,veh_07-w08,OCSLab_Car::normal_run_data.txt::744::test,normal_run_data.txt,OCSLab_Car,veh_07,0,-1,0.8246041412911084,attack_free,benign_fp
37,strong_campaign,veh_07-w09,Challenge_D::Pre_train_D_2.csv::746::test,Pre_train_D_2.csv,Challenge_D,veh_07,0,-1,0.7428451178451179,attack_free,benign_fp
37,strong_campaign,veh_08-w00,OCSLab_Car::DoS_dataset.csv::129::test,DoS_dataset.csv,OCSLab_Car,veh_08,0,-1,0.6447421843280552,attack_free,benign_fp
37,strong_campaign,veh_08-w01,OCSLab_Car::normal_run_data.txt::486::test,normal_run_data.txt,OCSLab_Car,veh_08,0,-1,0.9801055623223712,attack_free,benign_fp
37,strong_campaign,veh_08-w02,Challenge_D::Pre_train_D_0.csv::215::test,Pre_train_D_0.csv,Challenge_D,veh_08,0,-1,0.8573232323232324,attack_free,benign_fp
37,strong_campaign,veh_08-w03,Challenge_S::Pre_train_S_0.csv::263::test,Pre_train_S_0.csv,Challenge_S,veh_08,0,-1,0.7558922558922558,attack_free,benign_fp
37,strong_campaign,veh_08-w04,Challenge_D::Pre_train_D_0.csv::276::test,Pre_train_D_0.csv,Challenge_D,veh_08,0,-1,0.8968855218855218,attack_free,benign_fp
37,strong_campaign,veh_08-w05,Challenge_D::Pre_train_D_0.csv::167::test,Pre_train_D_0.csv,Challenge_D,veh_08,0,-1,0.6641414141414141,attack_free,benign_fp
37,strong_campaign,veh_08-w06,Challenge_D::Pre_train_D_0.csv::112::test,Pre_train_D_0.csv,Challenge_D,veh_08,0,-1,0.7432659932659933,attack_free,benign_fp
37,strong_campaign,veh_08-w07,Challenge_S::Pre_train_S_0.csv::169::test,Pre_train_S_0.csv,Challenge_S,veh_08,0,-1,0.8712121212121212,attack_free,benign_fp
37,strong_campaign,veh_08-w08,Challenge_D::Pre_train_D_2.csv::54::test,Pre_train_D_2.csv,Challenge_D,veh_08,0,-1,0.976010101010101,attack_free,benign_fp
37,strong_campaign,veh_08-w09,Challenge_D::Pre_train_D_0.csv::148::test,Pre_train_D_0.csv,Challenge_D,veh_08,0,-1,0.5694444444444444,attack_free,benign_fp
37,strong_campaign,veh_09-w00,Challenge_S::Pre_train_S_1.csv::729::test,Pre_train_S_1.csv,Challenge_S,veh_09,0,-1,0.933080808080808,attack_free,benign_fp
37,strong_campaign,veh_09-w01,OCSLab_Car::gear_dataset.csv::116::test,gear_dataset.csv,OCSLab_Car,veh_09,0,-1,0.5655704425497361,attack_free,benign_fp
37,strong_campaign,veh_09-w02,Challenge_D::Pre_train_D_2.csv::108::test,Pre_train_D_2.csv,Challenge_D,veh_09,0,-1,0.8164983164983165,attack_free,benign_fp
37,strong_campaign,veh_09-w03,OCSLab_Car::normal_run_data.txt::267::test,normal_run_data.txt,OCSLab_Car,veh_09,0,-1,0.9342265529841656,attack_free,benign_fp
37,strong_campaign,veh_09-w04,Challenge_S::Pre_train_S_2.csv::607::test,Pre_train_S_2.csv,Challenge_S,veh_09,0,-1,0.9941077441077442,attack_free,benign_fp
37,strong_campaign,veh_09-w05,Challenge_D::Pre_train_D_0.csv::232::test,Pre_train_D_0.csv,Challenge_D,veh_09,0,-1,0.9313973063973064,attack_free,benign_fp
37,strong_campaign,veh_09-w06,OCSLab_Car::DoS_dataset.csv::354::test,DoS_dataset.csv,OCSLab_Car,veh_09,0,-1,0.6666666666666666,attack_free,benign_fp
37,strong_campaign,veh_09-w07,Challenge_S::Pre_train_S_2.csv::639::test,Pre_train_S_2.csv,Challenge_S,veh_09,0,-1,0.9250841750841752,attack_free,benign_fp
37,strong_campaign,veh_09-w08,OCSLab_Car::normal_run_data.txt::17::test,normal_run_data.txt,OCSLab_Car,veh_09,0,-1,0.6285018270401949,attack_free,benign_fp
37,strong_campaign,veh_09-w09,OCSLab_Car::normal_run_data.txt::189::test,normal_run_data.txt,OCSLab_Car,veh_09,0,-1,0.8928136419001218,attack_free,benign_fp
37,strong_campaign,veh_10-w00,OCSLab_Car::DoS_dataset.csv::25::test,DoS_dataset.csv,OCSLab_Car,veh_10,0,-1,0.5542021924482339,attack_free,benign_fp
37,strong_campaign,veh_10-w01,OCSLab_Car::normal_run_data.txt::678::test,normal_run_data.txt,OCSLab_Car,veh_10,0,-1,0.8010556232237109,attack_free,benign_fp
37,strong_campaign,veh_10-w02,OCSLab_Car::normal_run_data.txt::337::test,normal_run_data.txt,OCSLab_Car,veh_10,0,-1,0.9671132764920828,attack_free,benign_fp
37,strong_campaign,veh_10-w03,OCSLab_Car::normal_run_data.txt::36::test,normal_run_data.txt,OCSLab_Car,veh_10,0,-1,0.7226958993097848,attack_free,benign_fp
37,strong_campaign,veh_10-w04,OCSLab_Car::normal_run_data.txt::304::test,normal_run_data.txt,OCSLab_Car,veh_10,0,-1,0.903369874137231,attack_free,benign_fp
37,strong_campaign,veh_10-w05,Challenge_S::Pre_train_S_0.csv::87::test,Pre_train_S_0.csv,Challenge_S,veh_10,0,-1,0.7992424242424242,attack_free,benign_fp
37,strong_campaign,veh_10-w06,OCSLab_Car::normal_run_data.txt::758::test,normal_run_data.txt,OCSLab_Car,veh_10,0,-1,0.85464880227365,attack_free,benign_fp
37,strong_campaign,veh_10-w07,OCSLab_Car::normal_run_data.txt::292::test,normal_run_data.txt,OCSLab_Car,veh_10,0,-1,0.980917580186764,attack_free,benign_fp
37,strong_campaign,veh_10-w08,Challenge_S::Pre_train_S_0.csv::62::test,Pre_train_S_0.csv,Challenge_S,veh_10,0,-1,0.7584175084175084,attack_free,benign_fp
37,strong_campaign,veh_10-w09,OCSLab_Car::normal_run_data.txt::217::test,normal_run_data.txt,OCSLab_Car,veh_10,0,-1,0.9626471782379212,attack_free,benign_fp
37,strong_campaign,veh_11-w00,Challenge_D::Pre_train_D_0.csv::220::test,Pre_train_D_0.csv,Challenge_D,veh_11,0,-1,0.9297138047138048,attack_free,benign_fp
37,strong_campaign,veh_11-w01,OCSLab_Car::normal_run_data.txt::89::test,normal_run_data.txt,OCSLab_Car,veh_11,0,-1,0.8863174989849777,attack_free,benign_fp
37,strong_campaign,veh_11-w02,OCSLab_Car::normal_run_data.txt::488::test,normal_run_data.txt,OCSLab_Car,veh_11,0,-1,0.9212342671538774,attack_free,benign_fp
37,strong_campaign,veh_11-w03,OCSLab_Car::normal_run_data.txt::778::test,normal_run_data.txt,OCSLab_Car,veh_11,0,-1,0.7226958993097848,attack_free,benign_fp
37,strong_campaign,veh_11-w04,Challenge_S::Pre_train_S_1.csv::26::test,Pre_train_S_1.csv,Challenge_S,veh_11,0,-1,0.8699494949494949,attack_free,benign_fp
37,strong_campaign,veh_11-w05,OCSLab_Car::normal_run_data.txt::192::test,normal_run_data.txt,OCSLab_Car,veh_11,0,-1,0.9646772228989038,attack_free,benign_fp
37,strong_campaign,veh_11-w06,OCSLab_Car::normal_run_data.txt::398::test,normal_run_data.txt,OCSLab_Car,veh_11,0,-1,0.955339017458384,attack_free,benign_fp
37,strong_campaign,veh_11-w07,OCSLab_Car::normal_run_data.txt::313::test,normal_run_data.txt,OCSLab_Car,veh_11,0,-1,0.976045473000406,attack_free,benign_fp
37,strong_campaign,veh_11-w08,OCSLab_Car::normal_run_data.txt::242::test,normal_run_data.txt,OCSLab_Car,veh_11,0,-1,0.9833536337799432,attack_free,benign_fp
37,strong_campaign,veh_11-w09,Challenge_D::Pre_train_D_2.csv::315::test,Pre_train_D_2.csv,Challenge_D,veh_11,0,-1,0.6872895622895623,attack_free,benign_fp
37,strong_campaign,veh_12-w00,Challenge_D::Pre_train_D_2.csv::586::test,Pre_train_D_2.csv,Challenge_D,veh_12,0,-1,0.9865319865319864,attack_free,benign_fp
37,strong_campaign,veh_12-w01,OCSLab_Car::Fuzzy_dataset.csv::253::test,Fuzzy_dataset.csv,OCSLab_Car,veh_12,0,-1,0.5696305318717012,attack_free,benign_fp
37,strong_campaign,veh_12-w02,OCSLab_Car::normal_run_data.txt::641::test,normal_run_data.txt,OCSLab_Car,veh_12,0,-1,0.7600487210718636,attack_free,benign_fp
37,strong_campaign,veh_12-w03,Challenge_D::Pre_train_D_0.csv::211::test,Pre_train_D_0.csv,Challenge_D,veh_12,0,-1,0.6797138047138047,attack_free,benign_fp
37,strong_campaign,veh_12-w04,OCSLab_Car::gear_dataset.csv::629::test,gear_dataset.csv,OCSLab_Car,veh_12,0,-1,0.6488022736500203,attack_free,benign_fp
37,strong_campaign,veh_12-w05,OCSLab_Car::normal_run_data.txt::373::test,normal_run_data.txt,OCSLab_Car,veh_12,0,-1,0.8936256597645148,attack_free,benign_fp
37,strong_campaign,veh_12-w06,Challenge_S::Pre_train_S_1.csv::484::test,Pre_train_S_1.csv,Challenge_S,veh_12,0,-1,0.9023569023569024,attack_free,benign_fp
37,strong_campaign,veh_12-w07,Challenge_S::Pre_train_S_2.csv::630::test,Pre_train_S_2.csv,Challenge_S,veh_12,0,-1,0.9983164983164984,attack_free,benign_fp
37,strong_campaign,veh_12-w08,Challenge_D::Pre_train_D_0.csv::14::test,Pre_train_D_0.csv,Challenge_D,veh_12,0,-1,0.5968013468013468,attack_free,benign_fp
37,strong_campaign,veh_12-w09,Challenge_D::Pre_train_D_0.csv::155::test,Pre_train_D_0.csv,Challenge_D,veh_12,0,-1,0.9494949494949496,attack_free,benign_fp
37,strong_campaign,veh_13-w00,OCSLab_Car::normal_run_data.txt::73::test,normal_run_data.txt,OCSLab_Car,veh_13,0,-1,0.7641088103938287,attack_free,benign_fp
37,strong_campaign,veh_13-w01,Challenge_D::Pre_train_D_0.csv::266::test,Pre_train_D_0.csv,Challenge_D,veh_13,0,-1,0.6813973063973064,attack_free,benign_fp
37,strong_campaign,veh_13-w02,OCSLab_Car::Fuzzy_dataset.csv::362::test,Fuzzy_dataset.csv,OCSLab_Car,veh_13,0,-1,0.6159155501421031,attack_free,benign_fp
37,strong_campaign,veh_13-w03,Challenge_D::Pre_train_D_0.csv::243::test,Pre_train_D_0.csv,Challenge_D,veh_13,0,-1,0.617003367003367,attack_free,benign_fp
37,strong_campaign,veh_13-w04,Challenge_D::Pre_train_D_0.csv::68::test,Pre_train_D_0.csv,Challenge_D,veh_13,0,-1,0.877104377104377,attack_free,benign_fp
37,strong_campaign,veh_13-w05,Challenge_S::Pre_train_S_2.csv::774::test,Pre_train_S_2.csv,Challenge_S,veh_13,0,-1,0.7815656565656566,attack_free,benign_fp
37,strong_campaign,veh_13-w06,OCSLab_Car::gear_dataset.csv::638::test,gear_dataset.csv,OCSLab_Car,veh_13,0,-1,0.9930978481526592,attack_free,benign_fp
37,strong_campaign,veh_13-w07,Challenge_D::Pre_train_D_1.csv::87::test,Pre_train_D_1.csv,Challenge_D,veh_13,0,-1,0.976010101010101,attack_free,benign_fp
37,strong_campaign,veh_13-w08,OCSLab_Car::normal_run_data.txt::21::test,normal_run_data.txt,OCSLab_Car,veh_13,0,-1,0.6865611043442956,attack_free,benign_fp
37,strong_campaign,veh_13-w09,Challenge_S::Pre_train_S_0.csv::290::test,Pre_train_S_0.csv,Challenge_S,veh_13,0,-1,0.7289562289562289,attack_free,benign_fp
37,strong_campaign,veh_14-w00,OCSLab_Car::gear_dataset.csv::632::test,gear_dataset.csv,OCSLab_Car,veh_14,0,-1,0.6285018270401949,attack_free,benign_fp
37,strong_campaign,veh_14-w01,OCSLab_Car::gear_dataset.csv::557::test,gear_dataset.csv,OCSLab_Car,veh_14,0,-1,0.7884693463256192,attack_free,benign_fp
37,strong_campaign,veh_14-w02,Challenge_S::Pre_train_S_2.csv::10::test,Pre_train_S_2.csv,Challenge_S,veh_14,0,-1,0.7836700336700336,attack_free,benign_fp
37,strong_campaign,veh_14-w03,Challenge_D::Pre_train_D_0.csv::151::test,Pre_train_D_0.csv,Challenge_D,veh_14,0,-1,0.9629629629629628,attack_free,benign_fp
37,strong_campaign,veh_14-w04,OCSLab_Car::normal_run_data.txt::343::test,normal_run_data.txt,OCSLab_Car,veh_14,0,-1,0.8461226146975234,attack_free,benign_fp
37,strong_campaign,veh_14-w05,OCSLab_Car::normal_run_data.txt::414::test,normal_run_data.txt,OCSLab_Car,veh_14,0,-1,0.9979699553390174,attack_free,benign_fp
37,strong_campaign,veh_14-w06,OCSLab_Car::normal_run_data.txt::584::test,normal_run_data.txt,OCSLab_Car,veh_14,0,-1,0.9618351603735282,attack_free,benign_fp
37,strong_campaign,veh_14-w07,OCSLab_Car::normal_run_data.txt::725::test,normal_run_data.txt,OCSLab_Car,veh_14,0,-1,0.7243199350385708,attack_free,benign_fp
37,strong_campaign,veh_14-w08,OCSLab_Car::normal_run_data.txt::37::test,normal_run_data.txt,OCSLab_Car,veh_14,0,-1,0.9390986601705238,attack_free,benign_fp
37,strong_campaign,veh_14-w09,OCSLab_Car::normal_run_data.txt::49::test,normal_run_data.txt,OCSLab_Car,veh_14,0,-1,0.9634591961023142,attack_free,benign_fp
37,strong_campaign,veh_15-w00,Challenge_D::Pre_train_D_0.csv::275::test,Pre_train_D_0.csv,Challenge_D,veh_15,0,-1,0.821969696969697,attack_free,benign_fp
37,strong_campaign,veh_15-w01,OCSLab_Car::normal_run_data.txt::51::test,normal_run_data.txt,OCSLab_Car,veh_15,0,-1,0.9963459196102314,attack_free,benign_fp
37,strong_campaign,veh_15-w02,OCSLab_Car::normal_run_data.txt::32::test,normal_run_data.txt,OCSLab_Car,veh_15,0,-1,0.9139261063743402,attack_free,benign_fp
37,strong_campaign,veh_15-w03,OCSLab_Car::normal_run_data.txt::483::test,normal_run_data.txt,OCSLab_Car,veh_15,0,-1,0.7982135606983354,attack_free,benign_fp
37,strong_campaign,veh_15-w04,Challenge_S::Pre_train_S_2.csv::621::test,Pre_train_S_2.csv,Challenge_S,veh_15,0,-1,0.9553872053872052,attack_free,benign_fp
37,strong_campaign,veh_15-w05,OCSLab_Car::normal_run_data.txt::652::test,normal_run_data.txt,OCSLab_Car,veh_15,0,-1,0.9618351603735282,attack_free,benign_fp
37,strong_campaign,veh_15-w06,Challenge_D::Pre_train_D_1.csv::509::test,Pre_train_D_1.csv,Challenge_D,veh_15,0,-1,0.8947811447811448,attack_free,benign_fp
37,strong_campaign,veh_15-w07,OCSLab_Car::normal_run_data.txt::43::test,normal_run_data.txt,OCSLab_Car,veh_15,0,-1,0.8457166057653268,attack_free,benign_fp
37,strong_campaign,veh_15-w08,OCSLab_Car::normal_run_data.txt::474::test,normal_run_data.txt,OCSLab_Car,veh_15,0,-1,0.705237515225335,attack_free,benign_fp
37,strong_campaign,veh_15-w09,Challenge_D::Pre_train_D_0.csv::73::test,Pre_train_D_0.csv,Challenge_D,veh_15,0,-1,0.9924242424242424,attack_free,benign_fp
37,strong_campaign,veh_16-w00,OCSLab_Car::RPM_dataset.csv::534::test,RPM_dataset.csv,OCSLab_Car,veh_16,0,-1,0.6650426309378806,attack_free,benign_fp
37,strong_campaign,veh_16-w01,OCSLab_Car::normal_run_data.txt::709::test,normal_run_data.txt,OCSLab_Car,veh_16,0,-1,0.9163621599675192,attack_free,benign_fp
37,strong_campaign,veh_16-w02,Challenge_S::Pre_train_S_0.csv::92::test,Pre_train_S_0.csv,Challenge_S,veh_16,0,-1,0.6140572390572391,attack_free,benign_fp
37,strong_campaign,veh_16-w03,OCSLab_Car::gear_dataset.csv::152::test,gear_dataset.csv,OCSLab_Car,veh_16,0,-1,0.5935850588712952,attack_free,benign_fp
37,strong_campaign,veh_16-w04,Challenge_D::Pre_train_D_1.csv::454::test,Pre_train_D_1.csv,Challenge_D,veh_16,0,-1,0.5686026936026936,attack_free,benign_fp
37,strong_campaign,veh_16-w05,OCSLab_Car::normal_run_data.txt::332::test,normal_run_data.txt,OCSLab_Car,veh_16,0,-1,0.9821356069833536,attack_free,benign_fp
37,strong_campaign,veh_16-w06,OCSLab_Car::normal_run_data.txt::748::test,normal_run_data.txt,OCSLab_Car,veh_16,0,-1,0.8895655704425497,attack_free,benign_fp
37,strong_campaign,veh_16-w07,Challenge_D::Pre_train_D_2.csv::690::test,Pre_train_D_2.csv,Challenge_D,veh_16,0,-1,0.7487373737373737,attack_free,benign_fp
37,strong_campaign,veh_16-w08,Challenge_S::Pre_train_S_2.csv::27::test,Pre_train_S_2.csv,Challenge_S,veh_16,0,-1,0.9553872053872052,attack_free,benign_fp
37,strong_campaign,veh_16-w09,Challenge_S::Pre_train_S_0.csv::30::test,Pre_train_S_0.csv,Challenge_S,veh_16,0,-1,0.5707070707070707,attack_free,benign_fp
37,strong_campaign,veh_17-w00,OCSLab_Car::DoS_dataset.csv::135::test,DoS_dataset.csv,OCSLab_Car,veh_17,0,-1,0.9131140885099472,attack_free,benign_fp
37,strong_campaign,veh_17-w01,OCSLab_Car::gear_dataset.csv::513::test,gear_dataset.csv,OCSLab_Car,veh_17,0,-1,0.5676004872107187,attack_free,benign_fp
37,strong_campaign,veh_17-w02,OCSLab_Car::Fuzzy_dataset.csv::439::test,Fuzzy_dataset.csv,OCSLab_Car,veh_17,0,-1,0.6544863987007714,attack_free,benign_fp
37,strong_campaign,veh_17-w03,OCSLab_Car::Fuzzy_dataset.csv::525::test,Fuzzy_dataset.csv,OCSLab_Car,veh_17,0,-1,0.9675192854242792,attack_free,benign_fp
37,strong_campaign,veh_17-w04,Challenge_S::Pre_train_S_0.csv::19::test,Pre_train_S_0.csv,Challenge_S,veh_17,0,-1,0.9221380471380471,attack_free,benign_fp
37,strong_campaign,veh_17-w05,Challenge_S::Pre_train_S_0.csv::273::test,Pre_train_S_0.csv,Challenge_S,veh_17,0,-1,0.6418350168350169,attack_free,benign_fp
37,strong_campaign,veh_17-w06,OCSLab_Car::normal_run_data.txt::505::test,normal_run_data.txt,OCSLab_Car,veh_17,0,-1,0.9772634997969956,attack_free,benign_fp
37,strong_campaign,veh_17-w07,OCSLab_Car::normal_run_data.txt::602::test,normal_run_data.txt,OCSLab_Car,veh_17,0,-1,0.9386926512383272,attack_free,benign_fp
37,strong_campaign,veh_17-w08,Challenge_S::Pre_train_S_0.csv::232::test,Pre_train_S_0.csv,Challenge_S,veh_17,0,-1,0.5829124579124579,attack_free,benign_fp
37,strong_campaign,veh_17-w09,OCSLab_Car::normal_run_data.txt::22::test,normal_run_data.txt,OCSLab_Car,veh_17,0,-1,0.60698335363378,attack_free,benign_fp
37,strong_campaign,veh_18-w00,Challenge_D::Pre_train_D_1.csv::301::test,Pre_train_D_1.csv,Challenge_D,veh_18,0,-1,0.928030303030303,attack_free,benign_fp
37,strong_campaign,veh_18-w01,Challenge_S::Pre_train_S_0.csv::16::test,Pre_train_S_0.csv,Challenge_S,veh_18,0,-1,0.9225589225589226,attack_free,benign_fp
37,strong_campaign,veh_18-w02,OCSLab_Car::normal_run_data.txt::420::test,normal_run_data.txt,OCSLab_Car,veh_18,0,-1,0.9882257409663012,attack_free,benign_fp
37,strong_campaign,veh_18-w03,OCSLab_Car::normal_run_data.txt::274::test,normal_run_data.txt,OCSLab_Car,veh_18,0,-1,0.9801055623223712,attack_free,benign_fp
37,strong_campaign,veh_18-w04,Challenge_D::Pre_train_D_2.csv::708::test,Pre_train_D_2.csv,Challenge_D,veh_18,0,-1,0.8337542087542088,attack_free,benign_fp
37,strong_campaign,veh_18-w05,Challenge_D::Pre_train_D_2.csv::580::test,Pre_train_D_2.csv,Challenge_D,veh_18,0,-1,0.904040404040404,attack_free,benign_fp
37,strong_campaign,veh_18-w06,Challenge_S::Pre_train_S_2.csv::767::test,Pre_train_S_2.csv,Challenge_S,veh_18,0,-1,0.7058080808080808,attack_free,benign_fp
37,strong_campaign,veh_18-w07,OCSLab_Car::normal_run_data.txt::407::test,normal_run_data.txt,OCSLab_Car,veh_18,0,-1,0.9874137231019082,attack_free,benign_fp
37,strong_campaign,veh_18-w08,Challenge_D::Pre_train_D_0.csv::18::test,Pre_train_D_0.csv,Challenge_D,veh_18,0,-1,0.9494949494949496,attack_free,benign_fp
37,strong_campaign,veh_18-w09,OCSLab_Car::normal_run_data.txt::271::test,normal_run_data.txt,OCSLab_Car,veh_18,0,-1,0.9886317498984978,attack_free,benign_fp
37,strong_campaign,veh_19-w00,OCSLab_Car::normal_run_data.txt::487::test,normal_run_data.txt,OCSLab_Car,veh_19,0,-1,0.925700365408039,attack_free,benign_fp
37,strong_campaign,veh_19-w01,OCSLab_Car::normal_run_data.txt::640::test,normal_run_data.txt,OCSLab_Car,veh_19,0,-1,0.94884287454324,attack_free,benign_fp
37,strong_campaign,veh_19-w02,OCSLab_Car::normal_run_data.txt::69::test,normal_run_data.txt,OCSLab_Car,veh_19,0,-1,0.8457166057653268,attack_free,benign_fp
37,strong_campaign,veh_19-w03,OCSLab_Car::normal_run_data.txt::301::test,normal_run_data.txt,OCSLab_Car,veh_19,0,-1,0.9878197320341048,attack_free,benign_fp
37,strong_campaign,veh_19-w04,OCSLab_Car::normal_run_data.txt::94::test,normal_run_data.txt,OCSLab_Car,veh_19,0,-1,0.9634591961023142,attack_free,benign_fp
37,strong_campaign,veh_19-w05,OCSLab_Car::normal_run_data.txt::190::test,normal_run_data.txt,OCSLab_Car,veh_19,0,-1,0.8030856678846935,attack_free,benign_fp
37,strong_campaign,veh_19-w06,Challenge_S::Pre_train_S_2.csv::19::test,Pre_train_S_2.csv,Challenge_S,veh_19,0,-1,0.5968013468013468,attack_free,benign_fp
37,strong_campaign,veh_19-w07,Challenge_S::Pre_train_S_0.csv::283::test,Pre_train_S_0.csv,Challenge_S,veh_19,0,-1,0.7369528619528619,attack_free,benign_fp
37,strong_campaign,veh_19-w08,Challenge_S::Pre_train_S_1.csv::758::test,Pre_train_S_1.csv,Challenge_S,veh_19,0,-1,0.9776936026936028,attack_free,benign_fp
37,strong_campaign,veh_19-w09,OCSLab_Car::normal_run_data.txt::427::test,normal_run_data.txt,OCSLab_Car,veh_19,0,-1,0.9813235891189608,attack_free,benign_fp
37,weak_campaign,veh_00-w00,Challenge_D::Pre_train_D_2.csv::430::test,Pre_train_D_2.csv,Challenge_D,veh_00,1,0,0.5984848484848485,spoofing,spoofing
37,weak_campaign,veh_00-w01,Challenge_D::Pre_train_D_1.csv::525::test,Pre_train_D_1.csv,Challenge_D,veh_00,1,0,0.6022727272727273,spoofing,spoofing
37,weak_campaign,veh_00-w02,Challenge_D::Pre_train_D_2.csv::434::test,Pre_train_D_2.csv,Challenge_D,veh_00,1,0,0.6119528619528619,spoofing,spoofing
37,weak_campaign,veh_00-w03,Challenge_S::Pre_train_S_2.csv::309::test,Pre_train_S_2.csv,Challenge_S,veh_00,1,0,0.7251683501683501,spoofing,spoofing
37,weak_campaign,veh_00-w04,Challenge_D::Pre_train_D_2.csv::425::test,Pre_train_D_2.csv,Challenge_D,veh_00,1,0,0.5820707070707071,spoofing,spoofing
37,weak_campaign,veh_00-w05,Challenge_D::Pre_train_D_2.csv::540::test,Pre_train_D_2.csv,Challenge_D,veh_00,1,0,0.7984006734006734,spoofing,spoofing
37,weak_campaign,veh_00-w06,Challenge_S::Pre_train_S_1.csv::458::test,Pre_train_S_1.csv,Challenge_S,veh_00,1,0,0.7348484848484849,spoofing,spoofing
37,weak_campaign,veh_00-w07,Challenge_S::Pre_train_S_1.csv::501::test,Pre_train_S_1.csv,Challenge_S,veh_00,1,0,0.5631313131313131,spoofing,spoofing
37,weak_campaign,veh_00-w08,Challenge_S::Pre_train_S_2.csv::488::test,Pre_train_S_2.csv,Challenge_S,veh_00,1,0,0.7815656565656566,spoofing,spoofing
37,weak_campaign,veh_00-w09,Challenge_D::Pre_train_D_1.csv::349::test,Pre_train_D_1.csv,Challenge_D,veh_00,1,0,0.7487373737373737,spoofing,spoofing
37,weak_campaign,veh_01-w00,Challenge_S::Pre_train_S_2.csv::380::test,Pre_train_S_2.csv,Challenge_S,veh_01,1,0,0.6746632996632996,spoofing,spoofing
37,weak_campaign,veh_01-w01,Challenge_D::Pre_train_D_2.csv::330::test,Pre_train_D_2.csv,Challenge_D,veh_01,1,0,0.6426767676767676,spoofing,spoofing
37,weak_campaign,veh_01-w02,Challenge_D::Pre_train_D_2.csv::409::test,Pre_train_D_2.csv,Challenge_D,veh_01,1,0,0.5862794612794613,spoofing,spoofing
37,weak_campaign,veh_01-w03,Challenge_D::Pre_train_D_2.csv::479::test,Pre_train_D_2.csv,Challenge_D,veh_01,1,0,0.6262626262626263,spoofing,spoofing
37,weak_campaign,veh_01-w04,Challenge_D::Pre_train_D_1.csv::455::test,Pre_train_D_1.csv,Challenge_D,veh_01,1,0,0.7777777777777778,spoofing,spoofing
37,weak_campaign,veh_01-w05,Challenge_S::Pre_train_S_2.csv::444::test,Pre_train_S_2.csv,Challenge_S,veh_01,1,0,0.6527777777777778,spoofing,spoofing
37,weak_campaign,veh_01-w06,Challenge_S::Pre_train_S_2.csv::501::test,Pre_train_S_2.csv,Challenge_S,veh_01,1,0,0.6948653198653199,spoofing,spoofing
37,weak_campaign,veh_01-w07,Challenge_D::Pre_train_D_1.csv::544::test,Pre_train_D_1.csv,Challenge_D,veh_01,1,0,0.5808080808080808,spoofing,spoofing
37,weak_campaign,veh_01-w08,Challenge_S::Pre_train_S_2.csv::416::test,Pre_train_S_2.csv,Challenge_S,veh_01,1,0,0.6527777777777778,spoofing,spoofing
37,weak_campaign,veh_01-w09,Challenge_S::Pre_train_S_1.csv::446::test,Pre_train_S_1.csv,Challenge_S,veh_01,1,0,0.5812289562289562,spoofing,spoofing
37,weak_campaign,veh_02-w00,Challenge_D::Pre_train_D_2.csv::576::test,Pre_train_D_2.csv,Challenge_D,veh_02,1,0,0.7159090909090909,spoofing,spoofing
37,weak_campaign,veh_02-w01,Challenge_D::Pre_train_D_1.csv::465::test,Pre_train_D_1.csv,Challenge_D,veh_02,1,0,0.6628787878787878,spoofing,spoofing
37,weak_campaign,veh_02-w02,Challenge_S::Pre_train_S_1.csv::308::test,Pre_train_S_1.csv,Challenge_S,veh_02,1,0,0.7584175084175084,spoofing,spoofing
37,weak_campaign,veh_02-w03,Challenge_D::Pre_train_D_2.csv::546::test,Pre_train_D_2.csv,Challenge_D,veh_02,1,0,0.656986531986532,spoofing,spoofing
37,weak_campaign,veh_02-w04,Challenge_S::Pre_train_S_1.csv::324::test,Pre_train_S_1.csv,Challenge_S,veh_02,1,0,0.6641414141414141,spoofing,spoofing
37,weak_campaign,veh_02-w05,Challenge_S::Pre_train_S_1.csv::464::test,Pre_train_S_1.csv,Challenge_S,veh_02,1,0,0.5563973063973064,spoofing,spoofing
37,weak_campaign,veh_02-w06,Challenge_D::Pre_train_D_2.csv::484::test,Pre_train_D_2.csv,Challenge_D,veh_02,1,0,0.6548821548821548,spoofing,spoofing
37,weak_campaign,veh_02-w07,Challenge_S::Pre_train_S_2.csv::434::test,Pre_train_S_2.csv,Challenge_S,veh_02,1,0,0.7542087542087542,spoofing,spoofing
37,weak_campaign,veh_02-w08,Challenge_S::Pre_train_S_1.csv::529::test,Pre_train_S_1.csv,Challenge_S,veh_02,1,0,0.6296296296296297,spoofing,spoofing
37,weak_campaign,veh_02-w09,Challenge_D::Pre_train_D_2.csv::560::test,Pre_train_D_2.csv,Challenge_D,veh_02,1,0,0.6498316498316499,spoofing,spoofing
37,weak_campaign,veh_03-w00,Challenge_S::Pre_train_S_1.csv::372::test,Pre_train_S_1.csv,Challenge_S,veh_03,1,0,0.6022727272727273,spoofing,spoofing
37,weak_campaign,veh_03-w01,Challenge_D::Pre_train_D_2.csv::526::test,Pre_train_D_2.csv,Challenge_D,veh_03,1,0,0.6708754208754208,spoofing,spoofing
37,weak_campaign,veh_03-w02,Challenge_D::Pre_train_D_2.csv::414::test,Pre_train_D_2.csv,Challenge_D,veh_03,1,0,0.7361111111111112,spoofing,spoofing
37,weak_campaign,veh_03-w03,Challenge_S::Pre_train_S_2.csv::362::test,Pre_train_S_2.csv,Challenge_S,veh_03,1,0,0.6376262626262627,spoofing,spoofing
37,weak_campaign,veh_03-w04,Challenge_D::Pre_train_D_1.csv::408::test,Pre_train_D_1.csv,Challenge_D,veh_03,1,0,0.5976430976430976,spoofing,spoofing
37,weak_campaign,veh_03-w05,Challenge_D::Pre_train_D_2.csv::481::test,Pre_train_D_2.csv,Challenge_D,veh_03,1,0,0.7954545454545454,spoofing,spoofing
37,weak_campaign,veh_03-w06,Challenge_D::Pre_train_D_2.csv::512::test,Pre_train_D_2.csv,Challenge_D,veh_03,1,0,0.6237373737373737,spoofing,spoofing
37,weak_campaign,veh_03-w07,Challenge_S::Pre_train_S_1.csv::387::test,Pre_train_S_1.csv,Challenge_S,veh_03,1,0,0.6296296296296297,spoofing,spoofing
37,weak_campaign,veh_03-w08,Challenge_S::Pre_train_S_2.csv::320::test,Pre_train_S_2.csv,Challenge_S,veh_03,1,0,0.7327441077441077,spoofing,spoofing
37,weak_campaign,veh_03-w09,Challenge_S::Pre_train_S_2.csv::365::test,Pre_train_S_2.csv,Challenge_S,veh_03,1,0,0.6447811447811448,spoofing,spoofing
37,weak_campaign,veh_04-w00,Challenge_S::Pre_train_S_1.csv::531::test,Pre_train_S_1.csv,Challenge_S,veh_04,1,0,0.5808080808080808,spoofing,spoofing
37,weak_campaign,veh_04-w01,Challenge_S::Pre_train_S_1.csv::454::test,Pre_train_S_1.csv,Challenge_S,veh_04,1,0,0.593013468013468,spoofing,spoofing
37,weak_campaign,veh_04-w02,Challenge_D::Pre_train_D_2.csv::506::test,Pre_train_D_2.csv,Challenge_D,veh_04,1,0,0.7087542087542088,spoofing,spoofing
37,weak_campaign,veh_04-w03,Challenge_S::Pre_train_S_2.csv::423::test,Pre_train_S_2.csv,Challenge_S,veh_04,1,0,0.6094276094276094,spoofing,spoofing
37,weak_campaign,veh_04-w04,Challenge_D::Pre_train_D_1.csv::526::test,Pre_train_D_1.csv,Challenge_D,veh_04,1,0,0.7908249158249159,spoofing,spoofing
37,weak_campaign,veh_04-w05,Challenge_D::Pre_train_D_1.csv::365::test,Pre_train_D_1.csv,Challenge_D,veh_04,1,0,0.7196969696969697,spoofing,spoofing
37,weak_campaign,veh_04-w06,Challenge_D::Pre_train_D_2.csv::480::test,Pre_train_D_2.csv,Challenge_D,veh_04,1,0,0.571969696969697,spoofing,spoofing
37,weak_campaign,veh_04-w07,Challenge_S::Pre_train_S_2.csv::502::test,Pre_train_S_2.csv,Challenge_S,veh_04,1,0,0.75,spoofing,spoofing
37,weak_campaign,veh_04-w08,Challenge_S::Pre_train_S_2.csv::397::test,Pre_train_S_2.csv,Challenge_S,veh_04,1,0,0.7184343434343434,spoofing,spoofing
37,weak_campaign,veh_04-w09,Challenge_S::Pre_train_S_1.csv::353::test,Pre_train_S_1.csv,Challenge_S,veh_04,1,0,0.7777777777777778,spoofing,spoofing
37,weak_campaign,veh_05-w00,Challenge_D::Pre_train_D_0.csv::280::test,Pre_train_D_0.csv,Challenge_D,veh_05,0,-1,0.6477272727272727,attack_free,benign_fp
37,weak_campaign,veh_05-w01,Challenge_S::Pre_train_S_2.csv::578::test,Pre_train_S_2.csv,Challenge_S,veh_05,0,-1,0.5909090909090909,attack_free,benign_fp
37,weak_campaign,veh_05-w02,OCSLab_Car::normal_run_data.txt::228::test,normal_run_data.txt,OCSLab_Car,veh_05,0,-1,0.9882257409663012,attack_free,benign_fp
37,weak_campaign,veh_05-w03,Challenge_D::Pre_train_D_0.csv::279::test,Pre_train_D_0.csv,Challenge_D,veh_05,0,-1,0.9806397306397306,attack_free,benign_fp
37,weak_campaign,veh_05-w04,OCSLab_Car::gear_dataset.csv::566::test,gear_dataset.csv,OCSLab_Car,veh_05,0,-1,0.7226958993097848,attack_free,benign_fp
37,weak_campaign,veh_05-w05,OCSLab_Car::normal_run_data.txt::375::test,normal_run_data.txt,OCSLab_Car,veh_05,0,-1,0.7884693463256192,attack_free,benign_fp
37,weak_campaign,veh_05-w06,OCSLab_Car::normal_run_data.txt::458::test,normal_run_data.txt,OCSLab_Car,veh_05,0,-1,0.7287860332927324,attack_free,benign_fp
37,weak_campaign,veh_05-w07,Challenge_S::Pre_train_S_2.csv::600::test,Pre_train_S_2.csv,Challenge_S,veh_05,0,-1,0.8379629629629629,attack_free,benign_fp
37,weak_campaign,veh_05-w08,Challenge_S::Pre_train_S_1.csv::545::test,Pre_train_S_1.csv,Challenge_S,veh_05,0,-1,0.5707070707070707,attack_free,benign_fp
37,weak_campaign,veh_05-w09,OCSLab_Car::normal_run_data.txt::53::test,normal_run_data.txt,OCSLab_Car,veh_05,0,-1,0.9780755176613886,attack_free,benign_fp
37,weak_campaign,veh_06-w00,Challenge_S::Pre_train_S_0.csv::290::test,Pre_train_S_0.csv,Challenge_S,veh_06,0,-1,0.7289562289562289,attack_free,benign_fp
37,weak_campaign,veh_06-w01,OCSLab_Car::normal_run_data.txt::527::test,normal_run_data.txt,OCSLab_Car,veh_06,0,-1,0.8566788469346326,attack_free,benign_fp
37,weak_campaign,veh_06-w02,Challenge_S::Pre_train_S_0.csv::240::test,Pre_train_S_0.csv,Challenge_S,veh_06,0,-1,0.6565656565656566,attack_free,benign_fp
37,weak_campaign,veh_06-w03,OCSLab_Car::normal_run_data.txt::315::test,normal_run_data.txt,OCSLab_Car,veh_06,0,-1,0.9930978481526592,attack_free,benign_fp
37,weak_campaign,veh_06-w04,OCSLab_Car::normal_run_data.txt::547::test,normal_run_data.txt,OCSLab_Car,veh_06,0,-1,0.7243199350385708,attack_free,benign_fp
37,weak_campaign,veh_06-w05,Challenge_D::Pre_train_D_0.csv::193::test,Pre_train_D_0.csv,Challenge_D,veh_06,0,-1,0.5904882154882155,attack_free,benign_fp
37,weak_campaign,veh_06-w06,OCSLab_Car::normal_run_data.txt::74::test,normal_run_data.txt,OCSLab_Car,veh_06,0,-1,0.8132358911896062,attack_free,benign_fp
37,weak_campaign,veh_06-w07,Challenge_D::Pre_train_D_2.csv::586::test,Pre_train_D_2.csv,Challenge_D,veh_06,0,-1,0.9865319865319864,attack_free,benign_fp
37,weak_campaign,veh_06-w08,OCSLab_Car::gear_dataset.csv::131::test,gear_dataset.csv,OCSLab_Car,veh_06,0,-1,0.6244417377182298,attack_free,benign_fp
37,weak_campaign,veh_06-w09,OCSLab_Car::normal_run_data.txt::259::test,normal_run_data.txt,OCSLab_Car,veh_06,0,-1,0.9703613479496548,attack_free,benign_fp
37,weak_campaign,veh_07-w00,OCSLab_Car::normal_run_data.txt::276::test,normal_run_data.txt,OCSLab_Car,veh_07,0,-1,0.90580592773041,attack_free,benign_fp
37,weak_campaign,veh_07-w01,OCSLab_Car::RPM_dataset.csv::523::test,RPM_dataset.csv,OCSLab_Car,veh_07,0,-1,0.6090133982947625,attack_free,benign_fp
37,weak_campaign,veh_07-w02,OCSLab_Car::DoS_dataset.csv::613::test,DoS_dataset.csv,OCSLab_Car,veh_07,0,-1,0.6784409257003654,attack_free,benign_fp
37,weak_campaign,veh_07-w03,Challenge_S::Pre_train_S_2.csv::8::test,Pre_train_S_2.csv,Challenge_S,veh_07,0,-1,0.6435185185185185,attack_free,benign_fp
37,weak_campaign,veh_07-w04,Challenge_S::Pre_train_S_2.csv::634::test,Pre_train_S_2.csv,Challenge_S,veh_07,0,-1,0.6898148148148148,attack_free,benign_fp
37,weak_campaign,veh_07-w05,OCSLab_Car::normal_run_data.txt::553::test,normal_run_data.txt,OCSLab_Car,veh_07,0,-1,0.9618351603735282,attack_free,benign_fp
37,weak_campaign,veh_07-w06,OCSLab_Car::normal_run_data.txt::160::test,normal_run_data.txt,OCSLab_Car,veh_07,0,-1,0.7726349979699554,attack_free,benign_fp
37,weak_campaign,veh_07-w07,OCSLab_Car::normal_run_data.txt::360::test,normal_run_data.txt,OCSLab_Car,veh_07,0,-1,0.94884287454324,attack_free,benign_fp
37,weak_campaign,veh_07-w08,OCSLab_Car::normal_run_data.txt::476::test,normal_run_data.txt,OCSLab_Car,veh_07,0,-1,0.9663012586276898,attack_free,benign_fp
37,weak_campaign,veh_07-w09,OCSLab_Car::normal_run_data.txt::715::test,normal_run_data.txt,OCSLab_Car,veh_07,0,-1,0.8030856678846935,attack_free,benign_fp
37,weak_campaign,veh_08-w00,OCSLab_Car::normal_run_data.txt::768::test,normal_run_data.txt,OCSLab_Car,veh_08,0,-1,0.808363784003248,attack_free,benign_fp
37,weak_campaign,veh_08-w01,OCSLab_Car::normal_run_data.txt::418::test,normal_run_data.txt,OCSLab_Car,veh_08,0,-1,0.9930978481526592,attack_free,benign_fp
37,weak_campaign,veh_08-w02,OCSLab_Car::normal_run_data.txt::439::test,normal_run_data.txt,OCSLab_Car,veh_08,0,-1,0.9183922046285018,attack_free,benign_fp
37,weak_campaign,veh_08-w03,OCSLab_Car::normal_run_data.txt::531::test,normal_run_data.txt,OCSLab_Car,veh_08,0,-1,0.94884287454324,attack_free,benign_fp
37,weak_campaign,veh_08-w04,OCSLab_Car::normal_run_data.txt::544::test,normal_run_data.txt,OCSLab_Car,veh_08,0,-1,0.9606171335769388,attack_free,benign_fp
37,weak_campaign,veh_08-w05,OCSLab_Car::gear_dataset.csv::304::test,gear_dataset.csv,OCSLab_Car,veh_08,0,-1,0.6488022736500203,attack_free,benign_fp
37,weak_campaign,veh_08-w06,OCSLab_Car::normal_run_data.txt::393::test,normal_run_data.txt,OCSLab_Car,veh_08,0,-1,0.9053999187982136,attack_free,benign_fp
37,weak_campaign,veh_08-w07,Challenge_S::Pre_train_S_1.csv::346::test,Pre_train_S_1.csv,Challenge_S,veh_08,0,-1,0.7449494949494949,attack_free,benign_fp
37,weak_campaign,veh_08-w08,Challenge_S::Pre_train_S_2.csv::779::test,Pre_train_S_2.csv,Challenge_S,veh_08,0,-1,0.6881313131313131,attack_free,benign_fp
37,weak_campaign,veh_08-w09,OCSLab_Car::normal_run_data.txt::758::test,normal_run_data.txt,OCSLab_Car,veh_08,0,-1,0.85464880227365,attack_free,benign_fp
37,weak_campaign,veh_09-w00,OCSLab_Car::RPM_dataset.csv::607::test,RPM_dataset.csv,OCSLab_Car,veh_09,0,-1,0.903369874137231,attack_free,benign_fp
37,weak_campaign,veh_09-w01,OCSLab_Car::normal_run_data.txt::616::test,normal_run_data.txt,OCSLab_Car,veh_09,0,-1,0.8757612667478685,attack_free,benign_fp
37,weak_campaign,veh_09-w02,Challenge_S::Pre_train_S_0.csv::93::test,Pre_train_S_0.csv,Challenge_S,veh_09,0,-1,0.6868686868686869,attack_free,benign_fp
37,weak_campaign,veh_09-w03,OCSLab_Car::Fuzzy_dataset.csv::191::test,Fuzzy_dataset.csv,OCSLab_Car,veh_09,0,-1,0.5631343889565571,attack_free,benign_fp
37,weak_campaign,veh_09-w04,OCSLab_Car::DoS_dataset.csv::129::test,DoS_dataset.csv,OCSLab_Car,veh_09,0,-1,0.6447421843280552,attack_free,benign_fp
37,weak_campaign,veh_09-w05,OCSLab_Car::gear_dataset.csv::124::test,gear_dataset.csv,OCSLab_Car,veh_09,0,-1,0.6134794965489241,attack_free,benign_fp
37,weak_campaign,veh_09-w06,OCSLab_Car::normal_run_data.txt::507::test,normal_run_data.txt,OCSLab_Car,veh_09,0,-1,0.8107998375964272,attack_free,benign_fp
37,weak_campaign,veh_09-w07,Challenge_D::Pre_train_D_0.csv::234::test,Pre_train_D_0.csv,Challenge_D,veh_09,0,-1,0.8947811447811448,attack_free,benign_fp
37,weak_campaign,veh_09-w08,Challenge_S::Pre_train_S_2.csv::620::test,Pre_train_S_2.csv,Challenge_S,veh_09,0,-1,0.9553872053872052,attack_free,benign_fp
37,weak_campaign,veh_09-w09,Challenge_D::Pre_train_D_0.csv::162::test,Pre_train_D_0.csv,Challenge_D,veh_09,0,-1,0.5538720538720538,attack_free,benign_fp
37,weak_campaign,veh_10-w00,OCSLab_Car::gear_dataset.csv::578::test,gear_dataset.csv,OCSLab_Car,veh_10,0,-1,0.7876573284612262,attack_free,benign_fp
37,weak_campaign,veh_10-w01,OCSLab_Car::normal_run_data.txt::58::test,normal_run_data.txt,OCSLab_Car,veh_10,0,-1,0.9918798213560698,attack_free,benign_fp
37,weak_campaign,veh_10-w02,OCSLab_Car::normal_run_data.txt::90::test,normal_run_data.txt,OCSLab_Car,veh_10,0,-1,0.8652050345107593,attack_free,benign_fp
37,weak_campaign,veh_10-w03,OCSLab_Car::gear_dataset.csv::167::test,gear_dataset.csv,OCSLab_Car,veh_10,0,-1,0.65814047909054,attack_free,benign_fp
37,weak_campaign,veh_10-w04,OCSLab_Car::Fuzzy_dataset.csv::533::test,Fuzzy_dataset.csv,OCSLab_Car,veh_10,0,-1,0.730004060089322,attack_free,benign_fp
37,weak_campaign,veh_10-w05,OCSLab_Car::DoS_dataset.csv::558::test,DoS_dataset.csv,OCSLab_Car,veh_10,0,-1,0.6605765326837191,attack_free,benign_fp
37,weak_campaign,veh_10-w06,Challenge_S::Pre_train_S_1.csv::763::test,Pre_train_S_1.csv,Challenge_S,veh_10,0,-1,0.5917508417508418,attack_free,benign_fp
37,weak_campaign,veh_10-w07,OCSLab_Car::normal_run_data.txt::306::test,normal_run_data.txt,OCSLab_Car,veh_10,0,-1,0.9634591961023142,attack_free,benign_fp
37,weak_campaign,veh_10-w08,OCSLab_Car::normal_run_data.txt::645::test,normal_run_data.txt,OCSLab_Car,veh_10,0,-1,0.6853430775477061,attack_free,benign_fp
37,weak_campaign,veh_10-w09,Challenge_S::Pre_train_S_1.csv::762::test,Pre_train_S_1.csv,Challenge_S,veh_10,0,-1,0.9023569023569024,attack_free,benign_fp
37,weak_campaign,veh_11-w00,OCSLab_Car::normal_run_data.txt::421::test,normal_run_data.txt,OCSLab_Car,veh_11,0,-1,0.9634591961023142,attack_free,benign_fp
37,weak_campaign,veh_11-w01,OCSLab_Car::RPM_dataset.csv::116::test,RPM_dataset.csv,OCSLab_Car,veh_11,0,-1,0.6037352821762079,attack_free,benign_fp
37,weak_campaign,veh_11-w02,Challenge_S::Pre_train_S_2.csv::784::test,Pre_train_S_2.csv,Challenge_S,veh_11,0,-1,0.5572390572390572,attack_free,benign_fp
37,weak_campaign,veh_11-w03,OCSLab_Car::normal_run_data.txt::425::test,normal_run_data.txt,OCSLab_Car,veh_11,0,-1,0.95696305318717,attack_free,benign_fp
37,weak_campaign,veh_11-w04,OCSLab_Car::RPM_dataset.csv::126::test,RPM_dataset.csv,OCSLab_Car,veh_11,0,-1,0.7226958993097848,attack_free,benign_fp
37,weak_campaign,veh_11-w05,OCSLab_Car::gear_dataset.csv::513::test,gear_dataset.csv,OCSLab_Car,veh_11,0,-1,0.5676004872107187,attack_free,benign_fp
37,weak_campaign,veh_11-w06,Challenge_D::Pre_train_D_0.csv::285::test,Pre_train_D_0.csv,Challenge_D,veh_11,0,-1,0.9987373737373736,attack_free,benign_fp
37,weak_campaign,veh_11-w07,Challenge_S::Pre_train_S_2.csv::640::test,Pre_train_S_2.csv,Challenge_S,veh_11,0,-1,0.9095117845117844,attack_free,benign_fp
37,weak_campaign,veh_11-w08,Challenge_D::Pre_train_D_2.csv::314::test,Pre_train_D_2.csv,Challenge_D,veh_11,0,-1,0.5652356902356902,attack_free,benign_fp
37,weak_campaign,veh_11-w09,OCSLab_Car::normal_run_data.txt::57::test,normal_run_data.txt,OCSLab_Car,veh_11,0,-1,0.928136419001218,attack_free,benign_fp
37,weak_campaign,veh_12-w00,OCSLab_Car::gear_dataset.csv::126::test,gear_dataset.csv,OCSLab_Car,veh_12,0,-1,0.6861550954120991,attack_free,benign_fp
37,weak_campaign,veh_12-w01,Challenge_S::Pre_train_S_2.csv::622::test,Pre_train_S_2.csv,Challenge_S,veh_12,0,-1,0.9865319865319864,attack_free,benign_fp
37,weak_campaign,veh_12-w02,OCSLab_Car::Fuzzy_dataset.csv::92::test,Fuzzy_dataset.csv,OCSLab_Car,veh_12,0,-1,0.5574502639058059,attack_free,benign_fp
37,weak_campaign,veh_12-w03,OCSLab_Car::normal_run_data.txt::86::test,normal_run_data.txt,OCSLab_Car,veh_12,0,-1,0.9618351603735282,attack_free,benign_fp
37,weak_campaign,veh_12-w04,Challenge_S::Pre_train_S_1.csv::761::test,Pre_train_S_1.csv,Challenge_S,veh_12,0,-1,0.8804713804713805,attack_free,benign_fp
37,weak_campaign,veh_12-w05,Challenge_D::Pre_train_D_2.csv::638::test,Pre_train_D_2.csv,Challenge_D,veh_12,0,-1,0.6199494949494949,attack_free,benign_fp
37,weak_campaign,veh_12-w06,OCSLab_Car::normal_run_data.txt::629::test,normal_run_data.txt,OCSLab_Car,veh_12,0,-1,0.8895655704425497,attack_free,benign_fp
37,weak_campaign,veh_12-w07,Challenge_D::Pre_train_D_0.csv::260::test,Pre_train_D_0.csv,Challenge_D,veh_12,0,-1,0.8573232323232324,attack_free,benign_fp
37,weak_campaign,veh_12-w08,OCSLab_Car::normal_run_data.txt::46::test,normal_run_data.txt,OCSLab_Car,veh_12,0,-1,0.7271619975639464,attack_free,benign_fp
37,weak_campaign,veh_12-w09,OCSLab_Car::DoS_dataset.csv::40::test,DoS_dataset.csv,OCSLab_Car,veh_12,0,-1,0.5866829070239545,attack_free,benign_fp
37,weak_campaign,veh_13-w00,OCSLab_Car::normal_run_data.txt::186::test,normal_run_data.txt,OCSLab_Car,veh_13,0,-1,0.8964677222898904,attack_free,benign_fp
37,weak_campaign,veh_13-w01,OCSLab_Car::normal_run_data.txt::96::test,normal_run_data.txt,OCSLab_Car,veh_13,0,-1,0.7848152659358506,attack_free,benign_fp
37,weak_campaign,veh_13-w02,Challenge_S::Pre_train_S_1.csv::780::test,Pre_train_S_1.csv,Challenge_S,veh_13,0,-1,0.9646464646464646,attack_free,benign_fp
37,weak_campaign,veh_13-w03,Challenge_D::Pre_train_D_0.csv::295::test,Pre_train_D_0.csv,Challenge_D,veh_13,0,-1,0.968013468013468,attack_free,benign_fp
37,weak_campaign,veh_13-w04,OCSLab_Car::normal_run_data.txt::403::test,normal_run_data.txt,OCSLab_Car,veh_13,0,-1,0.9114900527811612,attack_free,benign_fp
37,weak_campaign,veh_13-w05,Challenge_D::Pre_train_D_0.csv::66::test,Pre_train_D_0.csv,Challenge_D,veh_13,0,-1,0.997053872053872,attack_free,benign_fp
37,weak_campaign,veh_13-w06,OCSLab_Car::normal_run_data.txt::684::test,normal_run_data.txt,OCSLab_Car,veh_13,0,-1,0.7397482744620382,attack_free,benign_fp
37,weak_campaign,veh_13-w07,OCSLab_Car::gear_dataset.csv::766::test,gear_dataset.csv,OCSLab_Car,veh_13,0,-1,0.7442143727161997,attack_free,benign_fp
37,weak_campaign,veh_13-w08,Challenge_D::Pre_train_D_0.csv::40::test,Pre_train_D_0.csv,Challenge_D,veh_13,0,-1,0.6321548821548821,attack_free,benign_fp
37,weak_campaign,veh_13-w09,Challenge_S::Pre_train_S_0.csv::60::test,Pre_train_S_0.csv,Challenge_S,veh_13,0,-1,0.6944444444444444,attack_free,benign_fp
37,weak_campaign,veh_14-w00,OCSLab_Car::normal_run_data.txt::424::test,normal_run_data.txt,OCSLab_Car,veh_14,0,-1,0.7105156313438896,attack_free,benign_fp
37,weak_campaign,veh_14-w01,Challenge_S::Pre_train_S_0.csv::280::test,Pre_train_S_0.csv,Challenge_S,veh_14,0,-1,0.7032828282828283,attack_free,benign_fp
37,weak_campaign,veh_14-w02,OCSLab_Car::normal_run_data.txt::720::test,normal_run_data.txt,OCSLab_Car,veh_14,0,-1,0.902557856272838,attack_free,benign_fp
37,weak_campaign,veh_14-w03,Challenge_S::Pre_train_S_0.csv::185::test,Pre_train_S_0.csv,Challenge_S,veh_14,0,-1,0.7798821548821548,attack_free,benign_fp
37,weak_campaign,veh_14-w04,OCSLab_Car::normal_run_data.txt::265::test,normal_run_data.txt,OCSLab_Car,veh_14,0,-1,0.9671132764920828,attack_free,benign_fp
37,weak_campaign,veh_14-w05,Challenge_D::Pre_train_D_0.csv::277::test,Pre_train_D_0.csv,Challenge_D,veh_14,0,-1,0.938973063973064,attack_free,benign_fp
37,weak_campaign,veh_14-w06,Challenge_D::Pre_train_D_0.csv::227::test,Pre_train_D_0.csv,Challenge_D,veh_14,0,-1,0.928030303030303,attack_free,benign_fp
37,weak_campaign,veh_14-w07,OCSLab_Car::gear_dataset.csv::639::test,gear_dataset.csv,OCSLab_Car,veh_14,0,-1,0.9813235891189608,attack_free,benign_fp
37,weak_campaign,veh_14-w08,Challenge_D::Pre_train_D_0.csv::12::test,Pre_train_D_0.csv,Challenge_D,veh_14,0,-1,0.9612794612794612,attack_free,benign_fp
37,weak_campaign,veh_14-w09,Challenge_D::Pre_train_D_0.csv::109::test,Pre_train_D_0.csv,Challenge_D,veh_14,0,-1,0.5749158249158249,attack_free,benign_fp
37,weak_campaign,veh_15-w00,OCSLab_Car::normal_run_data.txt::437::test,normal_run_data.txt,OCSLab_Car,veh_15,0,-1,0.9066179455948032,attack_free,benign_fp
37,weak_campaign,veh_15-w01,Challenge_S::Pre_train_S_0.csv::269::test,Pre_train_S_0.csv,Challenge_S,veh_15,0,-1,0.7588383838383839,attack_free,benign_fp
37,weak_campaign,veh_15-w02,Challenge_D::Pre_train_D_0.csv::79::test,Pre_train_D_0.csv,Challenge_D,veh_15,0,-1,0.8602693602693603,attack_free,benign_fp
37,weak_campaign,veh_15-w03,OCSLab_Car::normal_run_data.txt::675::test,normal_run_data.txt,OCSLab_Car,veh_15,0,-1,0.5899309784815266,attack_free,benign_fp
37,weak_campaign,veh_15-w04,OCSLab_Car::gear_dataset.csv::592::test,gear_dataset.csv,OCSLab_Car,veh_15,0,-1,0.8010556232237109,attack_free,benign_fp
37,weak_campaign,veh_15-w05,OCSLab_Car::normal_run_data.txt::430::test,normal_run_data.txt,OCSLab_Car,veh_15,0,-1,0.972797401542834,attack_free,benign_fp
37,weak_campaign,veh_15-w06,OCSLab_Car::normal_run_data.txt::352::test,normal_run_data.txt,OCSLab_Car,veh_15,0,-1,0.9663012586276898,attack_free,benign_fp
37,weak_campaign,veh_15-w07,Challenge_D::Pre_train_D_0.csv::212::test,Pre_train_D_0.csv,Challenge_D,veh_15,0,-1,0.7163299663299664,attack_free,benign_fp
37,weak_campaign,veh_15-w08,OCSLab_Car::normal_run_data.txt::304::test,normal_run_data.txt,OCSLab_Car,veh_15,0,-1,0.903369874137231,attack_free,benign_fp
37,weak_campaign,veh_15-w09,Challenge_D::Pre_train_D_1.csv::12::test,Pre_train_D_1.csv,Challenge_D,veh_15,0,-1,0.686026936026936,attack_free,benign_fp
37,weak_campaign,veh_16-w00,Challenge_D::Pre_train_D_2.csv::622::test,Pre_train_D_2.csv,Challenge_D,veh_16,0,-1,0.7428451178451179,attack_free,benign_fp
37,weak_campaign,veh_16-w01,Challenge_S::Pre_train_S_1.csv::8::test,Pre_train_S_1.csv,Challenge_S,veh_16,0,-1,0.8754208754208754,attack_free,benign_fp
37,weak_campaign,veh_16-w02,Challenge_D::Pre_train_D_0.csv::163::test,Pre_train_D_0.csv,Challenge_D,veh_16,0,-1,0.9217171717171716,attack_free,benign_fp
37,weak_campaign,veh_16-w03,OCSLab_Car::normal_run_data.txt::195::test,normal_run_data.txt,OCSLab_Car,veh_16,0,-1,0.7247259439707674,attack_free,benign_fp
37,weak_campaign,veh_16-w04,Challenge_S::Pre_train_S_0.csv::66::test,Pre_train_S_0.csv,Challenge_S,veh_16,0,-1,0.6047979797979798,attack_free,benign_fp
37,weak_campaign,veh_16-w05,OCSLab_Car::Fuzzy_dataset.csv::358::test,Fuzzy_dataset.csv,OCSLab_Car,veh_16,0,-1,0.9663012586276898,attack_free,benign_fp
37,weak_campaign,veh_16-w06,OCSLab_Car::normal_run_data.txt::39::test,normal_run_data.txt,OCSLab_Car,veh_16,0,-1,0.8574908647990256,attack_free,benign_fp
37,weak_campaign,veh_16-w07,Challenge_S::Pre_train_S_0.csv::235::test,Pre_train_S_0.csv,Challenge_S,veh_16,0,-1,0.6868686868686869,attack_free,benign_fp
37,weak_campaign,veh_16-w08,OCSLab_Car::normal_run_data.txt::20::test,normal_run_data.txt,OCSLab_Car,veh_16,0,-1,0.7929354445797807,attack_free,benign_fp
37,weak_campaign,veh_16-w09,Challenge_S::Pre_train_S_2.csv::602::test,Pre_train_S_2.csv,Challenge_S,veh_16,0,-1,0.9208754208754208,attack_free,benign_fp
37,weak_campaign,veh_17-w00,Challenge_S::Pre_train_S_0.csv::87::test,Pre_train_S_0.csv,Challenge_S,veh_17,0,-1,0.7992424242424242,attack_free,benign_fp
37,weak_campaign,veh_17-w01,Challenge_S::Pre_train_S_1.csv::732::test,Pre_train_S_1.csv,Challenge_S,veh_17,0,-1,0.9057239057239056,attack_free,benign_fp
37,weak_campaign,veh_17-w02,OCSLab_Car::DoS_dataset.csv::554::test,DoS_dataset.csv,OCSLab_Car,veh_17,0,-1,0.5777507105156313,attack_free,benign_fp
37,weak_campaign,veh_17-w03,OCSLab_Car::normal_run_data.txt::708::test,normal_run_data.txt,OCSLab_Car,veh_17,0,-1,0.8018676410881039,attack_free,benign_fp
37,weak_campaign,veh_17-w04,OCSLab_Car::DoS_dataset.csv::343::test,DoS_dataset.csv,OCSLab_Car,veh_17,0,-1,0.8241981323589119,attack_free,benign_fp
37,weak_campaign,veh_17-w05,OCSLab_Car::normal_run_data.txt::107::test,normal_run_data.txt,OCSLab_Car,veh_17,0,-1,0.8302882663418595,attack_free,benign_fp
37,weak_campaign,veh_17-w06,OCSLab_Car::Fuzzy_dataset.csv::450::test,Fuzzy_dataset.csv,OCSLab_Car,veh_17,0,-1,0.6402760860738936,attack_free,benign_fp
37,weak_campaign,veh_17-w07,OCSLab_Car::normal_run_data.txt::22::test,normal_run_data.txt,OCSLab_Car,veh_17,0,-1,0.60698335363378,attack_free,benign_fp
37,weak_campaign,veh_17-w08,OCSLab_Car::RPM_dataset.csv::624::test,RPM_dataset.csv,OCSLab_Car,veh_17,0,-1,0.5883069427527405,attack_free,benign_fp
37,weak_campaign,veh_17-w09,OCSLab_Car::normal_run_data.txt::211::test,normal_run_data.txt,OCSLab_Car,veh_17,0,-1,0.877791311408851,attack_free,benign_fp
37,weak_campaign,veh_18-w00,OCSLab_Car::normal_run_data.txt::268::test,normal_run_data.txt,OCSLab_Car,veh_18,0,-1,0.9431587494924888,attack_free,benign_fp
37,weak_campaign,veh_18-w01,Challenge_D::Pre_train_D_0.csv::111::test,Pre_train_D_0.csv,Challenge_D,veh_18,0,-1,0.9835858585858586,attack_free,benign_fp
37,weak_campaign,veh_18-w02,OCSLab_Car::normal_run_data.txt::210::test,normal_run_data.txt,OCSLab_Car,veh_18,0,-1,0.9805115712545676,attack_free,benign_fp
37,weak_campaign,veh_18-w03,OCSLab_Car::Fuzzy_dataset.csv::261::test,Fuzzy_dataset.csv,OCSLab_Car,veh_18,0,-1,0.6012992285830289,attack_free,benign_fp
37,weak_campaign,veh_18-w04,OCSLab_Car::normal_run_data.txt::565::test,normal_run_data.txt,OCSLab_Car,veh_18,0,-1,0.8745432399512789,attack_free,benign_fp
37,weak_campaign,veh_18-w05,Challenge_S::Pre_train_S_0.csv::163::test,Pre_train_S_0.csv,Challenge_S,veh_18,0,-1,0.6195286195286195,attack_free,benign_fp
37,weak_campaign,veh_18-w06,Challenge_D::Pre_train_D_2.csv::680::test,Pre_train_D_2.csv,Challenge_D,veh_18,0,-1,0.622895622895623,attack_free,benign_fp
37,weak_campaign,veh_18-w07,OCSLab_Car::normal_run_data.txt::350::test,normal_run_data.txt,OCSLab_Car,veh_18,0,-1,0.8518067397482745,attack_free,benign_fp
37,weak_campaign,veh_18-w08,OCSLab_Car::normal_run_data.txt::624::test,normal_run_data.txt,OCSLab_Car,veh_18,0,-1,0.9634591961023142,attack_free,benign_fp
37,weak_campaign,veh_18-w09,Challenge_S::Pre_train_S_1.csv::431::test,Pre_train_S_1.csv,Challenge_S,veh_18,0,-1,0.7495791245791246,attack_free,benign_fp
37,weak_campaign,veh_19-w00,Challenge_S::Pre_train_S_2.csv::552::test,Pre_train_S_2.csv,Challenge_S,veh_19,0,-1,0.6961279461279462,attack_free,benign_fp
37,weak_campaign,veh_19-w01,OCSLab_Car::gear_dataset.csv::576::test,gear_dataset.csv,OCSLab_Car,veh_19,0,-1,0.586276898091758,attack_free,benign_fp
37,weak_campaign,veh_19-w02,OCSLab_Car::gear_dataset.csv::612::test,gear_dataset.csv,OCSLab_Car,veh_19,0,-1,0.9447827852212748,attack_free,benign_fp
37,weak_campaign,veh_19-w03,Challenge_D::Pre_train_D_2.csv::745::test,Pre_train_D_2.csv,Challenge_D,veh_19,0,-1,0.9225589225589226,attack_free,benign_fp
37,weak_campaign,veh_19-w04,OCSLab_Car::normal_run_data.txt::552::test,normal_run_data.txt,OCSLab_Car,veh_19,0,-1,0.8241981323589119,attack_free,benign_fp
37,weak_campaign,veh_19-w05,Challenge_S::Pre_train_S_0.csv::111::test,Pre_train_S_0.csv,Challenge_S,veh_19,0,-1,0.5955387205387206,attack_free,benign_fp
37,weak_campaign,veh_19-w06,OCSLab_Car::normal_run_data.txt::642::test,normal_run_data.txt,OCSLab_Car,veh_19,0,-1,0.8940316686967114,attack_free,benign_fp
37,weak_campaign,veh_19-w07,OCSLab_Car::gear_dataset.csv::114::test,gear_dataset.csv,OCSLab_Car,veh_19,0,-1,0.5611043442955745,attack_free,benign_fp
37,weak_campaign,veh_19-w08,Challenge_S::Pre_train_S_2.csv::576::test,Pre_train_S_2.csv,Challenge_S,veh_19,0,-1,0.7314814814814815,attack_free,benign_fp
37,weak_campaign,veh_19-w09,OCSLab_Car::normal_run_data.txt::372::test,normal_run_data.txt,OCSLab_Car,veh_19,0,-1,0.7637028014616322,attack_free,benign_fp
37,unrelated_incidents,veh_00-w00,OCSLab_Car::DoS_dataset.csv::468::test,DoS_dataset.csv,OCSLab_Car,veh_00,1,0,1.0,flooding,independent_0_flooding
37,unrelated_incidents,veh_00-w01,Challenge_S::Pre_train_S_1.csv::275::test,Pre_train_S_1.csv,Challenge_S,veh_00,1,0,1.0,flooding,independent_0_flooding
37,unrelated_incidents,veh_00-w02,OCSLab_Car::DoS_dataset.csv::53::test,DoS_dataset.csv,OCSLab_Car,veh_00,1,0,1.0,flooding,independent_0_flooding
37,unrelated_incidents,veh_00-w03,Challenge_D::Pre_train_D_2.csv::167::test,Pre_train_D_2.csv,Challenge_D,veh_00,1,0,1.0,flooding,independent_0_flooding
37,unrelated_incidents,veh_00-w04,OCSLab_Car::DoS_dataset.csv::271::test,DoS_dataset.csv,OCSLab_Car,veh_00,1,0,1.0,flooding,independent_0_flooding
37,unrelated_incidents,veh_00-w05,Challenge_S::Pre_train_S_1.csv::86::test,Pre_train_S_1.csv,Challenge_S,veh_00,1,0,1.0,flooding,independent_0_flooding
37,unrelated_incidents,veh_00-w06,Challenge_D::Pre_train_D_1.csv::198::test,Pre_train_D_1.csv,Challenge_D,veh_00,1,0,1.0,flooding,independent_0_flooding
37,unrelated_incidents,veh_00-w07,Challenge_S::Pre_train_S_1.csv::259::test,Pre_train_S_1.csv,Challenge_S,veh_00,1,0,1.0,flooding,independent_0_flooding
37,unrelated_incidents,veh_00-w08,Challenge_S::Pre_train_S_1.csv::277::test,Pre_train_S_1.csv,Challenge_S,veh_00,1,0,1.0,flooding,independent_0_flooding
37,unrelated_incidents,veh_00-w09,OCSLab_Car::DoS_dataset.csv::680::test,DoS_dataset.csv,OCSLab_Car,veh_00,1,0,1.0,flooding,independent_0_flooding
37,unrelated_incidents,veh_01-w00,OCSLab_Car::RPM_dataset.csv::452::test,RPM_dataset.csv,OCSLab_Car,veh_01,1,1,1.0,malfunction_rpm,independent_1_malfunction_rpm
37,unrelated_incidents,veh_01-w01,OCSLab_Car::RPM_dataset.csv::195::test,RPM_dataset.csv,OCSLab_Car,veh_01,1,1,1.0,malfunction_rpm,independent_1_malfunction_rpm
37,unrelated_incidents,veh_01-w02,OCSLab_Car::RPM_dataset.csv::30::test,RPM_dataset.csv,OCSLab_Car,veh_01,1,1,1.0,malfunction_rpm,independent_1_malfunction_rpm
37,unrelated_incidents,veh_01-w03,OCSLab_Car::RPM_dataset.csv::214::test,RPM_dataset.csv,OCSLab_Car,veh_01,1,1,1.0,malfunction_rpm,independent_1_malfunction_rpm
37,unrelated_incidents,veh_01-w04,OCSLab_Car::RPM_dataset.csv::202::test,RPM_dataset.csv,OCSLab_Car,veh_01,1,1,1.0,malfunction_rpm,independent_1_malfunction_rpm
37,unrelated_incidents,veh_01-w05,OCSLab_Car::RPM_dataset.csv::737::test,RPM_dataset.csv,OCSLab_Car,veh_01,1,1,1.0,malfunction_rpm,independent_1_malfunction_rpm
37,unrelated_incidents,veh_01-w06,OCSLab_Car::RPM_dataset.csv::20::test,RPM_dataset.csv,OCSLab_Car,veh_01,1,1,1.0,malfunction_rpm,independent_1_malfunction_rpm
37,unrelated_incidents,veh_01-w07,OCSLab_Car::RPM_dataset.csv::596::test,RPM_dataset.csv,OCSLab_Car,veh_01,1,1,1.0,malfunction_rpm,independent_1_malfunction_rpm
37,unrelated_incidents,veh_01-w08,OCSLab_Car::RPM_dataset.csv::455::test,RPM_dataset.csv,OCSLab_Car,veh_01,1,1,1.0,malfunction_rpm,independent_1_malfunction_rpm
37,unrelated_incidents,veh_01-w09,OCSLab_Car::RPM_dataset.csv::496::test,RPM_dataset.csv,OCSLab_Car,veh_01,1,1,1.0,malfunction_rpm,independent_1_malfunction_rpm
37,unrelated_incidents,veh_02-w00,OCSLab_Car::gear_dataset.csv::252::test,gear_dataset.csv,OCSLab_Car,veh_02,1,2,1.0,malfunction_gear,independent_2_malfunction_gear
37,unrelated_incidents,veh_02-w01,OCSLab_Car::gear_dataset.csv::700::test,gear_dataset.csv,OCSLab_Car,veh_02,1,2,1.0,malfunction_gear,independent_2_malfunction_gear
37,unrelated_incidents,veh_02-w02,OCSLab_Car::gear_dataset.csv::46::test,gear_dataset.csv,OCSLab_Car,veh_02,1,2,1.0,malfunction_gear,independent_2_malfunction_gear
37,unrelated_incidents,veh_02-w03,OCSLab_Car::gear_dataset.csv::455::test,gear_dataset.csv,OCSLab_Car,veh_02,1,2,1.0,malfunction_gear,independent_2_malfunction_gear
37,unrelated_incidents,veh_02-w04,OCSLab_Car::gear_dataset.csv::730::test,gear_dataset.csv,OCSLab_Car,veh_02,1,2,1.0,malfunction_gear,independent_2_malfunction_gear
37,unrelated_incidents,veh_02-w05,OCSLab_Car::gear_dataset.csv::53::test,gear_dataset.csv,OCSLab_Car,veh_02,1,2,1.0,malfunction_gear,independent_2_malfunction_gear
37,unrelated_incidents,veh_02-w06,OCSLab_Car::gear_dataset.csv::237::test,gear_dataset.csv,OCSLab_Car,veh_02,1,2,1.0,malfunction_gear,independent_2_malfunction_gear
37,unrelated_incidents,veh_02-w07,OCSLab_Car::gear_dataset.csv::201::test,gear_dataset.csv,OCSLab_Car,veh_02,1,2,1.0,malfunction_gear,independent_2_malfunction_gear
37,unrelated_incidents,veh_02-w08,OCSLab_Car::gear_dataset.csv::697::test,gear_dataset.csv,OCSLab_Car,veh_02,1,2,1.0,malfunction_gear,independent_2_malfunction_gear
37,unrelated_incidents,veh_02-w09,OCSLab_Car::gear_dataset.csv::273::test,gear_dataset.csv,OCSLab_Car,veh_02,1,2,1.0,malfunction_gear,independent_2_malfunction_gear
37,unrelated_incidents,veh_03-w00,OCSLab_Car::Fuzzy_dataset.csv::163::test,Fuzzy_dataset.csv,OCSLab_Car,veh_03,1,3,1.0,fuzzy,independent_3_fuzzy
37,unrelated_incidents,veh_03-w01,OCSLab_Car::Fuzzy_dataset.csv::665::test,Fuzzy_dataset.csv,OCSLab_Car,veh_03,1,3,1.0,fuzzy,independent_3_fuzzy
37,unrelated_incidents,veh_03-w02,OCSLab_Car::Fuzzy_dataset.csv::627::test,Fuzzy_dataset.csv,OCSLab_Car,veh_03,1,3,1.0,fuzzy,independent_3_fuzzy
37,unrelated_incidents,veh_03-w03,OCSLab_Car::Fuzzy_dataset.csv::38::test,Fuzzy_dataset.csv,OCSLab_Car,veh_03,1,3,1.0,fuzzy,independent_3_fuzzy
37,unrelated_incidents,veh_03-w04,OCSLab_Car::Fuzzy_dataset.csv::632::test,Fuzzy_dataset.csv,OCSLab_Car,veh_03,1,3,1.0,fuzzy,independent_3_fuzzy
37,unrelated_incidents,veh_03-w05,OCSLab_Car::Fuzzy_dataset.csv::612::test,Fuzzy_dataset.csv,OCSLab_Car,veh_03,1,3,1.0,fuzzy,independent_3_fuzzy
37,unrelated_incidents,veh_03-w06,OCSLab_Car::Fuzzy_dataset.csv::623::test,Fuzzy_dataset.csv,OCSLab_Car,veh_03,1,3,1.0,fuzzy,independent_3_fuzzy
37,unrelated_incidents,veh_03-w07,OCSLab_Car::Fuzzy_dataset.csv::481::test,Fuzzy_dataset.csv,OCSLab_Car,veh_03,1,3,1.0,fuzzy,independent_3_fuzzy
37,unrelated_incidents,veh_03-w08,OCSLab_Car::Fuzzy_dataset.csv::25::test,Fuzzy_dataset.csv,OCSLab_Car,veh_03,1,3,1.0,fuzzy,independent_3_fuzzy
37,unrelated_incidents,veh_03-w09,OCSLab_Car::Fuzzy_dataset.csv::338::test,Fuzzy_dataset.csv,OCSLab_Car,veh_03,1,3,1.0,fuzzy,independent_3_fuzzy
37,unrelated_incidents,veh_04-w00,Challenge_S::Pre_train_S_2.csv::467::test,Pre_train_S_2.csv,Challenge_S,veh_04,1,4,0.925925925925926,spoofing,independent_4_spoofing
37,unrelated_incidents,veh_04-w01,Challenge_S::Pre_train_S_2.csv::441::test,Pre_train_S_2.csv,Challenge_S,veh_04,1,4,0.9284511784511784,spoofing,independent_4_spoofing
37,unrelated_incidents,veh_04-w02,Challenge_S::Pre_train_S_2.csv::408::test,Pre_train_S_2.csv,Challenge_S,veh_04,1,4,0.9212962962962964,spoofing,independent_4_spoofing
37,unrelated_incidents,veh_04-w03,Challenge_S::Pre_train_S_2.csv::491::test,Pre_train_S_2.csv,Challenge_S,veh_04,1,4,0.8686868686868687,spoofing,independent_4_spoofing
37,unrelated_incidents,veh_04-w04,Challenge_D::Pre_train_D_2.csv::465::test,Pre_train_D_2.csv,Challenge_D,veh_04,1,4,0.976010101010101,spoofing,independent_4_spoofing
37,unrelated_incidents,veh_04-w05,Challenge_D::Pre_train_D_2.csv::446::test,Pre_train_D_2.csv,Challenge_D,veh_04,1,4,0.9398148148148148,spoofing,independent_4_spoofing
37,unrelated_incidents,veh_04-w06,Challenge_D::Pre_train_D_2.csv::503::test,Pre_train_D_2.csv,Challenge_D,veh_04,1,4,0.8358585858585859,spoofing,independent_4_spoofing
37,unrelated_incidents,veh_04-w07,Challenge_S::Pre_train_S_2.csv::389::test,Pre_train_S_2.csv,Challenge_S,veh_04,1,4,0.9276094276094276,spoofing,independent_4_spoofing
37,unrelated_incidents,veh_04-w08,Challenge_S::Pre_train_S_2.csv::529::test,Pre_train_S_2.csv,Challenge_S,veh_04,1,4,0.9865319865319864,spoofing,independent_4_spoofing
37,unrelated_incidents,veh_04-w09,Challenge_D::Pre_train_D_2.csv::461::test,Pre_train_D_2.csv,Challenge_D,veh_04,1,4,0.8337542087542088,spoofing,independent_4_spoofing
37,unrelated_incidents,veh_05-w00,Challenge_S::Pre_train_S_0.csv::243::test,Pre_train_S_0.csv,Challenge_S,veh_05,0,-1,0.5572390572390572,attack_free,benign_fp
37,unrelated_incidents,veh_05-w01,OCSLab_Car::RPM_dataset.csv::114::test,RPM_dataset.csv,OCSLab_Car,veh_05,0,-1,0.6743808363784003,attack_free,benign_fp
37,unrelated_incidents,veh_05-w02,Challenge_D::Pre_train_D_2.csv::615::test,Pre_train_D_2.csv,Challenge_D,veh_05,0,-1,0.8636363636363636,attack_free,benign_fp
37,unrelated_incidents,veh_05-w03,OCSLab_Car::DoS_dataset.csv::521::test,DoS_dataset.csv,OCSLab_Car,veh_05,0,-1,0.9995939910678034,attack_free,benign_fp
37,unrelated_incidents,veh_05-w04,OCSLab_Car::normal_run_data.txt::674::test,normal_run_data.txt,OCSLab_Car,veh_05,0,-1,0.682095006090134,attack_free,benign_fp
37,unrelated_incidents,veh_05-w05,Challenge_S::Pre_train_S_0.csv::225::test,Pre_train_S_0.csv,Challenge_S,veh_05,0,-1,0.7584175084175084,attack_free,benign_fp
37,unrelated_incidents,veh_05-w06,Challenge_S::Pre_train_S_0.csv::2::test,Pre_train_S_0.csv,Challenge_S,veh_05,0,-1,0.7011784511784511,attack_free,benign_fp
37,unrelated_incidents,veh_05-w07,OCSLab_Car::normal_run_data.txt::324::test,normal_run_data.txt,OCSLab_Car,veh_05,0,-1,0.9971579374746244,attack_free,benign_fp
37,unrelated_incidents,veh_05-w08,OCSLab_Car::normal_run_data.txt::290::test,normal_run_data.txt,OCSLab_Car,veh_05,0,-1,0.95696305318717,attack_free,benign_fp
37,unrelated_incidents,veh_05-w09,OCSLab_Car::normal_run_data.txt::783::test,normal_run_data.txt,OCSLab_Car,veh_05,0,-1,0.6544863987007714,attack_free,benign_fp
37,unrelated_incidents,veh_06-w00,OCSLab_Car::normal_run_data.txt::453::test,normal_run_data.txt,OCSLab_Car,veh_06,0,-1,0.9618351603735282,attack_free,benign_fp
37,unrelated_incidents,veh_06-w01,Challenge_D::Pre_train_D_2.csv::577::test,Pre_train_D_2.csv,Challenge_D,veh_06,0,-1,0.5867003367003367,attack_free,benign_fp
37,unrelated_incidents,veh_06-w02,OCSLab_Car::normal_run_data.txt::68::test,normal_run_data.txt,OCSLab_Car,veh_06,0,-1,0.927324401136825,attack_free,benign_fp
37,unrelated_incidents,veh_06-w03,OCSLab_Car::gear_dataset.csv::662::test,gear_dataset.csv,OCSLab_Car,veh_06,0,-1,0.8611449451887941,attack_free,benign_fp
37,unrelated_incidents,veh_06-w04,Challenge_S::Pre_train_S_0.csv::289::test,Pre_train_S_0.csv,Challenge_S,veh_06,0,-1,0.7167508417508418,attack_free,benign_fp
37,unrelated_incidents,veh_06-w05,OCSLab_Car::normal_run_data.txt::407::test,normal_run_data.txt,OCSLab_Car,veh_06,0,-1,0.9874137231019082,attack_free,benign_fp
37,unrelated_incidents,veh_06-w06,OCSLab_Car::gear_dataset.csv::560::test,gear_dataset.csv,OCSLab_Car,veh_06,0,-1,0.7486804709703614,attack_free,benign_fp
37,unrelated_incidents,veh_06-w07,OCSLab_Car::normal_run_data.txt::432::test,normal_run_data.txt,OCSLab_Car,veh_06,0,-1,0.9833536337799432,attack_free,benign_fp
37,unrelated_incidents,veh_06-w08,OCSLab_Car::gear_dataset.csv::167::test,gear_dataset.csv,OCSLab_Car,veh_06,0,-1,0.65814047909054,attack_free,benign_fp
37,unrelated_incidents,veh_06-w09,Challenge_S::Pre_train_S_2.csv::31::test,Pre_train_S_2.csv,Challenge_S,veh_06,0,-1,0.9621212121212122,attack_free,benign_fp
37,unrelated_incidents,veh_07-w00,OCSLab_Car::Fuzzy_dataset.csv::528::test,Fuzzy_dataset.csv,OCSLab_Car,veh_07,0,-1,0.8822574096630126,attack_free,benign_fp
37,unrelated_incidents,veh_07-w01,OCSLab_Car::normal_run_data.txt::680::test,normal_run_data.txt,OCSLab_Car,veh_07,0,-1,0.7101096224116931,attack_free,benign_fp
37,unrelated_incidents,veh_07-w02,OCSLab_Car::normal_run_data.txt::481::test,normal_run_data.txt,OCSLab_Car,veh_07,0,-1,0.8172959805115713,attack_free,benign_fp
37,unrelated_incidents,veh_07-w03,Challenge_S::Pre_train_S_2.csv::623::test,Pre_train_S_2.csv,Challenge_S,veh_07,0,-1,0.8354377104377104,attack_free,benign_fp
37,unrelated_incidents,veh_07-w04,OCSLab_Car::normal_run_data.txt::739::test,normal_run_data.txt,OCSLab_Car,veh_07,0,-1,0.9078359723913926,attack_free,benign_fp
37,unrelated_incidents,veh_07-w05,Challenge_D::Pre_train_D_1.csv::1::test,Pre_train_D_1.csv,Challenge_D,veh_07,0,-1,0.7142255892255892,attack_free,benign_fp
37,unrelated_incidents,veh_07-w06,OCSLab_Car::normal_run_data.txt::428::test,normal_run_data.txt,OCSLab_Car,veh_07,0,-1,0.8944376776289078,attack_free,benign_fp
37,unrelated_incidents,veh_07-w07,Challenge_D::Pre_train_D_0.csv::248::test,Pre_train_D_0.csv,Challenge_D,veh_07,0,-1,0.8038720538720538,attack_free,benign_fp
37,unrelated_incidents,veh_07-w08,OCSLab_Car::normal_run_data.txt::744::test,normal_run_data.txt,OCSLab_Car,veh_07,0,-1,0.8246041412911084,attack_free,benign_fp
37,unrelated_incidents,veh_07-w09,OCSLab_Car::gear_dataset.csv::642::test,gear_dataset.csv,OCSLab_Car,veh_07,0,-1,0.9407226958993098,attack_free,benign_fp
37,unrelated_incidents,veh_08-w00,OCSLab_Car::normal_run_data.txt::524::test,normal_run_data.txt,OCSLab_Car,veh_08,0,-1,0.8026796589524969,attack_free,benign_fp
37,unrelated_incidents,veh_08-w01,OCSLab_Car::normal_run_data.txt::317::test,normal_run_data.txt,OCSLab_Car,veh_08,0,-1,0.9309784815265936,attack_free,benign_fp
37,unrelated_incidents,veh_08-w02,Challenge_S::Pre_train_S_0.csv::21::test,Pre_train_S_0.csv,Challenge_S,veh_08,0,-1,0.6666666666666666,attack_free,benign_fp
37,unrelated_incidents,veh_08-w03,OCSLab_Car::DoS_dataset.csv::43::test,DoS_dataset.csv,OCSLab_Car,veh_08,0,-1,0.5757206658546488,attack_free,benign_fp
37,unrelated_incidents,veh_08-w04,OCSLab_Car::normal_run_data.txt::331::test,normal_run_data.txt,OCSLab_Car,veh_08,0,-1,0.997563946406821,attack_free,benign_fp
37,unrelated_incidents,veh_08-w05,OCSLab_Car::normal_run_data.txt::190::test,normal_run_data.txt,OCSLab_Car,veh_08,0,-1,0.8030856678846935,attack_free,benign_fp
37,unrelated_incidents,veh_08-w06,Challenge_D::Pre_train_D_0.csv::52::test,Pre_train_D_0.csv,Challenge_D,veh_08,0,-1,0.6494107744107744,attack_free,benign_fp
37,unrelated_incidents,veh_08-w07,Challenge_S::Pre_train_S_0.csv::228::test,Pre_train_S_0.csv,Challenge_S,veh_08,0,-1,0.6746632996632996,attack_free,benign_fp
37,unrelated_incidents,veh_08-w08,Challenge_D::Pre_train_D_2.csv::584::test,Pre_train_D_2.csv,Challenge_D,veh_08,0,-1,0.9621212121212122,attack_free,benign_fp
37,unrelated_incidents,veh_08-w09,OCSLab_Car::RPM_dataset.csv::706::test,RPM_dataset.csv,OCSLab_Car,veh_08,0,-1,0.6244417377182298,attack_free,benign_fp
37,unrelated_incidents,veh_09-w00,OCSLab_Car::normal_run_data.txt::518::test,normal_run_data.txt,OCSLab_Car,veh_09,0,-1,0.8375964271213967,attack_free,benign_fp
37,unrelated_incidents,veh_09-w01,OCSLab_Car::gear_dataset.csv::557::test,gear_dataset.csv,OCSLab_Car,veh_09,0,-1,0.7884693463256192,attack_free,benign_fp
37,unrelated_incidents,veh_09-w02,Challenge_D::Pre_train_D_2.csv::3::test,Pre_train_D_2.csv,Challenge_D,veh_09,0,-1,0.7643097643097643,attack_free,benign_fp
37,unrelated_incidents,veh_09-w03,Challenge_S::Pre_train_S_0.csv::196::test,Pre_train_S_0.csv,Challenge_S,veh_09,0,-1,0.5955387205387206,attack_free,benign_fp
37,unrelated_incidents,veh_09-w04,Challenge_S::Pre_train_S_1.csv::781::test,Pre_train_S_1.csv,Challenge_S,veh_09,0,-1,0.7361111111111112,attack_free,benign_fp
37,unrelated_incidents,veh_09-w05,Challenge_D::Pre_train_D_0.csv::262::test,Pre_train_D_0.csv,Challenge_D,veh_09,0,-1,0.8409090909090909,attack_free,benign_fp
37,unrelated_incidents,veh_09-w06,Challenge_D::Pre_train_D_0.csv::125::test,Pre_train_D_0.csv,Challenge_D,veh_09,0,-1,0.8682659932659933,attack_free,benign_fp
37,unrelated_incidents,veh_09-w07,Challenge_S::Pre_train_S_0.csv::145::test,Pre_train_S_0.csv,Challenge_S,veh_09,0,-1,0.5723905723905723,attack_free,benign_fp
37,unrelated_incidents,veh_09-w08,OCSLab_Car::DoS_dataset.csv::516::test,DoS_dataset.csv,OCSLab_Car,veh_09,0,-1,0.5578562728380024,attack_free,benign_fp
37,unrelated_incidents,veh_09-w09,OCSLab_Car::gear_dataset.csv::755::test,gear_dataset.csv,OCSLab_Car,veh_09,0,-1,0.76045473000406,attack_free,benign_fp
37,unrelated_incidents,veh_10-w00,Challenge_D::Pre_train_D_0.csv::148::test,Pre_train_D_0.csv,Challenge_D,veh_10,0,-1,0.5694444444444444,attack_free,benign_fp
37,unrelated_incidents,veh_10-w01,Challenge_D::Pre_train_D_0.csv::175::test,Pre_train_D_0.csv,Challenge_D,veh_10,0,-1,0.8345959595959596,attack_free,benign_fp
37,unrelated_incidents,veh_10-w02,Challenge_S::Pre_train_S_0.csv::100::test,Pre_train_S_0.csv,Challenge_S,veh_10,0,-1,0.6359427609427609,attack_free,benign_fp
37,unrelated_incidents,veh_10-w03,OCSLab_Car::gear_dataset.csv::166::test,gear_dataset.csv,OCSLab_Car,veh_10,0,-1,0.6244417377182298,attack_free,benign_fp
37,unrelated_incidents,veh_10-w04,OCSLab_Car::normal_run_data.txt::730::test,normal_run_data.txt,OCSLab_Car,veh_10,0,-1,0.7040194884287454,attack_free,benign_fp
37,unrelated_incidents,veh_10-w05,Challenge_D::Pre_train_D_0.csv::22::test,Pre_train_D_0.csv,Challenge_D,veh_10,0,-1,0.9949494949494948,attack_free,benign_fp
37,unrelated_incidents,veh_10-w06,Challenge_S::Pre_train_S_0.csv::92::test,Pre_train_S_0.csv,Challenge_S,veh_10,0,-1,0.6140572390572391,attack_free,benign_fp
37,unrelated_incidents,veh_10-w07,OCSLab_Car::gear_dataset.csv::744::test,gear_dataset.csv,OCSLab_Car,veh_10,0,-1,0.9715793747462445,attack_free,benign_fp
37,unrelated_incidents,veh_10-w08,OCSLab_Car::normal_run_data.txt::488::test,normal_run_data.txt,OCSLab_Car,veh_10,0,-1,0.9212342671538774,attack_free,benign_fp
37,unrelated_incidents,veh_10-w09,OCSLab_Car::normal_run_data.txt::532::test,normal_run_data.txt,OCSLab_Car,veh_10,0,-1,0.8611449451887941,attack_free,benign_fp
37,unrelated_incidents,veh_11-w00,OCSLab_Car::gear_dataset.csv::124::test,gear_dataset.csv,OCSLab_Car,veh_11,0,-1,0.6134794965489241,attack_free,benign_fp
37,unrelated_incidents,veh_11-w01,OCSLab_Car::normal_run_data.txt::330::test,normal_run_data.txt,OCSLab_Car,veh_11,0,-1,0.998375964271214,attack_free,benign_fp
37,unrelated_incidents,veh_11-w02,OCSLab_Car::normal_run_data.txt::164::test,normal_run_data.txt,OCSLab_Car,veh_11,0,-1,0.7876573284612262,attack_free,benign_fp
37,unrelated_incidents,veh_11-w03,OCSLab_Car::normal_run_data.txt::40::test,normal_run_data.txt,OCSLab_Car,veh_11,0,-1,0.8729192042224929,attack_free,benign_fp
37,unrelated_incidents,veh_11-w04,OCSLab_Car::normal_run_data.txt::565::test,normal_run_data.txt,OCSLab_Car,veh_11,0,-1,0.8745432399512789,attack_free,benign_fp
37,unrelated_incidents,veh_11-w05,Challenge_S::Pre_train_S_1.csv::740::test,Pre_train_S_1.csv,Challenge_S,veh_11,0,-1,0.7588383838383839,attack_free,benign_fp
37,unrelated_incidents,veh_11-w06,OCSLab_Car::normal_run_data.txt::667::test,normal_run_data.txt,OCSLab_Car,veh_11,0,-1,0.9484368656110436,attack_free,benign_fp
37,unrelated_incidents,veh_11-w07,OCSLab_Car::gear_dataset.csv::582::test,gear_dataset.csv,OCSLab_Car,veh_11,0,-1,0.7730410069021518,attack_free,benign_fp
37,unrelated_incidents,veh_11-w08,Challenge_S::Pre_train_S_0.csv::49::test,Pre_train_S_0.csv,Challenge_S,veh_11,0,-1,0.7790404040404041,attack_free,benign_fp
37,unrelated_incidents,veh_11-w09,OCSLab_Car::gear_dataset.csv::638::test,gear_dataset.csv,OCSLab_Car,veh_11,0,-1,0.9930978481526592,attack_free,benign_fp
37,unrelated_incidents,veh_12-w00,OCSLab_Car::gear_dataset.csv::542::test,gear_dataset.csv,OCSLab_Car,veh_12,0,-1,0.7015834348355664,attack_free,benign_fp
37,unrelated_incidents,veh_12-w01,Challenge_D::Pre_train_D_0.csv::192::test,Pre_train_D_0.csv,Challenge_D,veh_12,0,-1,0.5997474747474747,attack_free,benign_fp
37,unrelated_incidents,veh_12-w02,Challenge_D::Pre_train_D_2.csv::586::test,Pre_train_D_2.csv,Challenge_D,veh_12,0,-1,0.9865319865319864,attack_free,benign_fp
37,unrelated_incidents,veh_12-w03,OCSLab_Car::normal_run_data.txt::615::test,normal_run_data.txt,OCSLab_Car,veh_12,0,-1,0.9959399106780348,attack_free,benign_fp
37,unrelated_incidents,veh_12-w04,OCSLab_Car::normal_run_data.txt::400::test,normal_run_data.txt,OCSLab_Car,veh_12,0,-1,0.8891595615103532,attack_free,benign_fp
37,unrelated_incidents,veh_12-w05,Challenge_D::Pre_train_D_0.csv::74::test,Pre_train_D_0.csv,Challenge_D,veh_12,0,-1,0.8947811447811448,attack_free,benign_fp
37,unrelated_incidents,veh_12-w06,OCSLab_Car::gear_dataset.csv::165::test,gear_dataset.csv,OCSLab_Car,veh_12,0,-1,0.5992691839220463,attack_free,benign_fp
37,unrelated_incidents,veh_12-w07,OCSLab_Car::gear_dataset.csv::601::test,gear_dataset.csv,OCSLab_Car,veh_12,0,-1,0.6674786845310596,attack_free,benign_fp
37,unrelated_incidents,veh_12-w08,OCSLab_Car::normal_run_data.txt::577::test,normal_run_data.txt,OCSLab_Car,veh_12,0,-1,0.976045473000406,attack_free,benign_fp
37,unrelated_incidents,veh_12-w09,OCSLab_Car::gear_dataset.csv::645::test,gear_dataset.csv,OCSLab_Car,veh_12,0,-1,0.951278928136419,attack_free,benign_fp
37,unrelated_incidents,veh_13-w00,OCSLab_Car::DoS_dataset.csv::711::test,DoS_dataset.csv,OCSLab_Car,veh_13,0,-1,0.997563946406821,attack_free,benign_fp
37,unrelated_incidents,veh_13-w01,Challenge_D::Pre_train_D_0.csv::168::test,Pre_train_D_0.csv,Challenge_D,veh_13,0,-1,0.6052188552188552,attack_free,benign_fp
37,unrelated_incidents,veh_13-w02,OCSLab_Car::normal_run_data.txt::642::test,normal_run_data.txt,OCSLab_Car,veh_13,0,-1,0.8940316686967114,attack_free,benign_fp
37,unrelated_incidents,veh_13-w03,Challenge_D::Pre_train_D_0.csv::24::test,Pre_train_D_0.csv,Challenge_D,veh_13,0,-1,0.7672558922558923,attack_free,benign_fp
37,unrelated_incidents,veh_13-w04,OCSLab_Car::normal_run_data.txt::641::test,normal_run_data.txt,OCSLab_Car,veh_13,0,-1,0.7600487210718636,attack_free,benign_fp
37,unrelated_incidents,veh_13-w05,OCSLab_Car::Fuzzy_dataset.csv::357::test,Fuzzy_dataset.csv,OCSLab_Car,veh_13,0,-1,0.9910678034916768,attack_free,benign_fp
37,unrelated_incidents,veh_13-w06,OCSLab_Car::gear_dataset.csv::323::test,gear_dataset.csv,OCSLab_Car,veh_13,0,-1,0.703613479496549,attack_free,benign_fp
37,unrelated_incidents,veh_13-w07,OCSLab_Car::DoS_dataset.csv::124::test,DoS_dataset.csv,OCSLab_Car,veh_13,0,-1,0.9147381242387332,attack_free,benign_fp
37,unrelated_incidents,veh_13-w08,Challenge_S::Pre_train_S_0.csv::31::test,Pre_train_S_0.csv,Challenge_S,veh_13,0,-1,0.7655723905723906,attack_free,benign_fp
37,unrelated_incidents,veh_13-w09,OCSLab_Car::normal_run_data.txt::312::test,normal_run_data.txt,OCSLab_Car,veh_13,0,-1,0.955339017458384,attack_free,benign_fp
37,unrelated_incidents,veh_14-w00,OCSLab_Car::normal_run_data.txt::16::test,normal_run_data.txt,OCSLab_Car,veh_14,0,-1,0.805115712545676,attack_free,benign_fp
37,unrelated_incidents,veh_14-w01,Challenge_S::Pre_train_S_1.csv::1::test,Pre_train_S_1.csv,Challenge_S,veh_14,0,-1,0.8459595959595959,attack_free,benign_fp
37,unrelated_incidents,veh_14-w02,OCSLab_Car::normal_run_data.txt::143::test,normal_run_data.txt,OCSLab_Car,veh_14,0,-1,0.9618351603735282,attack_free,benign_fp
37,unrelated_incidents,veh_14-w03,Challenge_D::Pre_train_D_2.csv::690::test,Pre_train_D_2.csv,Challenge_D,veh_14,0,-1,0.7487373737373737,attack_free,benign_fp
37,unrelated_incidents,veh_14-w04,OCSLab_Car::gear_dataset.csv::334::test,gear_dataset.csv,OCSLab_Car,veh_14,0,-1,0.6142915144133171,attack_free,benign_fp
37,unrelated_incidents,veh_14-w05,OCSLab_Car::normal_run_data.txt::161::test,normal_run_data.txt,OCSLab_Car,veh_14,0,-1,0.7015834348355664,attack_free,benign_fp
37,unrelated_incidents,veh_14-w06,OCSLab_Car::normal_run_data.txt::261::test,normal_run_data.txt,OCSLab_Car,veh_14,0,-1,0.95696305318717,attack_free,benign_fp
37,unrelated_incidents,veh_14-w07,OCSLab_Car::normal_run_data.txt::167::test,normal_run_data.txt,OCSLab_Car,veh_14,0,-1,0.9476248477466503,attack_free,benign_fp
37,unrelated_incidents,veh_14-w08,Challenge_S::Pre_train_S_0.csv::199::test,Pre_train_S_0.csv,Challenge_S,veh_14,0,-1,0.7428451178451179,attack_free,benign_fp
37,unrelated_incidents,veh_14-w09,OCSLab_Car::normal_run_data.txt::118::test,normal_run_data.txt,OCSLab_Car,veh_14,0,-1,0.953714981729598,attack_free,benign_fp
37,unrelated_incidents,veh_15-w00,Challenge_S::Pre_train_S_2.csv::20::test,Pre_train_S_2.csv,Challenge_S,veh_15,0,-1,0.9705387205387206,attack_free,benign_fp
37,unrelated_incidents,veh_15-w01,OCSLab_Car::DoS_dataset.csv::346::test,DoS_dataset.csv,OCSLab_Car,veh_15,0,-1,0.9764514819326026,attack_free,benign_fp
37,unrelated_incidents,veh_15-w02,OCSLab_Car::normal_run_data.txt::305::test,normal_run_data.txt,OCSLab_Car,veh_15,0,-1,0.9764514819326026,attack_free,benign_fp
37,unrelated_incidents,veh_15-w03,OCSLab_Car::normal_run_data.txt::658::test,normal_run_data.txt,OCSLab_Car,veh_15,0,-1,0.8721071863580999,attack_free,benign_fp
37,unrelated_incidents,veh_15-w04,Challenge_D::Pre_train_D_0.csv::265::test,Pre_train_D_0.csv,Challenge_D,veh_15,0,-1,0.8211279461279462,attack_free,benign_fp
37,unrelated_incidents,veh_15-w05,OCSLab_Car::normal_run_data.txt::39::test,normal_run_data.txt,OCSLab_Car,veh_15,0,-1,0.8574908647990256,attack_free,benign_fp
37,unrelated_incidents,veh_15-w06,OCSLab_Car::normal_run_data.txt::573::test,normal_run_data.txt,OCSLab_Car,veh_15,0,-1,0.7884693463256192,attack_free,benign_fp
37,unrelated_incidents,veh_15-w07,OCSLab_Car::normal_run_data.txt::369::test,normal_run_data.txt,OCSLab_Car,veh_15,0,-1,0.8477466504263094,attack_free,benign_fp
37,unrelated_incidents,veh_15-w08,OCSLab_Car::RPM_dataset.csv::660::test,RPM_dataset.csv,OCSLab_Car,veh_15,0,-1,0.6211936662606578,attack_free,benign_fp
37,unrelated_incidents,veh_15-w09,Challenge_D::Pre_train_D_0.csv::198::test,Pre_train_D_0.csv,Challenge_D,veh_15,0,-1,0.7297979797979798,attack_free,benign_fp
37,unrelated_incidents,veh_16-w00,OCSLab_Car::gear_dataset.csv::524::test,gear_dataset.csv,OCSLab_Car,veh_16,0,-1,0.6236297198538368,attack_free,benign_fp
37,unrelated_incidents,veh_16-w01,OCSLab_Car::normal_run_data.txt::706::test,normal_run_data.txt,OCSLab_Car,veh_16,0,-1,0.95696305318717,attack_free,benign_fp
37,unrelated_incidents,veh_16-w02,OCSLab_Car::normal_run_data.txt::627::test,normal_run_data.txt,OCSLab_Car,veh_16,0,-1,0.9650832318311002,attack_free,benign_fp
37,unrelated_incidents,veh_16-w03,Challenge_D::Pre_train_D_0.csv::182::test,Pre_train_D_0.csv,Challenge_D,veh_16,0,-1,0.8686868686868687,attack_free,benign_fp
37,unrelated_incidents,veh_16-w04,OCSLab_Car::normal_run_data.txt::357::test,normal_run_data.txt,OCSLab_Car,veh_16,0,-1,0.9796995533901746,attack_free,benign_fp
37,unrelated_incidents,veh_16-w05,OCSLab_Car::normal_run_data.txt::119::test,normal_run_data.txt,OCSLab_Car,veh_16,0,-1,0.9078359723913926,attack_free,benign_fp
37,unrelated_incidents,veh_16-w06,OCSLab_Car::normal_run_data.txt::655::test,normal_run_data.txt,OCSLab_Car,veh_16,0,-1,0.8834754364596021,attack_free,benign_fp
37,unrelated_incidents,veh_16-w07,Challenge_D::Pre_train_D_0.csv::251::test,Pre_train_D_0.csv,Challenge_D,veh_16,0,-1,0.8455387205387206,attack_free,benign_fp
37,unrelated_incidents,veh_16-w08,Challenge_D::Pre_train_D_1.csv::25::test,Pre_train_D_1.csv,Challenge_D,veh_16,0,-1,0.5820707070707071,attack_free,benign_fp
37,unrelated_incidents,veh_16-w09,OCSLab_Car::normal_run_data.txt::105::test,normal_run_data.txt,OCSLab_Car,veh_16,0,-1,0.8838814453917986,attack_free,benign_fp
37,unrelated_incidents,veh_17-w00,Challenge_S::Pre_train_S_1.csv::25::test,Pre_train_S_1.csv,Challenge_S,veh_17,0,-1,0.6936026936026936,attack_free,benign_fp
37,unrelated_incidents,veh_17-w01,Challenge_D::Pre_train_D_0.csv::117::test,Pre_train_D_0.csv,Challenge_D,veh_17,0,-1,0.9482323232323232,attack_free,benign_fp
37,unrelated_incidents,veh_17-w02,OCSLab_Car::gear_dataset.csv::518::test,gear_dataset.csv,OCSLab_Car,veh_17,0,-1,0.5724725943970768,attack_free,benign_fp
37,unrelated_incidents,veh_17-w03,Challenge_D::Pre_train_D_1.csv::500::test,Pre_train_D_1.csv,Challenge_D,veh_17,0,-1,0.6136363636363636,attack_free,benign_fp
37,unrelated_incidents,veh_17-w04,Challenge_S::Pre_train_S_1.csv::718::test,Pre_train_S_1.csv,Challenge_S,veh_17,0,-1,0.6734006734006734,attack_free,benign_fp
37,unrelated_incidents,veh_17-w05,OCSLab_Car::normal_run_data.txt::246::test,normal_run_data.txt,OCSLab_Car,veh_17,0,-1,0.9598051157125456,attack_free,benign_fp
37,unrelated_incidents,veh_17-w06,OCSLab_Car::normal_run_data.txt::536::test,normal_run_data.txt,OCSLab_Car,veh_17,0,-1,0.7222898903775883,attack_free,benign_fp
37,unrelated_incidents,veh_17-w07,OCSLab_Car::normal_run_data.txt::508::test,normal_run_data.txt,OCSLab_Car,veh_17,0,-1,0.8375964271213967,attack_free,benign_fp
37,unrelated_incidents,veh_17-w08,Challenge_D::Pre_train_D_0.csv::199::test,Pre_train_D_0.csv,Challenge_D,veh_17,0,-1,0.9208754208754208,attack_free,benign_fp
37,unrelated_incidents,veh_17-w09,OCSLab_Car::normal_run_data.txt::221::test,normal_run_data.txt,OCSLab_Car,veh_17,0,-1,0.8611449451887941,attack_free,benign_fp
37,unrelated_incidents,veh_18-w00,OCSLab_Car::normal_run_data.txt::379::test,normal_run_data.txt,OCSLab_Car,veh_18,0,-1,0.8392204628501827,attack_free,benign_fp
37,unrelated_incidents,veh_18-w01,OCSLab_Car::gear_dataset.csv::658::test,gear_dataset.csv,OCSLab_Car,veh_18,0,-1,0.9187982135606984,attack_free,benign_fp
37,unrelated_incidents,veh_18-w02,OCSLab_Car::normal_run_data.txt::211::test,normal_run_data.txt,OCSLab_Car,veh_18,0,-1,0.877791311408851,attack_free,benign_fp
37,unrelated_incidents,veh_18-w03,Challenge_S::Pre_train_S_0.csv::269::test,Pre_train_S_0.csv,Challenge_S,veh_18,0,-1,0.7588383838383839,attack_free,benign_fp
37,unrelated_incidents,veh_18-w04,OCSLab_Car::normal_run_data.txt::414::test,normal_run_data.txt,OCSLab_Car,veh_18,0,-1,0.9979699553390174,attack_free,benign_fp
37,unrelated_incidents,veh_18-w05,Challenge_S::Pre_train_S_2.csv::710::test,Pre_train_S_2.csv,Challenge_S,veh_18,0,-1,0.92003367003367,attack_free,benign_fp
37,unrelated_incidents,veh_18-w06,Challenge_S::Pre_train_S_2.csv::38::test,Pre_train_S_2.csv,Challenge_S,veh_18,0,-1,0.9503367003367004,attack_free,benign_fp
37,unrelated_incidents,veh_18-w07,OCSLab_Car::normal_run_data.txt::716::test,normal_run_data.txt,OCSLab_Car,veh_18,0,-1,0.8505887129516849,attack_free,benign_fp
37,unrelated_incidents,veh_18-w08,OCSLab_Car::normal_run_data.txt::253::test,normal_run_data.txt,OCSLab_Car,veh_18,0,-1,0.955339017458384,attack_free,benign_fp
37,unrelated_incidents,veh_18-w09,OCSLab_Car::normal_run_data.txt::95::test,normal_run_data.txt,OCSLab_Car,veh_18,0,-1,0.853024766544864,attack_free,benign_fp
37,unrelated_incidents,veh_19-w00,Challenge_S::Pre_train_S_0.csv::35::test,Pre_train_S_0.csv,Challenge_S,veh_19,0,-1,0.5968013468013468,attack_free,benign_fp
37,unrelated_incidents,veh_19-w01,Challenge_S::Pre_train_S_1.csv::569::test,Pre_train_S_1.csv,Challenge_S,veh_19,0,-1,0.9339225589225588,attack_free,benign_fp
37,unrelated_incidents,veh_19-w02,Challenge_S::Pre_train_S_0.csv::65::test,Pre_train_S_0.csv,Challenge_S,veh_19,0,-1,0.8278619528619529,attack_free,benign_fp
37,unrelated_incidents,veh_19-w03,OCSLab_Car::normal_run_data.txt::256::test,normal_run_data.txt,OCSLab_Car,veh_19,0,-1,0.8940316686967114,attack_free,benign_fp
37,unrelated_incidents,veh_19-w04,Challenge_S::Pre_train_S_1.csv::770::test,Pre_train_S_1.csv,Challenge_S,veh_19,0,-1,0.6675084175084175,attack_free,benign_fp
37,unrelated_incidents,veh_19-w05,OCSLab_Car::normal_run_data.txt::558::test,normal_run_data.txt,OCSLab_Car,veh_19,0,-1,0.7332521315468941,attack_free,benign_fp
37,unrelated_incidents,veh_19-w06,Challenge_D::Pre_train_D_0.csv::95::test,Pre_train_D_0.csv,Challenge_D,veh_19,0,-1,0.976851851851852,attack_free,benign_fp
37,unrelated_incidents,veh_19-w07,Challenge_D::Pre_train_D_0.csv::219::test,Pre_train_D_0.csv,Challenge_D,veh_19,0,-1,0.9903198653198652,attack_free,benign_fp
37,unrelated_incidents,veh_19-w08,OCSLab_Car::normal_run_data.txt::422::test,normal_run_data.txt,OCSLab_Car,veh_19,0,-1,0.94884287454324,attack_free,benign_fp
37,unrelated_incidents,veh_19-w09,OCSLab_Car::normal_run_data.txt::670::test,normal_run_data.txt,OCSLab_Car,veh_19,0,-1,0.6244417377182298,attack_free,benign_fp
41,strong_campaign,veh_00-w00,OCSLab_Car::Fuzzy_dataset.csv::661::test,Fuzzy_dataset.csv,OCSLab_Car,veh_00,1,0,1.0,fuzzy,fuzzy
41,strong_campaign,veh_00-w01,OCSLab_Car::Fuzzy_dataset.csv::500::test,Fuzzy_dataset.csv,OCSLab_Car,veh_00,1,0,1.0,fuzzy,fuzzy
41,strong_campaign,veh_00-w02,OCSLab_Car::Fuzzy_dataset.csv::42::test,Fuzzy_dataset.csv,OCSLab_Car,veh_00,1,0,1.0,fuzzy,fuzzy
41,strong_campaign,veh_00-w03,OCSLab_Car::Fuzzy_dataset.csv::667::test,Fuzzy_dataset.csv,OCSLab_Car,veh_00,1,0,1.0,fuzzy,fuzzy
41,strong_campaign,veh_00-w04,OCSLab_Car::Fuzzy_dataset.csv::491::test,Fuzzy_dataset.csv,OCSLab_Car,veh_00,1,0,1.0,fuzzy,fuzzy
41,strong_campaign,veh_00-w05,OCSLab_Car::Fuzzy_dataset.csv::601::test,Fuzzy_dataset.csv,OCSLab_Car,veh_00,1,0,1.0,fuzzy,fuzzy
41,strong_campaign,veh_00-w06,OCSLab_Car::Fuzzy_dataset.csv::610::test,Fuzzy_dataset.csv,OCSLab_Car,veh_00,1,0,1.0,fuzzy,fuzzy
41,strong_campaign,veh_00-w07,OCSLab_Car::Fuzzy_dataset.csv::43::test,Fuzzy_dataset.csv,OCSLab_Car,veh_00,1,0,1.0,fuzzy,fuzzy
41,strong_campaign,veh_00-w08,OCSLab_Car::Fuzzy_dataset.csv::351::test,Fuzzy_dataset.csv,OCSLab_Car,veh_00,1,0,1.0,fuzzy,fuzzy
41,strong_campaign,veh_00-w09,OCSLab_Car::Fuzzy_dataset.csv::705::test,Fuzzy_dataset.csv,OCSLab_Car,veh_00,1,0,1.0,fuzzy,fuzzy
41,strong_campaign,veh_01-w00,OCSLab_Car::Fuzzy_dataset.csv::331::test,Fuzzy_dataset.csv,OCSLab_Car,veh_01,1,0,1.0,fuzzy,fuzzy
41,strong_campaign,veh_01-w01,OCSLab_Car::Fuzzy_dataset.csv::736::test,Fuzzy_dataset.csv,OCSLab_Car,veh_01,1,0,1.0,fuzzy,fuzzy
41,strong_campaign,veh_01-w02,OCSLab_Car::Fuzzy_dataset.csv::498::test,Fuzzy_dataset.csv,OCSLab_Car,veh_01,1,0,1.0,fuzzy,fuzzy
41,strong_campaign,veh_01-w03,OCSLab_Car::Fuzzy_dataset.csv::655::test,Fuzzy_dataset.csv,OCSLab_Car,veh_01,1,0,1.0,fuzzy,fuzzy
41,strong_campaign,veh_01-w04,OCSLab_Car::Fuzzy_dataset.csv::644::test,Fuzzy_dataset.csv,OCSLab_Car,veh_01,1,0,1.0,fuzzy,fuzzy
41,strong_campaign,veh_01-w05,OCSLab_Car::Fuzzy_dataset.csv::616::test,Fuzzy_dataset.csv,OCSLab_Car,veh_01,1,0,1.0,fuzzy,fuzzy
41,strong_campaign,veh_01-w06,OCSLab_Car::Fuzzy_dataset.csv::167::test,Fuzzy_dataset.csv,OCSLab_Car,veh_01,1,0,1.0,fuzzy,fuzzy
41,strong_campaign,veh_01-w07,OCSLab_Car::Fuzzy_dataset.csv::13::test,Fuzzy_dataset.csv,OCSLab_Car,veh_01,1,0,0.9772634997969956,fuzzy,fuzzy
41,strong_campaign,veh_01-w08,OCSLab_Car::Fuzzy_dataset.csv::665::test,Fuzzy_dataset.csv,OCSLab_Car,veh_01,1,0,1.0,fuzzy,fuzzy
41,strong_campaign,veh_01-w09,OCSLab_Car::Fuzzy_dataset.csv::324::test,Fuzzy_dataset.csv,OCSLab_Car,veh_01,1,0,1.0,fuzzy,fuzzy
41,strong_campaign,veh_02-w00,OCSLab_Car::Fuzzy_dataset.csv::636::test,Fuzzy_dataset.csv,OCSLab_Car,veh_02,1,0,1.0,fuzzy,fuzzy
41,strong_campaign,veh_02-w01,OCSLab_Car::Fuzzy_dataset.csv::742::test,Fuzzy_dataset.csv,OCSLab_Car,veh_02,1,0,1.0,fuzzy,fuzzy
41,strong_campaign,veh_02-w02,OCSLab_Car::Fuzzy_dataset.csv::612::test,Fuzzy_dataset.csv,OCSLab_Car,veh_02,1,0,1.0,fuzzy,fuzzy
41,strong_campaign,veh_02-w03,OCSLab_Car::Fuzzy_dataset.csv::311::test,Fuzzy_dataset.csv,OCSLab_Car,veh_02,1,0,1.0,fuzzy,fuzzy
41,strong_campaign,veh_02-w04,OCSLab_Car::Fuzzy_dataset.csv::696::test,Fuzzy_dataset.csv,OCSLab_Car,veh_02,1,0,1.0,fuzzy,fuzzy
41,strong_campaign,veh_02-w05,OCSLab_Car::Fuzzy_dataset.csv::160::test,Fuzzy_dataset.csv,OCSLab_Car,veh_02,1,0,1.0,fuzzy,fuzzy
41,strong_campaign,veh_02-w06,OCSLab_Car::Fuzzy_dataset.csv::711::test,Fuzzy_dataset.csv,OCSLab_Car,veh_02,1,0,1.0,fuzzy,fuzzy
41,strong_campaign,veh_02-w07,OCSLab_Car::Fuzzy_dataset.csv::157::test,Fuzzy_dataset.csv,OCSLab_Car,veh_02,1,0,1.0,fuzzy,fuzzy
41,strong_campaign,veh_02-w08,OCSLab_Car::Fuzzy_dataset.csv::179::test,Fuzzy_dataset.csv,OCSLab_Car,veh_02,1,0,1.0,fuzzy,fuzzy
41,strong_campaign,veh_02-w09,OCSLab_Car::Fuzzy_dataset.csv::463::test,Fuzzy_dataset.csv,OCSLab_Car,veh_02,1,0,1.0,fuzzy,fuzzy
41,strong_campaign,veh_03-w00,OCSLab_Car::Fuzzy_dataset.csv::25::test,Fuzzy_dataset.csv,OCSLab_Car,veh_03,1,0,1.0,fuzzy,fuzzy
41,strong_campaign,veh_03-w01,OCSLab_Car::Fuzzy_dataset.csv::718::test,Fuzzy_dataset.csv,OCSLab_Car,veh_03,1,0,1.0,fuzzy,fuzzy
41,strong_campaign,veh_03-w02,OCSLab_Car::Fuzzy_dataset.csv::33::test,Fuzzy_dataset.csv,OCSLab_Car,veh_03,1,0,1.0,fuzzy,fuzzy
41,strong_campaign,veh_03-w03,OCSLab_Car::Fuzzy_dataset.csv::691::test,Fuzzy_dataset.csv,OCSLab_Car,veh_03,1,0,1.0,fuzzy,fuzzy
41,strong_campaign,veh_03-w04,OCSLab_Car::Fuzzy_dataset.csv::597::test,Fuzzy_dataset.csv,OCSLab_Car,veh_03,1,0,1.0,fuzzy,fuzzy
41,strong_campaign,veh_03-w05,OCSLab_Car::Fuzzy_dataset.csv::28::test,Fuzzy_dataset.csv,OCSLab_Car,veh_03,1,0,1.0,fuzzy,fuzzy
41,strong_campaign,veh_03-w06,OCSLab_Car::Fuzzy_dataset.csv::674::test,Fuzzy_dataset.csv,OCSLab_Car,veh_03,1,0,1.0,fuzzy,fuzzy
41,strong_campaign,veh_03-w07,OCSLab_Car::Fuzzy_dataset.csv::693::test,Fuzzy_dataset.csv,OCSLab_Car,veh_03,1,0,1.0,fuzzy,fuzzy
41,strong_campaign,veh_03-w08,OCSLab_Car::Fuzzy_dataset.csv::323::test,Fuzzy_dataset.csv,OCSLab_Car,veh_03,1,0,1.0,fuzzy,fuzzy
41,strong_campaign,veh_03-w09,OCSLab_Car::Fuzzy_dataset.csv::635::test,Fuzzy_dataset.csv,OCSLab_Car,veh_03,1,0,1.0,fuzzy,fuzzy
41,strong_campaign,veh_04-w00,OCSLab_Car::Fuzzy_dataset.csv::24::test,Fuzzy_dataset.csv,OCSLab_Car,veh_04,1,0,1.0,fuzzy,fuzzy
41,strong_campaign,veh_04-w01,OCSLab_Car::Fuzzy_dataset.csv::613::test,Fuzzy_dataset.csv,OCSLab_Car,veh_04,1,0,1.0,fuzzy,fuzzy
41,strong_campaign,veh_04-w02,OCSLab_Car::Fuzzy_dataset.csv::155::test,Fuzzy_dataset.csv,OCSLab_Car,veh_04,1,0,1.0,fuzzy,fuzzy
41,strong_campaign,veh_04-w03,OCSLab_Car::Fuzzy_dataset.csv::470::test,Fuzzy_dataset.csv,OCSLab_Car,veh_04,1,0,1.0,fuzzy,fuzzy
41,strong_campaign,veh_04-w04,OCSLab_Car::Fuzzy_dataset.csv::647::test,Fuzzy_dataset.csv,OCSLab_Car,veh_04,1,0,1.0,fuzzy,fuzzy
41,strong_campaign,veh_04-w05,OCSLab_Car::Fuzzy_dataset.csv::621::test,Fuzzy_dataset.csv,OCSLab_Car,veh_04,1,0,1.0,fuzzy,fuzzy
41,strong_campaign,veh_04-w06,OCSLab_Car::Fuzzy_dataset.csv::668::test,Fuzzy_dataset.csv,OCSLab_Car,veh_04,1,0,1.0,fuzzy,fuzzy
41,strong_campaign,veh_04-w07,OCSLab_Car::Fuzzy_dataset.csv::29::test,Fuzzy_dataset.csv,OCSLab_Car,veh_04,1,0,1.0,fuzzy,fuzzy
41,strong_campaign,veh_04-w08,OCSLab_Car::Fuzzy_dataset.csv::182::test,Fuzzy_dataset.csv,OCSLab_Car,veh_04,1,0,1.0,fuzzy,fuzzy
41,strong_campaign,veh_04-w09,OCSLab_Car::Fuzzy_dataset.csv::165::test,Fuzzy_dataset.csv,OCSLab_Car,veh_04,1,0,1.0,fuzzy,fuzzy
41,strong_campaign,veh_05-w00,OCSLab_Car::DoS_dataset.csv::343::test,DoS_dataset.csv,OCSLab_Car,veh_05,0,-1,0.8241981323589119,attack_free,benign_fp
41,strong_campaign,veh_05-w01,OCSLab_Car::gear_dataset.csv::588::test,gear_dataset.csv,OCSLab_Car,veh_05,0,-1,0.8928136419001218,attack_free,benign_fp
41,strong_campaign,veh_05-w02,OCSLab_Car::gear_dataset.csv::628::test,gear_dataset.csv,OCSLab_Car,veh_05,0,-1,0.6471782379212343,attack_free,benign_fp
41,strong_campaign,veh_05-w03,OCSLab_Car::normal_run_data.txt::421::test,normal_run_data.txt,OCSLab_Car,veh_05,0,-1,0.9634591961023142,attack_free,benign_fp
41,strong_campaign,veh_05-w04,OCSLab_Car::gear_dataset.csv::658::test,gear_dataset.csv,OCSLab_Car,veh_05,0,-1,0.9187982135606984,attack_free,benign_fp
41,strong_campaign,veh_05-w05,OCSLab_Car::RPM_dataset.csv::333::test,RPM_dataset.csv,OCSLab_Car,veh_05,0,-1,0.5501421031262688,attack_free,benign_fp
41,strong_campaign,veh_05-w06,OCSLab_Car::DoS_dataset.csv::520::test,DoS_dataset.csv,OCSLab_Car,veh_05,0,-1,0.8258221680876979,attack_free,benign_fp
41,strong_campaign,veh_05-w07,Challenge_D::Pre_train_D_0.csv::83::test,Pre_train_D_0.csv,Challenge_D,veh_05,0,-1,0.7066498316498316,attack_free,benign_fp
41,strong_campaign,veh_05-w08,OCSLab_Car::RPM_dataset.csv::515::test,RPM_dataset.csv,OCSLab_Car,veh_05,0,-1,0.5923670320747056,attack_free,benign_fp
41,strong_campaign,veh_05-w09,OCSLab_Car::gear_dataset.csv::640::test,gear_dataset.csv,OCSLab_Car,veh_05,0,-1,0.8652050345107593,attack_free,benign_fp
41,strong_campaign,veh_06-w00,OCSLab_Car::normal_run_data.txt::606::test,normal_run_data.txt,OCSLab_Car,veh_06,0,-1,0.9703613479496548,attack_free,benign_fp
41,strong_campaign,veh_06-w01,OCSLab_Car::normal_run_data.txt::467::test,normal_run_data.txt,OCSLab_Car,veh_06,0,-1,0.9663012586276898,attack_free,benign_fp
41,strong_campaign,veh_06-w02,OCSLab_Car::normal_run_data.txt::327::test,normal_run_data.txt,OCSLab_Car,veh_06,0,-1,0.998375964271214,attack_free,benign_fp
41,strong_campaign,veh_06-w03,OCSLab_Car::DoS_dataset.csv::125::test,DoS_dataset.csv,OCSLab_Car,veh_06,0,-1,0.9464068209500608,attack_free,benign_fp
41,strong_campaign,veh_06-w04,Challenge_S::Pre_train_S_1.csv::352::test,Pre_train_S_1.csv,Challenge_S,veh_06,0,-1,0.9427609427609428,attack_free,benign_fp
41,strong_campaign,veh_06-w05,Challenge_D::Pre_train_D_0.csv::207::test,Pre_train_D_0.csv,Challenge_D,veh_06,0,-1,0.8859427609427609,attack_free,benign_fp
41,strong_campaign,veh_06-w06,Challenge_D::Pre_train_D_0.csv::277::test,Pre_train_D_0.csv,Challenge_D,veh_06,0,-1,0.938973063973064,attack_free,benign_fp
41,strong_campaign,veh_06-w07,Challenge_D::Pre_train_D_2.csv::92::test,Pre_train_D_2.csv,Challenge_D,veh_06,0,-1,0.9002525252525253,attack_free,benign_fp
41,strong_campaign,veh_06-w08,Challenge_D::Pre_train_D_2.csv::693::test,Pre_train_D_2.csv,Challenge_D,veh_06,0,-1,0.6910774410774411,attack_free,benign_fp
41,strong_campaign,veh_06-w09,OCSLab_Car::normal_run_data.txt::722::test,normal_run_data.txt,OCSLab_Car,veh_06,0,-1,0.8246041412911084,attack_free,benign_fp
41,strong_campaign,veh_07-w00,Challenge_D::Pre_train_D_0.csv::247::test,Pre_train_D_0.csv,Challenge_D,veh_07,0,-1,0.9528619528619529,attack_free,benign_fp
41,strong_campaign,veh_07-w01,OCSLab_Car::normal_run_data.txt::144::test,normal_run_data.txt,OCSLab_Car,veh_07,0,-1,0.7653268371904182,attack_free,benign_fp
41,strong_campaign,veh_07-w02,OCSLab_Car::gear_dataset.csv::650::test,gear_dataset.csv,OCSLab_Car,veh_07,0,-1,0.6171335769386926,attack_free,benign_fp
41,strong_campaign,veh_07-w03,OCSLab_Car::normal_run_data.txt::733::test,normal_run_data.txt,OCSLab_Car,veh_07,0,-1,0.9001218026796589,attack_free,benign_fp
41,strong_campaign,veh_07-w04,OCSLab_Car::normal_run_data.txt::173::test,normal_run_data.txt,OCSLab_Car,veh_07,0,-1,0.7097036134794965,attack_free,benign_fp
41,strong_campaign,veh_07-w05,OCSLab_Car::DoS_dataset.csv::557::test,DoS_dataset.csv,OCSLab_Car,veh_07,0,-1,0.6654486398700772,attack_free,benign_fp
41,strong_campaign,veh_07-w06,Challenge_D::Pre_train_D_2.csv::45::test,Pre_train_D_2.csv,Challenge_D,veh_07,0,-1,0.7095959595959596,attack_free,benign_fp
41,strong_campaign,veh_07-w07,OCSLab_Car::normal_run_data.txt::305::test,normal_run_data.txt,OCSLab_Car,veh_07,0,-1,0.9764514819326026,attack_free,benign_fp
41,strong_campaign,veh_07-w08,OCSLab_Car::normal_run_data.txt::281::test,normal_run_data.txt,OCSLab_Car,veh_07,0,-1,0.9833536337799432,attack_free,benign_fp
41,strong_campaign,veh_07-w09,Challenge_D::Pre_train_D_1.csv::83::test,Pre_train_D_1.csv,Challenge_D,veh_07,0,-1,0.7777777777777778,attack_free,benign_fp
41,strong_campaign,veh_08-w00,OCSLab_Car::Fuzzy_dataset.csv::264::test,Fuzzy_dataset.csv,OCSLab_Car,veh_08,0,-1,0.5785627283800243,attack_free,benign_fp
41,strong_campaign,veh_08-w01,OCSLab_Car::normal_run_data.txt::377::test,normal_run_data.txt,OCSLab_Car,veh_08,0,-1,0.9849776695087292,attack_free,benign_fp
41,strong_campaign,veh_08-w02,OCSLab_Car::normal_run_data.txt::471::test,normal_run_data.txt,OCSLab_Car,veh_08,0,-1,0.6626065773447016,attack_free,benign_fp
41,strong_campaign,veh_08-w03,OCSLab_Car::normal_run_data.txt::638::test,normal_run_data.txt,OCSLab_Car,veh_08,0,-1,0.9334145351197728,attack_free,benign_fp
41,strong_campaign,veh_08-w04,OCSLab_Car::normal_run_data.txt::534::test,normal_run_data.txt,OCSLab_Car,veh_08,0,-1,0.925700365408039,attack_free,benign_fp
41,strong_campaign,veh_08-w05,OCSLab_Car::normal_run_data.txt::620::test,normal_run_data.txt,OCSLab_Car,veh_08,0,-1,0.925700365408039,attack_free,benign_fp
41,strong_campaign,veh_08-w06,OCSLab_Car::gear_dataset.csv::582::test,gear_dataset.csv,OCSLab_Car,veh_08,0,-1,0.7730410069021518,attack_free,benign_fp
41,strong_campaign,veh_08-w07,Challenge_D::Pre_train_D_2.csv::680::test,Pre_train_D_2.csv,Challenge_D,veh_08,0,-1,0.622895622895623,attack_free,benign_fp
41,strong_campaign,veh_08-w08,OCSLab_Car::normal_run_data.txt::181::test,normal_run_data.txt,OCSLab_Car,veh_08,0,-1,0.980917580186764,attack_free,benign_fp
41,strong_campaign,veh_08-w09,Challenge_D::Pre_train_D_0.csv::275::test,Pre_train_D_0.csv,Challenge_D,veh_08,0,-1,0.821969696969697,attack_free,benign_fp
41,strong_campaign,veh_09-w00,OCSLab_Car::normal_run_data.txt::326::test,normal_run_data.txt,OCSLab_Car,veh_09,0,-1,0.9995939910678034,attack_free,benign_fp
41,strong_campaign,veh_09-w01,Challenge_D::Pre_train_D_2.csv::671::test,Pre_train_D_2.csv,Challenge_D,veh_09,0,-1,0.7908249158249159,attack_free,benign_fp
41,strong_campaign,veh_09-w02,OCSLab_Car::RPM_dataset.csv::86::test,RPM_dataset.csv,OCSLab_Car,veh_09,0,-1,0.5578562728380024,attack_free,benign_fp
41,strong_campaign,veh_09-w03,OCSLab_Car::DoS_dataset.csv::21::test,DoS_dataset.csv,OCSLab_Car,veh_09,0,-1,0.5574502639058059,attack_free,benign_fp
41,strong_campaign,veh_09-w04,OCSLab_Car::gear_dataset.csv::167::test,gear_dataset.csv,OCSLab_Car,veh_09,0,-1,0.65814047909054,attack_free,benign_fp
41,strong_campaign,veh_09-w05,OCSLab_Car::normal_run_data.txt::787::test,normal_run_data.txt,OCSLab_Car,veh_09,0,-1,0.7795371498172959,attack_free,benign_fp
41,strong_campaign,veh_09-w06,OCSLab_Car::normal_run_data.txt::559::test,normal_run_data.txt,OCSLab_Car,veh_09,0,-1,0.9187982135606984,attack_free,benign_fp
41,strong_campaign,veh_09-w07,Challenge_S::Pre_train_S_0.csv::243::test,Pre_train_S_0.csv,Challenge_S,veh_09,0,-1,0.5572390572390572,attack_free,benign_fp
41,strong_campaign,veh_09-w08,OCSLab_Car::Fuzzy_dataset.csv::188::test,Fuzzy_dataset.csv,OCSLab_Car,veh_09,0,-1,0.5708485586682907,attack_free,benign_fp
41,strong_campaign,veh_09-w09,Challenge_D::Pre_train_D_2.csv::728::test,Pre_train_D_2.csv,Challenge_D,veh_09,0,-1,0.73989898989899,attack_free,benign_fp
41,strong_campaign,veh_10-w00,Challenge_S::Pre_train_S_2.csv::627::test,Pre_train_S_2.csv,Challenge_S,veh_10,0,-1,0.8518518518518519,attack_free,benign_fp
41,strong_campaign,veh_10-w01,OCSLab_Car::normal_run_data.txt::295::test,normal_run_data.txt,OCSLab_Car,veh_10,0,-1,0.997563946406821,attack_free,benign_fp
41,strong_campaign,veh_10-w02,Challenge_S::Pre_train_S_2.csv::611::test,Pre_train_S_2.csv,Challenge_S,veh_10,0,-1,0.9284511784511784,attack_free,benign_fp
41,strong_campaign,veh_10-w03,OCSLab_Car::normal_run_data.txt::690::test,normal_run_data.txt,OCSLab_Car,veh_10,0,-1,0.8408444985789687,attack_free,benign_fp
41,strong_campaign,veh_10-w04,Challenge_D::Pre_train_D_0.csv::162::test,Pre_train_D_0.csv,Challenge_D,veh_10,0,-1,0.5538720538720538,attack_free,benign_fp
41,strong_campaign,veh_10-w05,Challenge_D::Pre_train_D_2.csv::739::test,Pre_train_D_2.csv,Challenge_D,veh_10,0,-1,0.6422558922558923,attack_free,benign_fp
41,strong_campaign,veh_10-w06,OCSLab_Car::gear_dataset.csv::82::test,gear_dataset.csv,OCSLab_Car,veh_10,0,-1,0.5513601299228583,attack_free,benign_fp
41,strong_campaign,veh_10-w07,OCSLab_Car::DoS_dataset.csv::354::test,DoS_dataset.csv,OCSLab_Car,veh_10,0,-1,0.6666666666666666,attack_free,benign_fp
41,strong_campaign,veh_10-w08,OCSLab_Car::normal_run_data.txt::660::test,normal_run_data.txt,OCSLab_Car,veh_10,0,-1,0.9261063743402356,attack_free,benign_fp
41,strong_campaign,veh_10-w09,Challenge_S::Pre_train_S_0.csv::240::test,Pre_train_S_0.csv,Challenge_S,veh_10,0,-1,0.6565656565656566,attack_free,benign_fp
41,strong_campaign,veh_11-w00,OCSLab_Car::normal_run_data.txt::164::test,normal_run_data.txt,OCSLab_Car,veh_11,0,-1,0.7876573284612262,attack_free,benign_fp
41,strong_campaign,veh_11-w01,OCSLab_Car::gear_dataset.csv::648::test,gear_dataset.csv,OCSLab_Car,veh_11,0,-1,0.6585464880227365,attack_free,benign_fp
41,strong_campaign,veh_11-w02,Challenge_D::Pre_train_D_0.csv::178::test,Pre_train_D_0.csv,Challenge_D,veh_11,0,-1,0.9823232323232324,attack_free,benign_fp
41,strong_campaign,veh_11-w03,OCSLab_Car::gear_dataset.csv::745::test,gear_dataset.csv,OCSLab_Car,veh_11,0,-1,0.7007714169711734,attack_free,benign_fp
41,strong_campaign,veh_11-w04,OCSLab_Car::normal_run_data.txt::498::test,normal_run_data.txt,OCSLab_Car,veh_11,0,-1,0.6751928542427933,attack_free,benign_fp
41,strong_campaign,veh_11-w05,OCSLab_Car::gear_dataset.csv::518::test,gear_dataset.csv,OCSLab_Car,veh_11,0,-1,0.5724725943970768,attack_free,benign_fp
41,strong_campaign,veh_11-w06,OCSLab_Car::normal_run_data.txt::580::test,normal_run_data.txt,OCSLab_Car,veh_11,0,-1,0.9484368656110436,attack_free,benign_fp
41,strong_campaign,veh_11-w07,Challenge_D::Pre_train_D_0.csv::231::test,Pre_train_D_0.csv,Challenge_D,veh_11,0,-1,0.9730639730639732,attack_free,benign_fp
41,strong_campaign,veh_11-w08,OCSLab_Car::normal_run_data.txt::126::test,normal_run_data.txt,OCSLab_Car,veh_11,0,-1,0.8704831506293138,attack_free,benign_fp
41,strong_campaign,veh_11-w09,OCSLab_Car::normal_run_data.txt::700::test,normal_run_data.txt,OCSLab_Car,veh_11,0,-1,0.9326025172553796,attack_free,benign_fp
41,strong_campaign,veh_12-w00,OCSLab_Car::normal_run_data.txt::653::test,normal_run_data.txt,OCSLab_Car,veh_12,0,-1,0.7921234267153877,attack_free,benign_fp
41,strong_campaign,veh_12-w01,OCSLab_Car::normal_run_data.txt::370::test,normal_run_data.txt,OCSLab_Car,veh_12,0,-1,0.8615509541209907,attack_free,benign_fp
41,strong_campaign,veh_12-w02,OCSLab_Car::normal_run_data.txt::708::test,normal_run_data.txt,OCSLab_Car,veh_12,0,-1,0.8018676410881039,attack_free,benign_fp
41,strong_campaign,veh_12-w03,OCSLab_Car::normal_run_data.txt::397::test,normal_run_data.txt,OCSLab_Car,veh_12,0,-1,0.8867235079171741,attack_free,benign_fp
41,strong_campaign,veh_12-w04,OCSLab_Car::normal_run_data.txt::165::test,normal_run_data.txt,OCSLab_Car,veh_12,0,-1,0.9407226958993098,attack_free,benign_fp
41,strong_campaign,veh_12-w05,OCSLab_Car::normal_run_data.txt::202::test,normal_run_data.txt,OCSLab_Car,veh_12,0,-1,0.877791311408851,attack_free,benign_fp
41,strong_campaign,veh_12-w06,OCSLab_Car::normal_run_data.txt::687::test,normal_run_data.txt,OCSLab_Car,veh_12,0,-1,0.7535525781567195,attack_free,benign_fp
41,strong_campaign,veh_12-w07,OCSLab_Car::DoS_dataset.csv::522::test,DoS_dataset.csv,OCSLab_Car,veh_12,0,-1,0.8412505075111653,attack_free,benign_fp
41,strong_campaign,veh_12-w08,Challenge_D::Pre_train_D_0.csv::107::test,Pre_train_D_0.csv,Challenge_D,veh_12,0,-1,0.9381313131313131,attack_free,benign_fp
41,strong_campaign,veh_12-w09,OCSLab_Car::normal_run_data.txt::97::test,normal_run_data.txt,OCSLab_Car,veh_12,0,-1,0.9427527405602923,attack_free,benign_fp
41,strong_campaign,veh_13-w00,OCSLab_Car::normal_run_data.txt::738::test,normal_run_data.txt,OCSLab_Car,veh_13,0,-1,0.8014616321559074,attack_free,benign_fp
41,strong_campaign,veh_13-w01,Challenge_S::Pre_train_S_0.csv::169::test,Pre_train_S_0.csv,Challenge_S,veh_13,0,-1,0.8712121212121212,attack_free,benign_fp
41,strong_campaign,veh_13-w02,OCSLab_Car::gear_dataset.csv::539::test,gear_dataset.csv,OCSLab_Car,veh_13,0,-1,0.5716605765326838,attack_free,benign_fp
41,strong_campaign,veh_13-w03,Challenge_S::Pre_train_S_2.csv::35::test,Pre_train_S_2.csv,Challenge_S,veh_13,0,-1,0.9823232323232324,attack_free,benign_fp
41,strong_campaign,veh_13-w04,Challenge_S::Pre_train_S_0.csv::251::test,Pre_train_S_0.csv,Challenge_S,veh_13,0,-1,0.7432659932659933,attack_free,benign_fp
41,strong_campaign,veh_13-w05,OCSLab_Car::normal_run_data.txt::29::test,normal_run_data.txt,OCSLab_Car,veh_13,0,-1,0.9468128298822576,attack_free,benign_fp
41,strong_campaign,veh_13-w06,OCSLab_Car::normal_run_data.txt::435::test,normal_run_data.txt,OCSLab_Car,veh_13,0,-1,0.8274462038164839,attack_free,benign_fp
41,strong_campaign,veh_13-w07,OCSLab_Car::normal_run_data.txt::420::test,normal_run_data.txt,OCSLab_Car,veh_13,0,-1,0.9882257409663012,attack_free,benign_fp
41,strong_campaign,veh_13-w08,OCSLab_Car::RPM_dataset.csv::73::test,RPM_dataset.csv,OCSLab_Car,veh_13,0,-1,0.6435241575314657,attack_free,benign_fp
41,strong_campaign,veh_13-w09,OCSLab_Car::normal_run_data.txt::117::test,normal_run_data.txt,OCSLab_Car,veh_13,0,-1,0.9480308566788468,attack_free,benign_fp
41,strong_campaign,veh_14-w00,Challenge_S::Pre_train_S_0.csv::98::test,Pre_train_S_0.csv,Challenge_S,veh_14,0,-1,0.8623737373737373,attack_free,benign_fp
41,strong_campaign,veh_14-w01,OCSLab_Car::normal_run_data.txt::47::test,normal_run_data.txt,OCSLab_Car,veh_14,0,-1,0.8002436053593179,attack_free,benign_fp
41,strong_campaign,veh_14-w02,OCSLab_Car::RPM_dataset.csv::126::test,RPM_dataset.csv,OCSLab_Car,veh_14,0,-1,0.7226958993097848,attack_free,benign_fp
41,strong_campaign,veh_14-w03,Challenge_D::Pre_train_D_1.csv::345::test,Pre_train_D_1.csv,Challenge_D,veh_14,0,-1,0.8712121212121212,attack_free,benign_fp
41,strong_campaign,veh_14-w04,OCSLab_Car::normal_run_data.txt::140::test,normal_run_data.txt,OCSLab_Car,veh_14,0,-1,0.947218838814454,attack_free,benign_fp
41,strong_campaign,veh_14-w05,Challenge_S::Pre_train_S_2.csv::604::test,Pre_train_S_2.csv,Challenge_S,veh_14,0,-1,0.9326599326599326,attack_free,benign_fp
41,strong_campaign,veh_14-w06,OCSLab_Car::normal_run_data.txt::392::test,normal_run_data.txt,OCSLab_Car,veh_14,0,-1,0.9663012586276898,attack_free,benign_fp
41,strong_campaign,veh_14-w07,OCSLab_Car::gear_dataset.csv::618::test,gear_dataset.csv,OCSLab_Car,veh_14,0,-1,0.6597645148193261,attack_free,benign_fp
41,strong_campaign,veh_14-w08,Challenge_S::Pre_train_S_1.csv::771::test,Pre_train_S_1.csv,Challenge_S,veh_14,0,-1,0.8964646464646465,attack_free,benign_fp
41,strong_campaign,veh_14-w09,OCSLab_Car::normal_run_data.txt::554::test,normal_run_data.txt,OCSLab_Car,veh_14,0,-1,0.7226958993097848,attack_free,benign_fp
41,strong_campaign,veh_15-w00,OCSLab_Car::normal_run_data.txt::360::test,normal_run_data.txt,OCSLab_Car,veh_15,0,-1,0.94884287454324,attack_free,benign_fp
41,strong_campaign,veh_15-w01,OCSLab_Car::Fuzzy_dataset.csv::261::test,Fuzzy_dataset.csv,OCSLab_Car,veh_15,0,-1,0.6012992285830289,attack_free,benign_fp
41,strong_campaign,veh_15-w02,OCSLab_Car::normal_run_data.txt::680::test,normal_run_data.txt,OCSLab_Car,veh_15,0,-1,0.7101096224116931,attack_free,benign_fp
41,strong_campaign,veh_15-w03,OCSLab_Car::DoS_dataset.csv::126::test,DoS_dataset.csv,OCSLab_Car,veh_15,0,-1,0.8477466504263094,attack_free,benign_fp
41,strong_campaign,veh_15-w04,Challenge_D::Pre_train_D_1.csv::40::test,Pre_train_D_1.csv,Challenge_D,veh_15,0,-1,0.819023569023569,attack_free,benign_fp
41,strong_campaign,veh_15-w05,OCSLab_Car::normal_run_data.txt::310::test,normal_run_data.txt,OCSLab_Car,veh_15,0,-1,0.949654892407633,attack_free,benign_fp
41,strong_campaign,veh_15-w06,OCSLab_Car::DoS_dataset.csv::347::test,DoS_dataset.csv,OCSLab_Car,veh_15,0,-1,0.9602111246447422,attack_free,benign_fp
41,strong_campaign,veh_15-w07,OCSLab_Car::normal_run_data.txt::320::test,normal_run_data.txt,OCSLab_Car,veh_15,0,-1,0.9671132764920828,attack_free,benign_fp
41,strong_campaign,veh_15-w08,Challenge_S::Pre_train_S_2.csv::633::test,Pre_train_S_2.csv,Challenge_S,veh_15,0,-1,0.6611952861952862,attack_free,benign_fp
41,strong_campaign,veh_15-w09,OCSLab_Car::gear_dataset.csv::542::test,gear_dataset.csv,OCSLab_Car,veh_15,0,-1,0.7015834348355664,attack_free,benign_fp
41,strong_campaign,veh_16-w00,OCSLab_Car::gear_dataset.csv::535::test,gear_dataset.csv,OCSLab_Car,veh_16,0,-1,0.5992691839220463,attack_free,benign_fp
41,strong_campaign,veh_16-w01,Challenge_D::Pre_train_D_2.csv::787::test,Pre_train_D_2.csv,Challenge_D,veh_16,0,-1,0.6763468013468014,attack_free,benign_fp
41,strong_campaign,veh_16-w02,OCSLab_Car::normal_run_data.txt::107::test,normal_run_data.txt,OCSLab_Car,veh_16,0,-1,0.8302882663418595,attack_free,benign_fp
41,strong_campaign,veh_16-w03,OCSLab_Car::Fuzzy_dataset.csv::127::test,Fuzzy_dataset.csv,OCSLab_Car,veh_16,0,-1,0.5724725943970768,attack_free,benign_fp
41,strong_campaign,veh_16-w04,OCSLab_Car::normal_run_data.txt::378::test,normal_run_data.txt,OCSLab_Car,veh_16,0,-1,0.980917580186764,attack_free,benign_fp
41,strong_campaign,veh_16-w05,Challenge_D::Pre_train_D_2.csv::786::test,Pre_train_D_2.csv,Challenge_D,veh_16,0,-1,0.9006734006734006,attack_free,benign_fp
41,strong_campaign,veh_16-w06,Challenge_S::Pre_train_S_2.csv::552::test,Pre_train_S_2.csv,Challenge_S,veh_16,0,-1,0.6961279461279462,attack_free,benign_fp
41,strong_campaign,veh_16-w07,OCSLab_Car::RPM_dataset.csv::523::test,RPM_dataset.csv,OCSLab_Car,veh_16,0,-1,0.6090133982947625,attack_free,benign_fp
41,strong_campaign,veh_16-w08,OCSLab_Car::normal_run_data.txt::739::test,normal_run_data.txt,OCSLab_Car,veh_16,0,-1,0.9078359723913926,attack_free,benign_fp
41,strong_campaign,veh_16-w09,OCSLab_Car::Fuzzy_dataset.csv::549::test,Fuzzy_dataset.csv,OCSLab_Car,veh_16,0,-1,0.7519285424279334,attack_free,benign_fp
41,strong_campaign,veh_17-w00,Challenge_S::Pre_train_S_1.csv::777::test,Pre_train_S_1.csv,Challenge_S,veh_17,0,-1,0.914141414141414,attack_free,benign_fp
41,strong_campaign,veh_17-w01,OCSLab_Car::gear_dataset.csv::670::test,gear_dataset.csv,OCSLab_Car,veh_17,0,-1,0.8717011774259034,attack_free,benign_fp
41,strong_campaign,veh_17-w02,OCSLab_Car::gear_dataset.csv::116::test,gear_dataset.csv,OCSLab_Car,veh_17,0,-1,0.5655704425497361,attack_free,benign_fp
41,strong_campaign,veh_17-w03,Challenge_D::Pre_train_D_0.csv::54::test,Pre_train_D_0.csv,Challenge_D,veh_17,0,-1,0.960016835016835,attack_free,benign_fp
41,strong_campaign,veh_17-w04,OCSLab_Car::normal_run_data.txt::567::test,normal_run_data.txt,OCSLab_Car,veh_17,0,-1,0.7389362565976452,attack_free,benign_fp
41,strong_campaign,veh_17-w05,Challenge_D::Pre_train_D_2.csv::682::test,Pre_train_D_2.csv,Challenge_D,veh_17,0,-1,0.6826599326599326,attack_free,benign_fp
41,strong_campaign,veh_17-w06,Challenge_D::Pre_train_D_1.csv::0::test,Pre_train_D_1.csv,Challenge_D,veh_17,0,-1,0.6321548821548821,attack_free,benign_fp
41,strong_campaign,veh_17-w07,Challenge_D::Pre_train_D_0.csv::69::test,Pre_train_D_0.csv,Challenge_D,veh_17,0,-1,0.5673400673400674,attack_free,benign_fp
41,strong_campaign,veh_17-w08,Challenge_S::Pre_train_S_0.csv::113::test,Pre_train_S_0.csv,Challenge_S,veh_17,0,-1,0.7474747474747475,attack_free,benign_fp
41,strong_campaign,veh_17-w09,Challenge_D::Pre_train_D_0.csv::103::test,Pre_train_D_0.csv,Challenge_D,veh_17,0,-1,0.9612794612794612,attack_free,benign_fp
41,strong_campaign,veh_18-w00,OCSLab_Car::gear_dataset.csv::323::test,gear_dataset.csv,OCSLab_Car,veh_18,0,-1,0.703613479496549,attack_free,benign_fp
41,strong_campaign,veh_18-w01,OCSLab_Car::normal_run_data.txt::51::test,normal_run_data.txt,OCSLab_Car,veh_18,0,-1,0.9963459196102314,attack_free,benign_fp
41,strong_campaign,veh_18-w02,OCSLab_Car::normal_run_data.txt::22::test,normal_run_data.txt,OCSLab_Car,veh_18,0,-1,0.60698335363378,attack_free,benign_fp
41,strong_campaign,veh_18-w03,Challenge_D::Pre_train_D_0.csv::150::test,Pre_train_D_0.csv,Challenge_D,veh_18,0,-1,0.7596801346801347,attack_free,benign_fp
41,strong_campaign,veh_18-w04,OCSLab_Car::normal_run_data.txt::587::test,normal_run_data.txt,OCSLab_Car,veh_18,0,-1,0.976045473000406,attack_free,benign_fp
41,strong_campaign,veh_18-w05,OCSLab_Car::normal_run_data.txt::361::test,normal_run_data.txt,OCSLab_Car,veh_18,0,-1,0.782785221274868,attack_free,benign_fp
41,strong_campaign,veh_18-w06,Challenge_D::Pre_train_D_0.csv::197::test,Pre_train_D_0.csv,Challenge_D,veh_18,0,-1,0.6426767676767676,attack_free,benign_fp
41,strong_campaign,veh_18-w07,OCSLab_Car::RPM_dataset.csv::103::test,RPM_dataset.csv,OCSLab_Car,veh_18,0,-1,0.5529841656516443,attack_free,benign_fp
41,strong_campaign,veh_18-w08,Challenge_S::Pre_train_S_1.csv::410::test,Pre_train_S_1.csv,Challenge_S,veh_18,0,-1,0.7003367003367004,attack_free,benign_fp
41,strong_campaign,veh_18-w09,OCSLab_Car::normal_run_data.txt::300::test,normal_run_data.txt,OCSLab_Car,veh_18,0,-1,0.9849776695087292,attack_free,benign_fp
41,strong_campaign,veh_19-w00,OCSLab_Car::RPM_dataset.csv::98::test,RPM_dataset.csv,OCSLab_Car,veh_19,0,-1,0.6386520503451076,attack_free,benign_fp
41,strong_campaign,veh_19-w01,OCSLab_Car::gear_dataset.csv::567::test,gear_dataset.csv,OCSLab_Car,veh_19,0,-1,0.6954933008526187,attack_free,benign_fp
41,strong_campaign,veh_19-w02,Challenge_D::Pre_train_D_2.csv::77::test,Pre_train_D_2.csv,Challenge_D,veh_19,0,-1,0.7748316498316499,attack_free,benign_fp
41,strong_campaign,veh_19-w03,OCSLab_Car::normal_run_data.txt::595::test,normal_run_data.txt,OCSLab_Car,veh_19,0,-1,0.928948436865611,attack_free,benign_fp
41,strong_campaign,veh_19-w04,OCSLab_Car::Fuzzy_dataset.csv::207::test,Fuzzy_dataset.csv,OCSLab_Car,veh_19,0,-1,0.5866829070239545,attack_free,benign_fp
41,strong_campaign,veh_19-w05,OCSLab_Car::normal_run_data.txt::253::test,normal_run_data.txt,OCSLab_Car,veh_19,0,-1,0.955339017458384,attack_free,benign_fp
41,strong_campaign,veh_19-w06,Challenge_D::Pre_train_D_2.csv::26::test,Pre_train_D_2.csv,Challenge_D,veh_19,0,-1,0.9044612794612794,attack_free,benign_fp
41,strong_campaign,veh_19-w07,OCSLab_Car::gear_dataset.csv::585::test,gear_dataset.csv,OCSLab_Car,veh_19,0,-1,0.6146975233455136,attack_free,benign_fp
41,strong_campaign,veh_19-w08,Challenge_S::Pre_train_S_2.csv::614::test,Pre_train_S_2.csv,Challenge_S,veh_19,0,-1,0.8560606060606061,attack_free,benign_fp
41,strong_campaign,veh_19-w09,Challenge_S::Pre_train_S_1.csv::419::test,Pre_train_S_1.csv,Challenge_S,veh_19,0,-1,0.922979797979798,attack_free,benign_fp
41,weak_campaign,veh_00-w00,Challenge_S::Pre_train_S_2.csv::423::test,Pre_train_S_2.csv,Challenge_S,veh_00,1,0,0.6094276094276094,spoofing,spoofing
41,weak_campaign,veh_00-w01,Challenge_S::Pre_train_S_2.csv::324::test,Pre_train_S_2.csv,Challenge_S,veh_00,1,0,0.5959595959595959,spoofing,spoofing
41,weak_campaign,veh_00-w02,Challenge_S::Pre_train_S_2.csv::391::test,Pre_train_S_2.csv,Challenge_S,veh_00,1,0,0.7588383838383839,spoofing,spoofing
41,weak_campaign,veh_00-w03,Challenge_S::Pre_train_S_2.csv::320::test,Pre_train_S_2.csv,Challenge_S,veh_00,1,0,0.7327441077441077,spoofing,spoofing
41,weak_campaign,veh_00-w04,Challenge_S::Pre_train_S_2.csv::368::test,Pre_train_S_2.csv,Challenge_S,veh_00,1,0,0.6868686868686869,spoofing,spoofing
41,weak_campaign,veh_00-w05,Challenge_D::Pre_train_D_2.csv::330::test,Pre_train_D_2.csv,Challenge_D,veh_00,1,0,0.6426767676767676,spoofing,spoofing
41,weak_campaign,veh_00-w06,Challenge_D::Pre_train_D_2.csv::540::test,Pre_train_D_2.csv,Challenge_D,veh_00,1,0,0.7984006734006734,spoofing,spoofing
41,weak_campaign,veh_00-w07,Challenge_S::Pre_train_S_1.csv::437::test,Pre_train_S_1.csv,Challenge_S,veh_00,1,0,0.6191077441077442,spoofing,spoofing
41,weak_campaign,veh_00-w08,Challenge_S::Pre_train_S_1.csv::441::test,Pre_train_S_1.csv,Challenge_S,veh_00,1,0,0.7319023569023569,spoofing,spoofing
41,weak_campaign,veh_00-w09,Challenge_D::Pre_train_D_1.csv::349::test,Pre_train_D_1.csv,Challenge_D,veh_00,1,0,0.7487373737373737,spoofing,spoofing
41,weak_campaign,veh_01-w00,Challenge_D::Pre_train_D_2.csv::426::test,Pre_train_D_2.csv,Challenge_D,veh_01,1,0,0.6763468013468014,spoofing,spoofing
41,weak_campaign,veh_01-w01,Challenge_D::Pre_train_D_1.csv::490::test,Pre_train_D_1.csv,Challenge_D,veh_01,1,0,0.7592592592592593,spoofing,spoofing
41,weak_campaign,veh_01-w02,Challenge_D::Pre_train_D_1.csv::548::test,Pre_train_D_1.csv,Challenge_D,veh_01,1,0,0.5858585858585859,spoofing,spoofing
41,weak_campaign,veh_01-w03,Challenge_S::Pre_train_S_1.csv::301::test,Pre_train_S_1.csv,Challenge_S,veh_01,1,0,0.5963804713804713,spoofing,spoofing
41,weak_campaign,veh_01-w04,Challenge_S::Pre_train_S_1.csv::458::test,Pre_train_S_1.csv,Challenge_S,veh_01,1,0,0.7348484848484849,spoofing,spoofing
41,weak_campaign,veh_01-w05,Challenge_S::Pre_train_S_1.csv::450::test,Pre_train_S_1.csv,Challenge_S,veh_01,1,0,0.6296296296296297,spoofing,spoofing
41,weak_campaign,veh_01-w06,Challenge_D::Pre_train_D_2.csv::576::test,Pre_train_D_2.csv,Challenge_D,veh_01,1,0,0.7159090909090909,spoofing,spoofing
41,weak_campaign,veh_01-w07,Challenge_S::Pre_train_S_2.csv::374::test,Pre_train_S_2.csv,Challenge_S,veh_01,1,0,0.5955387205387206,spoofing,spoofing
41,weak_campaign,veh_01-w08,Challenge_D::Pre_train_D_2.csv::363::test,Pre_train_D_2.csv,Challenge_D,veh_01,1,0,0.6052188552188552,spoofing,spoofing
41,weak_campaign,veh_01-w09,Challenge_S::Pre_train_S_2.csv::434::test,Pre_train_S_2.csv,Challenge_S,veh_01,1,0,0.7542087542087542,spoofing,spoofing
41,weak_campaign,veh_02-w00,Challenge_D::Pre_train_D_2.csv::572::test,Pre_train_D_2.csv,Challenge_D,veh_02,1,0,0.6195286195286195,spoofing,spoofing
41,weak_campaign,veh_02-w01,Challenge_D::Pre_train_D_2.csv::357::test,Pre_train_D_2.csv,Challenge_D,veh_02,1,0,0.6856060606060606,spoofing,spoofing
41,weak_campaign,veh_02-w02,Challenge_D::Pre_train_D_2.csv::364::test,Pre_train_D_2.csv,Challenge_D,veh_02,1,0,0.6195286195286195,spoofing,spoofing
41,weak_campaign,veh_02-w03,Challenge_D::Pre_train_D_2.csv::545::test,Pre_train_D_2.csv,Challenge_D,veh_02,1,0,0.6296296296296297,spoofing,spoofing
41,weak_campaign,veh_02-w04,Challenge_S::Pre_train_S_1.csv::513::test,Pre_train_S_1.csv,Challenge_S,veh_02,1,0,0.680976430976431,spoofing,spoofing
41,weak_campaign,veh_02-w05,Challenge_S::Pre_train_S_2.csv::514::test,Pre_train_S_2.csv,Challenge_S,veh_02,1,0,0.6759259259259259,spoofing,spoofing
41,weak_campaign,veh_02-w06,Challenge_S::Pre_train_S_1.csv::572::test,Pre_train_S_1.csv,Challenge_S,veh_02,1,0,0.734006734006734,spoofing,spoofing
41,weak_campaign,veh_02-w07,Challenge_D::Pre_train_D_1.csv::393::test,Pre_train_D_1.csv,Challenge_D,veh_02,1,0,0.5858585858585859,spoofing,spoofing
41,weak_campaign,veh_02-w08,Challenge_D::Pre_train_D_1.csv::376::test,Pre_train_D_1.csv,Challenge_D,veh_02,1,0,0.7087542087542088,spoofing,spoofing
41,weak_campaign,veh_02-w09,Challenge_S::Pre_train_S_2.csv::443::test,Pre_train_S_2.csv,Challenge_S,veh_02,1,0,0.6679292929292929,spoofing,spoofing
41,weak_campaign,veh_03-w00,Challenge_S::Pre_train_S_2.csv::432::test,Pre_train_S_2.csv,Challenge_S,veh_03,1,0,0.7777777777777778,spoofing,spoofing
41,weak_campaign,veh_03-w01,Challenge_S::Pre_train_S_2.csv::347::test,Pre_train_S_2.csv,Challenge_S,veh_03,1,0,0.7571548821548821,spoofing,spoofing
41,weak_campaign,veh_03-w02,Challenge_D::Pre_train_D_2.csv::427::test,Pre_train_D_2.csv,Challenge_D,veh_03,1,0,0.6498316498316499,spoofing,spoofing
41,weak_campaign,veh_03-w03,Challenge_S::Pre_train_S_2.csv::332::test,Pre_train_S_2.csv,Challenge_S,veh_03,1,0,0.686026936026936,spoofing,spoofing
41,weak_campaign,veh_03-w04,Challenge_D::Pre_train_D_2.csv::429::test,Pre_train_D_2.csv,Challenge_D,veh_03,1,0,0.6346801346801347,spoofing,spoofing
41,weak_campaign,veh_03-w05,Challenge_D::Pre_train_D_2.csv::522::test,Pre_train_D_2.csv,Challenge_D,veh_03,1,0,0.6738215488215489,spoofing,spoofing
41,weak_campaign,veh_03-w06,Challenge_D::Pre_train_D_2.csv::423::test,Pre_train_D_2.csv,Challenge_D,veh_03,1,0,0.640993265993266,spoofing,spoofing
41,weak_campaign,veh_03-w07,Challenge_D::Pre_train_D_2.csv::327::test,Pre_train_D_2.csv,Challenge_D,veh_03,1,0,0.6952861952861953,spoofing,spoofing
41,weak_campaign,veh_03-w08,Challenge_S::Pre_train_S_2.csv::309::test,Pre_train_S_2.csv,Challenge_S,veh_03,1,0,0.7251683501683501,spoofing,spoofing
41,weak_campaign,veh_03-w09,Challenge_D::Pre_train_D_2.csv::425::test,Pre_train_D_2.csv,Challenge_D,veh_03,1,0,0.5820707070707071,spoofing,spoofing
41,weak_campaign,veh_04-w00,Challenge_S::Pre_train_S_2.csv::515::test,Pre_train_S_2.csv,Challenge_S,veh_04,1,0,0.7984006734006734,spoofing,spoofing
41,weak_campaign,veh_04-w01,Challenge_S::Pre_train_S_2.csv::518::test,Pre_train_S_2.csv,Challenge_S,veh_04,1,0,0.617003367003367,spoofing,spoofing
41,weak_campaign,veh_04-w02,Challenge_S::Pre_train_S_1.csv::308::test,Pre_train_S_1.csv,Challenge_S,veh_04,1,0,0.7584175084175084,spoofing,spoofing
41,weak_campaign,veh_04-w03,Challenge_D::Pre_train_D_2.csv::564::test,Pre_train_D_2.csv,Challenge_D,veh_04,1,0,0.6477272727272727,spoofing,spoofing
41,weak_campaign,veh_04-w04,Challenge_D::Pre_train_D_1.csv::347::test,Pre_train_D_1.csv,Challenge_D,veh_04,1,0,0.6296296296296297,spoofing,spoofing
41,weak_campaign,veh_04-w05,Challenge_S::Pre_train_S_1.csv::360::test,Pre_train_S_1.csv,Challenge_S,veh_04,1,0,0.680976430976431,spoofing,spoofing
41,weak_campaign,veh_04-w06,Challenge_D::Pre_train_D_1.csv::544::test,Pre_train_D_1.csv,Challenge_D,veh_04,1,0,0.5808080808080808,spoofing,spoofing
41,weak_campaign,veh_04-w07,Challenge_D::Pre_train_D_2.csv::507::test,Pre_train_D_2.csv,Challenge_D,veh_04,1,0,0.6763468013468014,spoofing,spoofing
41,weak_campaign,veh_04-w08,Challenge_S::Pre_train_S_2.csv::339::test,Pre_train_S_2.csv,Challenge_S,veh_04,1,0,0.6868686868686869,spoofing,spoofing
41,weak_campaign,veh_04-w09,Challenge_S::Pre_train_S_2.csv::438::test,Pre_train_S_2.csv,Challenge_S,veh_04,1,0,0.6654040404040404,spoofing,spoofing
41,weak_campaign,veh_05-w00,OCSLab_Car::normal_run_data.txt::785::test,normal_run_data.txt,OCSLab_Car,veh_05,0,-1,0.5757206658546488,attack_free,benign_fp
41,weak_campaign,veh_05-w01,OCSLab_Car::normal_run_data.txt::481::test,normal_run_data.txt,OCSLab_Car,veh_05,0,-1,0.8172959805115713,attack_free,benign_fp
41,weak_campaign,veh_05-w02,OCSLab_Car::Fuzzy_dataset.csv::283::test,Fuzzy_dataset.csv,OCSLab_Car,veh_05,0,-1,0.9963459196102314,attack_free,benign_fp
41,weak_campaign,veh_05-w03,Challenge_S::Pre_train_S_0.csv::276::test,Pre_train_S_0.csv,Challenge_S,veh_05,0,-1,0.917087542087542,attack_free,benign_fp
41,weak_campaign,veh_05-w04,OCSLab_Car::normal_run_data.txt::490::test,normal_run_data.txt,OCSLab_Car,veh_05,0,-1,0.7365002030044661,attack_free,benign_fp
41,weak_campaign,veh_05-w05,OCSLab_Car::gear_dataset.csv::630::test,gear_dataset.csv,OCSLab_Car,veh_05,0,-1,0.9159561510353228,attack_free,benign_fp
41,weak_campaign,veh_05-w06,Challenge_S::Pre_train_S_0.csv::229::test,Pre_train_S_0.csv,Challenge_S,veh_05,0,-1,0.8623737373737373,attack_free,benign_fp
41,weak_campaign,veh_05-w07,Challenge_D::Pre_train_D_2.csv::692::test,Pre_train_D_2.csv,Challenge_D,veh_05,0,-1,0.7992424242424242,attack_free,benign_fp
41,weak_campaign,veh_05-w08,Challenge_S::Pre_train_S_1.csv::768::test,Pre_train_S_1.csv,Challenge_S,veh_05,0,-1,0.9271885521885522,attack_free,benign_fp
41,weak_campaign,veh_05-w09,OCSLab_Car::normal_run_data.txt::256::test,normal_run_data.txt,OCSLab_Car,veh_05,0,-1,0.8940316686967114,attack_free,benign_fp
41,weak_campaign,veh_06-w00,OCSLab_Car::normal_run_data.txt::524::test,normal_run_data.txt,OCSLab_Car,veh_06,0,-1,0.8026796589524969,attack_free,benign_fp
41,weak_campaign,veh_06-w01,Challenge_D::Pre_train_D_0.csv::113::test,Pre_train_D_0.csv,Challenge_D,veh_06,0,-1,0.9137205387205388,attack_free,benign_fp
41,weak_campaign,veh_06-w02,OCSLab_Car::gear_dataset.csv::105::test,gear_dataset.csv,OCSLab_Car,veh_06,0,-1,0.7145757206658546,attack_free,benign_fp
41,weak_campaign,veh_06-w03,OCSLab_Car::gear_dataset.csv::571::test,gear_dataset.csv,OCSLab_Car,veh_06,0,-1,0.7145757206658546,attack_free,benign_fp
41,weak_campaign,veh_06-w04,Challenge_S::Pre_train_S_2.csv::15::test,Pre_train_S_2.csv,Challenge_S,veh_06,0,-1,0.8842592592592593,attack_free,benign_fp
41,weak_campaign,veh_06-w05,Challenge_D::Pre_train_D_0.csv::222::test,Pre_train_D_0.csv,Challenge_D,veh_06,0,-1,0.7756734006734006,attack_free,benign_fp
41,weak_campaign,veh_06-w06,OCSLab_Car::normal_run_data.txt::655::test,normal_run_data.txt,OCSLab_Car,veh_06,0,-1,0.8834754364596021,attack_free,benign_fp
41,weak_campaign,veh_06-w07,Challenge_D::Pre_train_D_2.csv::744::test,Pre_train_D_2.csv,Challenge_D,veh_06,0,-1,0.6060606060606061,attack_free,benign_fp
41,weak_campaign,veh_06-w08,Challenge_S::Pre_train_S_2.csv::11::test,Pre_train_S_2.csv,Challenge_S,veh_06,0,-1,0.7117003367003367,attack_free,benign_fp
41,weak_campaign,veh_06-w09,Challenge_S::Pre_train_S_2.csv::558::test,Pre_train_S_2.csv,Challenge_S,veh_06,0,-1,0.8278619528619529,attack_free,benign_fp
41,weak_campaign,veh_07-w00,Challenge_D::Pre_train_D_0.csv::248::test,Pre_train_D_0.csv,Challenge_D,veh_07,0,-1,0.8038720538720538,attack_free,benign_fp
41,weak_campaign,veh_07-w01,OCSLab_Car::RPM_dataset.csv::120::test,RPM_dataset.csv,OCSLab_Car,veh_07,0,-1,0.5521721477872513,attack_free,benign_fp
41,weak_campaign,veh_07-w02,OCSLab_Car::normal_run_data.txt::727::test,normal_run_data.txt,OCSLab_Car,veh_07,0,-1,0.9078359723913926,attack_free,benign_fp
41,weak_campaign,veh_07-w03,OCSLab_Car::normal_run_data.txt::177::test,normal_run_data.txt,OCSLab_Car,veh_07,0,-1,0.8656110434429557,attack_free,benign_fp
41,weak_campaign,veh_07-w04,OCSLab_Car::normal_run_data.txt::412::test,normal_run_data.txt,OCSLab_Car,veh_07,0,-1,0.9236703207470564,attack_free,benign_fp
41,weak_campaign,veh_07-w05,OCSLab_Car::DoS_dataset.csv::381::test,DoS_dataset.csv,OCSLab_Car,veh_07,0,-1,0.5501421031262688,attack_free,benign_fp
41,weak_campaign,veh_07-w06,OCSLab_Car::normal_run_data.txt::70::test,normal_run_data.txt,OCSLab_Car,veh_07,0,-1,0.6942752740560292,attack_free,benign_fp
41,weak_campaign,veh_07-w07,Challenge_S::Pre_train_S_2.csv::6::test,Pre_train_S_2.csv,Challenge_S,veh_07,0,-1,0.9671717171717172,attack_free,benign_fp
41,weak_campaign,veh_07-w08,OCSLab_Car::normal_run_data.txt::179::test,normal_run_data.txt,OCSLab_Car,veh_07,0,-1,0.8717011774259034,attack_free,benign_fp
41,weak_campaign,veh_07-w09,Challenge_D::Pre_train_D_2.csv::723::test,Pre_train_D_2.csv,Challenge_D,veh_07,0,-1,0.7268518518518519,attack_free,benign_fp
41,weak_campaign,veh_08-w00,Challenge_S::Pre_train_S_1.csv::756::test,Pre_train_S_1.csv,Challenge_S,veh_08,0,-1,0.7449494949494949,attack_free,benign_fp
41,weak_campaign,veh_08-w01,Challenge_D::Pre_train_D_0.csv::95::test,Pre_train_D_0.csv,Challenge_D,veh_08,0,-1,0.976851851851852,attack_free,benign_fp
41,weak_campaign,veh_08-w02,OCSLab_Car::normal_run_data.txt::4::test,normal_run_data.txt,OCSLab_Car,veh_08,0,-1,0.9326025172553796,attack_free,benign_fp
41,weak_campaign,veh_08-w03,OCSLab_Car::normal_run_data.txt::390::test,normal_run_data.txt,OCSLab_Car,veh_08,0,-1,0.9618351603735282,attack_free,benign_fp
41,weak_campaign,veh_08-w04,OCSLab_Car::normal_run_data.txt::346::test,normal_run_data.txt,OCSLab_Car,veh_08,0,-1,0.907429963459196,attack_free,benign_fp
41,weak_campaign,veh_08-w05,Challenge_S::Pre_train_S_2.csv::683::test,Pre_train_S_2.csv,Challenge_S,veh_08,0,-1,0.5934343434343434,attack_free,benign_fp
41,weak_campaign,veh_08-w06,OCSLab_Car::normal_run_data.txt::636::test,normal_run_data.txt,OCSLab_Car,veh_08,0,-1,0.7494924888347544,attack_free,benign_fp
41,weak_campaign,veh_08-w07,OCSLab_Car::normal_run_data.txt::304::test,normal_run_data.txt,OCSLab_Car,veh_08,0,-1,0.903369874137231,attack_free,benign_fp
41,weak_campaign,veh_08-w08,Challenge_S::Pre_train_S_0.csv::102::test,Pre_train_S_0.csv,Challenge_S,veh_08,0,-1,0.7790404040404041,attack_free,benign_fp
41,weak_campaign,veh_08-w09,OCSLab_Car::DoS_dataset.csv::516::test,DoS_dataset.csv,OCSLab_Car,veh_08,0,-1,0.5578562728380024,attack_free,benign_fp
41,weak_campaign,veh_09-w00,Challenge_S::Pre_train_S_0.csv::92::test,Pre_train_S_0.csv,Challenge_S,veh_09,0,-1,0.6140572390572391,attack_free,benign_fp
41,weak_campaign,veh_09-w01,Challenge_D::Pre_train_D_0.csv::223::test,Pre_train_D_0.csv,Challenge_D,veh_09,0,-1,0.7327441077441077,attack_free,benign_fp
41,weak_campaign,veh_09-w02,Challenge_S::Pre_train_S_1.csv::777::test,Pre_train_S_1.csv,Challenge_S,veh_09,0,-1,0.914141414141414,attack_free,benign_fp
41,weak_campaign,veh_09-w03,OCSLab_Car::normal_run_data.txt::63::test,normal_run_data.txt,OCSLab_Car,veh_09,0,-1,0.947218838814454,attack_free,benign_fp
41,weak_campaign,veh_09-w04,Challenge_S::Pre_train_S_0.csv::243::test,Pre_train_S_0.csv,Challenge_S,veh_09,0,-1,0.5572390572390572,attack_free,benign_fp
41,weak_campaign,veh_09-w05,Challenge_S::Pre_train_S_2.csv::770::test,Pre_train_S_2.csv,Challenge_S,veh_09,0,-1,0.6498316498316499,attack_free,benign_fp
41,weak_campaign,veh_09-w06,Challenge_D::Pre_train_D_2.csv::64::test,Pre_train_D_2.csv,Challenge_D,veh_09,0,-1,0.9339225589225588,attack_free,benign_fp
41,weak_campaign,veh_09-w07,OCSLab_Car::normal_run_data.txt::493::test,normal_run_data.txt,OCSLab_Car,veh_09,0,-1,0.947218838814454,attack_free,benign_fp
41,weak_campaign,veh_09-w08,OCSLab_Car::normal_run_data.txt::1::test,normal_run_data.txt,OCSLab_Car,veh_09,0,-1,0.8574908647990256,attack_free,benign_fp
41,weak_campaign,veh_09-w09,Challenge_D::Pre_train_D_2.csv::322::test,Pre_train_D_2.csv,Challenge_D,veh_09,0,-1,0.8867845117845118,attack_free,benign_fp
41,weak_campaign,veh_10-w00,Challenge_D::Pre_train_D_2.csv::297::test,Pre_train_D_2.csv,Challenge_D,veh_10,0,-1,0.9696969696969696,attack_free,benign_fp
41,weak_campaign,veh_10-w01,Challenge_D::Pre_train_D_0.csv::208::test,Pre_train_D_0.csv,Challenge_D,veh_10,0,-1,0.9924242424242424,attack_free,benign_fp
41,weak_campaign,veh_10-w02,OCSLab_Car::normal_run_data.txt::411::test,normal_run_data.txt,OCSLab_Car,veh_10,0,-1,0.9516849370686156,attack_free,benign_fp
41,weak_campaign,veh_10-w03,OCSLab_Car::gear_dataset.csv::333::test,gear_dataset.csv,OCSLab_Car,veh_10,0,-1,0.5781567194478279,attack_free,benign_fp
41,weak_campaign,veh_10-w04,OCSLab_Car::normal_run_data.txt::770::test,normal_run_data.txt,OCSLab_Car,veh_10,0,-1,0.583028826634186,attack_free,benign_fp
41,weak_campaign,veh_10-w05,Challenge_D::Pre_train_D_0.csv::295::test,Pre_train_D_0.csv,Challenge_D,veh_10,0,-1,0.968013468013468,attack_free,benign_fp
41,weak_campaign,veh_10-w06,OCSLab_Car::normal_run_data.txt::761::test,normal_run_data.txt,OCSLab_Car,veh_10,0,-1,0.6406820950060901,attack_free,benign_fp
41,weak_campaign,veh_10-w07,OCSLab_Car::gear_dataset.csv::757::test,gear_dataset.csv,OCSLab_Car,veh_10,0,-1,0.727568006496143,attack_free,benign_fp
41,weak_campaign,veh_10-w08,OCSLab_Car::Fuzzy_dataset.csv::554::test,Fuzzy_dataset.csv,OCSLab_Car,veh_10,0,-1,0.6203816483962648,attack_free,benign_fp
41,weak_campaign,veh_10-w09,OCSLab_Car::gear_dataset.csv::737::test,gear_dataset.csv,OCSLab_Car,veh_10,0,-1,0.6374340235485181,attack_free,benign_fp
41,weak_campaign,veh_11-w00,OCSLab_Car::normal_run_data.txt::538::test,normal_run_data.txt,OCSLab_Car,veh_11,0,-1,0.9606171335769388,attack_free,benign_fp
41,weak_campaign,veh_11-w01,OCSLab_Car::normal_run_data.txt::763::test,normal_run_data.txt,OCSLab_Car,veh_11,0,-1,0.8380024360535931,attack_free,benign_fp
41,weak_campaign,veh_11-w02,Challenge_S::Pre_train_S_1.csv::721::test,Pre_train_S_1.csv,Challenge_S,veh_11,0,-1,0.5509259259259259,attack_free,benign_fp
41,weak_campaign,veh_11-w03,Challenge_S::Pre_train_S_1.csv::7::test,Pre_train_S_1.csv,Challenge_S,veh_11,0,-1,0.7365319865319865,attack_free,benign_fp
41,weak_campaign,veh_11-w04,Challenge_D::Pre_train_D_2.csv::739::test,Pre_train_D_2.csv,Challenge_D,veh_11,0,-1,0.6422558922558923,attack_free,benign_fp
41,weak_campaign,veh_11-w05,Challenge_D::Pre_train_D_0.csv::213::test,Pre_train_D_0.csv,Challenge_D,veh_11,0,-1,0.8228114478114478,attack_free,benign_fp
41,weak_campaign,veh_11-w06,OCSLab_Car::normal_run_data.txt::306::test,normal_run_data.txt,OCSLab_Car,veh_11,0,-1,0.9634591961023142,attack_free,benign_fp
41,weak_campaign,veh_11-w07,Challenge_S::Pre_train_S_0.csv::25::test,Pre_train_S_0.csv,Challenge_S,veh_11,0,-1,0.7870370370370371,attack_free,benign_fp
41,weak_campaign,veh_11-w08,OCSLab_Car::normal_run_data.txt::75::test,normal_run_data.txt,OCSLab_Car,veh_11,0,-1,0.8148599269183922,attack_free,benign_fp
41,weak_campaign,veh_11-w09,Challenge_D::Pre_train_D_0.csv::135::test,Pre_train_D_0.csv,Challenge_D,veh_11,0,-1,0.7878787878787878,attack_free,benign_fp
41,weak_campaign,veh_12-w00,Challenge_D::Pre_train_D_1.csv::1::test,Pre_train_D_1.csv,Challenge_D,veh_12,0,-1,0.7142255892255892,attack_free,benign_fp
41,weak_campaign,veh_12-w01,Challenge_D::Pre_train_D_0.csv::151::test,Pre_train_D_0.csv,Challenge_D,veh_12,0,-1,0.9629629629629628,attack_free,benign_fp
41,weak_campaign,veh_12-w02,OCSLab_Car::RPM_dataset.csv::116::test,RPM_dataset.csv,OCSLab_Car,veh_12,0,-1,0.6037352821762079,attack_free,benign_fp
41,weak_campaign,veh_12-w03,OCSLab_Car::DoS_dataset.csv::135::test,DoS_dataset.csv,OCSLab_Car,veh_12,0,-1,0.9131140885099472,attack_free,benign_fp
41,weak_campaign,veh_12-w04,OCSLab_Car::normal_run_data.txt::319::test,normal_run_data.txt,OCSLab_Car,veh_12,0,-1,0.8424685343077548,attack_free,benign_fp
41,weak_campaign,veh_12-w05,OCSLab_Car::normal_run_data.txt::637::test,normal_run_data.txt,OCSLab_Car,veh_12,0,-1,0.8152659358505887,attack_free,benign_fp
41,weak_campaign,veh_12-w06,Challenge_D::Pre_train_D_2.csv::697::test,Pre_train_D_2.csv,Challenge_D,veh_12,0,-1,0.6119528619528619,attack_free,benign_fp
41,weak_campaign,veh_12-w07,OCSLab_Car::gear_dataset.csv::97::test,gear_dataset.csv,OCSLab_Car,veh_12,0,-1,0.682095006090134,attack_free,benign_fp
41,weak_campaign,veh_12-w08,Challenge_S::Pre_train_S_2.csv::739::test,Pre_train_S_2.csv,Challenge_S,veh_12,0,-1,0.6767676767676768,attack_free,benign_fp
41,weak_campaign,veh_12-w09,OCSLab_Car::normal_run_data.txt::116::test,normal_run_data.txt,OCSLab_Car,veh_12,0,-1,0.976857490864799,attack_free,benign_fp
41,weak_campaign,veh_13-w00,OCSLab_Car::normal_run_data.txt::765::test,normal_run_data.txt,OCSLab_Car,veh_13,0,-1,0.9326025172553796,attack_free,benign_fp
41,weak_campaign,veh_13-w01,Challenge_D::Pre_train_D_1.csv::330::test,Pre_train_D_1.csv,Challenge_D,veh_13,0,-1,0.6127946127946128,attack_free,benign_fp
41,weak_campaign,veh_13-w02,OCSLab_Car::Fuzzy_dataset.csv::253::test,Fuzzy_dataset.csv,OCSLab_Car,veh_13,0,-1,0.5696305318717012,attack_free,benign_fp
41,weak_campaign,veh_13-w03,OCSLab_Car::normal_run_data.txt::258::test,normal_run_data.txt,OCSLab_Car,veh_13,0,-1,0.9939098660170524,attack_free,benign_fp
41,weak_campaign,veh_13-w04,Challenge_D::Pre_train_D_0.csv::265::test,Pre_train_D_0.csv,Challenge_D,veh_13,0,-1,0.8211279461279462,attack_free,benign_fp
41,weak_campaign,veh_13-w05,OCSLab_Car::normal_run_data.txt::132::test,normal_run_data.txt,OCSLab_Car,veh_13,0,-1,0.9078359723913926,attack_free,benign_fp
41,weak_campaign,veh_13-w06,OCSLab_Car::Fuzzy_dataset.csv::578::test,Fuzzy_dataset.csv,OCSLab_Car,veh_13,0,-1,0.5501421031262688,attack_free,benign_fp
41,weak_campaign,veh_13-w07,Challenge_D::Pre_train_D_0.csv::237::test,Pre_train_D_0.csv,Challenge_D,veh_13,0,-1,0.9924242424242424,attack_free,benign_fp
41,weak_campaign,veh_13-w08,OCSLab_Car::normal_run_data.txt::702::test,normal_run_data.txt,OCSLab_Car,veh_13,0,-1,0.9703613479496548,attack_free,benign_fp
41,weak_campaign,veh_13-w09,Challenge_S::Pre_train_S_2.csv::37::test,Pre_train_S_2.csv,Challenge_S,veh_13,0,-1,0.8952020202020202,attack_free,benign_fp
41,weak_campaign,veh_14-w00,OCSLab_Car::gear_dataset.csv::673::test,gear_dataset.csv,OCSLab_Car,veh_14,0,-1,0.9813235891189608,attack_free,benign_fp
41,weak_campaign,veh_14-w01,OCSLab_Car::normal_run_data.txt::774::test,normal_run_data.txt,OCSLab_Car,veh_14,0,-1,0.6691027202598457,attack_free,benign_fp
41,weak_campaign,veh_14-w02,OCSLab_Car::gear_dataset.csv::766::test,gear_dataset.csv,OCSLab_Car,veh_14,0,-1,0.7442143727161997,attack_free,benign_fp
41,weak_campaign,veh_14-w03,OCSLab_Car::normal_run_data.txt::242::test,normal_run_data.txt,OCSLab_Car,veh_14,0,-1,0.9833536337799432,attack_free,benign_fp
41,weak_campaign,veh_14-w04,OCSLab_Car::normal_run_data.txt::581::test,normal_run_data.txt,OCSLab_Car,veh_14,0,-1,0.7718229801055623,attack_free,benign_fp
41,weak_campaign,veh_14-w05,OCSLab_Car::normal_run_data.txt::213::test,normal_run_data.txt,OCSLab_Car,veh_14,0,-1,0.9395046691027202,attack_free,benign_fp
41,weak_campaign,veh_14-w06,OCSLab_Car::gear_dataset.csv::600::test,gear_dataset.csv,OCSLab_Car,veh_14,0,-1,0.8258221680876979,attack_free,benign_fp
41,weak_campaign,veh_14-w07,OCSLab_Car::normal_run_data.txt::724::test,normal_run_data.txt,OCSLab_Car,veh_14,0,-1,0.7738530247665448,attack_free,benign_fp
41,weak_campaign,veh_14-w08,OCSLab_Car::normal_run_data.txt::120::test,normal_run_data.txt,OCSLab_Car,veh_14,0,-1,0.947218838814454,attack_free,benign_fp
41,weak_campaign,veh_14-w09,Challenge_S::Pre_train_S_2.csv::552::test,Pre_train_S_2.csv,Challenge_S,veh_14,0,-1,0.6961279461279462,attack_free,benign_fp
41,weak_campaign,veh_15-w00,Challenge_D::Pre_train_D_0.csv::285::test,Pre_train_D_0.csv,Challenge_D,veh_15,0,-1,0.9987373737373736,attack_free,benign_fp
41,weak_campaign,veh_15-w01,OCSLab_Car::normal_run_data.txt::103::test,normal_run_data.txt,OCSLab_Car,veh_15,0,-1,0.8518067397482745,attack_free,benign_fp
41,weak_campaign,veh_15-w02,OCSLab_Car::normal_run_data.txt::464::test,normal_run_data.txt,OCSLab_Car,veh_15,0,-1,0.8258221680876979,attack_free,benign_fp
41,weak_campaign,veh_15-w03,Challenge_S::Pre_train_S_2.csv::779::test,Pre_train_S_2.csv,Challenge_S,veh_15,0,-1,0.6881313131313131,attack_free,benign_fp
41,weak_campaign,veh_15-w04,OCSLab_Car::Fuzzy_dataset.csv::574::test,Fuzzy_dataset.csv,OCSLab_Car,veh_15,0,-1,0.6378400324807145,attack_free,benign_fp
41,weak_campaign,veh_15-w05,OCSLab_Car::normal_run_data.txt::537::test,normal_run_data.txt,OCSLab_Car,veh_15,0,-1,0.9078359723913926,attack_free,benign_fp
41,weak_campaign,veh_15-w06,Challenge_S::Pre_train_S_1.csv::425::test,Pre_train_S_1.csv,Challenge_S,veh_15,0,-1,0.7377946127946128,attack_free,benign_fp
41,weak_campaign,veh_15-w07,OCSLab_Car::DoS_dataset.csv::127::test,DoS_dataset.csv,OCSLab_Car,veh_15,0,-1,0.997563946406821,attack_free,benign_fp
41,weak_campaign,veh_15-w08,Challenge_S::Pre_train_S_0.csv::106::test,Pre_train_S_0.csv,Challenge_S,veh_15,0,-1,0.752104377104377,attack_free,benign_fp
41,weak_campaign,veh_15-w09,Challenge_D::Pre_train_D_0.csv::266::test,Pre_train_D_0.csv,Challenge_D,veh_15,0,-1,0.6813973063973064,attack_free,benign_fp
41,weak_campaign,veh_16-w00,Challenge_D::Pre_train_D_2.csv::50::test,Pre_train_D_2.csv,Challenge_D,veh_16,0,-1,0.6056397306397306,attack_free,benign_fp
41,weak_campaign,veh_16-w01,Challenge_S::Pre_train_S_2.csv::533::test,Pre_train_S_2.csv,Challenge_S,veh_16,0,-1,0.6902356902356902,attack_free,benign_fp
41,weak_campaign,veh_16-w02,Challenge_S::Pre_train_S_2.csv::30::test,Pre_train_S_2.csv,Challenge_S,veh_16,0,-1,0.8594276094276094,attack_free,benign_fp
41,weak_campaign,veh_16-w03,Challenge_D::Pre_train_D_2.csv::695::test,Pre_train_D_2.csv,Challenge_D,veh_16,0,-1,0.6342592592592593,attack_free,benign_fp
41,weak_campaign,veh_16-w04,OCSLab_Car::normal_run_data.txt::379::test,normal_run_data.txt,OCSLab_Car,veh_16,0,-1,0.8392204628501827,attack_free,benign_fp
41,weak_campaign,veh_16-w05,Challenge_D::Pre_train_D_2.csv::681::test,Pre_train_D_2.csv,Challenge_D,veh_16,0,-1,0.7184343434343434,attack_free,benign_fp
41,weak_campaign,veh_16-w06,OCSLab_Car::normal_run_data.txt::558::test,normal_run_data.txt,OCSLab_Car,veh_16,0,-1,0.7332521315468941,attack_free,benign_fp
41,weak_campaign,veh_16-w07,Challenge_S::Pre_train_S_0.csv::93::test,Pre_train_S_0.csv,Challenge_S,veh_16,0,-1,0.6868686868686869,attack_free,benign_fp
41,weak_campaign,veh_16-w08,Challenge_D::Pre_train_D_0.csv::205::test,Pre_train_D_0.csv,Challenge_D,veh_16,0,-1,0.6199494949494949,attack_free,benign_fp
41,weak_campaign,veh_16-w09,OCSLab_Car::normal_run_data.txt::682::test,normal_run_data.txt,OCSLab_Car,veh_16,0,-1,0.8233861144945189,attack_free,benign_fp
41,weak_campaign,veh_17-w00,OCSLab_Car::normal_run_data.txt::329::test,normal_run_data.txt,OCSLab_Car,veh_17,0,-1,0.951278928136419,attack_free,benign_fp
41,weak_campaign,veh_17-w01,OCSLab_Car::DoS_dataset.csv::708::test,DoS_dataset.csv,OCSLab_Car,veh_17,0,-1,0.6792529435647584,attack_free,benign_fp
41,weak_campaign,veh_17-w02,Challenge_D::Pre_train_D_0.csv::112::test,Pre_train_D_0.csv,Challenge_D,veh_17,0,-1,0.7432659932659933,attack_free,benign_fp
41,weak_campaign,veh_17-w03,OCSLab_Car::DoS_dataset.csv::199::test,DoS_dataset.csv,OCSLab_Car,veh_17,0,-1,0.6427121396670726,attack_free,benign_fp
41,weak_campaign,veh_17-w04,Challenge_D::Pre_train_D_0.csv::52::test,Pre_train_D_0.csv,Challenge_D,veh_17,0,-1,0.6494107744107744,attack_free,benign_fp
41,weak_campaign,veh_17-w05,OCSLab_Car::Fuzzy_dataset.csv::543::test,Fuzzy_dataset.csv,OCSLab_Car,veh_17,0,-1,0.907429963459196,attack_free,benign_fp
41,weak_campaign,veh_17-w06,Challenge_D::Pre_train_D_0.csv::55::test,Pre_train_D_0.csv,Challenge_D,veh_17,0,-1,0.8968855218855218,attack_free,benign_fp
41,weak_campaign,veh_17-w07,OCSLab_Car::normal_run_data.txt::378::test,normal_run_data.txt,OCSLab_Car,veh_17,0,-1,0.980917580186764,attack_free,benign_fp
41,weak_campaign,veh_17-w08,Challenge_D::Pre_train_D_0.csv::294::test,Pre_train_D_0.csv,Challenge_D,veh_17,0,-1,0.8960437710437711,attack_free,benign_fp
41,weak_campaign,veh_17-w09,OCSLab_Car::normal_run_data.txt::279::test,normal_run_data.txt,OCSLab_Car,veh_17,0,-1,0.998375964271214,attack_free,benign_fp
41,weak_campaign,veh_18-w00,Challenge_S::Pre_train_S_2.csv::3::test,Pre_train_S_2.csv,Challenge_S,veh_18,0,-1,0.9865319865319864,attack_free,benign_fp
41,weak_campaign,veh_18-w01,Challenge_D::Pre_train_D_2.csv::586::test,Pre_train_D_2.csv,Challenge_D,veh_18,0,-1,0.9865319865319864,attack_free,benign_fp
41,weak_campaign,veh_18-w02,Challenge_D::Pre_train_D_2.csv::702::test,Pre_train_D_2.csv,Challenge_D,veh_18,0,-1,0.8202861952861953,attack_free,benign_fp
41,weak_campaign,veh_18-w03,Challenge_S::Pre_train_S_2.csv::556::test,Pre_train_S_2.csv,Challenge_S,veh_18,0,-1,0.6447811447811448,attack_free,benign_fp
41,weak_campaign,veh_18-w04,OCSLab_Car::normal_run_data.txt::741::test,normal_run_data.txt,OCSLab_Car,veh_18,0,-1,0.8932196508323184,attack_free,benign_fp
41,weak_campaign,veh_18-w05,Challenge_S::Pre_train_S_0.csv::225::test,Pre_train_S_0.csv,Challenge_S,veh_18,0,-1,0.7584175084175084,attack_free,benign_fp
41,weak_campaign,veh_18-w06,OCSLab_Car::normal_run_data.txt::203::test,normal_run_data.txt,OCSLab_Car,veh_18,0,-1,0.9821356069833536,attack_free,benign_fp
41,weak_campaign,veh_18-w07,Challenge_D::Pre_train_D_2.csv::677::test,Pre_train_D_2.csv,Challenge_D,veh_18,0,-1,0.640993265993266,attack_free,benign_fp
41,weak_campaign,veh_18-w08,OCSLab_Car::normal_run_data.txt::704::test,normal_run_data.txt,OCSLab_Car,veh_18,0,-1,0.9183922046285018,attack_free,benign_fp
41,weak_campaign,veh_18-w09,OCSLab_Car::normal_run_data.txt::354::test,normal_run_data.txt,OCSLab_Car,veh_18,0,-1,0.9468128298822576,attack_free,benign_fp
41,weak_campaign,veh_19-w00,OCSLab_Car::gear_dataset.csv::612::test,gear_dataset.csv,OCSLab_Car,veh_19,0,-1,0.9447827852212748,attack_free,benign_fp
41,weak_campaign,veh_19-w01,OCSLab_Car::normal_run_data.txt::32::test,normal_run_data.txt,OCSLab_Car,veh_19,0,-1,0.9139261063743402,attack_free,benign_fp
41,weak_campaign,veh_19-w02,OCSLab_Car::Fuzzy_dataset.csv::239::test,Fuzzy_dataset.csv,OCSLab_Car,veh_19,0,-1,0.5716605765326838,attack_free,benign_fp
41,weak_campaign,veh_19-w03,OCSLab_Car::DoS_dataset.csv::365::test,DoS_dataset.csv,OCSLab_Car,veh_19,0,-1,0.6613885505481121,attack_free,benign_fp
41,weak_campaign,veh_19-w04,OCSLab_Car::normal_run_data.txt::715::test,normal_run_data.txt,OCSLab_Car,veh_19,0,-1,0.8030856678846935,attack_free,benign_fp
41,weak_campaign,veh_19-w05,OCSLab_Car::DoS_dataset.csv::519::test,DoS_dataset.csv,OCSLab_Car,veh_19,0,-1,0.7519285424279334,attack_free,benign_fp
41,weak_campaign,veh_19-w06,OCSLab_Car::RPM_dataset.csv::98::test,RPM_dataset.csv,OCSLab_Car,veh_19,0,-1,0.6386520503451076,attack_free,benign_fp
41,weak_campaign,veh_19-w07,OCSLab_Car::normal_run_data.txt::292::test,normal_run_data.txt,OCSLab_Car,veh_19,0,-1,0.980917580186764,attack_free,benign_fp
41,weak_campaign,veh_19-w08,Challenge_S::Pre_train_S_2.csv::670::test,Pre_train_S_2.csv,Challenge_S,veh_19,0,-1,0.9351851851851852,attack_free,benign_fp
41,weak_campaign,veh_19-w09,OCSLab_Car::normal_run_data.txt::376::test,normal_run_data.txt,OCSLab_Car,veh_19,0,-1,0.976045473000406,attack_free,benign_fp
41,unrelated_incidents,veh_00-w00,Challenge_S::Pre_train_S_1.csv::284::test,Pre_train_S_1.csv,Challenge_S,veh_00,1,0,1.0,flooding,independent_0_flooding
41,unrelated_incidents,veh_00-w01,Challenge_D::Pre_train_D_1.csv::104::test,Pre_train_D_1.csv,Challenge_D,veh_00,1,0,1.0,flooding,independent_0_flooding
41,unrelated_incidents,veh_00-w02,OCSLab_Car::DoS_dataset.csv::256::test,DoS_dataset.csv,OCSLab_Car,veh_00,1,0,1.0,flooding,independent_0_flooding
41,unrelated_incidents,veh_00-w03,Challenge_D::Pre_train_D_1.csv::279::test,Pre_train_D_1.csv,Challenge_D,veh_00,1,0,1.0,flooding,independent_0_flooding
41,unrelated_incidents,veh_00-w04,OCSLab_Car::DoS_dataset.csv::109::test,DoS_dataset.csv,OCSLab_Car,veh_00,1,0,1.0,flooding,independent_0_flooding
41,unrelated_incidents,veh_00-w05,OCSLab_Car::DoS_dataset.csv::55::test,DoS_dataset.csv,OCSLab_Car,veh_00,1,0,1.0,flooding,independent_0_flooding
41,unrelated_incidents,veh_00-w06,Challenge_S::Pre_train_S_2.csv::289::test,Pre_train_S_2.csv,Challenge_S,veh_00,1,0,1.0,flooding,independent_0_flooding
41,unrelated_incidents,veh_00-w07,Challenge_D::Pre_train_D_1.csv::184::test,Pre_train_D_1.csv,Challenge_D,veh_00,1,0,1.0,flooding,independent_0_flooding
41,unrelated_incidents,veh_00-w08,Challenge_S::Pre_train_S_2.csv::65::test,Pre_train_S_2.csv,Challenge_S,veh_00,1,0,1.0,flooding,independent_0_flooding
41,unrelated_incidents,veh_00-w09,Challenge_D::Pre_train_D_1.csv::198::test,Pre_train_D_1.csv,Challenge_D,veh_00,1,0,1.0,flooding,independent_0_flooding
41,unrelated_incidents,veh_01-w00,OCSLab_Car::RPM_dataset.csv::491::test,RPM_dataset.csv,OCSLab_Car,veh_01,1,1,1.0,malfunction_rpm,independent_1_malfunction_rpm
41,unrelated_incidents,veh_01-w01,OCSLab_Car::RPM_dataset.csv::229::test,RPM_dataset.csv,OCSLab_Car,veh_01,1,1,1.0,malfunction_rpm,independent_1_malfunction_rpm
41,unrelated_incidents,veh_01-w02,OCSLab_Car::RPM_dataset.csv::495::test,RPM_dataset.csv,OCSLab_Car,veh_01,1,1,1.0,malfunction_rpm,independent_1_malfunction_rpm
41,unrelated_incidents,veh_01-w03,OCSLab_Car::RPM_dataset.csv::353::test,RPM_dataset.csv,OCSLab_Car,veh_01,1,1,1.0,malfunction_rpm,independent_1_malfunction_rpm
41,unrelated_incidents,veh_01-w04,OCSLab_Car::RPM_dataset.csv::405::test,RPM_dataset.csv,OCSLab_Car,veh_01,1,1,1.0,malfunction_rpm,independent_1_malfunction_rpm
41,unrelated_incidents,veh_01-w05,OCSLab_Car::RPM_dataset.csv::382::test,RPM_dataset.csv,OCSLab_Car,veh_01,1,1,1.0,malfunction_rpm,independent_1_malfunction_rpm
41,unrelated_incidents,veh_01-w06,OCSLab_Car::RPM_dataset.csv::43::test,RPM_dataset.csv,OCSLab_Car,veh_01,1,1,1.0,malfunction_rpm,independent_1_malfunction_rpm
41,unrelated_incidents,veh_01-w07,OCSLab_Car::RPM_dataset.csv::55::test,RPM_dataset.csv,OCSLab_Car,veh_01,1,1,1.0,malfunction_rpm,independent_1_malfunction_rpm
41,unrelated_incidents,veh_01-w08,OCSLab_Car::RPM_dataset.csv::432::test,RPM_dataset.csv,OCSLab_Car,veh_01,1,1,1.0,malfunction_rpm,independent_1_malfunction_rpm
41,unrelated_incidents,veh_01-w09,OCSLab_Car::RPM_dataset.csv::381::test,RPM_dataset.csv,OCSLab_Car,veh_01,1,1,1.0,malfunction_rpm,independent_1_malfunction_rpm
41,unrelated_incidents,veh_02-w00,OCSLab_Car::gear_dataset.csv::276::test,gear_dataset.csv,OCSLab_Car,veh_02,1,2,1.0,malfunction_gear,independent_2_malfunction_gear
41,unrelated_incidents,veh_02-w01,OCSLab_Car::gear_dataset.csv::700::test,gear_dataset.csv,OCSLab_Car,veh_02,1,2,1.0,malfunction_gear,independent_2_malfunction_gear
41,unrelated_incidents,veh_02-w02,OCSLab_Car::gear_dataset.csv::394::test,gear_dataset.csv,OCSLab_Car,veh_02,1,2,1.0,malfunction_gear,independent_2_malfunction_gear
41,unrelated_incidents,veh_02-w03,OCSLab_Car::gear_dataset.csv::449::test,gear_dataset.csv,OCSLab_Car,veh_02,1,2,1.0,malfunction_gear,independent_2_malfunction_gear
41,unrelated_incidents,veh_02-w04,OCSLab_Car::gear_dataset.csv::291::test,gear_dataset.csv,OCSLab_Car,veh_02,1,2,1.0,malfunction_gear,independent_2_malfunction_gear
41,unrelated_incidents,veh_02-w05,OCSLab_Car::gear_dataset.csv::50::test,gear_dataset.csv,OCSLab_Car,veh_02,1,2,1.0,malfunction_gear,independent_2_malfunction_gear
41,unrelated_incidents,veh_02-w06,OCSLab_Car::gear_dataset.csv::455::test,gear_dataset.csv,OCSLab_Car,veh_02,1,2,1.0,malfunction_gear,independent_2_malfunction_gear
41,unrelated_incidents,veh_02-w07,OCSLab_Car::gear_dataset.csv::280::test,gear_dataset.csv,OCSLab_Car,veh_02,1,2,1.0,malfunction_gear,independent_2_malfunction_gear
41,unrelated_incidents,veh_02-w08,OCSLab_Car::gear_dataset.csv::393::test,gear_dataset.csv,OCSLab_Car,veh_02,1,2,1.0,malfunction_gear,independent_2_malfunction_gear
41,unrelated_incidents,veh_02-w09,OCSLab_Car::gear_dataset.csv::211::test,gear_dataset.csv,OCSLab_Car,veh_02,1,2,1.0,malfunction_gear,independent_2_malfunction_gear
41,unrelated_incidents,veh_03-w00,OCSLab_Car::Fuzzy_dataset.csv::612::test,Fuzzy_dataset.csv,OCSLab_Car,veh_03,1,3,1.0,fuzzy,independent_3_fuzzy
41,unrelated_incidents,veh_03-w01,OCSLab_Car::Fuzzy_dataset.csv::512::test,Fuzzy_dataset.csv,OCSLab_Car,veh_03,1,3,1.0,fuzzy,independent_3_fuzzy
41,unrelated_incidents,veh_03-w02,OCSLab_Car::Fuzzy_dataset.csv::496::test,Fuzzy_dataset.csv,OCSLab_Car,veh_03,1,3,1.0,fuzzy,independent_3_fuzzy
41,unrelated_incidents,veh_03-w03,OCSLab_Car::Fuzzy_dataset.csv::178::test,Fuzzy_dataset.csv,OCSLab_Car,veh_03,1,3,1.0,fuzzy,independent_3_fuzzy
41,unrelated_incidents,veh_03-w04,OCSLab_Car::Fuzzy_dataset.csv::325::test,Fuzzy_dataset.csv,OCSLab_Car,veh_03,1,3,1.0,fuzzy,independent_3_fuzzy
41,unrelated_incidents,veh_03-w05,OCSLab_Car::Fuzzy_dataset.csv::172::test,Fuzzy_dataset.csv,OCSLab_Car,veh_03,1,3,1.0,fuzzy,independent_3_fuzzy
41,unrelated_incidents,veh_03-w06,OCSLab_Car::Fuzzy_dataset.csv::597::test,Fuzzy_dataset.csv,OCSLab_Car,veh_03,1,3,1.0,fuzzy,independent_3_fuzzy
41,unrelated_incidents,veh_03-w07,OCSLab_Car::Fuzzy_dataset.csv::320::test,Fuzzy_dataset.csv,OCSLab_Car,veh_03,1,3,1.0,fuzzy,independent_3_fuzzy
41,unrelated_incidents,veh_03-w08,OCSLab_Car::Fuzzy_dataset.csv::180::test,Fuzzy_dataset.csv,OCSLab_Car,veh_03,1,3,1.0,fuzzy,independent_3_fuzzy
41,unrelated_incidents,veh_03-w09,OCSLab_Car::Fuzzy_dataset.csv::336::test,Fuzzy_dataset.csv,OCSLab_Car,veh_03,1,3,1.0,fuzzy,independent_3_fuzzy
41,unrelated_incidents,veh_04-w00,Challenge_S::Pre_train_S_2.csv::419::test,Pre_train_S_2.csv,Challenge_S,veh_04,1,4,0.9583333333333334,spoofing,independent_4_spoofing
41,unrelated_incidents,veh_04-w01,Challenge_S::Pre_train_S_2.csv::406::test,Pre_train_S_2.csv,Challenge_S,veh_04,1,4,0.9852693602693604,spoofing,independent_4_spoofing
41,unrelated_incidents,veh_04-w02,Challenge_S::Pre_train_S_2.csv::418::test,Pre_train_S_2.csv,Challenge_S,veh_04,1,4,0.859006734006734,spoofing,independent_4_spoofing
41,unrelated_incidents,veh_04-w03,Challenge_S::Pre_train_S_1.csv::303::test,Pre_train_S_1.csv,Challenge_S,veh_04,1,4,0.8324915824915825,spoofing,independent_4_spoofing
41,unrelated_incidents,veh_04-w04,Challenge_D::Pre_train_D_2.csv::517::test,Pre_train_D_2.csv,Challenge_D,veh_04,1,4,0.8169191919191919,spoofing,independent_4_spoofing
41,unrelated_incidents,veh_04-w05,Challenge_D::Pre_train_D_1.csv::404::test,Pre_train_D_1.csv,Challenge_D,veh_04,1,4,0.877104377104377,spoofing,independent_4_spoofing
41,unrelated_incidents,veh_04-w06,Challenge_S::Pre_train_S_2.csv::491::test,Pre_train_S_2.csv,Challenge_S,veh_04,1,4,0.8686868686868687,spoofing,independent_4_spoofing
41,unrelated_incidents,veh_04-w07,Challenge_D::Pre_train_D_1.csv::461::test,Pre_train_D_1.csv,Challenge_D,veh_04,1,4,0.8960437710437711,spoofing,independent_4_spoofing
41,unrelated_incidents,veh_04-w08,Challenge_S::Pre_train_S_1.csv::341::test,Pre_train_S_1.csv,Challenge_S,veh_04,1,4,0.8261784511784511,spoofing,independent_4_spoofing
41,unrelated_incidents,veh_04-w09,Challenge_S::Pre_train_S_1.csv::309::test,Pre_train_S_1.csv,Challenge_S,veh_04,1,4,0.9558080808080808,spoofing,independent_4_spoofing
41,unrelated_incidents,veh_05-w00,OCSLab_Car::normal_run_data.txt::232::test,normal_run_data.txt,OCSLab_Car,veh_05,0,-1,0.9861956963053188,attack_free,benign_fp
41,unrelated_incidents,veh_05-w01,OCSLab_Car::normal_run_data.txt::72::test,normal_run_data.txt,OCSLab_Car,veh_05,0,-1,0.7101096224116931,attack_free,benign_fp
41,unrelated_incidents,veh_05-w02,Challenge_D::Pre_train_D_0.csv::63::test,Pre_train_D_0.csv,Challenge_D,veh_05,0,-1,0.86489898989899,attack_free,benign_fp
41,unrelated_incidents,veh_05-w03,OCSLab_Car::normal_run_data.txt::528::test,normal_run_data.txt,OCSLab_Car,veh_05,0,-1,0.9244823386114496,attack_free,benign_fp
41,unrelated_incidents,veh_05-w04,OCSLab_Car::normal_run_data.txt::154::test,normal_run_data.txt,OCSLab_Car,veh_05,0,-1,0.9845716605765328,attack_free,benign_fp
41,unrelated_incidents,veh_05-w05,Challenge_S::Pre_train_S_2.csv::18::test,Pre_train_S_2.csv,Challenge_S,veh_05,0,-1,0.9915824915824916,attack_free,benign_fp
41,unrelated_incidents,veh_05-w06,OCSLab_Car::gear_dataset.csv::511::test,gear_dataset.csv,OCSLab_Car,veh_05,0,-1,0.680470970361348,attack_free,benign_fp
41,unrelated_incidents,veh_05-w07,OCSLab_Car::normal_run_data.txt::241::test,normal_run_data.txt,OCSLab_Car,veh_05,0,-1,0.9837596427121396,attack_free,benign_fp
41,unrelated_incidents,veh_05-w08,Challenge_D::Pre_train_D_0.csv::265::test,Pre_train_D_0.csv,Challenge_D,veh_05,0,-1,0.8211279461279462,attack_free,benign_fp
41,unrelated_incidents,veh_05-w09,OCSLab_Car::gear_dataset.csv::527::test,gear_dataset.csv,OCSLab_Car,veh_05,0,-1,0.6138855054811205,attack_free,benign_fp
41,unrelated_incidents,veh_06-w00,OCSLab_Car::gear_dataset.csv::743::test,gear_dataset.csv,OCSLab_Car,veh_06,0,-1,0.9342265529841656,attack_free,benign_fp
41,unrelated_incidents,veh_06-w01,OCSLab_Car::normal_run_data.txt::81::test,normal_run_data.txt,OCSLab_Car,veh_06,0,-1,0.7263499796995534,attack_free,benign_fp
41,unrelated_incidents,veh_06-w02,Challenge_D::Pre_train_D_0.csv::141::test,Pre_train_D_0.csv,Challenge_D,veh_06,0,-1,0.7668350168350169,attack_free,benign_fp
41,unrelated_incidents,veh_06-w03,Challenge_D::Pre_train_D_0.csv::118::test,Pre_train_D_0.csv,Challenge_D,veh_06,0,-1,0.6620370370370371,attack_free,benign_fp
41,unrelated_incidents,veh_06-w04,OCSLab_Car::normal_run_data.txt::35::test,normal_run_data.txt,OCSLab_Car,veh_06,0,-1,0.8302882663418595,attack_free,benign_fp
41,unrelated_incidents,veh_06-w05,Challenge_S::Pre_train_S_1.csv::759::test,Pre_train_S_1.csv,Challenge_S,veh_06,0,-1,0.8766835016835017,attack_free,benign_fp
41,unrelated_incidents,veh_06-w06,OCSLab_Car::normal_run_data.txt::631::test,normal_run_data.txt,OCSLab_Car,veh_06,0,-1,0.9277304100690216,attack_free,benign_fp
41,unrelated_incidents,veh_06-w07,OCSLab_Car::normal_run_data.txt::566::test,normal_run_data.txt,OCSLab_Car,veh_06,0,-1,0.955339017458384,attack_free,benign_fp
41,unrelated_incidents,veh_06-w08,OCSLab_Car::normal_run_data.txt::339::test,normal_run_data.txt,OCSLab_Car,veh_06,0,-1,0.976857490864799,attack_free,benign_fp
41,unrelated_incidents,veh_06-w09,Challenge_D::Pre_train_D_2.csv::589::test,Pre_train_D_2.csv,Challenge_D,veh_06,0,-1,0.7584175084175084,attack_free,benign_fp
41,unrelated_incidents,veh_07-w00,OCSLab_Car::gear_dataset.csv::555::test,gear_dataset.csv,OCSLab_Car,veh_07,0,-1,0.6934632561916362,attack_free,benign_fp
41,unrelated_incidents,veh_07-w01,Challenge_S::Pre_train_S_0.csv::67::test,Pre_train_S_0.csv,Challenge_S,veh_07,0,-1,0.5606060606060606,attack_free,benign_fp
41,unrelated_incidents,veh_07-w02,OCSLab_Car::gear_dataset.csv::82::test,gear_dataset.csv,OCSLab_Car,veh_07,0,-1,0.5513601299228583,attack_free,benign_fp
41,unrelated_incidents,veh_07-w03,Challenge_S::Pre_train_S_1.csv::21::test,Pre_train_S_1.csv,Challenge_S,veh_07,0,-1,0.9326599326599326,attack_free,benign_fp
41,unrelated_incidents,veh_07-w04,Challenge_D::Pre_train_D_0.csv::223::test,Pre_train_D_0.csv,Challenge_D,veh_07,0,-1,0.7327441077441077,attack_free,benign_fp
41,unrelated_incidents,veh_07-w05,Challenge_D::Pre_train_D_2.csv::300::test,Pre_train_D_2.csv,Challenge_D,veh_07,0,-1,0.9949494949494948,attack_free,benign_fp
41,unrelated_incidents,veh_07-w06,OCSLab_Car::normal_run_data.txt::229::test,normal_run_data.txt,OCSLab_Car,veh_07,0,-1,0.9370686155095412,attack_free,benign_fp
41,unrelated_incidents,veh_07-w07,OCSLab_Car::normal_run_data.txt::384::test,normal_run_data.txt,OCSLab_Car,veh_07,0,-1,0.9508729192042225,attack_free,benign_fp
41,unrelated_incidents,veh_07-w08,OCSLab_Car::normal_run_data.txt::423::test,normal_run_data.txt,OCSLab_Car,veh_07,0,-1,0.785221274868047,attack_free,benign_fp
41,unrelated_incidents,veh_07-w09,Challenge_S::Pre_train_S_2.csv::606::test,Pre_train_S_2.csv,Challenge_S,veh_07,0,-1,0.8775252525252525,attack_free,benign_fp
41,unrelated_incidents,veh_08-w00,OCSLab_Car::normal_run_data.txt::250::test,normal_run_data.txt,OCSLab_Car,veh_08,0,-1,0.9618351603735282,attack_free,benign_fp
41,unrelated_incidents,veh_08-w01,OCSLab_Car::normal_run_data.txt::719::test,normal_run_data.txt,OCSLab_Car,veh_08,0,-1,0.833130328867235,attack_free,benign_fp
41,unrelated_incidents,veh_08-w02,OCSLab_Car::normal_run_data.txt::589::test,normal_run_data.txt,OCSLab_Car,veh_08,0,-1,0.9309784815265936,attack_free,benign_fp
41,unrelated_incidents,veh_08-w03,Challenge_S::Pre_train_S_1.csv::16::test,Pre_train_S_1.csv,Challenge_S,veh_08,0,-1,0.8640572390572391,attack_free,benign_fp
41,unrelated_incidents,veh_08-w04,OCSLab_Car::Fuzzy_dataset.csv::562::test,Fuzzy_dataset.csv,OCSLab_Car,veh_08,0,-1,0.5923670320747056,attack_free,benign_fp
41,unrelated_incidents,veh_08-w05,Challenge_D::Pre_train_D_0.csv::166::test,Pre_train_D_0.csv,Challenge_D,veh_08,0,-1,0.835016835016835,attack_free,benign_fp
41,unrelated_incidents,veh_08-w06,Challenge_S::Pre_train_S_1.csv::723::test,Pre_train_S_1.csv,Challenge_S,veh_08,0,-1,0.9271885521885522,attack_free,benign_fp
41,unrelated_incidents,veh_08-w07,OCSLab_Car::gear_dataset.csv::664::test,gear_dataset.csv,OCSLab_Car,veh_08,0,-1,0.8619569630531871,attack_free,benign_fp
41,unrelated_incidents,veh_08-w08,Challenge_D::Pre_train_D_2.csv::688::test,Pre_train_D_2.csv,Challenge_D,veh_08,0,-1,0.75,attack_free,benign_fp
41,unrelated_incidents,veh_08-w09,OCSLab_Car::normal_run_data.txt::353::test,normal_run_data.txt,OCSLab_Car,veh_08,0,-1,0.9350385708485588,attack_free,benign_fp
41,unrelated_incidents,veh_09-w00,OCSLab_Car::normal_run_data.txt::132::test,normal_run_data.txt,OCSLab_Car,veh_09,0,-1,0.9078359723913926,attack_free,benign_fp
41,unrelated_incidents,veh_09-w01,Challenge_S::Pre_train_S_2.csv::39::test,Pre_train_S_2.csv,Challenge_S,veh_09,0,-1,0.9819023569023568,attack_free,benign_fp
41,unrelated_incidents,veh_09-w02,OCSLab_Car::normal_run_data.txt::705::test,normal_run_data.txt,OCSLab_Car,veh_09,0,-1,0.976857490864799,attack_free,benign_fp
41,unrelated_incidents,veh_09-w03,OCSLab_Car::gear_dataset.csv::529::test,gear_dataset.csv,OCSLab_Car,veh_09,0,-1,0.606171335769387,attack_free,benign_fp
41,unrelated_incidents,veh_09-w04,Challenge_S::Pre_train_S_2.csv::592::test,Pre_train_S_2.csv,Challenge_S,veh_09,0,-1,0.7546296296296297,attack_free,benign_fp
41,unrelated_incidents,veh_09-w05,OCSLab_Car::normal_run_data.txt::161::test,normal_run_data.txt,OCSLab_Car,veh_09,0,-1,0.7015834348355664,attack_free,benign_fp
41,unrelated_incidents,veh_09-w06,OCSLab_Car::normal_run_data.txt::310::test,normal_run_data.txt,OCSLab_Car,veh_09,0,-1,0.949654892407633,attack_free,benign_fp
41,unrelated_incidents,veh_09-w07,OCSLab_Car::normal_run_data.txt::104::test,normal_run_data.txt,OCSLab_Car,veh_09,0,-1,0.9037758830694276,attack_free,benign_fp
41,unrelated_incidents,veh_09-w08,Challenge_S::Pre_train_S_2.csv::662::test,Pre_train_S_2.csv,Challenge_S,veh_09,0,-1,0.7874579124579124,attack_free,benign_fp
41,unrelated_incidents,veh_09-w09,Challenge_S::Pre_train_S_1.csv::771::test,Pre_train_S_1.csv,Challenge_S,veh_09,0,-1,0.8964646464646465,attack_free,benign_fp
41,unrelated_incidents,veh_10-w00,OCSLab_Car::normal_run_data.txt::397::test,normal_run_data.txt,OCSLab_Car,veh_10,0,-1,0.8867235079171741,attack_free,benign_fp
41,unrelated_incidents,veh_10-w01,OCSLab_Car::DoS_dataset.csv::419::test,DoS_dataset.csv,OCSLab_Car,veh_10,0,-1,0.6654486398700772,attack_free,benign_fp
41,unrelated_incidents,veh_10-w02,OCSLab_Car::normal_run_data.txt::625::test,normal_run_data.txt,OCSLab_Car,veh_10,0,-1,0.951278928136419,attack_free,benign_fp
41,unrelated_incidents,veh_10-w03,OCSLab_Car::Fuzzy_dataset.csv::356::test,Fuzzy_dataset.csv,OCSLab_Car,veh_10,0,-1,0.7271619975639464,attack_free,benign_fp
41,unrelated_incidents,veh_10-w04,Challenge_S::Pre_train_S_2.csv::758::test,Pre_train_S_2.csv,Challenge_S,veh_10,0,-1,0.6165824915824916,attack_free,benign_fp
41,unrelated_incidents,veh_10-w05,Challenge_S::Pre_train_S_2.csv::31::test,Pre_train_S_2.csv,Challenge_S,veh_10,0,-1,0.9621212121212122,attack_free,benign_fp
41,unrelated_incidents,veh_10-w06,OCSLab_Car::normal_run_data.txt::261::test,normal_run_data.txt,OCSLab_Car,veh_10,0,-1,0.95696305318717,attack_free,benign_fp
41,unrelated_incidents,veh_10-w07,Challenge_S::Pre_train_S_1.csv::23::test,Pre_train_S_1.csv,Challenge_S,veh_10,0,-1,0.827020202020202,attack_free,benign_fp
41,unrelated_incidents,veh_10-w08,Challenge_S::Pre_train_S_0.csv::179::test,Pre_train_S_0.csv,Challenge_S,veh_10,0,-1,0.8691077441077442,attack_free,benign_fp
41,unrelated_incidents,veh_10-w09,OCSLab_Car::normal_run_data.txt::539::test,normal_run_data.txt,OCSLab_Car,veh_10,0,-1,0.8635809987819733,attack_free,benign_fp
41,unrelated_incidents,veh_11-w00,Challenge_S::Pre_train_S_2.csv::40::test,Pre_train_S_2.csv,Challenge_S,veh_11,0,-1,0.9444444444444444,attack_free,benign_fp
41,unrelated_incidents,veh_11-w01,OCSLab_Car::normal_run_data.txt::85::test,normal_run_data.txt,OCSLab_Car,veh_11,0,-1,0.7466504263093788,attack_free,benign_fp
41,unrelated_incidents,veh_11-w02,OCSLab_Car::Fuzzy_dataset.csv::362::test,Fuzzy_dataset.csv,OCSLab_Car,veh_11,0,-1,0.6159155501421031,attack_free,benign_fp
41,unrelated_incidents,veh_11-w03,OCSLab_Car::normal_run_data.txt::645::test,normal_run_data.txt,OCSLab_Car,veh_11,0,-1,0.6853430775477061,attack_free,benign_fp
41,unrelated_incidents,veh_11-w04,OCSLab_Car::normal_run_data.txt::233::test,normal_run_data.txt,OCSLab_Car,veh_11,0,-1,0.9261063743402356,attack_free,benign_fp
41,unrelated_incidents,veh_11-w05,Challenge_D::Pre_train_D_2.csv::717::test,Pre_train_D_2.csv,Challenge_D,veh_11,0,-1,0.9663299663299664,attack_free,benign_fp
41,unrelated_incidents,veh_11-w06,Challenge_S::Pre_train_S_0.csv::263::test,Pre_train_S_0.csv,Challenge_S,veh_11,0,-1,0.7558922558922558,attack_free,benign_fp
41,unrelated_incidents,veh_11-w07,OCSLab_Car::normal_run_data.txt::771::test,normal_run_data.txt,OCSLab_Car,veh_11,0,-1,0.5943970767356882,attack_free,benign_fp
41,unrelated_incidents,veh_11-w08,OCSLab_Car::normal_run_data.txt::578::test,normal_run_data.txt,OCSLab_Car,veh_11,0,-1,0.9801055623223712,attack_free,benign_fp
41,unrelated_incidents,veh_11-w09,OCSLab_Car::RPM_dataset.csv::523::test,RPM_dataset.csv,OCSLab_Car,veh_11,0,-1,0.6090133982947625,attack_free,benign_fp
41,unrelated_incidents,veh_12-w00,OCSLab_Car::normal_run_data.txt::765::test,normal_run_data.txt,OCSLab_Car,veh_12,0,-1,0.9326025172553796,attack_free,benign_fp
41,unrelated_incidents,veh_12-w01,Challenge_S::Pre_train_S_1.csv::758::test,Pre_train_S_1.csv,Challenge_S,veh_12,0,-1,0.9776936026936028,attack_free,benign_fp
41,unrelated_incidents,veh_12-w02,Challenge_S::Pre_train_S_0.csv::88::test,Pre_train_S_0.csv,Challenge_S,veh_12,0,-1,0.7731481481481481,attack_free,benign_fp
41,unrelated_incidents,veh_12-w03,OCSLab_Car::normal_run_data.txt::411::test,normal_run_data.txt,OCSLab_Car,veh_12,0,-1,0.9516849370686156,attack_free,benign_fp
41,unrelated_incidents,veh_12-w04,Challenge_S::Pre_train_S_2.csv::34::test,Pre_train_S_2.csv,Challenge_S,veh_12,0,-1,0.5740740740740741,attack_free,benign_fp
41,unrelated_incidents,veh_12-w05,Challenge_D::Pre_train_D_0.csv::186::test,Pre_train_D_0.csv,Challenge_D,veh_12,0,-1,0.9785353535353536,attack_free,benign_fp
41,unrelated_incidents,veh_12-w06,OCSLab_Car::normal_run_data.txt::681::test,normal_run_data.txt,OCSLab_Car,veh_12,0,-1,0.6443361753958587,attack_free,benign_fp
41,unrelated_incidents,veh_12-w07,Challenge_D::Pre_train_D_2.csv::306::test,Pre_train_D_2.csv,Challenge_D,veh_12,0,-1,0.7314814814814815,attack_free,benign_fp
41,unrelated_incidents,veh_12-w08,OCSLab_Car::gear_dataset.csv::621::test,gear_dataset.csv,OCSLab_Car,veh_12,0,-1,0.5594803085667884,attack_free,benign_fp
41,unrelated_incidents,veh_12-w09,OCSLab_Car::normal_run_data.txt::121::test,normal_run_data.txt,OCSLab_Car,veh_12,0,-1,0.9598051157125456,attack_free,benign_fp
41,unrelated_incidents,veh_13-w00,OCSLab_Car::normal_run_data.txt::135::test,normal_run_data.txt,OCSLab_Car,veh_13,0,-1,0.9801055623223712,attack_free,benign_fp
41,unrelated_incidents,veh_13-w01,OCSLab_Car::DoS_dataset.csv::543::test,DoS_dataset.csv,OCSLab_Car,veh_13,0,-1,0.8380024360535931,attack_free,benign_fp
41,unrelated_incidents,veh_13-w02,OCSLab_Car::Fuzzy_dataset.csv::458::test,Fuzzy_dataset.csv,OCSLab_Car,veh_13,0,-1,0.6195696305318718,attack_free,benign_fp
41,unrelated_incidents,veh_13-w03,OCSLab_Car::normal_run_data.txt::401::test,normal_run_data.txt,OCSLab_Car,veh_13,0,-1,0.9261063743402356,attack_free,benign_fp
41,unrelated_incidents,veh_13-w04,OCSLab_Car::normal_run_data.txt::166::test,normal_run_data.txt,OCSLab_Car,veh_13,0,-1,0.8936256597645148,attack_free,benign_fp
41,unrelated_incidents,veh_13-w05,OCSLab_Car::normal_run_data.txt::429::test,normal_run_data.txt,OCSLab_Car,veh_13,0,-1,0.9801055623223712,attack_free,benign_fp
41,unrelated_incidents,veh_13-w06,Challenge_S::Pre_train_S_1.csv::545::test,Pre_train_S_1.csv,Challenge_S,veh_13,0,-1,0.5707070707070707,attack_free,benign_fp
41,unrelated_incidents,veh_13-w07,Challenge_S::Pre_train_S_0.csv::93::test,Pre_train_S_0.csv,Challenge_S,veh_13,0,-1,0.6868686868686869,attack_free,benign_fp
41,unrelated_incidents,veh_13-w08,Challenge_D::Pre_train_D_2.csv::593::test,Pre_train_D_2.csv,Challenge_D,veh_13,0,-1,0.9612794612794612,attack_free,benign_fp
41,unrelated_incidents,veh_13-w09,OCSLab_Car::normal_run_data.txt::156::test,normal_run_data.txt,OCSLab_Car,veh_13,0,-1,0.9350385708485588,attack_free,benign_fp
41,unrelated_incidents,veh_14-w00,Challenge_D::Pre_train_D_0.csv::182::test,Pre_train_D_0.csv,Challenge_D,veh_14,0,-1,0.8686868686868687,attack_free,benign_fp
41,unrelated_incidents,veh_14-w01,Challenge_D::Pre_train_D_0.csv::194::test,Pre_train_D_0.csv,Challenge_D,veh_14,0,-1,0.8973063973063973,attack_free,benign_fp
41,unrelated_incidents,veh_14-w02,OCSLab_Car::normal_run_data.txt::71::test,normal_run_data.txt,OCSLab_Car,veh_14,0,-1,0.8258221680876979,attack_free,benign_fp
41,unrelated_incidents,veh_14-w03,OCSLab_Car::normal_run_data.txt::465::test,normal_run_data.txt,OCSLab_Car,veh_14,0,-1,0.7742590336987414,attack_free,benign_fp
41,unrelated_incidents,veh_14-w04,OCSLab_Car::normal_run_data.txt::433::test,normal_run_data.txt,OCSLab_Car,veh_14,0,-1,0.949654892407633,attack_free,benign_fp
41,unrelated_incidents,veh_14-w05,OCSLab_Car::normal_run_data.txt::176::test,normal_run_data.txt,OCSLab_Car,veh_14,0,-1,0.926512383272432,attack_free,benign_fp
41,unrelated_incidents,veh_14-w06,OCSLab_Car::RPM_dataset.csv::616::test,RPM_dataset.csv,OCSLab_Car,veh_14,0,-1,0.6760048721071864,attack_free,benign_fp
41,unrelated_incidents,veh_14-w07,OCSLab_Car::normal_run_data.txt::25::test,normal_run_data.txt,OCSLab_Car,veh_14,0,-1,0.9171741778319124,attack_free,benign_fp
41,unrelated_incidents,veh_14-w08,OCSLab_Car::normal_run_data.txt::786::test,normal_run_data.txt,OCSLab_Car,veh_14,0,-1,0.5866829070239545,attack_free,benign_fp
41,unrelated_incidents,veh_14-w09,OCSLab_Car::DoS_dataset.csv::25::test,DoS_dataset.csv,OCSLab_Car,veh_14,0,-1,0.5542021924482339,attack_free,benign_fp
41,unrelated_incidents,veh_15-w00,OCSLab_Car::normal_run_data.txt::143::test,normal_run_data.txt,OCSLab_Car,veh_15,0,-1,0.9618351603735282,attack_free,benign_fp
41,unrelated_incidents,veh_15-w01,OCSLab_Car::gear_dataset.csv::536::test,gear_dataset.csv,OCSLab_Car,veh_15,0,-1,0.6033292732440114,attack_free,benign_fp
41,unrelated_incidents,veh_15-w02,Challenge_D::Pre_train_D_2.csv::587::test,Pre_train_D_2.csv,Challenge_D,veh_15,0,-1,0.991161616161616,attack_free,benign_fp
41,unrelated_incidents,veh_15-w03,OCSLab_Car::normal_run_data.txt::500::test,normal_run_data.txt,OCSLab_Car,veh_15,0,-1,0.8940316686967114,attack_free,benign_fp
41,unrelated_incidents,veh_15-w04,OCSLab_Car::normal_run_data.txt::385::test,normal_run_data.txt,OCSLab_Car,veh_15,0,-1,0.9309784815265936,attack_free,benign_fp
41,unrelated_incidents,veh_15-w05,OCSLab_Car::normal_run_data.txt::76::test,normal_run_data.txt,OCSLab_Car,veh_15,0,-1,0.7665448639870077,attack_free,benign_fp
41,unrelated_incidents,veh_15-w06,OCSLab_Car::normal_run_data.txt::162::test,normal_run_data.txt,OCSLab_Car,veh_15,0,-1,0.8201380430369468,attack_free,benign_fp
41,unrelated_incidents,veh_15-w07,Challenge_S::Pre_train_S_2.csv::631::test,Pre_train_S_2.csv,Challenge_S,veh_15,0,-1,0.997895622895623,attack_free,benign_fp
41,unrelated_incidents,veh_15-w08,OCSLab_Car::gear_dataset.csv::642::test,gear_dataset.csv,OCSLab_Car,veh_15,0,-1,0.9407226958993098,attack_free,benign_fp
41,unrelated_incidents,veh_15-w09,Challenge_D::Pre_train_D_2.csv::657::test,Pre_train_D_2.csv,Challenge_D,veh_15,0,-1,0.6119528619528619,attack_free,benign_fp
41,unrelated_incidents,veh_16-w00,Challenge_D::Pre_train_D_0.csv::110::test,Pre_train_D_0.csv,Challenge_D,veh_16,0,-1,0.9313973063973064,attack_free,benign_fp
41,unrelated_incidents,veh_16-w01,OCSLab_Car::gear_dataset.csv::602::test,gear_dataset.csv,OCSLab_Car,veh_16,0,-1,0.7498984977669508,attack_free,benign_fp
41,unrelated_incidents,veh_16-w02,OCSLab_Car::normal_run_data.txt::586::test,normal_run_data.txt,OCSLab_Car,veh_16,0,-1,0.9078359723913926,attack_free,benign_fp
41,unrelated_incidents,veh_16-w03,Challenge_D::Pre_train_D_2.csv::8::test,Pre_train_D_2.csv,Challenge_D,veh_16,0,-1,0.7138047138047138,attack_free,benign_fp
41,unrelated_incidents,veh_16-w04,OCSLab_Car::normal_run_data.txt::669::test,normal_run_data.txt,OCSLab_Car,veh_16,0,-1,0.7202598457166057,attack_free,benign_fp
41,unrelated_incidents,veh_16-w05,Challenge_D::Pre_train_D_0.csv::53::test,Pre_train_D_0.csv,Challenge_D,veh_16,0,-1,0.8514309764309764,attack_free,benign_fp
41,unrelated_incidents,veh_16-w06,Challenge_D::Pre_train_D_0.csv::21::test,Pre_train_D_0.csv,Challenge_D,veh_16,0,-1,0.8329124579124579,attack_free,benign_fp
41,unrelated_incidents,veh_16-w07,OCSLab_Car::DoS_dataset.csv::40::test,DoS_dataset.csv,OCSLab_Car,veh_16,0,-1,0.5866829070239545,attack_free,benign_fp
41,unrelated_incidents,veh_16-w08,OCSLab_Car::normal_run_data.txt::117::test,normal_run_data.txt,OCSLab_Car,veh_16,0,-1,0.9480308566788468,attack_free,benign_fp
41,unrelated_incidents,veh_16-w09,OCSLab_Car::normal_run_data.txt::355::test,normal_run_data.txt,OCSLab_Car,veh_16,0,-1,0.9549330085261876,attack_free,benign_fp
41,unrelated_incidents,veh_17-w00,OCSLab_Car::normal_run_data.txt::144::test,normal_run_data.txt,OCSLab_Car,veh_17,0,-1,0.7653268371904182,attack_free,benign_fp
41,unrelated_incidents,veh_17-w01,OCSLab_Car::gear_dataset.csv::648::test,gear_dataset.csv,OCSLab_Car,veh_17,0,-1,0.6585464880227365,attack_free,benign_fp
41,unrelated_incidents,veh_17-w02,Challenge_D::Pre_train_D_2.csv::25::test,Pre_train_D_2.csv,Challenge_D,veh_17,0,-1,0.8682659932659933,attack_free,benign_fp
41,unrelated_incidents,veh_17-w03,Challenge_D::Pre_train_D_1.csv::36::test,Pre_train_D_1.csv,Challenge_D,veh_17,0,-1,0.803030303030303,attack_free,benign_fp
41,unrelated_incidents,veh_17-w04,OCSLab_Car::normal_run_data.txt::16::test,normal_run_data.txt,OCSLab_Car,veh_17,0,-1,0.805115712545676,attack_free,benign_fp
41,unrelated_incidents,veh_17-w05,OCSLab_Car::DoS_dataset.csv::18::test,DoS_dataset.csv,OCSLab_Car,veh_17,0,-1,0.6146975233455136,attack_free,benign_fp
41,unrelated_incidents,veh_17-w06,OCSLab_Car::normal_run_data.txt::313::test,normal_run_data.txt,OCSLab_Car,veh_17,0,-1,0.976045473000406,attack_free,benign_fp
41,unrelated_incidents,veh_17-w07,OCSLab_Car::normal_run_data.txt::671::test,normal_run_data.txt,OCSLab_Car,veh_17,0,-1,0.7218838814453918,attack_free,benign_fp
41,unrelated_incidents,veh_17-w08,Challenge_S::Pre_train_S_2.csv::644::test,Pre_train_S_2.csv,Challenge_S,veh_17,0,-1,0.9844276094276094,attack_free,benign_fp
41,unrelated_incidents,veh_17-w09,Challenge_D::Pre_train_D_2.csv::719::test,Pre_train_D_2.csv,Challenge_D,veh_17,0,-1,0.9090909090909092,attack_free,benign_fp
41,unrelated_incidents,veh_18-w00,OCSLab_Car::normal_run_data.txt::527::test,normal_run_data.txt,OCSLab_Car,veh_18,0,-1,0.8566788469346326,attack_free,benign_fp
41,unrelated_incidents,veh_18-w01,Challenge_D::Pre_train_D_2.csv::29::test,Pre_train_D_2.csv,Challenge_D,veh_18,0,-1,0.9562289562289562,attack_free,benign_fp
41,unrelated_incidents,veh_18-w02,Challenge_S::Pre_train_S_0.csv::206::test,Pre_train_S_0.csv,Challenge_S,veh_18,0,-1,0.914983164983165,attack_free,benign_fp
41,unrelated_incidents,veh_18-w03,OCSLab_Car::DoS_dataset.csv::360::test,DoS_dataset.csv,OCSLab_Car,veh_18,0,-1,0.93138449045879,attack_free,benign_fp
41,unrelated_incidents,veh_18-w04,OCSLab_Car::normal_run_data.txt::664::test,normal_run_data.txt,OCSLab_Car,veh_18,0,-1,0.7555826228177019,attack_free,benign_fp
41,unrelated_incidents,veh_18-w05,OCSLab_Car::normal_run_data.txt::540::test,normal_run_data.txt,OCSLab_Car,veh_18,0,-1,0.8899715793747462,attack_free,benign_fp
41,unrelated_incidents,veh_18-w06,OCSLab_Car::normal_run_data.txt::372::test,normal_run_data.txt,OCSLab_Car,veh_18,0,-1,0.7637028014616322,attack_free,benign_fp
41,unrelated_incidents,veh_18-w07,Challenge_S::Pre_train_S_0.csv::264::test,Pre_train_S_0.csv,Challenge_S,veh_18,0,-1,0.6283670033670034,attack_free,benign_fp
41,unrelated_incidents,veh_18-w08,Challenge_S::Pre_train_S_2.csv::626::test,Pre_train_S_2.csv,Challenge_S,veh_18,0,-1,0.7672558922558923,attack_free,benign_fp
41,unrelated_incidents,veh_18-w09,OCSLab_Car::normal_run_data.txt::595::test,normal_run_data.txt,OCSLab_Car,veh_18,0,-1,0.928948436865611,attack_free,benign_fp
41,unrelated_incidents,veh_19-w00,OCSLab_Car::normal_run_data.txt::33::test,normal_run_data.txt,OCSLab_Car,veh_19,0,-1,0.9447827852212748,attack_free,benign_fp
41,unrelated_incidents,veh_19-w01,OCSLab_Car::normal_run_data.txt::302::test,normal_run_data.txt,OCSLab_Car,veh_19,0,-1,0.9821356069833536,attack_free,benign_fp
41,unrelated_incidents,veh_19-w02,OCSLab_Car::gear_dataset.csv::649::test,gear_dataset.csv,OCSLab_Car,veh_19,0,-1,0.6065773447015834,attack_free,benign_fp
41,unrelated_incidents,veh_19-w03,Challenge_S::Pre_train_S_0.csv::82::test,Pre_train_S_0.csv,Challenge_S,veh_19,0,-1,0.5740740740740741,attack_free,benign_fp
41,unrelated_incidents,veh_19-w04,OCSLab_Car::normal_run_data.txt::391::test,normal_run_data.txt,OCSLab_Car,veh_19,0,-1,0.976045473000406,attack_free,benign_fp
41,unrelated_incidents,veh_19-w05,OCSLab_Car::gear_dataset.csv::651::test,gear_dataset.csv,OCSLab_Car,veh_19,0,-1,0.949654892407633,attack_free,benign_fp
41,unrelated_incidents,veh_19-w06,OCSLab_Car::normal_run_data.txt::37::test,normal_run_data.txt,OCSLab_Car,veh_19,0,-1,0.9390986601705238,attack_free,benign_fp
41,unrelated_incidents,veh_19-w07,Challenge_D::Pre_train_D_0.csv::210::test,Pre_train_D_0.csv,Challenge_D,veh_19,0,-1,0.7786195286195287,attack_free,benign_fp
41,unrelated_incidents,veh_19-w08,Challenge_S::Pre_train_S_1.csv::343::test,Pre_train_S_1.csv,Challenge_S,veh_19,0,-1,0.8089225589225589,attack_free,benign_fp
41,unrelated_incidents,veh_19-w09,Challenge_D::Pre_train_D_2.csv::581::test,Pre_train_D_2.csv,Challenge_D,veh_19,0,-1,0.6620370370370371,attack_free,benign_fp
53,strong_campaign,veh_00-w00,OCSLab_Car::RPM_dataset.csv::725::test,RPM_dataset.csv,OCSLab_Car,veh_00,1,0,1.0,malfunction_rpm,malfunction_rpm
53,strong_campaign,veh_00-w01,OCSLab_Car::RPM_dataset.csv::769::test,RPM_dataset.csv,OCSLab_Car,veh_00,1,0,1.0,malfunction_rpm,malfunction_rpm
53,strong_campaign,veh_00-w02,OCSLab_Car::RPM_dataset.csv::381::test,RPM_dataset.csv,OCSLab_Car,veh_00,1,0,1.0,malfunction_rpm,malfunction_rpm
53,strong_campaign,veh_00-w03,OCSLab_Car::RPM_dataset.csv::6::test,RPM_dataset.csv,OCSLab_Car,veh_00,1,0,1.0,malfunction_rpm,malfunction_rpm
53,strong_campaign,veh_00-w04,OCSLab_Car::RPM_dataset.csv::282::test,RPM_dataset.csv,OCSLab_Car,veh_00,1,0,1.0,malfunction_rpm,malfunction_rpm
53,strong_campaign,veh_00-w05,OCSLab_Car::RPM_dataset.csv::730::test,RPM_dataset.csv,OCSLab_Car,veh_00,1,0,1.0,malfunction_rpm,malfunction_rpm
53,strong_campaign,veh_00-w06,OCSLab_Car::RPM_dataset.csv::19::test,RPM_dataset.csv,OCSLab_Car,veh_00,1,0,1.0,malfunction_rpm,malfunction_rpm
53,strong_campaign,veh_00-w07,OCSLab_Car::RPM_dataset.csv::720::test,RPM_dataset.csv,OCSLab_Car,veh_00,1,0,1.0,malfunction_rpm,malfunction_rpm
53,strong_campaign,veh_00-w08,OCSLab_Car::RPM_dataset.csv::466::test,RPM_dataset.csv,OCSLab_Car,veh_00,1,0,0.9995939910678034,malfunction_rpm,malfunction_rpm
53,strong_campaign,veh_00-w09,OCSLab_Car::RPM_dataset.csv::390::test,RPM_dataset.csv,OCSLab_Car,veh_00,1,0,1.0,malfunction_rpm,malfunction_rpm
53,strong_campaign,veh_01-w00,OCSLab_Car::RPM_dataset.csv::218::test,RPM_dataset.csv,OCSLab_Car,veh_01,1,0,1.0,malfunction_rpm,malfunction_rpm
53,strong_campaign,veh_01-w01,OCSLab_Car::RPM_dataset.csv::238::test,RPM_dataset.csv,OCSLab_Car,veh_01,1,0,1.0,malfunction_rpm,malfunction_rpm
53,strong_campaign,veh_01-w02,OCSLab_Car::RPM_dataset.csv::375::test,RPM_dataset.csv,OCSLab_Car,veh_01,1,0,1.0,malfunction_rpm,malfunction_rpm
53,strong_campaign,veh_01-w03,OCSLab_Car::RPM_dataset.csv::742::test,RPM_dataset.csv,OCSLab_Car,veh_01,1,0,1.0,malfunction_rpm,malfunction_rpm
53,strong_campaign,veh_01-w04,OCSLab_Car::RPM_dataset.csv::602::test,RPM_dataset.csv,OCSLab_Car,veh_01,1,0,1.0,malfunction_rpm,malfunction_rpm
53,strong_campaign,veh_01-w05,OCSLab_Car::RPM_dataset.csv::400::test,RPM_dataset.csv,OCSLab_Car,veh_01,1,0,1.0,malfunction_rpm,malfunction_rpm
53,strong_campaign,veh_01-w06,OCSLab_Car::RPM_dataset.csv::63::test,RPM_dataset.csv,OCSLab_Car,veh_01,1,0,1.0,malfunction_rpm,malfunction_rpm
53,strong_campaign,veh_01-w07,OCSLab_Car::RPM_dataset.csv::30::test,RPM_dataset.csv,OCSLab_Car,veh_01,1,0,1.0,malfunction_rpm,malfunction_rpm
53,strong_campaign,veh_01-w08,OCSLab_Car::RPM_dataset.csv::248::test,RPM_dataset.csv,OCSLab_Car,veh_01,1,0,1.0,malfunction_rpm,malfunction_rpm
53,strong_campaign,veh_01-w09,OCSLab_Car::RPM_dataset.csv::427::test,RPM_dataset.csv,OCSLab_Car,veh_01,1,0,1.0,malfunction_rpm,malfunction_rpm
53,strong_campaign,veh_02-w00,OCSLab_Car::RPM_dataset.csv::227::test,RPM_dataset.csv,OCSLab_Car,veh_02,1,0,1.0,malfunction_rpm,malfunction_rpm
53,strong_campaign,veh_02-w01,OCSLab_Car::RPM_dataset.csv::453::test,RPM_dataset.csv,OCSLab_Car,veh_02,1,0,1.0,malfunction_rpm,malfunction_rpm
53,strong_campaign,veh_02-w02,OCSLab_Car::RPM_dataset.csv::50::test,RPM_dataset.csv,OCSLab_Car,veh_02,1,0,1.0,malfunction_rpm,malfunction_rpm
53,strong_campaign,veh_02-w03,OCSLab_Car::RPM_dataset.csv::287::test,RPM_dataset.csv,OCSLab_Car,veh_02,1,0,1.0,malfunction_rpm,malfunction_rpm
53,strong_campaign,veh_02-w04,OCSLab_Car::RPM_dataset.csv::422::test,RPM_dataset.csv,OCSLab_Car,veh_02,1,0,1.0,malfunction_rpm,malfunction_rpm
53,strong_campaign,veh_02-w05,OCSLab_Car::RPM_dataset.csv::216::test,RPM_dataset.csv,OCSLab_Car,veh_02,1,0,1.0,malfunction_rpm,malfunction_rpm
53,strong_campaign,veh_02-w06,OCSLab_Car::RPM_dataset.csv::768::test,RPM_dataset.csv,OCSLab_Car,veh_02,1,0,1.0,malfunction_rpm,malfunction_rpm
53,strong_campaign,veh_02-w07,OCSLab_Car::RPM_dataset.csv::242::test,RPM_dataset.csv,OCSLab_Car,veh_02,1,0,1.0,malfunction_rpm,malfunction_rpm
53,strong_campaign,veh_02-w08,OCSLab_Car::RPM_dataset.csv::244::test,RPM_dataset.csv,OCSLab_Car,veh_02,1,0,1.0,malfunction_rpm,malfunction_rpm
53,strong_campaign,veh_02-w09,OCSLab_Car::RPM_dataset.csv::355::test,RPM_dataset.csv,OCSLab_Car,veh_02,1,0,1.0,malfunction_rpm,malfunction_rpm
53,strong_campaign,veh_03-w00,OCSLab_Car::RPM_dataset.csv::457::test,RPM_dataset.csv,OCSLab_Car,veh_03,1,0,1.0,malfunction_rpm,malfunction_rpm
53,strong_campaign,veh_03-w01,OCSLab_Car::RPM_dataset.csv::201::test,RPM_dataset.csv,OCSLab_Car,veh_03,1,0,1.0,malfunction_rpm,malfunction_rpm
53,strong_campaign,veh_03-w02,OCSLab_Car::RPM_dataset.csv::31::test,RPM_dataset.csv,OCSLab_Car,veh_03,1,0,1.0,malfunction_rpm,malfunction_rpm
53,strong_campaign,veh_03-w03,OCSLab_Car::RPM_dataset.csv::443::test,RPM_dataset.csv,OCSLab_Car,veh_03,1,0,1.0,malfunction_rpm,malfunction_rpm
53,strong_campaign,veh_03-w04,OCSLab_Car::RPM_dataset.csv::460::test,RPM_dataset.csv,OCSLab_Car,veh_03,1,0,1.0,malfunction_rpm,malfunction_rpm
53,strong_campaign,veh_03-w05,OCSLab_Car::RPM_dataset.csv::288::test,RPM_dataset.csv,OCSLab_Car,veh_03,1,0,1.0,malfunction_rpm,malfunction_rpm
53,strong_campaign,veh_03-w06,OCSLab_Car::RPM_dataset.csv::477::test,RPM_dataset.csv,OCSLab_Car,veh_03,1,0,1.0,malfunction_rpm,malfunction_rpm
53,strong_campaign,veh_03-w07,OCSLab_Car::RPM_dataset.csv::780::test,RPM_dataset.csv,OCSLab_Car,veh_03,1,0,1.0,malfunction_rpm,malfunction_rpm
53,strong_campaign,veh_03-w08,OCSLab_Car::RPM_dataset.csv::208::test,RPM_dataset.csv,OCSLab_Car,veh_03,1,0,1.0,malfunction_rpm,malfunction_rpm
53,strong_campaign,veh_03-w09,OCSLab_Car::RPM_dataset.csv::46::test,RPM_dataset.csv,OCSLab_Car,veh_03,1,0,1.0,malfunction_rpm,malfunction_rpm
53,strong_campaign,veh_04-w00,OCSLab_Car::RPM_dataset.csv::713::test,RPM_dataset.csv,OCSLab_Car,veh_04,1,0,1.0,malfunction_rpm,malfunction_rpm
53,strong_campaign,veh_04-w01,OCSLab_Car::RPM_dataset.csv::436::test,RPM_dataset.csv,OCSLab_Car,veh_04,1,0,1.0,malfunction_rpm,malfunction_rpm
53,strong_campaign,veh_04-w02,OCSLab_Car::RPM_dataset.csv::752::test,RPM_dataset.csv,OCSLab_Car,veh_04,1,0,1.0,malfunction_rpm,malfunction_rpm
53,strong_campaign,veh_04-w03,OCSLab_Car::RPM_dataset.csv::721::test,RPM_dataset.csv,OCSLab_Car,veh_04,1,0,1.0,malfunction_rpm,malfunction_rpm
53,strong_campaign,veh_04-w04,OCSLab_Car::RPM_dataset.csv::749::test,RPM_dataset.csv,OCSLab_Car,veh_04,1,0,1.0,malfunction_rpm,malfunction_rpm
53,strong_campaign,veh_04-w05,OCSLab_Car::RPM_dataset.csv::24::test,RPM_dataset.csv,OCSLab_Car,veh_04,1,0,1.0,malfunction_rpm,malfunction_rpm
53,strong_campaign,veh_04-w06,OCSLab_Car::RPM_dataset.csv::456::test,RPM_dataset.csv,OCSLab_Car,veh_04,1,0,1.0,malfunction_rpm,malfunction_rpm
53,strong_campaign,veh_04-w07,OCSLab_Car::RPM_dataset.csv::29::test,RPM_dataset.csv,OCSLab_Car,veh_04,1,0,1.0,malfunction_rpm,malfunction_rpm
53,strong_campaign,veh_04-w08,OCSLab_Car::RPM_dataset.csv::361::test,RPM_dataset.csv,OCSLab_Car,veh_04,1,0,1.0,malfunction_rpm,malfunction_rpm
53,strong_campaign,veh_04-w09,OCSLab_Car::RPM_dataset.csv::18::test,RPM_dataset.csv,OCSLab_Car,veh_04,1,0,1.0,malfunction_rpm,malfunction_rpm
53,strong_campaign,veh_05-w00,Challenge_D::Pre_train_D_1.csv::73::test,Pre_train_D_1.csv,Challenge_D,veh_05,0,-1,0.6460437710437711,attack_free,benign_fp
53,strong_campaign,veh_05-w01,OCSLab_Car::normal_run_data.txt::694::test,normal_run_data.txt,OCSLab_Car,veh_05,0,-1,0.7182298010556232,attack_free,benign_fp
53,strong_campaign,veh_05-w02,OCSLab_Car::gear_dataset.csv::532::test,gear_dataset.csv,OCSLab_Car,veh_05,0,-1,0.9123020706455542,attack_free,benign_fp
53,strong_campaign,veh_05-w03,OCSLab_Car::normal_run_data.txt::224::test,normal_run_data.txt,OCSLab_Car,veh_05,0,-1,0.9390986601705238,attack_free,benign_fp
53,strong_campaign,veh_05-w04,OCSLab_Car::Fuzzy_dataset.csv::532::test,Fuzzy_dataset.csv,OCSLab_Car,veh_05,0,-1,0.9801055623223712,attack_free,benign_fp
53,strong_campaign,veh_05-w05,OCSLab_Car::normal_run_data.txt::252::test,normal_run_data.txt,OCSLab_Car,veh_05,0,-1,0.9910678034916768,attack_free,benign_fp
53,strong_campaign,veh_05-w06,OCSLab_Car::normal_run_data.txt::209::test,normal_run_data.txt,OCSLab_Car,veh_05,0,-1,0.9650832318311002,attack_free,benign_fp
53,strong_campaign,veh_05-w07,Challenge_S::Pre_train_S_2.csv::637::test,Pre_train_S_2.csv,Challenge_S,veh_05,0,-1,0.9776936026936028,attack_free,benign_fp
53,strong_campaign,veh_05-w08,OCSLab_Car::normal_run_data.txt::368::test,normal_run_data.txt,OCSLab_Car,veh_05,0,-1,0.7023954526999594,attack_free,benign_fp
53,strong_campaign,veh_05-w09,Challenge_D::Pre_train_D_2.csv::583::test,Pre_train_D_2.csv,Challenge_D,veh_05,0,-1,0.7382154882154882,attack_free,benign_fp
53,strong_campaign,veh_06-w00,OCSLab_Car::Fuzzy_dataset.csv::191::test,Fuzzy_dataset.csv,OCSLab_Car,veh_06,0,-1,0.5631343889565571,attack_free,benign_fp
53,strong_campaign,veh_06-w01,OCSLab_Car::normal_run_data.txt::271::test,normal_run_data.txt,OCSLab_Car,veh_06,0,-1,0.9886317498984978,attack_free,benign_fp
53,strong_campaign,veh_06-w02,Challenge_D::Pre_train_D_0.csv::85::test,Pre_train_D_0.csv,Challenge_D,veh_06,0,-1,0.8842592592592593,attack_free,benign_fp
53,strong_campaign,veh_06-w03,Challenge_D::Pre_train_D_1.csv::48::test,Pre_train_D_1.csv,Challenge_D,veh_06,0,-1,0.8947811447811448,attack_free,benign_fp
53,strong_campaign,veh_06-w04,OCSLab_Car::normal_run_data.txt::772::test,normal_run_data.txt,OCSLab_Car,veh_06,0,-1,0.8168899715793747,attack_free,benign_fp
53,strong_campaign,veh_06-w05,OCSLab_Car::gear_dataset.csv::576::test,gear_dataset.csv,OCSLab_Car,veh_06,0,-1,0.586276898091758,attack_free,benign_fp
53,strong_campaign,veh_06-w06,OCSLab_Car::normal_run_data.txt::598::test,normal_run_data.txt,OCSLab_Car,veh_06,0,-1,0.8286642306130735,attack_free,benign_fp
53,strong_campaign,veh_06-w07,OCSLab_Car::normal_run_data.txt::697::test,normal_run_data.txt,OCSLab_Car,veh_06,0,-1,0.8246041412911084,attack_free,benign_fp
53,strong_campaign,veh_06-w08,OCSLab_Car::normal_run_data.txt::251::test,normal_run_data.txt,OCSLab_Car,veh_06,0,-1,0.9663012586276898,attack_free,benign_fp
53,strong_campaign,veh_06-w09,Challenge_D::Pre_train_D_0.csv::198::test,Pre_train_D_0.csv,Challenge_D,veh_06,0,-1,0.7297979797979798,attack_free,benign_fp
53,strong_campaign,veh_07-w00,Challenge_D::Pre_train_D_1.csv::0::test,Pre_train_D_1.csv,Challenge_D,veh_07,0,-1,0.6321548821548821,attack_free,benign_fp
53,strong_campaign,veh_07-w01,Challenge_S::Pre_train_S_2.csv::4::test,Pre_train_S_2.csv,Challenge_S,veh_07,0,-1,0.6435185185185185,attack_free,benign_fp
53,strong_campaign,veh_07-w02,OCSLab_Car::normal_run_data.txt::248::test,normal_run_data.txt,OCSLab_Car,veh_07,0,-1,0.997563946406821,attack_free,benign_fp
53,strong_campaign,veh_07-w03,OCSLab_Car::normal_run_data.txt::125::test,normal_run_data.txt,OCSLab_Car,veh_07,0,-1,0.9066179455948032,attack_free,benign_fp
53,strong_campaign,veh_07-w04,OCSLab_Car::normal_run_data.txt::410::test,normal_run_data.txt,OCSLab_Car,veh_07,0,-1,0.976045473000406,attack_free,benign_fp
53,strong_campaign,veh_07-w05,OCSLab_Car::normal_run_data.txt::237::test,normal_run_data.txt,OCSLab_Car,veh_07,0,-1,0.9390986601705238,attack_free,benign_fp
53,strong_campaign,veh_07-w06,Challenge_S::Pre_train_S_2.csv::615::test,Pre_train_S_2.csv,Challenge_S,veh_07,0,-1,0.7516835016835017,attack_free,benign_fp
53,strong_campaign,veh_07-w07,OCSLab_Car::Fuzzy_dataset.csv::249::test,Fuzzy_dataset.csv,OCSLab_Car,veh_07,0,-1,0.6873731222086886,attack_free,benign_fp
53,strong_campaign,veh_07-w08,Challenge_S::Pre_train_S_0.csv::277::test,Pre_train_S_0.csv,Challenge_S,veh_07,0,-1,0.970959595959596,attack_free,benign_fp
53,strong_campaign,veh_07-w09,OCSLab_Car::Fuzzy_dataset.csv::358::test,Fuzzy_dataset.csv,OCSLab_Car,veh_07,0,-1,0.9663012586276898,attack_free,benign_fp
53,strong_campaign,veh_08-w00,Challenge_S::Pre_train_S_1.csv::575::test,Pre_train_S_1.csv,Challenge_S,veh_08,0,-1,0.7226430976430976,attack_free,benign_fp
53,strong_campaign,veh_08-w01,OCSLab_Car::normal_run_data.txt::558::test,normal_run_data.txt,OCSLab_Car,veh_08,0,-1,0.7332521315468941,attack_free,benign_fp
53,strong_campaign,veh_08-w02,Challenge_S::Pre_train_S_0.csv::111::test,Pre_train_S_0.csv,Challenge_S,veh_08,0,-1,0.5955387205387206,attack_free,benign_fp
53,strong_campaign,veh_08-w03,Challenge_D::Pre_train_D_1.csv::37::test,Pre_train_D_1.csv,Challenge_D,veh_08,0,-1,0.7962962962962963,attack_free,benign_fp
53,strong_campaign,veh_08-w04,Challenge_S::Pre_train_S_2.csv::10::test,Pre_train_S_2.csv,Challenge_S,veh_08,0,-1,0.7836700336700336,attack_free,benign_fp
53,strong_campaign,veh_08-w05,Challenge_S::Pre_train_S_1.csv::787::test,Pre_train_S_1.csv,Challenge_S,veh_08,0,-1,0.6797138047138047,attack_free,benign_fp
53,strong_campaign,veh_08-w06,Challenge_S::Pre_train_S_0.csv::113::test,Pre_train_S_0.csv,Challenge_S,veh_08,0,-1,0.7474747474747475,attack_free,benign_fp
53,strong_campaign,veh_08-w07,OCSLab_Car::normal_run_data.txt::461::test,normal_run_data.txt,OCSLab_Car,veh_08,0,-1,0.7202598457166057,attack_free,benign_fp
53,strong_campaign,veh_08-w08,OCSLab_Car::normal_run_data.txt::127::test,normal_run_data.txt,OCSLab_Car,veh_08,0,-1,0.853024766544864,attack_free,benign_fp
53,strong_campaign,veh_08-w09,OCSLab_Car::Fuzzy_dataset.csv::357::test,Fuzzy_dataset.csv,OCSLab_Car,veh_08,0,-1,0.9910678034916768,attack_free,benign_fp
53,strong_campaign,veh_09-w00,OCSLab_Car::DoS_dataset.csv::554::test,DoS_dataset.csv,OCSLab_Car,veh_09,0,-1,0.5777507105156313,attack_free,benign_fp
53,strong_campaign,veh_09-w01,OCSLab_Car::Fuzzy_dataset.csv::458::test,Fuzzy_dataset.csv,OCSLab_Car,veh_09,0,-1,0.6195696305318718,attack_free,benign_fp
53,strong_campaign,veh_09-w02,Challenge_D::Pre_train_D_2.csv::42::test,Pre_train_D_2.csv,Challenge_D,veh_09,0,-1,0.8682659932659933,attack_free,benign_fp
53,strong_campaign,veh_09-w03,OCSLab_Car::RPM_dataset.csv::170::test,RPM_dataset.csv,OCSLab_Car,veh_09,0,-1,0.5980511571254568,attack_free,benign_fp
53,strong_campaign,veh_09-w04,OCSLab_Car::normal_run_data.txt::543::test,normal_run_data.txt,OCSLab_Car,veh_09,0,-1,0.8635809987819733,attack_free,benign_fp
53,strong_campaign,veh_09-w05,OCSLab_Car::normal_run_data.txt::313::test,normal_run_data.txt,OCSLab_Car,veh_09,0,-1,0.976045473000406,attack_free,benign_fp
53,strong_campaign,veh_09-w06,Challenge_S::Pre_train_S_0.csv::78::test,Pre_train_S_0.csv,Challenge_S,veh_09,0,-1,0.8863636363636364,attack_free,benign_fp
53,strong_campaign,veh_09-w07,OCSLab_Car::normal_run_data.txt::557::test,normal_run_data.txt,OCSLab_Car,veh_09,0,-1,0.95696305318717,attack_free,benign_fp
53,strong_campaign,veh_09-w08,Challenge_S::Pre_train_S_2.csv::774::test,Pre_train_S_2.csv,Challenge_S,veh_09,0,-1,0.7815656565656566,attack_free,benign_fp
53,strong_campaign,veh_09-w09,OCSLab_Car::normal_run_data.txt::645::test,normal_run_data.txt,OCSLab_Car,veh_09,0,-1,0.6853430775477061,attack_free,benign_fp
53,strong_campaign,veh_10-w00,OCSLab_Car::gear_dataset.csv::159::test,gear_dataset.csv,OCSLab_Car,veh_10,0,-1,0.5866829070239545,attack_free,benign_fp
53,strong_campaign,veh_10-w01,Challenge_S::Pre_train_S_1.csv::729::test,Pre_train_S_1.csv,Challenge_S,veh_10,0,-1,0.933080808080808,attack_free,benign_fp
53,strong_campaign,veh_10-w02,Challenge_S::Pre_train_S_2.csv::620::test,Pre_train_S_2.csv,Challenge_S,veh_10,0,-1,0.9553872053872052,attack_free,benign_fp
53,strong_campaign,veh_10-w03,OCSLab_Car::normal_run_data.txt::700::test,normal_run_data.txt,OCSLab_Car,veh_10,0,-1,0.9326025172553796,attack_free,benign_fp
53,strong_campaign,veh_10-w04,Challenge_D::Pre_train_D_1.csv::57::test,Pre_train_D_1.csv,Challenge_D,veh_10,0,-1,0.5820707070707071,attack_free,benign_fp
53,strong_campaign,veh_10-w05,Challenge_S::Pre_train_S_1.csv::1::test,Pre_train_S_1.csv,Challenge_S,veh_10,0,-1,0.8459595959595959,attack_free,benign_fp
53,strong_campaign,veh_10-w06,Challenge_S::Pre_train_S_2.csv::643::test,Pre_train_S_2.csv,Challenge_S,veh_10,0,-1,0.917087542087542,attack_free,benign_fp
53,strong_campaign,veh_10-w07,OCSLab_Car::normal_run_data.txt::491::test,normal_run_data.txt,OCSLab_Car,veh_10,0,-1,0.6544863987007714,attack_free,benign_fp
53,strong_campaign,veh_10-w08,OCSLab_Car::gear_dataset.csv::161::test,gear_dataset.csv,OCSLab_Car,veh_10,0,-1,0.5797807551766139,attack_free,benign_fp
53,strong_campaign,veh_10-w09,OCSLab_Car::normal_run_data.txt::29::test,normal_run_data.txt,OCSLab_Car,veh_10,0,-1,0.9468128298822576,attack_free,benign_fp
53,strong_campaign,veh_11-w00,Challenge_S::Pre_train_S_1.csv::776::test,Pre_train_S_1.csv,Challenge_S,veh_11,0,-1,0.9398148148148148,attack_free,benign_fp
53,strong_campaign,veh_11-w01,Challenge_D::Pre_train_D_0.csv::97::test,Pre_train_D_0.csv,Challenge_D,veh_11,0,-1,0.622895622895623,attack_free,benign_fp
53,strong_campaign,veh_11-w02,Challenge_S::Pre_train_S_2.csv::36::test,Pre_train_S_2.csv,Challenge_S,veh_11,0,-1,0.9217171717171716,attack_free,benign_fp
53,strong_campaign,veh_11-w03,Challenge_S::Pre_train_S_0.csv::19::test,Pre_train_S_0.csv,Challenge_S,veh_11,0,-1,0.9221380471380471,attack_free,benign_fp
53,strong_campaign,veh_11-w04,Challenge_S::Pre_train_S_2.csv::626::test,Pre_train_S_2.csv,Challenge_S,veh_11,0,-1,0.7672558922558923,attack_free,benign_fp
53,strong_campaign,veh_11-w05,Challenge_D::Pre_train_D_1.csv::39::test,Pre_train_D_1.csv,Challenge_D,veh_11,0,-1,0.9044612794612794,attack_free,benign_fp
53,strong_campaign,veh_11-w06,Challenge_D::Pre_train_D_2.csv::83::test,Pre_train_D_2.csv,Challenge_D,veh_11,0,-1,0.5614478114478114,attack_free,benign_fp
53,strong_campaign,veh_11-w07,OCSLab_Car::gear_dataset.csv::743::test,gear_dataset.csv,OCSLab_Car,veh_11,0,-1,0.9342265529841656,attack_free,benign_fp
53,strong_campaign,veh_11-w08,OCSLab_Car::gear_dataset.csv::553::test,gear_dataset.csv,OCSLab_Car,veh_11,0,-1,0.731628095818108,attack_free,benign_fp
53,strong_campaign,veh_11-w09,Challenge_S::Pre_train_S_1.csv::584::test,Pre_train_S_1.csv,Challenge_S,veh_11,0,-1,0.7403198653198653,attack_free,benign_fp
53,strong_campaign,veh_12-w00,OCSLab_Car::DoS_dataset.csv::419::test,DoS_dataset.csv,OCSLab_Car,veh_12,0,-1,0.6654486398700772,attack_free,benign_fp
53,strong_campaign,veh_12-w01,OCSLab_Car::normal_run_data.txt::530::test,normal_run_data.txt,OCSLab_Car,veh_12,0,-1,0.8120178643930166,attack_free,benign_fp
53,strong_campaign,veh_12-w02,Challenge_D::Pre_train_D_0.csv::226::test,Pre_train_D_0.csv,Challenge_D,veh_12,0,-1,0.8745791245791246,attack_free,benign_fp
53,strong_campaign,veh_12-w03,Challenge_D::Pre_train_D_1.csv::527::test,Pre_train_D_1.csv,Challenge_D,veh_12,0,-1,0.7314814814814815,attack_free,benign_fp
53,strong_campaign,veh_12-w04,OCSLab_Car::normal_run_data.txt::787::test,normal_run_data.txt,OCSLab_Car,veh_12,0,-1,0.7795371498172959,attack_free,benign_fp
53,strong_campaign,veh_12-w05,OCSLab_Car::Fuzzy_dataset.csv::568::test,Fuzzy_dataset.csv,OCSLab_Car,veh_12,0,-1,0.6954933008526187,attack_free,benign_fp
53,strong_campaign,veh_12-w06,OCSLab_Car::RPM_dataset.csv::113::test,RPM_dataset.csv,OCSLab_Car,veh_12,0,-1,0.5740966301258628,attack_free,benign_fp
53,strong_campaign,veh_12-w07,OCSLab_Car::normal_run_data.txt::556::test,normal_run_data.txt,OCSLab_Car,veh_12,0,-1,0.9321965083231832,attack_free,benign_fp
53,strong_campaign,veh_12-w08,Challenge_S::Pre_train_S_2.csv::600::test,Pre_train_S_2.csv,Challenge_S,veh_12,0,-1,0.8379629629629629,attack_free,benign_fp
53,strong_campaign,veh_12-w09,Challenge_S::Pre_train_S_2.csv::627::test,Pre_train_S_2.csv,Challenge_S,veh_12,0,-1,0.8518518518518519,attack_free,benign_fp
53,strong_campaign,veh_13-w00,Challenge_D::Pre_train_D_2.csv::721::test,Pre_train_D_2.csv,Challenge_D,veh_13,0,-1,0.6553030303030303,attack_free,benign_fp
53,strong_campaign,veh_13-w01,Challenge_D::Pre_train_D_0.csv::177::test,Pre_train_D_0.csv,Challenge_D,veh_13,0,-1,0.8935185185185185,attack_free,benign_fp
53,strong_campaign,veh_13-w02,Challenge_S::Pre_train_S_0.csv::283::test,Pre_train_S_0.csv,Challenge_S,veh_13,0,-1,0.7369528619528619,attack_free,benign_fp
53,strong_campaign,veh_13-w03,OCSLab_Car::normal_run_data.txt::771::test,normal_run_data.txt,OCSLab_Car,veh_13,0,-1,0.5943970767356882,attack_free,benign_fp
53,strong_campaign,veh_13-w04,OCSLab_Car::normal_run_data.txt::718::test,normal_run_data.txt,OCSLab_Car,veh_13,0,-1,0.8177019894437678,attack_free,benign_fp
53,strong_campaign,veh_13-w05,Challenge_D::Pre_train_D_2.csv::727::test,Pre_train_D_2.csv,Challenge_D,veh_13,0,-1,0.7394781144781145,attack_free,benign_fp
53,strong_campaign,veh_13-w06,OCSLab_Car::normal_run_data.txt::643::test,normal_run_data.txt,OCSLab_Car,veh_13,0,-1,0.7742590336987414,attack_free,benign_fp
53,strong_campaign,veh_13-w07,OCSLab_Car::normal_run_data.txt::781::test,normal_run_data.txt,OCSLab_Car,veh_13,0,-1,0.7876573284612262,attack_free,benign_fp
53,strong_campaign,veh_13-w08,OCSLab_Car::gear_dataset.csv::560::test,gear_dataset.csv,OCSLab_Car,veh_13,0,-1,0.7486804709703614,attack_free,benign_fp
53,strong_campaign,veh_13-w09,OCSLab_Car::gear_dataset.csv::608::test,gear_dataset.csv,OCSLab_Car,veh_13,0,-1,0.7616727568006496,attack_free,benign_fp
53,strong_campaign,veh_14-w00,OCSLab_Car::normal_run_data.txt::59::test,normal_run_data.txt,OCSLab_Car,veh_14,0,-1,0.9703613479496548,attack_free,benign_fp
53,strong_campaign,veh_14-w01,OCSLab_Car::gear_dataset.csv::757::test,gear_dataset.csv,OCSLab_Car,veh_14,0,-1,0.727568006496143,attack_free,benign_fp
53,strong_campaign,veh_14-w02,Challenge_D::Pre_train_D_2.csv::662::test,Pre_train_D_2.csv,Challenge_D,veh_14,0,-1,0.9823232323232324,attack_free,benign_fp
53,strong_campaign,veh_14-w03,OCSLab_Car::normal_run_data.txt::299::test,normal_run_data.txt,OCSLab_Car,veh_14,0,-1,0.9813235891189608,attack_free,benign_fp
53,strong_campaign,veh_14-w04,Challenge_S::Pre_train_S_2.csv::30::test,Pre_train_S_2.csv,Challenge_S,veh_14,0,-1,0.8594276094276094,attack_free,benign_fp
53,strong_campaign,veh_14-w05,Challenge_S::Pre_train_S_0.csv::266::test,Pre_train_S_0.csv,Challenge_S,veh_14,0,-1,0.6675084175084175,attack_free,benign_fp
53,strong_campaign,veh_14-w06,OCSLab_Car::normal_run_data.txt::307::test,normal_run_data.txt,OCSLab_Car,veh_14,0,-1,0.9171741778319124,attack_free,benign_fp
53,strong_campaign,veh_14-w07,OCSLab_Car::DoS_dataset.csv::43::test,DoS_dataset.csv,OCSLab_Car,veh_14,0,-1,0.5757206658546488,attack_free,benign_fp
53,strong_campaign,veh_14-w08,OCSLab_Car::normal_run_data.txt::337::test,normal_run_data.txt,OCSLab_Car,veh_14,0,-1,0.9671132764920828,attack_free,benign_fp
53,strong_campaign,veh_14-w09,OCSLab_Car::normal_run_data.txt::766::test,normal_run_data.txt,OCSLab_Car,veh_14,0,-1,0.8968737312220869,attack_free,benign_fp
53,strong_campaign,veh_15-w00,Challenge_D::Pre_train_D_0.csv::215::test,Pre_train_D_0.csv,Challenge_D,veh_15,0,-1,0.8573232323232324,attack_free,benign_fp
53,strong_campaign,veh_15-w01,Challenge_D::Pre_train_D_0.csv::39::test,Pre_train_D_0.csv,Challenge_D,veh_15,0,-1,0.6851851851851852,attack_free,benign_fp
53,strong_campaign,veh_15-w02,Challenge_S::Pre_train_S_0.csv::57::test,Pre_train_S_0.csv,Challenge_S,veh_15,0,-1,0.6759259259259259,attack_free,benign_fp
53,strong_campaign,veh_15-w03,Challenge_S::Pre_train_S_0.csv::164::test,Pre_train_S_0.csv,Challenge_S,veh_15,0,-1,0.5585016835016835,attack_free,benign_fp
53,strong_campaign,veh_15-w04,OCSLab_Car::normal_run_data.txt::662::test,normal_run_data.txt,OCSLab_Car,veh_15,0,-1,0.6780349167681688,attack_free,benign_fp
53,strong_campaign,veh_15-w05,OCSLab_Car::normal_run_data.txt::631::test,normal_run_data.txt,OCSLab_Car,veh_15,0,-1,0.9277304100690216,attack_free,benign_fp
53,strong_campaign,veh_15-w06,Challenge_D::Pre_train_D_2.csv::53::test,Pre_train_D_2.csv,Challenge_D,veh_15,0,-1,0.9574915824915824,attack_free,benign_fp
53,strong_campaign,veh_15-w07,OCSLab_Car::normal_run_data.txt::272::test,normal_run_data.txt,OCSLab_Car,veh_15,0,-1,0.9882257409663012,attack_free,benign_fp
53,strong_campaign,veh_15-w08,OCSLab_Car::normal_run_data.txt::324::test,normal_run_data.txt,OCSLab_Car,veh_15,0,-1,0.9971579374746244,attack_free,benign_fp
53,strong_campaign,veh_15-w09,OCSLab_Car::normal_run_data.txt::573::test,normal_run_data.txt,OCSLab_Car,veh_15,0,-1,0.7884693463256192,attack_free,benign_fp
53,strong_campaign,veh_16-w00,OCSLab_Car::RPM_dataset.csv::100::test,RPM_dataset.csv,OCSLab_Car,veh_16,0,-1,0.6443361753958587,attack_free,benign_fp
53,strong_campaign,veh_16-w01,OCSLab_Car::normal_run_data.txt::289::test,normal_run_data.txt,OCSLab_Car,veh_16,0,-1,0.9037758830694276,attack_free,benign_fp
53,strong_campaign,veh_16-w02,Challenge_S::Pre_train_S_2.csv::607::test,Pre_train_S_2.csv,Challenge_S,veh_16,0,-1,0.9941077441077442,attack_free,benign_fp
53,strong_campaign,veh_16-w03,Challenge_S::Pre_train_S_0.csv::102::test,Pre_train_S_0.csv,Challenge_S,veh_16,0,-1,0.7790404040404041,attack_free,benign_fp
53,strong_campaign,veh_16-w04,OCSLab_Car::normal_run_data.txt::668::test,normal_run_data.txt,OCSLab_Car,veh_16,0,-1,0.7710109622411693,attack_free,benign_fp
53,strong_campaign,veh_16-w05,Challenge_S::Pre_train_S_2.csv::591::test,Pre_train_S_2.csv,Challenge_S,veh_16,0,-1,0.8623737373737373,attack_free,benign_fp
53,strong_campaign,veh_16-w06,Challenge_D::Pre_train_D_0.csv::110::test,Pre_train_D_0.csv,Challenge_D,veh_16,0,-1,0.9313973063973064,attack_free,benign_fp
53,strong_campaign,veh_16-w07,OCSLab_Car::normal_run_data.txt::709::test,normal_run_data.txt,OCSLab_Car,veh_16,0,-1,0.9163621599675192,attack_free,benign_fp
53,strong_campaign,veh_16-w08,Challenge_D::Pre_train_D_0.csv::14::test,Pre_train_D_0.csv,Challenge_D,veh_16,0,-1,0.5968013468013468,attack_free,benign_fp
53,strong_campaign,veh_16-w09,Challenge_D::Pre_train_D_0.csv::188::test,Pre_train_D_0.csv,Challenge_D,veh_16,0,-1,0.8451178451178452,attack_free,benign_fp
53,strong_campaign,veh_17-w00,Challenge_D::Pre_train_D_0.csv::265::test,Pre_train_D_0.csv,Challenge_D,veh_17,0,-1,0.8211279461279462,attack_free,benign_fp
53,strong_campaign,veh_17-w01,OCSLab_Car::gear_dataset.csv::736::test,gear_dataset.csv,OCSLab_Car,veh_17,0,-1,0.998375964271214,attack_free,benign_fp
53,strong_campaign,veh_17-w02,OCSLab_Car::normal_run_data.txt::61::test,normal_run_data.txt,OCSLab_Car,veh_17,0,-1,0.9675192854242792,attack_free,benign_fp
53,strong_campaign,veh_17-w03,OCSLab_Car::normal_run_data.txt::757::test,normal_run_data.txt,OCSLab_Car,veh_17,0,-1,0.5647584246853431,attack_free,benign_fp
53,strong_campaign,veh_17-w04,OCSLab_Car::normal_run_data.txt::372::test,normal_run_data.txt,OCSLab_Car,veh_17,0,-1,0.7637028014616322,attack_free,benign_fp
53,strong_campaign,veh_17-w05,OCSLab_Car::DoS_dataset.csv::132::test,DoS_dataset.csv,OCSLab_Car,veh_17,0,-1,0.587088915956151,attack_free,benign_fp
53,strong_campaign,veh_17-w06,OCSLab_Car::normal_run_data.txt::397::test,normal_run_data.txt,OCSLab_Car,veh_17,0,-1,0.8867235079171741,attack_free,benign_fp
53,strong_campaign,veh_17-w07,Challenge_S::Pre_train_S_2.csv::634::test,Pre_train_S_2.csv,Challenge_S,veh_17,0,-1,0.6898148148148148,attack_free,benign_fp
53,strong_campaign,veh_17-w08,Challenge_D::Pre_train_D_2.csv::297::test,Pre_train_D_2.csv,Challenge_D,veh_17,0,-1,0.9696969696969696,attack_free,benign_fp
53,strong_campaign,veh_17-w09,OCSLab_Car::normal_run_data.txt::634::test,normal_run_data.txt,OCSLab_Car,veh_17,0,-1,0.8587088915956151,attack_free,benign_fp
53,strong_campaign,veh_18-w00,Challenge_S::Pre_train_S_2.csv::619::test,Pre_train_S_2.csv,Challenge_S,veh_18,0,-1,0.9747474747474748,attack_free,benign_fp
53,strong_campaign,veh_18-w01,Challenge_S::Pre_train_S_0.csv::134::test,Pre_train_S_0.csv,Challenge_S,veh_18,0,-1,0.6430976430976431,attack_free,benign_fp
53,strong_campaign,veh_18-w02,OCSLab_Car::normal_run_data.txt::281::test,normal_run_data.txt,OCSLab_Car,veh_18,0,-1,0.9833536337799432,attack_free,benign_fp
53,strong_campaign,veh_18-w03,Challenge_D::Pre_train_D_2.csv::605::test,Pre_train_D_2.csv,Challenge_D,veh_18,0,-1,0.6872895622895623,attack_free,benign_fp
53,strong_campaign,veh_18-w04,OCSLab_Car::gear_dataset.csv::310::test,gear_dataset.csv,OCSLab_Car,veh_18,0,-1,0.5781567194478279,attack_free,benign_fp
53,strong_campaign,veh_18-w05,Challenge_D::Pre_train_D_0.csv::125::test,Pre_train_D_0.csv,Challenge_D,veh_18,0,-1,0.8682659932659933,attack_free,benign_fp
53,strong_campaign,veh_18-w06,OCSLab_Car::normal_run_data.txt::680::test,normal_run_data.txt,OCSLab_Car,veh_18,0,-1,0.7101096224116931,attack_free,benign_fp
53,strong_campaign,veh_18-w07,OCSLab_Car::normal_run_data.txt::94::test,normal_run_data.txt,OCSLab_Car,veh_18,0,-1,0.9634591961023142,attack_free,benign_fp
53,strong_campaign,veh_18-w08,OCSLab_Car::gear_dataset.csv::641::test,gear_dataset.csv,OCSLab_Car,veh_18,0,-1,0.6167275680064962,attack_free,benign_fp
53,strong_campaign,veh_18-w09,OCSLab_Car::gear_dataset.csv::748::test,gear_dataset.csv,OCSLab_Car,veh_18,0,-1,0.6447421843280552,attack_free,benign_fp
53,strong_campaign,veh_19-w00,OCSLab_Car::normal_run_data.txt::211::test,normal_run_data.txt,OCSLab_Car,veh_19,0,-1,0.877791311408851,attack_free,benign_fp
53,strong_campaign,veh_19-w01,Challenge_D::Pre_train_D_0.csv::6::test,Pre_train_D_0.csv,Challenge_D,veh_19,0,-1,0.6616161616161617,attack_free,benign_fp
53,strong_campaign,veh_19-w02,OCSLab_Car::normal_run_data.txt::463::test,normal_run_data.txt,OCSLab_Car,veh_19,0,-1,0.7117336581404791,attack_free,benign_fp
53,strong_campaign,veh_19-w03,Challenge_D::Pre_train_D_2.csv::689::test,Pre_train_D_2.csv,Challenge_D,veh_19,0,-1,0.7857744107744108,attack_free,benign_fp
53,strong_campaign,veh_19-w04,Challenge_S::Pre_train_S_2.csv::775::test,Pre_train_S_2.csv,Challenge_S,veh_19,0,-1,0.8160774410774411,attack_free,benign_fp
53,strong_campaign,veh_19-w05,OCSLab_Car::DoS_dataset.csv::517::test,DoS_dataset.csv,OCSLab_Car,veh_19,0,-1,0.7137637028014616,attack_free,benign_fp
53,strong_campaign,veh_19-w06,OCSLab_Car::normal_run_data.txt::367::test,normal_run_data.txt,OCSLab_Car,veh_19,0,-1,0.6427121396670726,attack_free,benign_fp
53,strong_campaign,veh_19-w07,Challenge_D::Pre_train_D_2.csv::728::test,Pre_train_D_2.csv,Challenge_D,veh_19,0,-1,0.73989898989899,attack_free,benign_fp
53,strong_campaign,veh_19-w08,Challenge_D::Pre_train_D_1.csv::492::test,Pre_train_D_1.csv,Challenge_D,veh_19,0,-1,0.757996632996633,attack_free,benign_fp
53,strong_campaign,veh_19-w09,Challenge_D::Pre_train_D_0.csv::132::test,Pre_train_D_0.csv,Challenge_D,veh_19,0,-1,0.9806397306397306,attack_free,benign_fp
53,weak_campaign,veh_00-w00,Challenge_D::Pre_train_D_1.csv::613::test,Pre_train_D_1.csv,Challenge_D,veh_00,1,0,0.6830808080808081,replay,replay
53,weak_campaign,veh_00-w01,Challenge_S::Pre_train_S_1.csv::646::test,Pre_train_S_1.csv,Challenge_S,veh_00,1,0,0.6241582491582491,replay,replay
53,weak_campaign,veh_00-w02,Challenge_D::Pre_train_D_1.csv::784::test,Pre_train_D_1.csv,Challenge_D,veh_00,1,0,0.6468855218855218,replay,replay
53,weak_campaign,veh_00-w03,Challenge_D::Pre_train_D_1.csv::672::test,Pre_train_D_1.csv,Challenge_D,veh_00,1,0,0.6313131313131313,replay,replay
53,weak_campaign,veh_00-w04,Challenge_D::Pre_train_D_1.csv::664::test,Pre_train_D_1.csv,Challenge_D,veh_00,1,0,0.7495791245791246,replay,replay
53,weak_campaign,veh_00-w05,Challenge_S::Pre_train_S_1.csv::607::test,Pre_train_S_1.csv,Challenge_S,veh_00,1,0,0.6435185185185185,replay,replay
53,weak_campaign,veh_00-w06,Challenge_D::Pre_train_D_1.csv::732::test,Pre_train_D_1.csv,Challenge_D,veh_00,1,0,0.7946127946127947,replay,replay
53,weak_campaign,veh_00-w07,Challenge_S::Pre_train_S_1.csv::689::test,Pre_train_S_1.csv,Challenge_S,veh_00,1,0,0.7781986531986532,replay,replay
53,weak_campaign,veh_00-w08,Challenge_S::Pre_train_S_1.csv::651::test,Pre_train_S_1.csv,Challenge_S,veh_00,1,0,0.7558922558922558,replay,replay
53,weak_campaign,veh_00-w09,Challenge_D::Pre_train_D_1.csv::780::test,Pre_train_D_1.csv,Challenge_D,veh_00,1,0,0.7159090909090909,replay,replay
53,weak_campaign,veh_01-w00,Challenge_D::Pre_train_D_1.csv::740::test,Pre_train_D_1.csv,Challenge_D,veh_01,1,0,0.7289562289562289,replay,replay
53,weak_campaign,veh_01-w01,Challenge_S::Pre_train_S_1.csv::631::test,Pre_train_S_1.csv,Challenge_S,veh_01,1,0,0.6144781144781145,replay,replay
53,weak_campaign,veh_01-w02,Challenge_D::Pre_train_D_1.csv::673::test,Pre_train_D_1.csv,Challenge_D,veh_01,1,0,0.5749158249158249,replay,replay
53,weak_campaign,veh_01-w03,Challenge_D::Pre_train_D_1.csv::634::test,Pre_train_D_1.csv,Challenge_D,veh_01,1,0,0.747895622895623,replay,replay
53,weak_campaign,veh_01-w04,Challenge_D::Pre_train_D_1.csv::682::test,Pre_train_D_1.csv,Challenge_D,veh_01,1,0,0.6523569023569024,replay,replay
53,weak_campaign,veh_01-w05,Challenge_S::Pre_train_S_1.csv::600::test,Pre_train_S_1.csv,Challenge_S,veh_01,1,0,0.5883838383838383,replay,replay
53,weak_campaign,veh_01-w06,Challenge_D::Pre_train_D_1.csv::718::test,Pre_train_D_1.csv,Challenge_D,veh_01,1,0,0.6721380471380471,replay,replay
53,weak_campaign,veh_01-w07,Challenge_S::Pre_train_S_1.csv::598::test,Pre_train_S_1.csv,Challenge_S,veh_01,1,0,0.6515151515151515,replay,replay
53,weak_campaign,veh_01-w08,Challenge_D::Pre_train_D_1.csv::636::test,Pre_train_D_1.csv,Challenge_D,veh_01,1,0,0.7272727272727273,replay,replay
53,weak_campaign,veh_01-w09,Challenge_D::Pre_train_D_1.csv::635::test,Pre_train_D_1.csv,Challenge_D,veh_01,1,0,0.7756734006734006,replay,replay
53,weak_campaign,veh_02-w00,Challenge_S::Pre_train_S_1.csv::640::test,Pre_train_S_1.csv,Challenge_S,veh_02,1,0,0.7255892255892256,replay,replay
53,weak_campaign,veh_02-w01,Challenge_S::Pre_train_S_1.csv::702::test,Pre_train_S_1.csv,Challenge_S,veh_02,1,0,0.7845117845117845,replay,replay
53,weak_campaign,veh_02-w02,Challenge_D::Pre_train_D_1.csv::764::test,Pre_train_D_1.csv,Challenge_D,veh_02,1,0,0.5896464646464646,replay,replay
53,weak_campaign,veh_02-w03,Challenge_D::Pre_train_D_1.csv::675::test,Pre_train_D_1.csv,Challenge_D,veh_02,1,0,0.5997474747474747,replay,replay
53,weak_campaign,veh_02-w04,Challenge_D::Pre_train_D_1.csv::699::test,Pre_train_D_1.csv,Challenge_D,veh_02,1,0,0.6763468013468014,replay,replay
53,weak_campaign,veh_02-w05,Challenge_S::Pre_train_S_1.csv::662::test,Pre_train_S_1.csv,Challenge_S,veh_02,1,0,0.5968013468013468,replay,replay
53,weak_campaign,veh_02-w06,Challenge_D::Pre_train_D_1.csv::785::test,Pre_train_D_1.csv,Challenge_D,veh_02,1,0,0.5627104377104377,replay,replay
53,weak_campaign,veh_02-w07,Challenge_S::Pre_train_S_1.csv::674::test,Pre_train_S_1.csv,Challenge_S,veh_02,1,0,0.7933501683501684,replay,replay
53,weak_campaign,veh_02-w08,Challenge_D::Pre_train_D_1.csv::645::test,Pre_train_D_1.csv,Challenge_D,veh_02,1,0,0.6944444444444444,replay,replay
53,weak_campaign,veh_02-w09,Challenge_D::Pre_train_D_1.csv::787::test,Pre_train_D_1.csv,Challenge_D,veh_02,1,0,0.7432659932659933,replay,replay
53,weak_campaign,veh_03-w00,Challenge_S::Pre_train_S_1.csv::620::test,Pre_train_S_1.csv,Challenge_S,veh_03,1,0,0.7588383838383839,replay,replay
53,weak_campaign,veh_03-w01,Challenge_S::Pre_train_S_1.csv::628::test,Pre_train_S_1.csv,Challenge_S,veh_03,1,0,0.7146464646464646,replay,replay
53,weak_campaign,veh_03-w02,Challenge_D::Pre_train_D_1.csv::666::test,Pre_train_D_1.csv,Challenge_D,veh_03,1,0,0.7584175084175084,replay,replay
53,weak_campaign,veh_03-w03,Challenge_S::Pre_train_S_1.csv::663::test,Pre_train_S_1.csv,Challenge_S,veh_03,1,0,0.7403198653198653,replay,replay
53,weak_campaign,veh_03-w04,Challenge_D::Pre_train_D_1.csv::783::test,Pre_train_D_1.csv,Challenge_D,veh_03,1,0,0.6931818181818182,replay,replay
53,weak_campaign,veh_03-w05,Challenge_S::Pre_train_S_1.csv::610::test,Pre_train_S_1.csv,Challenge_S,veh_03,1,0,0.7272727272727273,replay,replay
53,weak_campaign,veh_03-w06,Challenge_S::Pre_train_S_1.csv::700::test,Pre_train_S_1.csv,Challenge_S,veh_03,1,0,0.571969696969697,replay,replay
53,weak_campaign,veh_03-w07,Challenge_S::Pre_train_S_1.csv::654::test,Pre_train_S_1.csv,Challenge_S,veh_03,1,0,0.6283670033670034,replay,replay
53,weak_campaign,veh_03-w08,Challenge_S::Pre_train_S_1.csv::671::test,Pre_train_S_1.csv,Challenge_S,veh_03,1,0,0.6675084175084175,replay,replay
53,weak_campaign,veh_03-w09,Challenge_S::Pre_train_S_1.csv::670::test,Pre_train_S_1.csv,Challenge_S,veh_03,1,0,0.7331649831649831,replay,replay
53,weak_campaign,veh_04-w00,Challenge_D::Pre_train_D_1.csv::638::test,Pre_train_D_1.csv,Challenge_D,veh_04,1,0,0.7836700336700336,replay,replay
53,weak_campaign,veh_04-w01,Challenge_S::Pre_train_S_1.csv::703::test,Pre_train_S_1.csv,Challenge_S,veh_04,1,0,0.7117003367003367,replay,replay
53,weak_campaign,veh_04-w02,Challenge_S::Pre_train_S_1.csv::599::test,Pre_train_S_1.csv,Challenge_S,veh_04,1,0,0.6039562289562289,replay,replay
53,weak_campaign,veh_04-w03,Challenge_D::Pre_train_D_1.csv::688::test,Pre_train_D_1.csv,Challenge_D,veh_04,1,0,0.7335858585858586,replay,replay
53,weak_campaign,veh_04-w04,Challenge_S::Pre_train_S_1.csv::608::test,Pre_train_S_1.csv,Challenge_S,veh_04,1,0,0.7634680134680135,replay,replay
53,weak_campaign,veh_04-w05,Challenge_D::Pre_train_D_1.csv::707::test,Pre_train_D_1.csv,Challenge_D,veh_04,1,0,0.7150673400673401,replay,replay
53,weak_campaign,veh_04-w06,Challenge_D::Pre_train_D_1.csv::715::test,Pre_train_D_1.csv,Challenge_D,veh_04,1,0,0.5749158249158249,replay,replay
53,weak_campaign,veh_04-w07,Challenge_D::Pre_train_D_1.csv::778::test,Pre_train_D_1.csv,Challenge_D,veh_04,1,0,0.6443602693602694,replay,replay
53,weak_campaign,veh_04-w08,Challenge_D::Pre_train_D_1.csv::623::test,Pre_train_D_1.csv,Challenge_D,veh_04,1,0,0.7243265993265994,replay,replay
53,weak_campaign,veh_04-w09,Challenge_S::Pre_train_S_1.csv::705::test,Pre_train_S_1.csv,Challenge_S,veh_04,1,0,0.5740740740740741,replay,replay
53,weak_campaign,veh_05-w00,Challenge_D::Pre_train_D_2.csv::745::test,Pre_train_D_2.csv,Challenge_D,veh_05,0,-1,0.9225589225589226,attack_free,benign_fp
53,weak_campaign,veh_05-w01,Challenge_S::Pre_train_S_2.csv::620::test,Pre_train_S_2.csv,Challenge_S,veh_05,0,-1,0.9553872053872052,attack_free,benign_fp
53,weak_campaign,veh_05-w02,OCSLab_Car::gear_dataset.csv::644::test,gear_dataset.csv,OCSLab_Car,veh_05,0,-1,0.9910678034916768,attack_free,benign_fp
53,weak_campaign,veh_05-w03,Challenge_D::Pre_train_D_1.csv::47::test,Pre_train_D_1.csv,Challenge_D,veh_05,0,-1,0.9713804713804712,attack_free,benign_fp
53,weak_campaign,veh_05-w04,OCSLab_Car::normal_run_data.txt::325::test,normal_run_data.txt,OCSLab_Car,veh_05,0,-1,0.9963459196102314,attack_free,benign_fp
53,weak_campaign,veh_05-w05,OCSLab_Car::normal_run_data.txt::215::test,normal_run_data.txt,OCSLab_Car,veh_05,0,-1,0.731628095818108,attack_free,benign_fp
53,weak_campaign,veh_05-w06,Challenge_D::Pre_train_D_2.csv::749::test,Pre_train_D_2.csv,Challenge_D,veh_05,0,-1,0.6056397306397306,attack_free,benign_fp
53,weak_campaign,veh_05-w07,OCSLab_Car::normal_run_data.txt::210::test,normal_run_data.txt,OCSLab_Car,veh_05,0,-1,0.9805115712545676,attack_free,benign_fp
53,weak_campaign,veh_05-w08,OCSLab_Car::normal_run_data.txt::273::test,normal_run_data.txt,OCSLab_Car,veh_05,0,-1,0.9886317498984978,attack_free,benign_fp
53,weak_campaign,veh_05-w09,Challenge_S::Pre_train_S_1.csv::745::test,Pre_train_S_1.csv,Challenge_S,veh_05,0,-1,0.9250841750841752,attack_free,benign_fp
53,weak_campaign,veh_06-w00,OCSLab_Car::normal_run_data.txt::759::test,normal_run_data.txt,OCSLab_Car,veh_06,0,-1,0.9196102314250914,attack_free,benign_fp
53,weak_campaign,veh_06-w01,OCSLab_Car::normal_run_data.txt::736::test,normal_run_data.txt,OCSLab_Car,veh_06,0,-1,0.7990255785627284,attack_free,benign_fp
53,weak_campaign,veh_06-w02,Challenge_D::Pre_train_D_0.csv::269::test,Pre_train_D_0.csv,Challenge_D,veh_06,0,-1,0.922979797979798,attack_free,benign_fp
53,weak_campaign,veh_06-w03,Challenge_D::Pre_train_D_0.csv::158::test,Pre_train_D_0.csv,Challenge_D,veh_06,0,-1,0.8274410774410774,attack_free,benign_fp
53,weak_campaign,veh_06-w04,OCSLab_Car::normal_run_data.txt::54::test,normal_run_data.txt,OCSLab_Car,veh_06,0,-1,0.9370686155095412,attack_free,benign_fp
53,weak_campaign,veh_06-w05,OCSLab_Car::gear_dataset.csv::549::test,gear_dataset.csv,OCSLab_Car,veh_06,0,-1,0.6471782379212343,attack_free,benign_fp
53,weak_campaign,veh_06-w06,OCSLab_Car::gear_dataset.csv::735::test,gear_dataset.csv,OCSLab_Car,veh_06,0,-1,0.9663012586276898,attack_free,benign_fp
53,weak_campaign,veh_06-w07,OCSLab_Car::gear_dataset.csv::564::test,gear_dataset.csv,OCSLab_Car,veh_06,0,-1,0.6979293544457978,attack_free,benign_fp
53,weak_campaign,veh_06-w08,Challenge_D::Pre_train_D_0.csv::125::test,Pre_train_D_0.csv,Challenge_D,veh_06,0,-1,0.8682659932659933,attack_free,benign_fp
53,weak_campaign,veh_06-w09,OCSLab_Car::gear_dataset.csv::654::test,gear_dataset.csv,OCSLab_Car,veh_06,0,-1,0.9801055623223712,attack_free,benign_fp
53,weak_campaign,veh_07-w00,OCSLab_Car::normal_run_data.txt::428::test,normal_run_data.txt,OCSLab_Car,veh_07,0,-1,0.8944376776289078,attack_free,benign_fp
53,weak_campaign,veh_07-w01,Challenge_D::Pre_train_D_2.csv::120::test,Pre_train_D_2.csv,Challenge_D,veh_07,0,-1,0.734006734006734,attack_free,benign_fp
53,weak_campaign,veh_07-w02,OCSLab_Car::normal_run_data.txt::651::test,normal_run_data.txt,OCSLab_Car,veh_07,0,-1,0.9261063743402356,attack_free,benign_fp
53,weak_campaign,veh_07-w03,OCSLab_Car::normal_run_data.txt::697::test,normal_run_data.txt,OCSLab_Car,veh_07,0,-1,0.8246041412911084,attack_free,benign_fp
53,weak_campaign,veh_07-w04,OCSLab_Car::normal_run_data.txt::393::test,normal_run_data.txt,OCSLab_Car,veh_07,0,-1,0.9053999187982136,attack_free,benign_fp
53,weak_campaign,veh_07-w05,OCSLab_Car::gear_dataset.csv::762::test,gear_dataset.csv,OCSLab_Car,veh_07,0,-1,0.5903369874137231,attack_free,benign_fp
53,weak_campaign,veh_07-w06,Challenge_S::Pre_train_S_2.csv::638::test,Pre_train_S_2.csv,Challenge_S,veh_07,0,-1,0.9562289562289562,attack_free,benign_fp
53,weak_campaign,veh_07-w07,OCSLab_Car::normal_run_data.txt::288::test,normal_run_data.txt,OCSLab_Car,veh_07,0,-1,0.8773853024766545,attack_free,benign_fp
53,weak_campaign,veh_07-w08,OCSLab_Car::Fuzzy_dataset.csv::63::test,Fuzzy_dataset.csv,OCSLab_Car,veh_07,0,-1,0.558262281770199,attack_free,benign_fp
53,weak_campaign,veh_07-w09,OCSLab_Car::normal_run_data.txt::739::test,normal_run_data.txt,OCSLab_Car,veh_07,0,-1,0.9078359723913926,attack_free,benign_fp
53,weak_campaign,veh_08-w00,OCSLab_Car::normal_run_data.txt::467::test,normal_run_data.txt,OCSLab_Car,veh_08,0,-1,0.9663012586276898,attack_free,benign_fp
53,weak_campaign,veh_08-w01,OCSLab_Car::normal_run_data.txt::590::test,normal_run_data.txt,OCSLab_Car,veh_08,0,-1,0.9114900527811612,attack_free,benign_fp
53,weak_campaign,veh_08-w02,Challenge_S::Pre_train_S_2.csv::555::test,Pre_train_S_2.csv,Challenge_S,veh_08,0,-1,0.7794612794612794,attack_free,benign_fp
53,weak_campaign,veh_08-w03,OCSLab_Car::normal_run_data.txt::94::test,normal_run_data.txt,OCSLab_Car,veh_08,0,-1,0.9634591961023142,attack_free,benign_fp
53,weak_campaign,veh_08-w04,OCSLab_Car::normal_run_data.txt::493::test,normal_run_data.txt,OCSLab_Car,veh_08,0,-1,0.947218838814454,attack_free,benign_fp
53,weak_campaign,veh_08-w05,OCSLab_Car::normal_run_data.txt::732::test,normal_run_data.txt,OCSLab_Car,veh_08,0,-1,0.928948436865611,attack_free,benign_fp
53,weak_campaign,veh_08-w06,OCSLab_Car::normal_run_data.txt::369::test,normal_run_data.txt,OCSLab_Car,veh_08,0,-1,0.8477466504263094,attack_free,benign_fp
53,weak_campaign,veh_08-w07,OCSLab_Car::normal_run_data.txt::10::test,normal_run_data.txt,OCSLab_Car,veh_08,0,-1,0.7137637028014616,attack_free,benign_fp
53,weak_campaign,veh_08-w08,OCSLab_Car::normal_run_data.txt::469::test,normal_run_data.txt,OCSLab_Car,veh_08,0,-1,0.7507105156313439,attack_free,benign_fp
53,weak_campaign,veh_08-w09,Challenge_D::Pre_train_D_0.csv::90::test,Pre_train_D_0.csv,Challenge_D,veh_08,0,-1,0.8686868686868687,attack_free,benign_fp
53,weak_campaign,veh_09-w00,OCSLab_Car::normal_run_data.txt::531::test,normal_run_data.txt,OCSLab_Car,veh_09,0,-1,0.94884287454324,attack_free,benign_fp
53,weak_campaign,veh_09-w01,OCSLab_Car::normal_run_data.txt::200::test,normal_run_data.txt,OCSLab_Car,veh_09,0,-1,0.933008526187576,attack_free,benign_fp
53,weak_campaign,veh_09-w02,Challenge_S::Pre_train_S_0.csv::42::test,Pre_train_S_0.csv,Challenge_S,veh_09,0,-1,0.8855218855218855,attack_free,benign_fp
53,weak_campaign,veh_09-w03,Challenge_D::Pre_train_D_0.csv::189::test,Pre_train_D_0.csv,Challenge_D,veh_09,0,-1,0.7129629629629629,attack_free,benign_fp
53,weak_campaign,veh_09-w04,OCSLab_Car::DoS_dataset.csv::43::test,DoS_dataset.csv,OCSLab_Car,veh_09,0,-1,0.5757206658546488,attack_free,benign_fp
53,weak_campaign,veh_09-w05,OCSLab_Car::normal_run_data.txt::205::test,normal_run_data.txt,OCSLab_Car,veh_09,0,-1,0.9801055623223712,attack_free,benign_fp
53,weak_campaign,veh_09-w06,Challenge_D::Pre_train_D_1.csv::13::test,Pre_train_D_1.csv,Challenge_D,veh_09,0,-1,0.6755050505050505,attack_free,benign_fp
53,weak_campaign,veh_09-w07,Challenge_D::Pre_train_D_0.csv::222::test,Pre_train_D_0.csv,Challenge_D,veh_09,0,-1,0.7756734006734006,attack_free,benign_fp
53,weak_campaign,veh_09-w08,OCSLab_Car::RPM_dataset.csv::105::test,RPM_dataset.csv,OCSLab_Car,veh_09,0,-1,0.5797807551766139,attack_free,benign_fp
53,weak_campaign,veh_09-w09,OCSLab_Car::Fuzzy_dataset.csv::579::test,Fuzzy_dataset.csv,OCSLab_Car,veh_09,0,-1,0.559886317498985,attack_free,benign_fp
53,weak_campaign,veh_10-w00,OCSLab_Car::normal_run_data.txt::400::test,normal_run_data.txt,OCSLab_Car,veh_10,0,-1,0.8891595615103532,attack_free,benign_fp
53,weak_campaign,veh_10-w01,OCSLab_Car::gear_dataset.csv::579::test,gear_dataset.csv,OCSLab_Car,veh_10,0,-1,0.8887535525781567,attack_free,benign_fp
53,weak_campaign,veh_10-w02,OCSLab_Car::normal_run_data.txt::778::test,normal_run_data.txt,OCSLab_Car,veh_10,0,-1,0.7226958993097848,attack_free,benign_fp
53,weak_campaign,veh_10-w03,OCSLab_Car::normal_run_data.txt::180::test,normal_run_data.txt,OCSLab_Car,veh_10,0,-1,0.9638652050345108,attack_free,benign_fp
53,weak_campaign,veh_10-w04,OCSLab_Car::gear_dataset.csv::551::test,gear_dataset.csv,OCSLab_Car,veh_10,0,-1,0.6406820950060901,attack_free,benign_fp
53,weak_campaign,veh_10-w05,OCSLab_Car::gear_dataset.csv::333::test,gear_dataset.csv,OCSLab_Car,veh_10,0,-1,0.5781567194478279,attack_free,benign_fp
53,weak_campaign,veh_10-w06,OCSLab_Car::normal_run_data.txt::766::test,normal_run_data.txt,OCSLab_Car,veh_10,0,-1,0.8968737312220869,attack_free,benign_fp
53,weak_campaign,veh_10-w07,Challenge_D::Pre_train_D_2.csv::310::test,Pre_train_D_2.csv,Challenge_D,veh_10,0,-1,0.6233164983164983,attack_free,benign_fp
53,weak_campaign,veh_10-w08,OCSLab_Car::gear_dataset.csv::559::test,gear_dataset.csv,OCSLab_Car,veh_10,0,-1,0.606171335769387,attack_free,benign_fp
53,weak_campaign,veh_10-w09,Challenge_D::Pre_train_D_2.csv::50::test,Pre_train_D_2.csv,Challenge_D,veh_10,0,-1,0.6056397306397306,attack_free,benign_fp
53,weak_campaign,veh_11-w00,Challenge_D::Pre_train_D_2.csv::585::test,Pre_train_D_2.csv,Challenge_D,veh_11,0,-1,0.9945286195286196,attack_free,benign_fp
53,weak_campaign,veh_11-w01,Challenge_S::Pre_train_S_0.csv::142::test,Pre_train_S_0.csv,Challenge_S,veh_11,0,-1,0.7011784511784511,attack_free,benign_fp
53,weak_campaign,veh_11-w02,Challenge_S::Pre_train_S_2.csv::633::test,Pre_train_S_2.csv,Challenge_S,veh_11,0,-1,0.6611952861952862,attack_free,benign_fp
53,weak_campaign,veh_11-w03,OCSLab_Car::normal_run_data.txt::30::test,normal_run_data.txt,OCSLab_Car,veh_11,0,-1,0.8631749898497767,attack_free,benign_fp
53,weak_campaign,veh_11-w04,OCSLab_Car::RPM_dataset.csv::113::test,RPM_dataset.csv,OCSLab_Car,veh_11,0,-1,0.5740966301258628,attack_free,benign_fp
53,weak_campaign,veh_11-w05,OCSLab_Car::normal_run_data.txt::489::test,normal_run_data.txt,OCSLab_Car,veh_11,0,-1,0.9143321153065368,attack_free,benign_fp
53,weak_campaign,veh_11-w06,Challenge_D::Pre_train_D_0.csv::284::test,Pre_train_D_0.csv,Challenge_D,veh_11,0,-1,0.8228114478114478,attack_free,benign_fp
53,weak_campaign,veh_11-w07,Challenge_D::Pre_train_D_0.csv::172::test,Pre_train_D_0.csv,Challenge_D,veh_11,0,-1,0.6060606060606061,attack_free,benign_fp
53,weak_campaign,veh_11-w08,Challenge_D::Pre_train_D_0.csv::79::test,Pre_train_D_0.csv,Challenge_D,veh_11,0,-1,0.8602693602693603,attack_free,benign_fp
53,weak_campaign,veh_11-w09,Challenge_S::Pre_train_S_0.csv::93::test,Pre_train_S_0.csv,Challenge_S,veh_11,0,-1,0.6868686868686869,attack_free,benign_fp
53,weak_campaign,veh_12-w00,Challenge_D::Pre_train_D_1.csv::533::test,Pre_train_D_1.csv,Challenge_D,veh_12,0,-1,0.622895622895623,attack_free,benign_fp
53,weak_campaign,veh_12-w01,OCSLab_Car::normal_run_data.txt::192::test,normal_run_data.txt,OCSLab_Car,veh_12,0,-1,0.9646772228989038,attack_free,benign_fp
53,weak_campaign,veh_12-w02,OCSLab_Car::gear_dataset.csv::658::test,gear_dataset.csv,OCSLab_Car,veh_12,0,-1,0.9187982135606984,attack_free,benign_fp
53,weak_campaign,veh_12-w03,Challenge_S::Pre_train_S_1.csv::721::test,Pre_train_S_1.csv,Challenge_S,veh_12,0,-1,0.5509259259259259,attack_free,benign_fp
53,weak_campaign,veh_12-w04,OCSLab_Car::gear_dataset.csv::673::test,gear_dataset.csv,OCSLab_Car,veh_12,0,-1,0.9813235891189608,attack_free,benign_fp
53,weak_campaign,veh_12-w05,OCSLab_Car::normal_run_data.txt::53::test,normal_run_data.txt,OCSLab_Car,veh_12,0,-1,0.9780755176613886,attack_free,benign_fp
53,weak_campaign,veh_12-w06,OCSLab_Car::normal_run_data.txt::79::test,normal_run_data.txt,OCSLab_Car,veh_12,0,-1,0.7921234267153877,attack_free,benign_fp
53,weak_campaign,veh_12-w07,Challenge_D::Pre_train_D_0.csv::226::test,Pre_train_D_0.csv,Challenge_D,veh_12,0,-1,0.8745791245791246,attack_free,benign_fp
53,weak_campaign,veh_12-w08,OCSLab_Car::normal_run_data.txt::741::test,normal_run_data.txt,OCSLab_Car,veh_12,0,-1,0.8932196508323184,attack_free,benign_fp
53,weak_campaign,veh_12-w09,Challenge_S::Pre_train_S_1.csv::469::test,Pre_train_S_1.csv,Challenge_S,veh_12,0,-1,0.5883838383838383,attack_free,benign_fp
53,weak_campaign,veh_13-w00,OCSLab_Car::DoS_dataset.csv::554::test,DoS_dataset.csv,OCSLab_Car,veh_13,0,-1,0.5777507105156313,attack_free,benign_fp
53,weak_campaign,veh_13-w01,Challenge_S::Pre_train_S_2.csv::610::test,Pre_train_S_2.csv,Challenge_S,veh_13,0,-1,0.8623737373737373,attack_free,benign_fp
53,weak_campaign,veh_13-w02,OCSLab_Car::normal_run_data.txt::764::test,normal_run_data.txt,OCSLab_Car,veh_13,0,-1,0.8302882663418595,attack_free,benign_fp
53,weak_campaign,veh_13-w03,OCSLab_Car::gear_dataset.csv::771::test,gear_dataset.csv,OCSLab_Car,veh_13,0,-1,0.6252537555826229,attack_free,benign_fp
53,weak_campaign,veh_13-w04,Challenge_S::Pre_train_S_0.csv::20::test,Pre_train_S_0.csv,Challenge_S,veh_13,0,-1,0.5715488215488216,attack_free,benign_fp
53,weak_campaign,veh_13-w05,Challenge_S::Pre_train_S_2.csv::23::test,Pre_train_S_2.csv,Challenge_S,veh_13,0,-1,0.6199494949494949,attack_free,benign_fp
53,weak_campaign,veh_13-w06,OCSLab_Car::gear_dataset.csv::738::test,gear_dataset.csv,OCSLab_Car,veh_13,0,-1,0.7685749086479903,attack_free,benign_fp
53,weak_campaign,veh_13-w07,OCSLab_Car::gear_dataset.csv::169::test,gear_dataset.csv,OCSLab_Car,veh_13,0,-1,0.6305318717011774,attack_free,benign_fp
53,weak_campaign,veh_13-w08,Challenge_S::Pre_train_S_0.csv::228::test,Pre_train_S_0.csv,Challenge_S,veh_13,0,-1,0.6746632996632996,attack_free,benign_fp
53,weak_campaign,veh_13-w09,OCSLab_Car::normal_run_data.txt::254::test,normal_run_data.txt,OCSLab_Car,veh_13,0,-1,0.9979699553390174,attack_free,benign_fp
53,weak_campaign,veh_14-w00,OCSLab_Car::normal_run_data.txt::71::test,normal_run_data.txt,OCSLab_Car,veh_14,0,-1,0.8258221680876979,attack_free,benign_fp
53,weak_campaign,veh_14-w01,Challenge_D::Pre_train_D_1.csv::45::test,Pre_train_D_1.csv,Challenge_D,veh_14,0,-1,0.914141414141414,attack_free,benign_fp
53,weak_campaign,veh_14-w02,OCSLab_Car::RPM_dataset.csv::160::test,RPM_dataset.csv,OCSLab_Car,veh_14,0,-1,0.6780349167681688,attack_free,benign_fp
53,weak_campaign,veh_14-w03,OCSLab_Car::Fuzzy_dataset.csv::249::test,Fuzzy_dataset.csv,OCSLab_Car,veh_14,0,-1,0.6873731222086886,attack_free,benign_fp
53,weak_campaign,veh_14-w04,OCSLab_Car::Fuzzy_dataset.csv::549::test,Fuzzy_dataset.csv,OCSLab_Car,veh_14,0,-1,0.7519285424279334,attack_free,benign_fp
53,weak_campaign,veh_14-w05,OCSLab_Car::Fuzzy_dataset.csv::578::test,Fuzzy_dataset.csv,OCSLab_Car,veh_14,0,-1,0.5501421031262688,attack_free,benign_fp
53,weak_campaign,veh_14-w06,Challenge_S::Pre_train_S_2.csv::635::test,Pre_train_S_2.csv,Challenge_S,veh_14,0,-1,0.7222222222222222,attack_free,benign_fp
53,weak_campaign,veh_14-w07,OCSLab_Car::Fuzzy_dataset.csv::358::test,Fuzzy_dataset.csv,OCSLab_Car,veh_14,0,-1,0.9663012586276898,attack_free,benign_fp
53,weak_campaign,veh_14-w08,Challenge_S::Pre_train_S_2.csv::612::test,Pre_train_S_2.csv,Challenge_S,veh_14,0,-1,0.9595959595959596,attack_free,benign_fp
53,weak_campaign,veh_14-w09,OCSLab_Car::normal_run_data.txt::311::test,normal_run_data.txt,OCSLab_Car,veh_14,0,-1,0.9244823386114496,attack_free,benign_fp
53,weak_campaign,veh_15-w00,OCSLab_Car::gear_dataset.csv::588::test,gear_dataset.csv,OCSLab_Car,veh_15,0,-1,0.8928136419001218,attack_free,benign_fp
53,weak_campaign,veh_15-w01,OCSLab_Car::Fuzzy_dataset.csv::363::test,Fuzzy_dataset.csv,OCSLab_Car,veh_15,0,-1,0.6293138449045879,attack_free,benign_fp
53,weak_campaign,veh_15-w02,Challenge_D::Pre_train_D_2.csv::593::test,Pre_train_D_2.csv,Challenge_D,veh_15,0,-1,0.9612794612794612,attack_free,benign_fp
53,weak_campaign,veh_15-w03,OCSLab_Car::normal_run_data.txt::208::test,normal_run_data.txt,OCSLab_Car,veh_15,0,-1,0.9196102314250914,attack_free,benign_fp
53,weak_campaign,veh_15-w04,Challenge_D::Pre_train_D_2.csv::664::test,Pre_train_D_2.csv,Challenge_D,veh_15,0,-1,0.8063973063973064,attack_free,benign_fp
53,weak_campaign,veh_15-w05,OCSLab_Car::normal_run_data.txt::667::test,normal_run_data.txt,OCSLab_Car,veh_15,0,-1,0.9484368656110436,attack_free,benign_fp
53,weak_campaign,veh_15-w06,Challenge_D::Pre_train_D_0.csv::233::test,Pre_train_D_0.csv,Challenge_D,veh_15,0,-1,0.9225589225589226,attack_free,benign_fp
53,weak_campaign,veh_15-w07,OCSLab_Car::normal_run_data.txt::487::test,normal_run_data.txt,OCSLab_Car,veh_15,0,-1,0.925700365408039,attack_free,benign_fp
53,weak_campaign,veh_15-w08,OCSLab_Car::RPM_dataset.csv::138::test,RPM_dataset.csv,OCSLab_Car,veh_15,0,-1,0.7145757206658546,attack_free,benign_fp
53,weak_campaign,veh_15-w09,OCSLab_Car::normal_run_data.txt::435::test,normal_run_data.txt,OCSLab_Car,veh_15,0,-1,0.8274462038164839,attack_free,benign_fp
53,weak_campaign,veh_16-w00,Challenge_S::Pre_train_S_2.csv::746::test,Pre_train_S_2.csv,Challenge_S,veh_16,0,-1,0.6759259259259259,attack_free,benign_fp
53,weak_campaign,veh_16-w01,Challenge_S::Pre_train_S_2.csv::663::test,Pre_train_S_2.csv,Challenge_S,veh_16,0,-1,0.7575757575757576,attack_free,benign_fp
53,weak_campaign,veh_16-w02,OCSLab_Car::normal_run_data.txt::14::test,normal_run_data.txt,OCSLab_Car,veh_16,0,-1,0.8229801055623224,attack_free,benign_fp
53,weak_campaign,veh_16-w03,Challenge_S::Pre_train_S_1.csv::9::test,Pre_train_S_1.csv,Challenge_S,veh_16,0,-1,0.9671717171717172,attack_free,benign_fp
53,weak_campaign,veh_16-w04,Challenge_S::Pre_train_S_2.csv::673::test,Pre_train_S_2.csv,Challenge_S,veh_16,0,-1,0.9452861952861952,attack_free,benign_fp
53,weak_campaign,veh_16-w05,Challenge_S::Pre_train_S_1.csv::551::test,Pre_train_S_1.csv,Challenge_S,veh_16,0,-1,0.7861952861952862,attack_free,benign_fp
53,weak_campaign,veh_16-w06,OCSLab_Car::normal_run_data.txt::705::test,normal_run_data.txt,OCSLab_Car,veh_16,0,-1,0.976857490864799,attack_free,benign_fp
53,weak_campaign,veh_16-w07,OCSLab_Car::normal_run_data.txt::66::test,normal_run_data.txt,OCSLab_Car,veh_16,0,-1,0.7807551766138855,attack_free,benign_fp
53,weak_campaign,veh_16-w08,Challenge_S::Pre_train_S_2.csv::717::test,Pre_train_S_2.csv,Challenge_S,veh_16,0,-1,0.6982323232323232,attack_free,benign_fp
53,weak_campaign,veh_16-w09,OCSLab_Car::normal_run_data.txt::787::test,normal_run_data.txt,OCSLab_Car,veh_16,0,-1,0.7795371498172959,attack_free,benign_fp
53,weak_campaign,veh_17-w00,Challenge_D::Pre_train_D_2.csv::53::test,Pre_train_D_2.csv,Challenge_D,veh_17,0,-1,0.9574915824915824,attack_free,benign_fp
53,weak_campaign,veh_17-w01,OCSLab_Car::normal_run_data.txt::267::test,normal_run_data.txt,OCSLab_Car,veh_17,0,-1,0.9342265529841656,attack_free,benign_fp
53,weak_campaign,veh_17-w02,OCSLab_Car::normal_run_data.txt::679::test,normal_run_data.txt,OCSLab_Car,veh_17,0,-1,0.7523345513601299,attack_free,benign_fp
53,weak_campaign,veh_17-w03,OCSLab_Car::normal_run_data.txt::76::test,normal_run_data.txt,OCSLab_Car,veh_17,0,-1,0.7665448639870077,attack_free,benign_fp
53,weak_campaign,veh_17-w04,OCSLab_Car::normal_run_data.txt::406::test,normal_run_data.txt,OCSLab_Car,veh_17,0,-1,0.9565570442549736,attack_free,benign_fp
53,weak_campaign,veh_17-w05,OCSLab_Car::normal_run_data.txt::746::test,normal_run_data.txt,OCSLab_Car,veh_17,0,-1,0.6841250507511165,attack_free,benign_fp
53,weak_campaign,veh_17-w06,OCSLab_Car::Fuzzy_dataset.csv::562::test,Fuzzy_dataset.csv,OCSLab_Car,veh_17,0,-1,0.5923670320747056,attack_free,benign_fp
53,weak_campaign,veh_17-w07,OCSLab_Car::normal_run_data.txt::332::test,normal_run_data.txt,OCSLab_Car,veh_17,0,-1,0.9821356069833536,attack_free,benign_fp
53,weak_campaign,veh_17-w08,OCSLab_Car::normal_run_data.txt::279::test,normal_run_data.txt,OCSLab_Car,veh_17,0,-1,0.998375964271214,attack_free,benign_fp
53,weak_campaign,veh_17-w09,OCSLab_Car::normal_run_data.txt::244::test,normal_run_data.txt,OCSLab_Car,veh_17,0,-1,0.9443767762890783,attack_free,benign_fp
53,weak_campaign,veh_18-w00,OCSLab_Car::normal_run_data.txt::399::test,normal_run_data.txt,OCSLab_Car,veh_18,0,-1,0.921640276086074,attack_free,benign_fp
53,weak_campaign,veh_18-w01,OCSLab_Car::gear_dataset.csv::663::test,gear_dataset.csv,OCSLab_Car,veh_18,0,-1,0.920016240357288,attack_free,benign_fp
53,weak_campaign,veh_18-w02,OCSLab_Car::gear_dataset.csv::616::test,gear_dataset.csv,OCSLab_Car,veh_18,0,-1,0.5513601299228583,attack_free,benign_fp
53,weak_campaign,veh_18-w03,OCSLab_Car::gear_dataset.csv::535::test,gear_dataset.csv,OCSLab_Car,veh_18,0,-1,0.5992691839220463,attack_free,benign_fp
53,weak_campaign,veh_18-w04,Challenge_D::Pre_train_D_2.csv::318::test,Pre_train_D_2.csv,Challenge_D,veh_18,0,-1,0.5925925925925926,attack_free,benign_fp
53,weak_campaign,veh_18-w05,Challenge_D::Pre_train_D_0.csv::71::test,Pre_train_D_0.csv,Challenge_D,veh_18,0,-1,0.9431818181818182,attack_free,benign_fp
53,weak_campaign,veh_18-w06,OCSLab_Car::normal_run_data.txt::782::test,normal_run_data.txt,OCSLab_Car,veh_18,0,-1,0.782785221274868,attack_free,benign_fp
53,weak_campaign,veh_18-w07,Challenge_D::Pre_train_D_0.csv::163::test,Pre_train_D_0.csv,Challenge_D,veh_18,0,-1,0.9217171717171716,attack_free,benign_fp
53,weak_campaign,veh_18-w08,Challenge_D::Pre_train_D_2.csv::746::test,Pre_train_D_2.csv,Challenge_D,veh_18,0,-1,0.7428451178451179,attack_free,benign_fp
53,weak_campaign,veh_18-w09,OCSLab_Car::gear_dataset.csv::160::test,gear_dataset.csv,OCSLab_Car,veh_18,0,-1,0.7092976045473001,attack_free,benign_fp
53,weak_campaign,veh_19-w00,Challenge_S::Pre_train_S_2.csv::779::test,Pre_train_S_2.csv,Challenge_S,veh_19,0,-1,0.6881313131313131,attack_free,benign_fp
53,weak_campaign,veh_19-w01,OCSLab_Car::DoS_dataset.csv::44::test,DoS_dataset.csv,OCSLab_Car,veh_19,0,-1,0.5992691839220463,attack_free,benign_fp
53,weak_campaign,veh_19-w02,OCSLab_Car::Fuzzy_dataset.csv::542::test,Fuzzy_dataset.csv,OCSLab_Car,veh_19,0,-1,0.7706049533089728,attack_free,benign_fp
53,weak_campaign,veh_19-w03,Challenge_D::Pre_train_D_2.csv::64::test,Pre_train_D_2.csv,Challenge_D,veh_19,0,-1,0.9339225589225588,attack_free,benign_fp
53,weak_campaign,veh_19-w04,OCSLab_Car::normal_run_data.txt::57::test,normal_run_data.txt,OCSLab_Car,veh_19,0,-1,0.928136419001218,attack_free,benign_fp
53,weak_campaign,veh_19-w05,Challenge_S::Pre_train_S_2.csv::765::test,Pre_train_S_2.csv,Challenge_S,veh_19,0,-1,0.8674242424242424,attack_free,benign_fp
53,weak_campaign,veh_19-w06,OCSLab_Car::gear_dataset.csv::743::test,gear_dataset.csv,OCSLab_Car,veh_19,0,-1,0.9342265529841656,attack_free,benign_fp
53,weak_campaign,veh_19-w07,Challenge_S::Pre_train_S_0.csv::282::test,Pre_train_S_0.csv,Challenge_S,veh_19,0,-1,0.617003367003367,attack_free,benign_fp
53,weak_campaign,veh_19-w08,OCSLab_Car::normal_run_data.txt::622::test,normal_run_data.txt,OCSLab_Car,veh_19,0,-1,0.7775071051563135,attack_free,benign_fp
53,weak_campaign,veh_19-w09,Challenge_D::Pre_train_D_2.csv::5::test,Pre_train_D_2.csv,Challenge_D,veh_19,0,-1,0.9953703703703703,attack_free,benign_fp
53,unrelated_incidents,veh_00-w00,Challenge_S::Pre_train_S_2.csv::129::test,Pre_train_S_2.csv,Challenge_S,veh_00,1,0,1.0,flooding,independent_0_flooding
53,unrelated_incidents,veh_00-w01,Challenge_S::Pre_train_S_1.csv::195::test,Pre_train_S_1.csv,Challenge_S,veh_00,1,0,1.0,flooding,independent_0_flooding
53,unrelated_incidents,veh_00-w02,OCSLab_Car::DoS_dataset.csv::115::test,DoS_dataset.csv,OCSLab_Car,veh_00,1,0,1.0,flooding,independent_0_flooding
53,unrelated_incidents,veh_00-w03,Challenge_S::Pre_train_S_2.csv::49::test,Pre_train_S_2.csv,Challenge_S,veh_00,1,0,1.0,flooding,independent_0_flooding
53,unrelated_incidents,veh_00-w04,Challenge_D::Pre_train_D_2.csv::145::test,Pre_train_D_2.csv,Challenge_D,veh_00,1,0,1.0,flooding,independent_0_flooding
53,unrelated_incidents,veh_00-w05,OCSLab_Car::DoS_dataset.csv::322::test,DoS_dataset.csv,OCSLab_Car,veh_00,1,0,1.0,flooding,independent_0_flooding
53,unrelated_incidents,veh_00-w06,Challenge_S::Pre_train_S_1.csv::100::test,Pre_train_S_1.csv,Challenge_S,veh_00,1,0,1.0,flooding,independent_0_flooding
53,unrelated_incidents,veh_00-w07,Challenge_D::Pre_train_D_2.csv::205::test,Pre_train_D_2.csv,Challenge_D,veh_00,1,0,1.0,flooding,independent_0_flooding
53,unrelated_incidents,veh_00-w08,OCSLab_Car::DoS_dataset.csv::329::test,DoS_dataset.csv,OCSLab_Car,veh_00,1,0,1.0,flooding,independent_0_flooding
53,unrelated_incidents,veh_00-w09,OCSLab_Car::DoS_dataset.csv::672::test,DoS_dataset.csv,OCSLab_Car,veh_00,1,0,1.0,flooding,independent_0_flooding
53,unrelated_incidents,veh_01-w00,OCSLab_Car::RPM_dataset.csv::779::test,RPM_dataset.csv,OCSLab_Car,veh_01,1,1,1.0,malfunction_rpm,independent_1_malfunction_rpm
53,unrelated_incidents,veh_01-w01,OCSLab_Car::RPM_dataset.csv::55::test,RPM_dataset.csv,OCSLab_Car,veh_01,1,1,1.0,malfunction_rpm,independent_1_malfunction_rpm
53,unrelated_incidents,veh_01-w02,OCSLab_Car::RPM_dataset.csv::733::test,RPM_dataset.csv,OCSLab_Car,veh_01,1,1,0.9995939910678034,malfunction_rpm,independent_1_malfunction_rpm
53,unrelated_incidents,veh_01-w03,OCSLab_Car::RPM_dataset.csv::280::test,RPM_dataset.csv,OCSLab_Car,veh_01,1,1,1.0,malfunction_rpm,independent_1_malfunction_rpm
53,unrelated_incidents,veh_01-w04,OCSLab_Car::RPM_dataset.csv::14::test,RPM_dataset.csv,OCSLab_Car,veh_01,1,1,1.0,malfunction_rpm,independent_1_malfunction_rpm
53,unrelated_incidents,veh_01-w05,OCSLab_Car::RPM_dataset.csv::587::test,RPM_dataset.csv,OCSLab_Car,veh_01,1,1,1.0,malfunction_rpm,independent_1_malfunction_rpm
53,unrelated_incidents,veh_01-w06,OCSLab_Car::RPM_dataset.csv::377::test,RPM_dataset.csv,OCSLab_Car,veh_01,1,1,1.0,malfunction_rpm,independent_1_malfunction_rpm
53,unrelated_incidents,veh_01-w07,OCSLab_Car::RPM_dataset.csv::404::test,RPM_dataset.csv,OCSLab_Car,veh_01,1,1,1.0,malfunction_rpm,independent_1_malfunction_rpm
53,unrelated_incidents,veh_01-w08,OCSLab_Car::RPM_dataset.csv::458::test,RPM_dataset.csv,OCSLab_Car,veh_01,1,1,1.0,malfunction_rpm,independent_1_malfunction_rpm
53,unrelated_incidents,veh_01-w09,OCSLab_Car::RPM_dataset.csv::11::test,RPM_dataset.csv,OCSLab_Car,veh_01,1,1,1.0,malfunction_rpm,independent_1_malfunction_rpm
53,unrelated_incidents,veh_02-w00,OCSLab_Car::gear_dataset.csv::182::test,gear_dataset.csv,OCSLab_Car,veh_02,1,2,1.0,malfunction_gear,independent_2_malfunction_gear
53,unrelated_incidents,veh_02-w01,OCSLab_Car::gear_dataset.csv::264::test,gear_dataset.csv,OCSLab_Car,veh_02,1,2,1.0,malfunction_gear,independent_2_malfunction_gear
53,unrelated_incidents,veh_02-w02,OCSLab_Car::gear_dataset.csv::197::test,gear_dataset.csv,OCSLab_Car,veh_02,1,2,1.0,malfunction_gear,independent_2_malfunction_gear
53,unrelated_incidents,veh_02-w03,OCSLab_Car::gear_dataset.csv::409::test,gear_dataset.csv,OCSLab_Car,veh_02,1,2,1.0,malfunction_gear,independent_2_malfunction_gear
53,unrelated_incidents,veh_02-w04,OCSLab_Car::gear_dataset.csv::14::test,gear_dataset.csv,OCSLab_Car,veh_02,1,2,1.0,malfunction_gear,independent_2_malfunction_gear
53,unrelated_incidents,veh_02-w05,OCSLab_Car::gear_dataset.csv::8::test,gear_dataset.csv,OCSLab_Car,veh_02,1,2,1.0,malfunction_gear,independent_2_malfunction_gear
53,unrelated_incidents,veh_02-w06,OCSLab_Car::gear_dataset.csv::243::test,gear_dataset.csv,OCSLab_Car,veh_02,1,2,1.0,malfunction_gear,independent_2_malfunction_gear
53,unrelated_incidents,veh_02-w07,OCSLab_Car::gear_dataset.csv::245::test,gear_dataset.csv,OCSLab_Car,veh_02,1,2,1.0,malfunction_gear,independent_2_malfunction_gear
53,unrelated_incidents,veh_02-w08,OCSLab_Car::gear_dataset.csv::279::test,gear_dataset.csv,OCSLab_Car,veh_02,1,2,1.0,malfunction_gear,independent_2_malfunction_gear
53,unrelated_incidents,veh_02-w09,OCSLab_Car::gear_dataset.csv::732::test,gear_dataset.csv,OCSLab_Car,veh_02,1,2,1.0,malfunction_gear,independent_2_malfunction_gear
53,unrelated_incidents,veh_03-w00,OCSLab_Car::Fuzzy_dataset.csv::168::test,Fuzzy_dataset.csv,OCSLab_Car,veh_03,1,3,1.0,fuzzy,independent_3_fuzzy
53,unrelated_incidents,veh_03-w01,OCSLab_Car::Fuzzy_dataset.csv::178::test,Fuzzy_dataset.csv,OCSLab_Car,veh_03,1,3,1.0,fuzzy,independent_3_fuzzy
53,unrelated_incidents,veh_03-w02,OCSLab_Car::Fuzzy_dataset.csv::174::test,Fuzzy_dataset.csv,OCSLab_Car,veh_03,1,3,1.0,fuzzy,independent_3_fuzzy
53,unrelated_incidents,veh_03-w03,OCSLab_Car::Fuzzy_dataset.csv::349::test,Fuzzy_dataset.csv,OCSLab_Car,veh_03,1,3,1.0,fuzzy,independent_3_fuzzy
53,unrelated_incidents,veh_03-w04,OCSLab_Car::Fuzzy_dataset.csv::170::test,Fuzzy_dataset.csv,OCSLab_Car,veh_03,1,3,1.0,fuzzy,independent_3_fuzzy
53,unrelated_incidents,veh_03-w05,OCSLab_Car::Fuzzy_dataset.csv::719::test,Fuzzy_dataset.csv,OCSLab_Car,veh_03,1,3,1.0,fuzzy,independent_3_fuzzy
53,unrelated_incidents,veh_03-w06,OCSLab_Car::Fuzzy_dataset.csv::325::test,Fuzzy_dataset.csv,OCSLab_Car,veh_03,1,3,1.0,fuzzy,independent_3_fuzzy
53,unrelated_incidents,veh_03-w07,OCSLab_Car::Fuzzy_dataset.csv::632::test,Fuzzy_dataset.csv,OCSLab_Car,veh_03,1,3,1.0,fuzzy,independent_3_fuzzy
53,unrelated_incidents,veh_03-w08,OCSLab_Car::Fuzzy_dataset.csv::720::test,Fuzzy_dataset.csv,OCSLab_Car,veh_03,1,3,1.0,fuzzy,independent_3_fuzzy
53,unrelated_incidents,veh_03-w09,OCSLab_Car::Fuzzy_dataset.csv::478::test,Fuzzy_dataset.csv,OCSLab_Car,veh_03,1,3,1.0,fuzzy,independent_3_fuzzy
53,unrelated_incidents,veh_04-w00,Challenge_D::Pre_train_D_1.csv::392::test,Pre_train_D_1.csv,Challenge_D,veh_04,1,4,0.8051346801346801,spoofing,independent_4_spoofing
53,unrelated_incidents,veh_04-w01,Challenge_S::Pre_train_S_2.csv::413::test,Pre_train_S_2.csv,Challenge_S,veh_04,1,4,0.9372895622895624,spoofing,independent_4_spoofing
53,unrelated_incidents,veh_04-w02,Challenge_D::Pre_train_D_2.csv::541::test,Pre_train_D_2.csv,Challenge_D,veh_04,1,4,0.8497474747474747,spoofing,independent_4_spoofing
53,unrelated_incidents,veh_04-w03,Challenge_S::Pre_train_S_1.csv::449::test,Pre_train_S_1.csv,Challenge_S,veh_04,1,4,0.88510101010101,spoofing,independent_4_spoofing
53,unrelated_incidents,veh_04-w04,Challenge_S::Pre_train_S_2.csv::421::test,Pre_train_S_2.csv,Challenge_S,veh_04,1,4,0.9511784511784512,spoofing,independent_4_spoofing
53,unrelated_incidents,veh_04-w05,Challenge_S::Pre_train_S_1.csv::593::test,Pre_train_S_1.csv,Challenge_S,veh_04,1,4,0.8880471380471381,spoofing,independent_4_spoofing
53,unrelated_incidents,veh_04-w06,Challenge_S::Pre_train_S_2.csv::334::test,Pre_train_S_2.csv,Challenge_S,veh_04,1,4,0.8497474747474747,spoofing,independent_4_spoofing
53,unrelated_incidents,veh_04-w07,Challenge_S::Pre_train_S_2.csv::530::test,Pre_train_S_2.csv,Challenge_S,veh_04,1,4,0.9865319865319864,spoofing,independent_4_spoofing
53,unrelated_incidents,veh_04-w08,Challenge_D::Pre_train_D_2.csv::447::test,Pre_train_D_2.csv,Challenge_D,veh_04,1,4,0.9663299663299664,spoofing,independent_4_spoofing
53,unrelated_incidents,veh_04-w09,Challenge_S::Pre_train_S_2.csv::471::test,Pre_train_S_2.csv,Challenge_S,veh_04,1,4,0.9179292929292928,spoofing,independent_4_spoofing
53,unrelated_incidents,veh_05-w00,Challenge_S::Pre_train_S_0.csv::88::test,Pre_train_S_0.csv,Challenge_S,veh_05,0,-1,0.7731481481481481,attack_free,benign_fp
53,unrelated_incidents,veh_05-w01,OCSLab_Car::normal_run_data.txt::218::test,normal_run_data.txt,OCSLab_Car,veh_05,0,-1,0.9269183922046283,attack_free,benign_fp
53,unrelated_incidents,veh_05-w02,OCSLab_Car::gear_dataset.csv::667::test,gear_dataset.csv,OCSLab_Car,veh_05,0,-1,0.65814047909054,attack_free,benign_fp
53,unrelated_incidents,veh_05-w03,OCSLab_Car::RPM_dataset.csv::108::test,RPM_dataset.csv,OCSLab_Car,veh_05,0,-1,0.5797807551766139,attack_free,benign_fp
53,unrelated_incidents,veh_05-w04,OCSLab_Car::RPM_dataset.csv::577::test,RPM_dataset.csv,OCSLab_Car,veh_05,0,-1,0.6914332115306536,attack_free,benign_fp
53,unrelated_incidents,veh_05-w05,OCSLab_Car::gear_dataset.csv::568::test,gear_dataset.csv,OCSLab_Car,veh_05,0,-1,0.7982135606983354,attack_free,benign_fp
53,unrelated_incidents,veh_05-w06,OCSLab_Car::normal_run_data.txt::42::test,normal_run_data.txt,OCSLab_Car,veh_05,0,-1,0.6674786845310596,attack_free,benign_fp
53,unrelated_incidents,veh_05-w07,OCSLab_Car::normal_run_data.txt::97::test,normal_run_data.txt,OCSLab_Car,veh_05,0,-1,0.9427527405602923,attack_free,benign_fp
53,unrelated_incidents,veh_05-w08,OCSLab_Car::normal_run_data.txt::419::test,normal_run_data.txt,OCSLab_Car,veh_05,0,-1,0.9833536337799432,attack_free,benign_fp
53,unrelated_incidents,veh_05-w09,OCSLab_Car::normal_run_data.txt::597::test,normal_run_data.txt,OCSLab_Car,veh_05,0,-1,0.8477466504263094,attack_free,benign_fp
53,unrelated_incidents,veh_06-w00,OCSLab_Car::gear_dataset.csv::612::test,gear_dataset.csv,OCSLab_Car,veh_06,0,-1,0.9447827852212748,attack_free,benign_fp
53,unrelated_incidents,veh_06-w01,Challenge_S::Pre_train_S_1.csv::407::test,Pre_train_S_1.csv,Challenge_S,veh_06,0,-1,0.8880471380471381,attack_free,benign_fp
53,unrelated_incidents,veh_06-w02,Challenge_D::Pre_train_D_0.csv::141::test,Pre_train_D_0.csv,Challenge_D,veh_06,0,-1,0.7668350168350169,attack_free,benign_fp
53,unrelated_incidents,veh_06-w03,OCSLab_Car::gear_dataset.csv::598::test,gear_dataset.csv,OCSLab_Car,veh_06,0,-1,0.6914332115306536,attack_free,benign_fp
53,unrelated_incidents,veh_06-w04,Challenge_D::Pre_train_D_2.csv::581::test,Pre_train_D_2.csv,Challenge_D,veh_06,0,-1,0.6620370370370371,attack_free,benign_fp
53,unrelated_incidents,veh_06-w05,OCSLab_Car::normal_run_data.txt::210::test,normal_run_data.txt,OCSLab_Car,veh_06,0,-1,0.9805115712545676,attack_free,benign_fp
53,unrelated_incidents,veh_06-w06,OCSLab_Car::normal_run_data.txt::492::test,normal_run_data.txt,OCSLab_Car,veh_06,0,-1,0.7263499796995534,attack_free,benign_fp
53,unrelated_incidents,veh_06-w07,OCSLab_Car::RPM_dataset.csv::126::test,RPM_dataset.csv,OCSLab_Car,veh_06,0,-1,0.7226958993097848,attack_free,benign_fp
53,unrelated_incidents,veh_06-w08,OCSLab_Car::normal_run_data.txt::521::test,normal_run_data.txt,OCSLab_Car,veh_06,0,-1,0.7884693463256192,attack_free,benign_fp
53,unrelated_incidents,veh_06-w09,Challenge_S::Pre_train_S_2.csv::578::test,Pre_train_S_2.csv,Challenge_S,veh_06,0,-1,0.5909090909090909,attack_free,benign_fp
53,unrelated_incidents,veh_07-w00,OCSLab_Car::normal_run_data.txt::330::test,normal_run_data.txt,OCSLab_Car,veh_07,0,-1,0.998375964271214,attack_free,benign_fp
53,unrelated_incidents,veh_07-w01,Challenge_S::Pre_train_S_0.csv::65::test,Pre_train_S_0.csv,Challenge_S,veh_07,0,-1,0.8278619528619529,attack_free,benign_fp
53,unrelated_incidents,veh_07-w02,Challenge_D::Pre_train_D_2.csv::660::test,Pre_train_D_2.csv,Challenge_D,veh_07,0,-1,0.6986531986531986,attack_free,benign_fp
53,unrelated_incidents,veh_07-w03,Challenge_S::Pre_train_S_0.csv::266::test,Pre_train_S_0.csv,Challenge_S,veh_07,0,-1,0.6675084175084175,attack_free,benign_fp
53,unrelated_incidents,veh_07-w04,Challenge_D::Pre_train_D_0.csv::85::test,Pre_train_D_0.csv,Challenge_D,veh_07,0,-1,0.8842592592592593,attack_free,benign_fp
53,unrelated_incidents,veh_07-w05,Challenge_S::Pre_train_S_2.csv::631::test,Pre_train_S_2.csv,Challenge_S,veh_07,0,-1,0.997895622895623,attack_free,benign_fp
53,unrelated_incidents,veh_07-w06,OCSLab_Car::gear_dataset.csv::610::test,gear_dataset.csv,OCSLab_Car,veh_07,0,-1,0.6585464880227365,attack_free,benign_fp
53,unrelated_incidents,veh_07-w07,OCSLab_Car::gear_dataset.csv::608::test,gear_dataset.csv,OCSLab_Car,veh_07,0,-1,0.7616727568006496,attack_free,benign_fp
53,unrelated_incidents,veh_07-w08,OCSLab_Car::gear_dataset.csv::65::test,gear_dataset.csv,OCSLab_Car,veh_07,0,-1,0.5818107998375964,attack_free,benign_fp
53,unrelated_incidents,veh_07-w09,OCSLab_Car::gear_dataset.csv::120::test,gear_dataset.csv,OCSLab_Car,veh_07,0,-1,0.7474624441737718,attack_free,benign_fp
53,unrelated_incidents,veh_08-w00,OCSLab_Car::gear_dataset.csv::567::test,gear_dataset.csv,OCSLab_Car,veh_08,0,-1,0.6954933008526187,attack_free,benign_fp
53,unrelated_incidents,veh_08-w01,OCSLab_Car::DoS_dataset.csv::517::test,DoS_dataset.csv,OCSLab_Car,veh_08,0,-1,0.7137637028014616,attack_free,benign_fp
53,unrelated_incidents,veh_08-w02,OCSLab_Car::normal_run_data.txt::98::test,normal_run_data.txt,OCSLab_Car,veh_08,0,-1,0.98254161591555,attack_free,benign_fp
53,unrelated_incidents,veh_08-w03,Challenge_S::Pre_train_S_2.csv::768::test,Pre_train_S_2.csv,Challenge_S,veh_08,0,-1,0.6893939393939394,attack_free,benign_fp
53,unrelated_incidents,veh_08-w04,OCSLab_Car::normal_run_data.txt::732::test,normal_run_data.txt,OCSLab_Car,veh_08,0,-1,0.928948436865611,attack_free,benign_fp
53,unrelated_incidents,veh_08-w05,OCSLab_Car::normal_run_data.txt::575::test,normal_run_data.txt,OCSLab_Car,veh_08,0,-1,0.8725131952902964,attack_free,benign_fp
53,unrelated_incidents,veh_08-w06,Challenge_S::Pre_train_S_0.csv::133::test,Pre_train_S_0.csv,Challenge_S,veh_08,0,-1,0.6893939393939394,attack_free,benign_fp
53,unrelated_incidents,veh_08-w07,OCSLab_Car::normal_run_data.txt::58::test,normal_run_data.txt,OCSLab_Car,veh_08,0,-1,0.9918798213560698,attack_free,benign_fp
53,unrelated_incidents,veh_08-w08,Challenge_D::Pre_train_D_0.csv::112::test,Pre_train_D_0.csv,Challenge_D,veh_08,0,-1,0.7432659932659933,attack_free,benign_fp
53,unrelated_incidents,veh_08-w09,OCSLab_Car::normal_run_data.txt::396::test,normal_run_data.txt,OCSLab_Car,veh_08,0,-1,0.8388144539179861,attack_free,benign_fp
53,unrelated_incidents,veh_09-w00,Challenge_D::Pre_train_D_0.csv::37::test,Pre_train_D_0.csv,Challenge_D,veh_09,0,-1,0.928030303030303,attack_free,benign_fp
53,unrelated_incidents,veh_09-w01,OCSLab_Car::gear_dataset.csv::549::test,gear_dataset.csv,OCSLab_Car,veh_09,0,-1,0.6471782379212343,attack_free,benign_fp
53,unrelated_incidents,veh_09-w02,OCSLab_Car::normal_run_data.txt::226::test,normal_run_data.txt,OCSLab_Car,veh_09,0,-1,0.979293544457978,attack_free,benign_fp
53,unrelated_incidents,veh_09-w03,Challenge_S::Pre_train_S_2.csv::715::test,Pre_train_S_2.csv,Challenge_S,veh_09,0,-1,0.5555555555555556,attack_free,benign_fp
53,unrelated_incidents,veh_09-w04,Challenge_S::Pre_train_S_2.csv::669::test,Pre_train_S_2.csv,Challenge_S,veh_09,0,-1,0.5627104377104377,attack_free,benign_fp
53,unrelated_incidents,veh_09-w05,OCSLab_Car::normal_run_data.txt::261::test,normal_run_data.txt,OCSLab_Car,veh_09,0,-1,0.95696305318717,attack_free,benign_fp
53,unrelated_incidents,veh_09-w06,OCSLab_Car::normal_run_data.txt::242::test,normal_run_data.txt,OCSLab_Car,veh_09,0,-1,0.9833536337799432,attack_free,benign_fp
53,unrelated_incidents,veh_09-w07,OCSLab_Car::gear_dataset.csv::657::test,gear_dataset.csv,OCSLab_Car,veh_09,0,-1,0.8859114900527811,attack_free,benign_fp
53,unrelated_incidents,veh_09-w08,OCSLab_Car::normal_run_data.txt::522::test,normal_run_data.txt,OCSLab_Car,veh_09,0,-1,0.8302882663418595,attack_free,benign_fp
53,unrelated_incidents,veh_09-w09,OCSLab_Car::normal_run_data.txt::251::test,normal_run_data.txt,OCSLab_Car,veh_09,0,-1,0.9663012586276898,attack_free,benign_fp
53,unrelated_incidents,veh_10-w00,OCSLab_Car::gear_dataset.csv::637::test,gear_dataset.csv,OCSLab_Car,veh_10,0,-1,0.7226958993097848,attack_free,benign_fp
53,unrelated_incidents,veh_10-w01,OCSLab_Car::normal_run_data.txt::30::test,normal_run_data.txt,OCSLab_Car,veh_10,0,-1,0.8631749898497767,attack_free,benign_fp
53,unrelated_incidents,veh_10-w02,OCSLab_Car::normal_run_data.txt::607::test,normal_run_data.txt,OCSLab_Car,veh_10,0,-1,0.8745432399512789,attack_free,benign_fp
53,unrelated_incidents,veh_10-w03,Challenge_S::Pre_train_S_2.csv::779::test,Pre_train_S_2.csv,Challenge_S,veh_10,0,-1,0.6881313131313131,attack_free,benign_fp
53,unrelated_incidents,veh_10-w04,OCSLab_Car::RPM_dataset.csv::523::test,RPM_dataset.csv,OCSLab_Car,veh_10,0,-1,0.6090133982947625,attack_free,benign_fp
53,unrelated_incidents,veh_10-w05,Challenge_D::Pre_train_D_2.csv::668::test,Pre_train_D_2.csv,Challenge_D,veh_10,0,-1,0.648989898989899,attack_free,benign_fp
53,unrelated_incidents,veh_10-w06,Challenge_D::Pre_train_D_0.csv::256::test,Pre_train_D_0.csv,Challenge_D,veh_10,0,-1,0.9995791245791246,attack_free,benign_fp
53,unrelated_incidents,veh_10-w07,OCSLab_Car::normal_run_data.txt::333::test,normal_run_data.txt,OCSLab_Car,veh_10,0,-1,0.9821356069833536,attack_free,benign_fp
53,unrelated_incidents,veh_10-w08,Challenge_S::Pre_train_S_0.csv::38::test,Pre_train_S_0.csv,Challenge_S,veh_10,0,-1,0.9966329966329966,attack_free,benign_fp
53,unrelated_incidents,veh_10-w09,OCSLab_Car::normal_run_data.txt::638::test,normal_run_data.txt,OCSLab_Car,veh_10,0,-1,0.9334145351197728,attack_free,benign_fp
53,unrelated_incidents,veh_11-w00,Challenge_S::Pre_train_S_2.csv::767::test,Pre_train_S_2.csv,Challenge_S,veh_11,0,-1,0.7058080808080808,attack_free,benign_fp
53,unrelated_incidents,veh_11-w01,Challenge_D::Pre_train_D_2.csv::3::test,Pre_train_D_2.csv,Challenge_D,veh_11,0,-1,0.7643097643097643,attack_free,benign_fp
53,unrelated_incidents,veh_11-w02,OCSLab_Car::normal_run_data.txt::150::test,normal_run_data.txt,OCSLab_Car,veh_11,0,-1,0.9650832318311002,attack_free,benign_fp
53,unrelated_incidents,veh_11-w03,Challenge_D::Pre_train_D_2.csv::298::test,Pre_train_D_2.csv,Challenge_D,veh_11,0,-1,0.8425925925925926,attack_free,benign_fp
53,unrelated_incidents,veh_11-w04,OCSLab_Car::gear_dataset.csv::646::test,gear_dataset.csv,OCSLab_Car,veh_11,0,-1,0.7109216402760861,attack_free,benign_fp
53,unrelated_incidents,veh_11-w05,Challenge_D::Pre_train_D_0.csv::222::test,Pre_train_D_0.csv,Challenge_D,veh_11,0,-1,0.7756734006734006,attack_free,benign_fp
53,unrelated_incidents,veh_11-w06,OCSLab_Car::gear_dataset.csv::652::test,gear_dataset.csv,OCSLab_Car,veh_11,0,-1,0.8380024360535931,attack_free,benign_fp
53,unrelated_incidents,veh_11-w07,OCSLab_Car::RPM_dataset.csv::137::test,RPM_dataset.csv,OCSLab_Car,veh_11,0,-1,0.561510353227771,attack_free,benign_fp
53,unrelated_incidents,veh_11-w08,OCSLab_Car::normal_run_data.txt::41::test,normal_run_data.txt,OCSLab_Car,veh_11,0,-1,0.7661388550548112,attack_free,benign_fp
53,unrelated_incidents,veh_11-w09,OCSLab_Car::gear_dataset.csv::558::test,gear_dataset.csv,OCSLab_Car,veh_11,0,-1,0.6707267559886317,attack_free,benign_fp
53,unrelated_incidents,veh_12-w00,OCSLab_Car::normal_run_data.txt::573::test,normal_run_data.txt,OCSLab_Car,veh_12,0,-1,0.7884693463256192,attack_free,benign_fp
53,unrelated_incidents,veh_12-w01,Challenge_D::Pre_train_D_2.csv::593::test,Pre_train_D_2.csv,Challenge_D,veh_12,0,-1,0.9612794612794612,attack_free,benign_fp
53,unrelated_incidents,veh_12-w02,Challenge_S::Pre_train_S_1.csv::584::test,Pre_train_S_1.csv,Challenge_S,veh_12,0,-1,0.7403198653198653,attack_free,benign_fp
53,unrelated_incidents,veh_12-w03,Challenge_D::Pre_train_D_0.csv::94::test,Pre_train_D_0.csv,Challenge_D,veh_12,0,-1,0.7289562289562289,attack_free,benign_fp
53,unrelated_incidents,veh_12-w04,OCSLab_Car::normal_run_data.txt::235::test,normal_run_data.txt,OCSLab_Car,veh_12,0,-1,0.9671132764920828,attack_free,benign_fp
53,unrelated_incidents,veh_12-w05,OCSLab_Car::normal_run_data.txt::90::test,normal_run_data.txt,OCSLab_Car,veh_12,0,-1,0.8652050345107593,attack_free,benign_fp
53,unrelated_incidents,veh_12-w06,Challenge_S::Pre_train_S_0.csv::137::test,Pre_train_S_0.csv,Challenge_S,veh_12,0,-1,0.8653198653198653,attack_free,benign_fp
53,unrelated_incidents,veh_12-w07,OCSLab_Car::DoS_dataset.csv::518::test,DoS_dataset.csv,OCSLab_Car,veh_12,0,-1,0.8863174989849777,attack_free,benign_fp
53,unrelated_incidents,veh_12-w08,Challenge_D::Pre_train_D_1.csv::80::test,Pre_train_D_1.csv,Challenge_D,veh_12,0,-1,0.5862794612794613,attack_free,benign_fp
53,unrelated_incidents,veh_12-w09,OCSLab_Car::normal_run_data.txt::301::test,normal_run_data.txt,OCSLab_Car,veh_12,0,-1,0.9878197320341048,attack_free,benign_fp
53,unrelated_incidents,veh_13-w00,Challenge_S::Pre_train_S_1.csv::0::test,Pre_train_S_1.csv,Challenge_S,veh_13,0,-1,0.8005050505050505,attack_free,benign_fp
53,unrelated_incidents,veh_13-w01,OCSLab_Car::normal_run_data.txt::19::test,normal_run_data.txt,OCSLab_Car,veh_13,0,-1,0.9833536337799432,attack_free,benign_fp
53,unrelated_incidents,veh_13-w02,OCSLab_Car::normal_run_data.txt::80::test,normal_run_data.txt,OCSLab_Car,veh_13,0,-1,0.8708891595615104,attack_free,benign_fp
53,unrelated_incidents,veh_13-w03,OCSLab_Car::DoS_dataset.csv::199::test,DoS_dataset.csv,OCSLab_Car,veh_13,0,-1,0.6427121396670726,attack_free,benign_fp
53,unrelated_incidents,veh_13-w04,Challenge_S::Pre_train_S_2.csv::607::test,Pre_train_S_2.csv,Challenge_S,veh_13,0,-1,0.9941077441077442,attack_free,benign_fp
53,unrelated_incidents,veh_13-w05,Challenge_D::Pre_train_D_0.csv::67::test,Pre_train_D_0.csv,Challenge_D,veh_13,0,-1,0.7483164983164983,attack_free,benign_fp
53,unrelated_incidents,veh_13-w06,OCSLab_Car::normal_run_data.txt::490::test,normal_run_data.txt,OCSLab_Car,veh_13,0,-1,0.7365002030044661,attack_free,benign_fp
53,unrelated_incidents,veh_13-w07,Challenge_D::Pre_train_D_1.csv::82::test,Pre_train_D_1.csv,Challenge_D,veh_13,0,-1,0.7912457912457912,attack_free,benign_fp
53,unrelated_incidents,veh_13-w08,OCSLab_Car::normal_run_data.txt::711::test,normal_run_data.txt,OCSLab_Car,veh_13,0,-1,0.8790093382054405,attack_free,benign_fp
53,unrelated_incidents,veh_13-w09,OCSLab_Car::normal_run_data.txt::717::test,normal_run_data.txt,OCSLab_Car,veh_13,0,-1,0.6248477466504263,attack_free,benign_fp
53,unrelated_incidents,veh_14-w00,OCSLab_Car::DoS_dataset.csv::711::test,DoS_dataset.csv,OCSLab_Car,veh_14,0,-1,0.997563946406821,attack_free,benign_fp
53,unrelated_incidents,veh_14-w01,Challenge_D::Pre_train_D_1.csv::454::test,Pre_train_D_1.csv,Challenge_D,veh_14,0,-1,0.5686026936026936,attack_free,benign_fp
53,unrelated_incidents,veh_14-w02,OCSLab_Car::normal_run_data.txt::65::test,normal_run_data.txt,OCSLab_Car,veh_14,0,-1,0.910678034916768,attack_free,benign_fp
53,unrelated_incidents,veh_14-w03,Challenge_D::Pre_train_D_0.csv::288::test,Pre_train_D_0.csv,Challenge_D,veh_14,0,-1,0.5749158249158249,attack_free,benign_fp
53,unrelated_incidents,veh_14-w04,OCSLab_Car::normal_run_data.txt::289::test,normal_run_data.txt,OCSLab_Car,veh_14,0,-1,0.9037758830694276,attack_free,benign_fp
53,unrelated_incidents,veh_14-w05,OCSLab_Car::normal_run_data.txt::435::test,normal_run_data.txt,OCSLab_Car,veh_14,0,-1,0.8274462038164839,attack_free,benign_fp
53,unrelated_incidents,veh_14-w06,OCSLab_Car::normal_run_data.txt::149::test,normal_run_data.txt,OCSLab_Car,veh_14,0,-1,0.996751928542428,attack_free,benign_fp
53,unrelated_incidents,veh_14-w07,OCSLab_Car::normal_run_data.txt::388::test,normal_run_data.txt,OCSLab_Car,veh_14,0,-1,0.8172959805115713,attack_free,benign_fp
53,unrelated_incidents,veh_14-w08,Challenge_S::Pre_train_S_1.csv::764::test,Pre_train_S_1.csv,Challenge_S,veh_14,0,-1,0.7824074074074074,attack_free,benign_fp
53,unrelated_incidents,veh_14-w09,Challenge_D::Pre_train_D_0.csv::271::test,Pre_train_D_0.csv,Challenge_D,veh_14,0,-1,0.6763468013468014,attack_free,benign_fp
53,unrelated_incidents,veh_15-w00,Challenge_S::Pre_train_S_1.csv::751::test,Pre_train_S_1.csv,Challenge_S,veh_15,0,-1,0.8935185185185185,attack_free,benign_fp
53,unrelated_incidents,veh_15-w01,OCSLab_Car::RPM_dataset.csv::136::test,RPM_dataset.csv,OCSLab_Car,veh_15,0,-1,0.5724725943970768,attack_free,benign_fp
53,unrelated_incidents,veh_15-w02,Challenge_S::Pre_train_S_2.csv::775::test,Pre_train_S_2.csv,Challenge_S,veh_15,0,-1,0.8160774410774411,attack_free,benign_fp
53,unrelated_incidents,veh_15-w03,Challenge_S::Pre_train_S_0.csv::92::test,Pre_train_S_0.csv,Challenge_S,veh_15,0,-1,0.6140572390572391,attack_free,benign_fp
53,unrelated_incidents,veh_15-w04,OCSLab_Car::RPM_dataset.csv::707::test,RPM_dataset.csv,OCSLab_Car,veh_15,0,-1,0.5639464068209501,attack_free,benign_fp
53,unrelated_incidents,veh_15-w05,OCSLab_Car::gear_dataset.csv::631::test,gear_dataset.csv,OCSLab_Car,veh_15,0,-1,0.8920016240357288,attack_free,benign_fp
53,unrelated_incidents,veh_15-w06,Challenge_D::Pre_train_D_0.csv::130::test,Pre_train_D_0.csv,Challenge_D,veh_15,0,-1,0.5715488215488216,attack_free,benign_fp
53,unrelated_incidents,veh_15-w07,Challenge_S::Pre_train_S_2.csv::23::test,Pre_train_S_2.csv,Challenge_S,veh_15,0,-1,0.6199494949494949,attack_free,benign_fp
53,unrelated_incidents,veh_15-w08,OCSLab_Car::normal_run_data.txt::622::test,normal_run_data.txt,OCSLab_Car,veh_15,0,-1,0.7775071051563135,attack_free,benign_fp
53,unrelated_incidents,veh_15-w09,OCSLab_Car::normal_run_data.txt::132::test,normal_run_data.txt,OCSLab_Car,veh_15,0,-1,0.9078359723913926,attack_free,benign_fp
53,unrelated_incidents,veh_16-w00,OCSLab_Car::gear_dataset.csv::606::test,gear_dataset.csv,OCSLab_Car,veh_16,0,-1,0.6967113276492083,attack_free,benign_fp
53,unrelated_incidents,veh_16-w01,OCSLab_Car::normal_run_data.txt::31::test,normal_run_data.txt,OCSLab_Car,veh_16,0,-1,0.951278928136419,attack_free,benign_fp
53,unrelated_incidents,veh_16-w02,Challenge_S::Pre_train_S_0.csv::174::test,Pre_train_S_0.csv,Challenge_S,veh_16,0,-1,0.6805555555555556,attack_free,benign_fp
53,unrelated_incidents,veh_16-w03,OCSLab_Car::RPM_dataset.csv::608::test,RPM_dataset.csv,OCSLab_Car,veh_16,0,-1,0.9667072675598865,attack_free,benign_fp
53,unrelated_incidents,veh_16-w04,Challenge_S::Pre_train_S_2.csv::13::test,Pre_train_S_2.csv,Challenge_S,veh_16,0,-1,0.9494949494949496,attack_free,benign_fp
53,unrelated_incidents,veh_16-w05,Challenge_S::Pre_train_S_0.csv::160::test,Pre_train_S_0.csv,Challenge_S,veh_16,0,-1,0.5538720538720538,attack_free,benign_fp
53,unrelated_incidents,veh_16-w06,Challenge_S::Pre_train_S_1.csv::21::test,Pre_train_S_1.csv,Challenge_S,veh_16,0,-1,0.9326599326599326,attack_free,benign_fp
53,unrelated_incidents,veh_16-w07,OCSLab_Car::normal_run_data.txt::111::test,normal_run_data.txt,OCSLab_Car,veh_16,0,-1,0.9650832318311002,attack_free,benign_fp
53,unrelated_incidents,veh_16-w08,Challenge_D::Pre_train_D_0.csv::205::test,Pre_train_D_0.csv,Challenge_D,veh_16,0,-1,0.6199494949494949,attack_free,benign_fp
53,unrelated_incidents,veh_16-w09,OCSLab_Car::normal_run_data.txt::428::test,normal_run_data.txt,OCSLab_Car,veh_16,0,-1,0.8944376776289078,attack_free,benign_fp
53,unrelated_incidents,veh_17-w00,OCSLab_Car::gear_dataset.csv::609::test,gear_dataset.csv,OCSLab_Car,veh_17,0,-1,0.657328461226147,attack_free,benign_fp
53,unrelated_incidents,veh_17-w01,OCSLab_Car::normal_run_data.txt::116::test,normal_run_data.txt,OCSLab_Car,veh_17,0,-1,0.976857490864799,attack_free,benign_fp
53,unrelated_incidents,veh_17-w02,Challenge_D::Pre_train_D_2.csv::301::test,Pre_train_D_2.csv,Challenge_D,veh_17,0,-1,0.6460437710437711,attack_free,benign_fp
53,unrelated_incidents,veh_17-w03,OCSLab_Car::normal_run_data.txt::257::test,normal_run_data.txt,OCSLab_Car,veh_17,0,-1,0.877791311408851,attack_free,benign_fp
53,unrelated_incidents,veh_17-w04,OCSLab_Car::gear_dataset.csv::155::test,gear_dataset.csv,OCSLab_Car,veh_17,0,-1,0.5866829070239545,attack_free,benign_fp
53,unrelated_incidents,veh_17-w05,OCSLab_Car::normal_run_data.txt::446::test,normal_run_data.txt,OCSLab_Car,veh_17,0,-1,0.9464068209500608,attack_free,benign_fp
53,unrelated_incidents,veh_17-w06,OCSLab_Car::normal_run_data.txt::66::test,normal_run_data.txt,OCSLab_Car,veh_17,0,-1,0.7807551766138855,attack_free,benign_fp
53,unrelated_incidents,veh_17-w07,Challenge_S::Pre_train_S_1.csv::772::test,Pre_train_S_1.csv,Challenge_S,veh_17,0,-1,0.6447811447811448,attack_free,benign_fp
53,unrelated_incidents,veh_17-w08,OCSLab_Car::normal_run_data.txt::101::test,normal_run_data.txt,OCSLab_Car,veh_17,0,-1,0.8891595615103532,attack_free,benign_fp
53,unrelated_incidents,veh_17-w09,Challenge_S::Pre_train_S_1.csv::7::test,Pre_train_S_1.csv,Challenge_S,veh_17,0,-1,0.7365319865319865,attack_free,benign_fp
53,unrelated_incidents,veh_18-w00,OCSLab_Car::normal_run_data.txt::195::test,normal_run_data.txt,OCSLab_Car,veh_18,0,-1,0.7247259439707674,attack_free,benign_fp
53,unrelated_incidents,veh_18-w01,Challenge_D::Pre_train_D_2.csv::631::test,Pre_train_D_2.csv,Challenge_D,veh_18,0,-1,0.5787037037037037,attack_free,benign_fp
53,unrelated_incidents,veh_18-w02,OCSLab_Car::normal_run_data.txt::429::test,normal_run_data.txt,OCSLab_Car,veh_18,0,-1,0.9801055623223712,attack_free,benign_fp
53,unrelated_incidents,veh_18-w03,Challenge_S::Pre_train_S_2.csv::624::test,Pre_train_S_2.csv,Challenge_S,veh_18,0,-1,0.8152356902356902,attack_free,benign_fp
53,unrelated_incidents,veh_18-w04,Challenge_D::Pre_train_D_1.csv::521::test,Pre_train_D_1.csv,Challenge_D,veh_18,0,-1,0.5698653198653199,attack_free,benign_fp
53,unrelated_incidents,veh_18-w05,Challenge_S::Pre_train_S_0.csv::163::test,Pre_train_S_0.csv,Challenge_S,veh_18,0,-1,0.6195286195286195,attack_free,benign_fp
53,unrelated_incidents,veh_18-w06,OCSLab_Car::normal_run_data.txt::571::test,normal_run_data.txt,OCSLab_Car,veh_18,0,-1,0.903369874137231,attack_free,benign_fp
53,unrelated_incidents,veh_18-w07,Challenge_S::Pre_train_S_1.csv::763::test,Pre_train_S_1.csv,Challenge_S,veh_18,0,-1,0.5917508417508418,attack_free,benign_fp
53,unrelated_incidents,veh_18-w08,OCSLab_Car::normal_run_data.txt::156::test,normal_run_data.txt,OCSLab_Car,veh_18,0,-1,0.9350385708485588,attack_free,benign_fp
53,unrelated_incidents,veh_18-w09,OCSLab_Car::normal_run_data.txt::710::test,normal_run_data.txt,OCSLab_Car,veh_18,0,-1,0.7356881851400731,attack_free,benign_fp
53,unrelated_incidents,veh_19-w00,OCSLab_Car::normal_run_data.txt::122::test,normal_run_data.txt,OCSLab_Car,veh_19,0,-1,0.98254161591555,attack_free,benign_fp
53,unrelated_incidents,veh_19-w01,Challenge_D::Pre_train_D_2.csv::662::test,Pre_train_D_2.csv,Challenge_D,veh_19,0,-1,0.9823232323232324,attack_free,benign_fp
53,unrelated_incidents,veh_19-w02,OCSLab_Car::normal_run_data.txt::687::test,normal_run_data.txt,OCSLab_Car,veh_19,0,-1,0.7535525781567195,attack_free,benign_fp
53,unrelated_incidents,veh_19-w03,Challenge_D::Pre_train_D_0.csv::172::test,Pre_train_D_0.csv,Challenge_D,veh_19,0,-1,0.6060606060606061,attack_free,benign_fp
53,unrelated_incidents,veh_19-w04,Challenge_D::Pre_train_D_2.csv::311::test,Pre_train_D_2.csv,Challenge_D,veh_19,0,-1,0.696969696969697,attack_free,benign_fp
53,unrelated_incidents,veh_19-w05,OCSLab_Car::DoS_dataset.csv::556::test,DoS_dataset.csv,OCSLab_Car,veh_19,0,-1,0.5671944782785221,attack_free,benign_fp
53,unrelated_incidents,veh_19-w06,OCSLab_Car::normal_run_data.txt::372::test,normal_run_data.txt,OCSLab_Car,veh_19,0,-1,0.7637028014616322,attack_free,benign_fp
53,unrelated_incidents,veh_19-w07,OCSLab_Car::normal_run_data.txt::190::test,normal_run_data.txt,OCSLab_Car,veh_19,0,-1,0.8030856678846935,attack_free,benign_fp
53,unrelated_incidents,veh_19-w08,Challenge_D::Pre_train_D_2.csv::315::test,Pre_train_D_2.csv,Challenge_D,veh_19,0,-1,0.6872895622895623,attack_free,benign_fp
53,unrelated_incidents,veh_19-w09,Challenge_S::Pre_train_S_2.csv::769::test,Pre_train_S_2.csv,Challenge_S,veh_19,0,-1,0.6868686868686869,attack_free,benign_fp
67,strong_campaign,veh_00-w00,Challenge_S::Pre_train_S_2.csv::302::test,Pre_train_S_2.csv,Challenge_S,veh_00,1,0,0.9566498316498316,spoofing,spoofing
67,strong_campaign,veh_00-w01,Challenge_D::Pre_train_D_2.csv::574::test,Pre_train_D_2.csv,Challenge_D,veh_00,1,0,0.86489898989899,spoofing,spoofing
67,strong_campaign,veh_00-w02,Challenge_S::Pre_train_S_1.csv::323::test,Pre_train_S_1.csv,Challenge_S,veh_00,1,0,0.9124579124579124,spoofing,spoofing
67,strong_campaign,veh_00-w03,Challenge_S::Pre_train_S_2.csv::334::test,Pre_train_S_2.csv,Challenge_S,veh_00,1,0,0.8497474747474747,spoofing,spoofing
67,strong_campaign,veh_00-w04,Challenge_S::Pre_train_S_2.csv::310::test,Pre_train_S_2.csv,Challenge_S,veh_00,1,0,0.859006734006734,spoofing,spoofing
67,strong_campaign,veh_00-w05,Challenge_S::Pre_train_S_1.csv::424::test,Pre_train_S_1.csv,Challenge_S,veh_00,1,0,0.9772727272727272,spoofing,spoofing
67,strong_campaign,veh_00-w06,Challenge_S::Pre_train_S_1.csv::378::test,Pre_train_S_1.csv,Challenge_S,veh_00,1,0,0.9023569023569024,spoofing,spoofing
67,strong_campaign,veh_00-w07,Challenge_D::Pre_train_D_2.csv::547::test,Pre_train_D_2.csv,Challenge_D,veh_00,1,0,0.8232323232323232,spoofing,spoofing
67,strong_campaign,veh_00-w08,Challenge_S::Pre_train_S_2.csv::398::test,Pre_train_S_2.csv,Challenge_S,veh_00,1,0,0.9398148148148148,spoofing,spoofing
67,strong_campaign,veh_00-w09,Challenge_D::Pre_train_D_2.csv::521::test,Pre_train_D_2.csv,Challenge_D,veh_00,1,0,0.9806397306397306,spoofing,spoofing
67,strong_campaign,veh_01-w00,Challenge_D::Pre_train_D_2.csv::457::test,Pre_train_D_2.csv,Challenge_D,veh_01,1,0,0.8177609427609428,spoofing,spoofing
67,strong_campaign,veh_01-w01,Challenge_S::Pre_train_S_2.csv::350::test,Pre_train_S_2.csv,Challenge_S,veh_01,1,0,0.9865319865319864,spoofing,spoofing
67,strong_campaign,veh_01-w02,Challenge_S::Pre_train_S_2.csv::507::test,Pre_train_S_2.csv,Challenge_S,veh_01,1,0,0.8762626262626263,spoofing,spoofing
67,strong_campaign,veh_01-w03,Challenge_S::Pre_train_S_2.csv::389::test,Pre_train_S_2.csv,Challenge_S,veh_01,1,0,0.9276094276094276,spoofing,spoofing
67,strong_campaign,veh_01-w04,Challenge_D::Pre_train_D_2.csv::428::test,Pre_train_D_2.csv,Challenge_D,veh_01,1,0,0.9848484848484848,spoofing,spoofing
67,strong_campaign,veh_01-w05,Challenge_S::Pre_train_S_2.csv::415::test,Pre_train_S_2.csv,Challenge_S,veh_01,1,0,0.8560606060606061,spoofing,spoofing
67,strong_campaign,veh_01-w06,Challenge_D::Pre_train_D_1.csv::479::test,Pre_train_D_1.csv,Challenge_D,veh_01,1,0,0.8686868686868687,spoofing,spoofing
67,strong_campaign,veh_01-w07,Challenge_S::Pre_train_S_2.csv::379::test,Pre_train_S_2.csv,Challenge_S,veh_01,1,0,0.8855218855218855,spoofing,spoofing
67,strong_campaign,veh_01-w08,Challenge_S::Pre_train_S_2.csv::512::test,Pre_train_S_2.csv,Challenge_S,veh_01,1,0,0.9284511784511784,spoofing,spoofing
67,strong_campaign,veh_01-w09,Challenge_S::Pre_train_S_2.csv::358::test,Pre_train_S_2.csv,Challenge_S,veh_01,1,0,0.9936868686868688,spoofing,spoofing
67,strong_campaign,veh_02-w00,Challenge_D::Pre_train_D_2.csv::567::test,Pre_train_D_2.csv,Challenge_D,veh_02,1,0,0.9831649831649832,spoofing,spoofing
67,strong_campaign,veh_02-w01,Challenge_S::Pre_train_S_2.csv::441::test,Pre_train_S_2.csv,Challenge_S,veh_02,1,0,0.9284511784511784,spoofing,spoofing
67,strong_campaign,veh_02-w02,Challenge_S::Pre_train_S_2.csv::401::test,Pre_train_S_2.csv,Challenge_S,veh_02,1,0,0.9915824915824916,spoofing,spoofing
67,strong_campaign,veh_02-w03,Challenge_S::Pre_train_S_1.csv::342::test,Pre_train_S_1.csv,Challenge_S,veh_02,1,0,0.8320707070707071,spoofing,spoofing
67,strong_campaign,veh_02-w04,Challenge_S::Pre_train_S_1.csv::447::test,Pre_train_S_1.csv,Challenge_S,veh_02,1,0,0.9431818181818182,spoofing,spoofing
67,strong_campaign,veh_02-w05,Challenge_D::Pre_train_D_2.csv::552::test,Pre_train_D_2.csv,Challenge_D,veh_02,1,0,0.8164983164983165,spoofing,spoofing
67,strong_campaign,veh_02-w06,Challenge_D::Pre_train_D_1.csv::386::test,Pre_train_D_1.csv,Challenge_D,veh_02,1,0,0.8968855218855218,spoofing,spoofing
67,strong_campaign,veh_02-w07,Challenge_S::Pre_train_S_2.csv::411::test,Pre_train_S_2.csv,Challenge_S,veh_02,1,0,0.9819023569023568,spoofing,spoofing
67,strong_campaign,veh_02-w08,Challenge_S::Pre_train_S_2.csv::528::test,Pre_train_S_2.csv,Challenge_S,veh_02,1,0,0.8135521885521886,spoofing,spoofing
67,strong_campaign,veh_02-w09,Challenge_S::Pre_train_S_2.csv::498::test,Pre_train_S_2.csv,Challenge_S,veh_02,1,0,0.9427609427609428,spoofing,spoofing
67,strong_campaign,veh_03-w00,Challenge_S::Pre_train_S_1.csv::358::test,Pre_train_S_1.csv,Challenge_S,veh_03,1,0,0.9671717171717172,spoofing,spoofing
67,strong_campaign,veh_03-w01,Challenge_S::Pre_train_S_1.csv::586::test,Pre_train_S_1.csv,Challenge_S,veh_03,1,0,0.8952020202020202,spoofing,spoofing
67,strong_campaign,veh_03-w02,Challenge_S::Pre_train_S_2.csv::481::test,Pre_train_S_2.csv,Challenge_S,veh_03,1,0,0.9503367003367004,spoofing,spoofing
67,strong_campaign,veh_03-w03,Challenge_D::Pre_train_D_1.csv::388::test,Pre_train_D_1.csv,Challenge_D,veh_03,1,0,0.8674242424242424,spoofing,spoofing
67,strong_campaign,veh_03-w04,Challenge_S::Pre_train_S_1.csv::300::test,Pre_train_S_1.csv,Challenge_S,veh_03,1,0,0.88510101010101,spoofing,spoofing
67,strong_campaign,veh_03-w05,Challenge_S::Pre_train_S_2.csv::460::test,Pre_train_S_2.csv,Challenge_S,veh_03,1,0,0.9957912457912458,spoofing,spoofing
67,strong_campaign,veh_03-w06,Challenge_S::Pre_train_S_1.csv::309::test,Pre_train_S_1.csv,Challenge_S,veh_03,1,0,0.9558080808080808,spoofing,spoofing
67,strong_campaign,veh_03-w07,Challenge_S::Pre_train_S_2.csv::454::test,Pre_train_S_2.csv,Challenge_S,veh_03,1,0,0.9120370370370372,spoofing,spoofing
67,strong_campaign,veh_03-w08,Challenge_D::Pre_train_D_2.csv::502::test,Pre_train_D_2.csv,Challenge_D,veh_03,1,0,0.8345959595959596,spoofing,spoofing
67,strong_campaign,veh_03-w09,Challenge_S::Pre_train_S_2.csv::486::test,Pre_train_S_2.csv,Challenge_S,veh_03,1,0,0.8278619528619529,spoofing,spoofing
67,strong_campaign,veh_04-w00,Challenge_S::Pre_train_S_2.csv::396::test,Pre_train_S_2.csv,Challenge_S,veh_04,1,0,0.9583333333333334,spoofing,spoofing
67,strong_campaign,veh_04-w01,Challenge_D::Pre_train_D_2.csv::469::test,Pre_train_D_2.csv,Challenge_D,veh_04,1,0,0.9991582491582492,spoofing,spoofing
67,strong_campaign,veh_04-w02,Challenge_S::Pre_train_S_2.csv::410::test,Pre_train_S_2.csv,Challenge_S,veh_04,1,0,0.9886363636363636,spoofing,spoofing
67,strong_campaign,veh_04-w03,Challenge_S::Pre_train_S_2.csv::371::test,Pre_train_S_2.csv,Challenge_S,veh_04,1,0,0.9701178451178452,spoofing,spoofing
67,strong_campaign,veh_04-w04,Challenge_D::Pre_train_D_2.csv::441::test,Pre_train_D_2.csv,Challenge_D,veh_04,1,0,0.9128787878787878,spoofing,spoofing
67,strong_campaign,veh_04-w05,Challenge_D::Pre_train_D_1.csv::494::test,Pre_train_D_1.csv,Challenge_D,veh_04,1,0,0.8236531986531986,spoofing,spoofing
67,strong_campaign,veh_04-w06,Challenge_S::Pre_train_S_2.csv::384::test,Pre_train_S_2.csv,Challenge_S,veh_04,1,0,0.9865319865319864,spoofing,spoofing
67,strong_campaign,veh_04-w07,Challenge_S::Pre_train_S_1.csv::555::test,Pre_train_S_1.csv,Challenge_S,veh_04,1,0,0.9583333333333334,spoofing,spoofing
67,strong_campaign,veh_04-w08,Challenge_S::Pre_train_S_2.csv::373::test,Pre_train_S_2.csv,Challenge_S,veh_04,1,0,0.8585858585858586,spoofing,spoofing
67,strong_campaign,veh_04-w09,Challenge_S::Pre_train_S_2.csv::494::test,Pre_train_S_2.csv,Challenge_S,veh_04,1,0,0.9179292929292928,spoofing,spoofing
67,strong_campaign,veh_05-w00,Challenge_S::Pre_train_S_0.csv::43::test,Pre_train_S_0.csv,Challenge_S,veh_05,0,-1,0.8674242424242424,attack_free,benign_fp
67,strong_campaign,veh_05-w01,OCSLab_Car::normal_run_data.txt::270::test,normal_run_data.txt,OCSLab_Car,veh_05,0,-1,0.9638652050345108,attack_free,benign_fp
67,strong_campaign,veh_05-w02,Challenge_D::Pre_train_D_1.csv::500::test,Pre_train_D_1.csv,Challenge_D,veh_05,0,-1,0.6136363636363636,attack_free,benign_fp
67,strong_campaign,veh_05-w03,OCSLab_Car::normal_run_data.txt::514::test,normal_run_data.txt,OCSLab_Car,veh_05,0,-1,0.8952496954933008,attack_free,benign_fp
67,strong_campaign,veh_05-w04,OCSLab_Car::normal_run_data.txt::145::test,normal_run_data.txt,OCSLab_Car,veh_05,0,-1,0.9516849370686156,attack_free,benign_fp
67,strong_campaign,veh_05-w05,OCSLab_Car::normal_run_data.txt::485::test,normal_run_data.txt,OCSLab_Car,veh_05,0,-1,0.9618351603735282,attack_free,benign_fp
67,strong_campaign,veh_05-w06,Challenge_D::Pre_train_D_0.csv::247::test,Pre_train_D_0.csv,Challenge_D,veh_05,0,-1,0.9528619528619529,attack_free,benign_fp
67,strong_campaign,veh_05-w07,OCSLab_Car::normal_run_data.txt::33::test,normal_run_data.txt,OCSLab_Car,veh_05,0,-1,0.9447827852212748,attack_free,benign_fp
67,strong_campaign,veh_05-w08,OCSLab_Car::normal_run_data.txt::43::test,normal_run_data.txt,OCSLab_Car,veh_05,0,-1,0.8457166057653268,attack_free,benign_fp
67,strong_campaign,veh_05-w09,Challenge_D::Pre_train_D_2.csv::8::test,Pre_train_D_2.csv,Challenge_D,veh_05,0,-1,0.7138047138047138,attack_free,benign_fp
67,strong_campaign,veh_06-w00,OCSLab_Car::gear_dataset.csv::537::test,gear_dataset.csv,OCSLab_Car,veh_06,0,-1,0.758018676410881,attack_free,benign_fp
67,strong_campaign,veh_06-w01,Challenge_S::Pre_train_S_0.csv::189::test,Pre_train_S_0.csv,Challenge_S,veh_06,0,-1,0.7302188552188552,attack_free,benign_fp
67,strong_campaign,veh_06-w02,Challenge_D::Pre_train_D_2.csv::721::test,Pre_train_D_2.csv,Challenge_D,veh_06,0,-1,0.6553030303030303,attack_free,benign_fp
67,strong_campaign,veh_06-w03,OCSLab_Car::RPM_dataset.csv::113::test,RPM_dataset.csv,OCSLab_Car,veh_06,0,-1,0.5740966301258628,attack_free,benign_fp
67,strong_campaign,veh_06-w04,Challenge_S::Pre_train_S_0.csv::26::test,Pre_train_S_0.csv,Challenge_S,veh_06,0,-1,0.944023569023569,attack_free,benign_fp
67,strong_campaign,veh_06-w05,OCSLab_Car::normal_run_data.txt::695::test,normal_run_data.txt,OCSLab_Car,veh_06,0,-1,0.8984977669508729,attack_free,benign_fp
67,strong_campaign,veh_06-w06,OCSLab_Car::gear_dataset.csv::589::test,gear_dataset.csv,OCSLab_Car,veh_06,0,-1,0.5866829070239545,attack_free,benign_fp
67,strong_campaign,veh_06-w07,OCSLab_Car::gear_dataset.csv::303::test,gear_dataset.csv,OCSLab_Car,veh_06,0,-1,0.5842468534307754,attack_free,benign_fp
67,strong_campaign,veh_06-w08,OCSLab_Car::normal_run_data.txt::219::test,normal_run_data.txt,OCSLab_Car,veh_06,0,-1,0.9492488834754363,attack_free,benign_fp
67,strong_campaign,veh_06-w09,OCSLab_Car::RPM_dataset.csv::609::test,RPM_dataset.csv,OCSLab_Car,veh_06,0,-1,0.9675192854242792,attack_free,benign_fp
67,strong_campaign,veh_07-w00,OCSLab_Car::normal_run_data.txt::606::test,normal_run_data.txt,OCSLab_Car,veh_07,0,-1,0.9703613479496548,attack_free,benign_fp
67,strong_campaign,veh_07-w01,Challenge_S::Pre_train_S_2.csv::581::test,Pre_train_S_2.csv,Challenge_S,veh_07,0,-1,0.8615319865319865,attack_free,benign_fp
67,strong_campaign,veh_07-w02,OCSLab_Car::normal_run_data.txt::335::test,normal_run_data.txt,OCSLab_Car,veh_07,0,-1,0.9350385708485588,attack_free,benign_fp
67,strong_campaign,veh_07-w03,Challenge_S::Pre_train_S_0.csv::218::test,Pre_train_S_0.csv,Challenge_S,veh_07,0,-1,0.5707070707070707,attack_free,benign_fp
67,strong_campaign,veh_07-w04,Challenge_D::Pre_train_D_0.csv::259::test,Pre_train_D_0.csv,Challenge_D,veh_07,0,-1,0.6073232323232324,attack_free,benign_fp
67,strong_campaign,veh_07-w05,Challenge_D::Pre_train_D_1.csv::527::test,Pre_train_D_1.csv,Challenge_D,veh_07,0,-1,0.7314814814814815,attack_free,benign_fp
67,strong_campaign,veh_07-w06,Challenge_D::Pre_train_D_0.csv::43::test,Pre_train_D_0.csv,Challenge_D,veh_07,0,-1,0.6216329966329966,attack_free,benign_fp
67,strong_campaign,veh_07-w07,OCSLab_Car::normal_run_data.txt::111::test,normal_run_data.txt,OCSLab_Car,veh_07,0,-1,0.9650832318311002,attack_free,benign_fp
67,strong_campaign,veh_07-w08,OCSLab_Car::gear_dataset.csv::655::test,gear_dataset.csv,OCSLab_Car,veh_07,0,-1,0.8676410881039383,attack_free,benign_fp
67,strong_campaign,veh_07-w09,OCSLab_Car::RPM_dataset.csv::108::test,RPM_dataset.csv,OCSLab_Car,veh_07,0,-1,0.5797807551766139,attack_free,benign_fp
67,strong_campaign,veh_08-w00,OCSLab_Car::normal_run_data.txt::201::test,normal_run_data.txt,OCSLab_Car,veh_08,0,-1,0.95696305318717,attack_free,benign_fp
67,strong_campaign,veh_08-w01,OCSLab_Car::normal_run_data.txt::306::test,normal_run_data.txt,OCSLab_Car,veh_08,0,-1,0.9634591961023142,attack_free,benign_fp
67,strong_campaign,veh_08-w02,OCSLab_Car::normal_run_data.txt::307::test,normal_run_data.txt,OCSLab_Car,veh_08,0,-1,0.9171741778319124,attack_free,benign_fp
67,strong_campaign,veh_08-w03,OCSLab_Car::normal_run_data.txt::57::test,normal_run_data.txt,OCSLab_Car,veh_08,0,-1,0.928136419001218,attack_free,benign_fp
67,strong_campaign,veh_08-w04,Challenge_S::Pre_train_S_0.csv::68::test,Pre_train_S_0.csv,Challenge_S,veh_08,0,-1,0.997895622895623,attack_free,benign_fp
67,strong_campaign,veh_08-w05,OCSLab_Car::normal_run_data.txt::247::test,normal_run_data.txt,OCSLab_Car,veh_08,0,-1,0.9801055623223712,attack_free,benign_fp
67,strong_campaign,veh_08-w06,OCSLab_Car::gear_dataset.csv::748::test,gear_dataset.csv,OCSLab_Car,veh_08,0,-1,0.6447421843280552,attack_free,benign_fp
67,strong_campaign,veh_08-w07,OCSLab_Car::normal_run_data.txt::694::test,normal_run_data.txt,OCSLab_Car,veh_08,0,-1,0.7182298010556232,attack_free,benign_fp
67,strong_campaign,veh_08-w08,OCSLab_Car::DoS_dataset.csv::221::test,DoS_dataset.csv,OCSLab_Car,veh_08,0,-1,0.6552984165651644,attack_free,benign_fp
67,strong_campaign,veh_08-w09,OCSLab_Car::normal_run_data.txt::283::test,normal_run_data.txt,OCSLab_Car,veh_08,0,-1,0.9045879009338206,attack_free,benign_fp
67,strong_campaign,veh_09-w00,Challenge_S::Pre_train_S_1.csv::487::test,Pre_train_S_1.csv,Challenge_S,veh_09,0,-1,0.7697811447811448,attack_free,benign_fp
67,strong_campaign,veh_09-w01,OCSLab_Car::gear_dataset.csv::548::test,gear_dataset.csv,OCSLab_Car,veh_09,0,-1,0.7105156313438896,attack_free,benign_fp
67,strong_campaign,veh_09-w02,Challenge_S::Pre_train_S_2.csv::641::test,Pre_train_S_2.csv,Challenge_S,veh_09,0,-1,0.9065656565656566,attack_free,benign_fp
67,strong_campaign,veh_09-w03,Challenge_S::Pre_train_S_1.csv::419::test,Pre_train_S_1.csv,Challenge_S,veh_09,0,-1,0.922979797979798,attack_free,benign_fp
67,strong_campaign,veh_09-w04,OCSLab_Car::normal_run_data.txt::722::test,normal_run_data.txt,OCSLab_Car,veh_09,0,-1,0.8246041412911084,attack_free,benign_fp
67,strong_campaign,veh_09-w05,OCSLab_Car::normal_run_data.txt::83::test,normal_run_data.txt,OCSLab_Car,veh_09,0,-1,0.6995533901745838,attack_free,benign_fp
67,strong_campaign,veh_09-w06,OCSLab_Car::normal_run_data.txt::21::test,normal_run_data.txt,OCSLab_Car,veh_09,0,-1,0.6865611043442956,attack_free,benign_fp
67,strong_campaign,veh_09-w07,Challenge_D::Pre_train_D_2.csv::44::test,Pre_train_D_2.csv,Challenge_D,veh_09,0,-1,0.9225589225589226,attack_free,benign_fp
67,strong_campaign,veh_09-w08,OCSLab_Car::normal_run_data.txt::600::test,normal_run_data.txt,OCSLab_Car,veh_09,0,-1,0.9801055623223712,attack_free,benign_fp
67,strong_campaign,veh_09-w09,OCSLab_Car::gear_dataset.csv::305::test,gear_dataset.csv,OCSLab_Car,veh_09,0,-1,0.5716605765326838,attack_free,benign_fp
67,strong_campaign,veh_10-w00,Challenge_S::Pre_train_S_2.csv::770::test,Pre_train_S_2.csv,Challenge_S,veh_10,0,-1,0.6498316498316499,attack_free,benign_fp
67,strong_campaign,veh_10-w01,OCSLab_Car::normal_run_data.txt::747::test,normal_run_data.txt,OCSLab_Car,veh_10,0,-1,0.6995533901745838,attack_free,benign_fp
67,strong_campaign,veh_10-w02,OCSLab_Car::normal_run_data.txt::220::test,normal_run_data.txt,OCSLab_Car,veh_10,0,-1,0.9813235891189608,attack_free,benign_fp
67,strong_campaign,veh_10-w03,OCSLab_Car::normal_run_data.txt::788::test,normal_run_data.txt,OCSLab_Car,veh_10,0,-1,0.6285018270401949,attack_free,benign_fp
67,strong_campaign,veh_10-w04,OCSLab_Car::normal_run_data.txt::658::test,normal_run_data.txt,OCSLab_Car,veh_10,0,-1,0.8721071863580999,attack_free,benign_fp
67,strong_campaign,veh_10-w05,Challenge_D::Pre_train_D_2.csv::41::test,Pre_train_D_2.csv,Challenge_D,veh_10,0,-1,0.7596801346801347,attack_free,benign_fp
67,strong_campaign,veh_10-w06,OCSLab_Car::normal_run_data.txt::587::test,normal_run_data.txt,OCSLab_Car,veh_10,0,-1,0.976045473000406,attack_free,benign_fp
67,strong_campaign,veh_10-w07,Challenge_D::Pre_train_D_0.csv::107::test,Pre_train_D_0.csv,Challenge_D,veh_10,0,-1,0.9381313131313131,attack_free,benign_fp
67,strong_campaign,veh_10-w08,Challenge_D::Pre_train_D_0.csv::64::test,Pre_train_D_0.csv,Challenge_D,veh_10,0,-1,0.6191077441077442,attack_free,benign_fp
67,strong_campaign,veh_10-w09,OCSLab_Car::gear_dataset.csv::105::test,gear_dataset.csv,OCSLab_Car,veh_10,0,-1,0.7145757206658546,attack_free,benign_fp
67,strong_campaign,veh_11-w00,OCSLab_Car::normal_run_data.txt::40::test,normal_run_data.txt,OCSLab_Car,veh_11,0,-1,0.8729192042224929,attack_free,benign_fp
67,strong_campaign,veh_11-w01,Challenge_S::Pre_train_S_0.csv::95::test,Pre_train_S_0.csv,Challenge_S,veh_11,0,-1,0.8017676767676768,attack_free,benign_fp
67,strong_campaign,veh_11-w02,OCSLab_Car::DoS_dataset.csv::391::test,DoS_dataset.csv,OCSLab_Car,veh_11,0,-1,0.5647584246853431,attack_free,benign_fp
67,strong_campaign,veh_11-w03,OCSLab_Car::normal_run_data.txt::603::test,normal_run_data.txt,OCSLab_Car,veh_11,0,-1,0.9403166869671132,attack_free,benign_fp
67,strong_campaign,veh_11-w04,OCSLab_Car::normal_run_data.txt::374::test,normal_run_data.txt,OCSLab_Car,veh_11,0,-1,0.853024766544864,attack_free,benign_fp
67,strong_campaign,veh_11-w05,OCSLab_Car::normal_run_data.txt::281::test,normal_run_data.txt,OCSLab_Car,veh_11,0,-1,0.9833536337799432,attack_free,benign_fp
67,strong_campaign,veh_11-w06,OCSLab_Car::normal_run_data.txt::786::test,normal_run_data.txt,OCSLab_Car,veh_11,0,-1,0.5866829070239545,attack_free,benign_fp
67,strong_campaign,veh_11-w07,Challenge_S::Pre_train_S_1.csv::575::test,Pre_train_S_1.csv,Challenge_S,veh_11,0,-1,0.7226430976430976,attack_free,benign_fp
67,strong_campaign,veh_11-w08,OCSLab_Car::gear_dataset.csv::640::test,gear_dataset.csv,OCSLab_Car,veh_11,0,-1,0.8652050345107593,attack_free,benign_fp
67,strong_campaign,veh_11-w09,Challenge_D::Pre_train_D_0.csv::83::test,Pre_train_D_0.csv,Challenge_D,veh_11,0,-1,0.7066498316498316,attack_free,benign_fp
67,strong_campaign,veh_12-w00,Challenge_D::Pre_train_D_2.csv::642::test,Pre_train_D_2.csv,Challenge_D,veh_12,0,-1,0.7255892255892256,attack_free,benign_fp
67,strong_campaign,veh_12-w01,Challenge_D::Pre_train_D_0.csv::22::test,Pre_train_D_0.csv,Challenge_D,veh_12,0,-1,0.9949494949494948,attack_free,benign_fp
67,strong_campaign,veh_12-w02,Challenge_S::Pre_train_S_1.csv::18::test,Pre_train_S_1.csv,Challenge_S,veh_12,0,-1,0.8303872053872053,attack_free,benign_fp
67,strong_campaign,veh_12-w03,Challenge_S::Pre_train_S_2.csv::8::test,Pre_train_S_2.csv,Challenge_S,veh_12,0,-1,0.6435185185185185,attack_free,benign_fp
67,strong_campaign,veh_12-w04,OCSLab_Car::normal_run_data.txt::229::test,normal_run_data.txt,OCSLab_Car,veh_12,0,-1,0.9370686155095412,attack_free,benign_fp
67,strong_campaign,veh_12-w05,Challenge_D::Pre_train_D_2.csv::584::test,Pre_train_D_2.csv,Challenge_D,veh_12,0,-1,0.9621212121212122,attack_free,benign_fp
67,strong_campaign,veh_12-w06,Challenge_D::Pre_train_D_1.csv::47::test,Pre_train_D_1.csv,Challenge_D,veh_12,0,-1,0.9713804713804712,attack_free,benign_fp
67,strong_campaign,veh_12-w07,OCSLab_Car::normal_run_data.txt::785::test,normal_run_data.txt,OCSLab_Car,veh_12,0,-1,0.5757206658546488,attack_free,benign_fp
67,strong_campaign,veh_12-w08,OCSLab_Car::normal_run_data.txt::187::test,normal_run_data.txt,OCSLab_Car,veh_12,0,-1,0.933008526187576,attack_free,benign_fp
67,strong_campaign,veh_12-w09,OCSLab_Car::normal_run_data.txt::385::test,normal_run_data.txt,OCSLab_Car,veh_12,0,-1,0.9309784815265936,attack_free,benign_fp
67,strong_campaign,veh_13-w00,OCSLab_Car::normal_run_data.txt::665::test,normal_run_data.txt,OCSLab_Car,veh_13,0,-1,0.9427527405602923,attack_free,benign_fp
67,strong_campaign,veh_13-w01,Challenge_D::Pre_train_D_0.csv::105::test,Pre_train_D_0.csv,Challenge_D,veh_13,0,-1,0.8661616161616161,attack_free,benign_fp
67,strong_campaign,veh_13-w02,OCSLab_Car::normal_run_data.txt::480::test,normal_run_data.txt,OCSLab_Car,veh_13,0,-1,0.7653268371904182,attack_free,benign_fp
67,strong_campaign,veh_13-w03,OCSLab_Car::gear_dataset.csv::654::test,gear_dataset.csv,OCSLab_Car,veh_13,0,-1,0.9801055623223712,attack_free,benign_fp
67,strong_campaign,veh_13-w04,OCSLab_Car::normal_run_data.txt::762::test,normal_run_data.txt,OCSLab_Car,veh_13,0,-1,0.5903369874137231,attack_free,benign_fp
67,strong_campaign,veh_13-w05,OCSLab_Car::normal_run_data.txt::72::test,normal_run_data.txt,OCSLab_Car,veh_13,0,-1,0.7101096224116931,attack_free,benign_fp
67,strong_campaign,veh_13-w06,Challenge_S::Pre_train_S_1.csv::20::test,Pre_train_S_1.csv,Challenge_S,veh_13,0,-1,0.75,attack_free,benign_fp
67,strong_campaign,veh_13-w07,Challenge_D::Pre_train_D_1.csv::12::test,Pre_train_D_1.csv,Challenge_D,veh_13,0,-1,0.686026936026936,attack_free,benign_fp
67,strong_campaign,veh_13-w08,Challenge_D::Pre_train_D_0.csv::20::test,Pre_train_D_0.csv,Challenge_D,veh_13,0,-1,0.640993265993266,attack_free,benign_fp
67,strong_campaign,veh_13-w09,OCSLab_Car::normal_run_data.txt::46::test,normal_run_data.txt,OCSLab_Car,veh_13,0,-1,0.7271619975639464,attack_free,benign_fp
67,strong_campaign,veh_14-w00,Challenge_S::Pre_train_S_1.csv::750::test,Pre_train_S_1.csv,Challenge_S,veh_14,0,-1,0.7836700336700336,attack_free,benign_fp
67,strong_campaign,veh_14-w01,OCSLab_Car::normal_run_data.txt::62::test,normal_run_data.txt,OCSLab_Car,veh_14,0,-1,0.9853836784409256,attack_free,benign_fp
67,strong_campaign,veh_14-w02,Challenge_D::Pre_train_D_0.csv::295::test,Pre_train_D_0.csv,Challenge_D,veh_14,0,-1,0.968013468013468,attack_free,benign_fp
67,strong_campaign,veh_14-w03,OCSLab_Car::normal_run_data.txt::482::test,normal_run_data.txt,OCSLab_Car,veh_14,0,-1,0.9326025172553796,attack_free,benign_fp
67,strong_campaign,veh_14-w04,Challenge_D::Pre_train_D_2.csv::593::test,Pre_train_D_2.csv,Challenge_D,veh_14,0,-1,0.9612794612794612,attack_free,benign_fp
67,strong_campaign,veh_14-w05,OCSLab_Car::normal_run_data.txt::73::test,normal_run_data.txt,OCSLab_Car,veh_14,0,-1,0.7641088103938287,attack_free,benign_fp
67,strong_campaign,veh_14-w06,OCSLab_Car::normal_run_data.txt::162::test,normal_run_data.txt,OCSLab_Car,veh_14,0,-1,0.8201380430369468,attack_free,benign_fp
67,strong_campaign,veh_14-w07,OCSLab_Car::normal_run_data.txt::701::test,normal_run_data.txt,OCSLab_Car,veh_14,0,-1,0.9853836784409256,attack_free,benign_fp
67,strong_campaign,veh_14-w08,OCSLab_Car::normal_run_data.txt::790::test,normal_run_data.txt,OCSLab_Car,veh_14,0,-1,0.9350385708485588,attack_free,benign_fp
67,strong_campaign,veh_14-w09,OCSLab_Car::normal_run_data.txt::329::test,normal_run_data.txt,OCSLab_Car,veh_14,0,-1,0.951278928136419,attack_free,benign_fp
67,strong_campaign,veh_15-w00,OCSLab_Car::gear_dataset.csv::600::test,gear_dataset.csv,OCSLab_Car,veh_15,0,-1,0.8258221680876979,attack_free,benign_fp
67,strong_campaign,veh_15-w01,OCSLab_Car::gear_dataset.csv::335::test,gear_dataset.csv,OCSLab_Car,veh_15,0,-1,0.6475842468534307,attack_free,benign_fp
67,strong_campaign,veh_15-w02,Challenge_D::Pre_train_D_0.csv::113::test,Pre_train_D_0.csv,Challenge_D,veh_15,0,-1,0.9137205387205388,attack_free,benign_fp
67,strong_campaign,veh_15-w03,OCSLab_Car::Fuzzy_dataset.csv::244::test,Fuzzy_dataset.csv,OCSLab_Car,veh_15,0,-1,0.5980511571254568,attack_free,benign_fp
67,strong_campaign,veh_15-w04,OCSLab_Car::normal_run_data.txt::666::test,normal_run_data.txt,OCSLab_Car,veh_15,0,-1,0.9183922046285018,attack_free,benign_fp
67,strong_campaign,veh_15-w05,OCSLab_Car::gear_dataset.csv::126::test,gear_dataset.csv,OCSLab_Car,veh_15,0,-1,0.6861550954120991,attack_free,benign_fp
67,strong_campaign,veh_15-w06,OCSLab_Car::normal_run_data.txt::340::test,normal_run_data.txt,OCSLab_Car,veh_15,0,-1,0.934632561916362,attack_free,benign_fp
67,strong_campaign,veh_15-w07,Challenge_S::Pre_train_S_1.csv::343::test,Pre_train_S_1.csv,Challenge_S,veh_15,0,-1,0.8089225589225589,attack_free,benign_fp
67,strong_campaign,veh_15-w08,Challenge_D::Pre_train_D_0.csv::8::test,Pre_train_D_0.csv,Challenge_D,veh_15,0,-1,0.82996632996633,attack_free,benign_fp
67,strong_campaign,veh_15-w09,Challenge_D::Pre_train_D_2.csv::585::test,Pre_train_D_2.csv,Challenge_D,veh_15,0,-1,0.9945286195286196,attack_free,benign_fp
67,strong_campaign,veh_16-w00,OCSLab_Car::normal_run_data.txt::467::test,normal_run_data.txt,OCSLab_Car,veh_16,0,-1,0.9663012586276898,attack_free,benign_fp
67,strong_campaign,veh_16-w01,OCSLab_Car::RPM_dataset.csv::681::test,RPM_dataset.csv,OCSLab_Car,veh_16,0,-1,0.558262281770199,attack_free,benign_fp
67,strong_campaign,veh_16-w02,OCSLab_Car::DoS_dataset.csv::542::test,DoS_dataset.csv,OCSLab_Car,veh_16,0,-1,0.976045473000406,attack_free,benign_fp
67,strong_campaign,veh_16-w03,OCSLab_Car::normal_run_data.txt::23::test,normal_run_data.txt,OCSLab_Car,veh_16,0,-1,0.7226958993097848,attack_free,benign_fp
67,strong_campaign,veh_16-w04,Challenge_D::Pre_train_D_0.csv::39::test,Pre_train_D_0.csv,Challenge_D,veh_16,0,-1,0.6851851851851852,attack_free,benign_fp
67,strong_campaign,veh_16-w05,OCSLab_Car::DoS_dataset.csv::393::test,DoS_dataset.csv,OCSLab_Car,veh_16,0,-1,0.6540803897685749,attack_free,benign_fp
67,strong_campaign,veh_16-w06,OCSLab_Car::normal_run_data.txt::208::test,normal_run_data.txt,OCSLab_Car,veh_16,0,-1,0.9196102314250914,attack_free,benign_fp
67,strong_campaign,veh_16-w07,OCSLab_Car::gear_dataset.csv::776::test,gear_dataset.csv,OCSLab_Car,veh_16,0,-1,0.6187576126674786,attack_free,benign_fp
67,strong_campaign,veh_16-w08,OCSLab_Car::normal_run_data.txt::133::test,normal_run_data.txt,OCSLab_Car,veh_16,0,-1,0.8883475436459602,attack_free,benign_fp
67,strong_campaign,veh_16-w09,OCSLab_Car::normal_run_data.txt::720::test,normal_run_data.txt,OCSLab_Car,veh_16,0,-1,0.902557856272838,attack_free,benign_fp
67,strong_campaign,veh_17-w00,OCSLab_Car::RPM_dataset.csv::607::test,RPM_dataset.csv,OCSLab_Car,veh_17,0,-1,0.903369874137231,attack_free,benign_fp
67,strong_campaign,veh_17-w01,OCSLab_Car::Fuzzy_dataset.csv::554::test,Fuzzy_dataset.csv,OCSLab_Car,veh_17,0,-1,0.6203816483962648,attack_free,benign_fp
67,strong_campaign,veh_17-w02,Challenge_S::Pre_train_S_2.csv::30::test,Pre_train_S_2.csv,Challenge_S,veh_17,0,-1,0.8594276094276094,attack_free,benign_fp
67,strong_campaign,veh_17-w03,Challenge_S::Pre_train_S_0.csv::217::test,Pre_train_S_0.csv,Challenge_S,veh_17,0,-1,0.7062289562289562,attack_free,benign_fp
67,strong_campaign,veh_17-w04,Challenge_D::Pre_train_D_0.csv::216::test,Pre_train_D_0.csv,Challenge_D,veh_17,0,-1,0.8409090909090909,attack_free,benign_fp
67,strong_campaign,veh_17-w05,OCSLab_Car::gear_dataset.csv::70::test,gear_dataset.csv,OCSLab_Car,veh_17,0,-1,0.6374340235485181,attack_free,benign_fp
67,strong_campaign,veh_17-w06,Challenge_S::Pre_train_S_1.csv::413::test,Pre_train_S_1.csv,Challenge_S,veh_17,0,-1,0.8194444444444444,attack_free,benign_fp
67,strong_campaign,veh_17-w07,OCSLab_Car::normal_run_data.txt::138::test,normal_run_data.txt,OCSLab_Car,veh_17,0,-1,0.8968737312220869,attack_free,benign_fp
67,strong_campaign,veh_17-w08,OCSLab_Car::normal_run_data.txt::209::test,normal_run_data.txt,OCSLab_Car,veh_17,0,-1,0.9650832318311002,attack_free,benign_fp
67,strong_campaign,veh_17-w09,OCSLab_Car::DoS_dataset.csv::347::test,DoS_dataset.csv,OCSLab_Car,veh_17,0,-1,0.9602111246447422,attack_free,benign_fp
67,strong_campaign,veh_18-w00,OCSLab_Car::normal_run_data.txt::273::test,normal_run_data.txt,OCSLab_Car,veh_18,0,-1,0.9886317498984978,attack_free,benign_fp
67,strong_campaign,veh_18-w01,OCSLab_Car::RPM_dataset.csv::501::test,RPM_dataset.csv,OCSLab_Car,veh_18,0,-1,0.5602923264311814,attack_free,benign_fp
67,strong_campaign,veh_18-w02,Challenge_D::Pre_train_D_2.csv::702::test,Pre_train_D_2.csv,Challenge_D,veh_18,0,-1,0.8202861952861953,attack_free,benign_fp
67,strong_campaign,veh_18-w03,OCSLab_Car::normal_run_data.txt::365::test,normal_run_data.txt,OCSLab_Car,veh_18,0,-1,0.9849776695087292,attack_free,benign_fp
67,strong_campaign,veh_18-w04,Challenge_S::Pre_train_S_1.csv::16::test,Pre_train_S_1.csv,Challenge_S,veh_18,0,-1,0.8640572390572391,attack_free,benign_fp
67,strong_campaign,veh_18-w05,Challenge_S::Pre_train_S_0.csv::19::test,Pre_train_S_0.csv,Challenge_S,veh_18,0,-1,0.9221380471380471,attack_free,benign_fp
67,strong_campaign,veh_18-w06,OCSLab_Car::gear_dataset.csv::626::test,gear_dataset.csv,OCSLab_Car,veh_18,0,-1,0.6276898091758019,attack_free,benign_fp
67,strong_campaign,veh_18-w07,OCSLab_Car::normal_run_data.txt::402::test,normal_run_data.txt,OCSLab_Car,veh_18,0,-1,0.9630531871701178,attack_free,benign_fp
67,strong_campaign,veh_18-w08,Challenge_S::Pre_train_S_0.csv::198::test,Pre_train_S_0.csv,Challenge_S,veh_18,0,-1,0.5955387205387206,attack_free,benign_fp
67,strong_campaign,veh_18-w09,OCSLab_Car::normal_run_data.txt::216::test,normal_run_data.txt,OCSLab_Car,veh_18,0,-1,0.9370686155095412,attack_free,benign_fp
67,strong_campaign,veh_19-w00,Challenge_S::Pre_train_S_0.csv::160::test,Pre_train_S_0.csv,Challenge_S,veh_19,0,-1,0.5538720538720538,attack_free,benign_fp
67,strong_campaign,veh_19-w01,Challenge_D::Pre_train_D_0.csv::144::test,Pre_train_D_0.csv,Challenge_D,veh_19,0,-1,0.694023569023569,attack_free,benign_fp
67,strong_campaign,veh_19-w02,OCSLab_Car::normal_run_data.txt::146::test,normal_run_data.txt,OCSLab_Car,veh_19,0,-1,0.8725131952902964,attack_free,benign_fp
67,strong_campaign,veh_19-w03,OCSLab_Car::normal_run_data.txt::66::test,normal_run_data.txt,OCSLab_Car,veh_19,0,-1,0.7807551766138855,attack_free,benign_fp
67,strong_campaign,veh_19-w04,Challenge_D::Pre_train_D_2.csv::54::test,Pre_train_D_2.csv,Challenge_D,veh_19,0,-1,0.976010101010101,attack_free,benign_fp
67,strong_campaign,veh_19-w05,Challenge_S::Pre_train_S_2.csv::533::test,Pre_train_S_2.csv,Challenge_S,veh_19,0,-1,0.6902356902356902,attack_free,benign_fp
67,strong_campaign,veh_19-w06,Challenge_S::Pre_train_S_2.csv::14::test,Pre_train_S_2.csv,Challenge_S,veh_19,0,-1,0.5723905723905723,attack_free,benign_fp
67,strong_campaign,veh_19-w07,OCSLab_Car::DoS_dataset.csv::128::test,DoS_dataset.csv,OCSLab_Car,veh_19,0,-1,0.9955339017458384,attack_free,benign_fp
67,strong_campaign,veh_19-w08,OCSLab_Car::normal_run_data.txt::342::test,normal_run_data.txt,OCSLab_Car,veh_19,0,-1,0.8477466504263094,attack_free,benign_fp
67,strong_campaign,veh_19-w09,OCSLab_Car::normal_run_data.txt::691::test,normal_run_data.txt,OCSLab_Car,veh_19,0,-1,0.8416565164433617,attack_free,benign_fp
67,weak_campaign,veh_00-w00,Challenge_S::Pre_train_S_1.csv::702::test,Pre_train_S_1.csv,Challenge_S,veh_00,1,0,0.7845117845117845,replay,replay
67,weak_campaign,veh_00-w01,Challenge_D::Pre_train_D_1.csv::691::test,Pre_train_D_1.csv,Challenge_D,veh_00,1,0,0.7066498316498316,replay,replay
67,weak_campaign,veh_00-w02,Challenge_D::Pre_train_D_1.csv::666::test,Pre_train_D_1.csv,Challenge_D,veh_00,1,0,0.7584175084175084,replay,replay
67,weak_campaign,veh_00-w03,Challenge_S::Pre_train_S_1.csv::703::test,Pre_train_S_1.csv,Challenge_S,veh_00,1,0,0.7117003367003367,replay,replay
67,weak_campaign,veh_00-w04,Challenge_D::Pre_train_D_1.csv::769::test,Pre_train_D_1.csv,Challenge_D,veh_00,1,0,0.7104377104377104,replay,replay
67,weak_campaign,veh_00-w05,Challenge_D::Pre_train_D_1.csv::643::test,Pre_train_D_1.csv,Challenge_D,veh_00,1,0,0.6321548821548821,replay,replay
67,weak_campaign,veh_00-w06,Challenge_D::Pre_train_D_1.csv::726::test,Pre_train_D_1.csv,Challenge_D,veh_00,1,0,0.773989898989899,replay,replay
67,weak_campaign,veh_00-w07,Challenge_S::Pre_train_S_1.csv::633::test,Pre_train_S_1.csv,Challenge_S,veh_00,1,0,0.7946127946127947,replay,replay
67,weak_campaign,veh_00-w08,Challenge_D::Pre_train_D_1.csv::688::test,Pre_train_D_1.csv,Challenge_D,veh_00,1,0,0.7335858585858586,replay,replay
67,weak_campaign,veh_00-w09,Challenge_D::Pre_train_D_1.csv::634::test,Pre_train_D_1.csv,Challenge_D,veh_00,1,0,0.747895622895623,replay,replay
67,weak_campaign,veh_01-w00,Challenge_S::Pre_train_S_1.csv::670::test,Pre_train_S_1.csv,Challenge_S,veh_01,1,0,0.7331649831649831,replay,replay
67,weak_campaign,veh_01-w01,Challenge_S::Pre_train_S_1.csv::608::test,Pre_train_S_1.csv,Challenge_S,veh_01,1,0,0.7634680134680135,replay,replay
67,weak_campaign,veh_01-w02,Challenge_S::Pre_train_S_1.csv::671::test,Pre_train_S_1.csv,Challenge_S,veh_01,1,0,0.6675084175084175,replay,replay
67,weak_campaign,veh_01-w03,Challenge_S::Pre_train_S_1.csv::615::test,Pre_train_S_1.csv,Challenge_S,veh_01,1,0,0.7403198653198653,replay,replay
67,weak_campaign,veh_01-w04,Challenge_D::Pre_train_D_1.csv::774::test,Pre_train_D_1.csv,Challenge_D,veh_01,1,0,0.632996632996633,replay,replay
67,weak_campaign,veh_01-w05,Challenge_D::Pre_train_D_1.csv::635::test,Pre_train_D_1.csv,Challenge_D,veh_01,1,0,0.7756734006734006,replay,replay
67,weak_campaign,veh_01-w06,Challenge_D::Pre_train_D_1.csv::740::test,Pre_train_D_1.csv,Challenge_D,veh_01,1,0,0.7289562289562289,replay,replay
67,weak_campaign,veh_01-w07,Challenge_D::Pre_train_D_1.csv::763::test,Pre_train_D_1.csv,Challenge_D,veh_01,1,0,0.6565656565656566,replay,replay
67,weak_campaign,veh_01-w08,Challenge_D::Pre_train_D_1.csv::699::test,Pre_train_D_1.csv,Challenge_D,veh_01,1,0,0.6763468013468014,replay,replay
67,weak_campaign,veh_01-w09,Challenge_S::Pre_train_S_1.csv::620::test,Pre_train_S_1.csv,Challenge_S,veh_01,1,0,0.7588383838383839,replay,replay
67,weak_campaign,veh_02-w00,Challenge_S::Pre_train_S_1.csv::643::test,Pre_train_S_1.csv,Challenge_S,veh_02,1,0,0.7605218855218855,replay,replay
67,weak_campaign,veh_02-w01,Challenge_S::Pre_train_S_1.csv::697::test,Pre_train_S_1.csv,Challenge_S,veh_02,1,0,0.6902356902356902,replay,replay
67,weak_campaign,veh_02-w02,Challenge_D::Pre_train_D_1.csv::787::test,Pre_train_D_1.csv,Challenge_D,veh_02,1,0,0.7432659932659933,replay,replay
67,weak_campaign,veh_02-w03,Challenge_S::Pre_train_S_1.csv::667::test,Pre_train_S_1.csv,Challenge_S,veh_02,1,0,0.7550505050505051,replay,replay
67,weak_campaign,veh_02-w04,Challenge_D::Pre_train_D_1.csv::764::test,Pre_train_D_1.csv,Challenge_D,veh_02,1,0,0.5896464646464646,replay,replay
67,weak_campaign,veh_02-w05,Challenge_D::Pre_train_D_1.csv::707::test,Pre_train_D_1.csv,Challenge_D,veh_02,1,0,0.7150673400673401,replay,replay
67,weak_campaign,veh_02-w06,Challenge_S::Pre_train_S_1.csv::631::test,Pre_train_S_1.csv,Challenge_S,veh_02,1,0,0.6144781144781145,replay,replay
67,weak_campaign,veh_02-w07,Challenge_S::Pre_train_S_1.csv::689::test,Pre_train_S_1.csv,Challenge_S,veh_02,1,0,0.7781986531986532,replay,replay
67,weak_campaign,veh_02-w08,Challenge_S::Pre_train_S_1.csv::690::test,Pre_train_S_1.csv,Challenge_S,veh_02,1,0,0.7786195286195287,replay,replay
67,weak_campaign,veh_02-w09,Challenge_D::Pre_train_D_1.csv::623::test,Pre_train_D_1.csv,Challenge_D,veh_02,1,0,0.7243265993265994,replay,replay
67,weak_campaign,veh_03-w00,Challenge_D::Pre_train_D_1.csv::648::test,Pre_train_D_1.csv,Challenge_D,veh_03,1,0,0.6603535353535354,replay,replay
67,weak_campaign,veh_03-w01,Challenge_D::Pre_train_D_1.csv::605::test,Pre_train_D_1.csv,Challenge_D,veh_03,1,0,0.7230639730639731,replay,replay
67,weak_campaign,veh_03-w02,Challenge_D::Pre_train_D_1.csv::678::test,Pre_train_D_1.csv,Challenge_D,veh_03,1,0,0.7912457912457912,replay,replay
67,weak_campaign,veh_03-w03,Challenge_D::Pre_train_D_1.csv::728::test,Pre_train_D_1.csv,Challenge_D,veh_03,1,0,0.5862794612794613,replay,replay
67,weak_campaign,veh_03-w04,Challenge_S::Pre_train_S_1.csv::705::test,Pre_train_S_1.csv,Challenge_S,veh_03,1,0,0.5740740740740741,replay,replay
67,weak_campaign,veh_03-w05,Challenge_S::Pre_train_S_1.csv::663::test,Pre_train_S_1.csv,Challenge_S,veh_03,1,0,0.7403198653198653,replay,replay
67,weak_campaign,veh_03-w06,Challenge_S::Pre_train_S_1.csv::655::test,Pre_train_S_1.csv,Challenge_S,veh_03,1,0,0.686026936026936,replay,replay
67,weak_campaign,veh_03-w07,Challenge_D::Pre_train_D_1.csv::682::test,Pre_train_D_1.csv,Challenge_D,veh_03,1,0,0.6523569023569024,replay,replay
67,weak_campaign,veh_03-w08,Challenge_D::Pre_train_D_1.csv::664::test,Pre_train_D_1.csv,Challenge_D,veh_03,1,0,0.7495791245791246,replay,replay
67,weak_campaign,veh_03-w09,Challenge_D::Pre_train_D_1.csv::611::test,Pre_train_D_1.csv,Challenge_D,veh_03,1,0,0.7108585858585859,replay,replay
67,weak_campaign,veh_04-w00,Challenge_S::Pre_train_S_1.csv::610::test,Pre_train_S_1.csv,Challenge_S,veh_04,1,0,0.7272727272727273,replay,replay
67,weak_campaign,veh_04-w01,Challenge_S::Pre_train_S_1.csv::642::test,Pre_train_S_1.csv,Challenge_S,veh_04,1,0,0.6388888888888888,replay,replay
67,weak_campaign,veh_04-w02,Challenge_S::Pre_train_S_1.csv::607::test,Pre_train_S_1.csv,Challenge_S,veh_04,1,0,0.6435185185185185,replay,replay
67,weak_campaign,veh_04-w03,Challenge_S::Pre_train_S_1.csv::598::test,Pre_train_S_1.csv,Challenge_S,veh_04,1,0,0.6515151515151515,replay,replay
67,weak_campaign,veh_04-w04,Challenge_D::Pre_train_D_1.csv::783::test,Pre_train_D_1.csv,Challenge_D,veh_04,1,0,0.6931818181818182,replay,replay
67,weak_campaign,veh_04-w05,Challenge_D::Pre_train_D_1.csv::645::test,Pre_train_D_1.csv,Challenge_D,veh_04,1,0,0.6944444444444444,replay,replay
67,weak_campaign,veh_04-w06,Challenge_D::Pre_train_D_1.csv::780::test,Pre_train_D_1.csv,Challenge_D,veh_04,1,0,0.7159090909090909,replay,replay
67,weak_campaign,veh_04-w07,Challenge_S::Pre_train_S_1.csv::624::test,Pre_train_S_1.csv,Challenge_S,veh_04,1,0,0.7394781144781145,replay,replay
67,weak_campaign,veh_04-w08,Challenge_D::Pre_train_D_1.csv::754::test,Pre_train_D_1.csv,Challenge_D,veh_04,1,0,0.7462121212121212,replay,replay
67,weak_campaign,veh_04-w09,Challenge_S::Pre_train_S_1.csv::599::test,Pre_train_S_1.csv,Challenge_S,veh_04,1,0,0.6039562289562289,replay,replay
67,weak_campaign,veh_05-w00,OCSLab_Car::normal_run_data.txt::427::test,normal_run_data.txt,OCSLab_Car,veh_05,0,-1,0.9813235891189608,attack_free,benign_fp
67,weak_campaign,veh_05-w01,OCSLab_Car::gear_dataset.csv::580::test,gear_dataset.csv,OCSLab_Car,veh_05,0,-1,0.7848152659358506,attack_free,benign_fp
67,weak_campaign,veh_05-w02,OCSLab_Car::normal_run_data.txt::702::test,normal_run_data.txt,OCSLab_Car,veh_05,0,-1,0.9703613479496548,attack_free,benign_fp
67,weak_campaign,veh_05-w03,OCSLab_Car::normal_run_data.txt::361::test,normal_run_data.txt,OCSLab_Car,veh_05,0,-1,0.782785221274868,attack_free,benign_fp
67,weak_campaign,veh_05-w04,OCSLab_Car::normal_run_data.txt::242::test,normal_run_data.txt,OCSLab_Car,veh_05,0,-1,0.9833536337799432,attack_free,benign_fp
67,weak_campaign,veh_05-w05,OCSLab_Car::normal_run_data.txt::216::test,normal_run_data.txt,OCSLab_Car,veh_05,0,-1,0.9370686155095412,attack_free,benign_fp
67,weak_campaign,veh_05-w06,Challenge_S::Pre_train_S_2.csv::29::test,Pre_train_S_2.csv,Challenge_S,veh_05,0,-1,0.6498316498316499,attack_free,benign_fp
67,weak_campaign,veh_05-w07,OCSLab_Car::normal_run_data.txt::607::test,normal_run_data.txt,OCSLab_Car,veh_05,0,-1,0.8745432399512789,attack_free,benign_fp
67,weak_campaign,veh_05-w08,OCSLab_Car::normal_run_data.txt::182::test,normal_run_data.txt,OCSLab_Car,veh_05,0,-1,0.9476248477466503,attack_free,benign_fp
67,weak_campaign,veh_05-w09,Challenge_S::Pre_train_S_0.csv::145::test,Pre_train_S_0.csv,Challenge_S,veh_05,0,-1,0.5723905723905723,attack_free,benign_fp
67,weak_campaign,veh_06-w00,Challenge_D::Pre_train_D_1.csv::13::test,Pre_train_D_1.csv,Challenge_D,veh_06,0,-1,0.6755050505050505,attack_free,benign_fp
67,weak_campaign,veh_06-w01,Challenge_S::Pre_train_S_1.csv::720::test,Pre_train_S_1.csv,Challenge_S,veh_06,0,-1,0.7962962962962963,attack_free,benign_fp
67,weak_campaign,veh_06-w02,Challenge_S::Pre_train_S_0.csv::106::test,Pre_train_S_0.csv,Challenge_S,veh_06,0,-1,0.752104377104377,attack_free,benign_fp
67,weak_campaign,veh_06-w03,OCSLab_Car::normal_run_data.txt::651::test,normal_run_data.txt,OCSLab_Car,veh_06,0,-1,0.9261063743402356,attack_free,benign_fp
67,weak_campaign,veh_06-w04,Challenge_S::Pre_train_S_2.csv::592::test,Pre_train_S_2.csv,Challenge_S,veh_06,0,-1,0.7546296296296297,attack_free,benign_fp
67,weak_campaign,veh_06-w05,OCSLab_Car::normal_run_data.txt::82::test,normal_run_data.txt,OCSLab_Car,veh_06,0,-1,0.8465286236297198,attack_free,benign_fp
67,weak_campaign,veh_06-w06,OCSLab_Car::normal_run_data.txt::146::test,normal_run_data.txt,OCSLab_Car,veh_06,0,-1,0.8725131952902964,attack_free,benign_fp
67,weak_campaign,veh_06-w07,Challenge_D::Pre_train_D_0.csv::158::test,Pre_train_D_0.csv,Challenge_D,veh_06,0,-1,0.8274410774410774,attack_free,benign_fp
67,weak_campaign,veh_06-w08,OCSLab_Car::gear_dataset.csv::643::test,gear_dataset.csv,OCSLab_Car,veh_06,0,-1,0.9959399106780348,attack_free,benign_fp
67,weak_campaign,veh_06-w09,Challenge_S::Pre_train_S_0.csv::171::test,Pre_train_S_0.csv,Challenge_S,veh_06,0,-1,0.7984006734006734,attack_free,benign_fp
67,weak_campaign,veh_07-w00,Challenge_D::Pre_train_D_0.csv::259::test,Pre_train_D_0.csv,Challenge_D,veh_07,0,-1,0.6073232323232324,attack_free,benign_fp
67,weak_campaign,veh_07-w01,OCSLab_Car::normal_run_data.txt::665::test,normal_run_data.txt,OCSLab_Car,veh_07,0,-1,0.9427527405602923,attack_free,benign_fp
67,weak_campaign,veh_07-w02,Challenge_D::Pre_train_D_0.csv::265::test,Pre_train_D_0.csv,Challenge_D,veh_07,0,-1,0.8211279461279462,attack_free,benign_fp
67,weak_campaign,veh_07-w03,Challenge_S::Pre_train_S_2.csv::652::test,Pre_train_S_2.csv,Challenge_S,veh_07,0,-1,0.7508417508417509,attack_free,benign_fp
67,weak_campaign,veh_07-w04,OCSLab_Car::normal_run_data.txt::514::test,normal_run_data.txt,OCSLab_Car,veh_07,0,-1,0.8952496954933008,attack_free,benign_fp
67,weak_campaign,veh_07-w05,OCSLab_Car::normal_run_data.txt::617::test,normal_run_data.txt,OCSLab_Car,veh_07,0,-1,0.9086479902557856,attack_free,benign_fp
67,weak_campaign,veh_07-w06,OCSLab_Car::normal_run_data.txt::456::test,normal_run_data.txt,OCSLab_Car,veh_07,0,-1,0.8087697929354446,attack_free,benign_fp
67,weak_campaign,veh_07-w07,Challenge_D::Pre_train_D_0.csv::213::test,Pre_train_D_0.csv,Challenge_D,veh_07,0,-1,0.8228114478114478,attack_free,benign_fp
67,weak_campaign,veh_07-w08,Challenge_D::Pre_train_D_0.csv::139::test,Pre_train_D_0.csv,Challenge_D,veh_07,0,-1,0.6708754208754208,attack_free,benign_fp
67,weak_campaign,veh_07-w09,OCSLab_Car::normal_run_data.txt::159::test,normal_run_data.txt,OCSLab_Car,veh_07,0,-1,0.7547706049533089,attack_free,benign_fp
67,weak_campaign,veh_08-w00,OCSLab_Car::normal_run_data.txt::620::test,normal_run_data.txt,OCSLab_Car,veh_08,0,-1,0.925700365408039,attack_free,benign_fp
67,weak_campaign,veh_08-w01,Challenge_S::Pre_train_S_0.csv::210::test,Pre_train_S_0.csv,Challenge_S,veh_08,0,-1,0.9903198653198652,attack_free,benign_fp
67,weak_campaign,veh_08-w02,Challenge_D::Pre_train_D_0.csv::187::test,Pre_train_D_0.csv,Challenge_D,veh_08,0,-1,0.904040404040404,attack_free,benign_fp
67,weak_campaign,veh_08-w03,Challenge_S::Pre_train_S_1.csv::772::test,Pre_train_S_1.csv,Challenge_S,veh_08,0,-1,0.6447811447811448,attack_free,benign_fp
67,weak_campaign,veh_08-w04,OCSLab_Car::gear_dataset.csv::535::test,gear_dataset.csv,OCSLab_Car,veh_08,0,-1,0.5992691839220463,attack_free,benign_fp
67,weak_campaign,veh_08-w05,OCSLab_Car::gear_dataset.csv::526::test,gear_dataset.csv,OCSLab_Car,veh_08,0,-1,0.682095006090134,attack_free,benign_fp
67,weak_campaign,veh_08-w06,OCSLab_Car::DoS_dataset.csv::437::test,DoS_dataset.csv,OCSLab_Car,veh_08,0,-1,0.9187982135606984,attack_free,benign_fp
67,weak_campaign,veh_08-w07,OCSLab_Car::DoS_dataset.csv::520::test,DoS_dataset.csv,OCSLab_Car,veh_08,0,-1,0.8258221680876979,attack_free,benign_fp
67,weak_campaign,veh_08-w08,Challenge_S::Pre_train_S_0.csv::183::test,Pre_train_S_0.csv,Challenge_S,veh_08,0,-1,0.8021885521885522,attack_free,benign_fp
67,weak_campaign,veh_08-w09,OCSLab_Car::DoS_dataset.csv::33::test,DoS_dataset.csv,OCSLab_Car,veh_08,0,-1,0.560698335363378,attack_free,benign_fp
67,weak_campaign,veh_09-w00,Challenge_D::Pre_train_D_0.csv::277::test,Pre_train_D_0.csv,Challenge_D,veh_09,0,-1,0.938973063973064,attack_free,benign_fp
67,weak_campaign,veh_09-w01,OCSLab_Car::Fuzzy_dataset.csv::292::test,Fuzzy_dataset.csv,OCSLab_Car,veh_09,0,-1,0.6374340235485181,attack_free,benign_fp
67,weak_campaign,veh_09-w02,OCSLab_Car::gear_dataset.csv::641::test,gear_dataset.csv,OCSLab_Car,veh_09,0,-1,0.6167275680064962,attack_free,benign_fp
67,weak_campaign,veh_09-w03,OCSLab_Car::Fuzzy_dataset.csv::361::test,Fuzzy_dataset.csv,OCSLab_Car,veh_09,0,-1,0.8266341859520909,attack_free,benign_fp
67,weak_campaign,veh_09-w04,OCSLab_Car::gear_dataset.csv::562::test,gear_dataset.csv,OCSLab_Car,veh_09,0,-1,0.6577344701583435,attack_free,benign_fp
67,weak_campaign,veh_09-w05,Challenge_D::Pre_train_D_1.csv::82::test,Pre_train_D_1.csv,Challenge_D,veh_09,0,-1,0.7912457912457912,attack_free,benign_fp
67,weak_campaign,veh_09-w06,Challenge_D::Pre_train_D_0.csv::198::test,Pre_train_D_0.csv,Challenge_D,veh_09,0,-1,0.7297979797979798,attack_free,benign_fp
67,weak_campaign,veh_09-w07,Challenge_D::Pre_train_D_2.csv::314::test,Pre_train_D_2.csv,Challenge_D,veh_09,0,-1,0.5652356902356902,attack_free,benign_fp
67,weak_campaign,veh_09-w08,OCSLab_Car::normal_run_data.txt::250::test,normal_run_data.txt,OCSLab_Car,veh_09,0,-1,0.9618351603735282,attack_free,benign_fp
67,weak_campaign,veh_09-w09,Challenge_S::Pre_train_S_1.csv::23::test,Pre_train_S_1.csv,Challenge_S,veh_09,0,-1,0.827020202020202,attack_free,benign_fp
67,weak_campaign,veh_10-w00,OCSLab_Car::normal_run_data.txt::107::test,normal_run_data.txt,OCSLab_Car,veh_10,0,-1,0.8302882663418595,attack_free,benign_fp
67,weak_campaign,veh_10-w01,Challenge_S::Pre_train_S_1.csv::751::test,Pre_train_S_1.csv,Challenge_S,veh_10,0,-1,0.8935185185185185,attack_free,benign_fp
67,weak_campaign,veh_10-w02,Challenge_S::Pre_train_S_2.csv::586::test,Pre_train_S_2.csv,Challenge_S,veh_10,0,-1,0.6178451178451179,attack_free,benign_fp
67,weak_campaign,veh_10-w03,OCSLab_Car::normal_run_data.txt::63::test,normal_run_data.txt,OCSLab_Car,veh_10,0,-1,0.947218838814454,attack_free,benign_fp
67,weak_campaign,veh_10-w04,OCSLab_Car::normal_run_data.txt::509::test,normal_run_data.txt,OCSLab_Car,veh_10,0,-1,0.7511165245635404,attack_free,benign_fp
67,weak_campaign,veh_10-w05,OCSLab_Car::normal_run_data.txt::473::test,normal_run_data.txt,OCSLab_Car,veh_10,0,-1,0.6914332115306536,attack_free,benign_fp
67,weak_campaign,veh_10-w06,OCSLab_Car::normal_run_data.txt::230::test,normal_run_data.txt,OCSLab_Car,veh_10,0,-1,0.9390986601705238,attack_free,benign_fp
67,weak_campaign,veh_10-w07,Challenge_S::Pre_train_S_0.csv::74::test,Pre_train_S_0.csv,Challenge_S,veh_10,0,-1,0.6982323232323232,attack_free,benign_fp
67,weak_campaign,veh_10-w08,Challenge_S::Pre_train_S_0.csv::141::test,Pre_train_S_0.csv,Challenge_S,veh_10,0,-1,0.9372895622895624,attack_free,benign_fp
67,weak_campaign,veh_10-w09,OCSLab_Car::RPM_dataset.csv::706::test,RPM_dataset.csv,OCSLab_Car,veh_10,0,-1,0.6244417377182298,attack_free,benign_fp
67,weak_campaign,veh_11-w00,Challenge_D::Pre_train_D_1.csv::503::test,Pre_train_D_1.csv,Challenge_D,veh_11,0,-1,0.8947811447811448,attack_free,benign_fp
67,weak_campaign,veh_11-w01,OCSLab_Car::gear_dataset.csv::567::test,gear_dataset.csv,OCSLab_Car,veh_11,0,-1,0.6954933008526187,attack_free,benign_fp
67,weak_campaign,veh_11-w02,OCSLab_Car::gear_dataset.csv::511::test,gear_dataset.csv,OCSLab_Car,veh_11,0,-1,0.680470970361348,attack_free,benign_fp
67,weak_campaign,veh_11-w03,Challenge_S::Pre_train_S_0.csv::77::test,Pre_train_S_0.csv,Challenge_S,veh_11,0,-1,0.6321548821548821,attack_free,benign_fp
67,weak_campaign,veh_11-w04,Challenge_S::Pre_train_S_0.csv::68::test,Pre_train_S_0.csv,Challenge_S,veh_11,0,-1,0.997895622895623,attack_free,benign_fp
67,weak_campaign,veh_11-w05,OCSLab_Car::normal_run_data.txt::531::test,normal_run_data.txt,OCSLab_Car,veh_11,0,-1,0.94884287454324,attack_free,benign_fp
67,weak_campaign,veh_11-w06,OCSLab_Car::gear_dataset.csv::160::test,gear_dataset.csv,OCSLab_Car,veh_11,0,-1,0.7092976045473001,attack_free,benign_fp
67,weak_campaign,veh_11-w07,OCSLab_Car::DoS_dataset.csv::127::test,DoS_dataset.csv,OCSLab_Car,veh_11,0,-1,0.997563946406821,attack_free,benign_fp
67,weak_campaign,veh_11-w08,OCSLab_Car::normal_run_data.txt::386::test,normal_run_data.txt,OCSLab_Car,veh_11,0,-1,0.6000812017864393,attack_free,benign_fp
67,weak_campaign,veh_11-w09,OCSLab_Car::DoS_dataset.csv::14::test,DoS_dataset.csv,OCSLab_Car,veh_11,0,-1,0.6995533901745838,attack_free,benign_fp
67,weak_campaign,veh_12-w00,Challenge_D::Pre_train_D_0.csv::186::test,Pre_train_D_0.csv,Challenge_D,veh_12,0,-1,0.9785353535353536,attack_free,benign_fp
67,weak_campaign,veh_12-w01,OCSLab_Car::normal_run_data.txt::291::test,normal_run_data.txt,OCSLab_Car,veh_12,0,-1,0.997563946406821,attack_free,benign_fp
67,weak_campaign,veh_12-w02,OCSLab_Car::DoS_dataset.csv::44::test,DoS_dataset.csv,OCSLab_Car,veh_12,0,-1,0.5992691839220463,attack_free,benign_fp
67,weak_campaign,veh_12-w03,Challenge_D::Pre_train_D_0.csv::19::test,Pre_train_D_0.csv,Challenge_D,veh_12,0,-1,0.7264309764309764,attack_free,benign_fp
67,weak_campaign,veh_12-w04,Challenge_S::Pre_train_S_2.csv::653::test,Pre_train_S_2.csv,Challenge_S,veh_12,0,-1,0.6881313131313131,attack_free,benign_fp
67,weak_campaign,veh_12-w05,Challenge_S::Pre_train_S_0.csv::193::test,Pre_train_S_0.csv,Challenge_S,veh_12,0,-1,0.8362794612794613,attack_free,benign_fp
67,weak_campaign,veh_12-w06,OCSLab_Car::gear_dataset.csv::333::test,gear_dataset.csv,OCSLab_Car,veh_12,0,-1,0.5781567194478279,attack_free,benign_fp
67,weak_campaign,veh_12-w07,Challenge_D::Pre_train_D_0.csv::166::test,Pre_train_D_0.csv,Challenge_D,veh_12,0,-1,0.835016835016835,attack_free,benign_fp
67,weak_campaign,veh_12-w08,OCSLab_Car::gear_dataset.csv::560::test,gear_dataset.csv,OCSLab_Car,veh_12,0,-1,0.7486804709703614,attack_free,benign_fp
67,weak_campaign,veh_12-w09,Challenge_D::Pre_train_D_0.csv::271::test,Pre_train_D_0.csv,Challenge_D,veh_12,0,-1,0.6763468013468014,attack_free,benign_fp
67,weak_campaign,veh_13-w00,OCSLab_Car::Fuzzy_dataset.csv::306::test,Fuzzy_dataset.csv,OCSLab_Car,veh_13,0,-1,0.559886317498985,attack_free,benign_fp
67,weak_campaign,veh_13-w01,Challenge_S::Pre_train_S_0.csv::198::test,Pre_train_S_0.csv,Challenge_S,veh_13,0,-1,0.5955387205387206,attack_free,benign_fp
67,weak_campaign,veh_13-w02,Challenge_D::Pre_train_D_2.csv::719::test,Pre_train_D_2.csv,Challenge_D,veh_13,0,-1,0.9090909090909092,attack_free,benign_fp
67,weak_campaign,veh_13-w03,Challenge_D::Pre_train_D_2.csv::675::test,Pre_train_D_2.csv,Challenge_D,veh_13,0,-1,0.7912457912457912,attack_free,benign_fp
67,weak_campaign,veh_13-w04,OCSLab_Car::normal_run_data.txt::23::test,normal_run_data.txt,OCSLab_Car,veh_13,0,-1,0.7226958993097848,attack_free,benign_fp
67,weak_campaign,veh_13-w05,Challenge_D::Pre_train_D_0.csv::234::test,Pre_train_D_0.csv,Challenge_D,veh_13,0,-1,0.8947811447811448,attack_free,benign_fp
67,weak_campaign,veh_13-w06,OCSLab_Car::normal_run_data.txt::532::test,normal_run_data.txt,OCSLab_Car,veh_13,0,-1,0.8611449451887941,attack_free,benign_fp
67,weak_campaign,veh_13-w07,OCSLab_Car::gear_dataset.csv::557::test,gear_dataset.csv,OCSLab_Car,veh_13,0,-1,0.7884693463256192,attack_free,benign_fp
67,weak_campaign,veh_13-w08,OCSLab_Car::gear_dataset.csv::577::test,gear_dataset.csv,OCSLab_Car,veh_13,0,-1,0.6211936662606578,attack_free,benign_fp
67,weak_campaign,veh_13-w09,OCSLab_Car::normal_run_data.txt::312::test,normal_run_data.txt,OCSLab_Car,veh_13,0,-1,0.955339017458384,attack_free,benign_fp
67,weak_campaign,veh_14-w00,OCSLab_Car::normal_run_data.txt::445::test,normal_run_data.txt,OCSLab_Car,veh_14,0,-1,0.9618351603735282,attack_free,benign_fp
67,weak_campaign,veh_14-w01,OCSLab_Car::gear_dataset.csv::568::test,gear_dataset.csv,OCSLab_Car,veh_14,0,-1,0.7982135606983354,attack_free,benign_fp
67,weak_campaign,veh_14-w02,OCSLab_Car::normal_run_data.txt::254::test,normal_run_data.txt,OCSLab_Car,veh_14,0,-1,0.9979699553390174,attack_free,benign_fp
67,weak_campaign,veh_14-w03,Challenge_S::Pre_train_S_2.csv::613::test,Pre_train_S_2.csv,Challenge_S,veh_14,0,-1,0.7247474747474747,attack_free,benign_fp
67,weak_campaign,veh_14-w04,OCSLab_Car::normal_run_data.txt::401::test,normal_run_data.txt,OCSLab_Car,veh_14,0,-1,0.9261063743402356,attack_free,benign_fp
67,weak_campaign,veh_14-w05,Challenge_S::Pre_train_S_2.csv::10::test,Pre_train_S_2.csv,Challenge_S,veh_14,0,-1,0.7836700336700336,attack_free,benign_fp
67,weak_campaign,veh_14-w06,Challenge_S::Pre_train_S_2.csv::784::test,Pre_train_S_2.csv,Challenge_S,veh_14,0,-1,0.5572390572390572,attack_free,benign_fp
67,weak_campaign,veh_14-w07,OCSLab_Car::gear_dataset.csv::669::test,gear_dataset.csv,OCSLab_Car,veh_14,0,-1,0.7161997563946407,attack_free,benign_fp
67,weak_campaign,veh_14-w08,Challenge_S::Pre_train_S_0.csv::100::test,Pre_train_S_0.csv,Challenge_S,veh_14,0,-1,0.6359427609427609,attack_free,benign_fp
67,weak_campaign,veh_14-w09,OCSLab_Car::normal_run_data.txt::331::test,normal_run_data.txt,OCSLab_Car,veh_14,0,-1,0.997563946406821,attack_free,benign_fp
67,weak_campaign,veh_15-w00,Challenge_D::Pre_train_D_2.csv::623::test,Pre_train_D_2.csv,Challenge_D,veh_15,0,-1,0.7769360269360269,attack_free,benign_fp
67,weak_campaign,veh_15-w01,OCSLab_Car::normal_run_data.txt::170::test,normal_run_data.txt,OCSLab_Car,veh_15,0,-1,0.8676410881039383,attack_free,benign_fp
67,weak_campaign,veh_15-w02,Challenge_D::Pre_train_D_0.csv::291::test,Pre_train_D_0.csv,Challenge_D,veh_15,0,-1,0.7302188552188552,attack_free,benign_fp
67,weak_campaign,veh_15-w03,Challenge_D::Pre_train_D_0.csv::18::test,Pre_train_D_0.csv,Challenge_D,veh_15,0,-1,0.9494949494949496,attack_free,benign_fp
67,weak_campaign,veh_15-w04,Challenge_D::Pre_train_D_2.csv::674::test,Pre_train_D_2.csv,Challenge_D,veh_15,0,-1,0.8712121212121212,attack_free,benign_fp
67,weak_campaign,veh_15-w05,OCSLab_Car::gear_dataset.csv::766::test,gear_dataset.csv,OCSLab_Car,veh_15,0,-1,0.7442143727161997,attack_free,benign_fp
67,weak_campaign,veh_15-w06,Challenge_D::Pre_train_D_0.csv::24::test,Pre_train_D_0.csv,Challenge_D,veh_15,0,-1,0.7672558922558923,attack_free,benign_fp
67,weak_campaign,veh_15-w07,Challenge_S::Pre_train_S_0.csv::73::test,Pre_train_S_0.csv,Challenge_S,veh_15,0,-1,0.7605218855218855,attack_free,benign_fp
67,weak_campaign,veh_15-w08,OCSLab_Car::DoS_dataset.csv::347::test,DoS_dataset.csv,OCSLab_Car,veh_15,0,-1,0.9602111246447422,attack_free,benign_fp
67,weak_campaign,veh_15-w09,Challenge_S::Pre_train_S_0.csv::78::test,Pre_train_S_0.csv,Challenge_S,veh_15,0,-1,0.8863636363636364,attack_free,benign_fp
67,weak_campaign,veh_16-w00,OCSLab_Car::normal_run_data.txt::68::test,normal_run_data.txt,OCSLab_Car,veh_16,0,-1,0.927324401136825,attack_free,benign_fp
67,weak_campaign,veh_16-w01,Challenge_D::Pre_train_D_0.csv::46::test,Pre_train_D_0.csv,Challenge_D,veh_16,0,-1,0.6498316498316499,attack_free,benign_fp
67,weak_campaign,veh_16-w02,OCSLab_Car::normal_run_data.txt::440::test,normal_run_data.txt,OCSLab_Car,veh_16,0,-1,0.8757612667478685,attack_free,benign_fp
67,weak_campaign,veh_16-w03,Challenge_D::Pre_train_D_2.csv::64::test,Pre_train_D_2.csv,Challenge_D,veh_16,0,-1,0.9339225589225588,attack_free,benign_fp
67,weak_campaign,veh_16-w04,Challenge_D::Pre_train_D_0.csv::7::test,Pre_train_D_0.csv,Challenge_D,veh_16,0,-1,0.7954545454545454,attack_free,benign_fp
67,weak_campaign,veh_16-w05,Challenge_S::Pre_train_S_1.csv::20::test,Pre_train_S_1.csv,Challenge_S,veh_16,0,-1,0.75,attack_free,benign_fp
67,weak_campaign,veh_16-w06,OCSLab_Car::gear_dataset.csv::594::test,gear_dataset.csv,OCSLab_Car,veh_16,0,-1,0.586276898091758,attack_free,benign_fp
67,weak_campaign,veh_16-w07,Challenge_S::Pre_train_S_2.csv::33::test,Pre_train_S_2.csv,Challenge_S,veh_16,0,-1,0.6881313131313131,attack_free,benign_fp
67,weak_campaign,veh_16-w08,Challenge_S::Pre_train_S_2.csv::772::test,Pre_train_S_2.csv,Challenge_S,veh_16,0,-1,0.6191077441077442,attack_free,benign_fp
67,weak_campaign,veh_16-w09,Challenge_D::Pre_train_D_2.csv::722::test,Pre_train_D_2.csv,Challenge_D,veh_16,0,-1,0.9154040404040404,attack_free,benign_fp
67,weak_campaign,veh_17-w00,OCSLab_Car::Fuzzy_dataset.csv::239::test,Fuzzy_dataset.csv,OCSLab_Car,veh_17,0,-1,0.5716605765326838,attack_free,benign_fp
67,weak_campaign,veh_17-w01,Challenge_D::Pre_train_D_0.csv::232::test,Pre_train_D_0.csv,Challenge_D,veh_17,0,-1,0.9313973063973064,attack_free,benign_fp
67,weak_campaign,veh_17-w02,OCSLab_Car::normal_run_data.txt::329::test,normal_run_data.txt,OCSLab_Car,veh_17,0,-1,0.951278928136419,attack_free,benign_fp
67,weak_campaign,veh_17-w03,OCSLab_Car::normal_run_data.txt::176::test,normal_run_data.txt,OCSLab_Car,veh_17,0,-1,0.926512383272432,attack_free,benign_fp
67,weak_campaign,veh_17-w04,Challenge_S::Pre_train_S_0.csv::133::test,Pre_train_S_0.csv,Challenge_S,veh_17,0,-1,0.6893939393939394,attack_free,benign_fp
67,weak_campaign,veh_17-w05,OCSLab_Car::normal_run_data.txt::79::test,normal_run_data.txt,OCSLab_Car,veh_17,0,-1,0.7921234267153877,attack_free,benign_fp
67,weak_campaign,veh_17-w06,Challenge_D::Pre_train_D_2.csv::584::test,Pre_train_D_2.csv,Challenge_D,veh_17,0,-1,0.9621212121212122,attack_free,benign_fp
67,weak_campaign,veh_17-w07,Challenge_S::Pre_train_S_2.csv::18::test,Pre_train_S_2.csv,Challenge_S,veh_17,0,-1,0.9915824915824916,attack_free,benign_fp
67,weak_campaign,veh_17-w08,OCSLab_Car::normal_run_data.txt::367::test,normal_run_data.txt,OCSLab_Car,veh_17,0,-1,0.6427121396670726,attack_free,benign_fp
67,weak_campaign,veh_17-w09,Challenge_D::Pre_train_D_2.csv::643::test,Pre_train_D_2.csv,Challenge_D,veh_17,0,-1,0.9587542087542088,attack_free,benign_fp
67,weak_campaign,veh_18-w00,Challenge_S::Pre_train_S_2.csv::39::test,Pre_train_S_2.csv,Challenge_S,veh_18,0,-1,0.9819023569023568,attack_free,benign_fp
67,weak_campaign,veh_18-w01,Challenge_D::Pre_train_D_2.csv::29::test,Pre_train_D_2.csv,Challenge_D,veh_18,0,-1,0.9562289562289562,attack_free,benign_fp
67,weak_campaign,veh_18-w02,OCSLab_Car::Fuzzy_dataset.csv::450::test,Fuzzy_dataset.csv,OCSLab_Car,veh_18,0,-1,0.6402760860738936,attack_free,benign_fp
67,weak_campaign,veh_18-w03,OCSLab_Car::normal_run_data.txt::304::test,normal_run_data.txt,OCSLab_Car,veh_18,0,-1,0.903369874137231,attack_free,benign_fp
67,weak_campaign,veh_18-w04,OCSLab_Car::gear_dataset.csv::525::test,gear_dataset.csv,OCSLab_Car,veh_18,0,-1,0.5919610231425091,attack_free,benign_fp
67,weak_campaign,veh_18-w05,Challenge_S::Pre_train_S_0.csv::225::test,Pre_train_S_0.csv,Challenge_S,veh_18,0,-1,0.7584175084175084,attack_free,benign_fp
67,weak_campaign,veh_18-w06,Challenge_S::Pre_train_S_0.csv::21::test,Pre_train_S_0.csv,Challenge_S,veh_18,0,-1,0.6666666666666666,attack_free,benign_fp
67,weak_campaign,veh_18-w07,Challenge_S::Pre_train_S_0.csv::60::test,Pre_train_S_0.csv,Challenge_S,veh_18,0,-1,0.6944444444444444,attack_free,benign_fp
67,weak_campaign,veh_18-w08,OCSLab_Car::normal_run_data.txt::459::test,normal_run_data.txt,OCSLab_Car,veh_18,0,-1,0.7766950872919204,attack_free,benign_fp
67,weak_campaign,veh_18-w09,Challenge_D::Pre_train_D_0.csv::179::test,Pre_train_D_0.csv,Challenge_D,veh_18,0,-1,0.8367003367003367,attack_free,benign_fp
67,weak_campaign,veh_19-w00,OCSLab_Car::gear_dataset.csv::655::test,gear_dataset.csv,OCSLab_Car,veh_19,0,-1,0.8676410881039383,attack_free,benign_fp
67,weak_campaign,veh_19-w01,OCSLab_Car::normal_run_data.txt::370::test,normal_run_data.txt,OCSLab_Car,veh_19,0,-1,0.8615509541209907,attack_free,benign_fp
67,weak_campaign,veh_19-w02,OCSLab_Car::normal_run_data.txt::499::test,normal_run_data.txt,OCSLab_Car,veh_19,0,-1,0.9078359723913926,attack_free,benign_fp
67,weak_campaign,veh_19-w03,OCSLab_Car::normal_run_data.txt::780::test,normal_run_data.txt,OCSLab_Car,veh_19,0,-1,0.7718229801055623,attack_free,benign_fp
67,weak_campaign,veh_19-w04,OCSLab_Car::normal_run_data.txt::680::test,normal_run_data.txt,OCSLab_Car,veh_19,0,-1,0.7101096224116931,attack_free,benign_fp
67,weak_campaign,veh_19-w05,OCSLab_Car::normal_run_data.txt::638::test,normal_run_data.txt,OCSLab_Car,veh_19,0,-1,0.9334145351197728,attack_free,benign_fp
67,weak_campaign,veh_19-w06,OCSLab_Car::normal_run_data.txt::491::test,normal_run_data.txt,OCSLab_Car,veh_19,0,-1,0.6544863987007714,attack_free,benign_fp
67,weak_campaign,veh_19-w07,Challenge_S::Pre_train_S_0.csv::66::test,Pre_train_S_0.csv,Challenge_S,veh_19,0,-1,0.6047979797979798,attack_free,benign_fp
67,weak_campaign,veh_19-w08,OCSLab_Car::gear_dataset.csv::163::test,gear_dataset.csv,OCSLab_Car,veh_19,0,-1,0.5509541209906618,attack_free,benign_fp
67,weak_campaign,veh_19-w09,Challenge_S::Pre_train_S_0.csv::134::test,Pre_train_S_0.csv,Challenge_S,veh_19,0,-1,0.6430976430976431,attack_free,benign_fp
67,unrelated_incidents,veh_00-w00,Challenge_D::Pre_train_D_2.csv::296::test,Pre_train_D_2.csv,Challenge_D,veh_00,1,0,1.0,flooding,independent_0_flooding
67,unrelated_incidents,veh_00-w01,Challenge_S::Pre_train_S_2.csv::50::test,Pre_train_S_2.csv,Challenge_S,veh_00,1,0,1.0,flooding,independent_0_flooding
67,unrelated_incidents,veh_00-w02,OCSLab_Car::DoS_dataset.csv::93::test,DoS_dataset.csv,OCSLab_Car,veh_00,1,0,1.0,flooding,independent_0_flooding
67,unrelated_incidents,veh_00-w03,Challenge_D::Pre_train_D_1.csv::213::test,Pre_train_D_1.csv,Challenge_D,veh_00,1,0,1.0,flooding,independent_0_flooding
67,unrelated_incidents,veh_00-w04,OCSLab_Car::DoS_dataset.csv::661::test,DoS_dataset.csv,OCSLab_Car,veh_00,1,0,1.0,flooding,independent_0_flooding
67,unrelated_incidents,veh_00-w05,Challenge_S::Pre_train_S_1.csv::44::test,Pre_train_S_1.csv,Challenge_S,veh_00,1,0,1.0,flooding,independent_0_flooding
67,unrelated_incidents,veh_00-w06,Challenge_S::Pre_train_S_2.csv::137::test,Pre_train_S_2.csv,Challenge_S,veh_00,1,0,1.0,flooding,independent_0_flooding
67,unrelated_incidents,veh_00-w07,OCSLab_Car::DoS_dataset.csv::461::test,DoS_dataset.csv,OCSLab_Car,veh_00,1,0,1.0,flooding,independent_0_flooding
67,unrelated_incidents,veh_00-w08,Challenge_D::Pre_train_D_2.csv::222::test,Pre_train_D_2.csv,Challenge_D,veh_00,1,0,1.0,flooding,independent_0_flooding
67,unrelated_incidents,veh_00-w09,OCSLab_Car::DoS_dataset.csv::453::test,DoS_dataset.csv,OCSLab_Car,veh_00,1,0,1.0,flooding,independent_0_flooding
67,unrelated_incidents,veh_01-w00,OCSLab_Car::RPM_dataset.csv::729::test,RPM_dataset.csv,OCSLab_Car,veh_01,1,1,1.0,malfunction_rpm,independent_1_malfunction_rpm
67,unrelated_incidents,veh_01-w01,OCSLab_Car::RPM_dataset.csv::586::test,RPM_dataset.csv,OCSLab_Car,veh_01,1,1,1.0,malfunction_rpm,independent_1_malfunction_rpm
67,unrelated_incidents,veh_01-w02,OCSLab_Car::RPM_dataset.csv::14::test,RPM_dataset.csv,OCSLab_Car,veh_01,1,1,1.0,malfunction_rpm,independent_1_malfunction_rpm
67,unrelated_incidents,veh_01-w03,OCSLab_Car::RPM_dataset.csv::751::test,RPM_dataset.csv,OCSLab_Car,veh_01,1,1,1.0,malfunction_rpm,independent_1_malfunction_rpm
67,unrelated_incidents,veh_01-w04,OCSLab_Car::RPM_dataset.csv::56::test,RPM_dataset.csv,OCSLab_Car,veh_01,1,1,1.0,malfunction_rpm,independent_1_malfunction_rpm
67,unrelated_incidents,veh_01-w05,OCSLab_Car::RPM_dataset.csv::6::test,RPM_dataset.csv,OCSLab_Car,veh_01,1,1,1.0,malfunction_rpm,independent_1_malfunction_rpm
67,unrelated_incidents,veh_01-w06,OCSLab_Car::RPM_dataset.csv::228::test,RPM_dataset.csv,OCSLab_Car,veh_01,1,1,1.0,malfunction_rpm,independent_1_malfunction_rpm
67,unrelated_incidents,veh_01-w07,OCSLab_Car::RPM_dataset.csv::198::test,RPM_dataset.csv,OCSLab_Car,veh_01,1,1,1.0,malfunction_rpm,independent_1_malfunction_rpm
67,unrelated_incidents,veh_01-w08,OCSLab_Car::RPM_dataset.csv::744::test,RPM_dataset.csv,OCSLab_Car,veh_01,1,1,1.0,malfunction_rpm,independent_1_malfunction_rpm
67,unrelated_incidents,veh_01-w09,OCSLab_Car::RPM_dataset.csv::495::test,RPM_dataset.csv,OCSLab_Car,veh_01,1,1,1.0,malfunction_rpm,independent_1_malfunction_rpm
67,unrelated_incidents,veh_02-w00,OCSLab_Car::gear_dataset.csv::441::test,gear_dataset.csv,OCSLab_Car,veh_02,1,2,1.0,malfunction_gear,independent_2_malfunction_gear
67,unrelated_incidents,veh_02-w01,OCSLab_Car::gear_dataset.csv::439::test,gear_dataset.csv,OCSLab_Car,veh_02,1,2,1.0,malfunction_gear,independent_2_malfunction_gear
67,unrelated_incidents,veh_02-w02,OCSLab_Car::gear_dataset.csv::440::test,gear_dataset.csv,OCSLab_Car,veh_02,1,2,1.0,malfunction_gear,independent_2_malfunction_gear
67,unrelated_incidents,veh_02-w03,OCSLab_Car::gear_dataset.csv::720::test,gear_dataset.csv,OCSLab_Car,veh_02,1,2,1.0,malfunction_gear,independent_2_malfunction_gear
67,unrelated_incidents,veh_02-w04,OCSLab_Car::gear_dataset.csv::369::test,gear_dataset.csv,OCSLab_Car,veh_02,1,2,1.0,malfunction_gear,independent_2_malfunction_gear
67,unrelated_incidents,veh_02-w05,OCSLab_Car::gear_dataset.csv::708::test,gear_dataset.csv,OCSLab_Car,veh_02,1,2,1.0,malfunction_gear,independent_2_malfunction_gear
67,unrelated_incidents,veh_02-w06,OCSLab_Car::gear_dataset.csv::218::test,gear_dataset.csv,OCSLab_Car,veh_02,1,2,1.0,malfunction_gear,independent_2_malfunction_gear
67,unrelated_incidents,veh_02-w07,OCSLab_Car::gear_dataset.csv::395::test,gear_dataset.csv,OCSLab_Car,veh_02,1,2,1.0,malfunction_gear,independent_2_malfunction_gear
67,unrelated_incidents,veh_02-w08,OCSLab_Car::gear_dataset.csv::460::test,gear_dataset.csv,OCSLab_Car,veh_02,1,2,1.0,malfunction_gear,independent_2_malfunction_gear
67,unrelated_incidents,veh_02-w09,OCSLab_Car::gear_dataset.csv::388::test,gear_dataset.csv,OCSLab_Car,veh_02,1,2,1.0,malfunction_gear,independent_2_malfunction_gear
67,unrelated_incidents,veh_03-w00,OCSLab_Car::Fuzzy_dataset.csv::30::test,Fuzzy_dataset.csv,OCSLab_Car,veh_03,1,3,1.0,fuzzy,independent_3_fuzzy
67,unrelated_incidents,veh_03-w01,OCSLab_Car::Fuzzy_dataset.csv::632::test,Fuzzy_dataset.csv,OCSLab_Car,veh_03,1,3,1.0,fuzzy,independent_3_fuzzy
67,unrelated_incidents,veh_03-w02,OCSLab_Car::Fuzzy_dataset.csv::318::test,Fuzzy_dataset.csv,OCSLab_Car,veh_03,1,3,1.0,fuzzy,independent_3_fuzzy
67,unrelated_incidents,veh_03-w03,OCSLab_Car::Fuzzy_dataset.csv::487::test,Fuzzy_dataset.csv,OCSLab_Car,veh_03,1,3,1.0,fuzzy,independent_3_fuzzy
67,unrelated_incidents,veh_03-w04,OCSLab_Car::Fuzzy_dataset.csv::717::test,Fuzzy_dataset.csv,OCSLab_Car,veh_03,1,3,1.0,fuzzy,independent_3_fuzzy
67,unrelated_incidents,veh_03-w05,OCSLab_Car::Fuzzy_dataset.csv::500::test,Fuzzy_dataset.csv,OCSLab_Car,veh_03,1,3,1.0,fuzzy,independent_3_fuzzy
67,unrelated_incidents,veh_03-w06,OCSLab_Car::Fuzzy_dataset.csv::475::test,Fuzzy_dataset.csv,OCSLab_Car,veh_03,1,3,1.0,fuzzy,independent_3_fuzzy
67,unrelated_incidents,veh_03-w07,OCSLab_Car::Fuzzy_dataset.csv::744::test,Fuzzy_dataset.csv,OCSLab_Car,veh_03,1,3,1.0,fuzzy,independent_3_fuzzy
67,unrelated_incidents,veh_03-w08,OCSLab_Car::Fuzzy_dataset.csv::617::test,Fuzzy_dataset.csv,OCSLab_Car,veh_03,1,3,1.0,fuzzy,independent_3_fuzzy
67,unrelated_incidents,veh_03-w09,OCSLab_Car::Fuzzy_dataset.csv::625::test,Fuzzy_dataset.csv,OCSLab_Car,veh_03,1,3,1.0,fuzzy,independent_3_fuzzy
67,unrelated_incidents,veh_04-w00,Challenge_D::Pre_train_D_2.csv::422::test,Pre_train_D_2.csv,Challenge_D,veh_04,1,4,0.8232323232323232,spoofing,independent_4_spoofing
67,unrelated_incidents,veh_04-w01,Challenge_S::Pre_train_S_1.csv::426::test,Pre_train_S_1.csv,Challenge_S,veh_04,1,4,0.8552188552188552,spoofing,independent_4_spoofing
67,unrelated_incidents,veh_04-w02,Challenge_S::Pre_train_S_2.csv::364::test,Pre_train_S_2.csv,Challenge_S,veh_04,1,4,0.8821548821548821,spoofing,independent_4_spoofing
67,unrelated_incidents,veh_04-w03,Challenge_S::Pre_train_S_2.csv::481::test,Pre_train_S_2.csv,Challenge_S,veh_04,1,4,0.9503367003367004,spoofing,independent_4_spoofing
67,unrelated_incidents,veh_04-w04,Challenge_S::Pre_train_S_1.csv::456::test,Pre_train_S_1.csv,Challenge_S,veh_04,1,4,0.9154040404040404,spoofing,independent_4_spoofing
67,unrelated_incidents,veh_04-w05,Challenge_D::Pre_train_D_2.csv::508::test,Pre_train_D_2.csv,Challenge_D,veh_04,1,4,0.877104377104377,spoofing,independent_4_spoofing
67,unrelated_incidents,veh_04-w06,Challenge_D::Pre_train_D_2.csv::457::test,Pre_train_D_2.csv,Challenge_D,veh_04,1,4,0.8177609427609428,spoofing,independent_4_spoofing
67,unrelated_incidents,veh_04-w07,Challenge_S::Pre_train_S_1.csv::309::test,Pre_train_S_1.csv,Challenge_S,veh_04,1,4,0.9558080808080808,spoofing,independent_4_spoofing
67,unrelated_incidents,veh_04-w08,Challenge_D::Pre_train_D_1.csv::397::test,Pre_train_D_1.csv,Challenge_D,veh_04,1,4,0.9217171717171716,spoofing,independent_4_spoofing
67,unrelated_incidents,veh_04-w09,Challenge_D::Pre_train_D_2.csv::365::test,Pre_train_D_2.csv,Challenge_D,veh_04,1,4,0.9225589225589226,spoofing,independent_4_spoofing
67,unrelated_incidents,veh_05-w00,OCSLab_Car::normal_run_data.txt::441::test,normal_run_data.txt,OCSLab_Car,veh_05,0,-1,0.8725131952902964,attack_free,benign_fp
67,unrelated_incidents,veh_05-w01,OCSLab_Car::normal_run_data.txt::527::test,normal_run_data.txt,OCSLab_Car,veh_05,0,-1,0.8566788469346326,attack_free,benign_fp
67,unrelated_incidents,veh_05-w02,Challenge_S::Pre_train_S_1.csv::563::test,Pre_train_S_1.csv,Challenge_S,veh_05,0,-1,0.765993265993266,attack_free,benign_fp
67,unrelated_incidents,veh_05-w03,OCSLab_Car::normal_run_data.txt::509::test,normal_run_data.txt,OCSLab_Car,veh_05,0,-1,0.7511165245635404,attack_free,benign_fp
67,unrelated_incidents,veh_05-w04,OCSLab_Car::normal_run_data.txt::415::test,normal_run_data.txt,OCSLab_Car,veh_05,0,-1,0.9874137231019082,attack_free,benign_fp
67,unrelated_incidents,veh_05-w05,OCSLab_Car::normal_run_data.txt::524::test,normal_run_data.txt,OCSLab_Car,veh_05,0,-1,0.8026796589524969,attack_free,benign_fp
67,unrelated_incidents,veh_05-w06,Challenge_D::Pre_train_D_2.csv::653::test,Pre_train_D_2.csv,Challenge_D,veh_05,0,-1,0.6481481481481481,attack_free,benign_fp
67,unrelated_incidents,veh_05-w07,OCSLab_Car::RPM_dataset.csv::91::test,RPM_dataset.csv,OCSLab_Car,veh_05,0,-1,0.6443361753958587,attack_free,benign_fp
67,unrelated_incidents,veh_05-w08,OCSLab_Car::normal_run_data.txt::650::test,normal_run_data.txt,OCSLab_Car,veh_05,0,-1,0.928948436865611,attack_free,benign_fp
67,unrelated_incidents,veh_05-w09,Challenge_S::Pre_train_S_2.csv::775::test,Pre_train_S_2.csv,Challenge_S,veh_05,0,-1,0.8160774410774411,attack_free,benign_fp
67,unrelated_incidents,veh_06-w00,Challenge_S::Pre_train_S_2.csv::562::test,Pre_train_S_2.csv,Challenge_S,veh_06,0,-1,0.8101851851851852,attack_free,benign_fp
67,unrelated_incidents,veh_06-w01,OCSLab_Car::normal_run_data.txt::728::test,normal_run_data.txt,OCSLab_Car,veh_06,0,-1,0.8773853024766545,attack_free,benign_fp
67,unrelated_incidents,veh_06-w02,OCSLab_Car::normal_run_data.txt::668::test,normal_run_data.txt,OCSLab_Car,veh_06,0,-1,0.7710109622411693,attack_free,benign_fp
67,unrelated_incidents,veh_06-w03,OCSLab_Car::normal_run_data.txt::696::test,normal_run_data.txt,OCSLab_Car,veh_06,0,-1,0.926512383272432,attack_free,benign_fp
67,unrelated_incidents,veh_06-w04,Challenge_D::Pre_train_D_2.csv::645::test,Pre_train_D_2.csv,Challenge_D,veh_06,0,-1,0.640993265993266,attack_free,benign_fp
67,unrelated_incidents,veh_06-w05,Challenge_D::Pre_train_D_0.csv::285::test,Pre_train_D_0.csv,Challenge_D,veh_06,0,-1,0.9987373737373736,attack_free,benign_fp
67,unrelated_incidents,veh_06-w06,OCSLab_Car::normal_run_data.txt::552::test,normal_run_data.txt,OCSLab_Car,veh_06,0,-1,0.8241981323589119,attack_free,benign_fp
67,unrelated_incidents,veh_06-w07,Challenge_S::Pre_train_S_1.csv::723::test,Pre_train_S_1.csv,Challenge_S,veh_06,0,-1,0.9271885521885522,attack_free,benign_fp
67,unrelated_incidents,veh_06-w08,OCSLab_Car::normal_run_data.txt::526::test,normal_run_data.txt,OCSLab_Car,veh_06,0,-1,0.8798213560698336,attack_free,benign_fp
67,unrelated_incidents,veh_06-w09,OCSLab_Car::gear_dataset.csv::673::test,gear_dataset.csv,OCSLab_Car,veh_06,0,-1,0.9813235891189608,attack_free,benign_fp
67,unrelated_incidents,veh_07-w00,OCSLab_Car::RPM_dataset.csv::660::test,RPM_dataset.csv,OCSLab_Car,veh_07,0,-1,0.6211936662606578,attack_free,benign_fp
67,unrelated_incidents,veh_07-w01,OCSLab_Car::gear_dataset.csv::551::test,gear_dataset.csv,OCSLab_Car,veh_07,0,-1,0.6406820950060901,attack_free,benign_fp
67,unrelated_incidents,veh_07-w02,OCSLab_Car::normal_run_data.txt::671::test,normal_run_data.txt,OCSLab_Car,veh_07,0,-1,0.7218838814453918,attack_free,benign_fp
67,unrelated_incidents,veh_07-w03,Challenge_S::Pre_train_S_2.csv::707::test,Pre_train_S_2.csv,Challenge_S,veh_07,0,-1,0.8038720538720538,attack_free,benign_fp
67,unrelated_incidents,veh_07-w04,OCSLab_Car::normal_run_data.txt::630::test,normal_run_data.txt,OCSLab_Car,veh_07,0,-1,0.805115712545676,attack_free,benign_fp
67,unrelated_incidents,veh_07-w05,Challenge_D::Pre_train_D_2.csv::595::test,Pre_train_D_2.csv,Challenge_D,veh_07,0,-1,0.8686868686868687,attack_free,benign_fp
67,unrelated_incidents,veh_07-w06,Challenge_S::Pre_train_S_2.csv::679::test,Pre_train_S_2.csv,Challenge_S,veh_07,0,-1,0.7331649831649831,attack_free,benign_fp
67,unrelated_incidents,veh_07-w07,OCSLab_Car::normal_run_data.txt::112::test,normal_run_data.txt,OCSLab_Car,veh_07,0,-1,0.8940316686967114,attack_free,benign_fp
67,unrelated_incidents,veh_07-w08,Challenge_D::Pre_train_D_1.csv::521::test,Pre_train_D_1.csv,Challenge_D,veh_07,0,-1,0.5698653198653199,attack_free,benign_fp
67,unrelated_incidents,veh_07-w09,OCSLab_Car::normal_run_data.txt::105::test,normal_run_data.txt,OCSLab_Car,veh_07,0,-1,0.8838814453917986,attack_free,benign_fp
67,unrelated_incidents,veh_08-w00,Challenge_D::Pre_train_D_0.csv::176::test,Pre_train_D_0.csv,Challenge_D,veh_08,0,-1,0.917087542087542,attack_free,benign_fp
67,unrelated_incidents,veh_08-w01,Challenge_D::Pre_train_D_2.csv::743::test,Pre_train_D_2.csv,Challenge_D,veh_08,0,-1,0.6153198653198653,attack_free,benign_fp
67,unrelated_incidents,veh_08-w02,OCSLab_Car::normal_run_data.txt::127::test,normal_run_data.txt,OCSLab_Car,veh_08,0,-1,0.853024766544864,attack_free,benign_fp
67,unrelated_incidents,veh_08-w03,Challenge_D::Pre_train_D_0.csv::7::test,Pre_train_D_0.csv,Challenge_D,veh_08,0,-1,0.7954545454545454,attack_free,benign_fp
67,unrelated_incidents,veh_08-w04,OCSLab_Car::gear_dataset.csv::652::test,gear_dataset.csv,OCSLab_Car,veh_08,0,-1,0.8380024360535931,attack_free,benign_fp
67,unrelated_incidents,veh_08-w05,OCSLab_Car::gear_dataset.csv::562::test,gear_dataset.csv,OCSLab_Car,veh_08,0,-1,0.6577344701583435,attack_free,benign_fp
67,unrelated_incidents,veh_08-w06,OCSLab_Car::normal_run_data.txt::581::test,normal_run_data.txt,OCSLab_Car,veh_08,0,-1,0.7718229801055623,attack_free,benign_fp
67,unrelated_incidents,veh_08-w07,Challenge_D::Pre_train_D_2.csv::26::test,Pre_train_D_2.csv,Challenge_D,veh_08,0,-1,0.9044612794612794,attack_free,benign_fp
67,unrelated_incidents,veh_08-w08,Challenge_S::Pre_train_S_2.csv::641::test,Pre_train_S_2.csv,Challenge_S,veh_08,0,-1,0.9065656565656566,attack_free,benign_fp
67,unrelated_incidents,veh_08-w09,OCSLab_Car::normal_run_data.txt::528::test,normal_run_data.txt,OCSLab_Car,veh_08,0,-1,0.9244823386114496,attack_free,benign_fp
67,unrelated_incidents,veh_09-w00,OCSLab_Car::DoS_dataset.csv::556::test,DoS_dataset.csv,OCSLab_Car,veh_09,0,-1,0.5671944782785221,attack_free,benign_fp
67,unrelated_incidents,veh_09-w01,OCSLab_Car::normal_run_data.txt::507::test,normal_run_data.txt,OCSLab_Car,veh_09,0,-1,0.8107998375964272,attack_free,benign_fp
67,unrelated_incidents,veh_09-w02,Challenge_D::Pre_train_D_2.csv::700::test,Pre_train_D_2.csv,Challenge_D,veh_09,0,-1,0.6485690235690236,attack_free,benign_fp
67,unrelated_incidents,veh_09-w03,OCSLab_Car::normal_run_data.txt::196::test,normal_run_data.txt,OCSLab_Car,veh_09,0,-1,0.7685749086479903,attack_free,benign_fp
67,unrelated_incidents,veh_09-w04,OCSLab_Car::normal_run_data.txt::590::test,normal_run_data.txt,OCSLab_Car,veh_09,0,-1,0.9114900527811612,attack_free,benign_fp
67,unrelated_incidents,veh_09-w05,Challenge_D::Pre_train_D_0.csv::251::test,Pre_train_D_0.csv,Challenge_D,veh_09,0,-1,0.8455387205387206,attack_free,benign_fp
67,unrelated_incidents,veh_09-w06,Challenge_S::Pre_train_S_1.csv::575::test,Pre_train_S_1.csv,Challenge_S,veh_09,0,-1,0.7226430976430976,attack_free,benign_fp
67,unrelated_incidents,veh_09-w07,Challenge_S::Pre_train_S_2.csv::776::test,Pre_train_S_2.csv,Challenge_S,veh_09,0,-1,0.915824915824916,attack_free,benign_fp
67,unrelated_incidents,veh_09-w08,OCSLab_Car::DoS_dataset.csv::199::test,DoS_dataset.csv,OCSLab_Car,veh_09,0,-1,0.6427121396670726,attack_free,benign_fp
67,unrelated_incidents,veh_09-w09,OCSLab_Car::normal_run_data.txt::287::test,normal_run_data.txt,OCSLab_Car,veh_09,0,-1,0.967925294356476,attack_free,benign_fp
67,unrelated_incidents,veh_10-w00,Challenge_S::Pre_train_S_2.csv::31::test,Pre_train_S_2.csv,Challenge_S,veh_10,0,-1,0.9621212121212122,attack_free,benign_fp
67,unrelated_incidents,veh_10-w01,Challenge_S::Pre_train_S_2.csv::629::test,Pre_train_S_2.csv,Challenge_S,veh_10,0,-1,0.9553872053872052,attack_free,benign_fp
67,unrelated_incidents,veh_10-w02,Challenge_D::Pre_train_D_2.csv::666::test,Pre_train_D_2.csv,Challenge_D,veh_10,0,-1,0.7933501683501684,attack_free,benign_fp
67,unrelated_incidents,veh_10-w03,OCSLab_Car::RPM_dataset.csv::612::test,RPM_dataset.csv,OCSLab_Car,veh_10,0,-1,0.6187576126674786,attack_free,benign_fp
67,unrelated_incidents,veh_10-w04,OCSLab_Car::normal_run_data.txt::45::test,normal_run_data.txt,OCSLab_Car,veh_10,0,-1,0.920016240357288,attack_free,benign_fp
67,unrelated_incidents,veh_10-w05,OCSLab_Car::normal_run_data.txt::180::test,normal_run_data.txt,OCSLab_Car,veh_10,0,-1,0.9638652050345108,attack_free,benign_fp
67,unrelated_incidents,veh_10-w06,Challenge_D::Pre_train_D_0.csv::107::test,Pre_train_D_0.csv,Challenge_D,veh_10,0,-1,0.9381313131313131,attack_free,benign_fp
67,unrelated_incidents,veh_10-w07,Challenge_D::Pre_train_D_0.csv::47::test,Pre_train_D_0.csv,Challenge_D,veh_10,0,-1,0.8859427609427609,attack_free,benign_fp
67,unrelated_incidents,veh_10-w08,Challenge_D::Pre_train_D_0.csv::27::test,Pre_train_D_0.csv,Challenge_D,veh_10,0,-1,0.7920875420875421,attack_free,benign_fp
67,unrelated_incidents,veh_10-w09,OCSLab_Car::normal_run_data.txt::734::test,normal_run_data.txt,OCSLab_Car,veh_10,0,-1,0.7921234267153877,attack_free,benign_fp
67,unrelated_incidents,veh_11-w00,OCSLab_Car::normal_run_data.txt::375::test,normal_run_data.txt,OCSLab_Car,veh_11,0,-1,0.7884693463256192,attack_free,benign_fp
67,unrelated_incidents,veh_11-w01,OCSLab_Car::gear_dataset.csv::164::test,gear_dataset.csv,OCSLab_Car,veh_11,0,-1,0.6248477466504263,attack_free,benign_fp
67,unrelated_incidents,veh_11-w02,OCSLab_Car::normal_run_data.txt::329::test,normal_run_data.txt,OCSLab_Car,veh_11,0,-1,0.951278928136419,attack_free,benign_fp
67,unrelated_incidents,veh_11-w03,Challenge_S::Pre_train_S_1.csv::728::test,Pre_train_S_1.csv,Challenge_S,veh_11,0,-1,0.8930976430976431,attack_free,benign_fp
67,unrelated_incidents,veh_11-w04,OCSLab_Car::RPM_dataset.csv::167::test,RPM_dataset.csv,OCSLab_Car,veh_11,0,-1,0.6236297198538368,attack_free,benign_fp
67,unrelated_incidents,veh_11-w05,Challenge_S::Pre_train_S_0.csv::288::test,Pre_train_S_0.csv,Challenge_S,veh_11,0,-1,0.6359427609427609,attack_free,benign_fp
67,unrelated_incidents,veh_11-w06,OCSLab_Car::normal_run_data.txt::445::test,normal_run_data.txt,OCSLab_Car,veh_11,0,-1,0.9618351603735282,attack_free,benign_fp
67,unrelated_incidents,veh_11-w07,Challenge_S::Pre_train_S_1.csv::346::test,Pre_train_S_1.csv,Challenge_S,veh_11,0,-1,0.7449494949494949,attack_free,benign_fp
67,unrelated_incidents,veh_11-w08,OCSLab_Car::normal_run_data.txt::675::test,normal_run_data.txt,OCSLab_Car,veh_11,0,-1,0.5899309784815266,attack_free,benign_fp
67,unrelated_incidents,veh_11-w09,Challenge_D::Pre_train_D_1.csv::46::test,Pre_train_D_1.csv,Challenge_D,veh_11,0,-1,0.7958754208754208,attack_free,benign_fp
67,unrelated_incidents,veh_12-w00,OCSLab_Car::normal_run_data.txt::167::test,normal_run_data.txt,OCSLab_Car,veh_12,0,-1,0.9476248477466503,attack_free,benign_fp
67,unrelated_incidents,veh_12-w01,OCSLab_Car::normal_run_data.txt::542::test,normal_run_data.txt,OCSLab_Car,veh_12,0,-1,0.95696305318717,attack_free,benign_fp
67,unrelated_incidents,veh_12-w02,OCSLab_Car::normal_run_data.txt::323::test,normal_run_data.txt,OCSLab_Car,veh_12,0,-1,0.9833536337799432,attack_free,benign_fp
67,unrelated_incidents,veh_12-w03,Challenge_D::Pre_train_D_2.csv::675::test,Pre_train_D_2.csv,Challenge_D,veh_12,0,-1,0.7912457912457912,attack_free,benign_fp
67,unrelated_incidents,veh_12-w04,OCSLab_Car::normal_run_data.txt::622::test,normal_run_data.txt,OCSLab_Car,veh_12,0,-1,0.7775071051563135,attack_free,benign_fp
67,unrelated_incidents,veh_12-w05,OCSLab_Car::normal_run_data.txt::491::test,normal_run_data.txt,OCSLab_Car,veh_12,0,-1,0.6544863987007714,attack_free,benign_fp
67,unrelated_incidents,veh_12-w06,OCSLab_Car::gear_dataset.csv::559::test,gear_dataset.csv,OCSLab_Car,veh_12,0,-1,0.606171335769387,attack_free,benign_fp
67,unrelated_incidents,veh_12-w07,Challenge_D::Pre_train_D_2.csv::709::test,Pre_train_D_2.csv,Challenge_D,veh_12,0,-1,0.9659090909090908,attack_free,benign_fp
67,unrelated_incidents,veh_12-w08,OCSLab_Car::normal_run_data.txt::203::test,normal_run_data.txt,OCSLab_Car,veh_12,0,-1,0.9821356069833536,attack_free,benign_fp
67,unrelated_incidents,veh_12-w09,Challenge_S::Pre_train_S_1.csv::770::test,Pre_train_S_1.csv,Challenge_S,veh_12,0,-1,0.6675084175084175,attack_free,benign_fp
67,unrelated_incidents,veh_13-w00,OCSLab_Car::normal_run_data.txt::395::test,normal_run_data.txt,OCSLab_Car,veh_13,0,-1,0.9663012586276898,attack_free,benign_fp
67,unrelated_incidents,veh_13-w01,Challenge_D::Pre_train_D_0.csv::196::test,Pre_train_D_0.csv,Challenge_D,veh_13,0,-1,0.6376262626262627,attack_free,benign_fp
67,unrelated_incidents,veh_13-w02,OCSLab_Car::normal_run_data.txt::241::test,normal_run_data.txt,OCSLab_Car,veh_13,0,-1,0.9837596427121396,attack_free,benign_fp
67,unrelated_incidents,veh_13-w03,Challenge_S::Pre_train_S_2.csv::21::test,Pre_train_S_2.csv,Challenge_S,veh_13,0,-1,0.9562289562289562,attack_free,benign_fp
67,unrelated_incidents,veh_13-w04,OCSLab_Car::normal_run_data.txt::240::test,normal_run_data.txt,OCSLab_Car,veh_13,0,-1,0.9837596427121396,attack_free,benign_fp
67,unrelated_incidents,veh_13-w05,Challenge_D::Pre_train_D_0.csv::265::test,Pre_train_D_0.csv,Challenge_D,veh_13,0,-1,0.8211279461279462,attack_free,benign_fp
67,unrelated_incidents,veh_13-w06,OCSLab_Car::normal_run_data.txt::125::test,normal_run_data.txt,OCSLab_Car,veh_13,0,-1,0.9066179455948032,attack_free,benign_fp
67,unrelated_incidents,veh_13-w07,Challenge_S::Pre_train_S_0.csv::290::test,Pre_train_S_0.csv,Challenge_S,veh_13,0,-1,0.7289562289562289,attack_free,benign_fp
67,unrelated_incidents,veh_13-w08,OCSLab_Car::normal_run_data.txt::627::test,normal_run_data.txt,OCSLab_Car,veh_13,0,-1,0.9650832318311002,attack_free,benign_fp
67,unrelated_incidents,veh_13-w09,OCSLab_Car::normal_run_data.txt::536::test,normal_run_data.txt,OCSLab_Car,veh_13,0,-1,0.7222898903775883,attack_free,benign_fp
67,unrelated_incidents,veh_14-w00,Challenge_D::Pre_train_D_0.csv::250::test,Pre_train_D_0.csv,Challenge_D,veh_14,0,-1,0.7306397306397306,attack_free,benign_fp
67,unrelated_incidents,veh_14-w01,Challenge_D::Pre_train_D_1.csv::66::test,Pre_train_D_1.csv,Challenge_D,veh_14,0,-1,0.6641414141414141,attack_free,benign_fp
67,unrelated_incidents,veh_14-w02,OCSLab_Car::normal_run_data.txt::753::test,normal_run_data.txt,OCSLab_Car,veh_14,0,-1,0.7446203816483963,attack_free,benign_fp
67,unrelated_incidents,veh_14-w03,OCSLab_Car::DoS_dataset.csv::520::test,DoS_dataset.csv,OCSLab_Car,veh_14,0,-1,0.8258221680876979,attack_free,benign_fp
67,unrelated_incidents,veh_14-w04,OCSLab_Car::RPM_dataset.csv::616::test,RPM_dataset.csv,OCSLab_Car,veh_14,0,-1,0.6760048721071864,attack_free,benign_fp
67,unrelated_incidents,veh_14-w05,OCSLab_Car::DoS_dataset.csv::44::test,DoS_dataset.csv,OCSLab_Car,veh_14,0,-1,0.5992691839220463,attack_free,benign_fp
67,unrelated_incidents,veh_14-w06,OCSLab_Car::normal_run_data.txt::670::test,normal_run_data.txt,OCSLab_Car,veh_14,0,-1,0.6244417377182298,attack_free,benign_fp
67,unrelated_incidents,veh_14-w07,OCSLab_Car::normal_run_data.txt::672::test,normal_run_data.txt,OCSLab_Car,veh_14,0,-1,0.680470970361348,attack_free,benign_fp
67,unrelated_incidents,veh_14-w08,OCSLab_Car::normal_run_data.txt::145::test,normal_run_data.txt,OCSLab_Car,veh_14,0,-1,0.9516849370686156,attack_free,benign_fp
67,unrelated_incidents,veh_14-w09,OCSLab_Car::gear_dataset.csv::536::test,gear_dataset.csv,OCSLab_Car,veh_14,0,-1,0.6033292732440114,attack_free,benign_fp
67,unrelated_incidents,veh_15-w00,OCSLab_Car::normal_run_data.txt::740::test,normal_run_data.txt,OCSLab_Car,veh_15,0,-1,0.8952496954933008,attack_free,benign_fp
67,unrelated_incidents,veh_15-w01,Challenge_D::Pre_train_D_1.csv::11::test,Pre_train_D_1.csv,Challenge_D,veh_15,0,-1,0.6498316498316499,attack_free,benign_fp
67,unrelated_incidents,veh_15-w02,OCSLab_Car::normal_run_data.txt::338::test,normal_run_data.txt,OCSLab_Car,veh_15,0,-1,0.9078359723913926,attack_free,benign_fp
67,unrelated_incidents,veh_15-w03,Challenge_D::Pre_train_D_2.csv::108::test,Pre_train_D_2.csv,Challenge_D,veh_15,0,-1,0.8164983164983165,attack_free,benign_fp
67,unrelated_incidents,veh_15-w04,OCSLab_Car::normal_run_data.txt::421::test,normal_run_data.txt,OCSLab_Car,veh_15,0,-1,0.9634591961023142,attack_free,benign_fp
67,unrelated_incidents,veh_15-w05,OCSLab_Car::gear_dataset.csv::610::test,gear_dataset.csv,OCSLab_Car,veh_15,0,-1,0.6585464880227365,attack_free,benign_fp
67,unrelated_incidents,veh_15-w06,Challenge_D::Pre_train_D_0.csv::219::test,Pre_train_D_0.csv,Challenge_D,veh_15,0,-1,0.9903198653198652,attack_free,benign_fp
67,unrelated_incidents,veh_15-w07,Challenge_S::Pre_train_S_1.csv::772::test,Pre_train_S_1.csv,Challenge_S,veh_15,0,-1,0.6447811447811448,attack_free,benign_fp
67,unrelated_incidents,veh_15-w08,Challenge_D::Pre_train_D_1.csv::43::test,Pre_train_D_1.csv,Challenge_D,veh_15,0,-1,0.7908249158249159,attack_free,benign_fp
67,unrelated_incidents,veh_15-w09,OCSLab_Car::RPM_dataset.csv::130::test,RPM_dataset.csv,OCSLab_Car,veh_15,0,-1,0.7231019082419813,attack_free,benign_fp
67,unrelated_incidents,veh_16-w00,OCSLab_Car::normal_run_data.txt::15::test,normal_run_data.txt,OCSLab_Car,veh_16,0,-1,0.8611449451887941,attack_free,benign_fp
67,unrelated_incidents,veh_16-w01,OCSLab_Car::normal_run_data.txt::135::test,normal_run_data.txt,OCSLab_Car,veh_16,0,-1,0.9801055623223712,attack_free,benign_fp
67,unrelated_incidents,veh_16-w02,Challenge_D::Pre_train_D_0.csv::200::test,Pre_train_D_0.csv,Challenge_D,veh_16,0,-1,0.5820707070707071,attack_free,benign_fp
67,unrelated_incidents,veh_16-w03,Challenge_S::Pre_train_S_2.csv::622::test,Pre_train_S_2.csv,Challenge_S,veh_16,0,-1,0.9865319865319864,attack_free,benign_fp
67,unrelated_incidents,veh_16-w04,Challenge_S::Pre_train_S_2.csv::559::test,Pre_train_S_2.csv,Challenge_S,veh_16,0,-1,0.7920875420875421,attack_free,benign_fp
67,unrelated_incidents,veh_16-w05,Challenge_D::Pre_train_D_2.csv::638::test,Pre_train_D_2.csv,Challenge_D,veh_16,0,-1,0.6199494949494949,attack_free,benign_fp
67,unrelated_incidents,veh_16-w06,OCSLab_Car::RPM_dataset.csv::116::test,RPM_dataset.csv,OCSLab_Car,veh_16,0,-1,0.6037352821762079,attack_free,benign_fp
67,unrelated_incidents,veh_16-w07,Challenge_S::Pre_train_S_1.csv::23::test,Pre_train_S_1.csv,Challenge_S,veh_16,0,-1,0.827020202020202,attack_free,benign_fp
67,unrelated_incidents,veh_16-w08,OCSLab_Car::normal_run_data.txt::735::test,normal_run_data.txt,OCSLab_Car,veh_16,0,-1,0.926512383272432,attack_free,benign_fp
67,unrelated_incidents,veh_16-w09,Challenge_S::Pre_train_S_1.csv::431::test,Pre_train_S_1.csv,Challenge_S,veh_16,0,-1,0.7495791245791246,attack_free,benign_fp
67,unrelated_incidents,veh_17-w00,OCSLab_Car::normal_run_data.txt::423::test,normal_run_data.txt,OCSLab_Car,veh_17,0,-1,0.785221274868047,attack_free,benign_fp
67,unrelated_incidents,veh_17-w01,Challenge_S::Pre_train_S_0.csv::201::test,Pre_train_S_0.csv,Challenge_S,veh_17,0,-1,0.6473063973063973,attack_free,benign_fp
67,unrelated_incidents,veh_17-w02,OCSLab_Car::RPM_dataset.csv::515::test,RPM_dataset.csv,OCSLab_Car,veh_17,0,-1,0.5923670320747056,attack_free,benign_fp
67,unrelated_incidents,veh_17-w03,OCSLab_Car::gear_dataset.csv::644::test,gear_dataset.csv,OCSLab_Car,veh_17,0,-1,0.9910678034916768,attack_free,benign_fp
67,unrelated_incidents,veh_17-w04,OCSLab_Car::gear_dataset.csv::772::test,gear_dataset.csv,OCSLab_Car,veh_17,0,-1,0.583028826634186,attack_free,benign_fp
67,unrelated_incidents,veh_17-w05,Challenge_D::Pre_train_D_0.csv::286::test,Pre_train_D_0.csv,Challenge_D,veh_17,0,-1,0.82996632996633,attack_free,benign_fp
67,unrelated_incidents,veh_17-w06,OCSLab_Car::RPM_dataset.csv::707::test,RPM_dataset.csv,OCSLab_Car,veh_17,0,-1,0.5639464068209501,attack_free,benign_fp
67,unrelated_incidents,veh_17-w07,Challenge_S::Pre_train_S_0.csv::255::test,Pre_train_S_0.csv,Challenge_S,veh_17,0,-1,0.7996632996632996,attack_free,benign_fp
67,unrelated_incidents,veh_17-w08,Challenge_S::Pre_train_S_1.csv::752::test,Pre_train_S_1.csv,Challenge_S,veh_17,0,-1,0.9250841750841752,attack_free,benign_fp
67,unrelated_incidents,veh_17-w09,OCSLab_Car::normal_run_data.txt::140::test,normal_run_data.txt,OCSLab_Car,veh_17,0,-1,0.947218838814454,attack_free,benign_fp
67,unrelated_incidents,veh_18-w00,Challenge_D::Pre_train_D_0.csv::21::test,Pre_train_D_0.csv,Challenge_D,veh_18,0,-1,0.8329124579124579,attack_free,benign_fp
67,unrelated_incidents,veh_18-w01,Challenge_D::Pre_train_D_0.csv::229::test,Pre_train_D_0.csv,Challenge_D,veh_18,0,-1,0.8657407407407407,attack_free,benign_fp
67,unrelated_incidents,veh_18-w02,OCSLab_Car::normal_run_data.txt::263::test,normal_run_data.txt,OCSLab_Car,veh_18,0,-1,0.85464880227365,attack_free,benign_fp
67,unrelated_incidents,veh_18-w03,OCSLab_Car::DoS_dataset.csv::127::test,DoS_dataset.csv,OCSLab_Car,veh_18,0,-1,0.997563946406821,attack_free,benign_fp
67,unrelated_incidents,veh_18-w04,OCSLab_Car::normal_run_data.txt::212::test,normal_run_data.txt,OCSLab_Car,veh_18,0,-1,0.947218838814454,attack_free,benign_fp
67,unrelated_incidents,veh_18-w05,Challenge_S::Pre_train_S_1.csv::780::test,Pre_train_S_1.csv,Challenge_S,veh_18,0,-1,0.9646464646464646,attack_free,benign_fp
67,unrelated_incidents,veh_18-w06,Challenge_S::Pre_train_S_0.csv::134::test,Pre_train_S_0.csv,Challenge_S,veh_18,0,-1,0.6430976430976431,attack_free,benign_fp
67,unrelated_incidents,veh_18-w07,OCSLab_Car::normal_run_data.txt::778::test,normal_run_data.txt,OCSLab_Car,veh_18,0,-1,0.7226958993097848,attack_free,benign_fp
67,unrelated_incidents,veh_18-w08,Challenge_D::Pre_train_D_0.csv::158::test,Pre_train_D_0.csv,Challenge_D,veh_18,0,-1,0.8274410774410774,attack_free,benign_fp
67,unrelated_incidents,veh_18-w09,OCSLab_Car::normal_run_data.txt::427::test,normal_run_data.txt,OCSLab_Car,veh_18,0,-1,0.9813235891189608,attack_free,benign_fp
67,unrelated_incidents,veh_19-w00,Challenge_D::Pre_train_D_0.csv::130::test,Pre_train_D_0.csv,Challenge_D,veh_19,0,-1,0.5715488215488216,attack_free,benign_fp
67,unrelated_incidents,veh_19-w01,Challenge_D::Pre_train_D_2.csv::710::test,Pre_train_D_2.csv,Challenge_D,veh_19,0,-1,0.7159090909090909,attack_free,benign_fp
67,unrelated_incidents,veh_19-w02,Challenge_D::Pre_train_D_2.csv::43::test,Pre_train_D_2.csv,Challenge_D,veh_19,0,-1,0.6414141414141414,attack_free,benign_fp
67,unrelated_incidents,veh_19-w03,OCSLab_Car::gear_dataset.csv::760::test,gear_dataset.csv,OCSLab_Car,veh_19,0,-1,0.5594803085667884,attack_free,benign_fp
67,unrelated_incidents,veh_19-w04,OCSLab_Car::DoS_dataset.csv::356::test,DoS_dataset.csv,OCSLab_Car,veh_19,0,-1,0.5659764514819327,attack_free,benign_fp
67,unrelated_incidents,veh_19-w05,OCSLab_Car::normal_run_data.txt::14::test,normal_run_data.txt,OCSLab_Car,veh_19,0,-1,0.8229801055623224,attack_free,benign_fp
67,unrelated_incidents,veh_19-w06,Challenge_D::Pre_train_D_2.csv::730::test,Pre_train_D_2.csv,Challenge_D,veh_19,0,-1,0.5791245791245792,attack_free,benign_fp
67,unrelated_incidents,veh_19-w07,Challenge_D::Pre_train_D_0.csv::253::test,Pre_train_D_0.csv,Challenge_D,veh_19,0,-1,0.8409090909090909,attack_free,benign_fp
67,unrelated_incidents,veh_19-w08,Challenge_S::Pre_train_S_2.csv::602::test,Pre_train_S_2.csv,Challenge_S,veh_19,0,-1,0.9208754208754208,attack_free,benign_fp
67,unrelated_incidents,veh_19-w09,Challenge_D::Pre_train_D_0.csv::273::test,Pre_train_D_0.csv,Challenge_D,veh_19,0,-1,0.6085858585858586,attack_free,benign_fp
71,strong_campaign,veh_00-w00,Challenge_D::Pre_train_D_2.csv::457::test,Pre_train_D_2.csv,Challenge_D,veh_00,1,0,0.8177609427609428,spoofing,spoofing
71,strong_campaign,veh_00-w01,Challenge_D::Pre_train_D_1.csv::499::test,Pre_train_D_1.csv,Challenge_D,veh_00,1,0,0.8446969696969697,spoofing,spoofing
71,strong_campaign,veh_00-w02,Challenge_S::Pre_train_S_1.csv::406::test,Pre_train_S_1.csv,Challenge_S,veh_00,1,0,0.9250841750841752,spoofing,spoofing
71,strong_campaign,veh_00-w03,Challenge_D::Pre_train_D_1.csv::359::test,Pre_train_D_1.csv,Challenge_D,veh_00,1,0,0.901094276094276,spoofing,spoofing
71,strong_campaign,veh_00-w04,Challenge_S::Pre_train_S_2.csv::506::test,Pre_train_S_2.csv,Challenge_S,veh_00,1,0,0.9865319865319864,spoofing,spoofing
71,strong_campaign,veh_00-w05,Challenge_S::Pre_train_S_1.csv::565::test,Pre_train_S_1.csv,Challenge_S,veh_00,1,0,0.8295454545454546,spoofing,spoofing
71,strong_campaign,veh_00-w06,Challenge_S::Pre_train_S_1.csv::303::test,Pre_train_S_1.csv,Challenge_S,veh_00,1,0,0.8324915824915825,spoofing,spoofing
71,strong_campaign,veh_00-w07,Challenge_S::Pre_train_S_2.csv::370::test,Pre_train_S_2.csv,Challenge_S,veh_00,1,0,0.8699494949494949,spoofing,spoofing
71,strong_campaign,veh_00-w08,Challenge_S::Pre_train_S_2.csv::348::test,Pre_train_S_2.csv,Challenge_S,veh_00,1,0,0.9671717171717172,spoofing,spoofing
71,strong_campaign,veh_00-w09,Challenge_S::Pre_train_S_2.csv::478::test,Pre_train_S_2.csv,Challenge_S,veh_00,1,0,0.8762626262626263,spoofing,spoofing
71,strong_campaign,veh_01-w00,Challenge_S::Pre_train_S_2.csv::330::test,Pre_train_S_2.csv,Challenge_S,veh_01,1,0,0.882996632996633,spoofing,spoofing
71,strong_campaign,veh_01-w01,Challenge_S::Pre_train_S_2.csv::474::test,Pre_train_S_2.csv,Challenge_S,veh_01,1,0,0.9288720538720538,spoofing,spoofing
71,strong_campaign,veh_01-w02,Challenge_D::Pre_train_D_2.csv::502::test,Pre_train_D_2.csv,Challenge_D,veh_01,1,0,0.8345959595959596,spoofing,spoofing
71,strong_campaign,veh_01-w03,Challenge_D::Pre_train_D_2.csv::495::test,Pre_train_D_2.csv,Challenge_D,veh_01,1,0,0.8960437710437711,spoofing,spoofing
71,strong_campaign,veh_01-w04,Challenge_D::Pre_train_D_2.csv::404::test,Pre_train_D_2.csv,Challenge_D,veh_01,1,0,0.8274410774410774,spoofing,spoofing
71,strong_campaign,veh_01-w05,Challenge_D::Pre_train_D_1.csv::397::test,Pre_train_D_1.csv,Challenge_D,veh_01,1,0,0.9217171717171716,spoofing,spoofing
71,strong_campaign,veh_01-w06,Challenge_S::Pre_train_S_2.csv::451::test,Pre_train_S_2.csv,Challenge_S,veh_01,1,0,0.9553872053872052,spoofing,spoofing
71,strong_campaign,veh_01-w07,Challenge_S::Pre_train_S_2.csv::521::test,Pre_train_S_2.csv,Challenge_S,veh_01,1,0,0.813973063973064,spoofing,spoofing
71,strong_campaign,veh_01-w08,Challenge_S::Pre_train_S_2.csv::377::test,Pre_train_S_2.csv,Challenge_S,veh_01,1,0,0.970959595959596,spoofing,spoofing
71,strong_campaign,veh_01-w09,Challenge_S::Pre_train_S_2.csv::510::test,Pre_train_S_2.csv,Challenge_S,veh_01,1,0,0.9924242424242424,spoofing,spoofing
71,strong_campaign,veh_02-w00,Challenge_D::Pre_train_D_2.csv::440::test,Pre_train_D_2.csv,Challenge_D,veh_02,1,0,0.9957912457912458,spoofing,spoofing
71,strong_campaign,veh_02-w01,Challenge_S::Pre_train_S_1.csv::313::test,Pre_train_S_1.csv,Challenge_S,veh_02,1,0,0.8968855218855218,spoofing,spoofing
71,strong_campaign,veh_02-w02,Challenge_S::Pre_train_S_2.csv::350::test,Pre_train_S_2.csv,Challenge_S,veh_02,1,0,0.9865319865319864,spoofing,spoofing
71,strong_campaign,veh_02-w03,Challenge_S::Pre_train_S_2.csv::396::test,Pre_train_S_2.csv,Challenge_S,veh_02,1,0,0.9583333333333334,spoofing,spoofing
71,strong_campaign,veh_02-w04,Challenge_S::Pre_train_S_2.csv::383::test,Pre_train_S_2.csv,Challenge_S,veh_02,1,0,0.9583333333333334,spoofing,spoofing
71,strong_campaign,veh_02-w05,Challenge_S::Pre_train_S_2.csv::401::test,Pre_train_S_2.csv,Challenge_S,veh_02,1,0,0.9915824915824916,spoofing,spoofing
71,strong_campaign,veh_02-w06,Challenge_S::Pre_train_S_2.csv::496::test,Pre_train_S_2.csv,Challenge_S,veh_02,1,0,0.8754208754208754,spoofing,spoofing
71,strong_campaign,veh_02-w07,Challenge_D::Pre_train_D_2.csv::542::test,Pre_train_D_2.csv,Challenge_D,veh_02,1,0,0.8148148148148148,spoofing,spoofing
71,strong_campaign,veh_02-w08,Challenge_S::Pre_train_S_2.csv::459::test,Pre_train_S_2.csv,Challenge_S,veh_02,1,0,0.930976430976431,spoofing,spoofing
71,strong_campaign,veh_02-w09,Challenge_S::Pre_train_S_1.csv::424::test,Pre_train_S_1.csv,Challenge_S,veh_02,1,0,0.9772727272727272,spoofing,spoofing
71,strong_campaign,veh_03-w00,Challenge_S::Pre_train_S_2.csv::483::test,Pre_train_S_2.csv,Challenge_S,veh_03,1,0,0.9524410774410774,spoofing,spoofing
71,strong_campaign,veh_03-w01,Challenge_S::Pre_train_S_1.csv::427::test,Pre_train_S_1.csv,Challenge_S,veh_03,1,0,0.8956228956228957,spoofing,spoofing
71,strong_campaign,veh_03-w02,Challenge_D::Pre_train_D_2.csv::575::test,Pre_train_D_2.csv,Challenge_D,veh_03,1,0,0.8880471380471381,spoofing,spoofing
71,strong_campaign,veh_03-w03,Challenge_D::Pre_train_D_2.csv::389::test,Pre_train_D_2.csv,Challenge_D,veh_03,1,0,0.973905723905724,spoofing,spoofing
71,strong_campaign,veh_03-w04,Challenge_S::Pre_train_S_2.csv::513::test,Pre_train_S_2.csv,Challenge_S,veh_03,1,0,0.9865319865319864,spoofing,spoofing
71,strong_campaign,veh_03-w05,Challenge_S::Pre_train_S_2.csv::308::test,Pre_train_S_2.csv,Challenge_S,veh_03,1,0,0.9671717171717172,spoofing,spoofing
71,strong_campaign,veh_03-w06,Challenge_D::Pre_train_D_2.csv::470::test,Pre_train_D_2.csv,Challenge_D,veh_03,1,0,0.9831649831649832,spoofing,spoofing
71,strong_campaign,veh_03-w07,Challenge_D::Pre_train_D_2.csv::478::test,Pre_train_D_2.csv,Challenge_D,veh_03,1,0,0.8505892255892256,spoofing,spoofing
71,strong_campaign,veh_03-w08,Challenge_D::Pre_train_D_2.csv::428::test,Pre_train_D_2.csv,Challenge_D,veh_03,1,0,0.9848484848484848,spoofing,spoofing
71,strong_campaign,veh_03-w09,Challenge_S::Pre_train_S_2.csv::511::test,Pre_train_S_2.csv,Challenge_S,veh_03,1,0,0.8278619528619529,spoofing,spoofing
71,strong_campaign,veh_04-w00,Challenge_S::Pre_train_S_1.csv::309::test,Pre_train_S_1.csv,Challenge_S,veh_04,1,0,0.9558080808080808,spoofing,spoofing
71,strong_campaign,veh_04-w01,Challenge_S::Pre_train_S_2.csv::467::test,Pre_train_S_2.csv,Challenge_S,veh_04,1,0,0.925925925925926,spoofing,spoofing
71,strong_campaign,veh_04-w02,Challenge_S::Pre_train_S_2.csv::527::test,Pre_train_S_2.csv,Challenge_S,veh_04,1,0,0.9271885521885522,spoofing,spoofing
71,strong_campaign,veh_04-w03,Challenge_D::Pre_train_D_2.csv::337::test,Pre_train_D_2.csv,Challenge_D,veh_04,1,0,0.914983164983165,spoofing,spoofing
71,strong_campaign,veh_04-w04,Challenge_S::Pre_train_S_2.csv::364::test,Pre_train_S_2.csv,Challenge_S,veh_04,1,0,0.8821548821548821,spoofing,spoofing
71,strong_campaign,veh_04-w05,Challenge_S::Pre_train_S_1.csv::466::test,Pre_train_S_1.csv,Challenge_S,veh_04,1,0,0.9398148148148148,spoofing,spoofing
71,strong_campaign,veh_04-w06,Challenge_S::Pre_train_S_1.csv::409::test,Pre_train_S_1.csv,Challenge_S,veh_04,1,0,0.8228114478114478,spoofing,spoofing
71,strong_campaign,veh_04-w07,Challenge_S::Pre_train_S_2.csv::408::test,Pre_train_S_2.csv,Challenge_S,veh_04,1,0,0.9212962962962964,spoofing,spoofing
71,strong_campaign,veh_04-w08,Challenge_D::Pre_train_D_1.csv::461::test,Pre_train_D_1.csv,Challenge_D,veh_04,1,0,0.8960437710437711,spoofing,spoofing
71,strong_campaign,veh_04-w09,Challenge_D::Pre_train_D_2.csv::547::test,Pre_train_D_2.csv,Challenge_D,veh_04,1,0,0.8232323232323232,spoofing,spoofing
71,strong_campaign,veh_05-w00,Challenge_S::Pre_train_S_2.csv::608::test,Pre_train_S_2.csv,Challenge_S,veh_05,0,-1,1.0,attack_free,benign_fp
71,strong_campaign,veh_05-w01,Challenge_D::Pre_train_D_0.csv::225::test,Pre_train_D_0.csv,Challenge_D,veh_05,0,-1,0.5673400673400674,attack_free,benign_fp
71,strong_campaign,veh_05-w02,OCSLab_Car::normal_run_data.txt::159::test,normal_run_data.txt,OCSLab_Car,veh_05,0,-1,0.7547706049533089,attack_free,benign_fp
71,strong_campaign,veh_05-w03,Challenge_S::Pre_train_S_1.csv::554::test,Pre_train_S_1.csv,Challenge_S,veh_05,0,-1,0.765993265993266,attack_free,benign_fp
71,strong_campaign,veh_05-w04,OCSLab_Car::gear_dataset.csv::594::test,gear_dataset.csv,OCSLab_Car,veh_05,0,-1,0.586276898091758,attack_free,benign_fp
71,strong_campaign,veh_05-w05,Challenge_D::Pre_train_D_2.csv::614::test,Pre_train_D_2.csv,Challenge_D,veh_05,0,-1,0.9861111111111112,attack_free,benign_fp
71,strong_campaign,veh_05-w06,OCSLab_Car::normal_run_data.txt::80::test,normal_run_data.txt,OCSLab_Car,veh_05,0,-1,0.8708891595615104,attack_free,benign_fp
71,strong_campaign,veh_05-w07,OCSLab_Car::gear_dataset.csv::161::test,gear_dataset.csv,OCSLab_Car,veh_05,0,-1,0.5797807551766139,attack_free,benign_fp
71,strong_campaign,veh_05-w08,Challenge_D::Pre_train_D_0.csv::95::test,Pre_train_D_0.csv,Challenge_D,veh_05,0,-1,0.976851851851852,attack_free,benign_fp
71,strong_campaign,veh_05-w09,OCSLab_Car::normal_run_data.txt::217::test,normal_run_data.txt,OCSLab_Car,veh_05,0,-1,0.9626471782379212,attack_free,benign_fp
71,strong_campaign,veh_06-w00,Challenge_S::Pre_train_S_1.csv::787::test,Pre_train_S_1.csv,Challenge_S,veh_06,0,-1,0.6797138047138047,attack_free,benign_fp
71,strong_campaign,veh_06-w01,OCSLab_Car::normal_run_data.txt::685::test,normal_run_data.txt,OCSLab_Car,veh_06,0,-1,0.8047097036134795,attack_free,benign_fp
71,strong_campaign,veh_06-w02,OCSLab_Car::normal_run_data.txt::252::test,normal_run_data.txt,OCSLab_Car,veh_06,0,-1,0.9910678034916768,attack_free,benign_fp
71,strong_campaign,veh_06-w03,Challenge_S::Pre_train_S_0.csv::189::test,Pre_train_S_0.csv,Challenge_S,veh_06,0,-1,0.7302188552188552,attack_free,benign_fp
71,strong_campaign,veh_06-w04,OCSLab_Car::DoS_dataset.csv::167::test,DoS_dataset.csv,OCSLab_Car,veh_06,0,-1,0.5724725943970768,attack_free,benign_fp
71,strong_campaign,veh_06-w05,OCSLab_Car::normal_run_data.txt::254::test,normal_run_data.txt,OCSLab_Car,veh_06,0,-1,0.9979699553390174,attack_free,benign_fp
71,strong_campaign,veh_06-w06,OCSLab_Car::normal_run_data.txt::410::test,normal_run_data.txt,OCSLab_Car,veh_06,0,-1,0.976045473000406,attack_free,benign_fp
71,strong_campaign,veh_06-w07,Challenge_D::Pre_train_D_1.csv::84::test,Pre_train_D_1.csv,Challenge_D,veh_06,0,-1,0.6321548821548821,attack_free,benign_fp
71,strong_campaign,veh_06-w08,OCSLab_Car::gear_dataset.csv::511::test,gear_dataset.csv,OCSLab_Car,veh_06,0,-1,0.680470970361348,attack_free,benign_fp
71,strong_campaign,veh_06-w09,OCSLab_Car::DoS_dataset.csv::543::test,DoS_dataset.csv,OCSLab_Car,veh_06,0,-1,0.8380024360535931,attack_free,benign_fp
71,strong_campaign,veh_07-w00,OCSLab_Car::normal_run_data.txt::620::test,normal_run_data.txt,OCSLab_Car,veh_07,0,-1,0.925700365408039,attack_free,benign_fp
71,strong_campaign,veh_07-w01,OCSLab_Car::normal_run_data.txt::180::test,normal_run_data.txt,OCSLab_Car,veh_07,0,-1,0.9638652050345108,attack_free,benign_fp
71,strong_campaign,veh_07-w02,OCSLab_Car::gear_dataset.csv::649::test,gear_dataset.csv,OCSLab_Car,veh_07,0,-1,0.6065773447015834,attack_free,benign_fp
71,strong_campaign,veh_07-w03,Challenge_D::Pre_train_D_2.csv::77::test,Pre_train_D_2.csv,Challenge_D,veh_07,0,-1,0.7748316498316499,attack_free,benign_fp
71,strong_campaign,veh_07-w04,OCSLab_Car::Fuzzy_dataset.csv::450::test,Fuzzy_dataset.csv,OCSLab_Car,veh_07,0,-1,0.6402760860738936,attack_free,benign_fp
71,strong_campaign,veh_07-w05,Challenge_S::Pre_train_S_1.csv::764::test,Pre_train_S_1.csv,Challenge_S,veh_07,0,-1,0.7824074074074074,attack_free,benign_fp
71,strong_campaign,veh_07-w06,OCSLab_Car::normal_run_data.txt::778::test,normal_run_data.txt,OCSLab_Car,veh_07,0,-1,0.7226958993097848,attack_free,benign_fp
71,strong_campaign,veh_07-w07,OCSLab_Car::normal_run_data.txt::276::test,normal_run_data.txt,OCSLab_Car,veh_07,0,-1,0.90580592773041,attack_free,benign_fp
71,strong_campaign,veh_07-w08,OCSLab_Car::normal_run_data.txt::480::test,normal_run_data.txt,OCSLab_Car,veh_07,0,-1,0.7653268371904182,attack_free,benign_fp
71,strong_campaign,veh_07-w09,Challenge_D::Pre_train_D_2.csv::653::test,Pre_train_D_2.csv,Challenge_D,veh_07,0,-1,0.6481481481481481,attack_free,benign_fp
71,strong_campaign,veh_08-w00,OCSLab_Car::normal_run_data.txt::279::test,normal_run_data.txt,OCSLab_Car,veh_08,0,-1,0.998375964271214,attack_free,benign_fp
71,strong_campaign,veh_08-w01,Challenge_D::Pre_train_D_2.csv::700::test,Pre_train_D_2.csv,Challenge_D,veh_08,0,-1,0.6485690235690236,attack_free,benign_fp
71,strong_campaign,veh_08-w02,Challenge_S::Pre_train_S_0.csv::174::test,Pre_train_S_0.csv,Challenge_S,veh_08,0,-1,0.6805555555555556,attack_free,benign_fp
71,strong_campaign,veh_08-w03,OCSLab_Car::DoS_dataset.csv::729::test,DoS_dataset.csv,OCSLab_Car,veh_08,0,-1,0.6362159967519285,attack_free,benign_fp
71,strong_campaign,veh_08-w04,OCSLab_Car::normal_run_data.txt::138::test,normal_run_data.txt,OCSLab_Car,veh_08,0,-1,0.8968737312220869,attack_free,benign_fp
71,strong_campaign,veh_08-w05,OCSLab_Car::normal_run_data.txt::135::test,normal_run_data.txt,OCSLab_Car,veh_08,0,-1,0.9801055623223712,attack_free,benign_fp
71,strong_campaign,veh_08-w06,OCSLab_Car::normal_run_data.txt::640::test,normal_run_data.txt,OCSLab_Car,veh_08,0,-1,0.94884287454324,attack_free,benign_fp
71,strong_campaign,veh_08-w07,Challenge_D::Pre_train_D_0.csv::12::test,Pre_train_D_0.csv,Challenge_D,veh_08,0,-1,0.9612794612794612,attack_free,benign_fp
71,strong_campaign,veh_08-w08,Challenge_S::Pre_train_S_0.csv::207::test,Pre_train_S_0.csv,Challenge_S,veh_08,0,-1,0.8484848484848485,attack_free,benign_fp
71,strong_campaign,veh_08-w09,OCSLab_Car::DoS_dataset.csv::488::test,DoS_dataset.csv,OCSLab_Car,veh_08,0,-1,0.9183922046285018,attack_free,benign_fp
71,strong_campaign,veh_09-w00,Challenge_D::Pre_train_D_1.csv::500::test,Pre_train_D_1.csv,Challenge_D,veh_09,0,-1,0.6136363636363636,attack_free,benign_fp
71,strong_campaign,veh_09-w01,OCSLab_Car::normal_run_data.txt::176::test,normal_run_data.txt,OCSLab_Car,veh_09,0,-1,0.926512383272432,attack_free,benign_fp
71,strong_campaign,veh_09-w02,OCSLab_Car::normal_run_data.txt::79::test,normal_run_data.txt,OCSLab_Car,veh_09,0,-1,0.7921234267153877,attack_free,benign_fp
71,strong_campaign,veh_09-w03,OCSLab_Car::normal_run_data.txt::280::test,normal_run_data.txt,OCSLab_Car,veh_09,0,-1,0.997563946406821,attack_free,benign_fp
71,strong_campaign,veh_09-w04,Challenge_S::Pre_train_S_0.csv::239::test,Pre_train_S_0.csv,Challenge_S,veh_09,0,-1,0.5740740740740741,attack_free,benign_fp
71,strong_campaign,veh_09-w05,Challenge_S::Pre_train_S_2.csv::34::test,Pre_train_S_2.csv,Challenge_S,veh_09,0,-1,0.5740740740740741,attack_free,benign_fp
71,strong_campaign,veh_09-w06,Challenge_S::Pre_train_S_2.csv::779::test,Pre_train_S_2.csv,Challenge_S,veh_09,0,-1,0.6881313131313131,attack_free,benign_fp
71,strong_campaign,veh_09-w07,OCSLab_Car::normal_run_data.txt::195::test,normal_run_data.txt,OCSLab_Car,veh_09,0,-1,0.7247259439707674,attack_free,benign_fp
71,strong_campaign,veh_09-w08,OCSLab_Car::normal_run_data.txt::318::test,normal_run_data.txt,OCSLab_Car,veh_09,0,-1,0.8408444985789687,attack_free,benign_fp
71,strong_campaign,veh_09-w09,Challenge_S::Pre_train_S_1.csv::15::test,Pre_train_S_1.csv,Challenge_S,veh_09,0,-1,0.9271885521885522,attack_free,benign_fp
71,strong_campaign,veh_10-w00,OCSLab_Car::normal_run_data.txt::496::test,normal_run_data.txt,OCSLab_Car,veh_10,0,-1,0.72675598863175,attack_free,benign_fp
71,strong_campaign,veh_10-w01,OCSLab_Car::normal_run_data.txt::502::test,normal_run_data.txt,OCSLab_Car,veh_10,0,-1,0.951278928136419,attack_free,benign_fp
71,strong_campaign,veh_10-w02,OCSLab_Car::normal_run_data.txt::536::test,normal_run_data.txt,OCSLab_Car,veh_10,0,-1,0.7222898903775883,attack_free,benign_fp
71,strong_campaign,veh_10-w03,Challenge_D::Pre_train_D_0.csv::24::test,Pre_train_D_0.csv,Challenge_D,veh_10,0,-1,0.7672558922558923,attack_free,benign_fp
71,strong_campaign,veh_10-w04,OCSLab_Car::normal_run_data.txt::307::test,normal_run_data.txt,OCSLab_Car,veh_10,0,-1,0.9171741778319124,attack_free,benign_fp
71,strong_campaign,veh_10-w05,OCSLab_Car::normal_run_data.txt::592::test,normal_run_data.txt,OCSLab_Car,veh_10,0,-1,0.976857490864799,attack_free,benign_fp
71,strong_campaign,veh_10-w06,OCSLab_Car::normal_run_data.txt::623::test,normal_run_data.txt,OCSLab_Car,veh_10,0,-1,0.7685749086479903,attack_free,benign_fp
71,strong_campaign,veh_10-w07,Challenge_D::Pre_train_D_0.csv::188::test,Pre_train_D_0.csv,Challenge_D,veh_10,0,-1,0.8451178451178452,attack_free,benign_fp
71,strong_campaign,veh_10-w08,OCSLab_Car::DoS_dataset.csv::514::test,DoS_dataset.csv,OCSLab_Car,veh_10,0,-1,0.5797807551766139,attack_free,benign_fp
71,strong_campaign,veh_10-w09,Challenge_D::Pre_train_D_0.csv::235::test,Pre_train_D_0.csv,Challenge_D,veh_10,0,-1,0.7512626262626263,attack_free,benign_fp
71,strong_campaign,veh_11-w00,Challenge_S::Pre_train_S_0.csv::106::test,Pre_train_S_0.csv,Challenge_S,veh_11,0,-1,0.752104377104377,attack_free,benign_fp
71,strong_campaign,veh_11-w01,Challenge_S::Pre_train_S_0.csv::264::test,Pre_train_S_0.csv,Challenge_S,veh_11,0,-1,0.6283670033670034,attack_free,benign_fp
71,strong_campaign,veh_11-w02,OCSLab_Car::normal_run_data.txt::738::test,normal_run_data.txt,OCSLab_Car,veh_11,0,-1,0.8014616321559074,attack_free,benign_fp
71,strong_campaign,veh_11-w03,Challenge_S::Pre_train_S_1.csv::716::test,Pre_train_S_1.csv,Challenge_S,veh_11,0,-1,0.8236531986531986,attack_free,benign_fp
71,strong_campaign,veh_11-w04,Challenge_S::Pre_train_S_0.csv::211::test,Pre_train_S_0.csv,Challenge_S,veh_11,0,-1,0.9217171717171716,attack_free,benign_fp
71,strong_campaign,veh_11-w05,Challenge_S::Pre_train_S_0.csv::42::test,Pre_train_S_0.csv,Challenge_S,veh_11,0,-1,0.8855218855218855,attack_free,benign_fp
71,strong_campaign,veh_11-w06,Challenge_D::Pre_train_D_0.csv::126::test,Pre_train_D_0.csv,Challenge_D,veh_11,0,-1,0.7878787878787878,attack_free,benign_fp
71,strong_campaign,veh_11-w07,OCSLab_Car::normal_run_data.txt::606::test,normal_run_data.txt,OCSLab_Car,veh_11,0,-1,0.9703613479496548,attack_free,benign_fp
71,strong_campaign,veh_11-w08,Challenge_S::Pre_train_S_2.csv::713::test,Pre_train_S_2.csv,Challenge_S,veh_11,0,-1,0.6746632996632996,attack_free,benign_fp
71,strong_campaign,veh_11-w09,OCSLab_Car::normal_run_data.txt::334::test,normal_run_data.txt,OCSLab_Car,veh_11,0,-1,0.8725131952902964,attack_free,benign_fp
71,strong_campaign,veh_12-w00,OCSLab_Car::normal_run_data.txt::719::test,normal_run_data.txt,OCSLab_Car,veh_12,0,-1,0.833130328867235,attack_free,benign_fp
71,strong_campaign,veh_12-w01,OCSLab_Car::normal_run_data.txt::758::test,normal_run_data.txt,OCSLab_Car,veh_12,0,-1,0.85464880227365,attack_free,benign_fp
71,strong_campaign,veh_12-w02,OCSLab_Car::normal_run_data.txt::412::test,normal_run_data.txt,OCSLab_Car,veh_12,0,-1,0.9236703207470564,attack_free,benign_fp
71,strong_campaign,veh_12-w03,OCSLab_Car::normal_run_data.txt::309::test,normal_run_data.txt,OCSLab_Car,veh_12,0,-1,0.976045473000406,attack_free,benign_fp
71,strong_campaign,veh_12-w04,OCSLab_Car::normal_run_data.txt::667::test,normal_run_data.txt,OCSLab_Car,veh_12,0,-1,0.9484368656110436,attack_free,benign_fp
71,strong_campaign,veh_12-w05,Challenge_D::Pre_train_D_2.csv::54::test,Pre_train_D_2.csv,Challenge_D,veh_12,0,-1,0.976010101010101,attack_free,benign_fp
71,strong_campaign,veh_12-w06,OCSLab_Car::normal_run_data.txt::670::test,normal_run_data.txt,OCSLab_Car,veh_12,0,-1,0.6244417377182298,attack_free,benign_fp
71,strong_campaign,veh_12-w07,Challenge_S::Pre_train_S_1.csv::551::test,Pre_train_S_1.csv,Challenge_S,veh_12,0,-1,0.7861952861952862,attack_free,benign_fp
71,strong_campaign,veh_12-w08,OCSLab_Car::RPM_dataset.csv::664::test,RPM_dataset.csv,OCSLab_Car,veh_12,0,-1,0.5992691839220463,attack_free,benign_fp
71,strong_campaign,veh_12-w09,OCSLab_Car::normal_run_data.txt::141::test,normal_run_data.txt,OCSLab_Car,veh_12,0,-1,0.878603329273244,attack_free,benign_fp
71,strong_campaign,veh_13-w00,OCSLab_Car::normal_run_data.txt::402::test,normal_run_data.txt,OCSLab_Car,veh_13,0,-1,0.9630531871701178,attack_free,benign_fp
71,strong_campaign,veh_13-w01,OCSLab_Car::DoS_dataset.csv::363::test,DoS_dataset.csv,OCSLab_Car,veh_13,0,-1,0.5611043442955745,attack_free,benign_fp
71,strong_campaign,veh_13-w02,Challenge_D::Pre_train_D_0.csv::68::test,Pre_train_D_0.csv,Challenge_D,veh_13,0,-1,0.877104377104377,attack_free,benign_fp
71,strong_campaign,veh_13-w03,OCSLab_Car::Fuzzy_dataset.csv::92::test,Fuzzy_dataset.csv,OCSLab_Car,veh_13,0,-1,0.5574502639058059,attack_free,benign_fp
71,strong_campaign,veh_13-w04,Challenge_D::Pre_train_D_2.csv::108::test,Pre_train_D_2.csv,Challenge_D,veh_13,0,-1,0.8164983164983165,attack_free,benign_fp
71,strong_campaign,veh_13-w05,Challenge_S::Pre_train_S_2.csv::19::test,Pre_train_S_2.csv,Challenge_S,veh_13,0,-1,0.5968013468013468,attack_free,benign_fp
71,strong_campaign,veh_13-w06,Challenge_D::Pre_train_D_0.csv::25::test,Pre_train_D_0.csv,Challenge_D,veh_13,0,-1,0.648989898989899,attack_free,benign_fp
71,strong_campaign,veh_13-w07,Challenge_D::Pre_train_D_0.csv::177::test,Pre_train_D_0.csv,Challenge_D,veh_13,0,-1,0.8935185185185185,attack_free,benign_fp
71,strong_campaign,veh_13-w08,Challenge_S::Pre_train_S_0.csv::100::test,Pre_train_S_0.csv,Challenge_S,veh_13,0,-1,0.6359427609427609,attack_free,benign_fp
71,strong_campaign,veh_13-w09,OCSLab_Car::normal_run_data.txt::687::test,normal_run_data.txt,OCSLab_Car,veh_13,0,-1,0.7535525781567195,attack_free,benign_fp
71,strong_campaign,veh_14-w00,Challenge_S::Pre_train_S_0.csv::133::test,Pre_train_S_0.csv,Challenge_S,veh_14,0,-1,0.6893939393939394,attack_free,benign_fp
71,strong_campaign,veh_14-w01,OCSLab_Car::normal_run_data.txt::1::test,normal_run_data.txt,OCSLab_Car,veh_14,0,-1,0.8574908647990256,attack_free,benign_fp
71,strong_campaign,veh_14-w02,OCSLab_Car::normal_run_data.txt::424::test,normal_run_data.txt,OCSLab_Car,veh_14,0,-1,0.7105156313438896,attack_free,benign_fp
71,strong_campaign,veh_14-w03,OCSLab_Car::normal_run_data.txt::152::test,normal_run_data.txt,OCSLab_Car,veh_14,0,-1,0.8891595615103532,attack_free,benign_fp
71,strong_campaign,veh_14-w04,OCSLab_Car::normal_run_data.txt::369::test,normal_run_data.txt,OCSLab_Car,veh_14,0,-1,0.8477466504263094,attack_free,benign_fp
71,strong_campaign,veh_14-w05,OCSLab_Car::normal_run_data.txt::486::test,normal_run_data.txt,OCSLab_Car,veh_14,0,-1,0.9801055623223712,attack_free,benign_fp
71,strong_campaign,veh_14-w06,OCSLab_Car::normal_run_data.txt::179::test,normal_run_data.txt,OCSLab_Car,veh_14,0,-1,0.8717011774259034,attack_free,benign_fp
71,strong_campaign,veh_14-w07,OCSLab_Car::normal_run_data.txt::296::test,normal_run_data.txt,OCSLab_Car,veh_14,0,-1,0.9650832318311002,attack_free,benign_fp
71,strong_campaign,veh_14-w08,OCSLab_Car::normal_run_data.txt::274::test,normal_run_data.txt,OCSLab_Car,veh_14,0,-1,0.9801055623223712,attack_free,benign_fp
71,strong_campaign,veh_14-w09,OCSLab_Car::gear_dataset.csv::760::test,gear_dataset.csv,OCSLab_Car,veh_14,0,-1,0.5594803085667884,attack_free,benign_fp
71,strong_campaign,veh_15-w00,OCSLab_Car::normal_run_data.txt::547::test,normal_run_data.txt,OCSLab_Car,veh_15,0,-1,0.7243199350385708,attack_free,benign_fp
71,strong_campaign,veh_15-w01,Challenge_S::Pre_train_S_2.csv::576::test,Pre_train_S_2.csv,Challenge_S,veh_15,0,-1,0.7314814814814815,attack_free,benign_fp
71,strong_campaign,veh_15-w02,OCSLab_Car::RPM_dataset.csv::105::test,RPM_dataset.csv,OCSLab_Car,veh_15,0,-1,0.5797807551766139,attack_free,benign_fp
71,strong_campaign,veh_15-w03,OCSLab_Car::RPM_dataset.csv::160::test,RPM_dataset.csv,OCSLab_Car,veh_15,0,-1,0.6780349167681688,attack_free,benign_fp
71,strong_campaign,veh_15-w04,OCSLab_Car::gear_dataset.csv::156::test,gear_dataset.csv,OCSLab_Car,veh_15,0,-1,0.5935850588712952,attack_free,benign_fp
71,strong_campaign,veh_15-w05,OCSLab_Car::normal_run_data.txt::601::test,normal_run_data.txt,OCSLab_Car,veh_15,0,-1,0.9833536337799432,attack_free,benign_fp
71,strong_campaign,veh_15-w06,OCSLab_Car::DoS_dataset.csv::359::test,DoS_dataset.csv,OCSLab_Car,veh_15,0,-1,0.9618351603735282,attack_free,benign_fp
71,strong_campaign,veh_15-w07,OCSLab_Car::DoS_dataset.csv::365::test,DoS_dataset.csv,OCSLab_Car,veh_15,0,-1,0.6613885505481121,attack_free,benign_fp
71,strong_campaign,veh_15-w08,OCSLab_Car::gear_dataset.csv::153::test,gear_dataset.csv,OCSLab_Car,veh_15,0,-1,0.6215996751928542,attack_free,benign_fp
71,strong_campaign,veh_15-w09,OCSLab_Car::normal_run_data.txt::666::test,normal_run_data.txt,OCSLab_Car,veh_15,0,-1,0.9183922046285018,attack_free,benign_fp
71,strong_campaign,veh_16-w00,OCSLab_Car::normal_run_data.txt::691::test,normal_run_data.txt,OCSLab_Car,veh_16,0,-1,0.8416565164433617,attack_free,benign_fp
71,strong_campaign,veh_16-w01,OCSLab_Car::normal_run_data.txt::191::test,normal_run_data.txt,OCSLab_Car,veh_16,0,-1,0.7149817295980512,attack_free,benign_fp
71,strong_campaign,veh_16-w02,OCSLab_Car::gear_dataset.csv::566::test,gear_dataset.csv,OCSLab_Car,veh_16,0,-1,0.7226958993097848,attack_free,benign_fp
71,strong_campaign,veh_16-w03,Challenge_S::Pre_train_S_0.csv::229::test,Pre_train_S_0.csv,Challenge_S,veh_16,0,-1,0.8623737373737373,attack_free,benign_fp
71,strong_campaign,veh_16-w04,OCSLab_Car::normal_run_data.txt::190::test,normal_run_data.txt,OCSLab_Car,veh_16,0,-1,0.8030856678846935,attack_free,benign_fp
71,strong_campaign,veh_16-w05,OCSLab_Car::normal_run_data.txt::137::test,normal_run_data.txt,OCSLab_Car,veh_16,0,-1,0.8639870077141697,attack_free,benign_fp
71,strong_campaign,veh_16-w06,OCSLab_Car::normal_run_data.txt::275::test,normal_run_data.txt,OCSLab_Car,veh_16,0,-1,0.9849776695087292,attack_free,benign_fp
71,strong_campaign,veh_16-w07,OCSLab_Car::normal_run_data.txt::270::test,normal_run_data.txt,OCSLab_Car,veh_16,0,-1,0.9638652050345108,attack_free,benign_fp
71,strong_campaign,veh_16-w08,Challenge_D::Pre_train_D_0.csv::112::test,Pre_train_D_0.csv,Challenge_D,veh_16,0,-1,0.7432659932659933,attack_free,benign_fp
71,strong_campaign,veh_16-w09,OCSLab_Car::gear_dataset.csv::656::test,gear_dataset.csv,OCSLab_Car,veh_16,0,-1,0.7742590336987414,attack_free,benign_fp
71,strong_campaign,veh_17-w00,Challenge_D::Pre_train_D_0.csv::51::test,Pre_train_D_0.csv,Challenge_D,veh_17,0,-1,0.8333333333333334,attack_free,benign_fp
71,strong_campaign,veh_17-w01,OCSLab_Car::normal_run_data.txt::624::test,normal_run_data.txt,OCSLab_Car,veh_17,0,-1,0.9634591961023142,attack_free,benign_fp
71,strong_campaign,veh_17-w02,OCSLab_Car::normal_run_data.txt::563::test,normal_run_data.txt,OCSLab_Car,veh_17,0,-1,0.6975233455136013,attack_free,benign_fp
71,strong_campaign,veh_17-w03,Challenge_S::Pre_train_S_0.csv::79::test,Pre_train_S_0.csv,Challenge_S,veh_17,0,-1,0.8981481481481481,attack_free,benign_fp
71,strong_campaign,veh_17-w04,OCSLab_Car::RPM_dataset.csv::127::test,RPM_dataset.csv,OCSLab_Car,veh_17,0,-1,0.6467722289890377,attack_free,benign_fp
71,strong_campaign,veh_17-w05,Challenge_S::Pre_train_S_0.csv::20::test,Pre_train_S_0.csv,Challenge_S,veh_17,0,-1,0.5715488215488216,attack_free,benign_fp
71,strong_campaign,veh_17-w06,Challenge_D::Pre_train_D_2.csv::787::test,Pre_train_D_2.csv,Challenge_D,veh_17,0,-1,0.6763468013468014,attack_free,benign_fp
71,strong_campaign,veh_17-w07,Challenge_D::Pre_train_D_0.csv::80::test,Pre_train_D_0.csv,Challenge_D,veh_17,0,-1,0.6334175084175084,attack_free,benign_fp
71,strong_campaign,veh_17-w08,Challenge_D::Pre_train_D_0.csv::88::test,Pre_train_D_0.csv,Challenge_D,veh_17,0,-1,0.5749158249158249,attack_free,benign_fp
71,strong_campaign,veh_17-w09,Challenge_S::Pre_train_S_1.csv::20::test,Pre_train_S_1.csv,Challenge_S,veh_17,0,-1,0.75,attack_free,benign_fp
71,strong_campaign,veh_18-w00,Challenge_S::Pre_train_S_2.csv::37::test,Pre_train_S_2.csv,Challenge_S,veh_18,0,-1,0.8952020202020202,attack_free,benign_fp
71,strong_campaign,veh_18-w01,Challenge_D::Pre_train_D_2.csv::75::test,Pre_train_D_2.csv,Challenge_D,veh_18,0,-1,0.7912457912457912,attack_free,benign_fp
71,strong_campaign,veh_18-w02,Challenge_S::Pre_train_S_1.csv::331::test,Pre_train_S_1.csv,Challenge_S,veh_18,0,-1,0.7015993265993266,attack_free,benign_fp
71,strong_campaign,veh_18-w03,Challenge_S::Pre_train_S_0.csv::87::test,Pre_train_S_0.csv,Challenge_S,veh_18,0,-1,0.7992424242424242,attack_free,benign_fp
71,strong_campaign,veh_18-w04,OCSLab_Car::normal_run_data.txt::306::test,normal_run_data.txt,OCSLab_Car,veh_18,0,-1,0.9634591961023142,attack_free,benign_fp
71,strong_campaign,veh_18-w05,OCSLab_Car::normal_run_data.txt::501::test,normal_run_data.txt,OCSLab_Car,veh_18,0,-1,0.8375964271213967,attack_free,benign_fp
71,strong_campaign,veh_18-w06,Challenge_D::Pre_train_D_0.csv::22::test,Pre_train_D_0.csv,Challenge_D,veh_18,0,-1,0.9949494949494948,attack_free,benign_fp
71,strong_campaign,veh_18-w07,Challenge_S::Pre_train_S_1.csv::545::test,Pre_train_S_1.csv,Challenge_S,veh_18,0,-1,0.5707070707070707,attack_free,benign_fp
71,strong_campaign,veh_18-w08,OCSLab_Car::normal_run_data.txt::173::test,normal_run_data.txt,OCSLab_Car,veh_18,0,-1,0.7097036134794965,attack_free,benign_fp
71,strong_campaign,veh_18-w09,Challenge_S::Pre_train_S_2.csv::609::test,Pre_train_S_2.csv,Challenge_S,veh_18,0,-1,0.9217171717171716,attack_free,benign_fp
71,strong_campaign,veh_19-w00,OCSLab_Car::normal_run_data.txt::720::test,normal_run_data.txt,OCSLab_Car,veh_19,0,-1,0.902557856272838,attack_free,benign_fp
71,strong_campaign,veh_19-w01,Challenge_D::Pre_train_D_2.csv::746::test,Pre_train_D_2.csv,Challenge_D,veh_19,0,-1,0.7428451178451179,attack_free,benign_fp
71,strong_campaign,veh_19-w02,Challenge_D::Pre_train_D_2.csv::592::test,Pre_train_D_2.csv,Challenge_D,veh_19,0,-1,0.757996632996633,attack_free,benign_fp
71,strong_campaign,veh_19-w03,Challenge_S::Pre_train_S_0.csv::11::test,Pre_train_S_0.csv,Challenge_S,veh_19,0,-1,0.9553872053872052,attack_free,benign_fp
71,strong_campaign,veh_19-w04,OCSLab_Car::gear_dataset.csv::626::test,gear_dataset.csv,OCSLab_Car,veh_19,0,-1,0.6276898091758019,attack_free,benign_fp
71,strong_campaign,veh_19-w05,OCSLab_Car::normal_run_data.txt::107::test,normal_run_data.txt,OCSLab_Car,veh_19,0,-1,0.8302882663418595,attack_free,benign_fp
71,strong_campaign,veh_19-w06,OCSLab_Car::normal_run_data.txt::139::test,normal_run_data.txt,OCSLab_Car,veh_19,0,-1,0.9561510353227772,attack_free,benign_fp
71,strong_campaign,veh_19-w07,OCSLab_Car::normal_run_data.txt::726::test,normal_run_data.txt,OCSLab_Car,veh_19,0,-1,0.8830694275274056,attack_free,benign_fp
71,strong_campaign,veh_19-w08,Challenge_S::Pre_train_S_2.csv::559::test,Pre_train_S_2.csv,Challenge_S,veh_19,0,-1,0.7920875420875421,attack_free,benign_fp
71,strong_campaign,veh_19-w09,OCSLab_Car::gear_dataset.csv::551::test,gear_dataset.csv,OCSLab_Car,veh_19,0,-1,0.6406820950060901,attack_free,benign_fp
71,weak_campaign,veh_00-w00,Challenge_S::Pre_train_S_1.csv::574::test,Pre_train_S_1.csv,Challenge_S,veh_00,1,0,0.5732323232323232,spoofing,spoofing
71,weak_campaign,veh_00-w01,Challenge_S::Pre_train_S_1.csv::450::test,Pre_train_S_1.csv,Challenge_S,veh_00,1,0,0.6296296296296297,spoofing,spoofing
71,weak_campaign,veh_00-w02,Challenge_S::Pre_train_S_2.csv::470::test,Pre_train_S_2.csv,Challenge_S,veh_00,1,0,0.6881313131313131,spoofing,spoofing
71,weak_campaign,veh_00-w03,Challenge_S::Pre_train_S_1.csv::446::test,Pre_train_S_1.csv,Challenge_S,veh_00,1,0,0.5812289562289562,spoofing,spoofing
71,weak_campaign,veh_00-w04,Challenge_D::Pre_train_D_2.csv::357::test,Pre_train_D_2.csv,Challenge_D,veh_00,1,0,0.6856060606060606,spoofing,spoofing
71,weak_campaign,veh_00-w05,Challenge_D::Pre_train_D_1.csv::385::test,Pre_train_D_1.csv,Challenge_D,veh_00,1,0,0.6990740740740741,spoofing,spoofing
71,weak_campaign,veh_00-w06,Challenge_S::Pre_train_S_2.csv::393::test,Pre_train_S_2.csv,Challenge_S,veh_00,1,0,0.6801346801346801,spoofing,spoofing
71,weak_campaign,veh_00-w07,Challenge_D::Pre_train_D_2.csv::506::test,Pre_train_D_2.csv,Challenge_D,veh_00,1,0,0.7087542087542088,spoofing,spoofing
71,weak_campaign,veh_00-w08,Challenge_S::Pre_train_S_2.csv::475::test,Pre_train_S_2.csv,Challenge_S,veh_00,1,0,0.6868686868686869,spoofing,spoofing
71,weak_campaign,veh_00-w09,Challenge_S::Pre_train_S_2.csv::394::test,Pre_train_S_2.csv,Challenge_S,veh_00,1,0,0.7609427609427609,spoofing,spoofing
71,weak_campaign,veh_01-w00,Challenge_S::Pre_train_S_2.csv::476::test,Pre_train_S_2.csv,Challenge_S,veh_01,1,0,0.5732323232323232,spoofing,spoofing
71,weak_campaign,veh_01-w01,Challenge_S::Pre_train_S_1.csv::420::test,Pre_train_S_1.csv,Challenge_S,veh_01,1,0,0.7495791245791246,spoofing,spoofing
71,weak_campaign,veh_01-w02,Challenge_S::Pre_train_S_1.csv::463::test,Pre_train_S_1.csv,Challenge_S,veh_01,1,0,0.6254208754208754,spoofing,spoofing
71,weak_campaign,veh_01-w03,Challenge_S::Pre_train_S_2.csv::501::test,Pre_train_S_2.csv,Challenge_S,veh_01,1,0,0.6948653198653199,spoofing,spoofing
71,weak_campaign,veh_01-w04,Challenge_D::Pre_train_D_2.csv::429::test,Pre_train_D_2.csv,Challenge_D,veh_01,1,0,0.6346801346801347,spoofing,spoofing
71,weak_campaign,veh_01-w05,Challenge_S::Pre_train_S_1.csv::429::test,Pre_train_S_1.csv,Challenge_S,veh_01,1,0,0.6801346801346801,spoofing,spoofing
71,weak_campaign,veh_01-w06,Challenge_S::Pre_train_S_2.csv::514::test,Pre_train_S_2.csv,Challenge_S,veh_01,1,0,0.6759259259259259,spoofing,spoofing
71,weak_campaign,veh_01-w07,Challenge_S::Pre_train_S_2.csv::353::test,Pre_train_S_2.csv,Challenge_S,veh_01,1,0,0.6725589225589226,spoofing,spoofing
71,weak_campaign,veh_01-w08,Challenge_S::Pre_train_S_1.csv::582::test,Pre_train_S_1.csv,Challenge_S,veh_01,1,0,0.7272727272727273,spoofing,spoofing
71,weak_campaign,veh_01-w09,Challenge_S::Pre_train_S_2.csv::397::test,Pre_train_S_2.csv,Challenge_S,veh_01,1,0,0.7184343434343434,spoofing,spoofing
71,weak_campaign,veh_02-w00,Challenge_D::Pre_train_D_2.csv::411::test,Pre_train_D_2.csv,Challenge_D,veh_02,1,0,0.5635521885521886,spoofing,spoofing
71,weak_campaign,veh_02-w01,Challenge_D::Pre_train_D_2.csv::513::test,Pre_train_D_2.csv,Challenge_D,veh_02,1,0,0.6666666666666666,spoofing,spoofing
71,weak_campaign,veh_02-w02,Challenge_D::Pre_train_D_2.csv::543::test,Pre_train_D_2.csv,Challenge_D,veh_02,1,0,0.7495791245791246,spoofing,spoofing
71,weak_campaign,veh_02-w03,Challenge_S::Pre_train_S_1.csv::479::test,Pre_train_S_1.csv,Challenge_S,veh_02,1,0,0.6334175084175084,spoofing,spoofing
71,weak_campaign,veh_02-w04,Challenge_D::Pre_train_D_2.csv::540::test,Pre_train_D_2.csv,Challenge_D,veh_02,1,0,0.7984006734006734,spoofing,spoofing
71,weak_campaign,veh_02-w05,Challenge_D::Pre_train_D_1.csv::532::test,Pre_train_D_1.csv,Challenge_D,veh_02,1,0,0.7218013468013468,spoofing,spoofing
71,weak_campaign,veh_02-w06,Challenge_S::Pre_train_S_2.csv::347::test,Pre_train_S_2.csv,Challenge_S,veh_02,1,0,0.7571548821548821,spoofing,spoofing
71,weak_campaign,veh_02-w07,Challenge_S::Pre_train_S_2.csv::325::test,Pre_train_S_2.csv,Challenge_S,veh_02,1,0,0.7807239057239057,spoofing,spoofing
71,weak_campaign,veh_02-w08,Challenge_D::Pre_train_D_1.csv::501::test,Pre_train_D_1.csv,Challenge_D,veh_02,1,0,0.5635521885521886,spoofing,spoofing
71,weak_campaign,veh_02-w09,Challenge_D::Pre_train_D_1.csv::394::test,Pre_train_D_1.csv,Challenge_D,veh_02,1,0,0.6254208754208754,spoofing,spoofing
71,weak_campaign,veh_03-w00,Challenge_D::Pre_train_D_1.csv::411::test,Pre_train_D_1.csv,Challenge_D,veh_03,1,0,0.6388888888888888,spoofing,spoofing
71,weak_campaign,veh_03-w01,Challenge_D::Pre_train_D_2.csv::364::test,Pre_train_D_2.csv,Challenge_D,veh_03,1,0,0.6195286195286195,spoofing,spoofing
71,weak_campaign,veh_03-w02,Challenge_D::Pre_train_D_2.csv::560::test,Pre_train_D_2.csv,Challenge_D,veh_03,1,0,0.6498316498316499,spoofing,spoofing
71,weak_campaign,veh_03-w03,Challenge_S::Pre_train_S_2.csv::365::test,Pre_train_S_2.csv,Challenge_S,veh_03,1,0,0.6447811447811448,spoofing,spoofing
71,weak_campaign,veh_03-w04,Challenge_S::Pre_train_S_2.csv::326::test,Pre_train_S_2.csv,Challenge_S,veh_03,1,0,0.7247474747474747,spoofing,spoofing
71,weak_campaign,veh_03-w05,Challenge_D::Pre_train_D_2.csv::423::test,Pre_train_D_2.csv,Challenge_D,veh_03,1,0,0.640993265993266,spoofing,spoofing
71,weak_campaign,veh_03-w06,Challenge_S::Pre_train_S_1.csv::360::test,Pre_train_S_1.csv,Challenge_S,veh_03,1,0,0.680976430976431,spoofing,spoofing
71,weak_campaign,veh_03-w07,Challenge_D::Pre_train_D_2.csv::349::test,Pre_train_D_2.csv,Challenge_D,veh_03,1,0,0.7487373737373737,spoofing,spoofing
71,weak_campaign,veh_03-w08,Challenge_S::Pre_train_S_1.csv::356::test,Pre_train_S_1.csv,Challenge_S,veh_03,1,0,0.7861952861952862,spoofing,spoofing
71,weak_campaign,veh_03-w09,Challenge_S::Pre_train_S_1.csv::392::test,Pre_train_S_1.csv,Challenge_S,veh_03,1,0,0.6216329966329966,spoofing,spoofing
71,weak_campaign,veh_04-w00,Challenge_S::Pre_train_S_2.csv::423::test,Pre_train_S_2.csv,Challenge_S,veh_04,1,0,0.6094276094276094,spoofing,spoofing
71,weak_campaign,veh_04-w01,Challenge_D::Pre_train_D_2.csv::431::test,Pre_train_D_2.csv,Challenge_D,veh_04,1,0,0.6321548821548821,spoofing,spoofing
71,weak_campaign,veh_04-w02,Challenge_D::Pre_train_D_1.csv::460::test,Pre_train_D_1.csv,Challenge_D,veh_04,1,0,0.6620370370370371,spoofing,spoofing
71,weak_campaign,veh_04-w03,Challenge_D::Pre_train_D_2.csv::417::test,Pre_train_D_2.csv,Challenge_D,veh_04,1,0,0.6325757575757576,spoofing,spoofing
71,weak_campaign,veh_04-w04,Challenge_D::Pre_train_D_2.csv::346::test,Pre_train_D_2.csv,Challenge_D,veh_04,1,0,0.7756734006734006,spoofing,spoofing
71,weak_campaign,veh_04-w05,Challenge_S::Pre_train_S_2.csv::306::test,Pre_train_S_2.csv,Challenge_S,veh_04,1,0,0.6712962962962963,spoofing,spoofing
71,weak_campaign,veh_04-w06,Challenge_S::Pre_train_S_1.csv::464::test,Pre_train_S_1.csv,Challenge_S,veh_04,1,0,0.5563973063973064,spoofing,spoofing
71,weak_campaign,veh_04-w07,Challenge_S::Pre_train_S_2.csv::427::test,Pre_train_S_2.csv,Challenge_S,veh_04,1,0,0.6759259259259259,spoofing,spoofing
71,weak_campaign,veh_04-w08,Challenge_D::Pre_train_D_2.csv::402::test,Pre_train_D_2.csv,Challenge_D,veh_04,1,0,0.5744949494949495,spoofing,spoofing
71,weak_campaign,veh_04-w09,Challenge_S::Pre_train_S_1.csv::387::test,Pre_train_S_1.csv,Challenge_S,veh_04,1,0,0.6296296296296297,spoofing,spoofing
71,weak_campaign,veh_05-w00,OCSLab_Car::normal_run_data.txt::236::test,normal_run_data.txt,OCSLab_Car,veh_05,0,-1,0.9837596427121396,attack_free,benign_fp
71,weak_campaign,veh_05-w01,OCSLab_Car::normal_run_data.txt::114::test,normal_run_data.txt,OCSLab_Car,veh_05,0,-1,0.9460008120178643,attack_free,benign_fp
71,weak_campaign,veh_05-w02,Challenge_S::Pre_train_S_0.csv::160::test,Pre_train_S_0.csv,Challenge_S,veh_05,0,-1,0.5538720538720538,attack_free,benign_fp
71,weak_campaign,veh_05-w03,OCSLab_Car::gear_dataset.csv::650::test,gear_dataset.csv,OCSLab_Car,veh_05,0,-1,0.6171335769386926,attack_free,benign_fp
71,weak_campaign,veh_05-w04,Challenge_S::Pre_train_S_1.csv::785::test,Pre_train_S_1.csv,Challenge_S,veh_05,0,-1,0.7672558922558923,attack_free,benign_fp
71,weak_campaign,veh_05-w05,Challenge_D::Pre_train_D_0.csv::37::test,Pre_train_D_0.csv,Challenge_D,veh_05,0,-1,0.928030303030303,attack_free,benign_fp
71,weak_campaign,veh_05-w06,Challenge_S::Pre_train_S_2.csv::710::test,Pre_train_S_2.csv,Challenge_S,veh_05,0,-1,0.92003367003367,attack_free,benign_fp
71,weak_campaign,veh_05-w07,OCSLab_Car::normal_run_data.txt::680::test,normal_run_data.txt,OCSLab_Car,veh_05,0,-1,0.7101096224116931,attack_free,benign_fp
71,weak_campaign,veh_05-w08,Challenge_D::Pre_train_D_0.csv::140::test,Pre_train_D_0.csv,Challenge_D,veh_05,0,-1,0.781986531986532,attack_free,benign_fp
71,weak_campaign,veh_05-w09,Challenge_D::Pre_train_D_0.csv::155::test,Pre_train_D_0.csv,Challenge_D,veh_05,0,-1,0.9494949494949496,attack_free,benign_fp
71,weak_campaign,veh_06-w00,Challenge_D::Pre_train_D_0.csv::241::test,Pre_train_D_0.csv,Challenge_D,veh_06,0,-1,0.9806397306397306,attack_free,benign_fp
71,weak_campaign,veh_06-w01,OCSLab_Car::normal_run_data.txt::739::test,normal_run_data.txt,OCSLab_Car,veh_06,0,-1,0.9078359723913926,attack_free,benign_fp
71,weak_campaign,veh_06-w02,OCSLab_Car::normal_run_data.txt::267::test,normal_run_data.txt,OCSLab_Car,veh_06,0,-1,0.9342265529841656,attack_free,benign_fp
71,weak_campaign,veh_06-w03,Challenge_S::Pre_train_S_0.csv::92::test,Pre_train_S_0.csv,Challenge_S,veh_06,0,-1,0.6140572390572391,attack_free,benign_fp
71,weak_campaign,veh_06-w04,OCSLab_Car::normal_run_data.txt::429::test,normal_run_data.txt,OCSLab_Car,veh_06,0,-1,0.9801055623223712,attack_free,benign_fp
71,weak_campaign,veh_06-w05,Challenge_S::Pre_train_S_2.csv::663::test,Pre_train_S_2.csv,Challenge_S,veh_06,0,-1,0.7575757575757576,attack_free,benign_fp
71,weak_campaign,veh_06-w06,OCSLab_Car::Fuzzy_dataset.csv::588::test,Fuzzy_dataset.csv,OCSLab_Car,veh_06,0,-1,0.7231019082419813,attack_free,benign_fp
71,weak_campaign,veh_06-w07,Challenge_S::Pre_train_S_0.csv::58::test,Pre_train_S_0.csv,Challenge_S,veh_06,0,-1,0.6624579124579124,attack_free,benign_fp
71,weak_campaign,veh_06-w08,OCSLab_Car::normal_run_data.txt::433::test,normal_run_data.txt,OCSLab_Car,veh_06,0,-1,0.949654892407633,attack_free,benign_fp
71,weak_campaign,veh_06-w09,OCSLab_Car::normal_run_data.txt::449::test,normal_run_data.txt,OCSLab_Car,veh_06,0,-1,0.9317904993909866,attack_free,benign_fp
71,weak_campaign,veh_07-w00,OCSLab_Car::Fuzzy_dataset.csv::579::test,Fuzzy_dataset.csv,OCSLab_Car,veh_07,0,-1,0.559886317498985,attack_free,benign_fp
71,weak_campaign,veh_07-w01,Challenge_S::Pre_train_S_0.csv::73::test,Pre_train_S_0.csv,Challenge_S,veh_07,0,-1,0.7605218855218855,attack_free,benign_fp
71,weak_campaign,veh_07-w02,Challenge_D::Pre_train_D_2.csv::681::test,Pre_train_D_2.csv,Challenge_D,veh_07,0,-1,0.7184343434343434,attack_free,benign_fp
71,weak_campaign,veh_07-w03,OCSLab_Car::gear_dataset.csv::758::test,gear_dataset.csv,OCSLab_Car,veh_07,0,-1,0.6682907023954527,attack_free,benign_fp
71,weak_campaign,veh_07-w04,OCSLab_Car::DoS_dataset.csv::558::test,DoS_dataset.csv,OCSLab_Car,veh_07,0,-1,0.6605765326837191,attack_free,benign_fp
71,weak_campaign,veh_07-w05,OCSLab_Car::normal_run_data.txt::617::test,normal_run_data.txt,OCSLab_Car,veh_07,0,-1,0.9086479902557856,attack_free,benign_fp
71,weak_campaign,veh_07-w06,OCSLab_Car::normal_run_data.txt::479::test,normal_run_data.txt,OCSLab_Car,veh_07,0,-1,0.9370686155095412,attack_free,benign_fp
71,weak_campaign,veh_07-w07,OCSLab_Car::normal_run_data.txt::771::test,normal_run_data.txt,OCSLab_Car,veh_07,0,-1,0.5943970767356882,attack_free,benign_fp
71,weak_campaign,veh_07-w08,OCSLab_Car::normal_run_data.txt::615::test,normal_run_data.txt,OCSLab_Car,veh_07,0,-1,0.9959399106780348,attack_free,benign_fp
71,weak_campaign,veh_07-w09,Challenge_D::Pre_train_D_1.csv::19::test,Pre_train_D_1.csv,Challenge_D,veh_07,0,-1,0.5618686868686869,attack_free,benign_fp
71,weak_campaign,veh_08-w00,Challenge_D::Pre_train_D_0.csv::124::test,Pre_train_D_0.csv,Challenge_D,veh_08,0,-1,0.7836700336700336,attack_free,benign_fp
71,weak_campaign,veh_08-w01,OCSLab_Car::normal_run_data.txt::164::test,normal_run_data.txt,OCSLab_Car,veh_08,0,-1,0.7876573284612262,attack_free,benign_fp
71,weak_campaign,veh_08-w02,Challenge_S::Pre_train_S_2.csv::662::test,Pre_train_S_2.csv,Challenge_S,veh_08,0,-1,0.7874579124579124,attack_free,benign_fp
71,weak_campaign,veh_08-w03,OCSLab_Car::normal_run_data.txt::251::test,normal_run_data.txt,OCSLab_Car,veh_08,0,-1,0.9663012586276898,attack_free,benign_fp
71,weak_campaign,veh_08-w04,Challenge_S::Pre_train_S_1.csv::331::test,Pre_train_S_1.csv,Challenge_S,veh_08,0,-1,0.7015993265993266,attack_free,benign_fp
71,weak_campaign,veh_08-w05,OCSLab_Car::normal_run_data.txt::513::test,normal_run_data.txt,OCSLab_Car,veh_08,0,-1,0.8611449451887941,attack_free,benign_fp
71,weak_campaign,veh_08-w06,Challenge_D::Pre_train_D_0.csv::136::test,Pre_train_D_0.csv,Challenge_D,veh_08,0,-1,0.917087542087542,attack_free,benign_fp
71,weak_campaign,veh_08-w07,OCSLab_Car::normal_run_data.txt::304::test,normal_run_data.txt,OCSLab_Car,veh_08,0,-1,0.903369874137231,attack_free,benign_fp
71,weak_campaign,veh_08-w08,OCSLab_Car::normal_run_data.txt::780::test,normal_run_data.txt,OCSLab_Car,veh_08,0,-1,0.7718229801055623,attack_free,benign_fp
71,weak_campaign,veh_08-w09,OCSLab_Car::gear_dataset.csv::538::test,gear_dataset.csv,OCSLab_Car,veh_08,0,-1,0.679658952496955,attack_free,benign_fp
71,weak_campaign,veh_09-w00,Challenge_D::Pre_train_D_1.csv::433::test,Pre_train_D_1.csv,Challenge_D,veh_09,0,-1,0.6262626262626263,attack_free,benign_fp
71,weak_campaign,veh_09-w01,OCSLab_Car::normal_run_data.txt::579::test,normal_run_data.txt,OCSLab_Car,veh_09,0,-1,0.8729192042224929,attack_free,benign_fp
71,weak_campaign,veh_09-w02,OCSLab_Car::RPM_dataset.csv::127::test,RPM_dataset.csv,OCSLab_Car,veh_09,0,-1,0.6467722289890377,attack_free,benign_fp
71,weak_campaign,veh_09-w03,Challenge_S::Pre_train_S_0.csv::68::test,Pre_train_S_0.csv,Challenge_S,veh_09,0,-1,0.997895622895623,attack_free,benign_fp
71,weak_campaign,veh_09-w04,OCSLab_Car::normal_run_data.txt::582::test,normal_run_data.txt,OCSLab_Car,veh_09,0,-1,0.8944376776289078,attack_free,benign_fp
71,weak_campaign,veh_09-w05,OCSLab_Car::Fuzzy_dataset.csv::356::test,Fuzzy_dataset.csv,OCSLab_Car,veh_09,0,-1,0.7271619975639464,attack_free,benign_fp
71,weak_campaign,veh_09-w06,OCSLab_Car::gear_dataset.csv::588::test,gear_dataset.csv,OCSLab_Car,veh_09,0,-1,0.8928136419001218,attack_free,benign_fp
71,weak_campaign,veh_09-w07,OCSLab_Car::gear_dataset.csv::310::test,gear_dataset.csv,OCSLab_Car,veh_09,0,-1,0.5781567194478279,attack_free,benign_fp
71,weak_campaign,veh_09-w08,OCSLab_Car::normal_run_data.txt::776::test,normal_run_data.txt,OCSLab_Car,veh_09,0,-1,0.7202598457166057,attack_free,benign_fp
71,weak_campaign,veh_09-w09,OCSLab_Car::DoS_dataset.csv::47::test,DoS_dataset.csv,OCSLab_Car,veh_09,0,-1,0.7458384084449858,attack_free,benign_fp
71,weak_campaign,veh_10-w00,OCSLab_Car::normal_run_data.txt::735::test,normal_run_data.txt,OCSLab_Car,veh_10,0,-1,0.926512383272432,attack_free,benign_fp
71,weak_campaign,veh_10-w01,Challenge_S::Pre_train_S_0.csv::69::test,Pre_train_S_0.csv,Challenge_S,veh_10,0,-1,0.9225589225589226,attack_free,benign_fp
71,weak_campaign,veh_10-w02,Challenge_S::Pre_train_S_1.csv::728::test,Pre_train_S_1.csv,Challenge_S,veh_10,0,-1,0.8930976430976431,attack_free,benign_fp
71,weak_campaign,veh_10-w03,Challenge_D::Pre_train_D_0.csv::238::test,Pre_train_D_0.csv,Challenge_D,veh_10,0,-1,0.9191919191919192,attack_free,benign_fp
71,weak_campaign,veh_10-w04,Challenge_D::Pre_train_D_2.csv::299::test,Pre_train_D_2.csv,Challenge_D,veh_10,0,-1,0.7432659932659933,attack_free,benign_fp
71,weak_campaign,veh_10-w05,OCSLab_Car::gear_dataset.csv::630::test,gear_dataset.csv,OCSLab_Car,veh_10,0,-1,0.9159561510353228,attack_free,benign_fp
71,weak_campaign,veh_10-w06,Challenge_D::Pre_train_D_0.csv::94::test,Pre_train_D_0.csv,Challenge_D,veh_10,0,-1,0.7289562289562289,attack_free,benign_fp
71,weak_campaign,veh_10-w07,OCSLab_Car::gear_dataset.csv::771::test,gear_dataset.csv,OCSLab_Car,veh_10,0,-1,0.6252537555826229,attack_free,benign_fp
71,weak_campaign,veh_10-w08,Challenge_S::Pre_train_S_1.csv::756::test,Pre_train_S_1.csv,Challenge_S,veh_10,0,-1,0.7449494949494949,attack_free,benign_fp
71,weak_campaign,veh_10-w09,Challenge_D::Pre_train_D_0.csv::99::test,Pre_train_D_0.csv,Challenge_D,veh_10,0,-1,0.9137205387205388,attack_free,benign_fp
71,weak_campaign,veh_11-w00,OCSLab_Car::normal_run_data.txt::532::test,normal_run_data.txt,OCSLab_Car,veh_11,0,-1,0.8611449451887941,attack_free,benign_fp
71,weak_campaign,veh_11-w01,OCSLab_Car::Fuzzy_dataset.csv::450::test,Fuzzy_dataset.csv,OCSLab_Car,veh_11,0,-1,0.6402760860738936,attack_free,benign_fp
71,weak_campaign,veh_11-w02,OCSLab_Car::DoS_dataset.csv::128::test,DoS_dataset.csv,OCSLab_Car,veh_11,0,-1,0.9955339017458384,attack_free,benign_fp
71,weak_campaign,veh_11-w03,OCSLab_Car::DoS_dataset.csv::129::test,DoS_dataset.csv,OCSLab_Car,veh_11,0,-1,0.6447421843280552,attack_free,benign_fp
71,weak_campaign,veh_11-w04,OCSLab_Car::normal_run_data.txt::785::test,normal_run_data.txt,OCSLab_Car,veh_11,0,-1,0.5757206658546488,attack_free,benign_fp
71,weak_campaign,veh_11-w05,Challenge_S::Pre_train_S_2.csv::630::test,Pre_train_S_2.csv,Challenge_S,veh_11,0,-1,0.9983164983164984,attack_free,benign_fp
71,weak_campaign,veh_11-w06,OCSLab_Car::normal_run_data.txt::644::test,normal_run_data.txt,OCSLab_Car,veh_11,0,-1,0.8302882663418595,attack_free,benign_fp
71,weak_campaign,veh_11-w07,OCSLab_Car::normal_run_data.txt::370::test,normal_run_data.txt,OCSLab_Car,veh_11,0,-1,0.8615509541209907,attack_free,benign_fp
71,weak_campaign,veh_11-w08,Challenge_S::Pre_train_S_2.csv::13::test,Pre_train_S_2.csv,Challenge_S,veh_11,0,-1,0.9494949494949496,attack_free,benign_fp
71,weak_campaign,veh_11-w09,Challenge_S::Pre_train_S_1.csv::751::test,Pre_train_S_1.csv,Challenge_S,veh_11,0,-1,0.8935185185185185,attack_free,benign_fp
71,weak_campaign,veh_12-w00,OCSLab_Car::normal_run_data.txt::530::test,normal_run_data.txt,OCSLab_Car,veh_12,0,-1,0.8120178643930166,attack_free,benign_fp
71,weak_campaign,veh_12-w01,OCSLab_Car::gear_dataset.csv::626::test,gear_dataset.csv,OCSLab_Car,veh_12,0,-1,0.6276898091758019,attack_free,benign_fp
71,weak_campaign,veh_12-w02,OCSLab_Car::gear_dataset.csv::585::test,gear_dataset.csv,OCSLab_Car,veh_12,0,-1,0.6146975233455136,attack_free,benign_fp
71,weak_campaign,veh_12-w03,Challenge_D::Pre_train_D_0.csv::221::test,Pre_train_D_0.csv,Challenge_D,veh_12,0,-1,0.5993265993265994,attack_free,benign_fp
71,weak_campaign,veh_12-w04,OCSLab_Car::normal_run_data.txt::557::test,normal_run_data.txt,OCSLab_Car,veh_12,0,-1,0.95696305318717,attack_free,benign_fp
71,weak_campaign,veh_12-w05,OCSLab_Car::gear_dataset.csv::527::test,gear_dataset.csv,OCSLab_Car,veh_12,0,-1,0.6138855054811205,attack_free,benign_fp
71,weak_campaign,veh_12-w06,Challenge_D::Pre_train_D_2.csv::98::test,Pre_train_D_2.csv,Challenge_D,veh_12,0,-1,0.6321548821548821,attack_free,benign_fp
71,weak_campaign,veh_12-w07,OCSLab_Car::normal_run_data.txt::282::test,normal_run_data.txt,OCSLab_Car,veh_12,0,-1,0.9634591961023142,attack_free,benign_fp
71,weak_campaign,veh_12-w08,OCSLab_Car::normal_run_data.txt::463::test,normal_run_data.txt,OCSLab_Car,veh_12,0,-1,0.7117336581404791,attack_free,benign_fp
71,weak_campaign,veh_12-w09,Challenge_D::Pre_train_D_1.csv::345::test,Pre_train_D_1.csv,Challenge_D,veh_12,0,-1,0.8712121212121212,attack_free,benign_fp
71,weak_campaign,veh_13-w00,OCSLab_Car::normal_run_data.txt::337::test,normal_run_data.txt,OCSLab_Car,veh_13,0,-1,0.9671132764920828,attack_free,benign_fp
71,weak_campaign,veh_13-w01,OCSLab_Car::normal_run_data.txt::60::test,normal_run_data.txt,OCSLab_Car,veh_13,0,-1,0.7974015428339424,attack_free,benign_fp
71,weak_campaign,veh_13-w02,Challenge_D::Pre_train_D_0.csv::189::test,Pre_train_D_0.csv,Challenge_D,veh_13,0,-1,0.7129629629629629,attack_free,benign_fp
71,weak_campaign,veh_13-w03,Challenge_S::Pre_train_S_2.csv::746::test,Pre_train_S_2.csv,Challenge_S,veh_13,0,-1,0.6759259259259259,attack_free,benign_fp
71,weak_campaign,veh_13-w04,OCSLab_Car::normal_run_data.txt::110::test,normal_run_data.txt,OCSLab_Car,veh_13,0,-1,0.9443767762890783,attack_free,benign_fp
71,weak_campaign,veh_13-w05,OCSLab_Car::Fuzzy_dataset.csv::369::test,Fuzzy_dataset.csv,OCSLab_Car,veh_13,0,-1,0.6073893625659764,attack_free,benign_fp
71,weak_campaign,veh_13-w06,Challenge_D::Pre_train_D_0.csv::215::test,Pre_train_D_0.csv,Challenge_D,veh_13,0,-1,0.8573232323232324,attack_free,benign_fp
71,weak_campaign,veh_13-w07,OCSLab_Car::gear_dataset.csv::120::test,gear_dataset.csv,OCSLab_Car,veh_13,0,-1,0.7474624441737718,attack_free,benign_fp
71,weak_campaign,veh_13-w08,Challenge_S::Pre_train_S_1.csv::484::test,Pre_train_S_1.csv,Challenge_S,veh_13,0,-1,0.9023569023569024,attack_free,benign_fp
71,weak_campaign,veh_13-w09,Challenge_D::Pre_train_D_0.csv::188::test,Pre_train_D_0.csv,Challenge_D,veh_13,0,-1,0.8451178451178452,attack_free,benign_fp
71,weak_campaign,veh_14-w00,Challenge_D::Pre_train_D_2.csv::700::test,Pre_train_D_2.csv,Challenge_D,veh_14,0,-1,0.6485690235690236,attack_free,benign_fp
71,weak_campaign,veh_14-w01,OCSLab_Car::normal_run_data.txt::248::test,normal_run_data.txt,OCSLab_Car,veh_14,0,-1,0.997563946406821,attack_free,benign_fp
71,weak_campaign,veh_14-w02,Challenge_S::Pre_train_S_2.csv::604::test,Pre_train_S_2.csv,Challenge_S,veh_14,0,-1,0.9326599326599326,attack_free,benign_fp
71,weak_campaign,veh_14-w03,OCSLab_Car::Fuzzy_dataset.csv::207::test,Fuzzy_dataset.csv,OCSLab_Car,veh_14,0,-1,0.5866829070239545,attack_free,benign_fp
71,weak_campaign,veh_14-w04,OCSLab_Car::DoS_dataset.csv::14::test,DoS_dataset.csv,OCSLab_Car,veh_14,0,-1,0.6995533901745838,attack_free,benign_fp
71,weak_campaign,veh_14-w05,OCSLab_Car::normal_run_data.txt::121::test,normal_run_data.txt,OCSLab_Car,veh_14,0,-1,0.9598051157125456,attack_free,benign_fp
71,weak_campaign,veh_14-w06,OCSLab_Car::Fuzzy_dataset.csv::283::test,Fuzzy_dataset.csv,OCSLab_Car,veh_14,0,-1,0.9963459196102314,attack_free,benign_fp
71,weak_campaign,veh_14-w07,Challenge_S::Pre_train_S_0.csv::65::test,Pre_train_S_0.csv,Challenge_S,veh_14,0,-1,0.8278619528619529,attack_free,benign_fp
71,weak_campaign,veh_14-w08,OCSLab_Car::normal_run_data.txt::485::test,normal_run_data.txt,OCSLab_Car,veh_14,0,-1,0.9618351603735282,attack_free,benign_fp
71,weak_campaign,veh_14-w09,OCSLab_Car::normal_run_data.txt::461::test,normal_run_data.txt,OCSLab_Car,veh_14,0,-1,0.7202598457166057,attack_free,benign_fp
71,weak_campaign,veh_15-w00,OCSLab_Car::DoS_dataset.csv::489::test,DoS_dataset.csv,OCSLab_Car,veh_15,0,-1,0.6979293544457978,attack_free,benign_fp
71,weak_campaign,veh_15-w01,Challenge_D::Pre_train_D_2.csv::32::test,Pre_train_D_2.csv,Challenge_D,veh_15,0,-1,0.6830808080808081,attack_free,benign_fp
71,weak_campaign,veh_15-w02,OCSLab_Car::normal_run_data.txt::299::test,normal_run_data.txt,OCSLab_Car,veh_15,0,-1,0.9813235891189608,attack_free,benign_fp
71,weak_campaign,veh_15-w03,Challenge_S::Pre_train_S_0.csv::21::test,Pre_train_S_0.csv,Challenge_S,veh_15,0,-1,0.6666666666666666,attack_free,benign_fp
71,weak_campaign,veh_15-w04,Challenge_S::Pre_train_S_2.csv::652::test,Pre_train_S_2.csv,Challenge_S,veh_15,0,-1,0.7508417508417509,attack_free,benign_fp
71,weak_campaign,veh_15-w05,Challenge_D::Pre_train_D_0.csv::75::test,Pre_train_D_0.csv,Challenge_D,veh_15,0,-1,0.8228114478114478,attack_free,benign_fp
71,weak_campaign,veh_15-w06,Challenge_D::Pre_train_D_1.csv::492::test,Pre_train_D_1.csv,Challenge_D,veh_15,0,-1,0.757996632996633,attack_free,benign_fp
71,weak_campaign,veh_15-w07,OCSLab_Car::normal_run_data.txt::363::test,normal_run_data.txt,OCSLab_Car,veh_15,0,-1,0.877791311408851,attack_free,benign_fp
71,weak_campaign,veh_15-w08,OCSLab_Car::normal_run_data.txt::340::test,normal_run_data.txt,OCSLab_Car,veh_15,0,-1,0.934632561916362,attack_free,benign_fp
71,weak_campaign,veh_15-w09,OCSLab_Car::normal_run_data.txt::169::test,normal_run_data.txt,OCSLab_Car,veh_15,0,-1,0.8286642306130735,attack_free,benign_fp
71,weak_campaign,veh_16-w00,Challenge_D::Pre_train_D_2.csv::670::test,Pre_train_D_2.csv,Challenge_D,veh_16,0,-1,0.8661616161616161,attack_free,benign_fp
71,weak_campaign,veh_16-w01,OCSLab_Car::normal_run_data.txt::600::test,normal_run_data.txt,OCSLab_Car,veh_16,0,-1,0.9801055623223712,attack_free,benign_fp
71,weak_campaign,veh_16-w02,Challenge_S::Pre_train_S_2.csv::644::test,Pre_train_S_2.csv,Challenge_S,veh_16,0,-1,0.9844276094276094,attack_free,benign_fp
71,weak_campaign,veh_16-w03,OCSLab_Car::normal_run_data.txt::475::test,normal_run_data.txt,OCSLab_Car,veh_16,0,-1,0.8591149005278116,attack_free,benign_fp
71,weak_campaign,veh_16-w04,Challenge_S::Pre_train_S_0.csv::235::test,Pre_train_S_0.csv,Challenge_S,veh_16,0,-1,0.6868686868686869,attack_free,benign_fp
71,weak_campaign,veh_16-w05,Challenge_D::Pre_train_D_0.csv::179::test,Pre_train_D_0.csv,Challenge_D,veh_16,0,-1,0.8367003367003367,attack_free,benign_fp
71,weak_campaign,veh_16-w06,OCSLab_Car::normal_run_data.txt::729::test,normal_run_data.txt,OCSLab_Car,veh_16,0,-1,0.7243199350385708,attack_free,benign_fp
71,weak_campaign,veh_16-w07,OCSLab_Car::normal_run_data.txt::520::test,normal_run_data.txt,OCSLab_Car,veh_16,0,-1,0.6370280146163215,attack_free,benign_fp
71,weak_campaign,veh_16-w08,OCSLab_Car::normal_run_data.txt::585::test,normal_run_data.txt,OCSLab_Car,veh_16,0,-1,0.9484368656110436,attack_free,benign_fp
71,weak_campaign,veh_16-w09,OCSLab_Car::gear_dataset.csv::160::test,gear_dataset.csv,OCSLab_Car,veh_16,0,-1,0.7092976045473001,attack_free,benign_fp
71,weak_campaign,veh_17-w00,Challenge_S::Pre_train_S_0.csv::209::test,Pre_train_S_0.csv,Challenge_S,veh_17,0,-1,0.6157407407407407,attack_free,benign_fp
71,weak_campaign,veh_17-w01,OCSLab_Car::normal_run_data.txt::259::test,normal_run_data.txt,OCSLab_Car,veh_17,0,-1,0.9703613479496548,attack_free,benign_fp
71,weak_campaign,veh_17-w02,OCSLab_Car::normal_run_data.txt::378::test,normal_run_data.txt,OCSLab_Car,veh_17,0,-1,0.980917580186764,attack_free,benign_fp
71,weak_campaign,veh_17-w03,OCSLab_Car::normal_run_data.txt::315::test,normal_run_data.txt,OCSLab_Car,veh_17,0,-1,0.9930978481526592,attack_free,benign_fp
71,weak_campaign,veh_17-w04,OCSLab_Car::gear_dataset.csv::322::test,gear_dataset.csv,OCSLab_Car,veh_17,0,-1,0.6264717823792123,attack_free,benign_fp
71,weak_campaign,veh_17-w05,OCSLab_Car::normal_run_data.txt::494::test,normal_run_data.txt,OCSLab_Car,veh_17,0,-1,0.9626471782379212,attack_free,benign_fp
71,weak_campaign,veh_17-w06,OCSLab_Car::normal_run_data.txt::286::test,normal_run_data.txt,OCSLab_Car,veh_17,0,-1,0.9565570442549736,attack_free,benign_fp
71,weak_campaign,veh_17-w07,OCSLab_Car::gear_dataset.csv::528::test,gear_dataset.csv,OCSLab_Car,veh_17,0,-1,0.631749898497767,attack_free,benign_fp
71,weak_campaign,veh_17-w08,OCSLab_Car::normal_run_data.txt::516::test,normal_run_data.txt,OCSLab_Car,veh_17,0,-1,0.7921234267153877,attack_free,benign_fp
71,weak_campaign,veh_17-w09,OCSLab_Car::normal_run_data.txt::707::test,normal_run_data.txt,OCSLab_Car,veh_17,0,-1,0.9447827852212748,attack_free,benign_fp
71,weak_campaign,veh_18-w00,OCSLab_Car::normal_run_data.txt::193::test,normal_run_data.txt,OCSLab_Car,veh_18,0,-1,0.8522127486804709,attack_free,benign_fp
71,weak_campaign,veh_18-w01,Challenge_D::Pre_train_D_0.csv::118::test,Pre_train_D_0.csv,Challenge_D,veh_18,0,-1,0.6620370370370371,attack_free,benign_fp
71,weak_campaign,veh_18-w02,Challenge_D::Pre_train_D_0.csv::54::test,Pre_train_D_0.csv,Challenge_D,veh_18,0,-1,0.960016835016835,attack_free,benign_fp
71,weak_campaign,veh_18-w03,Challenge_S::Pre_train_S_2.csv::25::test,Pre_train_S_2.csv,Challenge_S,veh_18,0,-1,0.9675925925925926,attack_free,benign_fp
71,weak_campaign,veh_18-w04,OCSLab_Car::gear_dataset.csv::593::test,gear_dataset.csv,OCSLab_Car,veh_18,0,-1,0.8477466504263094,attack_free,benign_fp
71,weak_campaign,veh_18-w05,OCSLab_Car::normal_run_data.txt::46::test,normal_run_data.txt,OCSLab_Car,veh_18,0,-1,0.7271619975639464,attack_free,benign_fp
71,weak_campaign,veh_18-w06,Challenge_S::Pre_train_S_1.csv::771::test,Pre_train_S_1.csv,Challenge_S,veh_18,0,-1,0.8964646464646465,attack_free,benign_fp
71,weak_campaign,veh_18-w07,Challenge_S::Pre_train_S_1.csv::760::test,Pre_train_S_1.csv,Challenge_S,veh_18,0,-1,0.6771885521885522,attack_free,benign_fp
71,weak_campaign,veh_18-w08,Challenge_D::Pre_train_D_0.csv::271::test,Pre_train_D_0.csv,Challenge_D,veh_18,0,-1,0.6763468013468014,attack_free,benign_fp
71,weak_campaign,veh_18-w09,OCSLab_Car::gear_dataset.csv::657::test,gear_dataset.csv,OCSLab_Car,veh_18,0,-1,0.8859114900527811,attack_free,benign_fp
71,weak_campaign,veh_19-w00,OCSLab_Car::DoS_dataset.csv::168::test,DoS_dataset.csv,OCSLab_Car,veh_19,0,-1,0.561510353227771,attack_free,benign_fp
71,weak_campaign,veh_19-w01,Challenge_S::Pre_train_S_2.csv::598::test,Pre_train_S_2.csv,Challenge_S,veh_19,0,-1,0.859006734006734,attack_free,benign_fp
71,weak_campaign,veh_19-w02,OCSLab_Car::gear_dataset.csv::302::test,gear_dataset.csv,OCSLab_Car,veh_19,0,-1,0.5574502639058059,attack_free,benign_fp
71,weak_campaign,veh_19-w03,Challenge_S::Pre_train_S_0.csv::117::test,Pre_train_S_0.csv,Challenge_S,veh_19,0,-1,0.7226430976430976,attack_free,benign_fp
71,weak_campaign,veh_19-w04,OCSLab_Car::normal_run_data.txt::15::test,normal_run_data.txt,OCSLab_Car,veh_19,0,-1,0.8611449451887941,attack_free,benign_fp
71,weak_campaign,veh_19-w05,Challenge_D::Pre_train_D_1.csv::88::test,Pre_train_D_1.csv,Challenge_D,veh_19,0,-1,0.5749158249158249,attack_free,benign_fp
71,weak_campaign,veh_19-w06,Challenge_D::Pre_train_D_2.csv::642::test,Pre_train_D_2.csv,Challenge_D,veh_19,0,-1,0.7255892255892256,attack_free,benign_fp
71,weak_campaign,veh_19-w07,Challenge_S::Pre_train_S_2.csv::607::test,Pre_train_S_2.csv,Challenge_S,veh_19,0,-1,0.9941077441077442,attack_free,benign_fp
71,weak_campaign,veh_19-w08,OCSLab_Car::gear_dataset.csv::548::test,gear_dataset.csv,OCSLab_Car,veh_19,0,-1,0.7105156313438896,attack_free,benign_fp
71,weak_campaign,veh_19-w09,Challenge_S::Pre_train_S_0.csv::277::test,Pre_train_S_0.csv,Challenge_S,veh_19,0,-1,0.970959595959596,attack_free,benign_fp
71,unrelated_incidents,veh_00-w00,Challenge_S::Pre_train_S_2.csv::234::test,Pre_train_S_2.csv,Challenge_S,veh_00,1,0,1.0,flooding,independent_0_flooding
71,unrelated_incidents,veh_00-w01,Challenge_S::Pre_train_S_2.csv::197::test,Pre_train_S_2.csv,Challenge_S,veh_00,1,0,1.0,flooding,independent_0_flooding
71,unrelated_incidents,veh_00-w02,Challenge_D::Pre_train_D_1.csv::271::test,Pre_train_D_1.csv,Challenge_D,veh_00,1,0,1.0,flooding,independent_0_flooding
71,unrelated_incidents,veh_00-w03,Challenge_D::Pre_train_D_2.csv::155::test,Pre_train_D_2.csv,Challenge_D,veh_00,1,0,1.0,flooding,independent_0_flooding
71,unrelated_incidents,veh_00-w04,Challenge_S::Pre_train_S_1.csv::125::test,Pre_train_S_1.csv,Challenge_S,veh_00,1,0,1.0,flooding,independent_0_flooding
71,unrelated_incidents,veh_00-w05,OCSLab_Car::DoS_dataset.csv::303::test,DoS_dataset.csv,OCSLab_Car,veh_00,1,0,1.0,flooding,independent_0_flooding
71,unrelated_incidents,veh_00-w06,OCSLab_Car::DoS_dataset.csv::687::test,DoS_dataset.csv,OCSLab_Car,veh_00,1,0,1.0,flooding,independent_0_flooding
71,unrelated_incidents,veh_00-w07,Challenge_D::Pre_train_D_2.csv::175::test,Pre_train_D_2.csv,Challenge_D,veh_00,1,0,1.0,flooding,independent_0_flooding
71,unrelated_incidents,veh_00-w08,Challenge_D::Pre_train_D_2.csv::188::test,Pre_train_D_2.csv,Challenge_D,veh_00,1,0,1.0,flooding,independent_0_flooding
71,unrelated_incidents,veh_00-w09,Challenge_D::Pre_train_D_2.csv::263::test,Pre_train_D_2.csv,Challenge_D,veh_00,1,0,1.0,flooding,independent_0_flooding
71,unrelated_incidents,veh_01-w00,OCSLab_Car::RPM_dataset.csv::261::test,RPM_dataset.csv,OCSLab_Car,veh_01,1,1,1.0,malfunction_rpm,independent_1_malfunction_rpm
71,unrelated_incidents,veh_01-w01,OCSLab_Car::RPM_dataset.csv::381::test,RPM_dataset.csv,OCSLab_Car,veh_01,1,1,1.0,malfunction_rpm,independent_1_malfunction_rpm
71,unrelated_incidents,veh_01-w02,OCSLab_Car::RPM_dataset.csv::55::test,RPM_dataset.csv,OCSLab_Car,veh_01,1,1,1.0,malfunction_rpm,independent_1_malfunction_rpm
71,unrelated_incidents,veh_01-w03,OCSLab_Car::RPM_dataset.csv::275::test,RPM_dataset.csv,OCSLab_Car,veh_01,1,1,1.0,malfunction_rpm,independent_1_malfunction_rpm
71,unrelated_incidents,veh_01-w04,OCSLab_Car::RPM_dataset.csv::403::test,RPM_dataset.csv,OCSLab_Car,veh_01,1,1,1.0,malfunction_rpm,independent_1_malfunction_rpm
71,unrelated_incidents,veh_01-w05,OCSLab_Car::RPM_dataset.csv::725::test,RPM_dataset.csv,OCSLab_Car,veh_01,1,1,1.0,malfunction_rpm,independent_1_malfunction_rpm
71,unrelated_incidents,veh_01-w06,OCSLab_Car::RPM_dataset.csv::589::test,RPM_dataset.csv,OCSLab_Car,veh_01,1,1,1.0,malfunction_rpm,independent_1_malfunction_rpm
71,unrelated_incidents,veh_01-w07,OCSLab_Car::RPM_dataset.csv::722::test,RPM_dataset.csv,OCSLab_Car,veh_01,1,1,1.0,malfunction_rpm,independent_1_malfunction_rpm
71,unrelated_incidents,veh_01-w08,OCSLab_Car::RPM_dataset.csv::69::test,RPM_dataset.csv,OCSLab_Car,veh_01,1,1,1.0,malfunction_rpm,independent_1_malfunction_rpm
71,unrelated_incidents,veh_01-w09,OCSLab_Car::RPM_dataset.csv::382::test,RPM_dataset.csv,OCSLab_Car,veh_01,1,1,1.0,malfunction_rpm,independent_1_malfunction_rpm
71,unrelated_incidents,veh_02-w00,OCSLab_Car::gear_dataset.csv::286::test,gear_dataset.csv,OCSLab_Car,veh_02,1,2,1.0,malfunction_gear,independent_2_malfunction_gear
71,unrelated_incidents,veh_02-w01,OCSLab_Car::gear_dataset.csv::4::test,gear_dataset.csv,OCSLab_Car,veh_02,1,2,1.0,malfunction_gear,independent_2_malfunction_gear
71,unrelated_incidents,veh_02-w02,OCSLab_Car::gear_dataset.csv::400::test,gear_dataset.csv,OCSLab_Car,veh_02,1,2,1.0,malfunction_gear,independent_2_malfunction_gear
71,unrelated_incidents,veh_02-w03,OCSLab_Car::gear_dataset.csv::409::test,gear_dataset.csv,OCSLab_Car,veh_02,1,2,1.0,malfunction_gear,independent_2_malfunction_gear
71,unrelated_incidents,veh_02-w04,OCSLab_Car::gear_dataset.csv::356::test,gear_dataset.csv,OCSLab_Car,veh_02,1,2,1.0,malfunction_gear,independent_2_malfunction_gear
71,unrelated_incidents,veh_02-w05,OCSLab_Car::gear_dataset.csv::434::test,gear_dataset.csv,OCSLab_Car,veh_02,1,2,1.0,malfunction_gear,independent_2_malfunction_gear
71,unrelated_incidents,veh_02-w06,OCSLab_Car::gear_dataset.csv::273::test,gear_dataset.csv,OCSLab_Car,veh_02,1,2,1.0,malfunction_gear,independent_2_malfunction_gear
71,unrelated_incidents,veh_02-w07,OCSLab_Car::gear_dataset.csv::194::test,gear_dataset.csv,OCSLab_Car,veh_02,1,2,1.0,malfunction_gear,independent_2_malfunction_gear
71,unrelated_incidents,veh_02-w08,OCSLab_Car::gear_dataset.csv::443::test,gear_dataset.csv,OCSLab_Car,veh_02,1,2,1.0,malfunction_gear,independent_2_malfunction_gear
71,unrelated_incidents,veh_02-w09,OCSLab_Car::gear_dataset.csv::234::test,gear_dataset.csv,OCSLab_Car,veh_02,1,2,1.0,malfunction_gear,independent_2_malfunction_gear
71,unrelated_incidents,veh_03-w00,OCSLab_Car::Fuzzy_dataset.csv::607::test,Fuzzy_dataset.csv,OCSLab_Car,veh_03,1,3,1.0,fuzzy,independent_3_fuzzy
71,unrelated_incidents,veh_03-w01,OCSLab_Car::Fuzzy_dataset.csv::26::test,Fuzzy_dataset.csv,OCSLab_Car,veh_03,1,3,1.0,fuzzy,independent_3_fuzzy
71,unrelated_incidents,veh_03-w02,OCSLab_Car::Fuzzy_dataset.csv::169::test,Fuzzy_dataset.csv,OCSLab_Car,veh_03,1,3,1.0,fuzzy,independent_3_fuzzy
71,unrelated_incidents,veh_03-w03,OCSLab_Car::Fuzzy_dataset.csv::171::test,Fuzzy_dataset.csv,OCSLab_Car,veh_03,1,3,1.0,fuzzy,independent_3_fuzzy
71,unrelated_incidents,veh_03-w04,OCSLab_Car::Fuzzy_dataset.csv::662::test,Fuzzy_dataset.csv,OCSLab_Car,veh_03,1,3,1.0,fuzzy,independent_3_fuzzy
71,unrelated_incidents,veh_03-w05,OCSLab_Car::Fuzzy_dataset.csv::322::test,Fuzzy_dataset.csv,OCSLab_Car,veh_03,1,3,1.0,fuzzy,independent_3_fuzzy
71,unrelated_incidents,veh_03-w06,OCSLab_Car::Fuzzy_dataset.csv::610::test,Fuzzy_dataset.csv,OCSLab_Car,veh_03,1,3,1.0,fuzzy,independent_3_fuzzy
71,unrelated_incidents,veh_03-w07,OCSLab_Car::Fuzzy_dataset.csv::652::test,Fuzzy_dataset.csv,OCSLab_Car,veh_03,1,3,1.0,fuzzy,independent_3_fuzzy
71,unrelated_incidents,veh_03-w08,OCSLab_Car::Fuzzy_dataset.csv::510::test,Fuzzy_dataset.csv,OCSLab_Car,veh_03,1,3,1.0,fuzzy,independent_3_fuzzy
71,unrelated_incidents,veh_03-w09,OCSLab_Car::Fuzzy_dataset.csv::675::test,Fuzzy_dataset.csv,OCSLab_Car,veh_03,1,3,1.0,fuzzy,independent_3_fuzzy
71,unrelated_incidents,veh_04-w00,Challenge_D::Pre_train_D_2.csv::439::test,Pre_train_D_2.csv,Challenge_D,veh_04,1,4,0.9894781144781144,spoofing,independent_4_spoofing
71,unrelated_incidents,veh_04-w01,Challenge_S::Pre_train_S_1.csv::391::test,Pre_train_S_1.csv,Challenge_S,veh_04,1,4,0.8657407407407407,spoofing,independent_4_spoofing
71,unrelated_incidents,veh_04-w02,Challenge_S::Pre_train_S_2.csv::459::test,Pre_train_S_2.csv,Challenge_S,veh_04,1,4,0.930976430976431,spoofing,independent_4_spoofing
71,unrelated_incidents,veh_04-w03,Challenge_S::Pre_train_S_2.csv::420::test,Pre_train_S_2.csv,Challenge_S,veh_04,1,4,0.9271885521885522,spoofing,independent_4_spoofing
71,unrelated_incidents,veh_04-w04,Challenge_S::Pre_train_S_2.csv::517::test,Pre_train_S_2.csv,Challenge_S,veh_04,1,4,0.882996632996633,spoofing,independent_4_spoofing
71,unrelated_incidents,veh_04-w05,Challenge_S::Pre_train_S_1.csv::426::test,Pre_train_S_1.csv,Challenge_S,veh_04,1,4,0.8552188552188552,spoofing,independent_4_spoofing
71,unrelated_incidents,veh_04-w06,Challenge_S::Pre_train_S_2.csv::499::test,Pre_train_S_2.csv,Challenge_S,veh_04,1,4,0.9646464646464646,spoofing,independent_4_spoofing
71,unrelated_incidents,veh_04-w07,Challenge_S::Pre_train_S_2.csv::491::test,Pre_train_S_2.csv,Challenge_S,veh_04,1,4,0.8686868686868687,spoofing,independent_4_spoofing
71,unrelated_incidents,veh_04-w08,Challenge_S::Pre_train_S_2.csv::410::test,Pre_train_S_2.csv,Challenge_S,veh_04,1,4,0.9886363636363636,spoofing,independent_4_spoofing
71,unrelated_incidents,veh_04-w09,Challenge_S::Pre_train_S_1.csv::408::test,Pre_train_S_1.csv,Challenge_S,veh_04,1,4,0.9250841750841752,spoofing,independent_4_spoofing
71,unrelated_incidents,veh_05-w00,OCSLab_Car::gear_dataset.csv::655::test,gear_dataset.csv,OCSLab_Car,veh_05,0,-1,0.8676410881039383,attack_free,benign_fp
71,unrelated_incidents,veh_05-w01,OCSLab_Car::gear_dataset.csv::673::test,gear_dataset.csv,OCSLab_Car,veh_05,0,-1,0.9813235891189608,attack_free,benign_fp
71,unrelated_incidents,veh_05-w02,Challenge_S::Pre_train_S_1.csv::328::test,Pre_train_S_1.csv,Challenge_S,veh_05,0,-1,0.9154040404040404,attack_free,benign_fp
71,unrelated_incidents,veh_05-w03,OCSLab_Car::normal_run_data.txt::745::test,normal_run_data.txt,OCSLab_Car,veh_05,0,-1,0.8388144539179861,attack_free,benign_fp
71,unrelated_incidents,veh_05-w04,Challenge_D::Pre_train_D_1.csv::83::test,Pre_train_D_1.csv,Challenge_D,veh_05,0,-1,0.7777777777777778,attack_free,benign_fp
71,unrelated_incidents,veh_05-w05,Challenge_D::Pre_train_D_2.csv::723::test,Pre_train_D_2.csv,Challenge_D,veh_05,0,-1,0.7268518518518519,attack_free,benign_fp
71,unrelated_incidents,veh_05-w06,Challenge_D::Pre_train_D_0.csv::88::test,Pre_train_D_0.csv,Challenge_D,veh_05,0,-1,0.5749158249158249,attack_free,benign_fp
71,unrelated_incidents,veh_05-w07,Challenge_D::Pre_train_D_2.csv::722::test,Pre_train_D_2.csv,Challenge_D,veh_05,0,-1,0.9154040404040404,attack_free,benign_fp
71,unrelated_incidents,veh_05-w08,OCSLab_Car::normal_run_data.txt::559::test,normal_run_data.txt,OCSLab_Car,veh_05,0,-1,0.9187982135606984,attack_free,benign_fp
71,unrelated_incidents,veh_05-w09,Challenge_D::Pre_train_D_2.csv::593::test,Pre_train_D_2.csv,Challenge_D,veh_05,0,-1,0.9612794612794612,attack_free,benign_fp
71,unrelated_incidents,veh_06-w00,Challenge_D::Pre_train_D_2.csv::32::test,Pre_train_D_2.csv,Challenge_D,veh_06,0,-1,0.6830808080808081,attack_free,benign_fp
71,unrelated_incidents,veh_06-w01,Challenge_S::Pre_train_S_2.csv::663::test,Pre_train_S_2.csv,Challenge_S,veh_06,0,-1,0.7575757575757576,attack_free,benign_fp
71,unrelated_incidents,veh_06-w02,OCSLab_Car::normal_run_data.txt::726::test,normal_run_data.txt,OCSLab_Car,veh_06,0,-1,0.8830694275274056,attack_free,benign_fp
71,unrelated_incidents,veh_06-w03,OCSLab_Car::normal_run_data.txt::71::test,normal_run_data.txt,OCSLab_Car,veh_06,0,-1,0.8258221680876979,attack_free,benign_fp
71,unrelated_incidents,veh_06-w04,Challenge_S::Pre_train_S_2.csv::16::test,Pre_train_S_2.csv,Challenge_S,veh_06,0,-1,0.9406565656565656,attack_free,benign_fp
71,unrelated_incidents,veh_06-w05,OCSLab_Car::normal_run_data.txt::746::test,normal_run_data.txt,OCSLab_Car,veh_06,0,-1,0.6841250507511165,attack_free,benign_fp
71,unrelated_incidents,veh_06-w06,OCSLab_Car::normal_run_data.txt::384::test,normal_run_data.txt,OCSLab_Car,veh_06,0,-1,0.9508729192042225,attack_free,benign_fp
71,unrelated_incidents,veh_06-w07,OCSLab_Car::normal_run_data.txt::144::test,normal_run_data.txt,OCSLab_Car,veh_06,0,-1,0.7653268371904182,attack_free,benign_fp
71,unrelated_incidents,veh_06-w08,OCSLab_Car::normal_run_data.txt::404::test,normal_run_data.txt,OCSLab_Car,veh_06,0,-1,0.9224522939504668,attack_free,benign_fp
71,unrelated_incidents,veh_06-w09,OCSLab_Car::normal_run_data.txt::637::test,normal_run_data.txt,OCSLab_Car,veh_06,0,-1,0.8152659358505887,attack_free,benign_fp
71,unrelated_incidents,veh_07-w00,Challenge_D::Pre_train_D_2.csv::671::test,Pre_train_D_2.csv,Challenge_D,veh_07,0,-1,0.7908249158249159,attack_free,benign_fp
71,unrelated_incidents,veh_07-w01,Challenge_S::Pre_train_S_2.csv::28::test,Pre_train_S_2.csv,Challenge_S,veh_07,0,-1,0.9743265993265994,attack_free,benign_fp
71,unrelated_incidents,veh_07-w02,OCSLab_Car::normal_run_data.txt::415::test,normal_run_data.txt,OCSLab_Car,veh_07,0,-1,0.9874137231019082,attack_free,benign_fp
71,unrelated_incidents,veh_07-w03,OCSLab_Car::normal_run_data.txt::491::test,normal_run_data.txt,OCSLab_Car,veh_07,0,-1,0.6544863987007714,attack_free,benign_fp
71,unrelated_incidents,veh_07-w04,Challenge_S::Pre_train_S_2.csv::556::test,Pre_train_S_2.csv,Challenge_S,veh_07,0,-1,0.6447811447811448,attack_free,benign_fp
71,unrelated_incidents,veh_07-w05,Challenge_S::Pre_train_S_2.csv::602::test,Pre_train_S_2.csv,Challenge_S,veh_07,0,-1,0.9208754208754208,attack_free,benign_fp
71,unrelated_incidents,veh_07-w06,OCSLab_Car::DoS_dataset.csv::283::test,DoS_dataset.csv,OCSLab_Car,veh_07,0,-1,0.8920016240357288,attack_free,benign_fp
71,unrelated_incidents,veh_07-w07,OCSLab_Car::Fuzzy_dataset.csv::191::test,Fuzzy_dataset.csv,OCSLab_Car,veh_07,0,-1,0.5631343889565571,attack_free,benign_fp
71,unrelated_incidents,veh_07-w08,OCSLab_Car::normal_run_data.txt::210::test,normal_run_data.txt,OCSLab_Car,veh_07,0,-1,0.9805115712545676,attack_free,benign_fp
71,unrelated_incidents,veh_07-w09,OCSLab_Car::normal_run_data.txt::196::test,normal_run_data.txt,OCSLab_Car,veh_07,0,-1,0.7685749086479903,attack_free,benign_fp
71,unrelated_incidents,veh_08-w00,OCSLab_Car::normal_run_data.txt::12::test,normal_run_data.txt,OCSLab_Car,veh_08,0,-1,0.8798213560698336,attack_free,benign_fp
71,unrelated_incidents,veh_08-w01,Challenge_S::Pre_train_S_1.csv::340::test,Pre_train_S_1.csv,Challenge_S,veh_08,0,-1,0.6746632996632996,attack_free,benign_fp
71,unrelated_incidents,veh_08-w02,Challenge_D::Pre_train_D_1.csv::73::test,Pre_train_D_1.csv,Challenge_D,veh_08,0,-1,0.6460437710437711,attack_free,benign_fp
71,unrelated_incidents,veh_08-w03,OCSLab_Car::Fuzzy_dataset.csv::363::test,Fuzzy_dataset.csv,OCSLab_Car,veh_08,0,-1,0.6293138449045879,attack_free,benign_fp
71,unrelated_incidents,veh_08-w04,Challenge_S::Pre_train_S_2.csv::581::test,Pre_train_S_2.csv,Challenge_S,veh_08,0,-1,0.8615319865319865,attack_free,benign_fp
71,unrelated_incidents,veh_08-w05,OCSLab_Car::normal_run_data.txt::343::test,normal_run_data.txt,OCSLab_Car,veh_08,0,-1,0.8461226146975234,attack_free,benign_fp
71,unrelated_incidents,veh_08-w06,OCSLab_Car::normal_run_data.txt::290::test,normal_run_data.txt,OCSLab_Car,veh_08,0,-1,0.95696305318717,attack_free,benign_fp
71,unrelated_incidents,veh_08-w07,Challenge_S::Pre_train_S_2.csv::533::test,Pre_train_S_2.csv,Challenge_S,veh_08,0,-1,0.6902356902356902,attack_free,benign_fp
71,unrelated_incidents,veh_08-w08,Challenge_S::Pre_train_S_2.csv::591::test,Pre_train_S_2.csv,Challenge_S,veh_08,0,-1,0.8623737373737373,attack_free,benign_fp
71,unrelated_incidents,veh_08-w09,Challenge_S::Pre_train_S_0.csv::196::test,Pre_train_S_0.csv,Challenge_S,veh_08,0,-1,0.5955387205387206,attack_free,benign_fp
71,unrelated_incidents,veh_09-w00,OCSLab_Car::normal_run_data.txt::235::test,normal_run_data.txt,OCSLab_Car,veh_09,0,-1,0.9671132764920828,attack_free,benign_fp
71,unrelated_incidents,veh_09-w01,OCSLab_Car::normal_run_data.txt::376::test,normal_run_data.txt,OCSLab_Car,veh_09,0,-1,0.976045473000406,attack_free,benign_fp
71,unrelated_incidents,veh_09-w02,Challenge_S::Pre_train_S_0.csv::89::test,Pre_train_S_0.csv,Challenge_S,veh_09,0,-1,0.9111952861952862,attack_free,benign_fp
71,unrelated_incidents,veh_09-w03,OCSLab_Car::normal_run_data.txt::477::test,normal_run_data.txt,OCSLab_Car,veh_09,0,-1,0.8834754364596021,attack_free,benign_fp
71,unrelated_incidents,veh_09-w04,Challenge_S::Pre_train_S_1.csv::785::test,Pre_train_S_1.csv,Challenge_S,veh_09,0,-1,0.7672558922558923,attack_free,benign_fp
71,unrelated_incidents,veh_09-w05,OCSLab_Car::Fuzzy_dataset.csv::531::test,Fuzzy_dataset.csv,OCSLab_Car,veh_09,0,-1,0.9894437677628908,attack_free,benign_fp
71,unrelated_incidents,veh_09-w06,OCSLab_Car::normal_run_data.txt::469::test,normal_run_data.txt,OCSLab_Car,veh_09,0,-1,0.7507105156313439,attack_free,benign_fp
71,unrelated_incidents,veh_09-w07,Challenge_S::Pre_train_S_1.csv::484::test,Pre_train_S_1.csv,Challenge_S,veh_09,0,-1,0.9023569023569024,attack_free,benign_fp
71,unrelated_incidents,veh_09-w08,OCSLab_Car::normal_run_data.txt::234::test,normal_run_data.txt,OCSLab_Car,veh_09,0,-1,0.9663012586276898,attack_free,benign_fp
71,unrelated_incidents,veh_09-w09,Challenge_D::Pre_train_D_0.csv::205::test,Pre_train_D_0.csv,Challenge_D,veh_09,0,-1,0.6199494949494949,attack_free,benign_fp
71,unrelated_incidents,veh_10-w00,OCSLab_Car::normal_run_data.txt::464::test,normal_run_data.txt,OCSLab_Car,veh_10,0,-1,0.8258221680876979,attack_free,benign_fp
71,unrelated_incidents,veh_10-w01,OCSLab_Car::Fuzzy_dataset.csv::244::test,Fuzzy_dataset.csv,OCSLab_Car,veh_10,0,-1,0.5980511571254568,attack_free,benign_fp
71,unrelated_incidents,veh_10-w02,Challenge_S::Pre_train_S_1.csv::419::test,Pre_train_S_1.csv,Challenge_S,veh_10,0,-1,0.922979797979798,attack_free,benign_fp
71,unrelated_incidents,veh_10-w03,OCSLab_Car::normal_run_data.txt::280::test,normal_run_data.txt,OCSLab_Car,veh_10,0,-1,0.997563946406821,attack_free,benign_fp
71,unrelated_incidents,veh_10-w04,Challenge_D::Pre_train_D_0.csv::218::test,Pre_train_D_0.csv,Challenge_D,veh_10,0,-1,0.8367003367003367,attack_free,benign_fp
71,unrelated_incidents,veh_10-w05,OCSLab_Car::normal_run_data.txt::720::test,normal_run_data.txt,OCSLab_Car,veh_10,0,-1,0.902557856272838,attack_free,benign_fp
71,unrelated_incidents,veh_10-w06,OCSLab_Car::normal_run_data.txt::192::test,normal_run_data.txt,OCSLab_Car,veh_10,0,-1,0.9646772228989038,attack_free,benign_fp
71,unrelated_incidents,veh_10-w07,OCSLab_Car::gear_dataset.csv::738::test,gear_dataset.csv,OCSLab_Car,veh_10,0,-1,0.7685749086479903,attack_free,benign_fp
71,unrelated_incidents,veh_10-w08,Challenge_S::Pre_train_S_0.csv::63::test,Pre_train_S_0.csv,Challenge_S,veh_10,0,-1,0.9217171717171716,attack_free,benign_fp
71,unrelated_incidents,veh_10-w09,OCSLab_Car::gear_dataset.csv::123::test,gear_dataset.csv,OCSLab_Car,veh_10,0,-1,0.6963053187170117,attack_free,benign_fp
71,unrelated_incidents,veh_11-w00,OCSLab_Car::gear_dataset.csv::126::test,gear_dataset.csv,OCSLab_Car,veh_11,0,-1,0.6861550954120991,attack_free,benign_fp
71,unrelated_incidents,veh_11-w01,OCSLab_Car::Fuzzy_dataset.csv::553::test,Fuzzy_dataset.csv,OCSLab_Car,veh_11,0,-1,0.6654486398700772,attack_free,benign_fp
71,unrelated_incidents,veh_11-w02,Challenge_S::Pre_train_S_2.csv::605::test,Pre_train_S_2.csv,Challenge_S,veh_11,0,-1,0.7777777777777778,attack_free,benign_fp
71,unrelated_incidents,veh_11-w03,Challenge_S::Pre_train_S_2.csv::758::test,Pre_train_S_2.csv,Challenge_S,veh_11,0,-1,0.6165824915824916,attack_free,benign_fp
71,unrelated_incidents,veh_11-w04,OCSLab_Car::RPM_dataset.csv::611::test,RPM_dataset.csv,OCSLab_Car,veh_11,0,-1,0.7815671944782785,attack_free,benign_fp
71,unrelated_incidents,veh_11-w05,OCSLab_Car::normal_run_data.txt::77::test,normal_run_data.txt,OCSLab_Car,veh_11,0,-1,0.9309784815265936,attack_free,benign_fp
71,unrelated_incidents,veh_11-w06,OCSLab_Car::normal_run_data.txt::177::test,normal_run_data.txt,OCSLab_Car,veh_11,0,-1,0.8656110434429557,attack_free,benign_fp
71,unrelated_incidents,veh_11-w07,OCSLab_Car::DoS_dataset.csv::392::test,DoS_dataset.csv,OCSLab_Car,veh_11,0,-1,0.7730410069021518,attack_free,benign_fp
71,unrelated_incidents,veh_11-w08,OCSLab_Car::gear_dataset.csv::736::test,gear_dataset.csv,OCSLab_Car,veh_11,0,-1,0.998375964271214,attack_free,benign_fp
71,unrelated_incidents,veh_11-w09,Challenge_D::Pre_train_D_2.csv::16::test,Pre_train_D_2.csv,Challenge_D,veh_11,0,-1,0.6456228956228957,attack_free,benign_fp
71,unrelated_incidents,veh_12-w00,Challenge_D::Pre_train_D_1.csv::45::test,Pre_train_D_1.csv,Challenge_D,veh_12,0,-1,0.914141414141414,attack_free,benign_fp
71,unrelated_incidents,veh_12-w01,OCSLab_Car::gear_dataset.csv::628::test,gear_dataset.csv,OCSLab_Car,veh_12,0,-1,0.6471782379212343,attack_free,benign_fp
71,unrelated_incidents,veh_12-w02,OCSLab_Car::RPM_dataset.csv::577::test,RPM_dataset.csv,OCSLab_Car,veh_12,0,-1,0.6914332115306536,attack_free,benign_fp
71,unrelated_incidents,veh_12-w03,OCSLab_Car::normal_run_data.txt::418::test,normal_run_data.txt,OCSLab_Car,veh_12,0,-1,0.9930978481526592,attack_free,benign_fp
71,unrelated_incidents,veh_12-w04,Challenge_D::Pre_train_D_0.csv::101::test,Pre_train_D_0.csv,Challenge_D,veh_12,0,-1,0.9764309764309764,attack_free,benign_fp
71,unrelated_incidents,veh_12-w05,Challenge_S::Pre_train_S_1.csv::763::test,Pre_train_S_1.csv,Challenge_S,veh_12,0,-1,0.5917508417508418,attack_free,benign_fp
71,unrelated_incidents,veh_12-w06,Challenge_D::Pre_train_D_0.csv::125::test,Pre_train_D_0.csv,Challenge_D,veh_12,0,-1,0.8682659932659933,attack_free,benign_fp
71,unrelated_incidents,veh_12-w07,Challenge_D::Pre_train_D_2.csv::584::test,Pre_train_D_2.csv,Challenge_D,veh_12,0,-1,0.9621212121212122,attack_free,benign_fp
71,unrelated_incidents,veh_12-w08,OCSLab_Car::normal_run_data.txt::133::test,normal_run_data.txt,OCSLab_Car,veh_12,0,-1,0.8883475436459602,attack_free,benign_fp
71,unrelated_incidents,veh_12-w09,OCSLab_Car::Fuzzy_dataset.csv::439::test,Fuzzy_dataset.csv,OCSLab_Car,veh_12,0,-1,0.6544863987007714,attack_free,benign_fp
71,unrelated_incidents,veh_13-w00,Challenge_S::Pre_train_S_2.csv::596::test,Pre_train_S_2.csv,Challenge_S,veh_13,0,-1,0.872895622895623,attack_free,benign_fp
71,unrelated_incidents,veh_13-w01,Challenge_S::Pre_train_S_1.csv::761::test,Pre_train_S_1.csv,Challenge_S,veh_13,0,-1,0.8804713804713805,attack_free,benign_fp
71,unrelated_incidents,veh_13-w02,Challenge_S::Pre_train_S_2.csv::1::test,Pre_train_S_2.csv,Challenge_S,veh_13,0,-1,0.9983164983164984,attack_free,benign_fp
71,unrelated_incidents,veh_13-w03,OCSLab_Car::RPM_dataset.csv::114::test,RPM_dataset.csv,OCSLab_Car,veh_13,0,-1,0.6743808363784003,attack_free,benign_fp
71,unrelated_incidents,veh_13-w04,Challenge_S::Pre_train_S_0.csv::188::test,Pre_train_S_0.csv,Challenge_S,veh_13,0,-1,0.7584175084175084,attack_free,benign_fp
71,unrelated_incidents,veh_13-w05,Challenge_S::Pre_train_S_2.csv::31::test,Pre_train_S_2.csv,Challenge_S,veh_13,0,-1,0.9621212121212122,attack_free,benign_fp
71,unrelated_incidents,veh_13-w06,Challenge_S::Pre_train_S_0.csv::78::test,Pre_train_S_0.csv,Challenge_S,veh_13,0,-1,0.8863636363636364,attack_free,benign_fp
71,unrelated_incidents,veh_13-w07,OCSLab_Car::gear_dataset.csv::592::test,gear_dataset.csv,OCSLab_Car,veh_13,0,-1,0.8010556232237109,attack_free,benign_fp
71,unrelated_incidents,veh_13-w08,Challenge_S::Pre_train_S_2.csv::552::test,Pre_train_S_2.csv,Challenge_S,veh_13,0,-1,0.6961279461279462,attack_free,benign_fp
71,unrelated_incidents,veh_13-w09,Challenge_D::Pre_train_D_2.csv::61::test,Pre_train_D_2.csv,Challenge_D,veh_13,0,-1,0.7192760942760943,attack_free,benign_fp
71,unrelated_incidents,veh_14-w00,Challenge_S::Pre_train_S_1.csv::772::test,Pre_train_S_1.csv,Challenge_S,veh_14,0,-1,0.6447811447811448,attack_free,benign_fp
71,unrelated_incidents,veh_14-w01,OCSLab_Car::normal_run_data.txt::406::test,normal_run_data.txt,OCSLab_Car,veh_14,0,-1,0.9565570442549736,attack_free,benign_fp
71,unrelated_incidents,veh_14-w02,OCSLab_Car::normal_run_data.txt::419::test,normal_run_data.txt,OCSLab_Car,veh_14,0,-1,0.9833536337799432,attack_free,benign_fp
71,unrelated_incidents,veh_14-w03,OCSLab_Car::normal_run_data.txt::403::test,normal_run_data.txt,OCSLab_Car,veh_14,0,-1,0.9114900527811612,attack_free,benign_fp
71,unrelated_incidents,veh_14-w04,OCSLab_Car::gear_dataset.csv::666::test,gear_dataset.csv,OCSLab_Car,veh_14,0,-1,0.7641088103938287,attack_free,benign_fp
71,unrelated_incidents,veh_14-w05,Challenge_S::Pre_train_S_2.csv::730::test,Pre_train_S_2.csv,Challenge_S,veh_14,0,-1,0.5580808080808081,attack_free,benign_fp
71,unrelated_incidents,veh_14-w06,Challenge_S::Pre_train_S_1.csv::569::test,Pre_train_S_1.csv,Challenge_S,veh_14,0,-1,0.9339225589225588,attack_free,benign_fp
71,unrelated_incidents,veh_14-w07,OCSLab_Car::normal_run_data.txt::767::test,normal_run_data.txt,OCSLab_Car,veh_14,0,-1,0.7507105156313439,attack_free,benign_fp
71,unrelated_incidents,veh_14-w08,Challenge_D::Pre_train_D_1.csv::1::test,Pre_train_D_1.csv,Challenge_D,veh_14,0,-1,0.7142255892255892,attack_free,benign_fp
71,unrelated_incidents,veh_14-w09,Challenge_D::Pre_train_D_0.csv::8::test,Pre_train_D_0.csv,Challenge_D,veh_14,0,-1,0.82996632996633,attack_free,benign_fp
71,unrelated_incidents,veh_15-w00,OCSLab_Car::normal_run_data.txt::581::test,normal_run_data.txt,OCSLab_Car,veh_15,0,-1,0.7718229801055623,attack_free,benign_fp
71,unrelated_incidents,veh_15-w01,OCSLab_Car::normal_run_data.txt::548::test,normal_run_data.txt,OCSLab_Car,veh_15,0,-1,0.6723507917174177,attack_free,benign_fp
71,unrelated_incidents,veh_15-w02,Challenge_D::Pre_train_D_1.csv::0::test,Pre_train_D_1.csv,Challenge_D,veh_15,0,-1,0.6321548821548821,attack_free,benign_fp
71,unrelated_incidents,veh_15-w03,OCSLab_Car::normal_run_data.txt::50::test,normal_run_data.txt,OCSLab_Car,veh_15,0,-1,0.998375964271214,attack_free,benign_fp
71,unrelated_incidents,veh_15-w04,Challenge_S::Pre_train_S_0.csv::77::test,Pre_train_S_0.csv,Challenge_S,veh_15,0,-1,0.6321548821548821,attack_free,benign_fp
71,unrelated_incidents,veh_15-w05,OCSLab_Car::gear_dataset.csv::660::test,gear_dataset.csv,OCSLab_Car,veh_15,0,-1,0.8676410881039383,attack_free,benign_fp
71,unrelated_incidents,veh_15-w06,OCSLab_Car::gear_dataset.csv::525::test,gear_dataset.csv,OCSLab_Car,veh_15,0,-1,0.5919610231425091,attack_free,benign_fp
71,unrelated_incidents,veh_15-w07,OCSLab_Car::normal_run_data.txt::580::test,normal_run_data.txt,OCSLab_Car,veh_15,0,-1,0.9484368656110436,attack_free,benign_fp
71,unrelated_incidents,veh_15-w08,Challenge_S::Pre_train_S_2.csv::576::test,Pre_train_S_2.csv,Challenge_S,veh_15,0,-1,0.7314814814814815,attack_free,benign_fp
71,unrelated_incidents,veh_15-w09,OCSLab_Car::normal_run_data.txt::246::test,normal_run_data.txt,OCSLab_Car,veh_15,0,-1,0.9598051157125456,attack_free,benign_fp
71,unrelated_incidents,veh_16-w00,OCSLab_Car::normal_run_data.txt::576::test,normal_run_data.txt,OCSLab_Car,veh_16,0,-1,0.7766950872919204,attack_free,benign_fp
71,unrelated_incidents,veh_16-w01,OCSLab_Car::gear_dataset.csv::311::test,gear_dataset.csv,OCSLab_Car,veh_16,0,-1,0.6293138449045879,attack_free,benign_fp
71,unrelated_incidents,veh_16-w02,OCSLab_Car::normal_run_data.txt::429::test,normal_run_data.txt,OCSLab_Car,veh_16,0,-1,0.9801055623223712,attack_free,benign_fp
71,unrelated_incidents,veh_16-w03,OCSLab_Car::gear_dataset.csv::583::test,gear_dataset.csv,OCSLab_Car,veh_16,0,-1,0.6954933008526187,attack_free,benign_fp
71,unrelated_incidents,veh_16-w04,OCSLab_Car::normal_run_data.txt::567::test,normal_run_data.txt,OCSLab_Car,veh_16,0,-1,0.7389362565976452,attack_free,benign_fp
71,unrelated_incidents,veh_16-w05,OCSLab_Car::DoS_dataset.csv::157::test,DoS_dataset.csv,OCSLab_Car,veh_16,0,-1,0.6443361753958587,attack_free,benign_fp
71,unrelated_incidents,veh_16-w06,OCSLab_Car::gear_dataset.csv::664::test,gear_dataset.csv,OCSLab_Car,veh_16,0,-1,0.8619569630531871,attack_free,benign_fp
71,unrelated_incidents,veh_16-w07,Challenge_S::Pre_train_S_1.csv::343::test,Pre_train_S_1.csv,Challenge_S,veh_16,0,-1,0.8089225589225589,attack_free,benign_fp
71,unrelated_incidents,veh_16-w08,OCSLab_Car::normal_run_data.txt::398::test,normal_run_data.txt,OCSLab_Car,veh_16,0,-1,0.955339017458384,attack_free,benign_fp
71,unrelated_incidents,veh_16-w09,Challenge_S::Pre_train_S_2.csv::746::test,Pre_train_S_2.csv,Challenge_S,veh_16,0,-1,0.6759259259259259,attack_free,benign_fp
71,unrelated_incidents,veh_17-w00,Challenge_D::Pre_train_D_0.csv::225::test,Pre_train_D_0.csv,Challenge_D,veh_17,0,-1,0.5673400673400674,attack_free,benign_fp
71,unrelated_incidents,veh_17-w01,Challenge_S::Pre_train_S_1.csv::781::test,Pre_train_S_1.csv,Challenge_S,veh_17,0,-1,0.7361111111111112,attack_free,benign_fp
71,unrelated_incidents,veh_17-w02,OCSLab_Car::normal_run_data.txt::682::test,normal_run_data.txt,OCSLab_Car,veh_17,0,-1,0.8233861144945189,attack_free,benign_fp
71,unrelated_incidents,veh_17-w03,Challenge_D::Pre_train_D_0.csv::24::test,Pre_train_D_0.csv,Challenge_D,veh_17,0,-1,0.7672558922558923,attack_free,benign_fp
71,unrelated_incidents,veh_17-w04,Challenge_D::Pre_train_D_0.csv::132::test,Pre_train_D_0.csv,Challenge_D,veh_17,0,-1,0.9806397306397306,attack_free,benign_fp
71,unrelated_incidents,veh_17-w05,OCSLab_Car::RPM_dataset.csv::578::test,RPM_dataset.csv,OCSLab_Car,veh_17,0,-1,0.5635403978887535,attack_free,benign_fp
71,unrelated_incidents,veh_17-w06,Challenge_S::Pre_train_S_1.csv::718::test,Pre_train_S_1.csv,Challenge_S,veh_17,0,-1,0.6734006734006734,attack_free,benign_fp
71,unrelated_incidents,veh_17-w07,Challenge_D::Pre_train_D_0.csv::159::test,Pre_train_D_0.csv,Challenge_D,veh_17,0,-1,0.8985690235690236,attack_free,benign_fp
71,unrelated_incidents,veh_17-w08,OCSLab_Car::normal_run_data.txt::237::test,normal_run_data.txt,OCSLab_Car,veh_17,0,-1,0.9390986601705238,attack_free,benign_fp
71,unrelated_incidents,veh_17-w09,Challenge_D::Pre_train_D_0.csv::232::test,Pre_train_D_0.csv,Challenge_D,veh_17,0,-1,0.9313973063973064,attack_free,benign_fp
71,unrelated_incidents,veh_18-w00,OCSLab_Car::DoS_dataset.csv::194::test,DoS_dataset.csv,OCSLab_Car,veh_18,0,-1,0.559886317498985,attack_free,benign_fp
71,unrelated_incidents,veh_18-w01,Challenge_S::Pre_train_S_2.csv::597::test,Pre_train_S_2.csv,Challenge_S,veh_18,0,-1,0.8097643097643098,attack_free,benign_fp
71,unrelated_incidents,veh_18-w02,OCSLab_Car::normal_run_data.txt::135::test,normal_run_data.txt,OCSLab_Car,veh_18,0,-1,0.9801055623223712,attack_free,benign_fp
71,unrelated_incidents,veh_18-w03,OCSLab_Car::normal_run_data.txt::162::test,normal_run_data.txt,OCSLab_Car,veh_18,0,-1,0.8201380430369468,attack_free,benign_fp
71,unrelated_incidents,veh_18-w04,OCSLab_Car::Fuzzy_dataset.csv::528::test,Fuzzy_dataset.csv,OCSLab_Car,veh_18,0,-1,0.8822574096630126,attack_free,benign_fp
71,unrelated_incidents,veh_18-w05,OCSLab_Car::normal_run_data.txt::130::test,normal_run_data.txt,OCSLab_Car,veh_18,0,-1,0.958587088915956,attack_free,benign_fp
71,unrelated_incidents,veh_18-w06,OCSLab_Car::gear_dataset.csv::611::test,gear_dataset.csv,OCSLab_Car,veh_18,0,-1,0.8587088915956151,attack_free,benign_fp
71,unrelated_incidents,veh_18-w07,OCSLab_Car::normal_run_data.txt::739::test,normal_run_data.txt,OCSLab_Car,veh_18,0,-1,0.9078359723913926,attack_free,benign_fp
71,unrelated_incidents,veh_18-w08,OCSLab_Car::gear_dataset.csv::626::test,gear_dataset.csv,OCSLab_Car,veh_18,0,-1,0.6276898091758019,attack_free,benign_fp
71,unrelated_incidents,veh_18-w09,OCSLab_Car::normal_run_data.txt::346::test,normal_run_data.txt,OCSLab_Car,veh_18,0,-1,0.907429963459196,attack_free,benign_fp
71,unrelated_incidents,veh_19-w00,Challenge_D::Pre_train_D_2.csv::120::test,Pre_train_D_2.csv,Challenge_D,veh_19,0,-1,0.734006734006734,attack_free,benign_fp
71,unrelated_incidents,veh_19-w01,Challenge_D::Pre_train_D_0.csv::235::test,Pre_train_D_0.csv,Challenge_D,veh_19,0,-1,0.7512626262626263,attack_free,benign_fp
71,unrelated_incidents,veh_19-w02,Challenge_D::Pre_train_D_0.csv::91::test,Pre_train_D_0.csv,Challenge_D,veh_19,0,-1,0.9621212121212122,attack_free,benign_fp
71,unrelated_incidents,veh_19-w03,OCSLab_Car::normal_run_data.txt::579::test,normal_run_data.txt,OCSLab_Car,veh_19,0,-1,0.8729192042224929,attack_free,benign_fp
71,unrelated_incidents,veh_19-w04,OCSLab_Car::normal_run_data.txt::542::test,normal_run_data.txt,OCSLab_Car,veh_19,0,-1,0.95696305318717,attack_free,benign_fp
71,unrelated_incidents,veh_19-w05,Challenge_S::Pre_train_S_0.csv::199::test,Pre_train_S_0.csv,Challenge_S,veh_19,0,-1,0.7428451178451179,attack_free,benign_fp
71,unrelated_incidents,veh_19-w06,OCSLab_Car::normal_run_data.txt::233::test,normal_run_data.txt,OCSLab_Car,veh_19,0,-1,0.9261063743402356,attack_free,benign_fp
71,unrelated_incidents,veh_19-w07,Challenge_D::Pre_train_D_2.csv::3::test,Pre_train_D_2.csv,Challenge_D,veh_19,0,-1,0.7643097643097643,attack_free,benign_fp
71,unrelated_incidents,veh_19-w08,OCSLab_Car::normal_run_data.txt::14::test,normal_run_data.txt,OCSLab_Car,veh_19,0,-1,0.8229801055623224,attack_free,benign_fp
71,unrelated_incidents,veh_19-w09,OCSLab_Car::gear_dataset.csv::304::test,gear_dataset.csv,OCSLab_Car,veh_19,0,-1,0.6488022736500203,attack_free,benign_fp
83,strong_campaign,veh_00-w00,Challenge_D::Pre_train_D_2.csv::505::test,Pre_train_D_2.csv,Challenge_D,veh_00,1,0,0.9444444444444444,spoofing,spoofing
83,strong_campaign,veh_00-w01,Challenge_S::Pre_train_S_2.csv::401::test,Pre_train_S_2.csv,Challenge_S,veh_00,1,0,0.9915824915824916,spoofing,spoofing
83,strong_campaign,veh_00-w02,Challenge_D::Pre_train_D_2.csv::536::test,Pre_train_D_2.csv,Challenge_D,veh_00,1,0,0.9642255892255892,spoofing,spoofing
83,strong_campaign,veh_00-w03,Challenge_S::Pre_train_S_2.csv::480::test,Pre_train_S_2.csv,Challenge_S,veh_00,1,0,0.9482323232323232,spoofing,spoofing
83,strong_campaign,veh_00-w04,Challenge_S::Pre_train_S_2.csv::350::test,Pre_train_S_2.csv,Challenge_S,veh_00,1,0,0.9865319865319864,spoofing,spoofing
83,strong_campaign,veh_00-w05,Challenge_D::Pre_train_D_1.csv::359::test,Pre_train_D_1.csv,Challenge_D,veh_00,1,0,0.901094276094276,spoofing,spoofing
83,strong_campaign,veh_00-w06,Challenge_D::Pre_train_D_2.csv::447::test,Pre_train_D_2.csv,Challenge_D,veh_00,1,0,0.9663299663299664,spoofing,spoofing
83,strong_campaign,veh_00-w07,Challenge_D::Pre_train_D_1.csv::481::test,Pre_train_D_1.csv,Challenge_D,veh_00,1,0,0.8034511784511784,spoofing,spoofing
83,strong_campaign,veh_00-w08,Challenge_D::Pre_train_D_2.csv::551::test,Pre_train_D_2.csv,Challenge_D,veh_00,1,0,0.8606902356902357,spoofing,spoofing
83,strong_campaign,veh_00-w09,Challenge_D::Pre_train_D_2.csv::466::test,Pre_train_D_2.csv,Challenge_D,veh_00,1,0,0.914141414141414,spoofing,spoofing
83,strong_campaign,veh_01-w00,Challenge_S::Pre_train_S_2.csv::478::test,Pre_train_S_2.csv,Challenge_S,veh_01,1,0,0.8762626262626263,spoofing,spoofing
83,strong_campaign,veh_01-w01,Challenge_D::Pre_train_D_2.csv::524::test,Pre_train_D_2.csv,Challenge_D,veh_01,1,0,0.906986531986532,spoofing,spoofing
83,strong_campaign,veh_01-w02,Challenge_S::Pre_train_S_2.csv::498::test,Pre_train_S_2.csv,Challenge_S,veh_01,1,0,0.9427609427609428,spoofing,spoofing
83,strong_campaign,veh_01-w03,Challenge_S::Pre_train_S_1.csv::552::test,Pre_train_S_1.csv,Challenge_S,veh_01,1,0,0.9343434343434344,spoofing,spoofing
83,strong_campaign,veh_01-w04,Challenge_S::Pre_train_S_2.csv::486::test,Pre_train_S_2.csv,Challenge_S,veh_01,1,0,0.8278619528619529,spoofing,spoofing
83,strong_campaign,veh_01-w05,Challenge_S::Pre_train_S_2.csv::300::test,Pre_train_S_2.csv,Challenge_S,veh_01,1,0,0.8712121212121212,spoofing,spoofing
83,strong_campaign,veh_01-w06,Challenge_S::Pre_train_S_2.csv::430::test,Pre_train_S_2.csv,Challenge_S,veh_01,1,0,0.86489898989899,spoofing,spoofing
83,strong_campaign,veh_01-w07,Challenge_D::Pre_train_D_2.csv::470::test,Pre_train_D_2.csv,Challenge_D,veh_01,1,0,0.9831649831649832,spoofing,spoofing
83,strong_campaign,veh_01-w08,Challenge_S::Pre_train_S_2.csv::530::test,Pre_train_S_2.csv,Challenge_S,veh_01,1,0,0.9865319865319864,spoofing,spoofing
83,strong_campaign,veh_01-w09,Challenge_D::Pre_train_D_2.csv::455::test,Pre_train_D_2.csv,Challenge_D,veh_01,1,0,0.941919191919192,spoofing,spoofing
83,strong_campaign,veh_02-w00,Challenge_S::Pre_train_S_2.csv::439::test,Pre_train_S_2.csv,Challenge_S,veh_02,1,0,0.8042929292929293,spoofing,spoofing
83,strong_campaign,veh_02-w01,Challenge_S::Pre_train_S_2.csv::390::test,Pre_train_S_2.csv,Challenge_S,veh_02,1,0,0.9019360269360268,spoofing,spoofing
83,strong_campaign,veh_02-w02,Challenge_D::Pre_train_D_2.csv::498::test,Pre_train_D_2.csv,Challenge_D,veh_02,1,0,0.8211279461279462,spoofing,spoofing
83,strong_campaign,veh_02-w03,Challenge_D::Pre_train_D_2.csv::332::test,Pre_train_D_2.csv,Challenge_D,veh_02,1,0,0.8573232323232324,spoofing,spoofing
83,strong_campaign,veh_02-w04,Challenge_S::Pre_train_S_2.csv::302::test,Pre_train_S_2.csv,Challenge_S,veh_02,1,0,0.9566498316498316,spoofing,spoofing
83,strong_campaign,veh_02-w05,Challenge_S::Pre_train_S_2.csv::527::test,Pre_train_S_2.csv,Challenge_S,veh_02,1,0,0.9271885521885522,spoofing,spoofing
83,strong_campaign,veh_02-w06,Challenge_D::Pre_train_D_2.csv::566::test,Pre_train_D_2.csv,Challenge_D,veh_02,1,0,0.877104377104377,spoofing,spoofing
83,strong_campaign,veh_02-w07,Challenge_D::Pre_train_D_2.csv::502::test,Pre_train_D_2.csv,Challenge_D,veh_02,1,0,0.8345959595959596,spoofing,spoofing
83,strong_campaign,veh_02-w08,Challenge_S::Pre_train_S_2.csv::364::test,Pre_train_S_2.csv,Challenge_S,veh_02,1,0,0.8821548821548821,spoofing,spoofing
83,strong_campaign,veh_02-w09,Challenge_S::Pre_train_S_2.csv::398::test,Pre_train_S_2.csv,Challenge_S,veh_02,1,0,0.9398148148148148,spoofing,spoofing
83,strong_campaign,veh_03-w00,Challenge_S::Pre_train_S_2.csv::522::test,Pre_train_S_2.csv,Challenge_S,veh_03,1,0,0.9743265993265994,spoofing,spoofing
83,strong_campaign,veh_03-w01,Challenge_S::Pre_train_S_2.csv::385::test,Pre_train_S_2.csv,Challenge_S,veh_03,1,0,0.8758417508417509,spoofing,spoofing
83,strong_campaign,veh_03-w02,Challenge_D::Pre_train_D_2.csv::550::test,Pre_train_D_2.csv,Challenge_D,veh_03,1,0,0.8968855218855218,spoofing,spoofing
83,strong_campaign,veh_03-w03,Challenge_S::Pre_train_S_2.csv::379::test,Pre_train_S_2.csv,Challenge_S,veh_03,1,0,0.8855218855218855,spoofing,spoofing
83,strong_campaign,veh_03-w04,Challenge_S::Pre_train_S_2.csv::526::test,Pre_train_S_2.csv,Challenge_S,veh_03,1,0,0.8177609427609428,spoofing,spoofing
83,strong_campaign,veh_03-w05,Challenge_S::Pre_train_S_1.csv::357::test,Pre_train_S_1.csv,Challenge_S,veh_03,1,0,0.8615319865319865,spoofing,spoofing
83,strong_campaign,veh_03-w06,Challenge_S::Pre_train_S_1.csv::341::test,Pre_train_S_1.csv,Challenge_S,veh_03,1,0,0.8261784511784511,spoofing,spoofing
83,strong_campaign,veh_03-w07,Challenge_S::Pre_train_S_1.csv::427::test,Pre_train_S_1.csv,Challenge_S,veh_03,1,0,0.8956228956228957,spoofing,spoofing
83,strong_campaign,veh_03-w08,Challenge_S::Pre_train_S_2.csv::414::test,Pre_train_S_2.csv,Challenge_S,veh_03,1,0,0.9385521885521886,spoofing,spoofing
83,strong_campaign,veh_03-w09,Challenge_S::Pre_train_S_2.csv::433::test,Pre_train_S_2.csv,Challenge_S,veh_03,1,0,0.8211279461279462,spoofing,spoofing
83,strong_campaign,veh_04-w00,Challenge_S::Pre_train_S_2.csv::491::test,Pre_train_S_2.csv,Challenge_S,veh_04,1,0,0.8686868686868687,spoofing,spoofing
83,strong_campaign,veh_04-w01,Challenge_S::Pre_train_S_2.csv::507::test,Pre_train_S_2.csv,Challenge_S,veh_04,1,0,0.8762626262626263,spoofing,spoofing
83,strong_campaign,veh_04-w02,Challenge_D::Pre_train_D_2.csv::341::test,Pre_train_D_2.csv,Challenge_D,veh_04,1,0,0.9225589225589226,spoofing,spoofing
83,strong_campaign,veh_04-w03,Challenge_S::Pre_train_S_1.csv::447::test,Pre_train_S_1.csv,Challenge_S,veh_04,1,0,0.9431818181818182,spoofing,spoofing
83,strong_campaign,veh_04-w04,Challenge_D::Pre_train_D_2.csv::516::test,Pre_train_D_2.csv,Challenge_D,veh_04,1,0,0.8127104377104377,spoofing,spoofing
83,strong_campaign,veh_04-w05,Challenge_D::Pre_train_D_2.csv::521::test,Pre_train_D_2.csv,Challenge_D,veh_04,1,0,0.9806397306397306,spoofing,spoofing
83,strong_campaign,veh_04-w06,Challenge_D::Pre_train_D_2.csv::438::test,Pre_train_D_2.csv,Challenge_D,veh_04,1,0,0.8324915824915825,spoofing,spoofing
83,strong_campaign,veh_04-w07,Challenge_S::Pre_train_S_2.csv::392::test,Pre_train_S_2.csv,Challenge_S,veh_04,1,0,0.906986531986532,spoofing,spoofing
83,strong_campaign,veh_04-w08,Challenge_S::Pre_train_S_2.csv::472::test,Pre_train_S_2.csv,Challenge_S,veh_04,1,0,0.8863636363636364,spoofing,spoofing
83,strong_campaign,veh_04-w09,Challenge_D::Pre_train_D_2.csv::446::test,Pre_train_D_2.csv,Challenge_D,veh_04,1,0,0.9398148148148148,spoofing,spoofing
83,strong_campaign,veh_05-w00,OCSLab_Car::DoS_dataset.csv::521::test,DoS_dataset.csv,OCSLab_Car,veh_05,0,-1,0.9995939910678034,attack_free,benign_fp
83,strong_campaign,veh_05-w01,OCSLab_Car::normal_run_data.txt::340::test,normal_run_data.txt,OCSLab_Car,veh_05,0,-1,0.934632561916362,attack_free,benign_fp
83,strong_campaign,veh_05-w02,OCSLab_Car::Fuzzy_dataset.csv::294::test,Fuzzy_dataset.csv,OCSLab_Car,veh_05,0,-1,0.5895249695493301,attack_free,benign_fp
83,strong_campaign,veh_05-w03,Challenge_D::Pre_train_D_2.csv::577::test,Pre_train_D_2.csv,Challenge_D,veh_05,0,-1,0.5867003367003367,attack_free,benign_fp
83,strong_campaign,veh_05-w04,Challenge_D::Pre_train_D_2.csv::701::test,Pre_train_D_2.csv,Challenge_D,veh_05,0,-1,0.8055555555555556,attack_free,benign_fp
83,strong_campaign,veh_05-w05,OCSLab_Car::gear_dataset.csv::556::test,gear_dataset.csv,OCSLab_Car,veh_05,0,-1,0.7681688997157937,attack_free,benign_fp
83,strong_campaign,veh_05-w06,Challenge_D::Pre_train_D_1.csv::51::test,Pre_train_D_1.csv,Challenge_D,veh_05,0,-1,0.5542929292929293,attack_free,benign_fp
83,strong_campaign,veh_05-w07,OCSLab_Car::normal_run_data.txt::680::test,normal_run_data.txt,OCSLab_Car,veh_05,0,-1,0.7101096224116931,attack_free,benign_fp
83,strong_campaign,veh_05-w08,OCSLab_Car::gear_dataset.csv::322::test,gear_dataset.csv,OCSLab_Car,veh_05,0,-1,0.6264717823792123,attack_free,benign_fp
83,strong_campaign,veh_05-w09,Challenge_S::Pre_train_S_2.csv::717::test,Pre_train_S_2.csv,Challenge_S,veh_05,0,-1,0.6982323232323232,attack_free,benign_fp
83,strong_campaign,veh_06-w00,Challenge_D::Pre_train_D_0.csv::132::test,Pre_train_D_0.csv,Challenge_D,veh_06,0,-1,0.9806397306397306,attack_free,benign_fp
83,strong_campaign,veh_06-w01,OCSLab_Car::gear_dataset.csv::167::test,gear_dataset.csv,OCSLab_Car,veh_06,0,-1,0.65814047909054,attack_free,benign_fp
83,strong_campaign,veh_06-w02,OCSLab_Car::normal_run_data.txt::623::test,normal_run_data.txt,OCSLab_Car,veh_06,0,-1,0.7685749086479903,attack_free,benign_fp
83,strong_campaign,veh_06-w03,OCSLab_Car::normal_run_data.txt::671::test,normal_run_data.txt,OCSLab_Car,veh_06,0,-1,0.7218838814453918,attack_free,benign_fp
83,strong_campaign,veh_06-w04,OCSLab_Car::gear_dataset.csv::590::test,gear_dataset.csv,OCSLab_Car,veh_06,0,-1,0.5619163621599675,attack_free,benign_fp
83,strong_campaign,veh_06-w05,OCSLab_Car::RPM_dataset.csv::624::test,RPM_dataset.csv,OCSLab_Car,veh_06,0,-1,0.5883069427527405,attack_free,benign_fp
83,strong_campaign,veh_06-w06,OCSLab_Car::normal_run_data.txt::384::test,normal_run_data.txt,OCSLab_Car,veh_06,0,-1,0.9508729192042225,attack_free,benign_fp
83,strong_campaign,veh_06-w07,OCSLab_Car::normal_run_data.txt::560::test,normal_run_data.txt,OCSLab_Car,veh_06,0,-1,0.95696305318717,attack_free,benign_fp
83,strong_campaign,veh_06-w08,Challenge_D::Pre_train_D_0.csv::198::test,Pre_train_D_0.csv,Challenge_D,veh_06,0,-1,0.7297979797979798,attack_free,benign_fp
83,strong_campaign,veh_06-w09,Challenge_D::Pre_train_D_1.csv::10::test,Pre_train_D_1.csv,Challenge_D,veh_06,0,-1,0.7487373737373737,attack_free,benign_fp
83,strong_campaign,veh_07-w00,OCSLab_Car::DoS_dataset.csv::157::test,DoS_dataset.csv,OCSLab_Car,veh_07,0,-1,0.6443361753958587,attack_free,benign_fp
83,strong_campaign,veh_07-w01,Challenge_D::Pre_train_D_2.csv::646::test,Pre_train_D_2.csv,Challenge_D,veh_07,0,-1,0.9074074074074074,attack_free,benign_fp
83,strong_campaign,veh_07-w02,Challenge_D::Pre_train_D_2.csv::85::test,Pre_train_D_2.csv,Challenge_D,veh_07,0,-1,0.8329124579124579,attack_free,benign_fp
83,strong_campaign,veh_07-w03,Challenge_D::Pre_train_D_2.csv::729::test,Pre_train_D_2.csv,Challenge_D,veh_07,0,-1,0.898989898989899,attack_free,benign_fp
83,strong_campaign,veh_07-w04,OCSLab_Car::normal_run_data.txt::578::test,normal_run_data.txt,OCSLab_Car,veh_07,0,-1,0.9801055623223712,attack_free,benign_fp
83,strong_campaign,veh_07-w05,OCSLab_Car::normal_run_data.txt::80::test,normal_run_data.txt,OCSLab_Car,veh_07,0,-1,0.8708891595615104,attack_free,benign_fp
83,strong_campaign,veh_07-w06,Challenge_D::Pre_train_D_2.csv::631::test,Pre_train_D_2.csv,Challenge_D,veh_07,0,-1,0.5787037037037037,attack_free,benign_fp
83,strong_campaign,veh_07-w07,Challenge_S::Pre_train_S_1.csv::756::test,Pre_train_S_1.csv,Challenge_S,veh_07,0,-1,0.7449494949494949,attack_free,benign_fp
83,strong_campaign,veh_07-w08,Challenge_S::Pre_train_S_1.csv::14::test,Pre_train_S_1.csv,Challenge_S,veh_07,0,-1,0.593013468013468,attack_free,benign_fp
83,strong_campaign,veh_07-w09,OCSLab_Car::gear_dataset.csv::540::test,gear_dataset.csv,OCSLab_Car,veh_07,0,-1,0.6439301664636622,attack_free,benign_fp
83,strong_campaign,veh_08-w00,OCSLab_Car::normal_run_data.txt::189::test,normal_run_data.txt,OCSLab_Car,veh_08,0,-1,0.8928136419001218,attack_free,benign_fp
83,strong_campaign,veh_08-w01,OCSLab_Car::normal_run_data.txt::209::test,normal_run_data.txt,OCSLab_Car,veh_08,0,-1,0.9650832318311002,attack_free,benign_fp
83,strong_campaign,veh_08-w02,Challenge_S::Pre_train_S_0.csv::40::test,Pre_train_S_0.csv,Challenge_S,veh_08,0,-1,0.9861111111111112,attack_free,benign_fp
83,strong_campaign,veh_08-w03,Challenge_S::Pre_train_S_2.csv::711::test,Pre_train_S_2.csv,Challenge_S,veh_08,0,-1,0.6540404040404041,attack_free,benign_fp
83,strong_campaign,veh_08-w04,Challenge_D::Pre_train_D_2.csv::623::test,Pre_train_D_2.csv,Challenge_D,veh_08,0,-1,0.7769360269360269,attack_free,benign_fp
83,strong_campaign,veh_08-w05,OCSLab_Car::normal_run_data.txt::396::test,normal_run_data.txt,OCSLab_Car,veh_08,0,-1,0.8388144539179861,attack_free,benign_fp
83,strong_campaign,veh_08-w06,OCSLab_Car::gear_dataset.csv::82::test,gear_dataset.csv,OCSLab_Car,veh_08,0,-1,0.5513601299228583,attack_free,benign_fp
83,strong_campaign,veh_08-w07,Challenge_D::Pre_train_D_2.csv::638::test,Pre_train_D_2.csv,Challenge_D,veh_08,0,-1,0.6199494949494949,attack_free,benign_fp
83,strong_campaign,veh_08-w08,OCSLab_Car::gear_dataset.csv::594::test,gear_dataset.csv,OCSLab_Car,veh_08,0,-1,0.586276898091758,attack_free,benign_fp
83,strong_campaign,veh_08-w09,OCSLab_Car::normal_run_data.txt::374::test,normal_run_data.txt,OCSLab_Car,veh_08,0,-1,0.853024766544864,attack_free,benign_fp
83,strong_campaign,veh_09-w00,OCSLab_Car::gear_dataset.csv::579::test,gear_dataset.csv,OCSLab_Car,veh_09,0,-1,0.8887535525781567,attack_free,benign_fp
83,strong_campaign,veh_09-w01,OCSLab_Car::normal_run_data.txt::235::test,normal_run_data.txt,OCSLab_Car,veh_09,0,-1,0.9671132764920828,attack_free,benign_fp
83,strong_campaign,veh_09-w02,Challenge_D::Pre_train_D_0.csv::241::test,Pre_train_D_0.csv,Challenge_D,veh_09,0,-1,0.9806397306397306,attack_free,benign_fp
83,strong_campaign,veh_09-w03,OCSLab_Car::normal_run_data.txt::426::test,normal_run_data.txt,OCSLab_Car,veh_09,0,-1,0.976857490864799,attack_free,benign_fp
83,strong_campaign,veh_09-w04,Challenge_S::Pre_train_S_2.csv::656::test,Pre_train_S_2.csv,Challenge_S,veh_09,0,-1,0.7218013468013468,attack_free,benign_fp
83,strong_campaign,veh_09-w05,Challenge_D::Pre_train_D_2.csv::311::test,Pre_train_D_2.csv,Challenge_D,veh_09,0,-1,0.696969696969697,attack_free,benign_fp
83,strong_campaign,veh_09-w06,OCSLab_Car::normal_run_data.txt::639::test,normal_run_data.txt,OCSLab_Car,veh_09,0,-1,0.9078359723913926,attack_free,benign_fp
83,strong_campaign,veh_09-w07,OCSLab_Car::normal_run_data.txt::239::test,normal_run_data.txt,OCSLab_Car,veh_09,0,-1,0.94884287454324,attack_free,benign_fp
83,strong_campaign,veh_09-w08,OCSLab_Car::RPM_dataset.csv::126::test,RPM_dataset.csv,OCSLab_Car,veh_09,0,-1,0.7226958993097848,attack_free,benign_fp
83,strong_campaign,veh_09-w09,Challenge_D::Pre_train_D_0.csv::288::test,Pre_train_D_0.csv,Challenge_D,veh_09,0,-1,0.5749158249158249,attack_free,benign_fp
83,strong_campaign,veh_10-w00,Challenge_S::Pre_train_S_2.csv::767::test,Pre_train_S_2.csv,Challenge_S,veh_10,0,-1,0.7058080808080808,attack_free,benign_fp
83,strong_campaign,veh_10-w01,OCSLab_Car::normal_run_data.txt::757::test,normal_run_data.txt,OCSLab_Car,veh_10,0,-1,0.5647584246853431,attack_free,benign_fp
83,strong_campaign,veh_10-w02,OCSLab_Car::gear_dataset.csv::327::test,gear_dataset.csv,OCSLab_Car,veh_10,0,-1,0.7409663012586277,attack_free,benign_fp
83,strong_campaign,veh_10-w03,OCSLab_Car::normal_run_data.txt::128::test,normal_run_data.txt,OCSLab_Car,veh_10,0,-1,0.955339017458384,attack_free,benign_fp
83,strong_campaign,veh_10-w04,Challenge_D::Pre_train_D_0.csv::117::test,Pre_train_D_0.csv,Challenge_D,veh_10,0,-1,0.9482323232323232,attack_free,benign_fp
83,strong_campaign,veh_10-w05,OCSLab_Car::Fuzzy_dataset.csv::249::test,Fuzzy_dataset.csv,OCSLab_Car,veh_10,0,-1,0.6873731222086886,attack_free,benign_fp
83,strong_campaign,veh_10-w06,OCSLab_Car::normal_run_data.txt::621::test,normal_run_data.txt,OCSLab_Car,veh_10,0,-1,0.832318311002842,attack_free,benign_fp
83,strong_campaign,veh_10-w07,Challenge_D::Pre_train_D_0.csv::250::test,Pre_train_D_0.csv,Challenge_D,veh_10,0,-1,0.7306397306397306,attack_free,benign_fp
83,strong_campaign,veh_10-w08,OCSLab_Car::gear_dataset.csv::758::test,gear_dataset.csv,OCSLab_Car,veh_10,0,-1,0.6682907023954527,attack_free,benign_fp
83,strong_campaign,veh_10-w09,Challenge_S::Pre_train_S_1.csv::759::test,Pre_train_S_1.csv,Challenge_S,veh_10,0,-1,0.8766835016835017,attack_free,benign_fp
83,strong_campaign,veh_11-w00,Challenge_S::Pre_train_S_2.csv::615::test,Pre_train_S_2.csv,Challenge_S,veh_11,0,-1,0.7516835016835017,attack_free,benign_fp
83,strong_campaign,veh_11-w01,OCSLab_Car::normal_run_data.txt::738::test,normal_run_data.txt,OCSLab_Car,veh_11,0,-1,0.8014616321559074,attack_free,benign_fp
83,strong_campaign,veh_11-w02,Challenge_S::Pre_train_S_0.csv::19::test,Pre_train_S_0.csv,Challenge_S,veh_11,0,-1,0.9221380471380471,attack_free,benign_fp
83,strong_campaign,veh_11-w03,Challenge_S::Pre_train_S_1.csv::23::test,Pre_train_S_1.csv,Challenge_S,veh_11,0,-1,0.827020202020202,attack_free,benign_fp
83,strong_campaign,veh_11-w04,OCSLab_Car::normal_run_data.txt::534::test,normal_run_data.txt,OCSLab_Car,veh_11,0,-1,0.925700365408039,attack_free,benign_fp
83,strong_campaign,veh_11-w05,OCSLab_Car::gear_dataset.csv::550::test,gear_dataset.csv,OCSLab_Car,veh_11,0,-1,0.7689809175801867,attack_free,benign_fp
83,strong_campaign,veh_11-w06,OCSLab_Car::gear_dataset.csv::123::test,gear_dataset.csv,OCSLab_Car,veh_11,0,-1,0.6963053187170117,attack_free,benign_fp
83,strong_campaign,veh_11-w07,OCSLab_Car::normal_run_data.txt::525::test,normal_run_data.txt,OCSLab_Car,veh_11,0,-1,0.8972797401542834,attack_free,benign_fp
83,strong_campaign,veh_11-w08,Challenge_S::Pre_train_S_0.csv::126::test,Pre_train_S_0.csv,Challenge_S,veh_11,0,-1,0.8295454545454546,attack_free,benign_fp
83,strong_campaign,veh_11-w09,Challenge_D::Pre_train_D_2.csv::643::test,Pre_train_D_2.csv,Challenge_D,veh_11,0,-1,0.9587542087542088,attack_free,benign_fp
83,strong_campaign,veh_12-w00,OCSLab_Car::normal_run_data.txt::692::test,normal_run_data.txt,OCSLab_Car,veh_12,0,-1,0.7669508729192043,attack_free,benign_fp
83,strong_campaign,veh_12-w01,OCSLab_Car::gear_dataset.csv::766::test,gear_dataset.csv,OCSLab_Car,veh_12,0,-1,0.7442143727161997,attack_free,benign_fp
83,strong_campaign,veh_12-w02,OCSLab_Car::normal_run_data.txt::102::test,normal_run_data.txt,OCSLab_Car,veh_12,0,-1,0.7799431587494925,attack_free,benign_fp
83,strong_campaign,veh_12-w03,Challenge_S::Pre_train_S_0.csv::277::test,Pre_train_S_0.csv,Challenge_S,veh_12,0,-1,0.970959595959596,attack_free,benign_fp
83,strong_campaign,veh_12-w04,OCSLab_Car::gear_dataset.csv::663::test,gear_dataset.csv,OCSLab_Car,veh_12,0,-1,0.920016240357288,attack_free,benign_fp
83,strong_campaign,veh_12-w05,OCSLab_Car::gear_dataset.csv::669::test,gear_dataset.csv,OCSLab_Car,veh_12,0,-1,0.7161997563946407,attack_free,benign_fp
83,strong_campaign,veh_12-w06,OCSLab_Car::normal_run_data.txt::730::test,normal_run_data.txt,OCSLab_Car,veh_12,0,-1,0.7040194884287454,attack_free,benign_fp
83,strong_campaign,veh_12-w07,Challenge_D::Pre_train_D_2.csv::100::test,Pre_train_D_2.csv,Challenge_D,veh_12,0,-1,0.9154040404040404,attack_free,benign_fp
83,strong_campaign,veh_12-w08,Challenge_D::Pre_train_D_0.csv::94::test,Pre_train_D_0.csv,Challenge_D,veh_12,0,-1,0.7289562289562289,attack_free,benign_fp
83,strong_campaign,veh_12-w09,Challenge_S::Pre_train_S_1.csv::757::test,Pre_train_S_1.csv,Challenge_S,veh_12,0,-1,0.6586700336700336,attack_free,benign_fp
83,strong_campaign,veh_13-w00,Challenge_S::Pre_train_S_1.csv::788::test,Pre_train_S_1.csv,Challenge_S,veh_13,0,-1,0.6296296296296297,attack_free,benign_fp
83,strong_campaign,veh_13-w01,OCSLab_Car::DoS_dataset.csv::128::test,DoS_dataset.csv,OCSLab_Car,veh_13,0,-1,0.9955339017458384,attack_free,benign_fp
83,strong_campaign,veh_13-w02,OCSLab_Car::normal_run_data.txt::162::test,normal_run_data.txt,OCSLab_Car,veh_13,0,-1,0.8201380430369468,attack_free,benign_fp
83,strong_campaign,veh_13-w03,OCSLab_Car::gear_dataset.csv::537::test,gear_dataset.csv,OCSLab_Car,veh_13,0,-1,0.758018676410881,attack_free,benign_fp
83,strong_campaign,veh_13-w04,OCSLab_Car::normal_run_data.txt::169::test,normal_run_data.txt,OCSLab_Car,veh_13,0,-1,0.8286642306130735,attack_free,benign_fp
83,strong_campaign,veh_13-w05,OCSLab_Car::normal_run_data.txt::389::test,normal_run_data.txt,OCSLab_Car,veh_13,0,-1,0.9910678034916768,attack_free,benign_fp
83,strong_campaign,veh_13-w06,OCSLab_Car::normal_run_data.txt::571::test,normal_run_data.txt,OCSLab_Car,veh_13,0,-1,0.903369874137231,attack_free,benign_fp
83,strong_campaign,veh_13-w07,OCSLab_Car::normal_run_data.txt::619::test,normal_run_data.txt,OCSLab_Car,veh_13,0,-1,0.7949654892407633,attack_free,benign_fp
83,strong_campaign,veh_13-w08,OCSLab_Car::normal_run_data.txt::197::test,normal_run_data.txt,OCSLab_Car,veh_13,0,-1,0.8940316686967114,attack_free,benign_fp
83,strong_campaign,veh_13-w09,OCSLab_Car::RPM_dataset.csv::577::test,RPM_dataset.csv,OCSLab_Car,veh_13,0,-1,0.6914332115306536,attack_free,benign_fp
83,strong_campaign,veh_14-w00,OCSLab_Car::DoS_dataset.csv::542::test,DoS_dataset.csv,OCSLab_Car,veh_14,0,-1,0.976045473000406,attack_free,benign_fp
83,strong_campaign,veh_14-w01,OCSLab_Car::normal_run_data.txt::485::test,normal_run_data.txt,OCSLab_Car,veh_14,0,-1,0.9618351603735282,attack_free,benign_fp
83,strong_campaign,veh_14-w02,OCSLab_Car::normal_run_data.txt::50::test,normal_run_data.txt,OCSLab_Car,veh_14,0,-1,0.998375964271214,attack_free,benign_fp
83,strong_campaign,veh_14-w03,Challenge_D::Pre_train_D_1.csv::324::test,Pre_train_D_1.csv,Challenge_D,veh_14,0,-1,0.8076599326599326,attack_free,benign_fp
83,strong_campaign,veh_14-w04,Challenge_D::Pre_train_D_0.csv::113::test,Pre_train_D_0.csv,Challenge_D,veh_14,0,-1,0.9137205387205388,attack_free,benign_fp
83,strong_campaign,veh_14-w05,Challenge_D::Pre_train_D_2.csv::671::test,Pre_train_D_2.csv,Challenge_D,veh_14,0,-1,0.7908249158249159,attack_free,benign_fp
83,strong_campaign,veh_14-w06,OCSLab_Car::normal_run_data.txt::161::test,normal_run_data.txt,OCSLab_Car,veh_14,0,-1,0.7015834348355664,attack_free,benign_fp
83,strong_campaign,veh_14-w07,Challenge_S::Pre_train_S_1.csv::469::test,Pre_train_S_1.csv,Challenge_S,veh_14,0,-1,0.5883838383838383,attack_free,benign_fp
83,strong_campaign,veh_14-w08,Challenge_D::Pre_train_D_0.csv::108::test,Pre_train_D_0.csv,Challenge_D,veh_14,0,-1,0.6830808080808081,attack_free,benign_fp
83,strong_campaign,veh_14-w09,Challenge_D::Pre_train_D_2.csv::54::test,Pre_train_D_2.csv,Challenge_D,veh_14,0,-1,0.976010101010101,attack_free,benign_fp
83,strong_campaign,veh_15-w00,OCSLab_Car::normal_run_data.txt::481::test,normal_run_data.txt,OCSLab_Car,veh_15,0,-1,0.8172959805115713,attack_free,benign_fp
83,strong_campaign,veh_15-w01,OCSLab_Car::normal_run_data.txt::21::test,normal_run_data.txt,OCSLab_Car,veh_15,0,-1,0.6865611043442956,attack_free,benign_fp
83,strong_campaign,veh_15-w02,OCSLab_Car::normal_run_data.txt::60::test,normal_run_data.txt,OCSLab_Car,veh_15,0,-1,0.7974015428339424,attack_free,benign_fp
83,strong_campaign,veh_15-w03,OCSLab_Car::normal_run_data.txt::771::test,normal_run_data.txt,OCSLab_Car,veh_15,0,-1,0.5943970767356882,attack_free,benign_fp
83,strong_campaign,veh_15-w04,Challenge_D::Pre_train_D_0.csv::291::test,Pre_train_D_0.csv,Challenge_D,veh_15,0,-1,0.7302188552188552,attack_free,benign_fp
83,strong_campaign,veh_15-w05,OCSLab_Car::gear_dataset.csv::748::test,gear_dataset.csv,OCSLab_Car,veh_15,0,-1,0.6447421843280552,attack_free,benign_fp
83,strong_campaign,veh_15-w06,OCSLab_Car::gear_dataset.csv::655::test,gear_dataset.csv,OCSLab_Car,veh_15,0,-1,0.8676410881039383,attack_free,benign_fp
83,strong_campaign,veh_15-w07,Challenge_S::Pre_train_S_2.csv::646::test,Pre_train_S_2.csv,Challenge_S,veh_15,0,-1,0.8552188552188552,attack_free,benign_fp
83,strong_campaign,veh_15-w08,OCSLab_Car::normal_run_data.txt::362::test,normal_run_data.txt,OCSLab_Car,veh_15,0,-1,0.9577750710515632,attack_free,benign_fp
83,strong_campaign,veh_15-w09,Challenge_D::Pre_train_D_1.csv::83::test,Pre_train_D_1.csv,Challenge_D,veh_15,0,-1,0.7777777777777778,attack_free,benign_fp
83,strong_campaign,veh_16-w00,Challenge_S::Pre_train_S_0.csv::53::test,Pre_train_S_0.csv,Challenge_S,veh_16,0,-1,0.5627104377104377,attack_free,benign_fp
83,strong_campaign,veh_16-w01,OCSLab_Car::normal_run_data.txt::785::test,normal_run_data.txt,OCSLab_Car,veh_16,0,-1,0.5757206658546488,attack_free,benign_fp
83,strong_campaign,veh_16-w02,OCSLab_Car::RPM_dataset.csv::616::test,RPM_dataset.csv,OCSLab_Car,veh_16,0,-1,0.6760048721071864,attack_free,benign_fp
83,strong_campaign,veh_16-w03,OCSLab_Car::RPM_dataset.csv::103::test,RPM_dataset.csv,OCSLab_Car,veh_16,0,-1,0.5529841656516443,attack_free,benign_fp
83,strong_campaign,veh_16-w04,OCSLab_Car::normal_run_data.txt::675::test,normal_run_data.txt,OCSLab_Car,veh_16,0,-1,0.5899309784815266,attack_free,benign_fp
83,strong_campaign,veh_16-w05,Challenge_D::Pre_train_D_0.csv::181::test,Pre_train_D_0.csv,Challenge_D,veh_16,0,-1,0.928030303030303,attack_free,benign_fp
83,strong_campaign,veh_16-w06,OCSLab_Car::normal_run_data.txt::533::test,normal_run_data.txt,OCSLab_Car,veh_16,0,-1,0.8335363377994316,attack_free,benign_fp
83,strong_campaign,veh_16-w07,Challenge_S::Pre_train_S_2.csv::688::test,Pre_train_S_2.csv,Challenge_S,veh_16,0,-1,0.688973063973064,attack_free,benign_fp
83,strong_campaign,veh_16-w08,OCSLab_Car::normal_run_data.txt::616::test,normal_run_data.txt,OCSLab_Car,veh_16,0,-1,0.8757612667478685,attack_free,benign_fp
83,strong_campaign,veh_16-w09,OCSLab_Car::normal_run_data.txt::196::test,normal_run_data.txt,OCSLab_Car,veh_16,0,-1,0.7685749086479903,attack_free,benign_fp
83,strong_campaign,veh_17-w00,OCSLab_Car::RPM_dataset.csv::105::test,RPM_dataset.csv,OCSLab_Car,veh_17,0,-1,0.5797807551766139,attack_free,benign_fp
83,strong_campaign,veh_17-w01,Challenge_S::Pre_train_S_2.csv::13::test,Pre_train_S_2.csv,Challenge_S,veh_17,0,-1,0.9494949494949496,attack_free,benign_fp
83,strong_campaign,veh_17-w02,OCSLab_Car::normal_run_data.txt::95::test,normal_run_data.txt,OCSLab_Car,veh_17,0,-1,0.853024766544864,attack_free,benign_fp
83,strong_campaign,veh_17-w03,OCSLab_Car::gear_dataset.csv::527::test,gear_dataset.csv,OCSLab_Car,veh_17,0,-1,0.6138855054811205,attack_free,benign_fp
83,strong_campaign,veh_17-w04,OCSLab_Car::RPM_dataset.csv::160::test,RPM_dataset.csv,OCSLab_Car,veh_17,0,-1,0.6780349167681688,attack_free,benign_fp
83,strong_campaign,veh_17-w05,OCSLab_Car::Fuzzy_dataset.csv::357::test,Fuzzy_dataset.csv,OCSLab_Car,veh_17,0,-1,0.9910678034916768,attack_free,benign_fp
83,strong_campaign,veh_17-w06,OCSLab_Car::gear_dataset.csv::155::test,gear_dataset.csv,OCSLab_Car,veh_17,0,-1,0.5866829070239545,attack_free,benign_fp
83,strong_campaign,veh_17-w07,Challenge_S::Pre_train_S_2.csv::779::test,Pre_train_S_2.csv,Challenge_S,veh_17,0,-1,0.6881313131313131,attack_free,benign_fp
83,strong_campaign,veh_17-w08,OCSLab_Car::DoS_dataset.csv::522::test,DoS_dataset.csv,OCSLab_Car,veh_17,0,-1,0.8412505075111653,attack_free,benign_fp
83,strong_campaign,veh_17-w09,OCSLab_Car::gear_dataset.csv::316::test,gear_dataset.csv,OCSLab_Car,veh_17,0,-1,0.7206658546488023,attack_free,benign_fp
83,strong_campaign,veh_18-w00,Challenge_S::Pre_train_S_2.csv::633::test,Pre_train_S_2.csv,Challenge_S,veh_18,0,-1,0.6611952861952862,attack_free,benign_fp
83,strong_campaign,veh_18-w01,Challenge_S::Pre_train_S_0.csv::182::test,Pre_train_S_0.csv,Challenge_S,veh_18,0,-1,0.9284511784511784,attack_free,benign_fp
83,strong_campaign,veh_18-w02,Challenge_D::Pre_train_D_0.csv::24::test,Pre_train_D_0.csv,Challenge_D,veh_18,0,-1,0.7672558922558923,attack_free,benign_fp
83,strong_campaign,veh_18-w03,OCSLab_Car::normal_run_data.txt::511::test,normal_run_data.txt,OCSLab_Car,veh_18,0,-1,0.8359723913926106,attack_free,benign_fp
83,strong_campaign,veh_18-w04,OCSLab_Car::normal_run_data.txt::564::test,normal_run_data.txt,OCSLab_Car,veh_18,0,-1,0.8684531059683313,attack_free,benign_fp
83,strong_campaign,veh_18-w05,OCSLab_Car::normal_run_data.txt::270::test,normal_run_data.txt,OCSLab_Car,veh_18,0,-1,0.9638652050345108,attack_free,benign_fp
83,strong_campaign,veh_18-w06,Challenge_S::Pre_train_S_2.csv::739::test,Pre_train_S_2.csv,Challenge_S,veh_18,0,-1,0.6767676767676768,attack_free,benign_fp
83,strong_campaign,veh_18-w07,OCSLab_Car::normal_run_data.txt::647::test,normal_run_data.txt,OCSLab_Car,veh_18,0,-1,0.7454323995127893,attack_free,benign_fp
83,strong_campaign,veh_18-w08,OCSLab_Car::normal_run_data.txt::307::test,normal_run_data.txt,OCSLab_Car,veh_18,0,-1,0.9171741778319124,attack_free,benign_fp
83,strong_campaign,veh_18-w09,OCSLab_Car::gear_dataset.csv::126::test,gear_dataset.csv,OCSLab_Car,veh_18,0,-1,0.6861550954120991,attack_free,benign_fp
83,strong_campaign,veh_19-w00,OCSLab_Car::normal_run_data.txt::64::test,normal_run_data.txt,OCSLab_Car,veh_19,0,-1,0.9801055623223712,attack_free,benign_fp
83,strong_campaign,veh_19-w01,Challenge_S::Pre_train_S_1.csv::771::test,Pre_train_S_1.csv,Challenge_S,veh_19,0,-1,0.8964646464646465,attack_free,benign_fp
83,strong_campaign,veh_19-w02,Challenge_S::Pre_train_S_0.csv::183::test,Pre_train_S_0.csv,Challenge_S,veh_19,0,-1,0.8021885521885522,attack_free,benign_fp
83,strong_campaign,veh_19-w03,Challenge_S::Pre_train_S_2.csv::715::test,Pre_train_S_2.csv,Challenge_S,veh_19,0,-1,0.5555555555555556,attack_free,benign_fp
83,strong_campaign,veh_19-w04,Challenge_D::Pre_train_D_0.csv::90::test,Pre_train_D_0.csv,Challenge_D,veh_19,0,-1,0.8686868686868687,attack_free,benign_fp
83,strong_campaign,veh_19-w05,Challenge_D::Pre_train_D_2.csv::593::test,Pre_train_D_2.csv,Challenge_D,veh_19,0,-1,0.9612794612794612,attack_free,benign_fp
83,strong_campaign,veh_19-w06,OCSLab_Car::normal_run_data.txt::468::test,normal_run_data.txt,OCSLab_Car,veh_19,0,-1,0.9423467316280958,attack_free,benign_fp
83,strong_campaign,veh_19-w07,OCSLab_Car::Fuzzy_dataset.csv::253::test,Fuzzy_dataset.csv,OCSLab_Car,veh_19,0,-1,0.5696305318717012,attack_free,benign_fp
83,strong_campaign,veh_19-w08,OCSLab_Car::normal_run_data.txt::618::test,normal_run_data.txt,OCSLab_Car,veh_19,0,-1,0.758018676410881,attack_free,benign_fp
83,strong_campaign,veh_19-w09,Challenge_S::Pre_train_S_1.csv::551::test,Pre_train_S_1.csv,Challenge_S,veh_19,0,-1,0.7861952861952862,attack_free,benign_fp
83,weak_campaign,veh_00-w00,Challenge_S::Pre_train_S_2.csv::325::test,Pre_train_S_2.csv,Challenge_S,veh_00,1,0,0.7807239057239057,spoofing,spoofing
83,weak_campaign,veh_00-w01,Challenge_S::Pre_train_S_1.csv::468::test,Pre_train_S_1.csv,Challenge_S,veh_00,1,0,0.7028619528619529,spoofing,spoofing
83,weak_campaign,veh_00-w02,Challenge_D::Pre_train_D_2.csv::482::test,Pre_train_D_2.csv,Challenge_D,veh_00,1,0,0.7992424242424242,spoofing,spoofing
83,weak_campaign,veh_00-w03,Challenge_D::Pre_train_D_2.csv::346::test,Pre_train_D_2.csv,Challenge_D,veh_00,1,0,0.7756734006734006,spoofing,spoofing
83,weak_campaign,veh_00-w04,Challenge_D::Pre_train_D_2.csv::331::test,Pre_train_D_2.csv,Challenge_D,veh_00,1,0,0.585016835016835,spoofing,spoofing
83,weak_campaign,veh_00-w05,Challenge_S::Pre_train_S_2.csv::514::test,Pre_train_S_2.csv,Challenge_S,veh_00,1,0,0.6759259259259259,spoofing,spoofing
83,weak_campaign,veh_00-w06,Challenge_D::Pre_train_D_2.csv::409::test,Pre_train_D_2.csv,Challenge_D,veh_00,1,0,0.5862794612794613,spoofing,spoofing
83,weak_campaign,veh_00-w07,Challenge_S::Pre_train_S_1.csv::496::test,Pre_train_S_1.csv,Challenge_S,veh_00,1,0,0.7255892255892256,spoofing,spoofing
83,weak_campaign,veh_00-w08,Challenge_D::Pre_train_D_1.csv::393::test,Pre_train_D_1.csv,Challenge_D,veh_00,1,0,0.5858585858585859,spoofing,spoofing
83,weak_campaign,veh_00-w09,Challenge_D::Pre_train_D_1.csv::522::test,Pre_train_D_1.csv,Challenge_D,veh_00,1,0,0.6102693602693603,spoofing,spoofing
83,weak_campaign,veh_01-w00,Challenge_S::Pre_train_S_2.csv::332::test,Pre_train_S_2.csv,Challenge_S,veh_01,1,0,0.686026936026936,spoofing,spoofing
83,weak_campaign,veh_01-w01,Challenge_D::Pre_train_D_2.csv::417::test,Pre_train_D_2.csv,Challenge_D,veh_01,1,0,0.6325757575757576,spoofing,spoofing
83,weak_campaign,veh_01-w02,Challenge_S::Pre_train_S_2.csv::436::test,Pre_train_S_2.csv,Challenge_S,veh_01,1,0,0.6586700336700336,spoofing,spoofing
83,weak_campaign,veh_01-w03,Challenge_D::Pre_train_D_1.csv::382::test,Pre_train_D_1.csv,Challenge_D,veh_01,1,0,0.7647306397306397,spoofing,spoofing
83,weak_campaign,veh_01-w04,Challenge_D::Pre_train_D_1.csv::587::test,Pre_train_D_1.csv,Challenge_D,veh_01,1,0,0.5513468013468014,spoofing,spoofing
83,weak_campaign,veh_01-w05,Challenge_S::Pre_train_S_2.csv::381::test,Pre_train_S_2.csv,Challenge_S,veh_01,1,0,0.6161616161616161,spoofing,spoofing
83,weak_campaign,veh_01-w06,Challenge_D::Pre_train_D_1.csv::309::test,Pre_train_D_1.csv,Challenge_D,veh_01,1,0,0.6498316498316499,spoofing,spoofing
83,weak_campaign,veh_01-w07,Challenge_S::Pre_train_S_1.csv::361::test,Pre_train_S_1.csv,Challenge_S,veh_01,1,0,0.7167508417508418,spoofing,spoofing
83,weak_campaign,veh_01-w08,Challenge_S::Pre_train_S_2.csv::368::test,Pre_train_S_2.csv,Challenge_S,veh_01,1,0,0.6868686868686869,spoofing,spoofing
83,weak_campaign,veh_01-w09,Challenge_S::Pre_train_S_2.csv::394::test,Pre_train_S_2.csv,Challenge_S,veh_01,1,0,0.7609427609427609,spoofing,spoofing
83,weak_campaign,veh_02-w00,Challenge_D::Pre_train_D_1.csv::455::test,Pre_train_D_1.csv,Challenge_D,veh_02,1,0,0.7777777777777778,spoofing,spoofing
83,weak_campaign,veh_02-w01,Challenge_D::Pre_train_D_2.csv::507::test,Pre_train_D_2.csv,Challenge_D,veh_02,1,0,0.6763468013468014,spoofing,spoofing
83,weak_campaign,veh_02-w02,Challenge_D::Pre_train_D_2.csv::561::test,Pre_train_D_2.csv,Challenge_D,veh_02,1,0,0.6498316498316499,spoofing,spoofing
83,weak_campaign,veh_02-w03,Challenge_D::Pre_train_D_1.csv::528::test,Pre_train_D_1.csv,Challenge_D,veh_02,1,0,0.7352693602693603,spoofing,spoofing
83,weak_campaign,veh_02-w04,Challenge_D::Pre_train_D_2.csv::402::test,Pre_train_D_2.csv,Challenge_D,veh_02,1,0,0.5744949494949495,spoofing,spoofing
83,weak_campaign,veh_02-w05,Challenge_S::Pre_train_S_2.csv::353::test,Pre_train_S_2.csv,Challenge_S,veh_02,1,0,0.6725589225589226,spoofing,spoofing
83,weak_campaign,veh_02-w06,Challenge_D::Pre_train_D_1.csv::558::test,Pre_train_D_1.csv,Challenge_D,veh_02,1,0,0.696969696969697,spoofing,spoofing
83,weak_campaign,veh_02-w07,Challenge_D::Pre_train_D_1.csv::376::test,Pre_train_D_1.csv,Challenge_D,veh_02,1,0,0.7087542087542088,spoofing,spoofing
83,weak_campaign,veh_02-w08,Challenge_S::Pre_train_S_1.csv::531::test,Pre_train_S_1.csv,Challenge_S,veh_02,1,0,0.5808080808080808,spoofing,spoofing
83,weak_campaign,veh_02-w09,Challenge_S::Pre_train_S_1.csv::444::test,Pre_train_S_1.csv,Challenge_S,veh_02,1,0,0.7255892255892256,spoofing,spoofing
83,weak_campaign,veh_03-w00,Challenge_D::Pre_train_D_1.csv::579::test,Pre_train_D_1.csv,Challenge_D,veh_03,1,0,0.6136363636363636,spoofing,spoofing
83,weak_campaign,veh_03-w01,Challenge_D::Pre_train_D_2.csv::571::test,Pre_train_D_2.csv,Challenge_D,veh_03,1,0,0.7264309764309764,spoofing,spoofing
83,weak_campaign,veh_03-w02,Challenge_S::Pre_train_S_1.csv::321::test,Pre_train_S_1.csv,Challenge_S,veh_03,1,0,0.6018518518518519,spoofing,spoofing
83,weak_campaign,veh_03-w03,Challenge_D::Pre_train_D_2.csv::434::test,Pre_train_D_2.csv,Challenge_D,veh_03,1,0,0.6119528619528619,spoofing,spoofing
83,weak_campaign,veh_03-w04,Challenge_D::Pre_train_D_1.csv::490::test,Pre_train_D_1.csv,Challenge_D,veh_03,1,0,0.7592592592592593,spoofing,spoofing
83,weak_campaign,veh_03-w05,Challenge_S::Pre_train_S_2.csv::495::test,Pre_train_S_2.csv,Challenge_S,veh_03,1,0,0.7605218855218855,spoofing,spoofing
83,weak_campaign,veh_03-w06,Challenge_S::Pre_train_S_2.csv::501::test,Pre_train_S_2.csv,Challenge_S,veh_03,1,0,0.6948653198653199,spoofing,spoofing
83,weak_campaign,veh_03-w07,Challenge_S::Pre_train_S_1.csv::423::test,Pre_train_S_1.csv,Challenge_S,veh_03,1,0,0.5946969696969697,spoofing,spoofing
83,weak_campaign,veh_03-w08,Challenge_D::Pre_train_D_1.csv::548::test,Pre_train_D_1.csv,Challenge_D,veh_03,1,0,0.5858585858585859,spoofing,spoofing
83,weak_campaign,veh_03-w09,Challenge_S::Pre_train_S_2.csv::444::test,Pre_train_S_2.csv,Challenge_S,veh_03,1,0,0.6527777777777778,spoofing,spoofing
83,weak_campaign,veh_04-w00,Challenge_D::Pre_train_D_1.csv::394::test,Pre_train_D_1.csv,Challenge_D,veh_04,1,0,0.6254208754208754,spoofing,spoofing
83,weak_campaign,veh_04-w01,Challenge_S::Pre_train_S_1.csv::572::test,Pre_train_S_1.csv,Challenge_S,veh_04,1,0,0.734006734006734,spoofing,spoofing
83,weak_campaign,veh_04-w02,Challenge_D::Pre_train_D_1.csv::385::test,Pre_train_D_1.csv,Challenge_D,veh_04,1,0,0.6990740740740741,spoofing,spoofing
83,weak_campaign,veh_04-w03,Challenge_S::Pre_train_S_2.csv::464::test,Pre_train_S_2.csv,Challenge_S,veh_04,1,0,0.6565656565656566,spoofing,spoofing
83,weak_campaign,veh_04-w04,Challenge_S::Pre_train_S_1.csv::534::test,Pre_train_S_1.csv,Challenge_S,veh_04,1,0,0.6565656565656566,spoofing,spoofing
83,weak_campaign,veh_04-w05,Challenge_D::Pre_train_D_2.csv::334::test,Pre_train_D_2.csv,Challenge_D,veh_04,1,0,0.75,spoofing,spoofing
83,weak_campaign,veh_04-w06,Challenge_S::Pre_train_S_2.csv::349::test,Pre_train_S_2.csv,Challenge_S,veh_04,1,0,0.6801346801346801,spoofing,spoofing
83,weak_campaign,veh_04-w07,Challenge_S::Pre_train_S_2.csv::397::test,Pre_train_S_2.csv,Challenge_S,veh_04,1,0,0.7184343434343434,spoofing,spoofing
83,weak_campaign,veh_04-w08,Challenge_D::Pre_train_D_2.csv::390::test,Pre_train_D_2.csv,Challenge_D,veh_04,1,0,0.7609427609427609,spoofing,spoofing
83,weak_campaign,veh_04-w09,Challenge_D::Pre_train_D_2.csv::364::test,Pre_train_D_2.csv,Challenge_D,veh_04,1,0,0.6195286195286195,spoofing,spoofing
83,weak_campaign,veh_05-w00,OCSLab_Car::normal_run_data.txt::9::test,normal_run_data.txt,OCSLab_Car,veh_05,0,-1,0.757206658546488,attack_free,benign_fp
83,weak_campaign,veh_05-w01,OCSLab_Car::normal_run_data.txt::13::test,normal_run_data.txt,OCSLab_Car,veh_05,0,-1,0.8136419001218027,attack_free,benign_fp
83,weak_campaign,veh_05-w02,Challenge_D::Pre_train_D_0.csv::83::test,Pre_train_D_0.csv,Challenge_D,veh_05,0,-1,0.7066498316498316,attack_free,benign_fp
83,weak_campaign,veh_05-w03,Challenge_S::Pre_train_S_0.csv::188::test,Pre_train_S_0.csv,Challenge_S,veh_05,0,-1,0.7584175084175084,attack_free,benign_fp
83,weak_campaign,veh_05-w04,Challenge_S::Pre_train_S_0.csv::59::test,Pre_train_S_0.csv,Challenge_S,veh_05,0,-1,0.8775252525252525,attack_free,benign_fp
83,weak_campaign,veh_05-w05,OCSLab_Car::normal_run_data.txt::690::test,normal_run_data.txt,OCSLab_Car,veh_05,0,-1,0.8408444985789687,attack_free,benign_fp
83,weak_campaign,veh_05-w06,OCSLab_Car::normal_run_data.txt::50::test,normal_run_data.txt,OCSLab_Car,veh_05,0,-1,0.998375964271214,attack_free,benign_fp
83,weak_campaign,veh_05-w07,OCSLab_Car::gear_dataset.csv::69::test,gear_dataset.csv,OCSLab_Car,veh_05,0,-1,0.6682907023954527,attack_free,benign_fp
83,weak_campaign,veh_05-w08,Challenge_D::Pre_train_D_0.csv::126::test,Pre_train_D_0.csv,Challenge_D,veh_05,0,-1,0.7878787878787878,attack_free,benign_fp
83,weak_campaign,veh_05-w09,Challenge_D::Pre_train_D_0.csv::176::test,Pre_train_D_0.csv,Challenge_D,veh_05,0,-1,0.917087542087542,attack_free,benign_fp
83,weak_campaign,veh_06-w00,OCSLab_Car::normal_run_data.txt::286::test,normal_run_data.txt,OCSLab_Car,veh_06,0,-1,0.9565570442549736,attack_free,benign_fp
83,weak_campaign,veh_06-w01,OCSLab_Car::normal_run_data.txt::717::test,normal_run_data.txt,OCSLab_Car,veh_06,0,-1,0.6248477466504263,attack_free,benign_fp
83,weak_campaign,veh_06-w02,OCSLab_Car::normal_run_data.txt::433::test,normal_run_data.txt,OCSLab_Car,veh_06,0,-1,0.949654892407633,attack_free,benign_fp
83,weak_campaign,veh_06-w03,OCSLab_Car::Fuzzy_dataset.csv::267::test,Fuzzy_dataset.csv,OCSLab_Car,veh_06,0,-1,0.6215996751928542,attack_free,benign_fp
83,weak_campaign,veh_06-w04,OCSLab_Car::normal_run_data.txt::141::test,normal_run_data.txt,OCSLab_Car,veh_06,0,-1,0.878603329273244,attack_free,benign_fp
83,weak_campaign,veh_06-w05,OCSLab_Car::normal_run_data.txt::436::test,normal_run_data.txt,OCSLab_Car,veh_06,0,-1,0.8798213560698336,attack_free,benign_fp
83,weak_campaign,veh_06-w06,Challenge_D::Pre_train_D_0.csv::167::test,Pre_train_D_0.csv,Challenge_D,veh_06,0,-1,0.6641414141414141,attack_free,benign_fp
83,weak_campaign,veh_06-w07,OCSLab_Car::normal_run_data.txt::111::test,normal_run_data.txt,OCSLab_Car,veh_06,0,-1,0.9650832318311002,attack_free,benign_fp
83,weak_campaign,veh_06-w08,OCSLab_Car::gear_dataset.csv::303::test,gear_dataset.csv,OCSLab_Car,veh_06,0,-1,0.5842468534307754,attack_free,benign_fp
83,weak_campaign,veh_06-w09,Challenge_D::Pre_train_D_0.csv::124::test,Pre_train_D_0.csv,Challenge_D,veh_06,0,-1,0.7836700336700336,attack_free,benign_fp
83,weak_campaign,veh_07-w00,Challenge_D::Pre_train_D_0.csv::9::test,Pre_train_D_0.csv,Challenge_D,veh_07,0,-1,0.7937710437710438,attack_free,benign_fp
83,weak_campaign,veh_07-w01,OCSLab_Car::gear_dataset.csv::735::test,gear_dataset.csv,OCSLab_Car,veh_07,0,-1,0.9663012586276898,attack_free,benign_fp
83,weak_campaign,veh_07-w02,Challenge_S::Pre_train_S_2.csv::724::test,Pre_train_S_2.csv,Challenge_S,veh_07,0,-1,0.5862794612794613,attack_free,benign_fp
83,weak_campaign,veh_07-w03,OCSLab_Car::normal_run_data.txt::358::test,normal_run_data.txt,OCSLab_Car,veh_07,0,-1,0.969549330085262,attack_free,benign_fp
83,weak_campaign,veh_07-w04,OCSLab_Car::normal_run_data.txt::109::test,normal_run_data.txt,OCSLab_Car,veh_07,0,-1,0.7766950872919204,attack_free,benign_fp
83,weak_campaign,veh_07-w05,OCSLab_Car::normal_run_data.txt::51::test,normal_run_data.txt,OCSLab_Car,veh_07,0,-1,0.9963459196102314,attack_free,benign_fp
83,weak_campaign,veh_07-w06,Challenge_D::Pre_train_D_0.csv::99::test,Pre_train_D_0.csv,Challenge_D,veh_07,0,-1,0.9137205387205388,attack_free,benign_fp
83,weak_campaign,veh_07-w07,Challenge_D::Pre_train_D_1.csv::52::test,Pre_train_D_1.csv,Challenge_D,veh_07,0,-1,0.7445286195286195,attack_free,benign_fp
83,weak_campaign,veh_07-w08,Challenge_S::Pre_train_S_1.csv::758::test,Pre_train_S_1.csv,Challenge_S,veh_07,0,-1,0.9776936026936028,attack_free,benign_fp
83,weak_campaign,veh_07-w09,Challenge_S::Pre_train_S_1.csv::343::test,Pre_train_S_1.csv,Challenge_S,veh_07,0,-1,0.8089225589225589,attack_free,benign_fp
83,weak_campaign,veh_08-w00,OCSLab_Car::normal_run_data.txt::215::test,normal_run_data.txt,OCSLab_Car,veh_08,0,-1,0.731628095818108,attack_free,benign_fp
83,weak_campaign,veh_08-w01,Challenge_D::Pre_train_D_2.csv::690::test,Pre_train_D_2.csv,Challenge_D,veh_08,0,-1,0.7487373737373737,attack_free,benign_fp
83,weak_campaign,veh_08-w02,Challenge_D::Pre_train_D_0.csv::223::test,Pre_train_D_0.csv,Challenge_D,veh_08,0,-1,0.7327441077441077,attack_free,benign_fp
83,weak_campaign,veh_08-w03,Challenge_S::Pre_train_S_1.csv::407::test,Pre_train_S_1.csv,Challenge_S,veh_08,0,-1,0.8880471380471381,attack_free,benign_fp
83,weak_campaign,veh_08-w04,OCSLab_Car::normal_run_data.txt::783::test,normal_run_data.txt,OCSLab_Car,veh_08,0,-1,0.6544863987007714,attack_free,benign_fp
83,weak_campaign,veh_08-w05,OCSLab_Car::normal_run_data.txt::388::test,normal_run_data.txt,OCSLab_Car,veh_08,0,-1,0.8172959805115713,attack_free,benign_fp
83,weak_campaign,veh_08-w06,Challenge_S::Pre_train_S_2.csv::779::test,Pre_train_S_2.csv,Challenge_S,veh_08,0,-1,0.6881313131313131,attack_free,benign_fp
83,weak_campaign,veh_08-w07,Challenge_S::Pre_train_S_2.csv::611::test,Pre_train_S_2.csv,Challenge_S,veh_08,0,-1,0.9284511784511784,attack_free,benign_fp
83,weak_campaign,veh_08-w08,OCSLab_Car::normal_run_data.txt::638::test,normal_run_data.txt,OCSLab_Car,veh_08,0,-1,0.9334145351197728,attack_free,benign_fp
83,weak_campaign,veh_08-w09,Challenge_D::Pre_train_D_0.csv::148::test,Pre_train_D_0.csv,Challenge_D,veh_08,0,-1,0.5694444444444444,attack_free,benign_fp
83,weak_campaign,veh_09-w00,OCSLab_Car::Fuzzy_dataset.csv::284::test,Fuzzy_dataset.csv,OCSLab_Car,veh_09,0,-1,0.9821356069833536,attack_free,benign_fp
83,weak_campaign,veh_09-w01,OCSLab_Car::normal_run_data.txt::781::test,normal_run_data.txt,OCSLab_Car,veh_09,0,-1,0.7876573284612262,attack_free,benign_fp
83,weak_campaign,veh_09-w02,OCSLab_Car::normal_run_data.txt::439::test,normal_run_data.txt,OCSLab_Car,veh_09,0,-1,0.9183922046285018,attack_free,benign_fp
83,weak_campaign,veh_09-w03,Challenge_S::Pre_train_S_0.csv::18::test,Pre_train_S_0.csv,Challenge_S,veh_09,0,-1,0.5963804713804713,attack_free,benign_fp
83,weak_campaign,veh_09-w04,OCSLab_Car::normal_run_data.txt::126::test,normal_run_data.txt,OCSLab_Car,veh_09,0,-1,0.8704831506293138,attack_free,benign_fp
83,weak_campaign,veh_09-w05,Challenge_D::Pre_train_D_0.csv::73::test,Pre_train_D_0.csv,Challenge_D,veh_09,0,-1,0.9924242424242424,attack_free,benign_fp
83,weak_campaign,veh_09-w06,OCSLab_Car::normal_run_data.txt::624::test,normal_run_data.txt,OCSLab_Car,veh_09,0,-1,0.9634591961023142,attack_free,benign_fp
83,weak_campaign,veh_09-w07,Challenge_D::Pre_train_D_2.csv::775::test,Pre_train_D_2.csv,Challenge_D,veh_09,0,-1,0.6910774410774411,attack_free,benign_fp
83,weak_campaign,veh_09-w08,OCSLab_Car::normal_run_data.txt::697::test,normal_run_data.txt,OCSLab_Car,veh_09,0,-1,0.8246041412911084,attack_free,benign_fp
83,weak_campaign,veh_09-w09,OCSLab_Car::normal_run_data.txt::96::test,normal_run_data.txt,OCSLab_Car,veh_09,0,-1,0.7848152659358506,attack_free,benign_fp
83,weak_campaign,veh_10-w00,OCSLab_Car::normal_run_data.txt::352::test,normal_run_data.txt,OCSLab_Car,veh_10,0,-1,0.9663012586276898,attack_free,benign_fp
83,weak_campaign,veh_10-w01,OCSLab_Car::normal_run_data.txt::786::test,normal_run_data.txt,OCSLab_Car,veh_10,0,-1,0.5866829070239545,attack_free,benign_fp
83,weak_campaign,veh_10-w02,OCSLab_Car::normal_run_data.txt::110::test,normal_run_data.txt,OCSLab_Car,veh_10,0,-1,0.9443767762890783,attack_free,benign_fp
83,weak_campaign,veh_10-w03,Challenge_D::Pre_train_D_2.csv::582::test,Pre_train_D_2.csv,Challenge_D,veh_10,0,-1,0.7878787878787878,attack_free,benign_fp
83,weak_campaign,veh_10-w04,Challenge_S::Pre_train_S_1.csv::768::test,Pre_train_S_1.csv,Challenge_S,veh_10,0,-1,0.9271885521885522,attack_free,benign_fp
83,weak_campaign,veh_10-w05,OCSLab_Car::normal_run_data.txt::537::test,normal_run_data.txt,OCSLab_Car,veh_10,0,-1,0.9078359723913926,attack_free,benign_fp
83,weak_campaign,veh_10-w06,Challenge_D::Pre_train_D_2.csv::693::test,Pre_train_D_2.csv,Challenge_D,veh_10,0,-1,0.6910774410774411,attack_free,benign_fp
83,weak_campaign,veh_10-w07,OCSLab_Car::normal_run_data.txt::249::test,normal_run_data.txt,OCSLab_Car,veh_10,0,-1,0.910678034916768,attack_free,benign_fp
83,weak_campaign,veh_10-w08,OCSLab_Car::gear_dataset.csv::550::test,gear_dataset.csv,OCSLab_Car,veh_10,0,-1,0.7689809175801867,attack_free,benign_fp
83,weak_campaign,veh_10-w09,OCSLab_Car::normal_run_data.txt::737::test,normal_run_data.txt,OCSLab_Car,veh_10,0,-1,0.9078359723913926,attack_free,benign_fp
83,weak_campaign,veh_11-w00,Challenge_S::Pre_train_S_2.csv::654::test,Pre_train_S_2.csv,Challenge_S,veh_11,0,-1,0.7622053872053872,attack_free,benign_fp
83,weak_campaign,veh_11-w01,OCSLab_Car::normal_run_data.txt::86::test,normal_run_data.txt,OCSLab_Car,veh_11,0,-1,0.9618351603735282,attack_free,benign_fp
83,weak_campaign,veh_11-w02,OCSLab_Car::normal_run_data.txt::547::test,normal_run_data.txt,OCSLab_Car,veh_11,0,-1,0.7243199350385708,attack_free,benign_fp
83,weak_campaign,veh_11-w03,OCSLab_Car::RPM_dataset.csv::539::test,RPM_dataset.csv,OCSLab_Car,veh_11,0,-1,0.6386520503451076,attack_free,benign_fp
83,weak_campaign,veh_11-w04,OCSLab_Car::normal_run_data.txt::333::test,normal_run_data.txt,OCSLab_Car,veh_11,0,-1,0.9821356069833536,attack_free,benign_fp
83,weak_campaign,veh_11-w05,OCSLab_Car::normal_run_data.txt::252::test,normal_run_data.txt,OCSLab_Car,veh_11,0,-1,0.9910678034916768,attack_free,benign_fp
83,weak_campaign,veh_11-w06,OCSLab_Car::normal_run_data.txt::508::test,normal_run_data.txt,OCSLab_Car,veh_11,0,-1,0.8375964271213967,attack_free,benign_fp
83,weak_campaign,veh_11-w07,OCSLab_Car::gear_dataset.csv::138::test,gear_dataset.csv,OCSLab_Car,veh_11,0,-1,0.5724725943970768,attack_free,benign_fp
83,weak_campaign,veh_11-w08,OCSLab_Car::DoS_dataset.csv::519::test,DoS_dataset.csv,OCSLab_Car,veh_11,0,-1,0.7519285424279334,attack_free,benign_fp
83,weak_campaign,veh_11-w09,Challenge_D::Pre_train_D_0.csv::18::test,Pre_train_D_0.csv,Challenge_D,veh_11,0,-1,0.9494949494949496,attack_free,benign_fp
83,weak_campaign,veh_12-w00,OCSLab_Car::DoS_dataset.csv::127::test,DoS_dataset.csv,OCSLab_Car,veh_12,0,-1,0.997563946406821,attack_free,benign_fp
83,weak_campaign,veh_12-w01,OCSLab_Car::normal_run_data.txt::353::test,normal_run_data.txt,OCSLab_Car,veh_12,0,-1,0.9350385708485588,attack_free,benign_fp
83,weak_campaign,veh_12-w02,OCSLab_Car::Fuzzy_dataset.csv::57::test,Fuzzy_dataset.csv,OCSLab_Car,veh_12,0,-1,0.5814047909053999,attack_free,benign_fp
83,weak_campaign,veh_12-w03,OCSLab_Car::normal_run_data.txt::504::test,normal_run_data.txt,OCSLab_Car,veh_12,0,-1,0.947218838814454,attack_free,benign_fp
83,weak_campaign,veh_12-w04,Challenge_D::Pre_train_D_1.csv::19::test,Pre_train_D_1.csv,Challenge_D,veh_12,0,-1,0.5618686868686869,attack_free,benign_fp
83,weak_campaign,veh_12-w05,OCSLab_Car::gear_dataset.csv::327::test,gear_dataset.csv,OCSLab_Car,veh_12,0,-1,0.7409663012586277,attack_free,benign_fp
83,weak_campaign,veh_12-w06,OCSLab_Car::normal_run_data.txt::755::test,normal_run_data.txt,OCSLab_Car,veh_12,0,-1,0.809175801867641,attack_free,benign_fp
83,weak_campaign,veh_12-w07,OCSLab_Car::normal_run_data.txt::488::test,normal_run_data.txt,OCSLab_Car,veh_12,0,-1,0.9212342671538774,attack_free,benign_fp
83,weak_campaign,veh_12-w08,Challenge_D::Pre_train_D_0.csv::28::test,Pre_train_D_0.csv,Challenge_D,veh_12,0,-1,0.9642255892255892,attack_free,benign_fp
83,weak_campaign,veh_12-w09,Challenge_D::Pre_train_D_0.csv::185::test,Pre_train_D_0.csv,Challenge_D,veh_12,0,-1,0.8156565656565656,attack_free,benign_fp
83,weak_campaign,veh_13-w00,OCSLab_Car::DoS_dataset.csv::18::test,DoS_dataset.csv,OCSLab_Car,veh_13,0,-1,0.6146975233455136,attack_free,benign_fp
83,weak_campaign,veh_13-w01,OCSLab_Car::gear_dataset.csv::611::test,gear_dataset.csv,OCSLab_Car,veh_13,0,-1,0.8587088915956151,attack_free,benign_fp
83,weak_campaign,veh_13-w02,Challenge_S::Pre_train_S_2.csv::6::test,Pre_train_S_2.csv,Challenge_S,veh_13,0,-1,0.9671717171717172,attack_free,benign_fp
83,weak_campaign,veh_13-w03,OCSLab_Car::gear_dataset.csv::582::test,gear_dataset.csv,OCSLab_Car,veh_13,0,-1,0.7730410069021518,attack_free,benign_fp
83,weak_campaign,veh_13-w04,OCSLab_Car::normal_run_data.txt::467::test,normal_run_data.txt,OCSLab_Car,veh_13,0,-1,0.9663012586276898,attack_free,benign_fp
83,weak_campaign,veh_13-w05,OCSLab_Car::normal_run_data.txt::279::test,normal_run_data.txt,OCSLab_Car,veh_13,0,-1,0.998375964271214,attack_free,benign_fp
83,weak_campaign,veh_13-w06,OCSLab_Car::normal_run_data.txt::765::test,normal_run_data.txt,OCSLab_Car,veh_13,0,-1,0.9326025172553796,attack_free,benign_fp
83,weak_campaign,veh_13-w07,Challenge_S::Pre_train_S_1.csv::545::test,Pre_train_S_1.csv,Challenge_S,veh_13,0,-1,0.5707070707070707,attack_free,benign_fp
83,weak_campaign,veh_13-w08,OCSLab_Car::normal_run_data.txt::578::test,normal_run_data.txt,OCSLab_Car,veh_13,0,-1,0.9801055623223712,attack_free,benign_fp
83,weak_campaign,veh_13-w09,OCSLab_Car::gear_dataset.csv::638::test,gear_dataset.csv,OCSLab_Car,veh_13,0,-1,0.9930978481526592,attack_free,benign_fp
83,weak_campaign,veh_14-w00,Challenge_S::Pre_train_S_2.csv::576::test,Pre_train_S_2.csv,Challenge_S,veh_14,0,-1,0.7314814814814815,attack_free,benign_fp
83,weak_campaign,veh_14-w01,OCSLab_Car::normal_run_data.txt::99::test,normal_run_data.txt,OCSLab_Car,veh_14,0,-1,0.9342265529841656,attack_free,benign_fp
83,weak_campaign,veh_14-w02,Challenge_S::Pre_train_S_2.csv::612::test,Pre_train_S_2.csv,Challenge_S,veh_14,0,-1,0.9595959595959596,attack_free,benign_fp
83,weak_campaign,veh_14-w03,Challenge_S::Pre_train_S_0.csv::55::test,Pre_train_S_0.csv,Challenge_S,veh_14,0,-1,0.7066498316498316,attack_free,benign_fp
83,weak_campaign,veh_14-w04,OCSLab_Car::normal_run_data.txt::584::test,normal_run_data.txt,OCSLab_Car,veh_14,0,-1,0.9618351603735282,attack_free,benign_fp
83,weak_campaign,veh_14-w05,OCSLab_Car::normal_run_data.txt::53::test,normal_run_data.txt,OCSLab_Car,veh_14,0,-1,0.9780755176613886,attack_free,benign_fp
83,weak_campaign,veh_14-w06,OCSLab_Car::RPM_dataset.csv::616::test,RPM_dataset.csv,OCSLab_Car,veh_14,0,-1,0.6760048721071864,attack_free,benign_fp
83,weak_campaign,veh_14-w07,OCSLab_Car::normal_run_data.txt::121::test,normal_run_data.txt,OCSLab_Car,veh_14,0,-1,0.9598051157125456,attack_free,benign_fp
83,weak_campaign,veh_14-w08,OCSLab_Car::normal_run_data.txt::328::test,normal_run_data.txt,OCSLab_Car,veh_14,0,-1,0.9837596427121396,attack_free,benign_fp
83,weak_campaign,veh_14-w09,OCSLab_Car::DoS_dataset.csv::711::test,DoS_dataset.csv,OCSLab_Car,veh_14,0,-1,0.997563946406821,attack_free,benign_fp
83,weak_campaign,veh_15-w00,OCSLab_Car::normal_run_data.txt::667::test,normal_run_data.txt,OCSLab_Car,veh_15,0,-1,0.9484368656110436,attack_free,benign_fp
83,weak_campaign,veh_15-w01,Challenge_S::Pre_train_S_1.csv::346::test,Pre_train_S_1.csv,Challenge_S,veh_15,0,-1,0.7449494949494949,attack_free,benign_fp
83,weak_campaign,veh_15-w02,OCSLab_Car::DoS_dataset.csv::354::test,DoS_dataset.csv,OCSLab_Car,veh_15,0,-1,0.6666666666666666,attack_free,benign_fp
83,weak_campaign,veh_15-w03,OCSLab_Car::normal_run_data.txt::213::test,normal_run_data.txt,OCSLab_Car,veh_15,0,-1,0.9395046691027202,attack_free,benign_fp
83,weak_campaign,veh_15-w04,Challenge_S::Pre_train_S_1.csv::19::test,Pre_train_S_1.csv,Challenge_S,veh_15,0,-1,0.9558080808080808,attack_free,benign_fp
83,weak_campaign,veh_15-w05,Challenge_D::Pre_train_D_2.csv::314::test,Pre_train_D_2.csv,Challenge_D,veh_15,0,-1,0.5652356902356902,attack_free,benign_fp
83,weak_campaign,veh_15-w06,OCSLab_Car::normal_run_data.txt::749::test,normal_run_data.txt,OCSLab_Car,veh_15,0,-1,0.6561104344295574,attack_free,benign_fp
83,weak_campaign,veh_15-w07,Challenge_D::Pre_train_D_0.csv::68::test,Pre_train_D_0.csv,Challenge_D,veh_15,0,-1,0.877104377104377,attack_free,benign_fp
83,weak_campaign,veh_15-w08,Challenge_S::Pre_train_S_2.csv::710::test,Pre_train_S_2.csv,Challenge_S,veh_15,0,-1,0.92003367003367,attack_free,benign_fp
83,weak_campaign,veh_15-w09,Challenge_S::Pre_train_S_0.csv::25::test,Pre_train_S_0.csv,Challenge_S,veh_15,0,-1,0.7870370370370371,attack_free,benign_fp
83,weak_campaign,veh_16-w00,OCSLab_Car::normal_run_data.txt::94::test,normal_run_data.txt,OCSLab_Car,veh_16,0,-1,0.9634591961023142,attack_free,benign_fp
83,weak_campaign,veh_16-w01,OCSLab_Car::normal_run_data.txt::744::test,normal_run_data.txt,OCSLab_Car,veh_16,0,-1,0.8246041412911084,attack_free,benign_fp
83,weak_campaign,veh_16-w02,OCSLab_Car::normal_run_data.txt::625::test,normal_run_data.txt,OCSLab_Car,veh_16,0,-1,0.951278928136419,attack_free,benign_fp
83,weak_campaign,veh_16-w03,Challenge_S::Pre_train_S_2.csv::577::test,Pre_train_S_2.csv,Challenge_S,veh_16,0,-1,0.877104377104377,attack_free,benign_fp
83,weak_campaign,veh_16-w04,OCSLab_Car::normal_run_data.txt::89::test,normal_run_data.txt,OCSLab_Car,veh_16,0,-1,0.8863174989849777,attack_free,benign_fp
83,weak_campaign,veh_16-w05,Challenge_D::Pre_train_D_2.csv::74::test,Pre_train_D_2.csv,Challenge_D,veh_16,0,-1,0.8005050505050505,attack_free,benign_fp
83,weak_campaign,veh_16-w06,OCSLab_Car::normal_run_data.txt::565::test,normal_run_data.txt,OCSLab_Car,veh_16,0,-1,0.8745432399512789,attack_free,benign_fp
83,weak_campaign,veh_16-w07,OCSLab_Car::normal_run_data.txt::770::test,normal_run_data.txt,OCSLab_Car,veh_16,0,-1,0.583028826634186,attack_free,benign_fp
83,weak_campaign,veh_16-w08,Challenge_S::Pre_train_S_2.csv::685::test,Pre_train_S_2.csv,Challenge_S,veh_16,0,-1,0.9284511784511784,attack_free,benign_fp
83,weak_campaign,veh_16-w09,OCSLab_Car::normal_run_data.txt::614::test,normal_run_data.txt,OCSLab_Car,veh_16,0,-1,0.9565570442549736,attack_free,benign_fp
83,weak_campaign,veh_17-w00,OCSLab_Car::normal_run_data.txt::665::test,normal_run_data.txt,OCSLab_Car,veh_17,0,-1,0.9427527405602923,attack_free,benign_fp
83,weak_campaign,veh_17-w01,Challenge_S::Pre_train_S_1.csv::733::test,Pre_train_S_1.csv,Challenge_S,veh_17,0,-1,0.6557239057239057,attack_free,benign_fp
83,weak_campaign,veh_17-w02,OCSLab_Car::normal_run_data.txt::742::test,normal_run_data.txt,OCSLab_Car,veh_17,0,-1,0.7429963459196103,attack_free,benign_fp
83,weak_campaign,veh_17-w03,Challenge_S::Pre_train_S_1.csv::763::test,Pre_train_S_1.csv,Challenge_S,veh_17,0,-1,0.5917508417508418,attack_free,benign_fp
83,weak_campaign,veh_17-w04,Challenge_S::Pre_train_S_0.csv::64::test,Pre_train_S_0.csv,Challenge_S,veh_17,0,-1,0.9587542087542088,attack_free,benign_fp
83,weak_campaign,veh_17-w05,Challenge_S::Pre_train_S_1.csv::762::test,Pre_train_S_1.csv,Challenge_S,veh_17,0,-1,0.9023569023569024,attack_free,benign_fp
83,weak_campaign,veh_17-w06,OCSLab_Car::normal_run_data.txt::559::test,normal_run_data.txt,OCSLab_Car,veh_17,0,-1,0.9187982135606984,attack_free,benign_fp
83,weak_campaign,veh_17-w07,Challenge_S::Pre_train_S_0.csv::74::test,Pre_train_S_0.csv,Challenge_S,veh_17,0,-1,0.6982323232323232,attack_free,benign_fp
83,weak_campaign,veh_17-w08,OCSLab_Car::normal_run_data.txt::266::test,normal_run_data.txt,OCSLab_Car,veh_17,0,-1,0.9484368656110436,attack_free,benign_fp
83,weak_campaign,veh_17-w09,OCSLab_Car::normal_run_data.txt::32::test,normal_run_data.txt,OCSLab_Car,veh_17,0,-1,0.9139261063743402,attack_free,benign_fp
83,weak_campaign,veh_18-w00,Challenge_D::Pre_train_D_2.csv::643::test,Pre_train_D_2.csv,Challenge_D,veh_18,0,-1,0.9587542087542088,attack_free,benign_fp
83,weak_campaign,veh_18-w01,Challenge_D::Pre_train_D_2.csv::717::test,Pre_train_D_2.csv,Challenge_D,veh_18,0,-1,0.9663299663299664,attack_free,benign_fp
83,weak_campaign,veh_18-w02,Challenge_S::Pre_train_S_1.csv::790::test,Pre_train_S_1.csv,Challenge_S,veh_18,0,-1,0.7920875420875421,attack_free,benign_fp
83,weak_campaign,veh_18-w03,OCSLab_Car::gear_dataset.csv::565::test,gear_dataset.csv,OCSLab_Car,veh_18,0,-1,0.8631749898497767,attack_free,benign_fp
83,weak_campaign,veh_18-w04,Challenge_S::Pre_train_S_2.csv::770::test,Pre_train_S_2.csv,Challenge_S,veh_18,0,-1,0.6498316498316499,attack_free,benign_fp
83,weak_campaign,veh_18-w05,Challenge_S::Pre_train_S_0.csv::274::test,Pre_train_S_0.csv,Challenge_S,veh_18,0,-1,0.7403198653198653,attack_free,benign_fp
83,weak_campaign,veh_18-w06,Challenge_S::Pre_train_S_2.csv::655::test,Pre_train_S_2.csv,Challenge_S,veh_18,0,-1,0.8249158249158249,attack_free,benign_fp
83,weak_campaign,veh_18-w07,Challenge_S::Pre_train_S_2.csv::621::test,Pre_train_S_2.csv,Challenge_S,veh_18,0,-1,0.9553872053872052,attack_free,benign_fp
83,weak_campaign,veh_18-w08,OCSLab_Car::normal_run_data.txt::776::test,normal_run_data.txt,OCSLab_Car,veh_18,0,-1,0.7202598457166057,attack_free,benign_fp
83,weak_campaign,veh_18-w09,Challenge_D::Pre_train_D_2.csv::674::test,Pre_train_D_2.csv,Challenge_D,veh_18,0,-1,0.8712121212121212,attack_free,benign_fp
83,weak_campaign,veh_19-w00,OCSLab_Car::RPM_dataset.csv::167::test,RPM_dataset.csv,OCSLab_Car,veh_19,0,-1,0.6236297198538368,attack_free,benign_fp
83,weak_campaign,veh_19-w01,OCSLab_Car::gear_dataset.csv::164::test,gear_dataset.csv,OCSLab_Car,veh_19,0,-1,0.6248477466504263,attack_free,benign_fp
83,weak_campaign,veh_19-w02,OCSLab_Car::normal_run_data.txt::282::test,normal_run_data.txt,OCSLab_Car,veh_19,0,-1,0.9634591961023142,attack_free,benign_fp
83,weak_campaign,veh_19-w03,Challenge_D::Pre_train_D_2.csv::670::test,Pre_train_D_2.csv,Challenge_D,veh_19,0,-1,0.8661616161616161,attack_free,benign_fp
83,weak_campaign,veh_19-w04,OCSLab_Car::normal_run_data.txt::291::test,normal_run_data.txt,OCSLab_Car,veh_19,0,-1,0.997563946406821,attack_free,benign_fp
83,weak_campaign,veh_19-w05,Challenge_D::Pre_train_D_2.csv::745::test,Pre_train_D_2.csv,Challenge_D,veh_19,0,-1,0.9225589225589226,attack_free,benign_fp
83,weak_campaign,veh_19-w06,OCSLab_Car::normal_run_data.txt::606::test,normal_run_data.txt,OCSLab_Car,veh_19,0,-1,0.9703613479496548,attack_free,benign_fp
83,weak_campaign,veh_19-w07,Challenge_D::Pre_train_D_0.csv::163::test,Pre_train_D_0.csv,Challenge_D,veh_19,0,-1,0.9217171717171716,attack_free,benign_fp
83,weak_campaign,veh_19-w08,Challenge_D::Pre_train_D_0.csv::1::test,Pre_train_D_0.csv,Challenge_D,veh_19,0,-1,0.8409090909090909,attack_free,benign_fp
83,weak_campaign,veh_19-w09,Challenge_D::Pre_train_D_2.csv::323::test,Pre_train_D_2.csv,Challenge_D,veh_19,0,-1,0.8000841750841751,attack_free,benign_fp
83,unrelated_incidents,veh_00-w00,Challenge_S::Pre_train_S_2.csv::52::test,Pre_train_S_2.csv,Challenge_S,veh_00,1,0,1.0,flooding,independent_0_flooding
83,unrelated_incidents,veh_00-w01,Challenge_D::Pre_train_D_2.csv::184::test,Pre_train_D_2.csv,Challenge_D,veh_00,1,0,1.0,flooding,independent_0_flooding
83,unrelated_incidents,veh_00-w02,Challenge_D::Pre_train_D_1.csv::229::test,Pre_train_D_1.csv,Challenge_D,veh_00,1,0,1.0,flooding,independent_0_flooding
83,unrelated_incidents,veh_00-w03,Challenge_S::Pre_train_S_2.csv::163::test,Pre_train_S_2.csv,Challenge_S,veh_00,1,0,1.0,flooding,independent_0_flooding
83,unrelated_incidents,veh_00-w04,Challenge_D::Pre_train_D_1.csv::209::test,Pre_train_D_1.csv,Challenge_D,veh_00,1,0,1.0,flooding,independent_0_flooding
83,unrelated_incidents,veh_00-w05,Challenge_S::Pre_train_S_1.csv::257::test,Pre_train_S_1.csv,Challenge_S,veh_00,1,0,1.0,flooding,independent_0_flooding
83,unrelated_incidents,veh_00-w06,Challenge_D::Pre_train_D_1.csv::93::test,Pre_train_D_1.csv,Challenge_D,veh_00,1,0,1.0,flooding,independent_0_flooding
83,unrelated_incidents,veh_00-w07,Challenge_D::Pre_train_D_1.csv::294::test,Pre_train_D_1.csv,Challenge_D,veh_00,1,0,1.0,flooding,independent_0_flooding
83,unrelated_incidents,veh_00-w08,Challenge_S::Pre_train_S_1.csv::168::test,Pre_train_S_1.csv,Challenge_S,veh_00,1,0,1.0,flooding,independent_0_flooding
83,unrelated_incidents,veh_00-w09,OCSLab_Car::DoS_dataset.csv::311::test,DoS_dataset.csv,OCSLab_Car,veh_00,1,0,1.0,flooding,independent_0_flooding
83,unrelated_incidents,veh_01-w00,OCSLab_Car::RPM_dataset.csv::193::test,RPM_dataset.csv,OCSLab_Car,veh_01,1,1,1.0,malfunction_rpm,independent_1_malfunction_rpm
83,unrelated_incidents,veh_01-w01,OCSLab_Car::RPM_dataset.csv::366::test,RPM_dataset.csv,OCSLab_Car,veh_01,1,1,1.0,malfunction_rpm,independent_1_malfunction_rpm
83,unrelated_incidents,veh_01-w02,OCSLab_Car::RPM_dataset.csv::604::test,RPM_dataset.csv,OCSLab_Car,veh_01,1,1,1.0,malfunction_rpm,independent_1_malfunction_rpm
83,unrelated_incidents,veh_01-w03,OCSLab_Car::RPM_dataset.csv::478::test,RPM_dataset.csv,OCSLab_Car,veh_01,1,1,0.9995939910678034,malfunction_rpm,independent_1_malfunction_rpm
83,unrelated_incidents,veh_01-w04,OCSLab_Car::RPM_dataset.csv::495::test,RPM_dataset.csv,OCSLab_Car,veh_01,1,1,1.0,malfunction_rpm,independent_1_malfunction_rpm
83,unrelated_incidents,veh_01-w05,OCSLab_Car::RPM_dataset.csv::439::test,RPM_dataset.csv,OCSLab_Car,veh_01,1,1,1.0,malfunction_rpm,independent_1_malfunction_rpm
83,unrelated_incidents,veh_01-w06,OCSLab_Car::RPM_dataset.csv::425::test,RPM_dataset.csv,OCSLab_Car,veh_01,1,1,1.0,malfunction_rpm,independent_1_malfunction_rpm
83,unrelated_incidents,veh_01-w07,OCSLab_Car::RPM_dataset.csv::253::test,RPM_dataset.csv,OCSLab_Car,veh_01,1,1,1.0,malfunction_rpm,independent_1_malfunction_rpm
83,unrelated_incidents,veh_01-w08,OCSLab_Car::RPM_dataset.csv::421::test,RPM_dataset.csv,OCSLab_Car,veh_01,1,1,0.9995939910678034,malfunction_rpm,independent_1_malfunction_rpm
83,unrelated_incidents,veh_01-w09,OCSLab_Car::RPM_dataset.csv::40::test,RPM_dataset.csv,OCSLab_Car,veh_01,1,1,1.0,malfunction_rpm,independent_1_malfunction_rpm
83,unrelated_incidents,veh_02-w00,OCSLab_Car::gear_dataset.csv::484::test,gear_dataset.csv,OCSLab_Car,veh_02,1,2,1.0,malfunction_gear,independent_2_malfunction_gear
83,unrelated_incidents,veh_02-w01,OCSLab_Car::gear_dataset.csv::423::test,gear_dataset.csv,OCSLab_Car,veh_02,1,2,1.0,malfunction_gear,independent_2_malfunction_gear
83,unrelated_incidents,veh_02-w02,OCSLab_Car::gear_dataset.csv::379::test,gear_dataset.csv,OCSLab_Car,veh_02,1,2,1.0,malfunction_gear,independent_2_malfunction_gear
83,unrelated_incidents,veh_02-w03,OCSLab_Car::gear_dataset.csv::384::test,gear_dataset.csv,OCSLab_Car,veh_02,1,2,1.0,malfunction_gear,independent_2_malfunction_gear
83,unrelated_incidents,veh_02-w04,OCSLab_Car::gear_dataset.csv::236::test,gear_dataset.csv,OCSLab_Car,veh_02,1,2,1.0,malfunction_gear,independent_2_malfunction_gear
83,unrelated_incidents,veh_02-w05,OCSLab_Car::gear_dataset.csv::709::test,gear_dataset.csv,OCSLab_Car,veh_02,1,2,1.0,malfunction_gear,independent_2_malfunction_gear
83,unrelated_incidents,veh_02-w06,OCSLab_Car::gear_dataset.csv::172::test,gear_dataset.csv,OCSLab_Car,veh_02,1,2,0.997563946406821,malfunction_gear,independent_2_malfunction_gear
83,unrelated_incidents,veh_02-w07,OCSLab_Car::gear_dataset.csv::239::test,gear_dataset.csv,OCSLab_Car,veh_02,1,2,1.0,malfunction_gear,independent_2_malfunction_gear
83,unrelated_incidents,veh_02-w08,OCSLab_Car::gear_dataset.csv::382::test,gear_dataset.csv,OCSLab_Car,veh_02,1,2,1.0,malfunction_gear,independent_2_malfunction_gear
83,unrelated_incidents,veh_02-w09,OCSLab_Car::gear_dataset.csv::346::test,gear_dataset.csv,OCSLab_Car,veh_02,1,2,1.0,malfunction_gear,independent_2_malfunction_gear
83,unrelated_incidents,veh_03-w00,OCSLab_Car::Fuzzy_dataset.csv::709::test,Fuzzy_dataset.csv,OCSLab_Car,veh_03,1,3,1.0,fuzzy,independent_3_fuzzy
83,unrelated_incidents,veh_03-w01,OCSLab_Car::Fuzzy_dataset.csv::670::test,Fuzzy_dataset.csv,OCSLab_Car,veh_03,1,3,1.0,fuzzy,independent_3_fuzzy
83,unrelated_incidents,veh_03-w02,OCSLab_Car::Fuzzy_dataset.csv::45::test,Fuzzy_dataset.csv,OCSLab_Car,veh_03,1,3,1.0,fuzzy,independent_3_fuzzy
83,unrelated_incidents,veh_03-w03,OCSLab_Car::Fuzzy_dataset.csv::620::test,Fuzzy_dataset.csv,OCSLab_Car,veh_03,1,3,1.0,fuzzy,independent_3_fuzzy
83,unrelated_incidents,veh_03-w04,OCSLab_Car::Fuzzy_dataset.csv::160::test,Fuzzy_dataset.csv,OCSLab_Car,veh_03,1,3,1.0,fuzzy,independent_3_fuzzy
83,unrelated_incidents,veh_03-w05,OCSLab_Car::Fuzzy_dataset.csv::640::test,Fuzzy_dataset.csv,OCSLab_Car,veh_03,1,3,1.0,fuzzy,independent_3_fuzzy
83,unrelated_incidents,veh_03-w06,OCSLab_Car::Fuzzy_dataset.csv::342::test,Fuzzy_dataset.csv,OCSLab_Car,veh_03,1,3,1.0,fuzzy,independent_3_fuzzy
83,unrelated_incidents,veh_03-w07,OCSLab_Car::Fuzzy_dataset.csv::35::test,Fuzzy_dataset.csv,OCSLab_Car,veh_03,1,3,1.0,fuzzy,independent_3_fuzzy
83,unrelated_incidents,veh_03-w08,OCSLab_Car::Fuzzy_dataset.csv::677::test,Fuzzy_dataset.csv,OCSLab_Car,veh_03,1,3,1.0,fuzzy,independent_3_fuzzy
83,unrelated_incidents,veh_03-w09,OCSLab_Car::Fuzzy_dataset.csv::32::test,Fuzzy_dataset.csv,OCSLab_Car,veh_03,1,3,1.0,fuzzy,independent_3_fuzzy
83,unrelated_incidents,veh_04-w00,Challenge_S::Pre_train_S_2.csv::530::test,Pre_train_S_2.csv,Challenge_S,veh_04,1,4,0.9865319865319864,spoofing,independent_4_spoofing
83,unrelated_incidents,veh_04-w01,Challenge_S::Pre_train_S_2.csv::466::test,Pre_train_S_2.csv,Challenge_S,veh_04,1,4,0.9154040404040404,spoofing,independent_4_spoofing
83,unrelated_incidents,veh_04-w02,Challenge_D::Pre_train_D_2.csv::494::test,Pre_train_D_2.csv,Challenge_D,veh_04,1,4,0.9179292929292928,spoofing,independent_4_spoofing
83,unrelated_incidents,veh_04-w03,Challenge_D::Pre_train_D_2.csv::463::test,Pre_train_D_2.csv,Challenge_D,veh_04,1,4,0.9903198653198652,spoofing,independent_4_spoofing
83,unrelated_incidents,veh_04-w04,Challenge_D::Pre_train_D_2.csv::551::test,Pre_train_D_2.csv,Challenge_D,veh_04,1,4,0.8606902356902357,spoofing,independent_4_spoofing
83,unrelated_incidents,veh_04-w05,Challenge_S::Pre_train_S_2.csv::450::test,Pre_train_S_2.csv,Challenge_S,veh_04,1,4,0.90993265993266,spoofing,independent_4_spoofing
83,unrelated_incidents,veh_04-w06,Challenge_S::Pre_train_S_2.csv::412::test,Pre_train_S_2.csv,Challenge_S,veh_04,1,4,0.8623737373737373,spoofing,independent_4_spoofing
83,unrelated_incidents,veh_04-w07,Challenge_S::Pre_train_S_1.csv::427::test,Pre_train_S_1.csv,Challenge_S,veh_04,1,4,0.8956228956228957,spoofing,independent_4_spoofing
83,unrelated_incidents,veh_04-w08,Challenge_S::Pre_train_S_1.csv::533::test,Pre_train_S_1.csv,Challenge_S,veh_04,1,4,0.9002525252525253,spoofing,independent_4_spoofing
83,unrelated_incidents,veh_04-w09,Challenge_D::Pre_train_D_2.csv::438::test,Pre_train_D_2.csv,Challenge_D,veh_04,1,4,0.8324915824915825,spoofing,independent_4_spoofing
83,unrelated_incidents,veh_05-w00,Challenge_S::Pre_train_S_1.csv::723::test,Pre_train_S_1.csv,Challenge_S,veh_05,0,-1,0.9271885521885522,attack_free,benign_fp
83,unrelated_incidents,veh_05-w01,Challenge_S::Pre_train_S_1.csv::788::test,Pre_train_S_1.csv,Challenge_S,veh_05,0,-1,0.6296296296296297,attack_free,benign_fp
83,unrelated_incidents,veh_05-w02,OCSLab_Car::normal_run_data.txt::516::test,normal_run_data.txt,OCSLab_Car,veh_05,0,-1,0.7921234267153877,attack_free,benign_fp
83,unrelated_incidents,veh_05-w03,OCSLab_Car::normal_run_data.txt::382::test,normal_run_data.txt,OCSLab_Car,veh_05,0,-1,0.8335363377994316,attack_free,benign_fp
83,unrelated_incidents,veh_05-w04,OCSLab_Car::normal_run_data.txt::753::test,normal_run_data.txt,OCSLab_Car,veh_05,0,-1,0.7446203816483963,attack_free,benign_fp
83,unrelated_incidents,veh_05-w05,OCSLab_Car::RPM_dataset.csv::105::test,RPM_dataset.csv,OCSLab_Car,veh_05,0,-1,0.5797807551766139,attack_free,benign_fp
83,unrelated_incidents,veh_05-w06,OCSLab_Car::Fuzzy_dataset.csv::249::test,Fuzzy_dataset.csv,OCSLab_Car,veh_05,0,-1,0.6873731222086886,attack_free,benign_fp
83,unrelated_incidents,veh_05-w07,Challenge_D::Pre_train_D_0.csv::108::test,Pre_train_D_0.csv,Challenge_D,veh_05,0,-1,0.6830808080808081,attack_free,benign_fp
83,unrelated_incidents,veh_05-w08,OCSLab_Car::gear_dataset.csv::580::test,gear_dataset.csv,OCSLab_Car,veh_05,0,-1,0.7848152659358506,attack_free,benign_fp
83,unrelated_incidents,veh_05-w09,Challenge_S::Pre_train_S_2.csv::746::test,Pre_train_S_2.csv,Challenge_S,veh_05,0,-1,0.6759259259259259,attack_free,benign_fp
83,unrelated_incidents,veh_06-w00,OCSLab_Car::normal_run_data.txt::614::test,normal_run_data.txt,OCSLab_Car,veh_06,0,-1,0.9565570442549736,attack_free,benign_fp
83,unrelated_incidents,veh_06-w01,OCSLab_Car::gear_dataset.csv::567::test,gear_dataset.csv,OCSLab_Car,veh_06,0,-1,0.6954933008526187,attack_free,benign_fp
83,unrelated_incidents,veh_06-w02,Challenge_D::Pre_train_D_2.csv::306::test,Pre_train_D_2.csv,Challenge_D,veh_06,0,-1,0.7314814814814815,attack_free,benign_fp
83,unrelated_incidents,veh_06-w03,OCSLab_Car::normal_run_data.txt::256::test,normal_run_data.txt,OCSLab_Car,veh_06,0,-1,0.8940316686967114,attack_free,benign_fp
83,unrelated_incidents,veh_06-w04,Challenge_D::Pre_train_D_2.csv::42::test,Pre_train_D_2.csv,Challenge_D,veh_06,0,-1,0.8682659932659933,attack_free,benign_fp
83,unrelated_incidents,veh_06-w05,OCSLab_Car::gear_dataset.csv::752::test,gear_dataset.csv,OCSLab_Car,veh_06,0,-1,0.6167275680064962,attack_free,benign_fp
83,unrelated_incidents,veh_06-w06,OCSLab_Car::Fuzzy_dataset.csv::568::test,Fuzzy_dataset.csv,OCSLab_Car,veh_06,0,-1,0.6954933008526187,attack_free,benign_fp
83,unrelated_incidents,veh_06-w07,OCSLab_Car::normal_run_data.txt::432::test,normal_run_data.txt,OCSLab_Car,veh_06,0,-1,0.9833536337799432,attack_free,benign_fp
83,unrelated_incidents,veh_06-w08,Challenge_D::Pre_train_D_2.csv::653::test,Pre_train_D_2.csv,Challenge_D,veh_06,0,-1,0.6481481481481481,attack_free,benign_fp
83,unrelated_incidents,veh_06-w09,OCSLab_Car::RPM_dataset.csv::539::test,RPM_dataset.csv,OCSLab_Car,veh_06,0,-1,0.6386520503451076,attack_free,benign_fp
83,unrelated_incidents,veh_07-w00,OCSLab_Car::normal_run_data.txt::297::test,normal_run_data.txt,OCSLab_Car,veh_07,0,-1,0.9805115712545676,attack_free,benign_fp
83,unrelated_incidents,veh_07-w01,OCSLab_Car::normal_run_data.txt::476::test,normal_run_data.txt,OCSLab_Car,veh_07,0,-1,0.9663012586276898,attack_free,benign_fp
83,unrelated_incidents,veh_07-w02,Challenge_D::Pre_train_D_2.csv::735::test,Pre_train_D_2.csv,Challenge_D,veh_07,0,-1,0.6666666666666666,attack_free,benign_fp
83,unrelated_incidents,veh_07-w03,OCSLab_Car::normal_run_data.txt::238::test,normal_run_data.txt,OCSLab_Car,veh_07,0,-1,0.9772634997969956,attack_free,benign_fp
83,unrelated_incidents,veh_07-w04,Challenge_D::Pre_train_D_2.csv::77::test,Pre_train_D_2.csv,Challenge_D,veh_07,0,-1,0.7748316498316499,attack_free,benign_fp
83,unrelated_incidents,veh_07-w05,Challenge_S::Pre_train_S_1.csv::770::test,Pre_train_S_1.csv,Challenge_S,veh_07,0,-1,0.6675084175084175,attack_free,benign_fp
83,unrelated_incidents,veh_07-w06,OCSLab_Car::gear_dataset.csv::316::test,gear_dataset.csv,OCSLab_Car,veh_07,0,-1,0.7206658546488023,attack_free,benign_fp
83,unrelated_incidents,veh_07-w07,Challenge_S::Pre_train_S_2.csv::623::test,Pre_train_S_2.csv,Challenge_S,veh_07,0,-1,0.8354377104377104,attack_free,benign_fp
83,unrelated_incidents,veh_07-w08,Challenge_D::Pre_train_D_0.csv::166::test,Pre_train_D_0.csv,Challenge_D,veh_07,0,-1,0.835016835016835,attack_free,benign_fp
83,unrelated_incidents,veh_07-w09,OCSLab_Car::Fuzzy_dataset.csv::358::test,Fuzzy_dataset.csv,OCSLab_Car,veh_07,0,-1,0.9663012586276898,attack_free,benign_fp
83,unrelated_incidents,veh_08-w00,OCSLab_Car::normal_run_data.txt::156::test,normal_run_data.txt,OCSLab_Car,veh_08,0,-1,0.9350385708485588,attack_free,benign_fp
83,unrelated_incidents,veh_08-w01,Challenge_D::Pre_train_D_2.csv::46::test,Pre_train_D_2.csv,Challenge_D,veh_08,0,-1,0.6094276094276094,attack_free,benign_fp
83,unrelated_incidents,veh_08-w02,OCSLab_Car::gear_dataset.csv::762::test,gear_dataset.csv,OCSLab_Car,veh_08,0,-1,0.5903369874137231,attack_free,benign_fp
83,unrelated_incidents,veh_08-w03,Challenge_S::Pre_train_S_2.csv::633::test,Pre_train_S_2.csv,Challenge_S,veh_08,0,-1,0.6611952861952862,attack_free,benign_fp
83,unrelated_incidents,veh_08-w04,OCSLab_Car::normal_run_data.txt::431::test,normal_run_data.txt,OCSLab_Car,veh_08,0,-1,0.979293544457978,attack_free,benign_fp
83,unrelated_incidents,veh_08-w05,OCSLab_Car::normal_run_data.txt::106::test,normal_run_data.txt,OCSLab_Car,veh_08,0,-1,0.9390986601705238,attack_free,benign_fp
83,unrelated_incidents,veh_08-w06,Challenge_S::Pre_train_S_1.csv::728::test,Pre_train_S_1.csv,Challenge_S,veh_08,0,-1,0.8930976430976431,attack_free,benign_fp
83,unrelated_incidents,veh_08-w07,OCSLab_Car::normal_run_data.txt::730::test,normal_run_data.txt,OCSLab_Car,veh_08,0,-1,0.7040194884287454,attack_free,benign_fp
83,unrelated_incidents,veh_08-w08,OCSLab_Car::gear_dataset.csv::631::test,gear_dataset.csv,OCSLab_Car,veh_08,0,-1,0.8920016240357288,attack_free,benign_fp
83,unrelated_incidents,veh_08-w09,OCSLab_Car::normal_run_data.txt::733::test,normal_run_data.txt,OCSLab_Car,veh_08,0,-1,0.9001218026796589,attack_free,benign_fp
83,unrelated_incidents,veh_09-w00,OCSLab_Car::gear_dataset.csv::610::test,gear_dataset.csv,OCSLab_Car,veh_09,0,-1,0.6585464880227365,attack_free,benign_fp
83,unrelated_incidents,veh_09-w01,Challenge_D::Pre_train_D_1.csv::16::test,Pre_train_D_1.csv,Challenge_D,veh_09,0,-1,0.7247474747474747,attack_free,benign_fp
83,unrelated_incidents,veh_09-w02,OCSLab_Car::normal_run_data.txt::406::test,normal_run_data.txt,OCSLab_Car,veh_09,0,-1,0.9565570442549736,attack_free,benign_fp
83,unrelated_incidents,veh_09-w03,Challenge_D::Pre_train_D_1.csv::533::test,Pre_train_D_1.csv,Challenge_D,veh_09,0,-1,0.622895622895623,attack_free,benign_fp
83,unrelated_incidents,veh_09-w04,OCSLab_Car::normal_run_data.txt::694::test,normal_run_data.txt,OCSLab_Car,veh_09,0,-1,0.7182298010556232,attack_free,benign_fp
83,unrelated_incidents,veh_09-w05,Challenge_S::Pre_train_S_0.csv::163::test,Pre_train_S_0.csv,Challenge_S,veh_09,0,-1,0.6195286195286195,attack_free,benign_fp
83,unrelated_incidents,veh_09-w06,Challenge_S::Pre_train_S_1.csv::20::test,Pre_train_S_1.csv,Challenge_S,veh_09,0,-1,0.75,attack_free,benign_fp
83,unrelated_incidents,veh_09-w07,OCSLab_Car::normal_run_data.txt::632::test,normal_run_data.txt,OCSLab_Car,veh_09,0,-1,0.976045473000406,attack_free,benign_fp
83,unrelated_incidents,veh_09-w08,OCSLab_Car::gear_dataset.csv::324::test,gear_dataset.csv,OCSLab_Car,veh_09,0,-1,0.5765326837190419,attack_free,benign_fp
83,unrelated_incidents,veh_09-w09,OCSLab_Car::normal_run_data.txt::366::test,normal_run_data.txt,OCSLab_Car,veh_09,0,-1,0.681282988225741,attack_free,benign_fp
83,unrelated_incidents,veh_10-w00,OCSLab_Car::DoS_dataset.csv::365::test,DoS_dataset.csv,OCSLab_Car,veh_10,0,-1,0.6613885505481121,attack_free,benign_fp
83,unrelated_incidents,veh_10-w01,OCSLab_Car::normal_run_data.txt::786::test,normal_run_data.txt,OCSLab_Car,veh_10,0,-1,0.5866829070239545,attack_free,benign_fp
83,unrelated_incidents,veh_10-w02,Challenge_D::Pre_train_D_0.csv::140::test,Pre_train_D_0.csv,Challenge_D,veh_10,0,-1,0.781986531986532,attack_free,benign_fp
83,unrelated_incidents,veh_10-w03,OCSLab_Car::normal_run_data.txt::318::test,normal_run_data.txt,OCSLab_Car,veh_10,0,-1,0.8408444985789687,attack_free,benign_fp
83,unrelated_incidents,veh_10-w04,Challenge_S::Pre_train_S_2.csv::602::test,Pre_train_S_2.csv,Challenge_S,veh_10,0,-1,0.9208754208754208,attack_free,benign_fp
83,unrelated_incidents,veh_10-w05,OCSLab_Car::gear_dataset.csv::138::test,gear_dataset.csv,OCSLab_Car,veh_10,0,-1,0.5724725943970768,attack_free,benign_fp
83,unrelated_incidents,veh_10-w06,Challenge_D::Pre_train_D_1.csv::73::test,Pre_train_D_1.csv,Challenge_D,veh_10,0,-1,0.6460437710437711,attack_free,benign_fp
83,unrelated_incidents,veh_10-w07,OCSLab_Car::normal_run_data.txt::118::test,normal_run_data.txt,OCSLab_Car,veh_10,0,-1,0.953714981729598,attack_free,benign_fp
83,unrelated_incidents,veh_10-w08,OCSLab_Car::Fuzzy_dataset.csv::450::test,Fuzzy_dataset.csv,OCSLab_Car,veh_10,0,-1,0.6402760860738936,attack_free,benign_fp
83,unrelated_incidents,veh_10-w09,OCSLab_Car::normal_run_data.txt::222::test,normal_run_data.txt,OCSLab_Car,veh_10,0,-1,0.853024766544864,attack_free,benign_fp
83,unrelated_incidents,veh_11-w00,OCSLab_Car::gear_dataset.csv::772::test,gear_dataset.csv,OCSLab_Car,veh_11,0,-1,0.583028826634186,attack_free,benign_fp
83,unrelated_incidents,veh_11-w01,Challenge_S::Pre_train_S_2.csv::774::test,Pre_train_S_2.csv,Challenge_S,veh_11,0,-1,0.7815656565656566,attack_free,benign_fp
83,unrelated_incidents,veh_11-w02,OCSLab_Car::gear_dataset.csv::570::test,gear_dataset.csv,OCSLab_Car,veh_11,0,-1,0.5647584246853431,attack_free,benign_fp
83,unrelated_incidents,veh_11-w03,Challenge_S::Pre_train_S_0.csv::92::test,Pre_train_S_0.csv,Challenge_S,veh_11,0,-1,0.6140572390572391,attack_free,benign_fp
83,unrelated_incidents,veh_11-w04,OCSLab_Car::gear_dataset.csv::630::test,gear_dataset.csv,OCSLab_Car,veh_11,0,-1,0.9159561510353228,attack_free,benign_fp
83,unrelated_incidents,veh_11-w05,Challenge_D::Pre_train_D_2.csv::98::test,Pre_train_D_2.csv,Challenge_D,veh_11,0,-1,0.6321548821548821,attack_free,benign_fp
83,unrelated_incidents,veh_11-w06,OCSLab_Car::normal_run_data.txt::224::test,normal_run_data.txt,OCSLab_Car,veh_11,0,-1,0.9390986601705238,attack_free,benign_fp
83,unrelated_incidents,veh_11-w07,OCSLab_Car::normal_run_data.txt::302::test,normal_run_data.txt,OCSLab_Car,veh_11,0,-1,0.9821356069833536,attack_free,benign_fp
83,unrelated_incidents,veh_11-w08,Challenge_S::Pre_train_S_1.csv::334::test,Pre_train_S_1.csv,Challenge_S,veh_11,0,-1,0.6098484848484849,attack_free,benign_fp
83,unrelated_incidents,veh_11-w09,OCSLab_Car::normal_run_data.txt::530::test,normal_run_data.txt,OCSLab_Car,veh_11,0,-1,0.8120178643930166,attack_free,benign_fp
83,unrelated_incidents,veh_12-w00,OCSLab_Car::gear_dataset.csv::127::test,gear_dataset.csv,OCSLab_Car,veh_12,0,-1,0.6293138449045879,attack_free,benign_fp
83,unrelated_incidents,veh_12-w01,OCSLab_Car::gear_dataset.csv::82::test,gear_dataset.csv,OCSLab_Car,veh_12,0,-1,0.5513601299228583,attack_free,benign_fp
83,unrelated_incidents,veh_12-w02,Challenge_D::Pre_train_D_0.csv::102::test,Pre_train_D_0.csv,Challenge_D,veh_12,0,-1,0.9785353535353536,attack_free,benign_fp
83,unrelated_incidents,veh_12-w03,OCSLab_Car::normal_run_data.txt::447::test,normal_run_data.txt,OCSLab_Car,veh_12,0,-1,0.8717011774259034,attack_free,benign_fp
83,unrelated_incidents,veh_12-w04,Challenge_D::Pre_train_D_0.csv::103::test,Pre_train_D_0.csv,Challenge_D,veh_12,0,-1,0.9612794612794612,attack_free,benign_fp
83,unrelated_incidents,veh_12-w05,Challenge_D::Pre_train_D_1.csv::43::test,Pre_train_D_1.csv,Challenge_D,veh_12,0,-1,0.7908249158249159,attack_free,benign_fp
83,unrelated_incidents,veh_12-w06,OCSLab_Car::normal_run_data.txt::242::test,normal_run_data.txt,OCSLab_Car,veh_12,0,-1,0.9833536337799432,attack_free,benign_fp
83,unrelated_incidents,veh_12-w07,Challenge_D::Pre_train_D_0.csv::12::test,Pre_train_D_0.csv,Challenge_D,veh_12,0,-1,0.9612794612794612,attack_free,benign_fp
83,unrelated_incidents,veh_12-w08,Challenge_D::Pre_train_D_2.csv::299::test,Pre_train_D_2.csv,Challenge_D,veh_12,0,-1,0.7432659932659933,attack_free,benign_fp
83,unrelated_incidents,veh_12-w09,OCSLab_Car::normal_run_data.txt::700::test,normal_run_data.txt,OCSLab_Car,veh_12,0,-1,0.9326025172553796,attack_free,benign_fp
83,unrelated_incidents,veh_13-w00,Challenge_D::Pre_train_D_1.csv::51::test,Pre_train_D_1.csv,Challenge_D,veh_13,0,-1,0.5542929292929293,attack_free,benign_fp
83,unrelated_incidents,veh_13-w01,OCSLab_Car::normal_run_data.txt::515::test,normal_run_data.txt,OCSLab_Car,veh_13,0,-1,0.8172959805115713,attack_free,benign_fp
83,unrelated_incidents,veh_13-w02,OCSLab_Car::normal_run_data.txt::42::test,normal_run_data.txt,OCSLab_Car,veh_13,0,-1,0.6674786845310596,attack_free,benign_fp
83,unrelated_incidents,veh_13-w03,Challenge_S::Pre_train_S_0.csv::211::test,Pre_train_S_0.csv,Challenge_S,veh_13,0,-1,0.9217171717171716,attack_free,benign_fp
83,unrelated_incidents,veh_13-w04,OCSLab_Car::normal_run_data.txt::750::test,normal_run_data.txt,OCSLab_Car,veh_13,0,-1,0.7742590336987414,attack_free,benign_fp
83,unrelated_incidents,veh_13-w05,Challenge_S::Pre_train_S_2.csv::606::test,Pre_train_S_2.csv,Challenge_S,veh_13,0,-1,0.8775252525252525,attack_free,benign_fp
83,unrelated_incidents,veh_13-w06,Challenge_S::Pre_train_S_0.csv::133::test,Pre_train_S_0.csv,Challenge_S,veh_13,0,-1,0.6893939393939394,attack_free,benign_fp
83,unrelated_incidents,veh_13-w07,OCSLab_Car::normal_run_data.txt::606::test,normal_run_data.txt,OCSLab_Car,veh_13,0,-1,0.9703613479496548,attack_free,benign_fp
83,unrelated_incidents,veh_13-w08,OCSLab_Car::RPM_dataset.csv::624::test,RPM_dataset.csv,OCSLab_Car,veh_13,0,-1,0.5883069427527405,attack_free,benign_fp
83,unrelated_incidents,veh_13-w09,OCSLab_Car::normal_run_data.txt::217::test,normal_run_data.txt,OCSLab_Car,veh_13,0,-1,0.9626471782379212,attack_free,benign_fp
83,unrelated_incidents,veh_14-w00,OCSLab_Car::gear_dataset.csv::564::test,gear_dataset.csv,OCSLab_Car,veh_14,0,-1,0.6979293544457978,attack_free,benign_fp
83,unrelated_incidents,veh_14-w01,Challenge_S::Pre_train_S_0.csv::276::test,Pre_train_S_0.csv,Challenge_S,veh_14,0,-1,0.917087542087542,attack_free,benign_fp
83,unrelated_incidents,veh_14-w02,Challenge_D::Pre_train_D_2.csv::300::test,Pre_train_D_2.csv,Challenge_D,veh_14,0,-1,0.9949494949494948,attack_free,benign_fp
83,unrelated_incidents,veh_14-w03,OCSLab_Car::normal_run_data.txt::177::test,normal_run_data.txt,OCSLab_Car,veh_14,0,-1,0.8656110434429557,attack_free,benign_fp
83,unrelated_incidents,veh_14-w04,OCSLab_Car::normal_run_data.txt::272::test,normal_run_data.txt,OCSLab_Car,veh_14,0,-1,0.9882257409663012,attack_free,benign_fp
83,unrelated_incidents,veh_14-w05,Challenge_D::Pre_train_D_1.csv::84::test,Pre_train_D_1.csv,Challenge_D,veh_14,0,-1,0.6321548821548821,attack_free,benign_fp
83,unrelated_incidents,veh_14-w06,Challenge_S::Pre_train_S_2.csv::592::test,Pre_train_S_2.csv,Challenge_S,veh_14,0,-1,0.7546296296296297,attack_free,benign_fp
83,unrelated_incidents,veh_14-w07,OCSLab_Car::normal_run_data.txt::501::test,normal_run_data.txt,OCSLab_Car,veh_14,0,-1,0.8375964271213967,attack_free,benign_fp
83,unrelated_incidents,veh_14-w08,Challenge_D::Pre_train_D_0.csv::55::test,Pre_train_D_0.csv,Challenge_D,veh_14,0,-1,0.8968855218855218,attack_free,benign_fp
83,unrelated_incidents,veh_14-w09,OCSLab_Car::DoS_dataset.csv::381::test,DoS_dataset.csv,OCSLab_Car,veh_14,0,-1,0.5501421031262688,attack_free,benign_fp
83,unrelated_incidents,veh_15-w00,Challenge_S::Pre_train_S_2.csv::726::test,Pre_train_S_2.csv,Challenge_S,veh_15,0,-1,0.5707070707070707,attack_free,benign_fp
83,unrelated_incidents,veh_15-w01,OCSLab_Car::gear_dataset.csv::582::test,gear_dataset.csv,OCSLab_Car,veh_15,0,-1,0.7730410069021518,attack_free,benign_fp
83,unrelated_incidents,veh_15-w02,OCSLab_Car::normal_run_data.txt::340::test,normal_run_data.txt,OCSLab_Car,veh_15,0,-1,0.934632561916362,attack_free,benign_fp
83,unrelated_incidents,veh_15-w03,OCSLab_Car::gear_dataset.csv::548::test,gear_dataset.csv,OCSLab_Car,veh_15,0,-1,0.7105156313438896,attack_free,benign_fp
83,unrelated_incidents,veh_15-w04,OCSLab_Car::normal_run_data.txt::488::test,normal_run_data.txt,OCSLab_Car,veh_15,0,-1,0.9212342671538774,attack_free,benign_fp
83,unrelated_incidents,veh_15-w05,OCSLab_Car::normal_run_data.txt::552::test,normal_run_data.txt,OCSLab_Car,veh_15,0,-1,0.8241981323589119,attack_free,benign_fp
83,unrelated_incidents,veh_15-w06,OCSLab_Car::DoS_dataset.csv::129::test,DoS_dataset.csv,OCSLab_Car,veh_15,0,-1,0.6447421843280552,attack_free,benign_fp
83,unrelated_incidents,veh_15-w07,Challenge_S::Pre_train_S_1.csv::12::test,Pre_train_S_1.csv,Challenge_S,veh_15,0,-1,0.7933501683501684,attack_free,benign_fp
83,unrelated_incidents,veh_15-w08,OCSLab_Car::normal_run_data.txt::195::test,normal_run_data.txt,OCSLab_Car,veh_15,0,-1,0.7247259439707674,attack_free,benign_fp
83,unrelated_incidents,veh_15-w09,Challenge_S::Pre_train_S_0.csv::198::test,Pre_train_S_0.csv,Challenge_S,veh_15,0,-1,0.5955387205387206,attack_free,benign_fp
83,unrelated_incidents,veh_16-w00,Challenge_S::Pre_train_S_2.csv::577::test,Pre_train_S_2.csv,Challenge_S,veh_16,0,-1,0.877104377104377,attack_free,benign_fp
83,unrelated_incidents,veh_16-w01,OCSLab_Car::normal_run_data.txt::772::test,normal_run_data.txt,OCSLab_Car,veh_16,0,-1,0.8168899715793747,attack_free,benign_fp
83,unrelated_incidents,veh_16-w02,Challenge_S::Pre_train_S_0.csv::274::test,Pre_train_S_0.csv,Challenge_S,veh_16,0,-1,0.7403198653198653,attack_free,benign_fp
83,unrelated_incidents,veh_16-w03,OCSLab_Car::DoS_dataset.csv::514::test,DoS_dataset.csv,OCSLab_Car,veh_16,0,-1,0.5797807551766139,attack_free,benign_fp
83,unrelated_incidents,veh_16-w04,Challenge_S::Pre_train_S_1.csv::733::test,Pre_train_S_1.csv,Challenge_S,veh_16,0,-1,0.6557239057239057,attack_free,benign_fp
83,unrelated_incidents,veh_16-w05,Challenge_S::Pre_train_S_0.csv::190::test,Pre_train_S_0.csv,Challenge_S,veh_16,0,-1,0.5803872053872053,attack_free,benign_fp
83,unrelated_incidents,veh_16-w06,Challenge_S::Pre_train_S_2.csv::615::test,Pre_train_S_2.csv,Challenge_S,veh_16,0,-1,0.7516835016835017,attack_free,benign_fp
83,unrelated_incidents,veh_16-w07,Challenge_S::Pre_train_S_2.csv::12::test,Pre_train_S_2.csv,Challenge_S,veh_16,0,-1,0.9583333333333334,attack_free,benign_fp
83,unrelated_incidents,veh_16-w08,OCSLab_Car::DoS_dataset.csv::356::test,DoS_dataset.csv,OCSLab_Car,veh_16,0,-1,0.5659764514819327,attack_free,benign_fp
83,unrelated_incidents,veh_16-w09,OCSLab_Car::normal_run_data.txt::662::test,normal_run_data.txt,OCSLab_Car,veh_16,0,-1,0.6780349167681688,attack_free,benign_fp
83,unrelated_incidents,veh_17-w00,OCSLab_Car::normal_run_data.txt::448::test,normal_run_data.txt,OCSLab_Car,veh_17,0,-1,0.757206658546488,attack_free,benign_fp
83,unrelated_incidents,veh_17-w01,OCSLab_Car::DoS_dataset.csv::221::test,DoS_dataset.csv,OCSLab_Car,veh_17,0,-1,0.6552984165651644,attack_free,benign_fp
83,unrelated_incidents,veh_17-w02,Challenge_D::Pre_train_D_0.csv::150::test,Pre_train_D_0.csv,Challenge_D,veh_17,0,-1,0.7596801346801347,attack_free,benign_fp
83,unrelated_incidents,veh_17-w03,OCSLab_Car::normal_run_data.txt::780::test,normal_run_data.txt,OCSLab_Car,veh_17,0,-1,0.7718229801055623,attack_free,benign_fp
83,unrelated_incidents,veh_17-w04,OCSLab_Car::normal_run_data.txt::546::test,normal_run_data.txt,OCSLab_Car,veh_17,0,-1,0.877791311408851,attack_free,benign_fp
83,unrelated_incidents,veh_17-w05,OCSLab_Car::normal_run_data.txt::194::test,normal_run_data.txt,OCSLab_Car,veh_17,0,-1,0.853024766544864,attack_free,benign_fp
83,unrelated_incidents,veh_17-w06,Challenge_S::Pre_train_S_0.csv::64::test,Pre_train_S_0.csv,Challenge_S,veh_17,0,-1,0.9587542087542088,attack_free,benign_fp
83,unrelated_incidents,veh_17-w07,OCSLab_Car::normal_run_data.txt::732::test,normal_run_data.txt,OCSLab_Car,veh_17,0,-1,0.928948436865611,attack_free,benign_fp
83,unrelated_incidents,veh_17-w08,OCSLab_Car::gear_dataset.csv::565::test,gear_dataset.csv,OCSLab_Car,veh_17,0,-1,0.8631749898497767,attack_free,benign_fp
83,unrelated_incidents,veh_17-w09,OCSLab_Car::DoS_dataset.csv::484::test,DoS_dataset.csv,OCSLab_Car,veh_17,0,-1,0.8461226146975234,attack_free,benign_fp
83,unrelated_incidents,veh_18-w00,OCSLab_Car::normal_run_data.txt::360::test,normal_run_data.txt,OCSLab_Car,veh_18,0,-1,0.94884287454324,attack_free,benign_fp
83,unrelated_incidents,veh_18-w01,OCSLab_Car::normal_run_data.txt::525::test,normal_run_data.txt,OCSLab_Car,veh_18,0,-1,0.8972797401542834,attack_free,benign_fp
83,unrelated_incidents,veh_18-w02,Challenge_S::Pre_train_S_0.csv::182::test,Pre_train_S_0.csv,Challenge_S,veh_18,0,-1,0.9284511784511784,attack_free,benign_fp
83,unrelated_incidents,veh_18-w03,OCSLab_Car::normal_run_data.txt::421::test,normal_run_data.txt,OCSLab_Car,veh_18,0,-1,0.9634591961023142,attack_free,benign_fp
83,unrelated_incidents,veh_18-w04,OCSLab_Car::gear_dataset.csv::616::test,gear_dataset.csv,OCSLab_Car,veh_18,0,-1,0.5513601299228583,attack_free,benign_fp
83,unrelated_incidents,veh_18-w05,OCSLab_Car::normal_run_data.txt::294::test,normal_run_data.txt,OCSLab_Car,veh_18,0,-1,0.9857896873731222,attack_free,benign_fp
83,unrelated_incidents,veh_18-w06,OCSLab_Car::normal_run_data.txt::204::test,normal_run_data.txt,OCSLab_Car,veh_18,0,-1,0.9801055623223712,attack_free,benign_fp
83,unrelated_incidents,veh_18-w07,Challenge_S::Pre_train_S_2.csv::791::test,Pre_train_S_2.csv,Challenge_S,veh_18,0,-1,0.9861111111111112,attack_free,benign_fp
83,unrelated_incidents,veh_18-w08,Challenge_D::Pre_train_D_0.csv::177::test,Pre_train_D_0.csv,Challenge_D,veh_18,0,-1,0.8935185185185185,attack_free,benign_fp
83,unrelated_incidents,veh_18-w09,OCSLab_Car::RPM_dataset.csv::681::test,RPM_dataset.csv,OCSLab_Car,veh_18,0,-1,0.558262281770199,attack_free,benign_fp
83,unrelated_incidents,veh_19-w00,Challenge_S::Pre_train_S_1.csv::14::test,Pre_train_S_1.csv,Challenge_S,veh_19,0,-1,0.593013468013468,attack_free,benign_fp
83,unrelated_incidents,veh_19-w01,OCSLab_Car::normal_run_data.txt::344::test,normal_run_data.txt,OCSLab_Car,veh_19,0,-1,0.9671132764920828,attack_free,benign_fp
83,unrelated_incidents,veh_19-w02,OCSLab_Car::normal_run_data.txt::69::test,normal_run_data.txt,OCSLab_Car,veh_19,0,-1,0.8457166057653268,attack_free,benign_fp
83,unrelated_incidents,veh_19-w03,OCSLab_Car::gear_dataset.csv::131::test,gear_dataset.csv,OCSLab_Car,veh_19,0,-1,0.6244417377182298,attack_free,benign_fp
83,unrelated_incidents,veh_19-w04,OCSLab_Car::normal_run_data.txt::478::test,normal_run_data.txt,OCSLab_Car,veh_19,0,-1,0.7921234267153877,attack_free,benign_fp
83,unrelated_incidents,veh_19-w05,Challenge_D::Pre_train_D_2.csv::671::test,Pre_train_D_2.csv,Challenge_D,veh_19,0,-1,0.7908249158249159,attack_free,benign_fp
83,unrelated_incidents,veh_19-w06,OCSLab_Car::normal_run_data.txt::439::test,normal_run_data.txt,OCSLab_Car,veh_19,0,-1,0.9183922046285018,attack_free,benign_fp
83,unrelated_incidents,veh_19-w07,Challenge_D::Pre_train_D_0.csv::75::test,Pre_train_D_0.csv,Challenge_D,veh_19,0,-1,0.8228114478114478,attack_free,benign_fp
83,unrelated_incidents,veh_19-w08,Challenge_S::Pre_train_S_0.csv::102::test,Pre_train_S_0.csv,Challenge_S,veh_19,0,-1,0.7790404040404041,attack_free,benign_fp
83,unrelated_incidents,veh_19-w09,OCSLab_Car::normal_run_data.txt::721::test,normal_run_data.txt,OCSLab_Car,veh_19,0,-1,0.9066179455948032,attack_free,benign_fp
97,strong_campaign,veh_00-w00,OCSLab_Car::Fuzzy_dataset.csv::13::test,Fuzzy_dataset.csv,OCSLab_Car,veh_00,1,0,0.9772634997969956,fuzzy,fuzzy
97,strong_campaign,veh_00-w01,OCSLab_Car::Fuzzy_dataset.csv::633::test,Fuzzy_dataset.csv,OCSLab_Car,veh_00,1,0,1.0,fuzzy,fuzzy
97,strong_campaign,veh_00-w02,OCSLab_Car::Fuzzy_dataset.csv::515::test,Fuzzy_dataset.csv,OCSLab_Car,veh_00,1,0,1.0,fuzzy,fuzzy
97,strong_campaign,veh_00-w03,OCSLab_Car::Fuzzy_dataset.csv::14::test,Fuzzy_dataset.csv,OCSLab_Car,veh_00,1,0,1.0,fuzzy,fuzzy
97,strong_campaign,veh_00-w04,OCSLab_Car::Fuzzy_dataset.csv::18::test,Fuzzy_dataset.csv,OCSLab_Car,veh_00,1,0,1.0,fuzzy,fuzzy
97,strong_campaign,veh_00-w05,OCSLab_Car::Fuzzy_dataset.csv::673::test,Fuzzy_dataset.csv,OCSLab_Car,veh_00,1,0,1.0,fuzzy,fuzzy
97,strong_campaign,veh_00-w06,OCSLab_Car::Fuzzy_dataset.csv::34::test,Fuzzy_dataset.csv,OCSLab_Car,veh_00,1,0,1.0,fuzzy,fuzzy
97,strong_campaign,veh_00-w07,OCSLab_Car::Fuzzy_dataset.csv::337::test,Fuzzy_dataset.csv,OCSLab_Car,veh_00,1,0,1.0,fuzzy,fuzzy
97,strong_campaign,veh_00-w08,OCSLab_Car::Fuzzy_dataset.csv::715::test,Fuzzy_dataset.csv,OCSLab_Car,veh_00,1,0,1.0,fuzzy,fuzzy
97,strong_campaign,veh_00-w09,OCSLab_Car::Fuzzy_dataset.csv::704::test,Fuzzy_dataset.csv,OCSLab_Car,veh_00,1,0,1.0,fuzzy,fuzzy
97,strong_campaign,veh_01-w00,OCSLab_Car::Fuzzy_dataset.csv::680::test,Fuzzy_dataset.csv,OCSLab_Car,veh_01,1,0,1.0,fuzzy,fuzzy
97,strong_campaign,veh_01-w01,OCSLab_Car::Fuzzy_dataset.csv::714::test,Fuzzy_dataset.csv,OCSLab_Car,veh_01,1,0,1.0,fuzzy,fuzzy
97,strong_campaign,veh_01-w02,OCSLab_Car::Fuzzy_dataset.csv::603::test,Fuzzy_dataset.csv,OCSLab_Car,veh_01,1,0,1.0,fuzzy,fuzzy
97,strong_campaign,veh_01-w03,OCSLab_Car::Fuzzy_dataset.csv::315::test,Fuzzy_dataset.csv,OCSLab_Car,veh_01,1,0,1.0,fuzzy,fuzzy
97,strong_campaign,veh_01-w04,OCSLab_Car::Fuzzy_dataset.csv::158::test,Fuzzy_dataset.csv,OCSLab_Car,veh_01,1,0,1.0,fuzzy,fuzzy
97,strong_campaign,veh_01-w05,OCSLab_Car::Fuzzy_dataset.csv::511::test,Fuzzy_dataset.csv,OCSLab_Car,veh_01,1,0,1.0,fuzzy,fuzzy
97,strong_campaign,veh_01-w06,OCSLab_Car::Fuzzy_dataset.csv::501::test,Fuzzy_dataset.csv,OCSLab_Car,veh_01,1,0,1.0,fuzzy,fuzzy
97,strong_campaign,veh_01-w07,OCSLab_Car::Fuzzy_dataset.csv::636::test,Fuzzy_dataset.csv,OCSLab_Car,veh_01,1,0,1.0,fuzzy,fuzzy
97,strong_campaign,veh_01-w08,OCSLab_Car::Fuzzy_dataset.csv::347::test,Fuzzy_dataset.csv,OCSLab_Car,veh_01,1,0,1.0,fuzzy,fuzzy
97,strong_campaign,veh_01-w09,OCSLab_Car::Fuzzy_dataset.csv::22::test,Fuzzy_dataset.csv,OCSLab_Car,veh_01,1,0,1.0,fuzzy,fuzzy
97,strong_campaign,veh_02-w00,OCSLab_Car::Fuzzy_dataset.csv::675::test,Fuzzy_dataset.csv,OCSLab_Car,veh_02,1,0,1.0,fuzzy,fuzzy
97,strong_campaign,veh_02-w01,OCSLab_Car::Fuzzy_dataset.csv::165::test,Fuzzy_dataset.csv,OCSLab_Car,veh_02,1,0,1.0,fuzzy,fuzzy
97,strong_campaign,veh_02-w02,OCSLab_Car::Fuzzy_dataset.csv::495::test,Fuzzy_dataset.csv,OCSLab_Car,veh_02,1,0,1.0,fuzzy,fuzzy
97,strong_campaign,veh_02-w03,OCSLab_Car::Fuzzy_dataset.csv::37::test,Fuzzy_dataset.csv,OCSLab_Car,veh_02,1,0,1.0,fuzzy,fuzzy
97,strong_campaign,veh_02-w04,OCSLab_Car::Fuzzy_dataset.csv::500::test,Fuzzy_dataset.csv,OCSLab_Car,veh_02,1,0,1.0,fuzzy,fuzzy
97,strong_campaign,veh_02-w05,OCSLab_Car::Fuzzy_dataset.csv::744::test,Fuzzy_dataset.csv,OCSLab_Car,veh_02,1,0,1.0,fuzzy,fuzzy
97,strong_campaign,veh_02-w06,OCSLab_Car::Fuzzy_dataset.csv::42::test,Fuzzy_dataset.csv,OCSLab_Car,veh_02,1,0,1.0,fuzzy,fuzzy
97,strong_campaign,veh_02-w07,OCSLab_Car::Fuzzy_dataset.csv::333::test,Fuzzy_dataset.csv,OCSLab_Car,veh_02,1,0,1.0,fuzzy,fuzzy
97,strong_campaign,veh_02-w08,OCSLab_Car::Fuzzy_dataset.csv::322::test,Fuzzy_dataset.csv,OCSLab_Car,veh_02,1,0,1.0,fuzzy,fuzzy
97,strong_campaign,veh_02-w09,OCSLab_Car::Fuzzy_dataset.csv::679::test,Fuzzy_dataset.csv,OCSLab_Car,veh_02,1,0,1.0,fuzzy,fuzzy
97,strong_campaign,veh_03-w00,OCSLab_Car::Fuzzy_dataset.csv::159::test,Fuzzy_dataset.csv,OCSLab_Car,veh_03,1,0,1.0,fuzzy,fuzzy
97,strong_campaign,veh_03-w01,OCSLab_Car::Fuzzy_dataset.csv::671::test,Fuzzy_dataset.csv,OCSLab_Car,veh_03,1,0,1.0,fuzzy,fuzzy
97,strong_campaign,veh_03-w02,OCSLab_Car::Fuzzy_dataset.csv::740::test,Fuzzy_dataset.csv,OCSLab_Car,veh_03,1,0,1.0,fuzzy,fuzzy
97,strong_campaign,veh_03-w03,OCSLab_Car::Fuzzy_dataset.csv::708::test,Fuzzy_dataset.csv,OCSLab_Car,veh_03,1,0,1.0,fuzzy,fuzzy
97,strong_campaign,veh_03-w04,OCSLab_Car::Fuzzy_dataset.csv::746::test,Fuzzy_dataset.csv,OCSLab_Car,veh_03,1,0,1.0,fuzzy,fuzzy
97,strong_campaign,veh_03-w05,OCSLab_Car::Fuzzy_dataset.csv::314::test,Fuzzy_dataset.csv,OCSLab_Car,veh_03,1,0,1.0,fuzzy,fuzzy
97,strong_campaign,veh_03-w06,OCSLab_Car::Fuzzy_dataset.csv::739::test,Fuzzy_dataset.csv,OCSLab_Car,veh_03,1,0,1.0,fuzzy,fuzzy
97,strong_campaign,veh_03-w07,OCSLab_Car::Fuzzy_dataset.csv::661::test,Fuzzy_dataset.csv,OCSLab_Car,veh_03,1,0,1.0,fuzzy,fuzzy
97,strong_campaign,veh_03-w08,OCSLab_Car::Fuzzy_dataset.csv::701::test,Fuzzy_dataset.csv,OCSLab_Car,veh_03,1,0,1.0,fuzzy,fuzzy
97,strong_campaign,veh_03-w09,OCSLab_Car::Fuzzy_dataset.csv::488::test,Fuzzy_dataset.csv,OCSLab_Car,veh_03,1,0,1.0,fuzzy,fuzzy
97,strong_campaign,veh_04-w00,OCSLab_Car::Fuzzy_dataset.csv::609::test,Fuzzy_dataset.csv,OCSLab_Car,veh_04,1,0,1.0,fuzzy,fuzzy
97,strong_campaign,veh_04-w01,OCSLab_Car::Fuzzy_dataset.csv::38::test,Fuzzy_dataset.csv,OCSLab_Car,veh_04,1,0,1.0,fuzzy,fuzzy
97,strong_campaign,veh_04-w02,OCSLab_Car::Fuzzy_dataset.csv::508::test,Fuzzy_dataset.csv,OCSLab_Car,veh_04,1,0,1.0,fuzzy,fuzzy
97,strong_campaign,veh_04-w03,OCSLab_Car::Fuzzy_dataset.csv::485::test,Fuzzy_dataset.csv,OCSLab_Car,veh_04,1,0,1.0,fuzzy,fuzzy
97,strong_campaign,veh_04-w04,OCSLab_Car::Fuzzy_dataset.csv::659::test,Fuzzy_dataset.csv,OCSLab_Car,veh_04,1,0,1.0,fuzzy,fuzzy
97,strong_campaign,veh_04-w05,OCSLab_Car::Fuzzy_dataset.csv::331::test,Fuzzy_dataset.csv,OCSLab_Car,veh_04,1,0,1.0,fuzzy,fuzzy
97,strong_campaign,veh_04-w06,OCSLab_Car::Fuzzy_dataset.csv::155::test,Fuzzy_dataset.csv,OCSLab_Car,veh_04,1,0,1.0,fuzzy,fuzzy
97,strong_campaign,veh_04-w07,OCSLab_Car::Fuzzy_dataset.csv::319::test,Fuzzy_dataset.csv,OCSLab_Car,veh_04,1,0,1.0,fuzzy,fuzzy
97,strong_campaign,veh_04-w08,OCSLab_Car::Fuzzy_dataset.csv::47::test,Fuzzy_dataset.csv,OCSLab_Car,veh_04,1,0,1.0,fuzzy,fuzzy
97,strong_campaign,veh_04-w09,OCSLab_Car::Fuzzy_dataset.csv::160::test,Fuzzy_dataset.csv,OCSLab_Car,veh_04,1,0,1.0,fuzzy,fuzzy
97,strong_campaign,veh_05-w00,Challenge_S::Pre_train_S_2.csv::651::test,Pre_train_S_2.csv,Challenge_S,veh_05,0,-1,0.7015993265993266,attack_free,benign_fp
97,strong_campaign,veh_05-w01,OCSLab_Car::normal_run_data.txt::517::test,normal_run_data.txt,OCSLab_Car,veh_05,0,-1,0.7332521315468941,attack_free,benign_fp
97,strong_campaign,veh_05-w02,Challenge_D::Pre_train_D_1.csv::19::test,Pre_train_D_1.csv,Challenge_D,veh_05,0,-1,0.5618686868686869,attack_free,benign_fp
97,strong_campaign,veh_05-w03,OCSLab_Car::normal_run_data.txt::304::test,normal_run_data.txt,OCSLab_Car,veh_05,0,-1,0.903369874137231,attack_free,benign_fp
97,strong_campaign,veh_05-w04,Challenge_D::Pre_train_D_0.csv::100::test,Pre_train_D_0.csv,Challenge_D,veh_05,0,-1,0.933080808080808,attack_free,benign_fp
97,strong_campaign,veh_05-w05,OCSLab_Car::normal_run_data.txt::68::test,normal_run_data.txt,OCSLab_Car,veh_05,0,-1,0.927324401136825,attack_free,benign_fp
97,strong_campaign,veh_05-w06,Challenge_S::Pre_train_S_2.csv::552::test,Pre_train_S_2.csv,Challenge_S,veh_05,0,-1,0.6961279461279462,attack_free,benign_fp
97,strong_campaign,veh_05-w07,Challenge_D::Pre_train_D_1.csv::41::test,Pre_train_D_1.csv,Challenge_D,veh_05,0,-1,0.6872895622895623,attack_free,benign_fp
97,strong_campaign,veh_05-w08,Challenge_S::Pre_train_S_1.csv::771::test,Pre_train_S_1.csv,Challenge_S,veh_05,0,-1,0.8964646464646465,attack_free,benign_fp
97,strong_campaign,veh_05-w09,Challenge_S::Pre_train_S_1.csv::22::test,Pre_train_S_1.csv,Challenge_S,veh_05,0,-1,0.6178451178451179,attack_free,benign_fp
97,strong_campaign,veh_06-w00,OCSLab_Car::normal_run_data.txt::397::test,normal_run_data.txt,OCSLab_Car,veh_06,0,-1,0.8867235079171741,attack_free,benign_fp
97,strong_campaign,veh_06-w01,OCSLab_Car::normal_run_data.txt::15::test,normal_run_data.txt,OCSLab_Car,veh_06,0,-1,0.8611449451887941,attack_free,benign_fp
97,strong_campaign,veh_06-w02,Challenge_D::Pre_train_D_0.csv::252::test,Pre_train_D_0.csv,Challenge_D,veh_06,0,-1,0.7117003367003367,attack_free,benign_fp
97,strong_campaign,veh_06-w03,Challenge_S::Pre_train_S_2.csv::631::test,Pre_train_S_2.csv,Challenge_S,veh_06,0,-1,0.997895622895623,attack_free,benign_fp
97,strong_campaign,veh_06-w04,OCSLab_Car::normal_run_data.txt::780::test,normal_run_data.txt,OCSLab_Car,veh_06,0,-1,0.7718229801055623,attack_free,benign_fp
97,strong_campaign,veh_06-w05,OCSLab_Car::normal_run_data.txt::686::test,normal_run_data.txt,OCSLab_Car,veh_06,0,-1,0.7884693463256192,attack_free,benign_fp
97,strong_campaign,veh_06-w06,Challenge_S::Pre_train_S_2.csv::598::test,Pre_train_S_2.csv,Challenge_S,veh_06,0,-1,0.859006734006734,attack_free,benign_fp
97,strong_campaign,veh_06-w07,Challenge_S::Pre_train_S_0.csv::169::test,Pre_train_S_0.csv,Challenge_S,veh_06,0,-1,0.8712121212121212,attack_free,benign_fp
97,strong_campaign,veh_06-w08,OCSLab_Car::normal_run_data.txt::113::test,normal_run_data.txt,OCSLab_Car,veh_06,0,-1,0.8116118554608202,attack_free,benign_fp
97,strong_campaign,veh_06-w09,Challenge_S::Pre_train_S_1.csv::762::test,Pre_train_S_1.csv,Challenge_S,veh_06,0,-1,0.9023569023569024,attack_free,benign_fp
97,strong_campaign,veh_07-w00,Challenge_S::Pre_train_S_0.csv::74::test,Pre_train_S_0.csv,Challenge_S,veh_07,0,-1,0.6982323232323232,attack_free,benign_fp
97,strong_campaign,veh_07-w01,OCSLab_Car::normal_run_data.txt::692::test,normal_run_data.txt,OCSLab_Car,veh_07,0,-1,0.7669508729192043,attack_free,benign_fp
97,strong_campaign,veh_07-w02,Challenge_S::Pre_train_S_2.csv::787::test,Pre_train_S_2.csv,Challenge_S,veh_07,0,-1,0.7285353535353535,attack_free,benign_fp
97,strong_campaign,veh_07-w03,OCSLab_Car::DoS_dataset.csv::391::test,DoS_dataset.csv,OCSLab_Car,veh_07,0,-1,0.5647584246853431,attack_free,benign_fp
97,strong_campaign,veh_07-w04,OCSLab_Car::gear_dataset.csv::537::test,gear_dataset.csv,OCSLab_Car,veh_07,0,-1,0.758018676410881,attack_free,benign_fp
97,strong_campaign,veh_07-w05,OCSLab_Car::gear_dataset.csv::559::test,gear_dataset.csv,OCSLab_Car,veh_07,0,-1,0.606171335769387,attack_free,benign_fp
97,strong_campaign,veh_07-w06,Challenge_D::Pre_train_D_2.csv::44::test,Pre_train_D_2.csv,Challenge_D,veh_07,0,-1,0.9225589225589226,attack_free,benign_fp
97,strong_campaign,veh_07-w07,OCSLab_Car::normal_run_data.txt::426::test,normal_run_data.txt,OCSLab_Car,veh_07,0,-1,0.976857490864799,attack_free,benign_fp
97,strong_campaign,veh_07-w08,OCSLab_Car::normal_run_data.txt::27::test,normal_run_data.txt,OCSLab_Car,veh_07,0,-1,0.6954933008526187,attack_free,benign_fp
97,strong_campaign,veh_07-w09,OCSLab_Car::RPM_dataset.csv::573::test,RPM_dataset.csv,OCSLab_Car,veh_07,0,-1,0.5517661388550548,attack_free,benign_fp
97,strong_campaign,veh_08-w00,OCSLab_Car::normal_run_data.txt::11::test,normal_run_data.txt,OCSLab_Car,veh_08,0,-1,0.7949654892407633,attack_free,benign_fp
97,strong_campaign,veh_08-w01,OCSLab_Car::normal_run_data.txt::393::test,normal_run_data.txt,OCSLab_Car,veh_08,0,-1,0.9053999187982136,attack_free,benign_fp
97,strong_campaign,veh_08-w02,OCSLab_Car::normal_run_data.txt::620::test,normal_run_data.txt,OCSLab_Car,veh_08,0,-1,0.925700365408039,attack_free,benign_fp
97,strong_campaign,veh_08-w03,OCSLab_Car::normal_run_data.txt::729::test,normal_run_data.txt,OCSLab_Car,veh_08,0,-1,0.7243199350385708,attack_free,benign_fp
97,strong_campaign,veh_08-w04,Challenge_D::Pre_train_D_2.csv::54::test,Pre_train_D_2.csv,Challenge_D,veh_08,0,-1,0.976010101010101,attack_free,benign_fp
97,strong_campaign,veh_08-w05,Challenge_S::Pre_train_S_2.csv::4::test,Pre_train_S_2.csv,Challenge_S,veh_08,0,-1,0.6435185185185185,attack_free,benign_fp
97,strong_campaign,veh_08-w06,OCSLab_Car::normal_run_data.txt::547::test,normal_run_data.txt,OCSLab_Car,veh_08,0,-1,0.7243199350385708,attack_free,benign_fp
97,strong_campaign,veh_08-w07,Challenge_D::Pre_train_D_2.csv::43::test,Pre_train_D_2.csv,Challenge_D,veh_08,0,-1,0.6414141414141414,attack_free,benign_fp
97,strong_campaign,veh_08-w08,OCSLab_Car::normal_run_data.txt::627::test,normal_run_data.txt,OCSLab_Car,veh_08,0,-1,0.9650832318311002,attack_free,benign_fp
97,strong_campaign,veh_08-w09,Challenge_D::Pre_train_D_0.csv::275::test,Pre_train_D_0.csv,Challenge_D,veh_08,0,-1,0.821969696969697,attack_free,benign_fp
97,strong_campaign,veh_09-w00,OCSLab_Car::normal_run_data.txt::379::test,normal_run_data.txt,OCSLab_Car,veh_09,0,-1,0.8392204628501827,attack_free,benign_fp
97,strong_campaign,veh_09-w01,OCSLab_Car::DoS_dataset.csv::167::test,DoS_dataset.csv,OCSLab_Car,veh_09,0,-1,0.5724725943970768,attack_free,benign_fp
97,strong_campaign,veh_09-w02,Challenge_D::Pre_train_D_2.csv::16::test,Pre_train_D_2.csv,Challenge_D,veh_09,0,-1,0.6456228956228957,attack_free,benign_fp
97,strong_campaign,veh_09-w03,Challenge_S::Pre_train_S_2.csv::612::test,Pre_train_S_2.csv,Challenge_S,veh_09,0,-1,0.9595959595959596,attack_free,benign_fp
97,strong_campaign,veh_09-w04,Challenge_D::Pre_train_D_1.csv::330::test,Pre_train_D_1.csv,Challenge_D,veh_09,0,-1,0.6127946127946128,attack_free,benign_fp
97,strong_campaign,veh_09-w05,Challenge_S::Pre_train_S_0.csv::73::test,Pre_train_S_0.csv,Challenge_S,veh_09,0,-1,0.7605218855218855,attack_free,benign_fp
97,strong_campaign,veh_09-w06,OCSLab_Car::normal_run_data.txt::418::test,normal_run_data.txt,OCSLab_Car,veh_09,0,-1,0.9930978481526592,attack_free,benign_fp
97,strong_campaign,veh_09-w07,Challenge_S::Pre_train_S_0.csv::171::test,Pre_train_S_0.csv,Challenge_S,veh_09,0,-1,0.7984006734006734,attack_free,benign_fp
97,strong_campaign,veh_09-w08,OCSLab_Car::normal_run_data.txt::285::test,normal_run_data.txt,OCSLab_Car,veh_09,0,-1,0.9748274462038165,attack_free,benign_fp
97,strong_campaign,veh_09-w09,OCSLab_Car::normal_run_data.txt::214::test,normal_run_data.txt,OCSLab_Car,veh_09,0,-1,0.8185140073081608,attack_free,benign_fp
97,strong_campaign,veh_10-w00,OCSLab_Car::normal_run_data.txt::680::test,normal_run_data.txt,OCSLab_Car,veh_10,0,-1,0.7101096224116931,attack_free,benign_fp
97,strong_campaign,veh_10-w01,Challenge_S::Pre_train_S_1.csv::425::test,Pre_train_S_1.csv,Challenge_S,veh_10,0,-1,0.7377946127946128,attack_free,benign_fp
97,strong_campaign,veh_10-w02,Challenge_D::Pre_train_D_2.csv::52::test,Pre_train_D_2.csv,Challenge_D,veh_10,0,-1,0.7584175084175084,attack_free,benign_fp
97,strong_campaign,veh_10-w03,OCSLab_Car::normal_run_data.txt::338::test,normal_run_data.txt,OCSLab_Car,veh_10,0,-1,0.9078359723913926,attack_free,benign_fp
97,strong_campaign,veh_10-w04,OCSLab_Car::normal_run_data.txt::367::test,normal_run_data.txt,OCSLab_Car,veh_10,0,-1,0.6427121396670726,attack_free,benign_fp
97,strong_campaign,veh_10-w05,Challenge_S::Pre_train_S_1.csv::2::test,Pre_train_S_1.csv,Challenge_S,veh_10,0,-1,0.8417508417508418,attack_free,benign_fp
97,strong_campaign,veh_10-w06,Challenge_S::Pre_train_S_2.csv::17::test,Pre_train_S_2.csv,Challenge_S,veh_10,0,-1,0.9271885521885522,attack_free,benign_fp
97,strong_campaign,veh_10-w07,OCSLab_Car::normal_run_data.txt::424::test,normal_run_data.txt,OCSLab_Car,veh_10,0,-1,0.7105156313438896,attack_free,benign_fp
97,strong_campaign,veh_10-w08,Challenge_D::Pre_train_D_2.csv::669::test,Pre_train_D_2.csv,Challenge_D,veh_10,0,-1,0.6119528619528619,attack_free,benign_fp
97,strong_campaign,veh_10-w09,OCSLab_Car::normal_run_data.txt::646::test,normal_run_data.txt,OCSLab_Car,veh_10,0,-1,0.7019894437677628,attack_free,benign_fp
97,strong_campaign,veh_11-w00,OCSLab_Car::normal_run_data.txt::302::test,normal_run_data.txt,OCSLab_Car,veh_11,0,-1,0.9821356069833536,attack_free,benign_fp
97,strong_campaign,veh_11-w01,Challenge_S::Pre_train_S_2.csv::642::test,Pre_train_S_2.csv,Challenge_S,veh_11,0,-1,0.86489898989899,attack_free,benign_fp
97,strong_campaign,veh_11-w02,OCSLab_Car::normal_run_data.txt::359::test,normal_run_data.txt,OCSLab_Car,veh_11,0,-1,0.9220462850182704,attack_free,benign_fp
97,strong_campaign,veh_11-w03,OCSLab_Car::gear_dataset.csv::762::test,gear_dataset.csv,OCSLab_Car,veh_11,0,-1,0.5903369874137231,attack_free,benign_fp
97,strong_campaign,veh_11-w04,Challenge_D::Pre_train_D_0.csv::202::test,Pre_train_D_0.csv,Challenge_D,veh_11,0,-1,0.6999158249158249,attack_free,benign_fp
97,strong_campaign,veh_11-w05,Challenge_D::Pre_train_D_2.csv::746::test,Pre_train_D_2.csv,Challenge_D,veh_11,0,-1,0.7428451178451179,attack_free,benign_fp
97,strong_campaign,veh_11-w06,OCSLab_Car::gear_dataset.csv::587::test,gear_dataset.csv,OCSLab_Car,veh_11,0,-1,0.976045473000406,attack_free,benign_fp
97,strong_campaign,veh_11-w07,OCSLab_Car::gear_dataset.csv::629::test,gear_dataset.csv,OCSLab_Car,veh_11,0,-1,0.6488022736500203,attack_free,benign_fp
97,strong_campaign,veh_11-w08,Challenge_S::Pre_train_S_2.csv::577::test,Pre_train_S_2.csv,Challenge_S,veh_11,0,-1,0.877104377104377,attack_free,benign_fp
97,strong_campaign,veh_11-w09,OCSLab_Car::RPM_dataset.csv::539::test,RPM_dataset.csv,OCSLab_Car,veh_11,0,-1,0.6386520503451076,attack_free,benign_fp
97,strong_campaign,veh_12-w00,Challenge_S::Pre_train_S_2.csv::37::test,Pre_train_S_2.csv,Challenge_S,veh_12,0,-1,0.8952020202020202,attack_free,benign_fp
97,strong_campaign,veh_12-w01,OCSLab_Car::normal_run_data.txt::135::test,normal_run_data.txt,OCSLab_Car,veh_12,0,-1,0.9801055623223712,attack_free,benign_fp
97,strong_campaign,veh_12-w02,Challenge_S::Pre_train_S_0.csv::185::test,Pre_train_S_0.csv,Challenge_S,veh_12,0,-1,0.7798821548821548,attack_free,benign_fp
97,strong_campaign,veh_12-w03,Challenge_D::Pre_train_D_2.csv::108::test,Pre_train_D_2.csv,Challenge_D,veh_12,0,-1,0.8164983164983165,attack_free,benign_fp
97,strong_campaign,veh_12-w04,OCSLab_Car::normal_run_data.txt::572::test,normal_run_data.txt,OCSLab_Car,veh_12,0,-1,0.7535525781567195,attack_free,benign_fp
97,strong_campaign,veh_12-w05,OCSLab_Car::normal_run_data.txt::608::test,normal_run_data.txt,OCSLab_Car,veh_12,0,-1,0.8156719447827853,attack_free,benign_fp
97,strong_campaign,veh_12-w06,Challenge_D::Pre_train_D_0.csv::160::test,Pre_train_D_0.csv,Challenge_D,veh_12,0,-1,0.933080808080808,attack_free,benign_fp
97,strong_campaign,veh_12-w07,Challenge_D::Pre_train_D_2.csv::744::test,Pre_train_D_2.csv,Challenge_D,veh_12,0,-1,0.6060606060606061,attack_free,benign_fp
97,strong_campaign,veh_12-w08,Challenge_D::Pre_train_D_2.csv::74::test,Pre_train_D_2.csv,Challenge_D,veh_12,0,-1,0.8005050505050505,attack_free,benign_fp
97,strong_campaign,veh_12-w09,Challenge_S::Pre_train_S_2.csv::717::test,Pre_train_S_2.csv,Challenge_S,veh_12,0,-1,0.6982323232323232,attack_free,benign_fp
97,strong_campaign,veh_13-w00,Challenge_S::Pre_train_S_2.csv::640::test,Pre_train_S_2.csv,Challenge_S,veh_13,0,-1,0.9095117845117844,attack_free,benign_fp
97,strong_campaign,veh_13-w01,OCSLab_Car::normal_run_data.txt::295::test,normal_run_data.txt,OCSLab_Car,veh_13,0,-1,0.997563946406821,attack_free,benign_fp
97,strong_campaign,veh_13-w02,Challenge_D::Pre_train_D_0.csv::155::test,Pre_train_D_0.csv,Challenge_D,veh_13,0,-1,0.9494949494949496,attack_free,benign_fp
97,strong_campaign,veh_13-w03,Challenge_S::Pre_train_S_1.csv::740::test,Pre_train_S_1.csv,Challenge_S,veh_13,0,-1,0.7588383838383839,attack_free,benign_fp
97,strong_campaign,veh_13-w04,OCSLab_Car::DoS_dataset.csv::397::test,DoS_dataset.csv,OCSLab_Car,veh_13,0,-1,0.6134794965489241,attack_free,benign_fp
97,strong_campaign,veh_13-w05,OCSLab_Car::gear_dataset.csv::579::test,gear_dataset.csv,OCSLab_Car,veh_13,0,-1,0.8887535525781567,attack_free,benign_fp
97,strong_campaign,veh_13-w06,OCSLab_Car::RPM_dataset.csv::608::test,RPM_dataset.csv,OCSLab_Car,veh_13,0,-1,0.9667072675598865,attack_free,benign_fp
97,strong_campaign,veh_13-w07,Challenge_S::Pre_train_S_1.csv::25::test,Pre_train_S_1.csv,Challenge_S,veh_13,0,-1,0.6936026936026936,attack_free,benign_fp
97,strong_campaign,veh_13-w08,OCSLab_Car::gear_dataset.csv::649::test,gear_dataset.csv,OCSLab_Car,veh_13,0,-1,0.6065773447015834,attack_free,benign_fp
97,strong_campaign,veh_13-w09,OCSLab_Car::gear_dataset.csv::594::test,gear_dataset.csv,OCSLab_Car,veh_13,0,-1,0.586276898091758,attack_free,benign_fp
97,strong_campaign,veh_14-w00,Challenge_S::Pre_train_S_2.csv::660::test,Pre_train_S_2.csv,Challenge_S,veh_14,0,-1,0.917087542087542,attack_free,benign_fp
97,strong_campaign,veh_14-w01,OCSLab_Car::normal_run_data.txt::353::test,normal_run_data.txt,OCSLab_Car,veh_14,0,-1,0.9350385708485588,attack_free,benign_fp
97,strong_campaign,veh_14-w02,Challenge_S::Pre_train_S_2.csv::726::test,Pre_train_S_2.csv,Challenge_S,veh_14,0,-1,0.5707070707070707,attack_free,benign_fp
97,strong_campaign,veh_14-w03,OCSLab_Car::normal_run_data.txt::64::test,normal_run_data.txt,OCSLab_Car,veh_14,0,-1,0.9801055623223712,attack_free,benign_fp
97,strong_campaign,veh_14-w04,OCSLab_Car::gear_dataset.csv::333::test,gear_dataset.csv,OCSLab_Car,veh_14,0,-1,0.5781567194478279,attack_free,benign_fp
97,strong_campaign,veh_14-w05,OCSLab_Car::normal_run_data.txt::257::test,normal_run_data.txt,OCSLab_Car,veh_14,0,-1,0.877791311408851,attack_free,benign_fp
97,strong_campaign,veh_14-w06,Challenge_D::Pre_train_D_0.csv::184::test,Pre_train_D_0.csv,Challenge_D,veh_14,0,-1,0.8678451178451179,attack_free,benign_fp
97,strong_campaign,veh_14-w07,Challenge_S::Pre_train_S_2.csv::652::test,Pre_train_S_2.csv,Challenge_S,veh_14,0,-1,0.7508417508417509,attack_free,benign_fp
97,strong_campaign,veh_14-w08,OCSLab_Car::Fuzzy_dataset.csv::268::test,Fuzzy_dataset.csv,OCSLab_Car,veh_14,0,-1,0.6134794965489241,attack_free,benign_fp
97,strong_campaign,veh_14-w09,OCSLab_Car::Fuzzy_dataset.csv::450::test,Fuzzy_dataset.csv,OCSLab_Car,veh_14,0,-1,0.6402760860738936,attack_free,benign_fp
97,strong_campaign,veh_15-w00,OCSLab_Car::normal_run_data.txt::407::test,normal_run_data.txt,OCSLab_Car,veh_15,0,-1,0.9874137231019082,attack_free,benign_fp
97,strong_campaign,veh_15-w01,OCSLab_Car::normal_run_data.txt::349::test,normal_run_data.txt,OCSLab_Car,veh_15,0,-1,0.8830694275274056,attack_free,benign_fp
97,strong_campaign,veh_15-w02,OCSLab_Car::normal_run_data.txt::337::test,normal_run_data.txt,OCSLab_Car,veh_15,0,-1,0.9671132764920828,attack_free,benign_fp
97,strong_campaign,veh_15-w03,Challenge_S::Pre_train_S_2.csv::40::test,Pre_train_S_2.csv,Challenge_S,veh_15,0,-1,0.9444444444444444,attack_free,benign_fp
97,strong_campaign,veh_15-w04,Challenge_D::Pre_train_D_1.csv::52::test,Pre_train_D_1.csv,Challenge_D,veh_15,0,-1,0.7445286195286195,attack_free,benign_fp
97,strong_campaign,veh_15-w05,OCSLab_Car::gear_dataset.csv::315::test,gear_dataset.csv,OCSLab_Car,veh_15,0,-1,0.6073893625659764,attack_free,benign_fp
97,strong_campaign,veh_15-w06,OCSLab_Car::normal_run_data.txt::528::test,normal_run_data.txt,OCSLab_Car,veh_15,0,-1,0.9244823386114496,attack_free,benign_fp
97,strong_campaign,veh_15-w07,Challenge_S::Pre_train_S_0.csv::127::test,Pre_train_S_0.csv,Challenge_S,veh_15,0,-1,0.9351851851851852,attack_free,benign_fp
97,strong_campaign,veh_15-w08,Challenge_S::Pre_train_S_2.csv::19::test,Pre_train_S_2.csv,Challenge_S,veh_15,0,-1,0.5968013468013468,attack_free,benign_fp
97,strong_campaign,veh_15-w09,Challenge_D::Pre_train_D_2.csv::694::test,Pre_train_D_2.csv,Challenge_D,veh_15,0,-1,0.6426767676767676,attack_free,benign_fp
97,strong_campaign,veh_16-w00,OCSLab_Car::RPM_dataset.csv::136::test,RPM_dataset.csv,OCSLab_Car,veh_16,0,-1,0.5724725943970768,attack_free,benign_fp
97,strong_campaign,veh_16-w01,OCSLab_Car::normal_run_data.txt::56::test,normal_run_data.txt,OCSLab_Car,veh_16,0,-1,0.7685749086479903,attack_free,benign_fp
97,strong_campaign,veh_16-w02,OCSLab_Car::gear_dataset.csv::316::test,gear_dataset.csv,OCSLab_Car,veh_16,0,-1,0.7206658546488023,attack_free,benign_fp
97,strong_campaign,veh_16-w03,OCSLab_Car::normal_run_data.txt::331::test,normal_run_data.txt,OCSLab_Car,veh_16,0,-1,0.997563946406821,attack_free,benign_fp
97,strong_campaign,veh_16-w04,Challenge_S::Pre_train_S_2.csv::558::test,Pre_train_S_2.csv,Challenge_S,veh_16,0,-1,0.8278619528619529,attack_free,benign_fp
97,strong_campaign,veh_16-w05,OCSLab_Car::Fuzzy_dataset.csv::275::test,Fuzzy_dataset.csv,OCSLab_Car,veh_16,0,-1,0.5797807551766139,attack_free,benign_fp
97,strong_campaign,veh_16-w06,OCSLab_Car::normal_run_data.txt::343::test,normal_run_data.txt,OCSLab_Car,veh_16,0,-1,0.8461226146975234,attack_free,benign_fp
97,strong_campaign,veh_16-w07,Challenge_D::Pre_train_D_0.csv::15::test,Pre_train_D_0.csv,Challenge_D,veh_16,0,-1,0.7912457912457912,attack_free,benign_fp
97,strong_campaign,veh_16-w08,OCSLab_Car::normal_run_data.txt::552::test,normal_run_data.txt,OCSLab_Car,veh_16,0,-1,0.8241981323589119,attack_free,benign_fp
97,strong_campaign,veh_16-w09,Challenge_S::Pre_train_S_2.csv::772::test,Pre_train_S_2.csv,Challenge_S,veh_16,0,-1,0.6191077441077442,attack_free,benign_fp
97,strong_campaign,veh_17-w00,OCSLab_Car::Fuzzy_dataset.csv::283::test,Fuzzy_dataset.csv,OCSLab_Car,veh_17,0,-1,0.9963459196102314,attack_free,benign_fp
97,strong_campaign,veh_17-w01,Challenge_S::Pre_train_S_0.csv::296::test,Pre_train_S_0.csv,Challenge_S,veh_17,0,-1,0.9162457912457912,attack_free,benign_fp
97,strong_campaign,veh_17-w02,Challenge_D::Pre_train_D_0.csv::279::test,Pre_train_D_0.csv,Challenge_D,veh_17,0,-1,0.9806397306397306,attack_free,benign_fp
97,strong_campaign,veh_17-w03,Challenge_S::Pre_train_S_2.csv::0::test,Pre_train_S_2.csv,Challenge_S,veh_17,0,-1,0.7125420875420876,attack_free,benign_fp
97,strong_campaign,veh_17-w04,Challenge_D::Pre_train_D_0.csv::215::test,Pre_train_D_0.csv,Challenge_D,veh_17,0,-1,0.8573232323232324,attack_free,benign_fp
97,strong_campaign,veh_17-w05,OCSLab_Car::normal_run_data.txt::14::test,normal_run_data.txt,OCSLab_Car,veh_17,0,-1,0.8229801055623224,attack_free,benign_fp
97,strong_campaign,veh_17-w06,OCSLab_Car::normal_run_data.txt::149::test,normal_run_data.txt,OCSLab_Car,veh_17,0,-1,0.996751928542428,attack_free,benign_fp
97,strong_campaign,veh_17-w07,OCSLab_Car::normal_run_data.txt::498::test,normal_run_data.txt,OCSLab_Car,veh_17,0,-1,0.6751928542427933,attack_free,benign_fp
97,strong_campaign,veh_17-w08,OCSLab_Car::normal_run_data.txt::172::test,normal_run_data.txt,OCSLab_Car,veh_17,0,-1,0.7750710515631344,attack_free,benign_fp
97,strong_campaign,veh_17-w09,OCSLab_Car::Fuzzy_dataset.csv::588::test,Fuzzy_dataset.csv,OCSLab_Car,veh_17,0,-1,0.7231019082419813,attack_free,benign_fp
97,strong_campaign,veh_18-w00,Challenge_S::Pre_train_S_1.csv::0::test,Pre_train_S_1.csv,Challenge_S,veh_18,0,-1,0.8005050505050505,attack_free,benign_fp
97,strong_campaign,veh_18-w01,OCSLab_Car::normal_run_data.txt::667::test,normal_run_data.txt,OCSLab_Car,veh_18,0,-1,0.9484368656110436,attack_free,benign_fp
97,strong_campaign,veh_18-w02,OCSLab_Car::DoS_dataset.csv::157::test,DoS_dataset.csv,OCSLab_Car,veh_18,0,-1,0.6443361753958587,attack_free,benign_fp
97,strong_campaign,veh_18-w03,OCSLab_Car::normal_run_data.txt::89::test,normal_run_data.txt,OCSLab_Car,veh_18,0,-1,0.8863174989849777,attack_free,benign_fp
97,strong_campaign,veh_18-w04,Challenge_D::Pre_train_D_0.csv::24::test,Pre_train_D_0.csv,Challenge_D,veh_18,0,-1,0.7672558922558923,attack_free,benign_fp
97,strong_campaign,veh_18-w05,OCSLab_Car::RPM_dataset.csv::607::test,RPM_dataset.csv,OCSLab_Car,veh_18,0,-1,0.903369874137231,attack_free,benign_fp
97,strong_campaign,veh_18-w06,Challenge_D::Pre_train_D_0.csv::231::test,Pre_train_D_0.csv,Challenge_D,veh_18,0,-1,0.9730639730639732,attack_free,benign_fp
97,strong_campaign,veh_18-w07,OCSLab_Car::gear_dataset.csv::131::test,gear_dataset.csv,OCSLab_Car,veh_18,0,-1,0.6244417377182298,attack_free,benign_fp
97,strong_campaign,veh_18-w08,OCSLab_Car::gear_dataset.csv::601::test,gear_dataset.csv,OCSLab_Car,veh_18,0,-1,0.6674786845310596,attack_free,benign_fp
97,strong_campaign,veh_18-w09,OCSLab_Car::gear_dataset.csv::737::test,gear_dataset.csv,OCSLab_Car,veh_18,0,-1,0.6374340235485181,attack_free,benign_fp
97,strong_campaign,veh_19-w00,Challenge_D::Pre_train_D_0.csv::260::test,Pre_train_D_0.csv,Challenge_D,veh_19,0,-1,0.8573232323232324,attack_free,benign_fp
97,strong_campaign,veh_19-w01,OCSLab_Car::normal_run_data.txt::212::test,normal_run_data.txt,OCSLab_Car,veh_19,0,-1,0.947218838814454,attack_free,benign_fp
97,strong_campaign,veh_19-w02,OCSLab_Car::normal_run_data.txt::700::test,normal_run_data.txt,OCSLab_Car,veh_19,0,-1,0.9326025172553796,attack_free,benign_fp
97,strong_campaign,veh_19-w03,OCSLab_Car::normal_run_data.txt::81::test,normal_run_data.txt,OCSLab_Car,veh_19,0,-1,0.7263499796995534,attack_free,benign_fp
97,strong_campaign,veh_19-w04,OCSLab_Car::normal_run_data.txt::313::test,normal_run_data.txt,OCSLab_Car,veh_19,0,-1,0.976045473000406,attack_free,benign_fp
97,strong_campaign,veh_19-w05,OCSLab_Car::gear_dataset.csv::745::test,gear_dataset.csv,OCSLab_Car,veh_19,0,-1,0.7007714169711734,attack_free,benign_fp
97,strong_campaign,veh_19-w06,OCSLab_Car::normal_run_data.txt::751::test,normal_run_data.txt,OCSLab_Car,veh_19,0,-1,0.7551766138855055,attack_free,benign_fp
97,strong_campaign,veh_19-w07,Challenge_S::Pre_train_S_0.csv::133::test,Pre_train_S_0.csv,Challenge_S,veh_19,0,-1,0.6893939393939394,attack_free,benign_fp
97,strong_campaign,veh_19-w08,OCSLab_Car::DoS_dataset.csv::21::test,DoS_dataset.csv,OCSLab_Car,veh_19,0,-1,0.5574502639058059,attack_free,benign_fp
97,strong_campaign,veh_19-w09,OCSLab_Car::normal_run_data.txt::93::test,normal_run_data.txt,OCSLab_Car,veh_19,0,-1,0.97442143727162,attack_free,benign_fp
97,weak_campaign,veh_00-w00,Challenge_S::Pre_train_S_1.csv::600::test,Pre_train_S_1.csv,Challenge_S,veh_00,1,0,0.5883838383838383,replay,replay
97,weak_campaign,veh_00-w01,Challenge_D::Pre_train_D_1.csv::660::test,Pre_train_D_1.csv,Challenge_D,veh_00,1,0,0.6506734006734006,replay,replay
97,weak_campaign,veh_00-w02,Challenge_D::Pre_train_D_1.csv::763::test,Pre_train_D_1.csv,Challenge_D,veh_00,1,0,0.6565656565656566,replay,replay
97,weak_campaign,veh_00-w03,Challenge_D::Pre_train_D_1.csv::787::test,Pre_train_D_1.csv,Challenge_D,veh_00,1,0,0.7432659932659933,replay,replay
97,weak_campaign,veh_00-w04,Challenge_S::Pre_train_S_1.csv::689::test,Pre_train_S_1.csv,Challenge_S,veh_00,1,0,0.7781986531986532,replay,replay
97,weak_campaign,veh_00-w05,Challenge_S::Pre_train_S_1.csv::690::test,Pre_train_S_1.csv,Challenge_S,veh_00,1,0,0.7786195286195287,replay,replay
97,weak_campaign,veh_00-w06,Challenge_D::Pre_train_D_1.csv::646::test,Pre_train_D_1.csv,Challenge_D,veh_00,1,0,0.7752525252525253,replay,replay
97,weak_campaign,veh_00-w07,Challenge_D::Pre_train_D_1.csv::645::test,Pre_train_D_1.csv,Challenge_D,veh_00,1,0,0.6944444444444444,replay,replay
97,weak_campaign,veh_00-w08,Challenge_D::Pre_train_D_1.csv::726::test,Pre_train_D_1.csv,Challenge_D,veh_00,1,0,0.773989898989899,replay,replay
97,weak_campaign,veh_00-w09,Challenge_D::Pre_train_D_1.csv::640::test,Pre_train_D_1.csv,Challenge_D,veh_00,1,0,0.6485690235690236,replay,replay
97,weak_campaign,veh_01-w00,Challenge_D::Pre_train_D_1.csv::635::test,Pre_train_D_1.csv,Challenge_D,veh_01,1,0,0.7756734006734006,replay,replay
97,weak_campaign,veh_01-w01,Challenge_D::Pre_train_D_1.csv::778::test,Pre_train_D_1.csv,Challenge_D,veh_01,1,0,0.6443602693602694,replay,replay
97,weak_campaign,veh_01-w02,Challenge_S::Pre_train_S_1.csv::607::test,Pre_train_S_1.csv,Challenge_S,veh_01,1,0,0.6435185185185185,replay,replay
97,weak_campaign,veh_01-w03,Challenge_S::Pre_train_S_1.csv::695::test,Pre_train_S_1.csv,Challenge_S,veh_01,1,0,0.7962962962962963,replay,replay
97,weak_campaign,veh_01-w04,Challenge_D::Pre_train_D_1.csv::691::test,Pre_train_D_1.csv,Challenge_D,veh_01,1,0,0.7066498316498316,replay,replay
97,weak_campaign,veh_01-w05,Challenge_D::Pre_train_D_1.csv::612::test,Pre_train_D_1.csv,Challenge_D,veh_01,1,0,0.5820707070707071,replay,replay
97,weak_campaign,veh_01-w06,Challenge_D::Pre_train_D_1.csv::709::test,Pre_train_D_1.csv,Challenge_D,veh_01,1,0,0.6851851851851852,replay,replay
97,weak_campaign,veh_01-w07,Challenge_D::Pre_train_D_1.csv::623::test,Pre_train_D_1.csv,Challenge_D,veh_01,1,0,0.7243265993265994,replay,replay
97,weak_campaign,veh_01-w08,Challenge_D::Pre_train_D_1.csv::605::test,Pre_train_D_1.csv,Challenge_D,veh_01,1,0,0.7230639730639731,replay,replay
97,weak_campaign,veh_01-w09,Challenge_D::Pre_train_D_1.csv::648::test,Pre_train_D_1.csv,Challenge_D,veh_01,1,0,0.6603535353535354,replay,replay
97,weak_campaign,veh_02-w00,Challenge_D::Pre_train_D_1.csv::643::test,Pre_train_D_1.csv,Challenge_D,veh_02,1,0,0.6321548821548821,replay,replay
97,weak_campaign,veh_02-w01,Challenge_S::Pre_train_S_1.csv::642::test,Pre_train_S_1.csv,Challenge_S,veh_02,1,0,0.6388888888888888,replay,replay
97,weak_campaign,veh_02-w02,Challenge_D::Pre_train_D_1.csv::670::test,Pre_train_D_1.csv,Challenge_D,veh_02,1,0,0.7933501683501684,replay,replay
97,weak_campaign,veh_02-w03,Challenge_D::Pre_train_D_1.csv::766::test,Pre_train_D_1.csv,Challenge_D,veh_02,1,0,0.7567340067340067,replay,replay
97,weak_campaign,veh_02-w04,Challenge_S::Pre_train_S_1.csv::655::test,Pre_train_S_1.csv,Challenge_S,veh_02,1,0,0.686026936026936,replay,replay
97,weak_campaign,veh_02-w05,Challenge_S::Pre_train_S_1.csv::640::test,Pre_train_S_1.csv,Challenge_S,veh_02,1,0,0.7255892255892256,replay,replay
97,weak_campaign,veh_02-w06,Challenge_S::Pre_train_S_1.csv::697::test,Pre_train_S_1.csv,Challenge_S,veh_02,1,0,0.6902356902356902,replay,replay
97,weak_campaign,veh_02-w07,Challenge_S::Pre_train_S_1.csv::610::test,Pre_train_S_1.csv,Challenge_S,veh_02,1,0,0.7272727272727273,replay,replay
97,weak_campaign,veh_02-w08,Challenge_S::Pre_train_S_1.csv::700::test,Pre_train_S_1.csv,Challenge_S,veh_02,1,0,0.571969696969697,replay,replay
97,weak_campaign,veh_02-w09,Challenge_S::Pre_train_S_1.csv::671::test,Pre_train_S_1.csv,Challenge_S,veh_02,1,0,0.6675084175084175,replay,replay
97,weak_campaign,veh_03-w00,Challenge_S::Pre_train_S_1.csv::635::test,Pre_train_S_1.csv,Challenge_S,veh_03,1,0,0.6401515151515151,replay,replay
97,weak_campaign,veh_03-w01,Challenge_S::Pre_train_S_1.csv::599::test,Pre_train_S_1.csv,Challenge_S,veh_03,1,0,0.6039562289562289,replay,replay
97,weak_campaign,veh_03-w02,Challenge_D::Pre_train_D_1.csv::673::test,Pre_train_D_1.csv,Challenge_D,veh_03,1,0,0.5749158249158249,replay,replay
97,weak_campaign,veh_03-w03,Challenge_S::Pre_train_S_1.csv::675::test,Pre_train_S_1.csv,Challenge_S,veh_03,1,0,0.6077441077441077,replay,replay
97,weak_campaign,veh_03-w04,Challenge_D::Pre_train_D_1.csv::653::test,Pre_train_D_1.csv,Challenge_D,veh_03,1,0,0.6367845117845118,replay,replay
97,weak_campaign,veh_03-w05,Challenge_D::Pre_train_D_1.csv::638::test,Pre_train_D_1.csv,Challenge_D,veh_03,1,0,0.7836700336700336,replay,replay
97,weak_campaign,veh_03-w06,Challenge_D::Pre_train_D_1.csv::672::test,Pre_train_D_1.csv,Challenge_D,veh_03,1,0,0.6313131313131313,replay,replay
97,weak_campaign,veh_03-w07,Challenge_D::Pre_train_D_1.csv::750::test,Pre_train_D_1.csv,Challenge_D,veh_03,1,0,0.625,replay,replay
97,weak_campaign,veh_03-w08,Challenge_S::Pre_train_S_1.csv::620::test,Pre_train_S_1.csv,Challenge_S,veh_03,1,0,0.7588383838383839,replay,replay
97,weak_campaign,veh_03-w09,Challenge_S::Pre_train_S_1.csv::667::test,Pre_train_S_1.csv,Challenge_S,veh_03,1,0,0.7550505050505051,replay,replay
97,weak_campaign,veh_04-w00,Challenge_D::Pre_train_D_1.csv::733::test,Pre_train_D_1.csv,Challenge_D,veh_04,1,0,0.6590909090909091,replay,replay
97,weak_campaign,veh_04-w01,Challenge_D::Pre_train_D_1.csv::784::test,Pre_train_D_1.csv,Challenge_D,veh_04,1,0,0.6468855218855218,replay,replay
97,weak_campaign,veh_04-w02,Challenge_D::Pre_train_D_1.csv::634::test,Pre_train_D_1.csv,Challenge_D,veh_04,1,0,0.747895622895623,replay,replay
97,weak_campaign,veh_04-w03,Challenge_S::Pre_train_S_1.csv::643::test,Pre_train_S_1.csv,Challenge_S,veh_04,1,0,0.7605218855218855,replay,replay
97,weak_campaign,veh_04-w04,Challenge_S::Pre_train_S_1.csv::631::test,Pre_train_S_1.csv,Challenge_S,veh_04,1,0,0.6144781144781145,replay,replay
97,weak_campaign,veh_04-w05,Challenge_D::Pre_train_D_1.csv::774::test,Pre_train_D_1.csv,Challenge_D,veh_04,1,0,0.632996632996633,replay,replay
97,weak_campaign,veh_04-w06,Challenge_D::Pre_train_D_1.csv::769::test,Pre_train_D_1.csv,Challenge_D,veh_04,1,0,0.7104377104377104,replay,replay
97,weak_campaign,veh_04-w07,Challenge_D::Pre_train_D_1.csv::666::test,Pre_train_D_1.csv,Challenge_D,veh_04,1,0,0.7584175084175084,replay,replay
97,weak_campaign,veh_04-w08,Challenge_D::Pre_train_D_1.csv::678::test,Pre_train_D_1.csv,Challenge_D,veh_04,1,0,0.7912457912457912,replay,replay
97,weak_campaign,veh_04-w09,Challenge_D::Pre_train_D_1.csv::754::test,Pre_train_D_1.csv,Challenge_D,veh_04,1,0,0.7462121212121212,replay,replay
97,weak_campaign,veh_05-w00,Challenge_D::Pre_train_D_1.csv::40::test,Pre_train_D_1.csv,Challenge_D,veh_05,0,-1,0.819023569023569,attack_free,benign_fp
97,weak_campaign,veh_05-w01,Challenge_S::Pre_train_S_0.csv::174::test,Pre_train_S_0.csv,Challenge_S,veh_05,0,-1,0.6805555555555556,attack_free,benign_fp
97,weak_campaign,veh_05-w02,Challenge_S::Pre_train_S_0.csv::251::test,Pre_train_S_0.csv,Challenge_S,veh_05,0,-1,0.7432659932659933,attack_free,benign_fp
97,weak_campaign,veh_05-w03,OCSLab_Car::normal_run_data.txt::40::test,normal_run_data.txt,OCSLab_Car,veh_05,0,-1,0.8729192042224929,attack_free,benign_fp
97,weak_campaign,veh_05-w04,OCSLab_Car::normal_run_data.txt::549::test,normal_run_data.txt,OCSLab_Car,veh_05,0,-1,0.9671132764920828,attack_free,benign_fp
97,weak_campaign,veh_05-w05,OCSLab_Car::normal_run_data.txt::707::test,normal_run_data.txt,OCSLab_Car,veh_05,0,-1,0.9447827852212748,attack_free,benign_fp
97,weak_campaign,veh_05-w06,OCSLab_Car::normal_run_data.txt::300::test,normal_run_data.txt,OCSLab_Car,veh_05,0,-1,0.9849776695087292,attack_free,benign_fp
97,weak_campaign,veh_05-w07,Challenge_D::Pre_train_D_0.csv::245::test,Pre_train_D_0.csv,Challenge_D,veh_05,0,-1,0.6763468013468014,attack_free,benign_fp
97,weak_campaign,veh_05-w08,OCSLab_Car::normal_run_data.txt::130::test,normal_run_data.txt,OCSLab_Car,veh_05,0,-1,0.958587088915956,attack_free,benign_fp
97,weak_campaign,veh_05-w09,OCSLab_Car::normal_run_data.txt::12::test,normal_run_data.txt,OCSLab_Car,veh_05,0,-1,0.8798213560698336,attack_free,benign_fp
97,weak_campaign,veh_06-w00,Challenge_D::Pre_train_D_0.csv::268::test,Pre_train_D_0.csv,Challenge_D,veh_06,0,-1,0.9819023569023568,attack_free,benign_fp
97,weak_campaign,veh_06-w01,Challenge_S::Pre_train_S_2.csv::12::test,Pre_train_S_2.csv,Challenge_S,veh_06,0,-1,0.9583333333333334,attack_free,benign_fp
97,weak_campaign,veh_06-w02,OCSLab_Car::normal_run_data.txt::564::test,normal_run_data.txt,OCSLab_Car,veh_06,0,-1,0.8684531059683313,attack_free,benign_fp
97,weak_campaign,veh_06-w03,Challenge_S::Pre_train_S_2.csv::34::test,Pre_train_S_2.csv,Challenge_S,veh_06,0,-1,0.5740740740740741,attack_free,benign_fp
97,weak_campaign,veh_06-w04,Challenge_S::Pre_train_S_2.csv::655::test,Pre_train_S_2.csv,Challenge_S,veh_06,0,-1,0.8249158249158249,attack_free,benign_fp
97,weak_campaign,veh_06-w05,Challenge_D::Pre_train_D_2.csv::693::test,Pre_train_D_2.csv,Challenge_D,veh_06,0,-1,0.6910774410774411,attack_free,benign_fp
97,weak_campaign,veh_06-w06,OCSLab_Car::normal_run_data.txt::338::test,normal_run_data.txt,OCSLab_Car,veh_06,0,-1,0.9078359723913926,attack_free,benign_fp
97,weak_campaign,veh_06-w07,Challenge_D::Pre_train_D_0.csv::12::test,Pre_train_D_0.csv,Challenge_D,veh_06,0,-1,0.9612794612794612,attack_free,benign_fp
97,weak_campaign,veh_06-w08,Challenge_S::Pre_train_S_1.csv::11::test,Pre_train_S_1.csv,Challenge_S,veh_06,0,-1,0.9915824915824916,attack_free,benign_fp
97,weak_campaign,veh_06-w09,OCSLab_Car::normal_run_data.txt::494::test,normal_run_data.txt,OCSLab_Car,veh_06,0,-1,0.9626471782379212,attack_free,benign_fp
97,weak_campaign,veh_07-w00,OCSLab_Car::normal_run_data.txt::599::test,normal_run_data.txt,OCSLab_Car,veh_07,0,-1,0.8834754364596021,attack_free,benign_fp
97,weak_campaign,veh_07-w01,OCSLab_Car::normal_run_data.txt::79::test,normal_run_data.txt,OCSLab_Car,veh_07,0,-1,0.7921234267153877,attack_free,benign_fp
97,weak_campaign,veh_07-w02,Challenge_D::Pre_train_D_0.csv::146::test,Pre_train_D_0.csv,Challenge_D,veh_07,0,-1,0.960016835016835,attack_free,benign_fp
97,weak_campaign,veh_07-w03,OCSLab_Car::DoS_dataset.csv::131::test,DoS_dataset.csv,OCSLab_Car,veh_07,0,-1,0.5602923264311814,attack_free,benign_fp
97,weak_campaign,veh_07-w04,Challenge_D::Pre_train_D_2.csv::319::test,Pre_train_D_2.csv,Challenge_D,veh_07,0,-1,0.6073232323232324,attack_free,benign_fp
97,weak_campaign,veh_07-w05,Challenge_D::Pre_train_D_0.csv::172::test,Pre_train_D_0.csv,Challenge_D,veh_07,0,-1,0.6060606060606061,attack_free,benign_fp
97,weak_campaign,veh_07-w06,OCSLab_Car::normal_run_data.txt::499::test,normal_run_data.txt,OCSLab_Car,veh_07,0,-1,0.9078359723913926,attack_free,benign_fp
97,weak_campaign,veh_07-w07,OCSLab_Car::normal_run_data.txt::29::test,normal_run_data.txt,OCSLab_Car,veh_07,0,-1,0.9468128298822576,attack_free,benign_fp
97,weak_campaign,veh_07-w08,Challenge_D::Pre_train_D_0.csv::284::test,Pre_train_D_0.csv,Challenge_D,veh_07,0,-1,0.8228114478114478,attack_free,benign_fp
97,weak_campaign,veh_07-w09,Challenge_D::Pre_train_D_0.csv::160::test,Pre_train_D_0.csv,Challenge_D,veh_07,0,-1,0.933080808080808,attack_free,benign_fp
97,weak_campaign,veh_08-w00,OCSLab_Car::normal_run_data.txt::113::test,normal_run_data.txt,OCSLab_Car,veh_08,0,-1,0.8116118554608202,attack_free,benign_fp
97,weak_campaign,veh_08-w01,OCSLab_Car::RPM_dataset.csv::578::test,RPM_dataset.csv,OCSLab_Car,veh_08,0,-1,0.5635403978887535,attack_free,benign_fp
97,weak_campaign,veh_08-w02,OCSLab_Car::DoS_dataset.csv::33::test,DoS_dataset.csv,OCSLab_Car,veh_08,0,-1,0.560698335363378,attack_free,benign_fp
97,weak_campaign,veh_08-w03,Challenge_D::Pre_train_D_2.csv::614::test,Pre_train_D_2.csv,Challenge_D,veh_08,0,-1,0.9861111111111112,attack_free,benign_fp
97,weak_campaign,veh_08-w04,Challenge_D::Pre_train_D_2.csv::722::test,Pre_train_D_2.csv,Challenge_D,veh_08,0,-1,0.9154040404040404,attack_free,benign_fp
97,weak_campaign,veh_08-w05,OCSLab_Car::normal_run_data.txt::192::test,normal_run_data.txt,OCSLab_Car,veh_08,0,-1,0.9646772228989038,attack_free,benign_fp
97,weak_campaign,veh_08-w06,OCSLab_Car::normal_run_data.txt::150::test,normal_run_data.txt,OCSLab_Car,veh_08,0,-1,0.9650832318311002,attack_free,benign_fp
97,weak_campaign,veh_08-w07,Challenge_S::Pre_train_S_2.csv::15::test,Pre_train_S_2.csv,Challenge_S,veh_08,0,-1,0.8842592592592593,attack_free,benign_fp
97,weak_campaign,veh_08-w08,Challenge_D::Pre_train_D_2.csv::51::test,Pre_train_D_2.csv,Challenge_D,veh_08,0,-1,0.8825757575757576,attack_free,benign_fp
97,weak_campaign,veh_08-w09,Challenge_S::Pre_train_S_2.csv::3::test,Pre_train_S_2.csv,Challenge_S,veh_08,0,-1,0.9865319865319864,attack_free,benign_fp
97,weak_campaign,veh_09-w00,Challenge_D::Pre_train_D_0.csv::260::test,Pre_train_D_0.csv,Challenge_D,veh_09,0,-1,0.8573232323232324,attack_free,benign_fp
97,weak_campaign,veh_09-w01,OCSLab_Car::DoS_dataset.csv::397::test,DoS_dataset.csv,OCSLab_Car,veh_09,0,-1,0.6134794965489241,attack_free,benign_fp
97,weak_campaign,veh_09-w02,OCSLab_Car::gear_dataset.csv::584::test,gear_dataset.csv,OCSLab_Car,veh_09,0,-1,0.6585464880227365,attack_free,benign_fp
97,weak_campaign,veh_09-w03,OCSLab_Car::normal_run_data.txt::589::test,normal_run_data.txt,OCSLab_Car,veh_09,0,-1,0.9309784815265936,attack_free,benign_fp
97,weak_campaign,veh_09-w04,OCSLab_Car::gear_dataset.csv::556::test,gear_dataset.csv,OCSLab_Car,veh_09,0,-1,0.7681688997157937,attack_free,benign_fp
97,weak_campaign,veh_09-w05,OCSLab_Car::normal_run_data.txt::59::test,normal_run_data.txt,OCSLab_Car,veh_09,0,-1,0.9703613479496548,attack_free,benign_fp
97,weak_campaign,veh_09-w06,OCSLab_Car::DoS_dataset.csv::518::test,DoS_dataset.csv,OCSLab_Car,veh_09,0,-1,0.8863174989849777,attack_free,benign_fp
97,weak_campaign,veh_09-w07,OCSLab_Car::Fuzzy_dataset.csv::261::test,Fuzzy_dataset.csv,OCSLab_Car,veh_09,0,-1,0.6012992285830289,attack_free,benign_fp
97,weak_campaign,veh_09-w08,OCSLab_Car::normal_run_data.txt::470::test,normal_run_data.txt,OCSLab_Car,veh_09,0,-1,0.8907835972391392,attack_free,benign_fp
97,weak_campaign,veh_09-w09,Challenge_D::Pre_train_D_0.csv::153::test,Pre_train_D_0.csv,Challenge_D,veh_09,0,-1,0.7933501683501684,attack_free,benign_fp
97,weak_campaign,veh_10-w00,OCSLab_Car::normal_run_data.txt::129::test,normal_run_data.txt,OCSLab_Car,veh_10,0,-1,0.8574908647990256,attack_free,benign_fp
97,weak_campaign,veh_10-w01,OCSLab_Car::Fuzzy_dataset.csv::562::test,Fuzzy_dataset.csv,OCSLab_Car,veh_10,0,-1,0.5923670320747056,attack_free,benign_fp
97,weak_campaign,veh_10-w02,OCSLab_Car::DoS_dataset.csv::347::test,DoS_dataset.csv,OCSLab_Car,veh_10,0,-1,0.9602111246447422,attack_free,benign_fp
97,weak_campaign,veh_10-w03,Challenge_S::Pre_train_S_1.csv::340::test,Pre_train_S_1.csv,Challenge_S,veh_10,0,-1,0.6746632996632996,attack_free,benign_fp
97,weak_campaign,veh_10-w04,Challenge_S::Pre_train_S_0.csv::126::test,Pre_train_S_0.csv,Challenge_S,veh_10,0,-1,0.8295454545454546,attack_free,benign_fp
97,weak_campaign,veh_10-w05,OCSLab_Car::gear_dataset.csv::564::test,gear_dataset.csv,OCSLab_Car,veh_10,0,-1,0.6979293544457978,attack_free,benign_fp
97,weak_campaign,veh_10-w06,OCSLab_Car::normal_run_data.txt::782::test,normal_run_data.txt,OCSLab_Car,veh_10,0,-1,0.782785221274868,attack_free,benign_fp
97,weak_campaign,veh_10-w07,Challenge_D::Pre_train_D_0.csv::132::test,Pre_train_D_0.csv,Challenge_D,veh_10,0,-1,0.9806397306397306,attack_free,benign_fp
97,weak_campaign,veh_10-w08,Challenge_D::Pre_train_D_0.csv::265::test,Pre_train_D_0.csv,Challenge_D,veh_10,0,-1,0.8211279461279462,attack_free,benign_fp
97,weak_campaign,veh_10-w09,OCSLab_Car::normal_run_data.txt::224::test,normal_run_data.txt,OCSLab_Car,veh_10,0,-1,0.9390986601705238,attack_free,benign_fp
97,weak_campaign,veh_11-w00,OCSLab_Car::gear_dataset.csv::142::test,gear_dataset.csv,OCSLab_Car,veh_11,0,-1,0.5602923264311814,attack_free,benign_fp
97,weak_campaign,veh_11-w01,OCSLab_Car::normal_run_data.txt::155::test,normal_run_data.txt,OCSLab_Car,veh_11,0,-1,0.9468128298822576,attack_free,benign_fp
97,weak_campaign,veh_11-w02,Challenge_D::Pre_train_D_1.csv::1::test,Pre_train_D_1.csv,Challenge_D,veh_11,0,-1,0.7142255892255892,attack_free,benign_fp
97,weak_campaign,veh_11-w03,Challenge_D::Pre_train_D_1.csv::58::test,Pre_train_D_1.csv,Challenge_D,veh_11,0,-1,0.9377104377104376,attack_free,benign_fp
97,weak_campaign,veh_11-w04,OCSLab_Car::normal_run_data.txt::5::test,normal_run_data.txt,OCSLab_Car,veh_11,0,-1,0.7645148193260252,attack_free,benign_fp
97,weak_campaign,veh_11-w05,Challenge_D::Pre_train_D_2.csv::719::test,Pre_train_D_2.csv,Challenge_D,veh_11,0,-1,0.9090909090909092,attack_free,benign_fp
97,weak_campaign,veh_11-w06,OCSLab_Car::normal_run_data.txt::70::test,normal_run_data.txt,OCSLab_Car,veh_11,0,-1,0.6942752740560292,attack_free,benign_fp
97,weak_campaign,veh_11-w07,OCSLab_Car::normal_run_data.txt::531::test,normal_run_data.txt,OCSLab_Car,veh_11,0,-1,0.94884287454324,attack_free,benign_fp
97,weak_campaign,veh_11-w08,Challenge_S::Pre_train_S_0.csv::21::test,Pre_train_S_0.csv,Challenge_S,veh_11,0,-1,0.6666666666666666,attack_free,benign_fp
97,weak_campaign,veh_11-w09,Challenge_D::Pre_train_D_0.csv::180::test,Pre_train_D_0.csv,Challenge_D,veh_11,0,-1,0.9452861952861952,attack_free,benign_fp
97,weak_campaign,veh_12-w00,Challenge_D::Pre_train_D_2.csv::728::test,Pre_train_D_2.csv,Challenge_D,veh_12,0,-1,0.73989898989899,attack_free,benign_fp
97,weak_campaign,veh_12-w01,Challenge_S::Pre_train_S_0.csv::30::test,Pre_train_S_0.csv,Challenge_S,veh_12,0,-1,0.5707070707070707,attack_free,benign_fp
97,weak_campaign,veh_12-w02,Challenge_D::Pre_train_D_2.csv::55::test,Pre_train_D_2.csv,Challenge_D,veh_12,0,-1,0.9313973063973064,attack_free,benign_fp
97,weak_campaign,veh_12-w03,OCSLab_Car::normal_run_data.txt::358::test,normal_run_data.txt,OCSLab_Car,veh_12,0,-1,0.969549330085262,attack_free,benign_fp
97,weak_campaign,veh_12-w04,Challenge_S::Pre_train_S_1.csv::790::test,Pre_train_S_1.csv,Challenge_S,veh_12,0,-1,0.7920875420875421,attack_free,benign_fp
97,weak_campaign,veh_12-w05,OCSLab_Car::DoS_dataset.csv::29::test,DoS_dataset.csv,OCSLab_Car,veh_12,0,-1,0.6825010150223305,attack_free,benign_fp
97,weak_campaign,veh_12-w06,OCSLab_Car::gear_dataset.csv::316::test,gear_dataset.csv,OCSLab_Car,veh_12,0,-1,0.7206658546488023,attack_free,benign_fp
97,weak_campaign,veh_12-w07,OCSLab_Car::gear_dataset.csv::551::test,gear_dataset.csv,OCSLab_Car,veh_12,0,-1,0.6406820950060901,attack_free,benign_fp
97,weak_campaign,veh_12-w08,OCSLab_Car::normal_run_data.txt::50::test,normal_run_data.txt,OCSLab_Car,veh_12,0,-1,0.998375964271214,attack_free,benign_fp
97,weak_campaign,veh_12-w09,Challenge_D::Pre_train_D_0.csv::158::test,Pre_train_D_0.csv,Challenge_D,veh_12,0,-1,0.8274410774410774,attack_free,benign_fp
97,weak_campaign,veh_13-w00,Challenge_D::Pre_train_D_2.csv::60::test,Pre_train_D_2.csv,Challenge_D,veh_13,0,-1,0.8543771043771043,attack_free,benign_fp
97,weak_campaign,veh_13-w01,Challenge_D::Pre_train_D_0.csv::251::test,Pre_train_D_0.csv,Challenge_D,veh_13,0,-1,0.8455387205387206,attack_free,benign_fp
97,weak_campaign,veh_13-w02,Challenge_S::Pre_train_S_2.csv::603::test,Pre_train_S_2.csv,Challenge_S,veh_13,0,-1,0.7011784511784511,attack_free,benign_fp
97,weak_campaign,veh_13-w03,Challenge_S::Pre_train_S_1.csv::8::test,Pre_train_S_1.csv,Challenge_S,veh_13,0,-1,0.8754208754208754,attack_free,benign_fp
97,weak_campaign,veh_13-w04,OCSLab_Car::Fuzzy_dataset.csv::533::test,Fuzzy_dataset.csv,OCSLab_Car,veh_13,0,-1,0.730004060089322,attack_free,benign_fp
97,weak_campaign,veh_13-w05,Challenge_S::Pre_train_S_0.csv::57::test,Pre_train_S_0.csv,Challenge_S,veh_13,0,-1,0.6759259259259259,attack_free,benign_fp
97,weak_campaign,veh_13-w06,Challenge_D::Pre_train_D_1.csv::330::test,Pre_train_D_1.csv,Challenge_D,veh_13,0,-1,0.6127946127946128,attack_free,benign_fp
97,weak_campaign,veh_13-w07,OCSLab_Car::normal_run_data.txt::170::test,normal_run_data.txt,OCSLab_Car,veh_13,0,-1,0.8676410881039383,attack_free,benign_fp
97,weak_campaign,veh_13-w08,OCSLab_Car::DoS_dataset.csv::126::test,DoS_dataset.csv,OCSLab_Car,veh_13,0,-1,0.8477466504263094,attack_free,benign_fp
97,weak_campaign,veh_13-w09,OCSLab_Car::DoS_dataset.csv::361::test,DoS_dataset.csv,OCSLab_Car,veh_13,0,-1,0.5980511571254568,attack_free,benign_fp
97,weak_campaign,veh_14-w00,Challenge_S::Pre_train_S_2.csv::627::test,Pre_train_S_2.csv,Challenge_S,veh_14,0,-1,0.8518518518518519,attack_free,benign_fp
97,weak_campaign,veh_14-w01,Challenge_D::Pre_train_D_0.csv::289::test,Pre_train_D_0.csv,Challenge_D,veh_14,0,-1,0.8968855218855218,attack_free,benign_fp
97,weak_campaign,veh_14-w02,OCSLab_Car::normal_run_data.txt::754::test,normal_run_data.txt,OCSLab_Car,veh_14,0,-1,0.7734470158343484,attack_free,benign_fp
97,weak_campaign,veh_14-w03,Challenge_S::Pre_train_S_2.csv::663::test,Pre_train_S_2.csv,Challenge_S,veh_14,0,-1,0.7575757575757576,attack_free,benign_fp
97,weak_campaign,veh_14-w04,Challenge_D::Pre_train_D_0.csv::211::test,Pre_train_D_0.csv,Challenge_D,veh_14,0,-1,0.6797138047138047,attack_free,benign_fp
97,weak_campaign,veh_14-w05,OCSLab_Car::normal_run_data.txt::576::test,normal_run_data.txt,OCSLab_Car,veh_14,0,-1,0.7766950872919204,attack_free,benign_fp
97,weak_campaign,veh_14-w06,OCSLab_Car::normal_run_data.txt::154::test,normal_run_data.txt,OCSLab_Car,veh_14,0,-1,0.9845716605765328,attack_free,benign_fp
97,weak_campaign,veh_14-w07,OCSLab_Car::normal_run_data.txt::733::test,normal_run_data.txt,OCSLab_Car,veh_14,0,-1,0.9001218026796589,attack_free,benign_fp
97,weak_campaign,veh_14-w08,OCSLab_Car::normal_run_data.txt::377::test,normal_run_data.txt,OCSLab_Car,veh_14,0,-1,0.9849776695087292,attack_free,benign_fp
97,weak_campaign,veh_14-w09,Challenge_D::Pre_train_D_2.csv::589::test,Pre_train_D_2.csv,Challenge_D,veh_14,0,-1,0.7584175084175084,attack_free,benign_fp
97,weak_campaign,veh_15-w00,OCSLab_Car::normal_run_data.txt::427::test,normal_run_data.txt,OCSLab_Car,veh_15,0,-1,0.9813235891189608,attack_free,benign_fp
97,weak_campaign,veh_15-w01,Challenge_D::Pre_train_D_0.csv::254::test,Pre_train_D_0.csv,Challenge_D,veh_15,0,-1,0.8964646464646465,attack_free,benign_fp
97,weak_campaign,veh_15-w02,Challenge_D::Pre_train_D_0.csv::210::test,Pre_train_D_0.csv,Challenge_D,veh_15,0,-1,0.7786195286195287,attack_free,benign_fp
97,weak_campaign,veh_15-w03,OCSLab_Car::normal_run_data.txt::213::test,normal_run_data.txt,OCSLab_Car,veh_15,0,-1,0.9395046691027202,attack_free,benign_fp
97,weak_campaign,veh_15-w04,Challenge_D::Pre_train_D_2.csv::746::test,Pre_train_D_2.csv,Challenge_D,veh_15,0,-1,0.7428451178451179,attack_free,benign_fp
97,weak_campaign,veh_15-w05,Challenge_S::Pre_train_S_2.csv::791::test,Pre_train_S_2.csv,Challenge_S,veh_15,0,-1,0.9861111111111112,attack_free,benign_fp
97,weak_campaign,veh_15-w06,Challenge_S::Pre_train_S_2.csv::641::test,Pre_train_S_2.csv,Challenge_S,veh_15,0,-1,0.9065656565656566,attack_free,benign_fp
97,weak_campaign,veh_15-w07,OCSLab_Car::normal_run_data.txt::262::test,normal_run_data.txt,OCSLab_Car,veh_15,0,-1,0.8233861144945189,attack_free,benign_fp
97,weak_campaign,veh_15-w08,Challenge_S::Pre_train_S_0.csv::243::test,Pre_train_S_0.csv,Challenge_S,veh_15,0,-1,0.5572390572390572,attack_free,benign_fp
97,weak_campaign,veh_15-w09,Challenge_D::Pre_train_D_0.csv::82::test,Pre_train_D_0.csv,Challenge_D,veh_15,0,-1,0.7319023569023569,attack_free,benign_fp
97,weak_campaign,veh_16-w00,Challenge_D::Pre_train_D_0.csv::102::test,Pre_train_D_0.csv,Challenge_D,veh_16,0,-1,0.9785353535353536,attack_free,benign_fp
97,weak_campaign,veh_16-w01,Challenge_S::Pre_train_S_1.csv::554::test,Pre_train_S_1.csv,Challenge_S,veh_16,0,-1,0.765993265993266,attack_free,benign_fp
97,weak_campaign,veh_16-w02,OCSLab_Car::normal_run_data.txt::716::test,normal_run_data.txt,OCSLab_Car,veh_16,0,-1,0.8505887129516849,attack_free,benign_fp
97,weak_campaign,veh_16-w03,OCSLab_Car::normal_run_data.txt::68::test,normal_run_data.txt,OCSLab_Car,veh_16,0,-1,0.927324401136825,attack_free,benign_fp
97,weak_campaign,veh_16-w04,OCSLab_Car::normal_run_data.txt::209::test,normal_run_data.txt,OCSLab_Car,veh_16,0,-1,0.9650832318311002,attack_free,benign_fp
97,weak_campaign,veh_16-w05,Challenge_S::Pre_train_S_0.csv::78::test,Pre_train_S_0.csv,Challenge_S,veh_16,0,-1,0.8863636363636364,attack_free,benign_fp
97,weak_campaign,veh_16-w06,Challenge_S::Pre_train_S_2.csv::685::test,Pre_train_S_2.csv,Challenge_S,veh_16,0,-1,0.9284511784511784,attack_free,benign_fp
97,weak_campaign,veh_16-w07,OCSLab_Car::normal_run_data.txt::116::test,normal_run_data.txt,OCSLab_Car,veh_16,0,-1,0.976857490864799,attack_free,benign_fp
97,weak_campaign,veh_16-w08,OCSLab_Car::normal_run_data.txt::369::test,normal_run_data.txt,OCSLab_Car,veh_16,0,-1,0.8477466504263094,attack_free,benign_fp
97,weak_campaign,veh_16-w09,OCSLab_Car::normal_run_data.txt::320::test,normal_run_data.txt,OCSLab_Car,veh_16,0,-1,0.9671132764920828,attack_free,benign_fp
97,weak_campaign,veh_17-w00,OCSLab_Car::normal_run_data.txt::74::test,normal_run_data.txt,OCSLab_Car,veh_17,0,-1,0.8132358911896062,attack_free,benign_fp
97,weak_campaign,veh_17-w01,OCSLab_Car::normal_run_data.txt::727::test,normal_run_data.txt,OCSLab_Car,veh_17,0,-1,0.9078359723913926,attack_free,benign_fp
97,weak_campaign,veh_17-w02,OCSLab_Car::normal_run_data.txt::226::test,normal_run_data.txt,OCSLab_Car,veh_17,0,-1,0.979293544457978,attack_free,benign_fp
97,weak_campaign,veh_17-w03,Challenge_D::Pre_train_D_1.csv::47::test,Pre_train_D_1.csv,Challenge_D,veh_17,0,-1,0.9713804713804712,attack_free,benign_fp
97,weak_campaign,veh_17-w04,Challenge_D::Pre_train_D_1.csv::527::test,Pre_train_D_1.csv,Challenge_D,veh_17,0,-1,0.7314814814814815,attack_free,benign_fp
97,weak_campaign,veh_17-w05,Challenge_S::Pre_train_S_2.csv::776::test,Pre_train_S_2.csv,Challenge_S,veh_17,0,-1,0.915824915824916,attack_free,benign_fp
97,weak_campaign,veh_17-w06,Challenge_S::Pre_train_S_1.csv::761::test,Pre_train_S_1.csv,Challenge_S,veh_17,0,-1,0.8804713804713805,attack_free,benign_fp
97,weak_campaign,veh_17-w07,OCSLab_Car::normal_run_data.txt::370::test,normal_run_data.txt,OCSLab_Car,veh_17,0,-1,0.8615509541209907,attack_free,benign_fp
97,weak_campaign,veh_17-w08,Challenge_D::Pre_train_D_0.csv::155::test,Pre_train_D_0.csv,Challenge_D,veh_17,0,-1,0.9494949494949496,attack_free,benign_fp
97,weak_campaign,veh_17-w09,OCSLab_Car::normal_run_data.txt::719::test,normal_run_data.txt,OCSLab_Car,veh_17,0,-1,0.833130328867235,attack_free,benign_fp
97,weak_campaign,veh_18-w00,OCSLab_Car::Fuzzy_dataset.csv::543::test,Fuzzy_dataset.csv,OCSLab_Car,veh_18,0,-1,0.907429963459196,attack_free,benign_fp
97,weak_campaign,veh_18-w01,OCSLab_Car::gear_dataset.csv::547::test,gear_dataset.csv,OCSLab_Car,veh_18,0,-1,0.6674786845310596,attack_free,benign_fp
97,weak_campaign,veh_18-w02,Challenge_S::Pre_train_S_2.csv::581::test,Pre_train_S_2.csv,Challenge_S,veh_18,0,-1,0.8615319865319865,attack_free,benign_fp
97,weak_campaign,veh_18-w03,OCSLab_Car::gear_dataset.csv::673::test,gear_dataset.csv,OCSLab_Car,veh_18,0,-1,0.9813235891189608,attack_free,benign_fp
97,weak_campaign,veh_18-w04,Challenge_S::Pre_train_S_0.csv::35::test,Pre_train_S_0.csv,Challenge_S,veh_18,0,-1,0.5968013468013468,attack_free,benign_fp
97,weak_campaign,veh_18-w05,OCSLab_Car::normal_run_data.txt::84::test,normal_run_data.txt,OCSLab_Car,veh_18,0,-1,0.8509947218838815,attack_free,benign_fp
97,weak_campaign,veh_18-w06,Challenge_S::Pre_train_S_1.csv::720::test,Pre_train_S_1.csv,Challenge_S,veh_18,0,-1,0.7962962962962963,attack_free,benign_fp
97,weak_campaign,veh_18-w07,Challenge_D::Pre_train_D_0.csv::117::test,Pre_train_D_0.csv,Challenge_D,veh_18,0,-1,0.9482323232323232,attack_free,benign_fp
97,weak_campaign,veh_18-w08,Challenge_S::Pre_train_S_2.csv::10::test,Pre_train_S_2.csv,Challenge_S,veh_18,0,-1,0.7836700336700336,attack_free,benign_fp
97,weak_campaign,veh_18-w09,Challenge_S::Pre_train_S_0.csv::287::test,Pre_train_S_0.csv,Challenge_S,veh_18,0,-1,0.6515151515151515,attack_free,benign_fp
97,weak_campaign,veh_19-w00,OCSLab_Car::gear_dataset.csv::511::test,gear_dataset.csv,OCSLab_Car,veh_19,0,-1,0.680470970361348,attack_free,benign_fp
97,weak_campaign,veh_19-w01,OCSLab_Car::Fuzzy_dataset.csv::568::test,Fuzzy_dataset.csv,OCSLab_Car,veh_19,0,-1,0.6954933008526187,attack_free,benign_fp
97,weak_campaign,veh_19-w02,OCSLab_Car::gear_dataset.csv::530::test,gear_dataset.csv,OCSLab_Car,veh_19,0,-1,0.6569224522939505,attack_free,benign_fp
97,weak_campaign,veh_19-w03,Challenge_S::Pre_train_S_2.csv::17::test,Pre_train_S_2.csv,Challenge_S,veh_19,0,-1,0.9271885521885522,attack_free,benign_fp
97,weak_campaign,veh_19-w04,Challenge_D::Pre_train_D_0.csv::88::test,Pre_train_D_0.csv,Challenge_D,veh_19,0,-1,0.5749158249158249,attack_free,benign_fp
97,weak_campaign,veh_19-w05,OCSLab_Car::normal_run_data.txt::571::test,normal_run_data.txt,OCSLab_Car,veh_19,0,-1,0.903369874137231,attack_free,benign_fp
97,weak_campaign,veh_19-w06,Challenge_D::Pre_train_D_0.csv::199::test,Pre_train_D_0.csv,Challenge_D,veh_19,0,-1,0.9208754208754208,attack_free,benign_fp
97,weak_campaign,veh_19-w07,Challenge_D::Pre_train_D_0.csv::139::test,Pre_train_D_0.csv,Challenge_D,veh_19,0,-1,0.6708754208754208,attack_free,benign_fp
97,weak_campaign,veh_19-w08,OCSLab_Car::normal_run_data.txt::730::test,normal_run_data.txt,OCSLab_Car,veh_19,0,-1,0.7040194884287454,attack_free,benign_fp
97,weak_campaign,veh_19-w09,OCSLab_Car::normal_run_data.txt::149::test,normal_run_data.txt,OCSLab_Car,veh_19,0,-1,0.996751928542428,attack_free,benign_fp
97,unrelated_incidents,veh_00-w00,Challenge_S::Pre_train_S_1.csv::173::test,Pre_train_S_1.csv,Challenge_S,veh_00,1,0,1.0,flooding,independent_0_flooding
97,unrelated_incidents,veh_00-w01,OCSLab_Car::DoS_dataset.csv::445::test,DoS_dataset.csv,OCSLab_Car,veh_00,1,0,1.0,flooding,independent_0_flooding
97,unrelated_incidents,veh_00-w02,Challenge_D::Pre_train_D_1.csv::112::test,Pre_train_D_1.csv,Challenge_D,veh_00,1,0,1.0,flooding,independent_0_flooding
97,unrelated_incidents,veh_00-w03,Challenge_S::Pre_train_S_2.csv::154::test,Pre_train_S_2.csv,Challenge_S,veh_00,1,0,1.0,flooding,independent_0_flooding
97,unrelated_incidents,veh_00-w04,OCSLab_Car::DoS_dataset.csv::122::test,DoS_dataset.csv,OCSLab_Car,veh_00,1,0,1.0,flooding,independent_0_flooding
97,unrelated_incidents,veh_00-w05,Challenge_S::Pre_train_S_1.csv::32::test,Pre_train_S_1.csv,Challenge_S,veh_00,1,0,1.0,flooding,independent_0_flooding
97,unrelated_incidents,veh_00-w06,Challenge_S::Pre_train_S_2.csv::89::test,Pre_train_S_2.csv,Challenge_S,veh_00,1,0,1.0,flooding,independent_0_flooding
97,unrelated_incidents,veh_00-w07,Challenge_D::Pre_train_D_2.csv::168::test,Pre_train_D_2.csv,Challenge_D,veh_00,1,0,1.0,flooding,independent_0_flooding
97,unrelated_incidents,veh_00-w08,OCSLab_Car::DoS_dataset.csv::295::test,DoS_dataset.csv,OCSLab_Car,veh_00,1,0,1.0,flooding,independent_0_flooding
97,unrelated_incidents,veh_00-w09,Challenge_D::Pre_train_D_1.csv::96::test,Pre_train_D_1.csv,Challenge_D,veh_00,1,0,1.0,flooding,independent_0_flooding
97,unrelated_incidents,veh_01-w00,OCSLab_Car::RPM_dataset.csv::470::test,RPM_dataset.csv,OCSLab_Car,veh_01,1,1,1.0,malfunction_rpm,independent_1_malfunction_rpm
97,unrelated_incidents,veh_01-w01,OCSLab_Car::RPM_dataset.csv::428::test,RPM_dataset.csv,OCSLab_Car,veh_01,1,1,1.0,malfunction_rpm,independent_1_malfunction_rpm
97,unrelated_incidents,veh_01-w02,OCSLab_Car::RPM_dataset.csv::208::test,RPM_dataset.csv,OCSLab_Car,veh_01,1,1,1.0,malfunction_rpm,independent_1_malfunction_rpm
97,unrelated_incidents,veh_01-w03,OCSLab_Car::RPM_dataset.csv::744::test,RPM_dataset.csv,OCSLab_Car,veh_01,1,1,1.0,malfunction_rpm,independent_1_malfunction_rpm
97,unrelated_incidents,veh_01-w04,OCSLab_Car::RPM_dataset.csv::436::test,RPM_dataset.csv,OCSLab_Car,veh_01,1,1,1.0,malfunction_rpm,independent_1_malfunction_rpm
97,unrelated_incidents,veh_01-w05,OCSLab_Car::RPM_dataset.csv::285::test,RPM_dataset.csv,OCSLab_Car,veh_01,1,1,1.0,malfunction_rpm,independent_1_malfunction_rpm
97,unrelated_incidents,veh_01-w06,OCSLab_Car::RPM_dataset.csv::349::test,RPM_dataset.csv,OCSLab_Car,veh_01,1,1,1.0,malfunction_rpm,independent_1_malfunction_rpm
97,unrelated_incidents,veh_01-w07,OCSLab_Car::RPM_dataset.csv::354::test,RPM_dataset.csv,OCSLab_Car,veh_01,1,1,1.0,malfunction_rpm,independent_1_malfunction_rpm
97,unrelated_incidents,veh_01-w08,OCSLab_Car::RPM_dataset.csv::35::test,RPM_dataset.csv,OCSLab_Car,veh_01,1,1,1.0,malfunction_rpm,independent_1_malfunction_rpm
97,unrelated_incidents,veh_01-w09,OCSLab_Car::RPM_dataset.csv::729::test,RPM_dataset.csv,OCSLab_Car,veh_01,1,1,1.0,malfunction_rpm,independent_1_malfunction_rpm
97,unrelated_incidents,veh_02-w00,OCSLab_Car::gear_dataset.csv::387::test,gear_dataset.csv,OCSLab_Car,veh_02,1,2,1.0,malfunction_gear,independent_2_malfunction_gear
97,unrelated_incidents,veh_02-w01,OCSLab_Car::gear_dataset.csv::359::test,gear_dataset.csv,OCSLab_Car,veh_02,1,2,1.0,malfunction_gear,independent_2_malfunction_gear
97,unrelated_incidents,veh_02-w02,OCSLab_Car::gear_dataset.csv::346::test,gear_dataset.csv,OCSLab_Car,veh_02,1,2,1.0,malfunction_gear,independent_2_malfunction_gear
97,unrelated_incidents,veh_02-w03,OCSLab_Car::gear_dataset.csv::181::test,gear_dataset.csv,OCSLab_Car,veh_02,1,2,1.0,malfunction_gear,independent_2_malfunction_gear
97,unrelated_incidents,veh_02-w04,OCSLab_Car::gear_dataset.csv::187::test,gear_dataset.csv,OCSLab_Car,veh_02,1,2,1.0,malfunction_gear,independent_2_malfunction_gear
97,unrelated_incidents,veh_02-w05,OCSLab_Car::gear_dataset.csv::417::test,gear_dataset.csv,OCSLab_Car,veh_02,1,2,1.0,malfunction_gear,independent_2_malfunction_gear
97,unrelated_incidents,veh_02-w06,OCSLab_Car::gear_dataset.csv::42::test,gear_dataset.csv,OCSLab_Car,veh_02,1,2,1.0,malfunction_gear,independent_2_malfunction_gear
97,unrelated_incidents,veh_02-w07,OCSLab_Car::gear_dataset.csv::26::test,gear_dataset.csv,OCSLab_Car,veh_02,1,2,1.0,malfunction_gear,independent_2_malfunction_gear
97,unrelated_incidents,veh_02-w08,OCSLab_Car::gear_dataset.csv::443::test,gear_dataset.csv,OCSLab_Car,veh_02,1,2,1.0,malfunction_gear,independent_2_malfunction_gear
97,unrelated_incidents,veh_02-w09,OCSLab_Car::gear_dataset.csv::2::test,gear_dataset.csv,OCSLab_Car,veh_02,1,2,1.0,malfunction_gear,independent_2_malfunction_gear
97,unrelated_incidents,veh_03-w00,OCSLab_Car::Fuzzy_dataset.csv::729::test,Fuzzy_dataset.csv,OCSLab_Car,veh_03,1,3,1.0,fuzzy,independent_3_fuzzy
97,unrelated_incidents,veh_03-w01,OCSLab_Car::Fuzzy_dataset.csv::494::test,Fuzzy_dataset.csv,OCSLab_Car,veh_03,1,3,1.0,fuzzy,independent_3_fuzzy
97,unrelated_incidents,veh_03-w02,OCSLab_Car::Fuzzy_dataset.csv::695::test,Fuzzy_dataset.csv,OCSLab_Car,veh_03,1,3,1.0,fuzzy,independent_3_fuzzy
97,unrelated_incidents,veh_03-w03,OCSLab_Car::Fuzzy_dataset.csv::495::test,Fuzzy_dataset.csv,OCSLab_Car,veh_03,1,3,1.0,fuzzy,independent_3_fuzzy
97,unrelated_incidents,veh_03-w04,OCSLab_Car::Fuzzy_dataset.csv::331::test,Fuzzy_dataset.csv,OCSLab_Car,veh_03,1,3,1.0,fuzzy,independent_3_fuzzy
97,unrelated_incidents,veh_03-w05,OCSLab_Car::Fuzzy_dataset.csv::176::test,Fuzzy_dataset.csv,OCSLab_Car,veh_03,1,3,1.0,fuzzy,independent_3_fuzzy
97,unrelated_incidents,veh_03-w06,OCSLab_Car::Fuzzy_dataset.csv::703::test,Fuzzy_dataset.csv,OCSLab_Car,veh_03,1,3,1.0,fuzzy,independent_3_fuzzy
97,unrelated_incidents,veh_03-w07,OCSLab_Car::Fuzzy_dataset.csv::660::test,Fuzzy_dataset.csv,OCSLab_Car,veh_03,1,3,1.0,fuzzy,independent_3_fuzzy
97,unrelated_incidents,veh_03-w08,OCSLab_Car::Fuzzy_dataset.csv::32::test,Fuzzy_dataset.csv,OCSLab_Car,veh_03,1,3,1.0,fuzzy,independent_3_fuzzy
97,unrelated_incidents,veh_03-w09,OCSLab_Car::Fuzzy_dataset.csv::156::test,Fuzzy_dataset.csv,OCSLab_Car,veh_03,1,3,1.0,fuzzy,independent_3_fuzzy
97,unrelated_incidents,veh_04-w00,Challenge_S::Pre_train_S_2.csv::441::test,Pre_train_S_2.csv,Challenge_S,veh_04,1,4,0.9284511784511784,spoofing,independent_4_spoofing
97,unrelated_incidents,veh_04-w01,Challenge_D::Pre_train_D_2.csv::508::test,Pre_train_D_2.csv,Challenge_D,veh_04,1,4,0.877104377104377,spoofing,independent_4_spoofing
97,unrelated_incidents,veh_04-w02,Challenge_D::Pre_train_D_2.csv::500::test,Pre_train_D_2.csv,Challenge_D,veh_04,1,4,0.8396464646464646,spoofing,independent_4_spoofing
97,unrelated_incidents,veh_04-w03,Challenge_D::Pre_train_D_2.csv::463::test,Pre_train_D_2.csv,Challenge_D,veh_04,1,4,0.9903198653198652,spoofing,independent_4_spoofing
97,unrelated_incidents,veh_04-w04,Challenge_D::Pre_train_D_2.csv::416::test,Pre_train_D_2.csv,Challenge_D,veh_04,1,4,0.8232323232323232,spoofing,independent_4_spoofing
97,unrelated_incidents,veh_04-w05,Challenge_D::Pre_train_D_1.csv::407::test,Pre_train_D_1.csv,Challenge_D,veh_04,1,4,0.8438552188552189,spoofing,independent_4_spoofing
97,unrelated_incidents,veh_04-w06,Challenge_S::Pre_train_S_1.csv::555::test,Pre_train_S_1.csv,Challenge_S,veh_04,1,4,0.9583333333333334,spoofing,independent_4_spoofing
97,unrelated_incidents,veh_04-w07,Challenge_S::Pre_train_S_2.csv::334::test,Pre_train_S_2.csv,Challenge_S,veh_04,1,4,0.8497474747474747,spoofing,independent_4_spoofing
97,unrelated_incidents,veh_04-w08,Challenge_D::Pre_train_D_1.csv::483::test,Pre_train_D_1.csv,Challenge_D,veh_04,1,4,0.9667508417508418,spoofing,independent_4_spoofing
97,unrelated_incidents,veh_04-w09,Challenge_D::Pre_train_D_2.csv::339::test,Pre_train_D_2.csv,Challenge_D,veh_04,1,4,0.9191919191919192,spoofing,independent_4_spoofing
97,unrelated_incidents,veh_05-w00,OCSLab_Car::gear_dataset.csv::303::test,gear_dataset.csv,OCSLab_Car,veh_05,0,-1,0.5842468534307754,attack_free,benign_fp
97,unrelated_incidents,veh_05-w01,OCSLab_Car::DoS_dataset.csv::710::test,DoS_dataset.csv,OCSLab_Car,veh_05,0,-1,0.9602111246447422,attack_free,benign_fp
97,unrelated_incidents,veh_05-w02,OCSLab_Car::gear_dataset.csv::584::test,gear_dataset.csv,OCSLab_Car,veh_05,0,-1,0.6585464880227365,attack_free,benign_fp
97,unrelated_incidents,veh_05-w03,Challenge_S::Pre_train_S_2.csv::651::test,Pre_train_S_2.csv,Challenge_S,veh_05,0,-1,0.7015993265993266,attack_free,benign_fp
97,unrelated_incidents,veh_05-w04,Challenge_S::Pre_train_S_2.csv::730::test,Pre_train_S_2.csv,Challenge_S,veh_05,0,-1,0.5580808080808081,attack_free,benign_fp
97,unrelated_incidents,veh_05-w05,OCSLab_Car::normal_run_data.txt::697::test,normal_run_data.txt,OCSLab_Car,veh_05,0,-1,0.8246041412911084,attack_free,benign_fp
97,unrelated_incidents,veh_05-w06,Challenge_S::Pre_train_S_2.csv::555::test,Pre_train_S_2.csv,Challenge_S,veh_05,0,-1,0.7794612794612794,attack_free,benign_fp
97,unrelated_incidents,veh_05-w07,OCSLab_Car::normal_run_data.txt::284::test,normal_run_data.txt,OCSLab_Car,veh_05,0,-1,0.9671132764920828,attack_free,benign_fp
97,unrelated_incidents,veh_05-w08,OCSLab_Car::normal_run_data.txt::150::test,normal_run_data.txt,OCSLab_Car,veh_05,0,-1,0.9650832318311002,attack_free,benign_fp
97,unrelated_incidents,veh_05-w09,Challenge_S::Pre_train_S_2.csv::713::test,Pre_train_S_2.csv,Challenge_S,veh_05,0,-1,0.6746632996632996,attack_free,benign_fp
97,unrelated_incidents,veh_06-w00,Challenge_D::Pre_train_D_0.csv::81::test,Pre_train_D_0.csv,Challenge_D,veh_06,0,-1,0.6822390572390572,attack_free,benign_fp
97,unrelated_incidents,veh_06-w01,Challenge_S::Pre_train_S_2.csv::663::test,Pre_train_S_2.csv,Challenge_S,veh_06,0,-1,0.7575757575757576,attack_free,benign_fp
97,unrelated_incidents,veh_06-w02,OCSLab_Car::normal_run_data.txt::309::test,normal_run_data.txt,OCSLab_Car,veh_06,0,-1,0.976045473000406,attack_free,benign_fp
97,unrelated_incidents,veh_06-w03,OCSLab_Car::normal_run_data.txt::710::test,normal_run_data.txt,OCSLab_Car,veh_06,0,-1,0.7356881851400731,attack_free,benign_fp
97,unrelated_incidents,veh_06-w04,Challenge_D::Pre_train_D_2.csv::749::test,Pre_train_D_2.csv,Challenge_D,veh_06,0,-1,0.6056397306397306,attack_free,benign_fp
97,unrelated_incidents,veh_06-w05,OCSLab_Car::Fuzzy_dataset.csv::533::test,Fuzzy_dataset.csv,OCSLab_Car,veh_06,0,-1,0.730004060089322,attack_free,benign_fp
97,unrelated_incidents,veh_06-w06,Challenge_D::Pre_train_D_1.csv::12::test,Pre_train_D_1.csv,Challenge_D,veh_06,0,-1,0.686026936026936,attack_free,benign_fp
97,unrelated_incidents,veh_06-w07,OCSLab_Car::normal_run_data.txt::612::test,normal_run_data.txt,OCSLab_Car,veh_06,0,-1,0.9370686155095412,attack_free,benign_fp
97,unrelated_incidents,veh_06-w08,Challenge_S::Pre_train_S_0.csv::55::test,Pre_train_S_0.csv,Challenge_S,veh_06,0,-1,0.7066498316498316,attack_free,benign_fp
97,unrelated_incidents,veh_06-w09,OCSLab_Car::normal_run_data.txt::434::test,normal_run_data.txt,OCSLab_Car,veh_06,0,-1,0.9078359723913926,attack_free,benign_fp
97,unrelated_incidents,veh_07-w00,OCSLab_Car::RPM_dataset.csv::126::test,RPM_dataset.csv,OCSLab_Car,veh_07,0,-1,0.7226958993097848,attack_free,benign_fp
97,unrelated_incidents,veh_07-w01,Challenge_S::Pre_train_S_2.csv::688::test,Pre_train_S_2.csv,Challenge_S,veh_07,0,-1,0.688973063973064,attack_free,benign_fp
97,unrelated_incidents,veh_07-w02,Challenge_D::Pre_train_D_2.csv::706::test,Pre_train_D_2.csv,Challenge_D,veh_07,0,-1,0.6376262626262627,attack_free,benign_fp
97,unrelated_incidents,veh_07-w03,Challenge_D::Pre_train_D_0.csv::213::test,Pre_train_D_0.csv,Challenge_D,veh_07,0,-1,0.8228114478114478,attack_free,benign_fp
97,unrelated_incidents,veh_07-w04,OCSLab_Car::gear_dataset.csv::159::test,gear_dataset.csv,OCSLab_Car,veh_07,0,-1,0.5866829070239545,attack_free,benign_fp
97,unrelated_incidents,veh_07-w05,Challenge_D::Pre_train_D_0.csv::124::test,Pre_train_D_0.csv,Challenge_D,veh_07,0,-1,0.7836700336700336,attack_free,benign_fp
97,unrelated_incidents,veh_07-w06,OCSLab_Car::normal_run_data.txt::73::test,normal_run_data.txt,OCSLab_Car,veh_07,0,-1,0.7641088103938287,attack_free,benign_fp
97,unrelated_incidents,veh_07-w07,OCSLab_Car::gear_dataset.csv::666::test,gear_dataset.csv,OCSLab_Car,veh_07,0,-1,0.7641088103938287,attack_free,benign_fp
97,unrelated_incidents,veh_07-w08,OCSLab_Car::normal_run_data.txt::777::test,normal_run_data.txt,OCSLab_Car,veh_07,0,-1,0.7271619975639464,attack_free,benign_fp
97,unrelated_incidents,veh_07-w09,OCSLab_Car::RPM_dataset.csv::611::test,RPM_dataset.csv,OCSLab_Car,veh_07,0,-1,0.7815671944782785,attack_free,benign_fp
97,unrelated_incidents,veh_08-w00,OCSLab_Car::normal_run_data.txt::481::test,normal_run_data.txt,OCSLab_Car,veh_08,0,-1,0.8172959805115713,attack_free,benign_fp
97,unrelated_incidents,veh_08-w01,OCSLab_Car::DoS_dataset.csv::343::test,DoS_dataset.csv,OCSLab_Car,veh_08,0,-1,0.8241981323589119,attack_free,benign_fp
97,unrelated_incidents,veh_08-w02,Challenge_D::Pre_train_D_2.csv::85::test,Pre_train_D_2.csv,Challenge_D,veh_08,0,-1,0.8329124579124579,attack_free,benign_fp
97,unrelated_incidents,veh_08-w03,OCSLab_Car::DoS_dataset.csv::484::test,DoS_dataset.csv,OCSLab_Car,veh_08,0,-1,0.8461226146975234,attack_free,benign_fp
97,unrelated_incidents,veh_08-w04,OCSLab_Car::gear_dataset.csv::304::test,gear_dataset.csv,OCSLab_Car,veh_08,0,-1,0.6488022736500203,attack_free,benign_fp
97,unrelated_incidents,veh_08-w05,OCSLab_Car::normal_run_data.txt::577::test,normal_run_data.txt,OCSLab_Car,veh_08,0,-1,0.976045473000406,attack_free,benign_fp
97,unrelated_incidents,veh_08-w06,Challenge_D::Pre_train_D_1.csv::48::test,Pre_train_D_1.csv,Challenge_D,veh_08,0,-1,0.8947811447811448,attack_free,benign_fp
97,unrelated_incidents,veh_08-w07,OCSLab_Car::normal_run_data.txt::143::test,normal_run_data.txt,OCSLab_Car,veh_08,0,-1,0.9618351603735282,attack_free,benign_fp
97,unrelated_incidents,veh_08-w08,OCSLab_Car::normal_run_data.txt::145::test,normal_run_data.txt,OCSLab_Car,veh_08,0,-1,0.9516849370686156,attack_free,benign_fp
97,unrelated_incidents,veh_08-w09,Challenge_D::Pre_train_D_0.csv::262::test,Pre_train_D_0.csv,Challenge_D,veh_08,0,-1,0.8409090909090909,attack_free,benign_fp
97,unrelated_incidents,veh_09-w00,OCSLab_Car::gear_dataset.csv::545::test,gear_dataset.csv,OCSLab_Car,veh_09,0,-1,0.6293138449045879,attack_free,benign_fp
97,unrelated_incidents,veh_09-w01,OCSLab_Car::normal_run_data.txt::670::test,normal_run_data.txt,OCSLab_Car,veh_09,0,-1,0.6244417377182298,attack_free,benign_fp
97,unrelated_incidents,veh_09-w02,Challenge_S::Pre_train_S_0.csv::88::test,Pre_train_S_0.csv,Challenge_S,veh_09,0,-1,0.7731481481481481,attack_free,benign_fp
97,unrelated_incidents,veh_09-w03,Challenge_D::Pre_train_D_2.csv::775::test,Pre_train_D_2.csv,Challenge_D,veh_09,0,-1,0.6910774410774411,attack_free,benign_fp
97,unrelated_incidents,veh_09-w04,OCSLab_Car::gear_dataset.csv::762::test,gear_dataset.csv,OCSLab_Car,veh_09,0,-1,0.5903369874137231,attack_free,benign_fp
97,unrelated_incidents,veh_09-w05,Challenge_D::Pre_train_D_2.csv::719::test,Pre_train_D_2.csv,Challenge_D,veh_09,0,-1,0.9090909090909092,attack_free,benign_fp
97,unrelated_incidents,veh_09-w06,Challenge_S::Pre_train_S_0.csv::189::test,Pre_train_S_0.csv,Challenge_S,veh_09,0,-1,0.7302188552188552,attack_free,benign_fp
97,unrelated_incidents,veh_09-w07,Challenge_D::Pre_train_D_0.csv::66::test,Pre_train_D_0.csv,Challenge_D,veh_09,0,-1,0.997053872053872,attack_free,benign_fp
97,unrelated_incidents,veh_09-w08,OCSLab_Car::normal_run_data.txt::762::test,normal_run_data.txt,OCSLab_Car,veh_09,0,-1,0.5903369874137231,attack_free,benign_fp
97,unrelated_incidents,veh_09-w09,OCSLab_Car::normal_run_data.txt::609::test,normal_run_data.txt,OCSLab_Car,veh_09,0,-1,0.9269183922046283,attack_free,benign_fp
97,unrelated_incidents,veh_10-w00,OCSLab_Car::normal_run_data.txt::326::test,normal_run_data.txt,OCSLab_Car,veh_10,0,-1,0.9995939910678034,attack_free,benign_fp
97,unrelated_incidents,veh_10-w01,OCSLab_Car::normal_run_data.txt::690::test,normal_run_data.txt,OCSLab_Car,veh_10,0,-1,0.8408444985789687,attack_free,benign_fp
97,unrelated_incidents,veh_10-w02,OCSLab_Car::Fuzzy_dataset.csv::579::test,Fuzzy_dataset.csv,OCSLab_Car,veh_10,0,-1,0.559886317498985,attack_free,benign_fp
97,unrelated_incidents,veh_10-w03,OCSLab_Car::normal_run_data.txt::741::test,normal_run_data.txt,OCSLab_Car,veh_10,0,-1,0.8932196508323184,attack_free,benign_fp
97,unrelated_incidents,veh_10-w04,OCSLab_Car::normal_run_data.txt::782::test,normal_run_data.txt,OCSLab_Car,veh_10,0,-1,0.782785221274868,attack_free,benign_fp
97,unrelated_incidents,veh_10-w05,Challenge_D::Pre_train_D_1.csv::1::test,Pre_train_D_1.csv,Challenge_D,veh_10,0,-1,0.7142255892255892,attack_free,benign_fp
97,unrelated_incidents,veh_10-w06,OCSLab_Car::gear_dataset.csv::638::test,gear_dataset.csv,OCSLab_Car,veh_10,0,-1,0.9930978481526592,attack_free,benign_fp
97,unrelated_incidents,veh_10-w07,OCSLab_Car::normal_run_data.txt::262::test,normal_run_data.txt,OCSLab_Car,veh_10,0,-1,0.8233861144945189,attack_free,benign_fp
97,unrelated_incidents,veh_10-w08,Challenge_D::Pre_train_D_0.csv::189::test,Pre_train_D_0.csv,Challenge_D,veh_10,0,-1,0.7129629629629629,attack_free,benign_fp
97,unrelated_incidents,veh_10-w09,OCSLab_Car::gear_dataset.csv::637::test,gear_dataset.csv,OCSLab_Car,veh_10,0,-1,0.7226958993097848,attack_free,benign_fp
97,unrelated_incidents,veh_11-w00,OCSLab_Car::normal_run_data.txt::663::test,normal_run_data.txt,OCSLab_Car,veh_11,0,-1,0.7965895249695494,attack_free,benign_fp
97,unrelated_incidents,veh_11-w01,Challenge_S::Pre_train_S_0.csv::31::test,Pre_train_S_0.csv,Challenge_S,veh_11,0,-1,0.7655723905723906,attack_free,benign_fp
97,unrelated_incidents,veh_11-w02,OCSLab_Car::normal_run_data.txt::318::test,normal_run_data.txt,OCSLab_Car,veh_11,0,-1,0.8408444985789687,attack_free,benign_fp
97,unrelated_incidents,veh_11-w03,Challenge_S::Pre_train_S_2.csv::654::test,Pre_train_S_2.csv,Challenge_S,veh_11,0,-1,0.7622053872053872,attack_free,benign_fp
97,unrelated_incidents,veh_11-w04,Challenge_S::Pre_train_S_0.csv::255::test,Pre_train_S_0.csv,Challenge_S,veh_11,0,-1,0.7996632996632996,attack_free,benign_fp
97,unrelated_incidents,veh_11-w05,OCSLab_Car::gear_dataset.csv::162::test,gear_dataset.csv,OCSLab_Car,veh_11,0,-1,0.5818107998375964,attack_free,benign_fp
97,unrelated_incidents,veh_11-w06,OCSLab_Car::normal_run_data.txt::476::test,normal_run_data.txt,OCSLab_Car,veh_11,0,-1,0.9663012586276898,attack_free,benign_fp
97,unrelated_incidents,veh_11-w07,Challenge_S::Pre_train_S_0.csv::90::test,Pre_train_S_0.csv,Challenge_S,veh_11,0,-1,0.7112794612794613,attack_free,benign_fp
97,unrelated_incidents,veh_11-w08,OCSLab_Car::normal_run_data.txt::354::test,normal_run_data.txt,OCSLab_Car,veh_11,0,-1,0.9468128298822576,attack_free,benign_fp
97,unrelated_incidents,veh_11-w09,OCSLab_Car::normal_run_data.txt::210::test,normal_run_data.txt,OCSLab_Car,veh_11,0,-1,0.9805115712545676,attack_free,benign_fp
97,unrelated_incidents,veh_12-w00,Challenge_D::Pre_train_D_1.csv::85::test,Pre_train_D_1.csv,Challenge_D,veh_12,0,-1,0.6662457912457912,attack_free,benign_fp
97,unrelated_incidents,veh_12-w01,OCSLab_Car::gear_dataset.csv::665::test,gear_dataset.csv,OCSLab_Car,veh_12,0,-1,0.9155501421031262,attack_free,benign_fp
97,unrelated_incidents,veh_12-w02,Challenge_S::Pre_train_S_2.csv::556::test,Pre_train_S_2.csv,Challenge_S,veh_12,0,-1,0.6447811447811448,attack_free,benign_fp
97,unrelated_incidents,veh_12-w03,OCSLab_Car::normal_run_data.txt::58::test,normal_run_data.txt,OCSLab_Car,veh_12,0,-1,0.9918798213560698,attack_free,benign_fp
97,unrelated_incidents,veh_12-w04,Challenge_D::Pre_train_D_0.csv::241::test,Pre_train_D_0.csv,Challenge_D,veh_12,0,-1,0.9806397306397306,attack_free,benign_fp
97,unrelated_incidents,veh_12-w05,OCSLab_Car::normal_run_data.txt::514::test,normal_run_data.txt,OCSLab_Car,veh_12,0,-1,0.8952496954933008,attack_free,benign_fp
97,unrelated_incidents,veh_12-w06,OCSLab_Car::normal_run_data.txt::427::test,normal_run_data.txt,OCSLab_Car,veh_12,0,-1,0.9813235891189608,attack_free,benign_fp
97,unrelated_incidents,veh_12-w07,OCSLab_Car::normal_run_data.txt::10::test,normal_run_data.txt,OCSLab_Car,veh_12,0,-1,0.7137637028014616,attack_free,benign_fp
97,unrelated_incidents,veh_12-w08,OCSLab_Car::gear_dataset.csv::593::test,gear_dataset.csv,OCSLab_Car,veh_12,0,-1,0.8477466504263094,attack_free,benign_fp
97,unrelated_incidents,veh_12-w09,OCSLab_Car::gear_dataset.csv::630::test,gear_dataset.csv,OCSLab_Car,veh_12,0,-1,0.9159561510353228,attack_free,benign_fp
97,unrelated_incidents,veh_13-w00,OCSLab_Car::RPM_dataset.csv::98::test,RPM_dataset.csv,OCSLab_Car,veh_13,0,-1,0.6386520503451076,attack_free,benign_fp
97,unrelated_incidents,veh_13-w01,OCSLab_Car::gear_dataset.csv::598::test,gear_dataset.csv,OCSLab_Car,veh_13,0,-1,0.6914332115306536,attack_free,benign_fp
97,unrelated_incidents,veh_13-w02,OCSLab_Car::gear_dataset.csv::528::test,gear_dataset.csv,OCSLab_Car,veh_13,0,-1,0.631749898497767,attack_free,benign_fp
97,unrelated_incidents,veh_13-w03,OCSLab_Car::normal_run_data.txt::665::test,normal_run_data.txt,OCSLab_Car,veh_13,0,-1,0.9427527405602923,attack_free,benign_fp
97,unrelated_incidents,veh_13-w04,Challenge_S::Pre_train_S_2.csv::37::test,Pre_train_S_2.csv,Challenge_S,veh_13,0,-1,0.8952020202020202,attack_free,benign_fp
97,unrelated_incidents,veh_13-w05,Challenge_S::Pre_train_S_2.csv::30::test,Pre_train_S_2.csv,Challenge_S,veh_13,0,-1,0.8594276094276094,attack_free,benign_fp
97,unrelated_incidents,veh_13-w06,OCSLab_Car::gear_dataset.csv::527::test,gear_dataset.csv,OCSLab_Car,veh_13,0,-1,0.6138855054811205,attack_free,benign_fp
97,unrelated_incidents,veh_13-w07,OCSLab_Car::normal_run_data.txt::581::test,normal_run_data.txt,OCSLab_Car,veh_13,0,-1,0.7718229801055623,attack_free,benign_fp
97,unrelated_incidents,veh_13-w08,OCSLab_Car::normal_run_data.txt::327::test,normal_run_data.txt,OCSLab_Car,veh_13,0,-1,0.998375964271214,attack_free,benign_fp
97,unrelated_incidents,veh_13-w09,OCSLab_Car::gear_dataset.csv::594::test,gear_dataset.csv,OCSLab_Car,veh_13,0,-1,0.586276898091758,attack_free,benign_fp
97,unrelated_incidents,veh_14-w00,Challenge_S::Pre_train_S_1.csv::440::test,Pre_train_S_1.csv,Challenge_S,veh_14,0,-1,0.8152356902356902,attack_free,benign_fp
97,unrelated_incidents,veh_14-w01,OCSLab_Car::gear_dataset.csv::546::test,gear_dataset.csv,OCSLab_Car,veh_14,0,-1,0.5883069427527405,attack_free,benign_fp
97,unrelated_incidents,veh_14-w02,Challenge_S::Pre_train_S_1.csv::748::test,Pre_train_S_1.csv,Challenge_S,veh_14,0,-1,0.7773569023569024,attack_free,benign_fp
97,unrelated_incidents,veh_14-w03,Challenge_D::Pre_train_D_2.csv::710::test,Pre_train_D_2.csv,Challenge_D,veh_14,0,-1,0.7159090909090909,attack_free,benign_fp
97,unrelated_incidents,veh_14-w04,OCSLab_Car::normal_run_data.txt::64::test,normal_run_data.txt,OCSLab_Car,veh_14,0,-1,0.9801055623223712,attack_free,benign_fp
97,unrelated_incidents,veh_14-w05,OCSLab_Car::normal_run_data.txt::568::test,normal_run_data.txt,OCSLab_Car,veh_14,0,-1,0.8444985789687373,attack_free,benign_fp
97,unrelated_incidents,veh_14-w06,OCSLab_Car::RPM_dataset.csv::607::test,RPM_dataset.csv,OCSLab_Car,veh_14,0,-1,0.903369874137231,attack_free,benign_fp
97,unrelated_incidents,veh_14-w07,OCSLab_Car::gear_dataset.csv::672::test,gear_dataset.csv,OCSLab_Car,veh_14,0,-1,0.6130734876167275,attack_free,benign_fp
97,unrelated_incidents,veh_14-w08,Challenge_S::Pre_train_S_0.csv::26::test,Pre_train_S_0.csv,Challenge_S,veh_14,0,-1,0.944023569023569,attack_free,benign_fp
97,unrelated_incidents,veh_14-w09,Challenge_D::Pre_train_D_1.csv::83::test,Pre_train_D_1.csv,Challenge_D,veh_14,0,-1,0.7777777777777778,attack_free,benign_fp
97,unrelated_incidents,veh_15-w00,OCSLab_Car::gear_dataset.csv::657::test,gear_dataset.csv,OCSLab_Car,veh_15,0,-1,0.8859114900527811,attack_free,benign_fp
97,unrelated_incidents,veh_15-w01,OCSLab_Car::normal_run_data.txt::203::test,normal_run_data.txt,OCSLab_Car,veh_15,0,-1,0.9821356069833536,attack_free,benign_fp
97,unrelated_incidents,veh_15-w02,Challenge_S::Pre_train_S_1.csv::334::test,Pre_train_S_1.csv,Challenge_S,veh_15,0,-1,0.6098484848484849,attack_free,benign_fp
97,unrelated_incidents,veh_15-w03,OCSLab_Car::DoS_dataset.csv::131::test,DoS_dataset.csv,OCSLab_Car,veh_15,0,-1,0.5602923264311814,attack_free,benign_fp
97,unrelated_incidents,veh_15-w04,OCSLab_Car::normal_run_data.txt::196::test,normal_run_data.txt,OCSLab_Car,veh_15,0,-1,0.7685749086479903,attack_free,benign_fp
97,unrelated_incidents,veh_15-w05,Challenge_S::Pre_train_S_1.csv::786::test,Pre_train_S_1.csv,Challenge_S,veh_15,0,-1,0.7058080808080808,attack_free,benign_fp
97,unrelated_incidents,veh_15-w06,OCSLab_Car::gear_dataset.csv::310::test,gear_dataset.csv,OCSLab_Car,veh_15,0,-1,0.5781567194478279,attack_free,benign_fp
97,unrelated_incidents,veh_15-w07,OCSLab_Car::normal_run_data.txt::719::test,normal_run_data.txt,OCSLab_Car,veh_15,0,-1,0.833130328867235,attack_free,benign_fp
97,unrelated_incidents,veh_15-w08,OCSLab_Car::RPM_dataset.csv::119::test,RPM_dataset.csv,OCSLab_Car,veh_15,0,-1,0.6297198538367844,attack_free,benign_fp
97,unrelated_incidents,veh_15-w09,Challenge_D::Pre_train_D_0.csv::288::test,Pre_train_D_0.csv,Challenge_D,veh_15,0,-1,0.5749158249158249,attack_free,benign_fp
97,unrelated_incidents,veh_16-w00,OCSLab_Car::normal_run_data.txt::274::test,normal_run_data.txt,OCSLab_Car,veh_16,0,-1,0.9801055623223712,attack_free,benign_fp
97,unrelated_incidents,veh_16-w01,OCSLab_Car::normal_run_data.txt::137::test,normal_run_data.txt,OCSLab_Car,veh_16,0,-1,0.8639870077141697,attack_free,benign_fp
97,unrelated_incidents,veh_16-w02,OCSLab_Car::normal_run_data.txt::666::test,normal_run_data.txt,OCSLab_Car,veh_16,0,-1,0.9183922046285018,attack_free,benign_fp
97,unrelated_incidents,veh_16-w03,OCSLab_Car::normal_run_data.txt::486::test,normal_run_data.txt,OCSLab_Car,veh_16,0,-1,0.9801055623223712,attack_free,benign_fp
97,unrelated_incidents,veh_16-w04,OCSLab_Car::gear_dataset.csv::610::test,gear_dataset.csv,OCSLab_Car,veh_16,0,-1,0.6585464880227365,attack_free,benign_fp
97,unrelated_incidents,veh_16-w05,Challenge_S::Pre_train_S_0.csv::145::test,Pre_train_S_0.csv,Challenge_S,veh_16,0,-1,0.5723905723905723,attack_free,benign_fp
97,unrelated_incidents,veh_16-w06,OCSLab_Car::normal_run_data.txt::702::test,normal_run_data.txt,OCSLab_Car,veh_16,0,-1,0.9703613479496548,attack_free,benign_fp
97,unrelated_incidents,veh_16-w07,OCSLab_Car::RPM_dataset.csv::130::test,RPM_dataset.csv,OCSLab_Car,veh_16,0,-1,0.7231019082419813,attack_free,benign_fp
97,unrelated_incidents,veh_16-w08,Challenge_S::Pre_train_S_1.csv::2::test,Pre_train_S_1.csv,Challenge_S,veh_16,0,-1,0.8417508417508418,attack_free,benign_fp
97,unrelated_incidents,veh_16-w09,OCSLab_Car::normal_run_data.txt::157::test,normal_run_data.txt,OCSLab_Car,veh_16,0,-1,0.782785221274868,attack_free,benign_fp
97,unrelated_incidents,veh_17-w00,Challenge_D::Pre_train_D_2.csv::766::test,Pre_train_D_2.csv,Challenge_D,veh_17,0,-1,0.5816498316498316,attack_free,benign_fp
97,unrelated_incidents,veh_17-w01,Challenge_D::Pre_train_D_0.csv::273::test,Pre_train_D_0.csv,Challenge_D,veh_17,0,-1,0.6085858585858586,attack_free,benign_fp
97,unrelated_incidents,veh_17-w02,Challenge_S::Pre_train_S_2.csv::40::test,Pre_train_S_2.csv,Challenge_S,veh_17,0,-1,0.9444444444444444,attack_free,benign_fp
97,unrelated_incidents,veh_17-w03,OCSLab_Car::normal_run_data.txt::545::test,normal_run_data.txt,OCSLab_Car,veh_17,0,-1,0.9399106780349168,attack_free,benign_fp
97,unrelated_incidents,veh_17-w04,Challenge_S::Pre_train_S_2.csv::27::test,Pre_train_S_2.csv,Challenge_S,veh_17,0,-1,0.9553872053872052,attack_free,benign_fp
97,unrelated_incidents,veh_17-w05,OCSLab_Car::normal_run_data.txt::153::test,normal_run_data.txt,OCSLab_Car,veh_17,0,-1,0.924888347543646,attack_free,benign_fp
97,unrelated_incidents,veh_17-w06,Challenge_D::Pre_train_D_2.csv::98::test,Pre_train_D_2.csv,Challenge_D,veh_17,0,-1,0.6321548821548821,attack_free,benign_fp
97,unrelated_incidents,veh_17-w07,Challenge_D::Pre_train_D_2.csv::721::test,Pre_train_D_2.csv,Challenge_D,veh_17,0,-1,0.6553030303030303,attack_free,benign_fp
97,unrelated_incidents,veh_17-w08,OCSLab_Car::Fuzzy_dataset.csv::568::test,Fuzzy_dataset.csv,OCSLab_Car,veh_17,0,-1,0.6954933008526187,attack_free,benign_fp
97,unrelated_incidents,veh_17-w09,OCSLab_Car::normal_run_data.txt::574::test,normal_run_data.txt,OCSLab_Car,veh_17,0,-1,0.8375964271213967,attack_free,benign_fp
97,unrelated_incidents,veh_18-w00,Challenge_S::Pre_train_S_0.csv::201::test,Pre_train_S_0.csv,Challenge_S,veh_18,0,-1,0.6473063973063973,attack_free,benign_fp
97,unrelated_incidents,veh_18-w01,Challenge_D::Pre_train_D_2.csv::661::test,Pre_train_D_2.csv,Challenge_D,veh_18,0,-1,0.5694444444444444,attack_free,benign_fp
97,unrelated_incidents,veh_18-w02,Challenge_D::Pre_train_D_0.csv::51::test,Pre_train_D_0.csv,Challenge_D,veh_18,0,-1,0.8333333333333334,attack_free,benign_fp
97,unrelated_incidents,veh_18-w03,OCSLab_Car::normal_run_data.txt::355::test,normal_run_data.txt,OCSLab_Car,veh_18,0,-1,0.9549330085261876,attack_free,benign_fp
97,unrelated_incidents,veh_18-w04,OCSLab_Car::normal_run_data.txt::34::test,normal_run_data.txt,OCSLab_Car,veh_18,0,-1,0.9326025172553796,attack_free,benign_fp
97,unrelated_incidents,veh_18-w05,OCSLab_Car::gear_dataset.csv::631::test,gear_dataset.csv,OCSLab_Car,veh_18,0,-1,0.8920016240357288,attack_free,benign_fp
97,unrelated_incidents,veh_18-w06,OCSLab_Car::normal_run_data.txt::647::test,normal_run_data.txt,OCSLab_Car,veh_18,0,-1,0.7454323995127893,attack_free,benign_fp
97,unrelated_incidents,veh_18-w07,OCSLab_Car::normal_run_data.txt::511::test,normal_run_data.txt,OCSLab_Car,veh_18,0,-1,0.8359723913926106,attack_free,benign_fp
97,unrelated_incidents,veh_18-w08,OCSLab_Car::Fuzzy_dataset.csv::292::test,Fuzzy_dataset.csv,OCSLab_Car,veh_18,0,-1,0.6374340235485181,attack_free,benign_fp
97,unrelated_incidents,veh_18-w09,Challenge_D::Pre_train_D_2.csv::708::test,Pre_train_D_2.csv,Challenge_D,veh_18,0,-1,0.8337542087542088,attack_free,benign_fp
97,unrelated_incidents,veh_19-w00,Challenge_S::Pre_train_S_1.csv::745::test,Pre_train_S_1.csv,Challenge_S,veh_19,0,-1,0.9250841750841752,attack_free,benign_fp
97,unrelated_incidents,veh_19-w01,OCSLab_Car::normal_run_data.txt::784::test,normal_run_data.txt,OCSLab_Car,veh_19,0,-1,0.9045879009338206,attack_free,benign_fp
97,unrelated_incidents,veh_19-w02,Challenge_D::Pre_train_D_2.csv::99::test,Pre_train_D_2.csv,Challenge_D,veh_19,0,-1,0.7878787878787878,attack_free,benign_fp
97,unrelated_incidents,veh_19-w03,Challenge_S::Pre_train_S_2.csv::758::test,Pre_train_S_2.csv,Challenge_S,veh_19,0,-1,0.6165824915824916,attack_free,benign_fp
97,unrelated_incidents,veh_19-w04,OCSLab_Car::normal_run_data.txt::56::test,normal_run_data.txt,OCSLab_Car,veh_19,0,-1,0.7685749086479903,attack_free,benign_fp
97,unrelated_incidents,veh_19-w05,OCSLab_Car::gear_dataset.csv::603::test,gear_dataset.csv,OCSLab_Car,veh_19,0,-1,0.5809987819732034,attack_free,benign_fp
97,unrelated_incidents,veh_19-w06,Challenge_S::Pre_train_S_0.csv::287::test,Pre_train_S_0.csv,Challenge_S,veh_19,0,-1,0.6515151515151515,attack_free,benign_fp
97,unrelated_incidents,veh_19-w07,Challenge_D::Pre_train_D_0.csv::184::test,Pre_train_D_0.csv,Challenge_D,veh_19,0,-1,0.8678451178451179,attack_free,benign_fp
97,unrelated_incidents,veh_19-w08,Challenge_S::Pre_train_S_2.csv::602::test,Pre_train_S_2.csv,Challenge_S,veh_19,0,-1,0.9208754208754208,attack_free,benign_fp
97,unrelated_incidents,veh_19-w09,Challenge_D::Pre_train_D_0.csv::211::test,Pre_train_D_0.csv,Challenge_D,veh_19,0,-1,0.6797138047138047,attack_free,benign_fp
101,strong_campaign,veh_00-w00,Challenge_D::Pre_train_D_1.csv::690::test,Pre_train_D_1.csv,Challenge_D,veh_00,1,0,0.9175084175084176,replay,replay
101,strong_campaign,veh_00-w01,Challenge_D::Pre_train_D_1.csv::676::test,Pre_train_D_1.csv,Challenge_D,veh_00,1,0,0.8682659932659933,replay,replay
101,strong_campaign,veh_00-w02,Challenge_S::Pre_train_S_1.csv::668::test,Pre_train_S_1.csv,Challenge_S,veh_00,1,0,0.8539562289562289,replay,replay
101,strong_campaign,veh_00-w03,Challenge_S::Pre_train_S_1.csv::645::test,Pre_train_S_1.csv,Challenge_S,veh_00,1,0,0.9351851851851852,replay,replay
101,strong_campaign,veh_00-w04,Challenge_S::Pre_train_S_1.csv::629::test,Pre_train_S_1.csv,Challenge_S,veh_00,1,0,0.8678451178451179,replay,replay
101,strong_campaign,veh_00-w05,Challenge_D::Pre_train_D_1.csv::737::test,Pre_train_D_1.csv,Challenge_D,veh_00,1,0,0.976010101010101,replay,replay
101,strong_campaign,veh_00-w06,Challenge_D::Pre_train_D_1.csv::641::test,Pre_train_D_1.csv,Challenge_D,veh_00,1,0,0.9234006734006734,replay,replay
101,strong_campaign,veh_00-w07,Challenge_S::Pre_train_S_1.csv::687::test,Pre_train_S_1.csv,Challenge_S,veh_00,1,0,0.9326599326599326,replay,replay
101,strong_campaign,veh_00-w08,Challenge_D::Pre_train_D_1.csv::708::test,Pre_train_D_1.csv,Challenge_D,veh_00,1,0,0.8333333333333334,replay,replay
101,strong_campaign,veh_00-w09,Challenge_D::Pre_train_D_1.csv::663::test,Pre_train_D_1.csv,Challenge_D,veh_00,1,0,0.8834175084175084,replay,replay
101,strong_campaign,veh_01-w00,Challenge_S::Pre_train_S_1.csv::612::test,Pre_train_S_1.csv,Challenge_S,veh_01,1,0,0.9953703703703703,replay,replay
101,strong_campaign,veh_01-w01,Challenge_S::Pre_train_S_1.csv::637::test,Pre_train_S_1.csv,Challenge_S,veh_01,1,0,0.9726430976430976,replay,replay
101,strong_campaign,veh_01-w02,Challenge_D::Pre_train_D_1.csv::655::test,Pre_train_D_1.csv,Challenge_D,veh_01,1,0,0.8661616161616161,replay,replay
101,strong_campaign,veh_01-w03,Challenge_D::Pre_train_D_1.csv::717::test,Pre_train_D_1.csv,Challenge_D,veh_01,1,0,0.8409090909090909,replay,replay
101,strong_campaign,veh_01-w04,Challenge_S::Pre_train_S_1.csv::605::test,Pre_train_S_1.csv,Challenge_S,veh_01,1,0,0.9124579124579124,replay,replay
101,strong_campaign,veh_01-w05,Challenge_D::Pre_train_D_1.csv::594::test,Pre_train_D_1.csv,Challenge_D,veh_01,1,0,0.8947811447811448,replay,replay
101,strong_campaign,veh_01-w06,Challenge_D::Pre_train_D_1.csv::601::test,Pre_train_D_1.csv,Challenge_D,veh_01,1,0,0.8164983164983165,replay,replay
101,strong_campaign,veh_01-w07,Challenge_D::Pre_train_D_1.csv::738::test,Pre_train_D_1.csv,Challenge_D,veh_01,1,0,0.928030303030303,replay,replay
101,strong_campaign,veh_01-w08,Challenge_S::Pre_train_S_1.csv::604::test,Pre_train_S_1.csv,Challenge_S,veh_01,1,0,0.9410774410774412,replay,replay
101,strong_campaign,veh_01-w09,Challenge_S::Pre_train_S_1.csv::701::test,Pre_train_S_1.csv,Challenge_S,veh_01,1,0,0.9065656565656566,replay,replay
101,strong_campaign,veh_02-w00,Challenge_S::Pre_train_S_1.csv::652::test,Pre_train_S_1.csv,Challenge_S,veh_02,1,0,0.8114478114478114,replay,replay
101,strong_campaign,veh_02-w01,Challenge_D::Pre_train_D_1.csv::698::test,Pre_train_D_1.csv,Challenge_D,veh_02,1,0,0.821969696969697,replay,replay
101,strong_campaign,veh_02-w02,Challenge_S::Pre_train_S_1.csv::698::test,Pre_train_S_1.csv,Challenge_S,veh_02,1,0,0.8211279461279462,replay,replay
101,strong_campaign,veh_02-w03,Challenge_S::Pre_train_S_1.csv::713::test,Pre_train_S_1.csv,Challenge_S,veh_02,1,0,0.9351851851851852,replay,replay
101,strong_campaign,veh_02-w04,Challenge_D::Pre_train_D_1.csv::620::test,Pre_train_D_1.csv,Challenge_D,veh_02,1,0,0.8476430976430976,replay,replay
101,strong_campaign,veh_02-w05,Challenge_D::Pre_train_D_1.csv::710::test,Pre_train_D_1.csv,Challenge_D,veh_02,1,0,0.86489898989899,replay,replay
101,strong_campaign,veh_02-w06,Challenge_S::Pre_train_S_1.csv::641::test,Pre_train_S_1.csv,Challenge_S,veh_02,1,0,0.8691077441077442,replay,replay
101,strong_campaign,veh_02-w07,Challenge_S::Pre_train_S_1.csv::692::test,Pre_train_S_1.csv,Challenge_S,veh_02,1,0,0.981060606060606,replay,replay
101,strong_campaign,veh_02-w08,Challenge_D::Pre_train_D_1.csv::713::test,Pre_train_D_1.csv,Challenge_D,veh_02,1,0,0.8127104377104377,replay,replay
101,strong_campaign,veh_02-w09,Challenge_D::Pre_train_D_1.csv::781::test,Pre_train_D_1.csv,Challenge_D,veh_02,1,0,0.9701178451178452,replay,replay
101,strong_campaign,veh_03-w00,Challenge_D::Pre_train_D_1.csv::595::test,Pre_train_D_1.csv,Challenge_D,veh_03,1,0,0.8522727272727273,replay,replay
101,strong_campaign,veh_03-w01,Challenge_D::Pre_train_D_1.csv::639::test,Pre_train_D_1.csv,Challenge_D,veh_03,1,0,0.8198653198653199,replay,replay
101,strong_campaign,veh_03-w02,Challenge_S::Pre_train_S_1.csv::682::test,Pre_train_S_1.csv,Challenge_S,veh_03,1,0,0.9347643097643098,replay,replay
101,strong_campaign,veh_03-w03,Challenge_D::Pre_train_D_1.csv::667::test,Pre_train_D_1.csv,Challenge_D,veh_03,1,0,0.8274410774410774,replay,replay
101,strong_campaign,veh_03-w04,Challenge_D::Pre_train_D_1.csv::615::test,Pre_train_D_1.csv,Challenge_D,veh_03,1,0,0.872895622895623,replay,replay
101,strong_campaign,veh_03-w05,Challenge_S::Pre_train_S_1.csv::636::test,Pre_train_S_1.csv,Challenge_S,veh_03,1,0,0.8051346801346801,replay,replay
101,strong_campaign,veh_03-w06,Challenge_S::Pre_train_S_1.csv::618::test,Pre_train_S_1.csv,Challenge_S,veh_03,1,0,0.8042929292929293,replay,replay
101,strong_campaign,veh_03-w07,Challenge_D::Pre_train_D_1.csv::642::test,Pre_train_D_1.csv,Challenge_D,veh_03,1,0,0.9381313131313131,replay,replay
101,strong_campaign,veh_03-w08,Challenge_S::Pre_train_S_1.csv::603::test,Pre_train_S_1.csv,Challenge_S,veh_03,1,0,0.8775252525252525,replay,replay
101,strong_campaign,veh_03-w09,Challenge_D::Pre_train_D_1.csv::705::test,Pre_train_D_1.csv,Challenge_D,veh_03,1,0,0.960016835016835,replay,replay
101,strong_campaign,veh_04-w00,Challenge_S::Pre_train_S_1.csv::681::test,Pre_train_S_1.csv,Challenge_S,veh_04,1,0,0.944023569023569,replay,replay
101,strong_campaign,veh_04-w01,Challenge_D::Pre_train_D_1.csv::759::test,Pre_train_D_1.csv,Challenge_D,veh_04,1,0,0.8611111111111112,replay,replay
101,strong_campaign,veh_04-w02,Challenge_S::Pre_train_S_1.csv::673::test,Pre_train_S_1.csv,Challenge_S,veh_04,1,0,0.9271885521885522,replay,replay
101,strong_campaign,veh_04-w03,Challenge_D::Pre_train_D_1.csv::656::test,Pre_train_D_1.csv,Challenge_D,veh_04,1,0,0.9827441077441076,replay,replay
101,strong_campaign,veh_04-w04,Challenge_S::Pre_train_S_1.csv::627::test,Pre_train_S_1.csv,Challenge_S,veh_04,1,0,0.933080808080808,replay,replay
101,strong_campaign,veh_04-w05,Challenge_S::Pre_train_S_1.csv::712::test,Pre_train_S_1.csv,Challenge_S,veh_04,1,0,0.9541245791245792,replay,replay
101,strong_campaign,veh_04-w06,Challenge_D::Pre_train_D_1.csv::788::test,Pre_train_D_1.csv,Challenge_D,veh_04,1,0,0.8956228956228957,replay,replay
101,strong_campaign,veh_04-w07,Challenge_D::Pre_train_D_1.csv::631::test,Pre_train_D_1.csv,Challenge_D,veh_04,1,0,0.9377104377104376,replay,replay
101,strong_campaign,veh_04-w08,Challenge_D::Pre_train_D_1.csv::599::test,Pre_train_D_1.csv,Challenge_D,veh_04,1,0,0.8232323232323232,replay,replay
101,strong_campaign,veh_04-w09,Challenge_S::Pre_train_S_1.csv::694::test,Pre_train_S_1.csv,Challenge_S,veh_04,1,0,0.9646464646464646,replay,replay
101,strong_campaign,veh_05-w00,OCSLab_Car::Fuzzy_dataset.csv::554::test,Fuzzy_dataset.csv,OCSLab_Car,veh_05,0,-1,0.6203816483962648,attack_free,benign_fp
101,strong_campaign,veh_05-w01,Challenge_S::Pre_train_S_2.csv::711::test,Pre_train_S_2.csv,Challenge_S,veh_05,0,-1,0.6540404040404041,attack_free,benign_fp
101,strong_campaign,veh_05-w02,OCSLab_Car::normal_run_data.txt::173::test,normal_run_data.txt,OCSLab_Car,veh_05,0,-1,0.7097036134794965,attack_free,benign_fp
101,strong_campaign,veh_05-w03,Challenge_S::Pre_train_S_1.csv::780::test,Pre_train_S_1.csv,Challenge_S,veh_05,0,-1,0.9646464646464646,attack_free,benign_fp
101,strong_campaign,veh_05-w04,OCSLab_Car::normal_run_data.txt::117::test,normal_run_data.txt,OCSLab_Car,veh_05,0,-1,0.9480308566788468,attack_free,benign_fp
101,strong_campaign,veh_05-w05,OCSLab_Car::normal_run_data.txt::360::test,normal_run_data.txt,OCSLab_Car,veh_05,0,-1,0.94884287454324,attack_free,benign_fp
101,strong_campaign,veh_05-w06,OCSLab_Car::gear_dataset.csv::539::test,gear_dataset.csv,OCSLab_Car,veh_05,0,-1,0.5716605765326838,attack_free,benign_fp
101,strong_campaign,veh_05-w07,OCSLab_Car::normal_run_data.txt::241::test,normal_run_data.txt,OCSLab_Car,veh_05,0,-1,0.9837596427121396,attack_free,benign_fp
101,strong_campaign,veh_05-w08,OCSLab_Car::normal_run_data.txt::700::test,normal_run_data.txt,OCSLab_Car,veh_05,0,-1,0.9326025172553796,attack_free,benign_fp
101,strong_campaign,veh_05-w09,Challenge_D::Pre_train_D_2.csv::74::test,Pre_train_D_2.csv,Challenge_D,veh_05,0,-1,0.8005050505050505,attack_free,benign_fp
101,strong_campaign,veh_06-w00,OCSLab_Car::normal_run_data.txt::130::test,normal_run_data.txt,OCSLab_Car,veh_06,0,-1,0.958587088915956,attack_free,benign_fp
101,strong_campaign,veh_06-w01,OCSLab_Car::normal_run_data.txt::235::test,normal_run_data.txt,OCSLab_Car,veh_06,0,-1,0.9671132764920828,attack_free,benign_fp
101,strong_campaign,veh_06-w02,OCSLab_Car::normal_run_data.txt::514::test,normal_run_data.txt,OCSLab_Car,veh_06,0,-1,0.8952496954933008,attack_free,benign_fp
101,strong_campaign,veh_06-w03,Challenge_D::Pre_train_D_2.csv::100::test,Pre_train_D_2.csv,Challenge_D,veh_06,0,-1,0.9154040404040404,attack_free,benign_fp
101,strong_campaign,veh_06-w04,OCSLab_Car::normal_run_data.txt::458::test,normal_run_data.txt,OCSLab_Car,veh_06,0,-1,0.7287860332927324,attack_free,benign_fp
101,strong_campaign,veh_06-w05,OCSLab_Car::normal_run_data.txt::280::test,normal_run_data.txt,OCSLab_Car,veh_06,0,-1,0.997563946406821,attack_free,benign_fp
101,strong_campaign,veh_06-w06,OCSLab_Car::gear_dataset.csv::770::test,gear_dataset.csv,OCSLab_Car,veh_06,0,-1,0.6475842468534307,attack_free,benign_fp
101,strong_campaign,veh_06-w07,Challenge_S::Pre_train_S_2.csv::724::test,Pre_train_S_2.csv,Challenge_S,veh_06,0,-1,0.5862794612794613,attack_free,benign_fp
101,strong_campaign,veh_06-w08,OCSLab_Car::normal_run_data.txt::739::test,normal_run_data.txt,OCSLab_Car,veh_06,0,-1,0.9078359723913926,attack_free,benign_fp
101,strong_campaign,veh_06-w09,Challenge_S::Pre_train_S_2.csv::758::test,Pre_train_S_2.csv,Challenge_S,veh_06,0,-1,0.6165824915824916,attack_free,benign_fp
101,strong_campaign,veh_07-w00,OCSLab_Car::normal_run_data.txt::478::test,normal_run_data.txt,OCSLab_Car,veh_07,0,-1,0.7921234267153877,attack_free,benign_fp
101,strong_campaign,veh_07-w01,Challenge_D::Pre_train_D_2.csv::786::test,Pre_train_D_2.csv,Challenge_D,veh_07,0,-1,0.9006734006734006,attack_free,benign_fp
101,strong_campaign,veh_07-w02,OCSLab_Car::gear_dataset.csv::116::test,gear_dataset.csv,OCSLab_Car,veh_07,0,-1,0.5655704425497361,attack_free,benign_fp
101,strong_campaign,veh_07-w03,OCSLab_Car::normal_run_data.txt::555::test,normal_run_data.txt,OCSLab_Car,veh_07,0,-1,0.8968737312220869,attack_free,benign_fp
101,strong_campaign,veh_07-w04,Challenge_D::Pre_train_D_2.csv::646::test,Pre_train_D_2.csv,Challenge_D,veh_07,0,-1,0.9074074074074074,attack_free,benign_fp
101,strong_campaign,veh_07-w05,Challenge_D::Pre_train_D_1.csv::59::test,Pre_train_D_1.csv,Challenge_D,veh_07,0,-1,0.901094276094276,attack_free,benign_fp
101,strong_campaign,veh_07-w06,OCSLab_Car::normal_run_data.txt::634::test,normal_run_data.txt,OCSLab_Car,veh_07,0,-1,0.8587088915956151,attack_free,benign_fp
101,strong_campaign,veh_07-w07,Challenge_S::Pre_train_S_2.csv::640::test,Pre_train_S_2.csv,Challenge_S,veh_07,0,-1,0.9095117845117844,attack_free,benign_fp
101,strong_campaign,veh_07-w08,OCSLab_Car::normal_run_data.txt::359::test,normal_run_data.txt,OCSLab_Car,veh_07,0,-1,0.9220462850182704,attack_free,benign_fp
101,strong_campaign,veh_07-w09,Challenge_D::Pre_train_D_0.csv::7::test,Pre_train_D_0.csv,Challenge_D,veh_07,0,-1,0.7954545454545454,attack_free,benign_fp
101,strong_campaign,veh_08-w00,Challenge_S::Pre_train_S_0.csv::163::test,Pre_train_S_0.csv,Challenge_S,veh_08,0,-1,0.6195286195286195,attack_free,benign_fp
101,strong_campaign,veh_08-w01,Challenge_D::Pre_train_D_2.csv::677::test,Pre_train_D_2.csv,Challenge_D,veh_08,0,-1,0.640993265993266,attack_free,benign_fp
101,strong_campaign,veh_08-w02,Challenge_S::Pre_train_S_0.csv::11::test,Pre_train_S_0.csv,Challenge_S,veh_08,0,-1,0.9553872053872052,attack_free,benign_fp
101,strong_campaign,veh_08-w03,OCSLab_Car::gear_dataset.csv::162::test,gear_dataset.csv,OCSLab_Car,veh_08,0,-1,0.5818107998375964,attack_free,benign_fp
101,strong_campaign,veh_08-w04,Challenge_D::Pre_train_D_0.csv::67::test,Pre_train_D_0.csv,Challenge_D,veh_08,0,-1,0.7483164983164983,attack_free,benign_fp
101,strong_campaign,veh_08-w05,Challenge_D::Pre_train_D_2.csv::743::test,Pre_train_D_2.csv,Challenge_D,veh_08,0,-1,0.6153198653198653,attack_free,benign_fp
101,strong_campaign,veh_08-w06,OCSLab_Car::normal_run_data.txt::322::test,normal_run_data.txt,OCSLab_Car,veh_08,0,-1,0.9618351603735282,attack_free,benign_fp
101,strong_campaign,veh_08-w07,OCSLab_Car::normal_run_data.txt::775::test,normal_run_data.txt,OCSLab_Car,veh_08,0,-1,0.6914332115306536,attack_free,benign_fp
101,strong_campaign,veh_08-w08,Challenge_S::Pre_train_S_2.csv::1::test,Pre_train_S_2.csv,Challenge_S,veh_08,0,-1,0.9983164983164984,attack_free,benign_fp
101,strong_campaign,veh_08-w09,OCSLab_Car::normal_run_data.txt::675::test,normal_run_data.txt,OCSLab_Car,veh_08,0,-1,0.5899309784815266,attack_free,benign_fp
101,strong_campaign,veh_09-w00,OCSLab_Car::normal_run_data.txt::439::test,normal_run_data.txt,OCSLab_Car,veh_09,0,-1,0.9183922046285018,attack_free,benign_fp
101,strong_campaign,veh_09-w01,OCSLab_Car::normal_run_data.txt::154::test,normal_run_data.txt,OCSLab_Car,veh_09,0,-1,0.9845716605765328,attack_free,benign_fp
101,strong_campaign,veh_09-w02,Challenge_D::Pre_train_D_2.csv::729::test,Pre_train_D_2.csv,Challenge_D,veh_09,0,-1,0.898989898989899,attack_free,benign_fp
101,strong_campaign,veh_09-w03,OCSLab_Car::normal_run_data.txt::580::test,normal_run_data.txt,OCSLab_Car,veh_09,0,-1,0.9484368656110436,attack_free,benign_fp
101,strong_campaign,veh_09-w04,Challenge_D::Pre_train_D_0.csv::74::test,Pre_train_D_0.csv,Challenge_D,veh_09,0,-1,0.8947811447811448,attack_free,benign_fp
101,strong_campaign,veh_09-w05,Challenge_D::Pre_train_D_2.csv::75::test,Pre_train_D_2.csv,Challenge_D,veh_09,0,-1,0.7912457912457912,attack_free,benign_fp
101,strong_campaign,veh_09-w06,Challenge_D::Pre_train_D_2.csv::719::test,Pre_train_D_2.csv,Challenge_D,veh_09,0,-1,0.9090909090909092,attack_free,benign_fp
101,strong_campaign,veh_09-w07,OCSLab_Car::normal_run_data.txt::380::test,normal_run_data.txt,OCSLab_Car,veh_09,0,-1,0.9618351603735282,attack_free,benign_fp
101,strong_campaign,veh_09-w08,Challenge_S::Pre_train_S_2.csv::715::test,Pre_train_S_2.csv,Challenge_S,veh_09,0,-1,0.5555555555555556,attack_free,benign_fp
101,strong_campaign,veh_09-w09,OCSLab_Car::DoS_dataset.csv::33::test,DoS_dataset.csv,OCSLab_Car,veh_09,0,-1,0.560698335363378,attack_free,benign_fp
101,strong_campaign,veh_10-w00,OCSLab_Car::Fuzzy_dataset.csv::533::test,Fuzzy_dataset.csv,OCSLab_Car,veh_10,0,-1,0.730004060089322,attack_free,benign_fp
101,strong_campaign,veh_10-w01,OCSLab_Car::normal_run_data.txt::773::test,normal_run_data.txt,OCSLab_Car,veh_10,0,-1,0.7137637028014616,attack_free,benign_fp
101,strong_campaign,veh_10-w02,Challenge_D::Pre_train_D_0.csv::186::test,Pre_train_D_0.csv,Challenge_D,veh_10,0,-1,0.9785353535353536,attack_free,benign_fp
101,strong_campaign,veh_10-w03,OCSLab_Car::normal_run_data.txt::655::test,normal_run_data.txt,OCSLab_Car,veh_10,0,-1,0.8834754364596021,attack_free,benign_fp
101,strong_campaign,veh_10-w04,Challenge_D::Pre_train_D_2.csv::775::test,Pre_train_D_2.csv,Challenge_D,veh_10,0,-1,0.6910774410774411,attack_free,benign_fp
101,strong_campaign,veh_10-w05,OCSLab_Car::DoS_dataset.csv::18::test,DoS_dataset.csv,OCSLab_Car,veh_10,0,-1,0.6146975233455136,attack_free,benign_fp
101,strong_campaign,veh_10-w06,OCSLab_Car::normal_run_data.txt::524::test,normal_run_data.txt,OCSLab_Car,veh_10,0,-1,0.8026796589524969,attack_free,benign_fp
101,strong_campaign,veh_10-w07,Challenge_S::Pre_train_S_1.csv::785::test,Pre_train_S_1.csv,Challenge_S,veh_10,0,-1,0.7672558922558923,attack_free,benign_fp
101,strong_campaign,veh_10-w08,Challenge_D::Pre_train_D_2.csv::577::test,Pre_train_D_2.csv,Challenge_D,veh_10,0,-1,0.5867003367003367,attack_free,benign_fp
101,strong_campaign,veh_10-w09,Challenge_D::Pre_train_D_1.csv::36::test,Pre_train_D_1.csv,Challenge_D,veh_10,0,-1,0.803030303030303,attack_free,benign_fp
101,strong_campaign,veh_11-w00,OCSLab_Car::normal_run_data.txt::109::test,normal_run_data.txt,OCSLab_Car,veh_11,0,-1,0.7766950872919204,attack_free,benign_fp
101,strong_campaign,veh_11-w01,OCSLab_Car::normal_run_data.txt::245::test,normal_run_data.txt,OCSLab_Car,veh_11,0,-1,0.9468128298822576,attack_free,benign_fp
101,strong_campaign,veh_11-w02,OCSLab_Car::normal_run_data.txt::541::test,normal_run_data.txt,OCSLab_Car,veh_11,0,-1,0.9001218026796589,attack_free,benign_fp
101,strong_campaign,veh_11-w03,OCSLab_Car::normal_run_data.txt::468::test,normal_run_data.txt,OCSLab_Car,veh_11,0,-1,0.9423467316280958,attack_free,benign_fp
101,strong_campaign,veh_11-w04,OCSLab_Car::normal_run_data.txt::29::test,normal_run_data.txt,OCSLab_Car,veh_11,0,-1,0.9468128298822576,attack_free,benign_fp
101,strong_campaign,veh_11-w05,OCSLab_Car::normal_run_data.txt::5::test,normal_run_data.txt,OCSLab_Car,veh_11,0,-1,0.7645148193260252,attack_free,benign_fp
101,strong_campaign,veh_11-w06,OCSLab_Car::gear_dataset.csv::600::test,gear_dataset.csv,OCSLab_Car,veh_11,0,-1,0.8258221680876979,attack_free,benign_fp
101,strong_campaign,veh_11-w07,Challenge_D::Pre_train_D_2.csv::593::test,Pre_train_D_2.csv,Challenge_D,veh_11,0,-1,0.9612794612794612,attack_free,benign_fp
101,strong_campaign,veh_11-w08,OCSLab_Car::gear_dataset.csv::169::test,gear_dataset.csv,OCSLab_Car,veh_11,0,-1,0.6305318717011774,attack_free,benign_fp
101,strong_campaign,veh_11-w09,Challenge_D::Pre_train_D_2.csv::299::test,Pre_train_D_2.csv,Challenge_D,veh_11,0,-1,0.7432659932659933,attack_free,benign_fp
101,strong_campaign,veh_12-w00,Challenge_S::Pre_train_S_2.csv::533::test,Pre_train_S_2.csv,Challenge_S,veh_12,0,-1,0.6902356902356902,attack_free,benign_fp
101,strong_campaign,veh_12-w01,OCSLab_Car::Fuzzy_dataset.csv::576::test,Fuzzy_dataset.csv,OCSLab_Car,veh_12,0,-1,0.6065773447015834,attack_free,benign_fp
101,strong_campaign,veh_12-w02,OCSLab_Car::gear_dataset.csv::528::test,gear_dataset.csv,OCSLab_Car,veh_12,0,-1,0.631749898497767,attack_free,benign_fp
101,strong_campaign,veh_12-w03,OCSLab_Car::gear_dataset.csv::160::test,gear_dataset.csv,OCSLab_Car,veh_12,0,-1,0.7092976045473001,attack_free,benign_fp
101,strong_campaign,veh_12-w04,Challenge_S::Pre_train_S_0.csv::218::test,Pre_train_S_0.csv,Challenge_S,veh_12,0,-1,0.5707070707070707,attack_free,benign_fp
101,strong_campaign,veh_12-w05,OCSLab_Car::normal_run_data.txt::53::test,normal_run_data.txt,OCSLab_Car,veh_12,0,-1,0.9780755176613886,attack_free,benign_fp
101,strong_campaign,veh_12-w06,OCSLab_Car::normal_run_data.txt::349::test,normal_run_data.txt,OCSLab_Car,veh_12,0,-1,0.8830694275274056,attack_free,benign_fp
101,strong_campaign,veh_12-w07,OCSLab_Car::normal_run_data.txt::272::test,normal_run_data.txt,OCSLab_Car,veh_12,0,-1,0.9882257409663012,attack_free,benign_fp
101,strong_campaign,veh_12-w08,Challenge_S::Pre_train_S_0.csv::30::test,Pre_train_S_0.csv,Challenge_S,veh_12,0,-1,0.5707070707070707,attack_free,benign_fp
101,strong_campaign,veh_12-w09,OCSLab_Car::normal_run_data.txt::722::test,normal_run_data.txt,OCSLab_Car,veh_12,0,-1,0.8246041412911084,attack_free,benign_fp
101,strong_campaign,veh_13-w00,OCSLab_Car::normal_run_data.txt::585::test,normal_run_data.txt,OCSLab_Car,veh_13,0,-1,0.9484368656110436,attack_free,benign_fp
101,strong_campaign,veh_13-w01,Challenge_S::Pre_train_S_0.csv::89::test,Pre_train_S_0.csv,Challenge_S,veh_13,0,-1,0.9111952861952862,attack_free,benign_fp
101,strong_campaign,veh_13-w02,OCSLab_Car::normal_run_data.txt::40::test,normal_run_data.txt,OCSLab_Car,veh_13,0,-1,0.8729192042224929,attack_free,benign_fp
101,strong_campaign,veh_13-w03,Challenge_S::Pre_train_S_2.csv::614::test,Pre_train_S_2.csv,Challenge_S,veh_13,0,-1,0.8560606060606061,attack_free,benign_fp
101,strong_campaign,veh_13-w04,OCSLab_Car::gear_dataset.csv::560::test,gear_dataset.csv,OCSLab_Car,veh_13,0,-1,0.7486804709703614,attack_free,benign_fp
101,strong_campaign,veh_13-w05,Challenge_S::Pre_train_S_1.csv::771::test,Pre_train_S_1.csv,Challenge_S,veh_13,0,-1,0.8964646464646465,attack_free,benign_fp
101,strong_campaign,veh_13-w06,Challenge_S::Pre_train_S_0.csv::39::test,Pre_train_S_0.csv,Challenge_S,veh_13,0,-1,0.9945286195286196,attack_free,benign_fp
101,strong_campaign,veh_13-w07,OCSLab_Car::gear_dataset.csv::598::test,gear_dataset.csv,OCSLab_Car,veh_13,0,-1,0.6914332115306536,attack_free,benign_fp
101,strong_campaign,veh_13-w08,OCSLab_Car::DoS_dataset.csv::550::test,DoS_dataset.csv,OCSLab_Car,veh_13,0,-1,0.7222898903775883,attack_free,benign_fp
101,strong_campaign,veh_13-w09,Challenge_D::Pre_train_D_2.csv::615::test,Pre_train_D_2.csv,Challenge_D,veh_13,0,-1,0.8636363636363636,attack_free,benign_fp
101,strong_campaign,veh_14-w00,OCSLab_Car::normal_run_data.txt::400::test,normal_run_data.txt,OCSLab_Car,veh_14,0,-1,0.8891595615103532,attack_free,benign_fp
101,strong_campaign,veh_14-w01,OCSLab_Car::normal_run_data.txt::498::test,normal_run_data.txt,OCSLab_Car,veh_14,0,-1,0.6751928542427933,attack_free,benign_fp
101,strong_campaign,veh_14-w02,Challenge_S::Pre_train_S_2.csv::655::test,Pre_train_S_2.csv,Challenge_S,veh_14,0,-1,0.8249158249158249,attack_free,benign_fp
101,strong_campaign,veh_14-w03,OCSLab_Car::DoS_dataset.csv::8::test,DoS_dataset.csv,OCSLab_Car,veh_14,0,-1,0.5542021924482339,attack_free,benign_fp
101,strong_campaign,veh_14-w04,OCSLab_Car::normal_run_data.txt::704::test,normal_run_data.txt,OCSLab_Car,veh_14,0,-1,0.9183922046285018,attack_free,benign_fp
101,strong_campaign,veh_14-w05,OCSLab_Car::gear_dataset.csv::771::test,gear_dataset.csv,OCSLab_Car,veh_14,0,-1,0.6252537555826229,attack_free,benign_fp
101,strong_campaign,veh_14-w06,Challenge_S::Pre_train_S_0.csv::81::test,Pre_train_S_0.csv,Challenge_S,veh_14,0,-1,0.7243265993265994,attack_free,benign_fp
101,strong_campaign,veh_14-w07,OCSLab_Car::normal_run_data.txt::162::test,normal_run_data.txt,OCSLab_Car,veh_14,0,-1,0.8201380430369468,attack_free,benign_fp
101,strong_campaign,veh_14-w08,Challenge_D::Pre_train_D_2.csv::645::test,Pre_train_D_2.csv,Challenge_D,veh_14,0,-1,0.640993265993266,attack_free,benign_fp
101,strong_campaign,veh_14-w09,OCSLab_Car::Fuzzy_dataset.csv::191::test,Fuzzy_dataset.csv,OCSLab_Car,veh_14,0,-1,0.5631343889565571,attack_free,benign_fp
101,strong_campaign,veh_15-w00,Challenge_D::Pre_train_D_0.csv::82::test,Pre_train_D_0.csv,Challenge_D,veh_15,0,-1,0.7319023569023569,attack_free,benign_fp
101,strong_campaign,veh_15-w01,OCSLab_Car::normal_run_data.txt::367::test,normal_run_data.txt,OCSLab_Car,veh_15,0,-1,0.6427121396670726,attack_free,benign_fp
101,strong_campaign,veh_15-w02,OCSLab_Car::gear_dataset.csv::640::test,gear_dataset.csv,OCSLab_Car,veh_15,0,-1,0.8652050345107593,attack_free,benign_fp
101,strong_campaign,veh_15-w03,OCSLab_Car::DoS_dataset.csv::518::test,DoS_dataset.csv,OCSLab_Car,veh_15,0,-1,0.8863174989849777,attack_free,benign_fp
101,strong_campaign,veh_15-w04,OCSLab_Car::normal_run_data.txt::522::test,normal_run_data.txt,OCSLab_Car,veh_15,0,-1,0.8302882663418595,attack_free,benign_fp
101,strong_campaign,veh_15-w05,Challenge_D::Pre_train_D_1.csv::35::test,Pre_train_D_1.csv,Challenge_D,veh_15,0,-1,0.5854377104377104,attack_free,benign_fp
101,strong_campaign,veh_15-w06,OCSLab_Car::gear_dataset.csv::555::test,gear_dataset.csv,OCSLab_Car,veh_15,0,-1,0.6934632561916362,attack_free,benign_fp
101,strong_campaign,veh_15-w07,Challenge_D::Pre_train_D_1.csv::33::test,Pre_train_D_1.csv,Challenge_D,veh_15,0,-1,0.5694444444444444,attack_free,benign_fp
101,strong_campaign,veh_15-w08,OCSLab_Car::normal_run_data.txt::532::test,normal_run_data.txt,OCSLab_Car,veh_15,0,-1,0.8611449451887941,attack_free,benign_fp
101,strong_campaign,veh_15-w09,Challenge_D::Pre_train_D_1.csv::492::test,Pre_train_D_1.csv,Challenge_D,veh_15,0,-1,0.757996632996633,attack_free,benign_fp
101,strong_campaign,veh_16-w00,OCSLab_Car::normal_run_data.txt::725::test,normal_run_data.txt,OCSLab_Car,veh_16,0,-1,0.7243199350385708,attack_free,benign_fp
101,strong_campaign,veh_16-w01,Challenge_S::Pre_train_S_2.csv::755::test,Pre_train_S_2.csv,Challenge_S,veh_16,0,-1,0.8817340067340067,attack_free,benign_fp
101,strong_campaign,veh_16-w02,Challenge_S::Pre_train_S_0.csv::188::test,Pre_train_S_0.csv,Challenge_S,veh_16,0,-1,0.7584175084175084,attack_free,benign_fp
101,strong_campaign,veh_16-w03,OCSLab_Car::normal_run_data.txt::466::test,normal_run_data.txt,OCSLab_Car,veh_16,0,-1,0.9533089727974016,attack_free,benign_fp
101,strong_campaign,veh_16-w04,OCSLab_Car::normal_run_data.txt::647::test,normal_run_data.txt,OCSLab_Car,veh_16,0,-1,0.7454323995127893,attack_free,benign_fp
101,strong_campaign,veh_16-w05,Challenge_D::Pre_train_D_1.csv::324::test,Pre_train_D_1.csv,Challenge_D,veh_16,0,-1,0.8076599326599326,attack_free,benign_fp
101,strong_campaign,veh_16-w06,OCSLab_Car::gear_dataset.csv::668::test,gear_dataset.csv,OCSLab_Car,veh_16,0,-1,0.678846934632562,attack_free,benign_fp
101,strong_campaign,veh_16-w07,Challenge_D::Pre_train_D_0.csv::90::test,Pre_train_D_0.csv,Challenge_D,veh_16,0,-1,0.8686868686868687,attack_free,benign_fp
101,strong_campaign,veh_16-w08,OCSLab_Car::RPM_dataset.csv::86::test,RPM_dataset.csv,OCSLab_Car,veh_16,0,-1,0.5578562728380024,attack_free,benign_fp
101,strong_campaign,veh_16-w09,OCSLab_Car::normal_run_data.txt::52::test,normal_run_data.txt,OCSLab_Car,veh_16,0,-1,0.9468128298822576,attack_free,benign_fp
101,strong_campaign,veh_17-w00,OCSLab_Car::normal_run_data.txt::663::test,normal_run_data.txt,OCSLab_Car,veh_17,0,-1,0.7965895249695494,attack_free,benign_fp
101,strong_campaign,veh_17-w01,OCSLab_Car::gear_dataset.csv::739::test,gear_dataset.csv,OCSLab_Car,veh_17,0,-1,0.6837190418189201,attack_free,benign_fp
101,strong_campaign,veh_17-w02,OCSLab_Car::normal_run_data.txt::465::test,normal_run_data.txt,OCSLab_Car,veh_17,0,-1,0.7742590336987414,attack_free,benign_fp
101,strong_campaign,veh_17-w03,Challenge_S::Pre_train_S_1.csv::720::test,Pre_train_S_1.csv,Challenge_S,veh_17,0,-1,0.7962962962962963,attack_free,benign_fp
101,strong_campaign,veh_17-w04,OCSLab_Car::normal_run_data.txt::776::test,normal_run_data.txt,OCSLab_Car,veh_17,0,-1,0.7202598457166057,attack_free,benign_fp
101,strong_campaign,veh_17-w05,Challenge_S::Pre_train_S_0.csv::266::test,Pre_train_S_0.csv,Challenge_S,veh_17,0,-1,0.6675084175084175,attack_free,benign_fp
101,strong_campaign,veh_17-w06,OCSLab_Car::normal_run_data.txt::589::test,normal_run_data.txt,OCSLab_Car,veh_17,0,-1,0.9309784815265936,attack_free,benign_fp
101,strong_campaign,veh_17-w07,OCSLab_Car::DoS_dataset.csv::392::test,DoS_dataset.csv,OCSLab_Car,veh_17,0,-1,0.7730410069021518,attack_free,benign_fp
101,strong_campaign,veh_17-w08,Challenge_D::Pre_train_D_0.csv::245::test,Pre_train_D_0.csv,Challenge_D,veh_17,0,-1,0.6763468013468014,attack_free,benign_fp
101,strong_campaign,veh_17-w09,OCSLab_Car::normal_run_data.txt::708::test,normal_run_data.txt,OCSLab_Car,veh_17,0,-1,0.8018676410881039,attack_free,benign_fp
101,strong_campaign,veh_18-w00,OCSLab_Car::normal_run_data.txt::771::test,normal_run_data.txt,OCSLab_Car,veh_18,0,-1,0.5943970767356882,attack_free,benign_fp
101,strong_campaign,veh_18-w01,OCSLab_Car::normal_run_data.txt::115::test,normal_run_data.txt,OCSLab_Car,veh_18,0,-1,0.9638652050345108,attack_free,benign_fp
101,strong_campaign,veh_18-w02,OCSLab_Car::normal_run_data.txt::45::test,normal_run_data.txt,OCSLab_Car,veh_18,0,-1,0.920016240357288,attack_free,benign_fp
101,strong_campaign,veh_18-w03,Challenge_D::Pre_train_D_1.csv::19::test,Pre_train_D_1.csv,Challenge_D,veh_18,0,-1,0.5618686868686869,attack_free,benign_fp
101,strong_campaign,veh_18-w04,OCSLab_Car::Fuzzy_dataset.csv::537::test,Fuzzy_dataset.csv,OCSLab_Car,veh_18,0,-1,0.728380024360536,attack_free,benign_fp
101,strong_campaign,veh_18-w05,Challenge_D::Pre_train_D_1.csv::11::test,Pre_train_D_1.csv,Challenge_D,veh_18,0,-1,0.6498316498316499,attack_free,benign_fp
101,strong_campaign,veh_18-w06,OCSLab_Car::DoS_dataset.csv::143::test,DoS_dataset.csv,OCSLab_Car,veh_18,0,-1,0.657328461226147,attack_free,benign_fp
101,strong_campaign,veh_18-w07,Challenge_S::Pre_train_S_0.csv::98::test,Pre_train_S_0.csv,Challenge_S,veh_18,0,-1,0.8623737373737373,attack_free,benign_fp
101,strong_campaign,veh_18-w08,OCSLab_Car::DoS_dataset.csv::354::test,DoS_dataset.csv,OCSLab_Car,veh_18,0,-1,0.6666666666666666,attack_free,benign_fp
101,strong_campaign,veh_18-w09,Challenge_D::Pre_train_D_0.csv::99::test,Pre_train_D_0.csv,Challenge_D,veh_18,0,-1,0.9137205387205388,attack_free,benign_fp
101,strong_campaign,veh_19-w00,OCSLab_Car::gear_dataset.csv::304::test,gear_dataset.csv,OCSLab_Car,veh_19,0,-1,0.6488022736500203,attack_free,benign_fp
101,strong_campaign,veh_19-w01,Challenge_D::Pre_train_D_2.csv::31::test,Pre_train_D_2.csv,Challenge_D,veh_19,0,-1,0.67003367003367,attack_free,benign_fp
101,strong_campaign,veh_19-w02,OCSLab_Car::normal_run_data.txt::28::test,normal_run_data.txt,OCSLab_Car,veh_19,0,-1,0.7965895249695494,attack_free,benign_fp
101,strong_campaign,veh_19-w03,Challenge_D::Pre_train_D_1.csv::51::test,Pre_train_D_1.csv,Challenge_D,veh_19,0,-1,0.5542929292929293,attack_free,benign_fp
101,strong_campaign,veh_19-w04,OCSLab_Car::normal_run_data.txt::602::test,normal_run_data.txt,OCSLab_Car,veh_19,0,-1,0.9386926512383272,attack_free,benign_fp
101,strong_campaign,veh_19-w05,OCSLab_Car::DoS_dataset.csv::365::test,DoS_dataset.csv,OCSLab_Car,veh_19,0,-1,0.6613885505481121,attack_free,benign_fp
101,strong_campaign,veh_19-w06,Challenge_D::Pre_train_D_1.csv::46::test,Pre_train_D_1.csv,Challenge_D,veh_19,0,-1,0.7958754208754208,attack_free,benign_fp
101,strong_campaign,veh_19-w07,OCSLab_Car::DoS_dataset.csv::543::test,DoS_dataset.csv,OCSLab_Car,veh_19,0,-1,0.8380024360535931,attack_free,benign_fp
101,strong_campaign,veh_19-w08,Challenge_S::Pre_train_S_1.csv::478::test,Pre_train_S_1.csv,Challenge_S,veh_19,0,-1,0.933080808080808,attack_free,benign_fp
101,strong_campaign,veh_19-w09,OCSLab_Car::normal_run_data.txt::472::test,normal_run_data.txt,OCSLab_Car,veh_19,0,-1,0.8672350791717418,attack_free,benign_fp
101,weak_campaign,veh_00-w00,Challenge_S::Pre_train_S_1.csv::506::test,Pre_train_S_1.csv,Challenge_S,veh_00,1,0,0.5812289562289562,spoofing,spoofing
101,weak_campaign,veh_00-w01,Challenge_S::Pre_train_S_2.csv::326::test,Pre_train_S_2.csv,Challenge_S,veh_00,1,0,0.7247474747474747,spoofing,spoofing
101,weak_campaign,veh_00-w02,Challenge_S::Pre_train_S_1.csv::529::test,Pre_train_S_1.csv,Challenge_S,veh_00,1,0,0.6296296296296297,spoofing,spoofing
101,weak_campaign,veh_00-w03,Challenge_D::Pre_train_D_1.csv::497::test,Pre_train_D_1.csv,Challenge_D,veh_00,1,0,0.7003367003367004,spoofing,spoofing
101,weak_campaign,veh_00-w04,Challenge_D::Pre_train_D_2.csv::479::test,Pre_train_D_2.csv,Challenge_D,veh_00,1,0,0.6262626262626263,spoofing,spoofing
101,weak_campaign,veh_00-w05,Challenge_S::Pre_train_S_2.csv::518::test,Pre_train_S_2.csv,Challenge_S,veh_00,1,0,0.617003367003367,spoofing,spoofing
101,weak_campaign,veh_00-w06,Challenge_S::Pre_train_S_1.csv::372::test,Pre_train_S_1.csv,Challenge_S,veh_00,1,0,0.6022727272727273,spoofing,spoofing
101,weak_campaign,veh_00-w07,Challenge_S::Pre_train_S_1.csv::301::test,Pre_train_S_1.csv,Challenge_S,veh_00,1,0,0.5963804713804713,spoofing,spoofing
101,weak_campaign,veh_00-w08,Challenge_S::Pre_train_S_1.csv::307::test,Pre_train_S_1.csv,Challenge_S,veh_00,1,0,0.7554713804713805,spoofing,spoofing
101,weak_campaign,veh_00-w09,Challenge_D::Pre_train_D_2.csv::420::test,Pre_train_D_2.csv,Challenge_D,veh_00,1,0,0.6830808080808081,spoofing,spoofing
101,weak_campaign,veh_01-w00,Challenge_D::Pre_train_D_2.csv::569::test,Pre_train_D_2.csv,Challenge_D,veh_01,1,0,0.7752525252525253,spoofing,spoofing
101,weak_campaign,veh_01-w01,Challenge_S::Pre_train_S_1.csv::479::test,Pre_train_S_1.csv,Challenge_S,veh_01,1,0,0.6334175084175084,spoofing,spoofing
101,weak_campaign,veh_01-w02,Challenge_S::Pre_train_S_1.csv::535::test,Pre_train_S_1.csv,Challenge_S,veh_01,1,0,0.7403198653198653,spoofing,spoofing
101,weak_campaign,veh_01-w03,Challenge_S::Pre_train_S_2.csv::488::test,Pre_train_S_2.csv,Challenge_S,veh_01,1,0,0.7815656565656566,spoofing,spoofing
101,weak_campaign,veh_01-w04,Challenge_S::Pre_train_S_2.csv::349::test,Pre_train_S_2.csv,Challenge_S,veh_01,1,0,0.6801346801346801,spoofing,spoofing
101,weak_campaign,veh_01-w05,Challenge_D::Pre_train_D_2.csv::576::test,Pre_train_D_2.csv,Challenge_D,veh_01,1,0,0.7159090909090909,spoofing,spoofing
101,weak_campaign,veh_01-w06,Challenge_S::Pre_train_S_2.csv::501::test,Pre_train_S_2.csv,Challenge_S,veh_01,1,0,0.6948653198653199,spoofing,spoofing
101,weak_campaign,veh_01-w07,Challenge_S::Pre_train_S_2.csv::362::test,Pre_train_S_2.csv,Challenge_S,veh_01,1,0,0.6376262626262627,spoofing,spoofing
101,weak_campaign,veh_01-w08,Challenge_S::Pre_train_S_2.csv::428::test,Pre_train_S_2.csv,Challenge_S,veh_01,1,0,0.7424242424242424,spoofing,spoofing
101,weak_campaign,veh_01-w09,Challenge_S::Pre_train_S_2.csv::424::test,Pre_train_S_2.csv,Challenge_S,veh_01,1,0,0.6683501683501684,spoofing,spoofing
101,weak_campaign,veh_02-w00,Challenge_D::Pre_train_D_1.csv::490::test,Pre_train_D_1.csv,Challenge_D,veh_02,1,0,0.7592592592592593,spoofing,spoofing
101,weak_campaign,veh_02-w01,Challenge_S::Pre_train_S_2.csv::487::test,Pre_train_S_2.csv,Challenge_S,veh_02,1,0,0.6986531986531986,spoofing,spoofing
101,weak_campaign,veh_02-w02,Challenge_D::Pre_train_D_2.csv::543::test,Pre_train_D_2.csv,Challenge_D,veh_02,1,0,0.7495791245791246,spoofing,spoofing
101,weak_campaign,veh_02-w03,Challenge_S::Pre_train_S_1.csv::590::test,Pre_train_S_1.csv,Challenge_S,veh_02,1,0,0.7840909090909091,spoofing,spoofing
101,weak_campaign,veh_02-w04,Challenge_D::Pre_train_D_2.csv::335::test,Pre_train_D_2.csv,Challenge_D,veh_02,1,0,0.726010101010101,spoofing,spoofing
101,weak_campaign,veh_02-w05,Challenge_D::Pre_train_D_2.csv::529::test,Pre_train_D_2.csv,Challenge_D,veh_02,1,0,0.6191077441077442,spoofing,spoofing
101,weak_campaign,veh_02-w06,Challenge_D::Pre_train_D_1.csv::455::test,Pre_train_D_1.csv,Challenge_D,veh_02,1,0,0.7777777777777778,spoofing,spoofing
101,weak_campaign,veh_02-w07,Challenge_D::Pre_train_D_2.csv::357::test,Pre_train_D_2.csv,Challenge_D,veh_02,1,0,0.6856060606060606,spoofing,spoofing
101,weak_campaign,veh_02-w08,Challenge_S::Pre_train_S_2.csv::397::test,Pre_train_S_2.csv,Challenge_S,veh_02,1,0,0.7184343434343434,spoofing,spoofing
101,weak_campaign,veh_02-w09,Challenge_S::Pre_train_S_2.csv::475::test,Pre_train_S_2.csv,Challenge_S,veh_02,1,0,0.6868686868686869,spoofing,spoofing
101,weak_campaign,veh_03-w00,Challenge_S::Pre_train_S_2.csv::347::test,Pre_train_S_2.csv,Challenge_S,veh_03,1,0,0.7571548821548821,spoofing,spoofing
101,weak_campaign,veh_03-w01,Challenge_S::Pre_train_S_1.csv::353::test,Pre_train_S_1.csv,Challenge_S,veh_03,1,0,0.7777777777777778,spoofing,spoofing
101,weak_campaign,veh_03-w02,Challenge_S::Pre_train_S_1.csv::483::test,Pre_train_S_1.csv,Challenge_S,veh_03,1,0,0.7996632996632996,spoofing,spoofing
101,weak_campaign,veh_03-w03,Challenge_D::Pre_train_D_1.csv::508::test,Pre_train_D_1.csv,Challenge_D,veh_03,1,0,0.7718855218855218,spoofing,spoofing
101,weak_campaign,veh_03-w04,Challenge_S::Pre_train_S_1.csv::420::test,Pre_train_S_1.csv,Challenge_S,veh_03,1,0,0.7495791245791246,spoofing,spoofing
101,weak_campaign,veh_03-w05,Challenge_D::Pre_train_D_1.csv::365::test,Pre_train_D_1.csv,Challenge_D,veh_03,1,0,0.7196969696969697,spoofing,spoofing
101,weak_campaign,veh_03-w06,Challenge_S::Pre_train_S_2.csv::320::test,Pre_train_S_2.csv,Challenge_S,veh_03,1,0,0.7327441077441077,spoofing,spoofing
101,weak_campaign,veh_03-w07,Challenge_S::Pre_train_S_1.csv::524::test,Pre_train_S_1.csv,Challenge_S,veh_03,1,0,0.6961279461279462,spoofing,spoofing
101,weak_campaign,veh_03-w08,Challenge_S::Pre_train_S_1.csv::321::test,Pre_train_S_1.csv,Challenge_S,veh_03,1,0,0.6018518518518519,spoofing,spoofing
101,weak_campaign,veh_03-w09,Challenge_S::Pre_train_S_2.csv::516::test,Pre_train_S_2.csv,Challenge_S,veh_03,1,0,0.7011784511784511,spoofing,spoofing
101,weak_campaign,veh_04-w00,Challenge_D::Pre_train_D_1.csv::526::test,Pre_train_D_1.csv,Challenge_D,veh_04,1,0,0.7908249158249159,spoofing,spoofing
101,weak_campaign,veh_04-w01,Challenge_S::Pre_train_S_1.csv::582::test,Pre_train_S_1.csv,Challenge_S,veh_04,1,0,0.7272727272727273,spoofing,spoofing
101,weak_campaign,veh_04-w02,Challenge_D::Pre_train_D_2.csv::482::test,Pre_train_D_2.csv,Challenge_D,veh_04,1,0,0.7992424242424242,spoofing,spoofing
101,weak_campaign,veh_04-w03,Challenge_D::Pre_train_D_2.csv::412::test,Pre_train_D_2.csv,Challenge_D,veh_04,1,0,0.7108585858585859,spoofing,spoofing
101,weak_campaign,veh_04-w04,Challenge_S::Pre_train_S_2.csv::374::test,Pre_train_S_2.csv,Challenge_S,veh_04,1,0,0.5955387205387206,spoofing,spoofing
101,weak_campaign,veh_04-w05,Challenge_S::Pre_train_S_2.csv::368::test,Pre_train_S_2.csv,Challenge_S,veh_04,1,0,0.6868686868686869,spoofing,spoofing
101,weak_campaign,veh_04-w06,Challenge_S::Pre_train_S_2.csv::361::test,Pre_train_S_2.csv,Challenge_S,veh_04,1,0,0.6039562289562289,spoofing,spoofing
101,weak_campaign,veh_04-w07,Challenge_D::Pre_train_D_2.csv::334::test,Pre_train_D_2.csv,Challenge_D,veh_04,1,0,0.75,spoofing,spoofing
101,weak_campaign,veh_04-w08,Challenge_D::Pre_train_D_1.csv::382::test,Pre_train_D_1.csv,Challenge_D,veh_04,1,0,0.7647306397306397,spoofing,spoofing
101,weak_campaign,veh_04-w09,Challenge_S::Pre_train_S_1.csv::470::test,Pre_train_S_1.csv,Challenge_S,veh_04,1,0,0.6784511784511784,spoofing,spoofing
101,weak_campaign,veh_05-w00,Challenge_S::Pre_train_S_2.csv::655::test,Pre_train_S_2.csv,Challenge_S,veh_05,0,-1,0.8249158249158249,attack_free,benign_fp
101,weak_campaign,veh_05-w01,Challenge_D::Pre_train_D_2.csv::301::test,Pre_train_D_2.csv,Challenge_D,veh_05,0,-1,0.6460437710437711,attack_free,benign_fp
101,weak_campaign,veh_05-w02,OCSLab_Car::normal_run_data.txt::637::test,normal_run_data.txt,OCSLab_Car,veh_05,0,-1,0.8152659358505887,attack_free,benign_fp
101,weak_campaign,veh_05-w03,Challenge_S::Pre_train_S_1.csv::745::test,Pre_train_S_1.csv,Challenge_S,veh_05,0,-1,0.9250841750841752,attack_free,benign_fp
101,weak_campaign,veh_05-w04,Challenge_S::Pre_train_S_1.csv::20::test,Pre_train_S_1.csv,Challenge_S,veh_05,0,-1,0.75,attack_free,benign_fp
101,weak_campaign,veh_05-w05,OCSLab_Car::normal_run_data.txt::59::test,normal_run_data.txt,OCSLab_Car,veh_05,0,-1,0.9703613479496548,attack_free,benign_fp
101,weak_campaign,veh_05-w06,OCSLab_Car::normal_run_data.txt::317::test,normal_run_data.txt,OCSLab_Car,veh_05,0,-1,0.9309784815265936,attack_free,benign_fp
101,weak_campaign,veh_05-w07,OCSLab_Car::normal_run_data.txt::712::test,normal_run_data.txt,OCSLab_Car,veh_05,0,-1,0.805115712545676,attack_free,benign_fp
101,weak_campaign,veh_05-w08,Challenge_S::Pre_train_S_2.csv::724::test,Pre_train_S_2.csv,Challenge_S,veh_05,0,-1,0.5862794612794613,attack_free,benign_fp
101,weak_campaign,veh_05-w09,OCSLab_Car::gear_dataset.csv::163::test,gear_dataset.csv,OCSLab_Car,veh_05,0,-1,0.5509541209906618,attack_free,benign_fp
101,weak_campaign,veh_06-w00,Challenge_S::Pre_train_S_1.csv::768::test,Pre_train_S_1.csv,Challenge_S,veh_06,0,-1,0.9271885521885522,attack_free,benign_fp
101,weak_campaign,veh_06-w01,OCSLab_Car::normal_run_data.txt::652::test,normal_run_data.txt,OCSLab_Car,veh_06,0,-1,0.9618351603735282,attack_free,benign_fp
101,weak_campaign,veh_06-w02,Challenge_S::Pre_train_S_0.csv::141::test,Pre_train_S_0.csv,Challenge_S,veh_06,0,-1,0.9372895622895624,attack_free,benign_fp
101,weak_campaign,veh_06-w03,OCSLab_Car::gear_dataset.csv::745::test,gear_dataset.csv,OCSLab_Car,veh_06,0,-1,0.7007714169711734,attack_free,benign_fp
101,weak_campaign,veh_06-w04,Challenge_D::Pre_train_D_2.csv::702::test,Pre_train_D_2.csv,Challenge_D,veh_06,0,-1,0.8202861952861953,attack_free,benign_fp
101,weak_campaign,veh_06-w05,Challenge_S::Pre_train_S_1.csv::331::test,Pre_train_S_1.csv,Challenge_S,veh_06,0,-1,0.7015993265993266,attack_free,benign_fp
101,weak_campaign,veh_06-w06,Challenge_S::Pre_train_S_0.csv::69::test,Pre_train_S_0.csv,Challenge_S,veh_06,0,-1,0.9225589225589226,attack_free,benign_fp
101,weak_campaign,veh_06-w07,OCSLab_Car::normal_run_data.txt::558::test,normal_run_data.txt,OCSLab_Car,veh_06,0,-1,0.7332521315468941,attack_free,benign_fp
101,weak_campaign,veh_06-w08,Challenge_D::Pre_train_D_0.csv::142::test,Pre_train_D_0.csv,Challenge_D,veh_06,0,-1,0.8825757575757576,attack_free,benign_fp
101,weak_campaign,veh_06-w09,Challenge_D::Pre_train_D_0.csv::159::test,Pre_train_D_0.csv,Challenge_D,veh_06,0,-1,0.8985690235690236,attack_free,benign_fp
101,weak_campaign,veh_07-w00,OCSLab_Car::normal_run_data.txt::263::test,normal_run_data.txt,OCSLab_Car,veh_07,0,-1,0.85464880227365,attack_free,benign_fp
101,weak_campaign,veh_07-w01,OCSLab_Car::RPM_dataset.csv::624::test,RPM_dataset.csv,OCSLab_Car,veh_07,0,-1,0.5883069427527405,attack_free,benign_fp
101,weak_campaign,veh_07-w02,OCSLab_Car::normal_run_data.txt::80::test,normal_run_data.txt,OCSLab_Car,veh_07,0,-1,0.8708891595615104,attack_free,benign_fp
101,weak_campaign,veh_07-w03,Challenge_S::Pre_train_S_1.csv::545::test,Pre_train_S_1.csv,Challenge_S,veh_07,0,-1,0.5707070707070707,attack_free,benign_fp
101,weak_campaign,veh_07-w04,OCSLab_Car::normal_run_data.txt::636::test,normal_run_data.txt,OCSLab_Car,veh_07,0,-1,0.7494924888347544,attack_free,benign_fp
101,weak_campaign,veh_07-w05,OCSLab_Car::normal_run_data.txt::753::test,normal_run_data.txt,OCSLab_Car,veh_07,0,-1,0.7446203816483963,attack_free,benign_fp
101,weak_campaign,veh_07-w06,OCSLab_Car::normal_run_data.txt::729::test,normal_run_data.txt,OCSLab_Car,veh_07,0,-1,0.7243199350385708,attack_free,benign_fp
101,weak_campaign,veh_07-w07,Challenge_D::Pre_train_D_0.csv::276::test,Pre_train_D_0.csv,Challenge_D,veh_07,0,-1,0.8968855218855218,attack_free,benign_fp
101,weak_campaign,veh_07-w08,Challenge_D::Pre_train_D_0.csv::6::test,Pre_train_D_0.csv,Challenge_D,veh_07,0,-1,0.6616161616161617,attack_free,benign_fp
101,weak_campaign,veh_07-w09,Challenge_S::Pre_train_S_0.csv::25::test,Pre_train_S_0.csv,Challenge_S,veh_07,0,-1,0.7870370370370371,attack_free,benign_fp
101,weak_campaign,veh_08-w00,Challenge_S::Pre_train_S_2.csv::5::test,Pre_train_S_2.csv,Challenge_S,veh_08,0,-1,0.9452861952861952,attack_free,benign_fp
101,weak_campaign,veh_08-w01,Challenge_S::Pre_train_S_2.csv::32::test,Pre_train_S_2.csv,Challenge_S,veh_08,0,-1,0.877104377104377,attack_free,benign_fp
101,weak_campaign,veh_08-w02,Challenge_D::Pre_train_D_0.csv::12::test,Pre_train_D_0.csv,Challenge_D,veh_08,0,-1,0.9612794612794612,attack_free,benign_fp
101,weak_campaign,veh_08-w03,Challenge_S::Pre_train_S_1.csv::718::test,Pre_train_S_1.csv,Challenge_S,veh_08,0,-1,0.6734006734006734,attack_free,benign_fp
101,weak_campaign,veh_08-w04,OCSLab_Car::gear_dataset.csv::641::test,gear_dataset.csv,OCSLab_Car,veh_08,0,-1,0.6167275680064962,attack_free,benign_fp
101,weak_campaign,veh_08-w05,OCSLab_Car::normal_run_data.txt::770::test,normal_run_data.txt,OCSLab_Car,veh_08,0,-1,0.583028826634186,attack_free,benign_fp
101,weak_campaign,veh_08-w06,Challenge_D::Pre_train_D_0.csv::24::test,Pre_train_D_0.csv,Challenge_D,veh_08,0,-1,0.7672558922558923,attack_free,benign_fp
101,weak_campaign,veh_08-w07,OCSLab_Car::normal_run_data.txt::468::test,normal_run_data.txt,OCSLab_Car,veh_08,0,-1,0.9423467316280958,attack_free,benign_fp
101,weak_campaign,veh_08-w08,OCSLab_Car::DoS_dataset.csv::131::test,DoS_dataset.csv,OCSLab_Car,veh_08,0,-1,0.5602923264311814,attack_free,benign_fp
101,weak_campaign,veh_08-w09,Challenge_S::Pre_train_S_2.csv::679::test,Pre_train_S_2.csv,Challenge_S,veh_08,0,-1,0.7331649831649831,attack_free,benign_fp
101,weak_campaign,veh_09-w00,OCSLab_Car::normal_run_data.txt::46::test,normal_run_data.txt,OCSLab_Car,veh_09,0,-1,0.7271619975639464,attack_free,benign_fp
101,weak_campaign,veh_09-w01,OCSLab_Car::normal_run_data.txt::7::test,normal_run_data.txt,OCSLab_Car,veh_09,0,-1,0.6910272025984572,attack_free,benign_fp
101,weak_campaign,veh_09-w02,OCSLab_Car::normal_run_data.txt::231::test,normal_run_data.txt,OCSLab_Car,veh_09,0,-1,0.9082419813235892,attack_free,benign_fp
101,weak_campaign,veh_09-w03,OCSLab_Car::normal_run_data.txt::369::test,normal_run_data.txt,OCSLab_Car,veh_09,0,-1,0.8477466504263094,attack_free,benign_fp
101,weak_campaign,veh_09-w04,Challenge_D::Pre_train_D_0.csv::167::test,Pre_train_D_0.csv,Challenge_D,veh_09,0,-1,0.6641414141414141,attack_free,benign_fp
101,weak_campaign,veh_09-w05,OCSLab_Car::normal_run_data.txt::128::test,normal_run_data.txt,OCSLab_Car,veh_09,0,-1,0.955339017458384,attack_free,benign_fp
101,weak_campaign,veh_09-w06,OCSLab_Car::normal_run_data.txt::195::test,normal_run_data.txt,OCSLab_Car,veh_09,0,-1,0.7247259439707674,attack_free,benign_fp
101,weak_campaign,veh_09-w07,OCSLab_Car::normal_run_data.txt::384::test,normal_run_data.txt,OCSLab_Car,veh_09,0,-1,0.9508729192042225,attack_free,benign_fp
101,weak_campaign,veh_09-w08,Challenge_D::Pre_train_D_0.csv::284::test,Pre_train_D_0.csv,Challenge_D,veh_09,0,-1,0.8228114478114478,attack_free,benign_fp
101,weak_campaign,veh_09-w09,Challenge_S::Pre_train_S_2.csv::36::test,Pre_train_S_2.csv,Challenge_S,veh_09,0,-1,0.9217171717171716,attack_free,benign_fp
101,weak_campaign,veh_10-w00,OCSLab_Car::normal_run_data.txt::772::test,normal_run_data.txt,OCSLab_Car,veh_10,0,-1,0.8168899715793747,attack_free,benign_fp
101,weak_campaign,veh_10-w01,OCSLab_Car::gear_dataset.csv::162::test,gear_dataset.csv,OCSLab_Car,veh_10,0,-1,0.5818107998375964,attack_free,benign_fp
101,weak_campaign,veh_10-w02,Challenge_S::Pre_train_S_1.csv::14::test,Pre_train_S_1.csv,Challenge_S,veh_10,0,-1,0.593013468013468,attack_free,benign_fp
101,weak_campaign,veh_10-w03,Challenge_S::Pre_train_S_1.csv::729::test,Pre_train_S_1.csv,Challenge_S,veh_10,0,-1,0.933080808080808,attack_free,benign_fp
101,weak_campaign,veh_10-w04,Challenge_S::Pre_train_S_1.csv::25::test,Pre_train_S_1.csv,Challenge_S,veh_10,0,-1,0.6936026936026936,attack_free,benign_fp
101,weak_campaign,veh_10-w05,OCSLab_Car::DoS_dataset.csv::7::test,DoS_dataset.csv,OCSLab_Car,veh_10,0,-1,0.5570442549736094,attack_free,benign_fp
101,weak_campaign,veh_10-w06,Challenge_D::Pre_train_D_2.csv::660::test,Pre_train_D_2.csv,Challenge_D,veh_10,0,-1,0.6986531986531986,attack_free,benign_fp
101,weak_campaign,veh_10-w07,OCSLab_Car::normal_run_data.txt::363::test,normal_run_data.txt,OCSLab_Car,veh_10,0,-1,0.877791311408851,attack_free,benign_fp
101,weak_campaign,veh_10-w08,Challenge_D::Pre_train_D_2.csv::775::test,Pre_train_D_2.csv,Challenge_D,veh_10,0,-1,0.6910774410774411,attack_free,benign_fp
101,weak_campaign,veh_10-w09,OCSLab_Car::gear_dataset.csv::639::test,gear_dataset.csv,OCSLab_Car,veh_10,0,-1,0.9813235891189608,attack_free,benign_fp
101,weak_campaign,veh_11-w00,Challenge_D::Pre_train_D_2.csv::743::test,Pre_train_D_2.csv,Challenge_D,veh_11,0,-1,0.6153198653198653,attack_free,benign_fp
101,weak_campaign,veh_11-w01,OCSLab_Car::gear_dataset.csv::149::test,gear_dataset.csv,OCSLab_Car,veh_11,0,-1,0.6942752740560292,attack_free,benign_fp
101,weak_campaign,veh_11-w02,Challenge_D::Pre_train_D_0.csv::274::test,Pre_train_D_0.csv,Challenge_D,veh_11,0,-1,0.9027777777777778,attack_free,benign_fp
101,weak_campaign,veh_11-w03,OCSLab_Car::DoS_dataset.csv::613::test,DoS_dataset.csv,OCSLab_Car,veh_11,0,-1,0.6784409257003654,attack_free,benign_fp
101,weak_campaign,veh_11-w04,Challenge_D::Pre_train_D_2.csv::31::test,Pre_train_D_2.csv,Challenge_D,veh_11,0,-1,0.67003367003367,attack_free,benign_fp
101,weak_campaign,veh_11-w05,Challenge_S::Pre_train_S_1.csv::26::test,Pre_train_S_1.csv,Challenge_S,veh_11,0,-1,0.8699494949494949,attack_free,benign_fp
101,weak_campaign,veh_11-w06,Challenge_S::Pre_train_S_2.csv::739::test,Pre_train_S_2.csv,Challenge_S,veh_11,0,-1,0.6767676767676768,attack_free,benign_fp
101,weak_campaign,veh_11-w07,OCSLab_Car::normal_run_data.txt::309::test,normal_run_data.txt,OCSLab_Car,veh_11,0,-1,0.976045473000406,attack_free,benign_fp
101,weak_campaign,veh_11-w08,OCSLab_Car::gear_dataset.csv::748::test,gear_dataset.csv,OCSLab_Car,veh_11,0,-1,0.6447421843280552,attack_free,benign_fp
101,weak_campaign,veh_11-w09,Challenge_S::Pre_train_S_1.csv::340::test,Pre_train_S_1.csv,Challenge_S,veh_11,0,-1,0.6746632996632996,attack_free,benign_fp
101,weak_campaign,veh_12-w00,OCSLab_Car::gear_dataset.csv::758::test,gear_dataset.csv,OCSLab_Car,veh_12,0,-1,0.6682907023954527,attack_free,benign_fp
101,weak_campaign,veh_12-w01,Challenge_D::Pre_train_D_0.csv::146::test,Pre_train_D_0.csv,Challenge_D,veh_12,0,-1,0.960016835016835,attack_free,benign_fp
101,weak_campaign,veh_12-w02,Challenge_D::Pre_train_D_1.csv::509::test,Pre_train_D_1.csv,Challenge_D,veh_12,0,-1,0.8947811447811448,attack_free,benign_fp
101,weak_campaign,veh_12-w03,Challenge_S::Pre_train_S_1.csv::472::test,Pre_train_S_1.csv,Challenge_S,veh_12,0,-1,0.680976430976431,attack_free,benign_fp
101,weak_campaign,veh_12-w04,Challenge_D::Pre_train_D_0.csv::240::test,Pre_train_D_0.csv,Challenge_D,veh_12,0,-1,0.9646464646464646,attack_free,benign_fp
101,weak_campaign,veh_12-w05,OCSLab_Car::gear_dataset.csv::646::test,gear_dataset.csv,OCSLab_Car,veh_12,0,-1,0.7109216402760861,attack_free,benign_fp
101,weak_campaign,veh_12-w06,Challenge_S::Pre_train_S_2.csv::11::test,Pre_train_S_2.csv,Challenge_S,veh_12,0,-1,0.7117003367003367,attack_free,benign_fp
101,weak_campaign,veh_12-w07,Challenge_D::Pre_train_D_1.csv::521::test,Pre_train_D_1.csv,Challenge_D,veh_12,0,-1,0.5698653198653199,attack_free,benign_fp
101,weak_campaign,veh_12-w08,OCSLab_Car::normal_run_data.txt::134::test,normal_run_data.txt,OCSLab_Car,veh_12,0,-1,0.805115712545676,attack_free,benign_fp
101,weak_campaign,veh_12-w09,Challenge_D::Pre_train_D_0.csv::286::test,Pre_train_D_0.csv,Challenge_D,veh_12,0,-1,0.82996632996633,attack_free,benign_fp
101,weak_campaign,veh_13-w00,OCSLab_Car::normal_run_data.txt::188::test,normal_run_data.txt,OCSLab_Car,veh_13,0,-1,0.9618351603735282,attack_free,benign_fp
101,weak_campaign,veh_13-w01,OCSLab_Car::normal_run_data.txt::523::test,normal_run_data.txt,OCSLab_Car,veh_13,0,-1,0.7884693463256192,attack_free,benign_fp
101,weak_campaign,veh_13-w02,OCSLab_Car::normal_run_data.txt::641::test,normal_run_data.txt,OCSLab_Car,veh_13,0,-1,0.7600487210718636,attack_free,benign_fp
101,weak_campaign,veh_13-w03,OCSLab_Car::Fuzzy_dataset.csv::57::test,Fuzzy_dataset.csv,OCSLab_Car,veh_13,0,-1,0.5814047909053999,attack_free,benign_fp
101,weak_campaign,veh_13-w04,OCSLab_Car::normal_run_data.txt::55::test,normal_run_data.txt,OCSLab_Car,veh_13,0,-1,0.9663012586276898,attack_free,benign_fp
101,weak_campaign,veh_13-w05,OCSLab_Car::normal_run_data.txt::744::test,normal_run_data.txt,OCSLab_Car,veh_13,0,-1,0.8246041412911084,attack_free,benign_fp
101,weak_campaign,veh_13-w06,OCSLab_Car::normal_run_data.txt::63::test,normal_run_data.txt,OCSLab_Car,veh_13,0,-1,0.947218838814454,attack_free,benign_fp
101,weak_campaign,veh_13-w07,OCSLab_Car::normal_run_data.txt::206::test,normal_run_data.txt,OCSLab_Car,veh_13,0,-1,0.8449045879009338,attack_free,benign_fp
101,weak_campaign,veh_13-w08,OCSLab_Car::gear_dataset.csv::578::test,gear_dataset.csv,OCSLab_Car,veh_13,0,-1,0.7876573284612262,attack_free,benign_fp
101,weak_campaign,veh_13-w09,OCSLab_Car::gear_dataset.csv::335::test,gear_dataset.csv,OCSLab_Car,veh_13,0,-1,0.6475842468534307,attack_free,benign_fp
101,weak_campaign,veh_14-w00,OCSLab_Car::normal_run_data.txt::391::test,normal_run_data.txt,OCSLab_Car,veh_14,0,-1,0.976045473000406,attack_free,benign_fp
101,weak_campaign,veh_14-w01,OCSLab_Car::normal_run_data.txt::268::test,normal_run_data.txt,OCSLab_Car,veh_14,0,-1,0.9431587494924888,attack_free,benign_fp
101,weak_campaign,veh_14-w02,Challenge_D::Pre_train_D_0.csv::250::test,Pre_train_D_0.csv,Challenge_D,veh_14,0,-1,0.7306397306397306,attack_free,benign_fp
101,weak_campaign,veh_14-w03,Challenge_D::Pre_train_D_0.csv::113::test,Pre_train_D_0.csv,Challenge_D,veh_14,0,-1,0.9137205387205388,attack_free,benign_fp
101,weak_campaign,veh_14-w04,OCSLab_Car::DoS_dataset.csv::157::test,DoS_dataset.csv,OCSLab_Car,veh_14,0,-1,0.6443361753958587,attack_free,benign_fp
101,weak_campaign,veh_14-w05,Challenge_D::Pre_train_D_0.csv::211::test,Pre_train_D_0.csv,Challenge_D,veh_14,0,-1,0.6797138047138047,attack_free,benign_fp
101,weak_campaign,veh_14-w06,OCSLab_Car::RPM_dataset.csv::577::test,RPM_dataset.csv,OCSLab_Car,veh_14,0,-1,0.6914332115306536,attack_free,benign_fp
101,weak_campaign,veh_14-w07,OCSLab_Car::gear_dataset.csv::513::test,gear_dataset.csv,OCSLab_Car,veh_14,0,-1,0.5676004872107187,attack_free,benign_fp
101,weak_campaign,veh_14-w08,Challenge_S::Pre_train_S_0.csv::11::test,Pre_train_S_0.csv,Challenge_S,veh_14,0,-1,0.9553872053872052,attack_free,benign_fp
101,weak_campaign,veh_14-w09,Challenge_S::Pre_train_S_0.csv::95::test,Pre_train_S_0.csv,Challenge_S,veh_14,0,-1,0.8017676767676768,attack_free,benign_fp
101,weak_campaign,veh_15-w00,OCSLab_Car::normal_run_data.txt::434::test,normal_run_data.txt,OCSLab_Car,veh_15,0,-1,0.9078359723913926,attack_free,benign_fp
101,weak_campaign,veh_15-w01,OCSLab_Car::normal_run_data.txt::543::test,normal_run_data.txt,OCSLab_Car,veh_15,0,-1,0.8635809987819733,attack_free,benign_fp
101,weak_campaign,veh_15-w02,OCSLab_Car::gear_dataset.csv::160::test,gear_dataset.csv,OCSLab_Car,veh_15,0,-1,0.7092976045473001,attack_free,benign_fp
101,weak_campaign,veh_15-w03,Challenge_S::Pre_train_S_1.csv::487::test,Pre_train_S_1.csv,Challenge_S,veh_15,0,-1,0.7697811447811448,attack_free,benign_fp
101,weak_campaign,veh_15-w04,Challenge_S::Pre_train_S_2.csv::711::test,Pre_train_S_2.csv,Challenge_S,veh_15,0,-1,0.6540404040404041,attack_free,benign_fp
101,weak_campaign,veh_15-w05,Challenge_S::Pre_train_S_0.csv::100::test,Pre_train_S_0.csv,Challenge_S,veh_15,0,-1,0.6359427609427609,attack_free,benign_fp
101,weak_campaign,veh_15-w06,OCSLab_Car::DoS_dataset.csv::420::test,DoS_dataset.csv,OCSLab_Car,veh_15,0,-1,0.5521721477872513,attack_free,benign_fp
101,weak_campaign,veh_15-w07,OCSLab_Car::normal_run_data.txt::93::test,normal_run_data.txt,OCSLab_Car,veh_15,0,-1,0.97442143727162,attack_free,benign_fp
101,weak_campaign,veh_15-w08,OCSLab_Car::Fuzzy_dataset.csv::253::test,Fuzzy_dataset.csv,OCSLab_Car,veh_15,0,-1,0.5696305318717012,attack_free,benign_fp
101,weak_campaign,veh_15-w09,OCSLab_Car::Fuzzy_dataset.csv::294::test,Fuzzy_dataset.csv,OCSLab_Car,veh_15,0,-1,0.5895249695493301,attack_free,benign_fp
101,weak_campaign,veh_16-w00,OCSLab_Car::gear_dataset.csv::560::test,gear_dataset.csv,OCSLab_Car,veh_16,0,-1,0.7486804709703614,attack_free,benign_fp
101,weak_campaign,veh_16-w01,Challenge_D::Pre_train_D_2.csv::708::test,Pre_train_D_2.csv,Challenge_D,veh_16,0,-1,0.8337542087542088,attack_free,benign_fp
101,weak_campaign,veh_16-w02,OCSLab_Car::normal_run_data.txt::413::test,normal_run_data.txt,OCSLab_Car,veh_16,0,-1,0.9971579374746244,attack_free,benign_fp
101,weak_campaign,veh_16-w03,OCSLab_Car::normal_run_data.txt::469::test,normal_run_data.txt,OCSLab_Car,veh_16,0,-1,0.7507105156313439,attack_free,benign_fp
101,weak_campaign,veh_16-w04,OCSLab_Car::RPM_dataset.csv::152::test,RPM_dataset.csv,OCSLab_Car,veh_16,0,-1,0.5594803085667884,attack_free,benign_fp
101,weak_campaign,veh_16-w05,OCSLab_Car::normal_run_data.txt::345::test,normal_run_data.txt,OCSLab_Car,veh_16,0,-1,0.976045473000406,attack_free,benign_fp
101,weak_campaign,veh_16-w06,OCSLab_Car::normal_run_data.txt::739::test,normal_run_data.txt,OCSLab_Car,veh_16,0,-1,0.9078359723913926,attack_free,benign_fp
101,weak_campaign,veh_16-w07,OCSLab_Car::normal_run_data.txt::763::test,normal_run_data.txt,OCSLab_Car,veh_16,0,-1,0.8380024360535931,attack_free,benign_fp
101,weak_campaign,veh_16-w08,Challenge_D::Pre_train_D_2.csv::710::test,Pre_train_D_2.csv,Challenge_D,veh_16,0,-1,0.7159090909090909,attack_free,benign_fp
101,weak_campaign,veh_16-w09,Challenge_S::Pre_train_S_1.csv::748::test,Pre_train_S_1.csv,Challenge_S,veh_16,0,-1,0.7773569023569024,attack_free,benign_fp
101,weak_campaign,veh_17-w00,OCSLab_Car::normal_run_data.txt::546::test,normal_run_data.txt,OCSLab_Car,veh_17,0,-1,0.877791311408851,attack_free,benign_fp
101,weak_campaign,veh_17-w01,Challenge_S::Pre_train_S_0.csv::283::test,Pre_train_S_0.csv,Challenge_S,veh_17,0,-1,0.7369528619528619,attack_free,benign_fp
101,weak_campaign,veh_17-w02,OCSLab_Car::normal_run_data.txt::144::test,normal_run_data.txt,OCSLab_Car,veh_17,0,-1,0.7653268371904182,attack_free,benign_fp
101,weak_campaign,veh_17-w03,OCSLab_Car::normal_run_data.txt::273::test,normal_run_data.txt,OCSLab_Car,veh_17,0,-1,0.9886317498984978,attack_free,benign_fp
101,weak_campaign,veh_17-w04,OCSLab_Car::normal_run_data.txt::283::test,normal_run_data.txt,OCSLab_Car,veh_17,0,-1,0.9045879009338206,attack_free,benign_fp
101,weak_campaign,veh_17-w05,Challenge_D::Pre_train_D_2.csv::728::test,Pre_train_D_2.csv,Challenge_D,veh_17,0,-1,0.73989898989899,attack_free,benign_fp
101,weak_campaign,veh_17-w06,Challenge_D::Pre_train_D_2.csv::590::test,Pre_train_D_2.csv,Challenge_D,veh_17,0,-1,0.9764309764309764,attack_free,benign_fp
101,weak_campaign,veh_17-w07,OCSLab_Car::normal_run_data.txt::426::test,normal_run_data.txt,OCSLab_Car,veh_17,0,-1,0.976857490864799,attack_free,benign_fp
101,weak_campaign,veh_17-w08,OCSLab_Car::gear_dataset.csv::606::test,gear_dataset.csv,OCSLab_Car,veh_17,0,-1,0.6967113276492083,attack_free,benign_fp
101,weak_campaign,veh_17-w09,Challenge_S::Pre_train_S_2.csv::577::test,Pre_train_S_2.csv,Challenge_S,veh_17,0,-1,0.877104377104377,attack_free,benign_fp
101,weak_campaign,veh_18-w00,Challenge_S::Pre_train_S_1.csv::781::test,Pre_train_S_1.csv,Challenge_S,veh_18,0,-1,0.7361111111111112,attack_free,benign_fp
101,weak_campaign,veh_18-w01,OCSLab_Car::gear_dataset.csv::592::test,gear_dataset.csv,OCSLab_Car,veh_18,0,-1,0.8010556232237109,attack_free,benign_fp
101,weak_campaign,veh_18-w02,OCSLab_Car::gear_dataset.csv::743::test,gear_dataset.csv,OCSLab_Car,veh_18,0,-1,0.9342265529841656,attack_free,benign_fp
101,weak_campaign,veh_18-w03,OCSLab_Car::normal_run_data.txt::680::test,normal_run_data.txt,OCSLab_Car,veh_18,0,-1,0.7101096224116931,attack_free,benign_fp
101,weak_campaign,veh_18-w04,OCSLab_Car::normal_run_data.txt::679::test,normal_run_data.txt,OCSLab_Car,veh_18,0,-1,0.7523345513601299,attack_free,benign_fp
101,weak_campaign,veh_18-w05,OCSLab_Car::normal_run_data.txt::202::test,normal_run_data.txt,OCSLab_Car,veh_18,0,-1,0.877791311408851,attack_free,benign_fp
101,weak_campaign,veh_18-w06,OCSLab_Car::normal_run_data.txt::642::test,normal_run_data.txt,OCSLab_Car,veh_18,0,-1,0.8940316686967114,attack_free,benign_fp
101,weak_campaign,veh_18-w07,Challenge_D::Pre_train_D_0.csv::198::test,Pre_train_D_0.csv,Challenge_D,veh_18,0,-1,0.7297979797979798,attack_free,benign_fp
101,weak_campaign,veh_18-w08,OCSLab_Car::normal_run_data.txt::713::test,normal_run_data.txt,OCSLab_Car,veh_18,0,-1,0.9468128298822576,attack_free,benign_fp
101,weak_campaign,veh_18-w09,Challenge_S::Pre_train_S_0.csv::181::test,Pre_train_S_0.csv,Challenge_S,veh_18,0,-1,0.9423400673400674,attack_free,benign_fp
101,weak_campaign,veh_19-w00,Challenge_S::Pre_train_S_2.csv::660::test,Pre_train_S_2.csv,Challenge_S,veh_19,0,-1,0.917087542087542,attack_free,benign_fp
101,weak_campaign,veh_19-w01,OCSLab_Car::normal_run_data.txt::280::test,normal_run_data.txt,OCSLab_Car,veh_19,0,-1,0.997563946406821,attack_free,benign_fp
101,weak_campaign,veh_19-w02,OCSLab_Car::DoS_dataset.csv::44::test,DoS_dataset.csv,OCSLab_Car,veh_19,0,-1,0.5992691839220463,attack_free,benign_fp
101,weak_campaign,veh_19-w03,Challenge_D::Pre_train_D_0.csv::263::test,Pre_train_D_0.csv,Challenge_D,veh_19,0,-1,0.8611111111111112,attack_free,benign_fp
101,weak_campaign,veh_19-w04,OCSLab_Car::normal_run_data.txt::110::test,normal_run_data.txt,OCSLab_Car,veh_19,0,-1,0.9443767762890783,attack_free,benign_fp
101,weak_campaign,veh_19-w05,Challenge_S::Pre_train_S_0.csv::106::test,Pre_train_S_0.csv,Challenge_S,veh_19,0,-1,0.752104377104377,attack_free,benign_fp
101,weak_campaign,veh_19-w06,Challenge_D::Pre_train_D_0.csv::124::test,Pre_train_D_0.csv,Challenge_D,veh_19,0,-1,0.7836700336700336,attack_free,benign_fp
101,weak_campaign,veh_19-w07,Challenge_S::Pre_train_S_1.csv::21::test,Pre_train_S_1.csv,Challenge_S,veh_19,0,-1,0.9326599326599326,attack_free,benign_fp
101,weak_campaign,veh_19-w08,Challenge_D::Pre_train_D_0.csv::165::test,Pre_train_D_0.csv,Challenge_D,veh_19,0,-1,0.9718013468013468,attack_free,benign_fp
101,weak_campaign,veh_19-w09,OCSLab_Car::normal_run_data.txt::545::test,normal_run_data.txt,OCSLab_Car,veh_19,0,-1,0.9399106780349168,attack_free,benign_fp
101,unrelated_incidents,veh_00-w00,Challenge_D::Pre_train_D_2.csv::260::test,Pre_train_D_2.csv,Challenge_D,veh_00,1,0,1.0,flooding,independent_0_flooding
101,unrelated_incidents,veh_00-w01,OCSLab_Car::DoS_dataset.csv::95::test,DoS_dataset.csv,OCSLab_Car,veh_00,1,0,1.0,flooding,independent_0_flooding
101,unrelated_incidents,veh_00-w02,Challenge_D::Pre_train_D_1.csv::140::test,Pre_train_D_1.csv,Challenge_D,veh_00,1,0,1.0,flooding,independent_0_flooding
101,unrelated_incidents,veh_00-w03,OCSLab_Car::DoS_dataset.csv::474::test,DoS_dataset.csv,OCSLab_Car,veh_00,1,0,1.0,flooding,independent_0_flooding
101,unrelated_incidents,veh_00-w04,Challenge_S::Pre_train_S_1.csv::293::test,Pre_train_S_1.csv,Challenge_S,veh_00,1,0,1.0,flooding,independent_0_flooding
101,unrelated_incidents,veh_00-w05,Challenge_D::Pre_train_D_1.csv::151::test,Pre_train_D_1.csv,Challenge_D,veh_00,1,0,1.0,flooding,independent_0_flooding
101,unrelated_incidents,veh_00-w06,Challenge_D::Pre_train_D_2.csv::261::test,Pre_train_D_2.csv,Challenge_D,veh_00,1,0,1.0,flooding,independent_0_flooding
101,unrelated_incidents,veh_00-w07,Challenge_S::Pre_train_S_1.csv::120::test,Pre_train_S_1.csv,Challenge_S,veh_00,1,0,1.0,flooding,independent_0_flooding
101,unrelated_incidents,veh_00-w08,OCSLab_Car::DoS_dataset.csv::68::test,DoS_dataset.csv,OCSLab_Car,veh_00,1,0,1.0,flooding,independent_0_flooding
101,unrelated_incidents,veh_00-w09,OCSLab_Car::DoS_dataset.csv::645::test,DoS_dataset.csv,OCSLab_Car,veh_00,1,0,1.0,flooding,independent_0_flooding
101,unrelated_incidents,veh_01-w00,OCSLab_Car::RPM_dataset.csv::597::test,RPM_dataset.csv,OCSLab_Car,veh_01,1,1,1.0,malfunction_rpm,independent_1_malfunction_rpm
101,unrelated_incidents,veh_01-w01,OCSLab_Car::RPM_dataset.csv::280::test,RPM_dataset.csv,OCSLab_Car,veh_01,1,1,1.0,malfunction_rpm,independent_1_malfunction_rpm
101,unrelated_incidents,veh_01-w02,OCSLab_Car::RPM_dataset.csv::25::test,RPM_dataset.csv,OCSLab_Car,veh_01,1,1,1.0,malfunction_rpm,independent_1_malfunction_rpm
101,unrelated_incidents,veh_01-w03,OCSLab_Car::RPM_dataset.csv::224::test,RPM_dataset.csv,OCSLab_Car,veh_01,1,1,1.0,malfunction_rpm,independent_1_malfunction_rpm
101,unrelated_incidents,veh_01-w04,OCSLab_Car::RPM_dataset.csv::12::test,RPM_dataset.csv,OCSLab_Car,veh_01,1,1,1.0,malfunction_rpm,independent_1_malfunction_rpm
101,unrelated_incidents,veh_01-w05,OCSLab_Car::RPM_dataset.csv::268::test,RPM_dataset.csv,OCSLab_Car,veh_01,1,1,1.0,malfunction_rpm,independent_1_malfunction_rpm
101,unrelated_incidents,veh_01-w06,OCSLab_Car::RPM_dataset.csv::355::test,RPM_dataset.csv,OCSLab_Car,veh_01,1,1,1.0,malfunction_rpm,independent_1_malfunction_rpm
101,unrelated_incidents,veh_01-w07,OCSLab_Car::RPM_dataset.csv::740::test,RPM_dataset.csv,OCSLab_Car,veh_01,1,1,0.998375964271214,malfunction_rpm,independent_1_malfunction_rpm
101,unrelated_incidents,veh_01-w08,OCSLab_Car::RPM_dataset.csv::0::test,RPM_dataset.csv,OCSLab_Car,veh_01,1,1,1.0,malfunction_rpm,independent_1_malfunction_rpm
101,unrelated_incidents,veh_01-w09,OCSLab_Car::RPM_dataset.csv::588::test,RPM_dataset.csv,OCSLab_Car,veh_01,1,1,1.0,malfunction_rpm,independent_1_malfunction_rpm
101,unrelated_incidents,veh_02-w00,OCSLab_Car::gear_dataset.csv::1::test,gear_dataset.csv,OCSLab_Car,veh_02,1,2,1.0,malfunction_gear,independent_2_malfunction_gear
101,unrelated_incidents,veh_02-w01,OCSLab_Car::gear_dataset.csv::682::test,gear_dataset.csv,OCSLab_Car,veh_02,1,2,1.0,malfunction_gear,independent_2_malfunction_gear
101,unrelated_incidents,veh_02-w02,OCSLab_Car::gear_dataset.csv::364::test,gear_dataset.csv,OCSLab_Car,veh_02,1,2,1.0,malfunction_gear,independent_2_malfunction_gear
101,unrelated_incidents,veh_02-w03,OCSLab_Car::gear_dataset.csv::207::test,gear_dataset.csv,OCSLab_Car,veh_02,1,2,1.0,malfunction_gear,independent_2_malfunction_gear
101,unrelated_incidents,veh_02-w04,OCSLab_Car::gear_dataset.csv::493::test,gear_dataset.csv,OCSLab_Car,veh_02,1,2,1.0,malfunction_gear,independent_2_malfunction_gear
101,unrelated_incidents,veh_02-w05,OCSLab_Car::gear_dataset.csv::386::test,gear_dataset.csv,OCSLab_Car,veh_02,1,2,1.0,malfunction_gear,independent_2_malfunction_gear
101,unrelated_incidents,veh_02-w06,OCSLab_Car::gear_dataset.csv::288::test,gear_dataset.csv,OCSLab_Car,veh_02,1,2,1.0,malfunction_gear,independent_2_malfunction_gear
101,unrelated_incidents,veh_02-w07,OCSLab_Car::gear_dataset.csv::457::test,gear_dataset.csv,OCSLab_Car,veh_02,1,2,1.0,malfunction_gear,independent_2_malfunction_gear
101,unrelated_incidents,veh_02-w08,OCSLab_Car::gear_dataset.csv::284::test,gear_dataset.csv,OCSLab_Car,veh_02,1,2,1.0,malfunction_gear,independent_2_malfunction_gear
101,unrelated_incidents,veh_02-w09,OCSLab_Car::gear_dataset.csv::210::test,gear_dataset.csv,OCSLab_Car,veh_02,1,2,1.0,malfunction_gear,independent_2_malfunction_gear
101,unrelated_incidents,veh_03-w00,OCSLab_Car::Fuzzy_dataset.csv::168::test,Fuzzy_dataset.csv,OCSLab_Car,veh_03,1,3,1.0,fuzzy,independent_3_fuzzy
101,unrelated_incidents,veh_03-w01,OCSLab_Car::Fuzzy_dataset.csv::332::test,Fuzzy_dataset.csv,OCSLab_Car,veh_03,1,3,1.0,fuzzy,independent_3_fuzzy
101,unrelated_incidents,veh_03-w02,OCSLab_Car::Fuzzy_dataset.csv::27::test,Fuzzy_dataset.csv,OCSLab_Car,veh_03,1,3,1.0,fuzzy,independent_3_fuzzy
101,unrelated_incidents,veh_03-w03,OCSLab_Car::Fuzzy_dataset.csv::604::test,Fuzzy_dataset.csv,OCSLab_Car,veh_03,1,3,1.0,fuzzy,independent_3_fuzzy
101,unrelated_incidents,veh_03-w04,OCSLab_Car::Fuzzy_dataset.csv::599::test,Fuzzy_dataset.csv,OCSLab_Car,veh_03,1,3,1.0,fuzzy,independent_3_fuzzy
101,unrelated_incidents,veh_03-w05,OCSLab_Car::Fuzzy_dataset.csv::618::test,Fuzzy_dataset.csv,OCSLab_Car,veh_03,1,3,1.0,fuzzy,independent_3_fuzzy
101,unrelated_incidents,veh_03-w06,OCSLab_Car::Fuzzy_dataset.csv::706::test,Fuzzy_dataset.csv,OCSLab_Car,veh_03,1,3,1.0,fuzzy,independent_3_fuzzy
101,unrelated_incidents,veh_03-w07,OCSLab_Car::Fuzzy_dataset.csv::511::test,Fuzzy_dataset.csv,OCSLab_Car,veh_03,1,3,1.0,fuzzy,independent_3_fuzzy
101,unrelated_incidents,veh_03-w08,OCSLab_Car::Fuzzy_dataset.csv::623::test,Fuzzy_dataset.csv,OCSLab_Car,veh_03,1,3,1.0,fuzzy,independent_3_fuzzy
101,unrelated_incidents,veh_03-w09,OCSLab_Car::Fuzzy_dataset.csv::745::test,Fuzzy_dataset.csv,OCSLab_Car,veh_03,1,3,1.0,fuzzy,independent_3_fuzzy
101,unrelated_incidents,veh_04-w00,Challenge_S::Pre_train_S_2.csv::395::test,Pre_train_S_2.csv,Challenge_S,veh_04,1,4,0.9423400673400674,spoofing,independent_4_spoofing
101,unrelated_incidents,veh_04-w01,Challenge_S::Pre_train_S_2.csv::494::test,Pre_train_S_2.csv,Challenge_S,veh_04,1,4,0.9179292929292928,spoofing,independent_4_spoofing
101,unrelated_incidents,veh_04-w02,Challenge_D::Pre_train_D_2.csv::472::test,Pre_train_D_2.csv,Challenge_D,veh_04,1,4,0.9621212121212122,spoofing,independent_4_spoofing
101,unrelated_incidents,veh_04-w03,Challenge_S::Pre_train_S_1.csv::449::test,Pre_train_S_1.csv,Challenge_S,veh_04,1,4,0.88510101010101,spoofing,independent_4_spoofing
101,unrelated_incidents,veh_04-w04,Challenge_S::Pre_train_S_2.csv::469::test,Pre_train_S_2.csv,Challenge_S,veh_04,1,4,0.8303872053872053,spoofing,independent_4_spoofing
101,unrelated_incidents,veh_04-w05,Challenge_D::Pre_train_D_2.csv::547::test,Pre_train_D_2.csv,Challenge_D,veh_04,1,4,0.8232323232323232,spoofing,independent_4_spoofing
101,unrelated_incidents,veh_04-w06,Challenge_S::Pre_train_S_2.csv::472::test,Pre_train_S_2.csv,Challenge_S,veh_04,1,4,0.8863636363636364,spoofing,independent_4_spoofing
101,unrelated_incidents,veh_04-w07,Challenge_D::Pre_train_D_2.csv::341::test,Pre_train_D_2.csv,Challenge_D,veh_04,1,4,0.9225589225589226,spoofing,independent_4_spoofing
101,unrelated_incidents,veh_04-w08,Challenge_S::Pre_train_S_2.csv::340::test,Pre_train_S_2.csv,Challenge_S,veh_04,1,4,0.9154040404040404,spoofing,independent_4_spoofing
101,unrelated_incidents,veh_04-w09,Challenge_D::Pre_train_D_2.csv::329::test,Pre_train_D_2.csv,Challenge_D,veh_04,1,4,0.8947811447811448,spoofing,independent_4_spoofing
101,unrelated_incidents,veh_05-w00,Challenge_D::Pre_train_D_2.csv::787::test,Pre_train_D_2.csv,Challenge_D,veh_05,0,-1,0.6763468013468014,attack_free,benign_fp
101,unrelated_incidents,veh_05-w01,Challenge_S::Pre_train_S_1.csv::767::test,Pre_train_S_1.csv,Challenge_S,veh_05,0,-1,0.5669191919191919,attack_free,benign_fp
101,unrelated_incidents,veh_05-w02,Challenge_D::Pre_train_D_1.csv::62::test,Pre_train_D_1.csv,Challenge_D,veh_05,0,-1,0.6708754208754208,attack_free,benign_fp
101,unrelated_incidents,veh_05-w03,OCSLab_Car::normal_run_data.txt::735::test,normal_run_data.txt,OCSLab_Car,veh_05,0,-1,0.926512383272432,attack_free,benign_fp
101,unrelated_incidents,veh_05-w04,OCSLab_Car::Fuzzy_dataset.csv::261::test,Fuzzy_dataset.csv,OCSLab_Car,veh_05,0,-1,0.6012992285830289,attack_free,benign_fp
101,unrelated_incidents,veh_05-w05,OCSLab_Car::gear_dataset.csv::530::test,gear_dataset.csv,OCSLab_Car,veh_05,0,-1,0.6569224522939505,attack_free,benign_fp
101,unrelated_incidents,veh_05-w06,Challenge_D::Pre_train_D_2.csv::635::test,Pre_train_D_2.csv,Challenge_D,veh_05,0,-1,0.8186026936026936,attack_free,benign_fp
101,unrelated_incidents,veh_05-w07,Challenge_S::Pre_train_S_0.csv::87::test,Pre_train_S_0.csv,Challenge_S,veh_05,0,-1,0.7992424242424242,attack_free,benign_fp
101,unrelated_incidents,veh_05-w08,Challenge_D::Pre_train_D_0.csv::95::test,Pre_train_D_0.csv,Challenge_D,veh_05,0,-1,0.976851851851852,attack_free,benign_fp
101,unrelated_incidents,veh_05-w09,Challenge_D::Pre_train_D_0.csv::66::test,Pre_train_D_0.csv,Challenge_D,veh_05,0,-1,0.997053872053872,attack_free,benign_fp
101,unrelated_incidents,veh_06-w00,Challenge_S::Pre_train_S_0.csv::193::test,Pre_train_S_0.csv,Challenge_S,veh_06,0,-1,0.8362794612794613,attack_free,benign_fp
101,unrelated_incidents,veh_06-w01,OCSLab_Car::normal_run_data.txt::78::test,normal_run_data.txt,OCSLab_Car,veh_06,0,-1,0.9094600081201788,attack_free,benign_fp
101,unrelated_incidents,veh_06-w02,Challenge_D::Pre_train_D_0.csv::262::test,Pre_train_D_0.csv,Challenge_D,veh_06,0,-1,0.8409090909090909,attack_free,benign_fp
101,unrelated_incidents,veh_06-w03,OCSLab_Car::normal_run_data.txt::186::test,normal_run_data.txt,OCSLab_Car,veh_06,0,-1,0.8964677222898904,attack_free,benign_fp
101,unrelated_incidents,veh_06-w04,Challenge_S::Pre_train_S_2.csv::548::test,Pre_train_S_2.csv,Challenge_S,veh_06,0,-1,0.8489057239057239,attack_free,benign_fp
101,unrelated_incidents,veh_06-w05,OCSLab_Car::normal_run_data.txt::61::test,normal_run_data.txt,OCSLab_Car,veh_06,0,-1,0.9675192854242792,attack_free,benign_fp
101,unrelated_incidents,veh_06-w06,Challenge_S::Pre_train_S_0.csv::169::test,Pre_train_S_0.csv,Challenge_S,veh_06,0,-1,0.8712121212121212,attack_free,benign_fp
101,unrelated_incidents,veh_06-w07,Challenge_S::Pre_train_S_1.csv::410::test,Pre_train_S_1.csv,Challenge_S,veh_06,0,-1,0.7003367003367004,attack_free,benign_fp
101,unrelated_incidents,veh_06-w08,OCSLab_Car::gear_dataset.csv::612::test,gear_dataset.csv,OCSLab_Car,veh_06,0,-1,0.9447827852212748,attack_free,benign_fp
101,unrelated_incidents,veh_06-w09,Challenge_S::Pre_train_S_0.csv::111::test,Pre_train_S_0.csv,Challenge_S,veh_06,0,-1,0.5955387205387206,attack_free,benign_fp
101,unrelated_incidents,veh_07-w00,OCSLab_Car::gear_dataset.csv::645::test,gear_dataset.csv,OCSLab_Car,veh_07,0,-1,0.951278928136419,attack_free,benign_fp
101,unrelated_incidents,veh_07-w01,Challenge_D::Pre_train_D_2.csv::581::test,Pre_train_D_2.csv,Challenge_D,veh_07,0,-1,0.6620370370370371,attack_free,benign_fp
101,unrelated_incidents,veh_07-w02,OCSLab_Car::gear_dataset.csv::315::test,gear_dataset.csv,OCSLab_Car,veh_07,0,-1,0.6073893625659764,attack_free,benign_fp
101,unrelated_incidents,veh_07-w03,Challenge_D::Pre_train_D_2.csv::623::test,Pre_train_D_2.csv,Challenge_D,veh_07,0,-1,0.7769360269360269,attack_free,benign_fp
101,unrelated_incidents,veh_07-w04,OCSLab_Car::normal_run_data.txt::692::test,normal_run_data.txt,OCSLab_Car,veh_07,0,-1,0.7669508729192043,attack_free,benign_fp
101,unrelated_incidents,veh_07-w05,OCSLab_Car::normal_run_data.txt::86::test,normal_run_data.txt,OCSLab_Car,veh_07,0,-1,0.9618351603735282,attack_free,benign_fp
101,unrelated_incidents,veh_07-w06,Challenge_D::Pre_train_D_2.csv::99::test,Pre_train_D_2.csv,Challenge_D,veh_07,0,-1,0.7878787878787878,attack_free,benign_fp
101,unrelated_incidents,veh_07-w07,OCSLab_Car::DoS_dataset.csv::284::test,DoS_dataset.csv,OCSLab_Car,veh_07,0,-1,0.7742590336987414,attack_free,benign_fp
101,unrelated_incidents,veh_07-w08,Challenge_D::Pre_train_D_2.csv::579::test,Pre_train_D_2.csv,Challenge_D,veh_07,0,-1,0.9924242424242424,attack_free,benign_fp
101,unrelated_incidents,veh_07-w09,Challenge_S::Pre_train_S_2.csv::688::test,Pre_train_S_2.csv,Challenge_S,veh_07,0,-1,0.688973063973064,attack_free,benign_fp
101,unrelated_incidents,veh_08-w00,OCSLab_Car::normal_run_data.txt::497::test,normal_run_data.txt,OCSLab_Car,veh_08,0,-1,0.631749898497767,attack_free,benign_fp
101,unrelated_incidents,veh_08-w01,OCSLab_Car::normal_run_data.txt::239::test,normal_run_data.txt,OCSLab_Car,veh_08,0,-1,0.94884287454324,attack_free,benign_fp
101,unrelated_incidents,veh_08-w02,Challenge_S::Pre_train_S_1.csv::717::test,Pre_train_S_1.csv,Challenge_S,veh_08,0,-1,0.8089225589225589,attack_free,benign_fp
101,unrelated_incidents,veh_08-w03,Challenge_S::Pre_train_S_2.csv::758::test,Pre_train_S_2.csv,Challenge_S,veh_08,0,-1,0.6165824915824916,attack_free,benign_fp
101,unrelated_incidents,veh_08-w04,Challenge_S::Pre_train_S_0.csv::210::test,Pre_train_S_0.csv,Challenge_S,veh_08,0,-1,0.9903198653198652,attack_free,benign_fp
101,unrelated_incidents,veh_08-w05,OCSLab_Car::DoS_dataset.csv::168::test,DoS_dataset.csv,OCSLab_Car,veh_08,0,-1,0.561510353227771,attack_free,benign_fp
101,unrelated_incidents,veh_08-w06,OCSLab_Car::normal_run_data.txt::276::test,normal_run_data.txt,OCSLab_Car,veh_08,0,-1,0.90580592773041,attack_free,benign_fp
101,unrelated_incidents,veh_08-w07,OCSLab_Car::normal_run_data.txt::586::test,normal_run_data.txt,OCSLab_Car,veh_08,0,-1,0.9078359723913926,attack_free,benign_fp
101,unrelated_incidents,veh_08-w08,OCSLab_Car::Fuzzy_dataset.csv::588::test,Fuzzy_dataset.csv,OCSLab_Car,veh_08,0,-1,0.7231019082419813,attack_free,benign_fp
101,unrelated_incidents,veh_08-w09,Challenge_D::Pre_train_D_0.csv::216::test,Pre_train_D_0.csv,Challenge_D,veh_08,0,-1,0.8409090909090909,attack_free,benign_fp
101,unrelated_incidents,veh_09-w00,Challenge_S::Pre_train_S_0.csv::16::test,Pre_train_S_0.csv,Challenge_S,veh_09,0,-1,0.9225589225589226,attack_free,benign_fp
101,unrelated_incidents,veh_09-w01,OCSLab_Car::normal_run_data.txt::720::test,normal_run_data.txt,OCSLab_Car,veh_09,0,-1,0.902557856272838,attack_free,benign_fp
101,unrelated_incidents,veh_09-w02,OCSLab_Car::Fuzzy_dataset.csv::526::test,Fuzzy_dataset.csv,OCSLab_Car,veh_09,0,-1,0.8079577750710516,attack_free,benign_fp
101,unrelated_incidents,veh_09-w03,OCSLab_Car::gear_dataset.csv::739::test,gear_dataset.csv,OCSLab_Car,veh_09,0,-1,0.6837190418189201,attack_free,benign_fp
101,unrelated_incidents,veh_09-w04,OCSLab_Car::normal_run_data.txt::513::test,normal_run_data.txt,OCSLab_Car,veh_09,0,-1,0.8611449451887941,attack_free,benign_fp
101,unrelated_incidents,veh_09-w05,Challenge_S::Pre_train_S_2.csv::592::test,Pre_train_S_2.csv,Challenge_S,veh_09,0,-1,0.7546296296296297,attack_free,benign_fp
101,unrelated_incidents,veh_09-w06,OCSLab_Car::normal_run_data.txt::143::test,normal_run_data.txt,OCSLab_Car,veh_09,0,-1,0.9618351603735282,attack_free,benign_fp
101,unrelated_incidents,veh_09-w07,OCSLab_Car::normal_run_data.txt::340::test,normal_run_data.txt,OCSLab_Car,veh_09,0,-1,0.934632561916362,attack_free,benign_fp
101,unrelated_incidents,veh_09-w08,Challenge_S::Pre_train_S_1.csv::1::test,Pre_train_S_1.csv,Challenge_S,veh_09,0,-1,0.8459595959595959,attack_free,benign_fp
101,unrelated_incidents,veh_09-w09,Challenge_D::Pre_train_D_0.csv::219::test,Pre_train_D_0.csv,Challenge_D,veh_09,0,-1,0.9903198653198652,attack_free,benign_fp
101,unrelated_incidents,veh_10-w00,OCSLab_Car::gear_dataset.csv::759::test,gear_dataset.csv,OCSLab_Car,veh_10,0,-1,0.6682907023954527,attack_free,benign_fp
101,unrelated_incidents,veh_10-w01,Challenge_D::Pre_train_D_0.csv::55::test,Pre_train_D_0.csv,Challenge_D,veh_10,0,-1,0.8968855218855218,attack_free,benign_fp
101,unrelated_incidents,veh_10-w02,OCSLab_Car::normal_run_data.txt::22::test,normal_run_data.txt,OCSLab_Car,veh_10,0,-1,0.60698335363378,attack_free,benign_fp
101,unrelated_incidents,veh_10-w03,OCSLab_Car::normal_run_data.txt::593::test,normal_run_data.txt,OCSLab_Car,veh_10,0,-1,0.967925294356476,attack_free,benign_fp
101,unrelated_incidents,veh_10-w04,OCSLab_Car::normal_run_data.txt::527::test,normal_run_data.txt,OCSLab_Car,veh_10,0,-1,0.8566788469346326,attack_free,benign_fp
101,unrelated_incidents,veh_10-w05,Challenge_S::Pre_train_S_0.csv::206::test,Pre_train_S_0.csv,Challenge_S,veh_10,0,-1,0.914983164983165,attack_free,benign_fp
101,unrelated_incidents,veh_10-w06,Challenge_D::Pre_train_D_2.csv::92::test,Pre_train_D_2.csv,Challenge_D,veh_10,0,-1,0.9002525252525253,attack_free,benign_fp
101,unrelated_incidents,veh_10-w07,OCSLab_Car::normal_run_data.txt::637::test,normal_run_data.txt,OCSLab_Car,veh_10,0,-1,0.8152659358505887,attack_free,benign_fp
101,unrelated_incidents,veh_10-w08,OCSLab_Car::normal_run_data.txt::375::test,normal_run_data.txt,OCSLab_Car,veh_10,0,-1,0.7884693463256192,attack_free,benign_fp
101,unrelated_incidents,veh_10-w09,OCSLab_Car::normal_run_data.txt::548::test,normal_run_data.txt,OCSLab_Car,veh_10,0,-1,0.6723507917174177,attack_free,benign_fp
101,unrelated_incidents,veh_11-w00,OCSLab_Car::normal_run_data.txt::772::test,normal_run_data.txt,OCSLab_Car,veh_11,0,-1,0.8168899715793747,attack_free,benign_fp
101,unrelated_incidents,veh_11-w01,OCSLab_Car::RPM_dataset.csv::113::test,RPM_dataset.csv,OCSLab_Car,veh_11,0,-1,0.5740966301258628,attack_free,benign_fp
101,unrelated_incidents,veh_11-w02,Challenge_S::Pre_train_S_1.csv::0::test,Pre_train_S_1.csv,Challenge_S,veh_11,0,-1,0.8005050505050505,attack_free,benign_fp
101,unrelated_incidents,veh_11-w03,OCSLab_Car::normal_run_data.txt::744::test,normal_run_data.txt,OCSLab_Car,veh_11,0,-1,0.8246041412911084,attack_free,benign_fp
101,unrelated_incidents,veh_11-w04,OCSLab_Car::RPM_dataset.csv::171::test,RPM_dataset.csv,OCSLab_Car,veh_11,0,-1,0.657328461226147,attack_free,benign_fp
101,unrelated_incidents,veh_11-w05,OCSLab_Car::normal_run_data.txt::120::test,normal_run_data.txt,OCSLab_Car,veh_11,0,-1,0.947218838814454,attack_free,benign_fp
101,unrelated_incidents,veh_11-w06,OCSLab_Car::normal_run_data.txt::542::test,normal_run_data.txt,OCSLab_Car,veh_11,0,-1,0.95696305318717,attack_free,benign_fp
101,unrelated_incidents,veh_11-w07,OCSLab_Car::normal_run_data.txt::2::test,normal_run_data.txt,OCSLab_Car,veh_11,0,-1,0.9163621599675192,attack_free,benign_fp
101,unrelated_incidents,veh_11-w08,Challenge_S::Pre_train_S_1.csv::780::test,Pre_train_S_1.csv,Challenge_S,veh_11,0,-1,0.9646464646464646,attack_free,benign_fp
101,unrelated_incidents,veh_11-w09,OCSLab_Car::gear_dataset.csv::780::test,gear_dataset.csv,OCSLab_Car,veh_11,0,-1,0.6902151847340642,attack_free,benign_fp
101,unrelated_incidents,veh_12-w00,OCSLab_Car::normal_run_data.txt::442::test,normal_run_data.txt,OCSLab_Car,veh_12,0,-1,0.8631749898497767,attack_free,benign_fp
101,unrelated_incidents,veh_12-w01,OCSLab_Car::normal_run_data.txt::679::test,normal_run_data.txt,OCSLab_Car,veh_12,0,-1,0.7523345513601299,attack_free,benign_fp
101,unrelated_incidents,veh_12-w02,OCSLab_Car::normal_run_data.txt::585::test,normal_run_data.txt,OCSLab_Car,veh_12,0,-1,0.9484368656110436,attack_free,benign_fp
101,unrelated_incidents,veh_12-w03,OCSLab_Car::normal_run_data.txt::67::test,normal_run_data.txt,OCSLab_Car,veh_12,0,-1,0.6175395858708892,attack_free,benign_fp
101,unrelated_incidents,veh_12-w04,OCSLab_Car::Fuzzy_dataset.csv::363::test,Fuzzy_dataset.csv,OCSLab_Car,veh_12,0,-1,0.6293138449045879,attack_free,benign_fp
101,unrelated_incidents,veh_12-w05,OCSLab_Car::normal_run_data.txt::178::test,normal_run_data.txt,OCSLab_Car,veh_12,0,-1,0.9492488834754363,attack_free,benign_fp
101,unrelated_incidents,veh_12-w06,OCSLab_Car::normal_run_data.txt::140::test,normal_run_data.txt,OCSLab_Car,veh_12,0,-1,0.947218838814454,attack_free,benign_fp
101,unrelated_incidents,veh_12-w07,OCSLab_Car::normal_run_data.txt::23::test,normal_run_data.txt,OCSLab_Car,veh_12,0,-1,0.7226958993097848,attack_free,benign_fp
101,unrelated_incidents,veh_12-w08,OCSLab_Car::normal_run_data.txt::207::test,normal_run_data.txt,OCSLab_Car,veh_12,0,-1,0.94884287454324,attack_free,benign_fp
101,unrelated_incidents,veh_12-w09,OCSLab_Car::normal_run_data.txt::419::test,normal_run_data.txt,OCSLab_Car,veh_12,0,-1,0.9833536337799432,attack_free,benign_fp
101,unrelated_incidents,veh_13-w00,OCSLab_Car::normal_run_data.txt::717::test,normal_run_data.txt,OCSLab_Car,veh_13,0,-1,0.6248477466504263,attack_free,benign_fp
101,unrelated_incidents,veh_13-w01,OCSLab_Car::normal_run_data.txt::103::test,normal_run_data.txt,OCSLab_Car,veh_13,0,-1,0.8518067397482745,attack_free,benign_fp
101,unrelated_incidents,veh_13-w02,OCSLab_Car::gear_dataset.csv::568::test,gear_dataset.csv,OCSLab_Car,veh_13,0,-1,0.7982135606983354,attack_free,benign_fp
101,unrelated_incidents,veh_13-w03,OCSLab_Car::normal_run_data.txt::345::test,normal_run_data.txt,OCSLab_Car,veh_13,0,-1,0.976045473000406,attack_free,benign_fp
101,unrelated_incidents,veh_13-w04,OCSLab_Car::gear_dataset.csv::601::test,gear_dataset.csv,OCSLab_Car,veh_13,0,-1,0.6674786845310596,attack_free,benign_fp
101,unrelated_incidents,veh_13-w05,OCSLab_Car::normal_run_data.txt::59::test,normal_run_data.txt,OCSLab_Car,veh_13,0,-1,0.9703613479496548,attack_free,benign_fp
101,unrelated_incidents,veh_13-w06,Challenge_S::Pre_train_S_0.csv::183::test,Pre_train_S_0.csv,Challenge_S,veh_13,0,-1,0.8021885521885522,attack_free,benign_fp
101,unrelated_incidents,veh_13-w07,Challenge_D::Pre_train_D_1.csv::454::test,Pre_train_D_1.csv,Challenge_D,veh_13,0,-1,0.5686026936026936,attack_free,benign_fp
101,unrelated_incidents,veh_13-w08,Challenge_S::Pre_train_S_2.csv::779::test,Pre_train_S_2.csv,Challenge_S,veh_13,0,-1,0.6881313131313131,attack_free,benign_fp
101,unrelated_incidents,veh_13-w09,Challenge_D::Pre_train_D_2.csv::706::test,Pre_train_D_2.csv,Challenge_D,veh_13,0,-1,0.6376262626262627,attack_free,benign_fp
101,unrelated_incidents,veh_14-w00,OCSLab_Car::normal_run_data.txt::332::test,normal_run_data.txt,OCSLab_Car,veh_14,0,-1,0.9821356069833536,attack_free,benign_fp
101,unrelated_incidents,veh_14-w01,OCSLab_Car::normal_run_data.txt::452::test,normal_run_data.txt,OCSLab_Car,veh_14,0,-1,0.9671132764920828,attack_free,benign_fp
101,unrelated_incidents,veh_14-w02,Challenge_D::Pre_train_D_1.csv::442::test,Pre_train_D_1.csv,Challenge_D,veh_14,0,-1,0.7453703703703703,attack_free,benign_fp
101,unrelated_incidents,veh_14-w03,Challenge_S::Pre_train_S_1.csv::20::test,Pre_train_S_1.csv,Challenge_S,veh_14,0,-1,0.75,attack_free,benign_fp
101,unrelated_incidents,veh_14-w04,Challenge_D::Pre_train_D_0.csv::192::test,Pre_train_D_0.csv,Challenge_D,veh_14,0,-1,0.5997474747474747,attack_free,benign_fp
101,unrelated_incidents,veh_14-w05,OCSLab_Car::RPM_dataset.csv::543::test,RPM_dataset.csv,OCSLab_Car,veh_14,0,-1,0.5883069427527405,attack_free,benign_fp
101,unrelated_incidents,veh_14-w06,Challenge_D::Pre_train_D_0.csv::248::test,Pre_train_D_0.csv,Challenge_D,veh_14,0,-1,0.8038720538720538,attack_free,benign_fp
101,unrelated_incidents,veh_14-w07,Challenge_D::Pre_train_D_2.csv::653::test,Pre_train_D_2.csv,Challenge_D,veh_14,0,-1,0.6481481481481481,attack_free,benign_fp
101,unrelated_incidents,veh_14-w08,OCSLab_Car::gear_dataset.csv::322::test,gear_dataset.csv,OCSLab_Car,veh_14,0,-1,0.6264717823792123,attack_free,benign_fp
101,unrelated_incidents,veh_14-w09,OCSLab_Car::normal_run_data.txt::1::test,normal_run_data.txt,OCSLab_Car,veh_14,0,-1,0.8574908647990256,attack_free,benign_fp
101,unrelated_incidents,veh_15-w00,OCSLab_Car::normal_run_data.txt::428::test,normal_run_data.txt,OCSLab_Car,veh_15,0,-1,0.8944376776289078,attack_free,benign_fp
101,unrelated_incidents,veh_15-w01,Challenge_S::Pre_train_S_0.csv::217::test,Pre_train_S_0.csv,Challenge_S,veh_15,0,-1,0.7062289562289562,attack_free,benign_fp
101,unrelated_incidents,veh_15-w02,OCSLab_Car::normal_run_data.txt::572::test,normal_run_data.txt,OCSLab_Car,veh_15,0,-1,0.7535525781567195,attack_free,benign_fp
101,unrelated_incidents,veh_15-w03,OCSLab_Car::gear_dataset.csv::82::test,gear_dataset.csv,OCSLab_Car,veh_15,0,-1,0.5513601299228583,attack_free,benign_fp
101,unrelated_incidents,veh_15-w04,Challenge_D::Pre_train_D_0.csv::1::test,Pre_train_D_0.csv,Challenge_D,veh_15,0,-1,0.8409090909090909,attack_free,benign_fp
101,unrelated_incidents,veh_15-w05,Challenge_D::Pre_train_D_1.csv::16::test,Pre_train_D_1.csv,Challenge_D,veh_15,0,-1,0.7247474747474747,attack_free,benign_fp
101,unrelated_incidents,veh_15-w06,Challenge_S::Pre_train_S_2.csv::586::test,Pre_train_S_2.csv,Challenge_S,veh_15,0,-1,0.6178451178451179,attack_free,benign_fp
101,unrelated_incidents,veh_15-w07,OCSLab_Car::normal_run_data.txt::669::test,normal_run_data.txt,OCSLab_Car,veh_15,0,-1,0.7202598457166057,attack_free,benign_fp
101,unrelated_incidents,veh_15-w08,OCSLab_Car::normal_run_data.txt::146::test,normal_run_data.txt,OCSLab_Car,veh_15,0,-1,0.8725131952902964,attack_free,benign_fp
101,unrelated_incidents,veh_15-w09,Challenge_D::Pre_train_D_2.csv::723::test,Pre_train_D_2.csv,Challenge_D,veh_15,0,-1,0.7268518518518519,attack_free,benign_fp
101,unrelated_incidents,veh_16-w00,OCSLab_Car::gear_dataset.csv::335::test,gear_dataset.csv,OCSLab_Car,veh_16,0,-1,0.6475842468534307,attack_free,benign_fp
101,unrelated_incidents,veh_16-w01,OCSLab_Car::normal_run_data.txt::638::test,normal_run_data.txt,OCSLab_Car,veh_16,0,-1,0.9334145351197728,attack_free,benign_fp
101,unrelated_incidents,veh_16-w02,OCSLab_Car::normal_run_data.txt::133::test,normal_run_data.txt,OCSLab_Car,veh_16,0,-1,0.8883475436459602,attack_free,benign_fp
101,unrelated_incidents,veh_16-w03,OCSLab_Car::normal_run_data.txt::671::test,normal_run_data.txt,OCSLab_Car,veh_16,0,-1,0.7218838814453918,attack_free,benign_fp
101,unrelated_incidents,veh_16-w04,OCSLab_Car::gear_dataset.csv::673::test,gear_dataset.csv,OCSLab_Car,veh_16,0,-1,0.9813235891189608,attack_free,benign_fp
101,unrelated_incidents,veh_16-w05,OCSLab_Car::normal_run_data.txt::311::test,normal_run_data.txt,OCSLab_Car,veh_16,0,-1,0.9244823386114496,attack_free,benign_fp
101,unrelated_incidents,veh_16-w06,Challenge_D::Pre_train_D_0.csv::149::test,Pre_train_D_0.csv,Challenge_D,veh_16,0,-1,0.8072390572390572,attack_free,benign_fp
101,unrelated_incidents,veh_16-w07,OCSLab_Car::normal_run_data.txt::181::test,normal_run_data.txt,OCSLab_Car,veh_16,0,-1,0.980917580186764,attack_free,benign_fp
101,unrelated_incidents,veh_16-w08,OCSLab_Car::normal_run_data.txt::83::test,normal_run_data.txt,OCSLab_Car,veh_16,0,-1,0.6995533901745838,attack_free,benign_fp
101,unrelated_incidents,veh_16-w09,Challenge_S::Pre_train_S_2.csv::596::test,Pre_train_S_2.csv,Challenge_S,veh_16,0,-1,0.872895622895623,attack_free,benign_fp
101,unrelated_incidents,veh_17-w00,Challenge_S::Pre_train_S_1.csv::718::test,Pre_train_S_1.csv,Challenge_S,veh_17,0,-1,0.6734006734006734,attack_free,benign_fp
101,unrelated_incidents,veh_17-w01,OCSLab_Car::RPM_dataset.csv::156::test,RPM_dataset.csv,OCSLab_Car,veh_17,0,-1,0.5777507105156313,attack_free,benign_fp
101,unrelated_incidents,veh_17-w02,Challenge_S::Pre_train_S_2.csv::635::test,Pre_train_S_2.csv,Challenge_S,veh_17,0,-1,0.7222222222222222,attack_free,benign_fp
101,unrelated_incidents,veh_17-w03,OCSLab_Car::gear_dataset.csv::527::test,gear_dataset.csv,OCSLab_Car,veh_17,0,-1,0.6138855054811205,attack_free,benign_fp
101,unrelated_incidents,veh_17-w04,OCSLab_Car::DoS_dataset.csv::199::test,DoS_dataset.csv,OCSLab_Car,veh_17,0,-1,0.6427121396670726,attack_free,benign_fp
101,unrelated_incidents,veh_17-w05,OCSLab_Car::DoS_dataset.csv::554::test,DoS_dataset.csv,OCSLab_Car,veh_17,0,-1,0.5777507105156313,attack_free,benign_fp
101,unrelated_incidents,veh_17-w06,Challenge_D::Pre_train_D_0.csv::38::test,Pre_train_D_0.csv,Challenge_D,veh_17,0,-1,0.9339225589225588,attack_free,benign_fp
101,unrelated_incidents,veh_17-w07,OCSLab_Car::normal_run_data.txt::317::test,normal_run_data.txt,OCSLab_Car,veh_17,0,-1,0.9309784815265936,attack_free,benign_fp
101,unrelated_incidents,veh_17-w08,OCSLab_Car::normal_run_data.txt::612::test,normal_run_data.txt,OCSLab_Car,veh_17,0,-1,0.9370686155095412,attack_free,benign_fp
101,unrelated_incidents,veh_17-w09,OCSLab_Car::gear_dataset.csv::743::test,gear_dataset.csv,OCSLab_Car,veh_17,0,-1,0.9342265529841656,attack_free,benign_fp
101,unrelated_incidents,veh_18-w00,OCSLab_Car::Fuzzy_dataset.csv::554::test,Fuzzy_dataset.csv,OCSLab_Car,veh_18,0,-1,0.6203816483962648,attack_free,benign_fp
101,unrelated_incidents,veh_18-w01,OCSLab_Car::normal_run_data.txt::605::test,normal_run_data.txt,OCSLab_Car,veh_18,0,-1,0.8964677222898904,attack_free,benign_fp
101,unrelated_incidents,veh_18-w02,Challenge_S::Pre_train_S_2.csv::20::test,Pre_train_S_2.csv,Challenge_S,veh_18,0,-1,0.9705387205387206,attack_free,benign_fp
101,unrelated_incidents,veh_18-w03,Challenge_S::Pre_train_S_2.csv::623::test,Pre_train_S_2.csv,Challenge_S,veh_18,0,-1,0.8354377104377104,attack_free,benign_fp
101,unrelated_incidents,veh_18-w04,OCSLab_Car::normal_run_data.txt::757::test,normal_run_data.txt,OCSLab_Car,veh_18,0,-1,0.5647584246853431,attack_free,benign_fp
101,unrelated_incidents,veh_18-w05,OCSLab_Car::normal_run_data.txt::465::test,normal_run_data.txt,OCSLab_Car,veh_18,0,-1,0.7742590336987414,attack_free,benign_fp
101,unrelated_incidents,veh_18-w06,OCSLab_Car::normal_run_data.txt::238::test,normal_run_data.txt,OCSLab_Car,veh_18,0,-1,0.9772634997969956,attack_free,benign_fp
101,unrelated_incidents,veh_18-w07,OCSLab_Car::normal_run_data.txt::75::test,normal_run_data.txt,OCSLab_Car,veh_18,0,-1,0.8148599269183922,attack_free,benign_fp
101,unrelated_incidents,veh_18-w08,OCSLab_Car::normal_run_data.txt::26::test,normal_run_data.txt,OCSLab_Car,veh_18,0,-1,0.8132358911896062,attack_free,benign_fp
101,unrelated_incidents,veh_18-w09,OCSLab_Car::normal_run_data.txt::6::test,normal_run_data.txt,OCSLab_Car,veh_18,0,-1,0.7742590336987414,attack_free,benign_fp
101,unrelated_incidents,veh_19-w00,Challenge_S::Pre_train_S_2.csv::715::test,Pre_train_S_2.csv,Challenge_S,veh_19,0,-1,0.5555555555555556,attack_free,benign_fp
101,unrelated_incidents,veh_19-w01,Challenge_S::Pre_train_S_2.csv::23::test,Pre_train_S_2.csv,Challenge_S,veh_19,0,-1,0.6199494949494949,attack_free,benign_fp
101,unrelated_incidents,veh_19-w02,OCSLab_Car::normal_run_data.txt::582::test,normal_run_data.txt,OCSLab_Car,veh_19,0,-1,0.8944376776289078,attack_free,benign_fp
101,unrelated_incidents,veh_19-w03,Challenge_S::Pre_train_S_2.csv::624::test,Pre_train_S_2.csv,Challenge_S,veh_19,0,-1,0.8152356902356902,attack_free,benign_fp
101,unrelated_incidents,veh_19-w04,Challenge_D::Pre_train_D_0.csv::104::test,Pre_train_D_0.csv,Challenge_D,veh_19,0,-1,0.9924242424242424,attack_free,benign_fp
101,unrelated_incidents,veh_19-w05,Challenge_D::Pre_train_D_2.csv::695::test,Pre_train_D_2.csv,Challenge_D,veh_19,0,-1,0.6342592592592593,attack_free,benign_fp
101,unrelated_incidents,veh_19-w06,OCSLab_Car::normal_run_data.txt::658::test,normal_run_data.txt,OCSLab_Car,veh_19,0,-1,0.8721071863580999,attack_free,benign_fp
101,unrelated_incidents,veh_19-w07,OCSLab_Car::normal_run_data.txt::529::test,normal_run_data.txt,OCSLab_Car,veh_19,0,-1,0.6958993097848153,attack_free,benign_fp
101,unrelated_incidents,veh_19-w08,OCSLab_Car::RPM_dataset.csv::616::test,RPM_dataset.csv,OCSLab_Car,veh_19,0,-1,0.6760048721071864,attack_free,benign_fp
101,unrelated_incidents,veh_19-w09,OCSLab_Car::gear_dataset.csv::529::test,gear_dataset.csv,OCSLab_Car,veh_19,0,-1,0.606171335769387,attack_free,benign_fp
